model,pair_label,pair_quality,joint_key,train_only_key,dataset,err_joint,err_train_only,err_inductive,near_perfect_base,n_common_folds,total_vs_inductive_pct,train_only_vs_inductive_pct,additive_test_time_premium_pct,direct_test_time_premium_pct,absolute_joint_minus_train_only_improvement,absolute_total_improvement,dataset_family,domain_auc,mean_ks,shift_bin,source_id,source_dataset
bag8,freq,same_hyperparameters,joint_freq_combined,freq_enc_train_only,APSFailure,0.007795399190903867,0.007795399190903867,0.007795399190903867,True,3,,,,,0.0,0.0,TabArena_IID,0.5018079,0.0059871498851508,DAUC < 0.55,source::APSFailure,
bag8,freq,same_hyperparameters,joint_freq_combined,freq_enc_train_only,Amazon_employee_access,0.1461515967812388,0.1435296562432129,0.15525080906850117,False,3,5.86097576035661,7.5498175472416085,-1.6888417868849974,-1.8267587386839261,-0.002621940538025891,0.009099212287262376,TabArena_IID,0.4973770565852067,0.0,DAUC < 0.55,source::Amazon_employee_access,
bag8,freq,same_hyperparameters,joint_freq_combined,freq_enc_train_only,Another-Dataset-on-used-Fiat-500,748.4780342430635,748.4780342430635,748.4780342430635,False,3,0.0,0.0,0.0,0.0,0.0,0.0,TabArena_IID,0.5250604059451488,0.0313157709499172,DAUC < 0.55,source::Another-Dataset-on-used-Fiat-500,
bag8,freq,same_hyperparameters,joint_freq_combined,freq_enc_train_only,Bank_Customer_Churn,0.13416902504821113,0.13416902504821113,0.1341471949045324,False,3,-0.016273276302401808,-0.016273276302401808,0.0,0.0,0.0,-2.1830143678736036e-05,TabArena_IID,0.4985240625,0.0158125,DAUC < 0.55,source::Bank_Customer_Churn,
bag8,freq,same_hyperparameters,joint_freq_combined,freq_enc_train_only,Bioresponse,0.12509248702085657,0.12509248702085657,0.12509248702085657,False,3,0.0,0.0,0.0,0.0,0.0,0.0,TabArena_IID,0.5301520014716704,0.0098021704294174,DAUC < 0.55,source::Bioresponse,
bag8,freq,same_hyperparameters,joint_freq_combined,freq_enc_train_only,Diabetes130US,0.35034766255869343,0.350886499007689,0.3529402335997825,False,3,0.7345637573382799,0.5818930222680003,0.15267073507027962,0.15356431510456675,0.0005388364489955499,0.0025925710410890646,TabArena_IID,0.5012846750000001,0.0039252033937267,DAUC < 0.55,source::diabetes_130_us,
bag8,freq,same_hyperparameters,joint_freq_combined,freq_enc_train_only,E-CommereShippingData,0.2595955419785389,0.2588196632027799,0.25874591438248,False,3,-0.3283636760358515,-0.028502409584273535,-0.29986126645157796,-0.2997758231186381,-0.0007758787757590202,-0.0008496275960588884,TabArena_IID,0.500688337854552,0.0144240392331084,DAUC < 0.55,source::E-CommereShippingData,
bag8,freq,same_hyperparameters,joint_freq_combined,freq_enc_train_only,Fitness_Club,0.19657491478511813,0.1966622606297654,0.19806031347407185,False,3,0.7499729061815205,0.7058722768756299,0.04410062930589056,0.04441413638162216,8.734584464728523e-05,0.0014853986889537263,TabArena_IID,0.5044166666666666,0.0338611518035256,DAUC < 0.55,source::Fitness_Club,
bag8,freq,same_hyperparameters,joint_freq_combined,freq_enc_train_only,Food_Delivery_Time,7.611504315683697,7.6113497891990045,7.61254331638673,False,3,0.013648535842104263,0.015678428852497563,-0.0020298930103932996,-0.0020302113156299762,-0.00015452648469249652,0.0010390007030327553,TabArena_IID,0.4998231287092426,0.0079414057802949,DAUC < 0.55,source::Food_Delivery_Time,
bag8,freq,same_hyperparameters,joint_freq_combined,freq_enc_train_only,GiveMeSomeCredit,0.13467859812932512,0.13467859812932512,0.13467859812932512,False,3,0.0,0.0,0.0,0.0,0.0,0.0,TabArena_IID,0.5044638750000001,0.0040447365644625,DAUC < 0.55,source::GiveMeSomeCredit,
bag8,freq,same_hyperparameters,joint_freq_combined,freq_enc_train_only,HR_Analytics_Job_Change_of_Data_Scientists,0.19752576838332384,0.1973727683466268,0.19807157913220882,False,3,0.27556237562011443,0.35280719659209453,-0.07724482097198007,-0.07751831115240239,-0.00015300003669704854,0.0005458107488849895,TabArena_IID,0.5006432616140332,0.0155574144065088,DAUC < 0.55,source::HR_Analytics_Job_Change_of_Data_Scientists,
bag8,freq,same_hyperparameters,joint_freq_combined,freq_enc_train_only,Is-this-a-good-customer,0.27422601410813585,0.2741212945535146,0.2816658347110213,False,3,2.64136422882755,2.678542878743933,-0.03717864991638303,-0.038201904303653104,-0.0001047195546212687,0.00743982060288545,TabArena_IID,0.5089344102652231,0.0467264045771018,DAUC < 0.55,source::Is-this-a-good-customer,
bag8,freq,same_hyperparameters,joint_freq_combined,freq_enc_train_only,MIC,0.15811434313348596,0.1605077874431808,0.17328258022548715,False,3,8.753469086311641,7.3722313954945164,1.381237690817123,1.4911702091352537,0.0023934443096948477,0.015168237092001186,TabArena_IID,0.5315440298650391,0.1023684174323937,DAUC < 0.55,source::MIC,
bag8,freq,same_hyperparameters,joint_freq_combined,freq_enc_train_only,Marketing_Campaign,0.08912336259684346,0.08913282087401826,0.09077602790089785,False,3,1.8205966291658418,1.8101772735347201,0.010419355631121754,0.010611441534167682,9.458277174800855e-06,0.0016526653040543904,TabArena_IID,0.4893010633270867,0.0318521792685864,DAUC < 0.55,source::Marketing_Campaign,
bag8,freq,same_hyperparameters,joint_freq_combined,freq_enc_train_only,NATICUSdroid,0.015374123980250199,0.015374123980250199,0.015374123980250199,True,3,,,,,0.0,0.0,TabArena_IID,0.4909448935914827,0.0,DAUC < 0.55,source::NATICUSdroid,
bag8,freq,same_hyperparameters,joint_freq_combined,freq_enc_train_only,QSAR-TID-11,0.7712617761086863,0.7712617761086863,0.7712617761086863,False,3,0.0,0.0,0.0,0.0,0.0,0.0,TabArena_IID,0.5050515529554785,0.0053456712564641,DAUC < 0.55,source::QSAR-TID-11,
bag8,freq,same_hyperparameters,joint_freq_combined,freq_enc_train_only,QSAR_fish_toxicity,0.8879213450978166,0.8879213450978166,0.8879213450978166,False,3,0.0,0.0,0.0,0.0,0.0,0.0,TabArena_IID,0.4678368023195609,0.045171150688392,DAUC < 0.55,source::QSAR_fish_toxicity,
bag8,freq,same_hyperparameters,joint_freq_combined,freq_enc_train_only,SDSS17,0.006974540787763134,0.006963950390571467,0.006966283496635968,True,3,,,,,-1.0590397191667135e-05,-8.257291127166007e-06,TabArena_IID,0.503639075,0.0056937685466399,DAUC < 0.55,source::SDSS17,
bag8,freq,same_hyperparameters,joint_freq_combined,freq_enc_train_only,airfoil_self_noise,1.5161335201439055,1.5279688485455454,1.5191985317946408,False,3,0.2017518834167539,-0.5772989222510714,0.7790508056678253,0.7745791684762307,0.011835328401639922,0.003065011650735361,TabArena_IID,0.5474124587140708,0.0529488504762273,DAUC < 0.55,source::airfoil_self_noise,
bag8,freq,same_hyperparameters,joint_freq_combined,freq_enc_train_only,anneal,0.0034643792375857667,0.0034327166410603005,0.005311829229791567,True,3,,,,,-3.1662596525466186e-05,0.0018474499922058007,TabArena_IID,0.43732935660019,0.0336531517590013,DAUC < 0.55,source::anneal,
bag8,freq,same_hyperparameters,joint_freq_combined,freq_enc_train_only,bank-marketing,0.23779619652407832,0.23779619652407832,0.23769053892853007,False,3,-0.04445174638609753,-0.04445174638609753,0.0,0.0,0.0,-0.0001056575955482586,TabArena_IID,0.4965386712119099,0.0053437601561689,DAUC < 0.55,source::bank-marketing,
bag8,freq,same_hyperparameters,joint_freq_combined,freq_enc_train_only,bike_sharing,124.4654727270559,124.45004405413852,124.5295491522315,False,1,0.05145479575877147,0.06384436355405808,-0.012389567795286608,-0.012397482889334028,-0.015428672917380482,0.06407642517559964,real_shift,0.724417889739124,0.0462872471556019,0.55 <= DAUC < 0.75,source::bike_sharing,
bag8,freq,same_hyperparameters,joint_freq_combined,freq_enc_train_only,blood-transfusion-service-center,0.2943193081573991,0.2943193081573991,0.2943193081573991,False,3,0.0,0.0,0.0,0.0,0.0,0.0,TabArena_IID,0.5146430905695611,0.0393868450390189,DAUC < 0.55,source::blood-transfusion-service-center,
bag8,freq,same_hyperparameters,joint_freq_combined,freq_enc_train_only,brfss_diabetes,0.1761134369547874,0.1760181426000995,0.1762096282165715,False,1,0.05458910659857101,0.10866921314688721,-0.054080106548316194,-0.05413893890723276,-9.52943546879137e-05,9.619126178408988e-05,real_shift,0.6218414250000001,0.0278607379887395,0.55 <= DAUC < 0.75,source::brfss_diabetes,
bag8,freq,same_hyperparameters,joint_freq_combined,freq_enc_train_only,churn,0.0833445685908904,0.0831660224978998,0.08373592096225208,False,3,0.4673649813179886,0.6805901909279612,-0.2132252096099726,-0.2146863438071862,-0.00017854609299060298,0.0003913523713616751,TabArena_IID,0.4777912499999999,0.0261333333333333,DAUC < 0.55,source::churn,
bag8,freq,same_hyperparameters,joint_freq_combined,freq_enc_train_only,coil2000_insurance_policies,0.25058913730428434,0.2503180457119143,0.2503404243359272,False,3,-0.09934990284406213,0.008939277015388063,-0.10828917985945019,-0.108298860994639,-0.000271091592370043,-0.0002487129683571565,TabArena_IID,0.4998567392475893,0.009434077843747,DAUC < 0.55,source::coil2000_insurance_policies,
bag8,freq,same_hyperparameters,joint_freq_combined,freq_enc_train_only,concrete_compressive_strength,4.340134707907356,4.340134707907356,4.340134707907356,False,3,0.0,0.0,0.0,0.0,0.0,0.0,TabArena_IID,0.5128188681237462,0.0502123786407767,DAUC < 0.55,source::concrete_compressive_strength,
bag8,freq,same_hyperparameters,joint_freq_combined,freq_enc_train_only,credit-g,0.23171967279263408,0.22821466563955842,0.23617982954892822,False,3,1.8884579452921244,3.372499643420945,-1.4840416981288203,-1.5358378232411523,-0.0035050071530756677,0.004460156756294131,TabArena_IID,0.4666875,0.0366071428571428,DAUC < 0.55,source::credit-g,
bag8,freq,same_hyperparameters,joint_freq_combined,freq_enc_train_only,credit_card_clients_default,0.21532631576747643,0.21532631576747643,0.21600021694556126,False,3,0.3119909727936399,0.3119909727936399,0.0,0.0,0.0,0.0006739011780848292,TabArena_IID,0.5084822083333334,0.0089083333333333,DAUC < 0.55,source::credit_card_clients_default,
bag8,freq,same_hyperparameters,joint_freq_combined,freq_enc_train_only,customer_satisfaction_in_airline,0.005432767665751466,0.0054304669663108,0.0056408237053047336,True,3,,,,,-2.3006994406661943e-06,0.00020805603955326765,TabArena_IID,0.4966771,0.0063438979047851,DAUC < 0.55,source::customer_satisfaction_in_airline,
bag8,freq,same_hyperparameters,joint_freq_combined,freq_enc_train_only,diabetes,0.16934535483580615,0.16934535483580615,0.16934535483580615,False,3,0.0,0.0,0.0,0.0,0.0,0.0,TabArena_IID,0.5164146241145119,0.0782684335208765,DAUC < 0.55,source::diabetes,
bag8,freq,same_hyperparameters,joint_freq_combined,freq_enc_train_only,diabetes_hospital,0.3464633796510082,0.3465781993079335,0.3461028034487377,False,1,-0.10418182074157657,-0.13735683573167806,0.033175014990101476,0.033129509344372615,0.00011481965692528018,-0.000360576202270535,real_shift,0.938254775,0.0569622287584916,0.75 <= DAUC < 0.95,source::diabetes_130_us,
bag8,freq,same_hyperparameters,joint_freq_combined,freq_enc_train_only,diamonds,530.68700459692,530.68700459692,533.6157469570486,False,3,0.5488485631898563,0.5488485631898563,0.0,0.0,0.0,2.928742360128581,TabArena_IID,0.500012025,0.0064925534544555,DAUC < 0.55,source::diamonds,
bag8,freq,same_hyperparameters,joint_freq_combined,freq_enc_train_only,folktables_coverage,0.1802328471102703,0.1802328471102703,0.1802445690392519,False,1,0.006503346560779588,0.006503346560779588,0.0,0.0,0.0,1.1721928981606178e-05,Folktables,0.55100065,0.0153198007637392,0.55 <= DAUC < 0.75,source::folktables,
bag8,freq,same_hyperparameters,joint_freq_combined,freq_enc_train_only,folktables_coverage_covid,0.1862352121615774,0.1863367622736601,0.1863877343928588,False,1,0.08183061604253432,0.027347357037589413,0.054483259004944905,0.05449816281210806,0.00010155011208271003,0.00015252223128139897,Folktables,0.6727981749999998,0.0219409140498816,0.55 <= DAUC < 0.75,source::folktables,
bag8,freq,same_hyperparameters,joint_freq_combined,freq_enc_train_only,folktables_employment,0.0923541735252619,0.0923541738068212,0.0923388145690792,False,1,-0.016633261163652296,-0.01663356608342516,3.049197728645067e-07,3.0486906226756647e-07,2.815593036498143e-10,-1.535895618269556e-05,Folktables,0.5412264,0.0268211334088744,DAUC < 0.55,source::folktables,
bag8,freq,same_hyperparameters,joint_freq_combined,freq_enc_train_only,folktables_income,0.1121486128217443,0.1119700407103991,0.1120155290170952,False,1,-0.11880835257118044,0.04060892904337137,-0.15941728161455182,-0.15948204556527235,-0.00017857211134521267,-0.0001330838046491034,Folktables,0.6541794249999999,0.0202054476966708,0.55 <= DAUC < 0.75,source::folktables,
bag8,freq,same_hyperparameters,joint_freq_combined,freq_enc_train_only,folktables_mobility,0.2596959296566929,0.2601213172456705,0.2597460318536995,False,1,0.01928891719693097,-0.1444816651452799,0.16377058234221087,0.16353430525489485,0.0004253875889775882,5.0102197006574034e-05,Folktables,0.5783444999999999,0.0427119057499453,0.55 <= DAUC < 0.75,source::folktables,
bag8,freq,same_hyperparameters,joint_freq_combined,freq_enc_train_only,folktables_travel_time,0.2079587031630407,0.2081077108238339,0.2080129492789471,False,1,0.02607823988575773,-0.045555598925586645,0.07163383881134437,0.07160122044653193,0.0001490076607932045,5.424611590640338e-05,Folktables,0.657996475,0.0224917765156315,0.55 <= DAUC < 0.75,source::folktables,
bag8,freq,same_hyperparameters,joint_freq_combined,freq_enc_train_only,folktables_travel_time_covid,0.2031677016261408,0.2052855818853414,0.2035722517222109,False,1,0.19872555942552414,-0.8416324664269359,1.04035802585246,1.031675113152125,0.002117880259200594,0.00040455009607009984,Folktables,0.788992325,0.0142218987079578,0.75 <= DAUC < 0.95,source::folktables,
bag8,freq,same_hyperparameters,joint_freq_combined,freq_enc_train_only,gas_sensor_drift,0.1243783594646005,0.1243783594646005,0.1243783594646005,False,1,0.0,0.0,0.0,0.0,0.0,0.0,real_shift,0.9997012367140782,0.2156844866039522,DAUC >= 0.95,source::gas_sensor_drift,
bag8,freq,same_hyperparameters,joint_freq_combined,freq_enc_train_only,hazelnut-spread-contaminant-detection,0.0295020833333333,0.0295020833333333,0.0295020833333333,False,3,0.0,0.0,0.0,0.0,0.0,0.0,TabArena_IID,0.5092881944444444,0.0430034722222222,DAUC < 0.55,source::hazelnut-spread-contaminant-detection,
bag8,freq,same_hyperparameters,joint_freq_combined,freq_enc_train_only,healthcare_insurance_expenses,4604.9174571296235,4618.289252248423,4620.357678458792,False,3,0.33417805294933545,0.04476766420082747,0.28941038874850794,0.2895400090474854,13.371795118799128,15.440221329168708,TabArena_IID,0.5250682484635931,0.0656832659134235,DAUC < 0.55,source::healthcare_insurance_expenses,
bag8,freq,same_hyperparameters,joint_freq_combined,freq_enc_train_only,heloc,0.20568240256918216,0.20568240256918216,0.20568240256918216,False,3,0.0,0.0,0.0,0.0,0.0,0.0,TabArena_IID,0.5007809088419239,0.0177986239441687,DAUC < 0.55,source::heloc,
bag8,freq,same_hyperparameters,joint_freq_combined,freq_enc_train_only,hiva_agnostic,0.5004700797707179,0.5003795291028522,0.5036540337357714,False,3,0.6321708458159456,0.6501495895170591,-0.01797874370111353,-0.01809639735422943,-9.055066786567423e-05,0.003183953965053554,TabArena_IID,0.496315651907474,0.0,DAUC < 0.55,source::hiva_agnostic,
bag8,freq,same_hyperparameters,joint_freq_combined,freq_enc_train_only,houses,0.2171784423060367,0.2171784423060367,0.2171784423060367,False,3,0.0,0.0,0.0,0.0,0.0,0.0,TabArena_IID,0.4876979973585736,0.0143910489341085,DAUC < 0.55,source::houses,
bag8,freq,same_hyperparameters,joint_freq_combined,freq_enc_train_only,in_vehicle_coupon_recommendation,0.16209697216164687,0.16265393530181627,0.1669647312821876,False,3,2.915441532567575,2.581860221177882,0.33358131138969244,0.34242217326983926,0.0005569631401693975,0.004867759120540743,TabArena_IID,0.4999967486682508,0.0148968616209672,DAUC < 0.55,source::in_vehicle_coupon_recommendation,
bag8,freq,same_hyperparameters,joint_freq_combined,freq_enc_train_only,jm1,0.2523411082373615,0.2523411082373615,0.2523411082373615,False,3,0.0,0.0,0.0,0.0,0.0,0.0,TabArena_IID,0.5013936268693818,0.0156089518163831,DAUC < 0.55,source::jm1,
bag8,freq,same_hyperparameters,joint_freq_combined,freq_enc_train_only,kddcup09_appetency,0.19022509764721118,0.19061226402908338,0.19833659694940486,False,3,4.089764283019791,3.8945575547471667,0.19520672827262434,0.2031172463347487,0.0003871663818721949,0.008111499302193681,TabArena_IID,0.502529275,0.0355100272725716,DAUC < 0.55,source::kddcup09_appetency,
bag8,freq,same_hyperparameters,joint_freq_combined,freq_enc_train_only,lending_club,0.3109923211374235,0.3113609605077467,0.3115974664807988,False,1,0.19420740168713535,0.07590112195814508,0.11830627972899026,0.11839614373043685,0.00036863937032322047,0.0006051453433753018,real_shift,0.94616475,0.0622442459135606,0.75 <= DAUC < 0.95,source::lending_club,
bag8,freq,same_hyperparameters,joint_freq_combined,freq_enc_train_only,maternal_health_risk,0.06193628607029456,0.06193628607029456,0.06193628607029456,False,3,0.0,0.0,0.0,0.0,0.0,0.0,TabArena_IID,0.4809925428071595,0.03878222065645,DAUC < 0.55,source::maternal_health_risk,
bag8,freq,same_hyperparameters,joint_freq_combined,freq_enc_train_only,miami_housing,87451.21914277841,87451.21914052036,87451.21914052036,False,3,-2.582067822505493e-09,0.0,-2.582067822505493e-09,-2.582067822505493e-09,-2.258049789816141e-06,-2.258049789816141e-06,TabArena_IID,0.5000548768378967,0.0174142973418732,DAUC < 0.55,source::miami_housing,
bag8,freq,same_hyperparameters,joint_freq_combined,freq_enc_train_only,online_shoppers_intention,0.06526122776082037,0.0653369625695039,0.06587676166406567,False,3,0.9343718296053701,0.8194074525315006,0.11496437707386951,0.11591418655705933,7.573480868353077e-05,0.0006155339032452994,TabArena_IID,0.5085433381403395,0.0162298164122981,DAUC < 0.55,source::online_shoppers_intention,
bag8,freq,same_hyperparameters,joint_freq_combined,freq_enc_train_only,physiochemical_protein,3.4820759024608896,3.4820759024608896,3.4820759024608896,False,3,0.0,0.0,0.0,0.0,0.0,0.0,TabArena_IID,0.5001884949523016,0.0130870811769565,DAUC < 0.55,source::physiochemical_protein,
bag8,freq,same_hyperparameters,joint_freq_combined,freq_enc_train_only,polish_companies_bankruptcy,0.04399807589132929,0.04399807589132929,0.04399807589132929,False,3,0.0,0.0,0.0,0.0,0.0,0.0,TabArena_IID,0.4797271737327021,0.028469599510753,DAUC < 0.55,source::polish_companies_bankruptcy,
bag8,freq,same_hyperparameters,joint_freq_combined,freq_enc_train_only,qsar-biodeg,0.0696942485439655,0.0696942485439655,0.06976872366754223,False,3,0.10674571593371981,0.10674571593371981,0.0,0.0,0.0,7.447512357673658e-05,TabArena_IID,0.5242964850267431,0.0520357221163414,DAUC < 0.55,source::qsar-biodeg,
bag8,freq,same_hyperparameters,joint_freq_combined,freq_enc_train_only,seismic-bumps,0.24680305204571742,0.24680305204571742,0.24680305204571742,False,3,0.0,0.0,0.0,0.0,0.0,0.0,TabArena_IID,0.5032746248400783,0.0270932551506253,DAUC < 0.55,source::seismic-bumps,
bag8,freq,same_hyperparameters,joint_freq_combined,freq_enc_train_only,shifts_weather,2.164518455518772,2.164518455518772,2.164518455518772,False,1,0.0,0.0,0.0,0.0,0.0,0.0,real_shift,0.99970015,0.1722711733109805,DAUC >= 0.95,source::shifts_weather,
bag8,freq,same_hyperparameters,joint_freq_combined,freq_enc_train_only,splice,0.0052764926488766,0.005327942351146466,0.0052733804611511,True,3,,,,,5.144970226986581e-05,-3.112187725499635e-06,TabArena_IID,0.4935215615848055,0.0,DAUC < 0.55,source::splice,
bag8,freq,same_hyperparameters,joint_freq_combined,freq_enc_train_only,students_dropout_and_academic_success,0.10558990237469763,0.10580028084416222,0.10631191401496416,False,3,0.6791446160633516,0.4812566639802228,0.19788795208312882,0.19884490644638728,0.00021037846946458938,0.0007220116402665289,TabArena_IID,0.4990070724969652,0.0241838594407484,DAUC < 0.55,source::students_dropout_and_academic_success,
bag8,freq,same_hyperparameters,joint_freq_combined,freq_enc_train_only,superconductivity,9.267409420567729,9.267409420567729,9.267409420567729,False,3,0.0,0.0,0.0,0.0,0.0,0.0,TabArena_IID,0.4966916245247805,0.0148733486354602,DAUC < 0.55,source::superconductivity,
bag8,freq,same_hyperparameters,joint_freq_combined,freq_enc_train_only,synthetic_label_shift,0.2404876272527474,0.2405248281318681,0.2403954804395605,False,1,-0.03833134176166901,-0.0538062080331507,0.01547486627148169,0.015466544310474456,3.720087912070791e-05,-9.21468131868941e-05,synthetic,0.54006835,0.01992,DAUC < 0.55,source::synthetic_generator,
bag8,freq,same_hyperparameters,joint_freq_combined,freq_enc_train_only,synthetic_large_test,0.2539575890130036,0.2545620875827525,0.2541956891847217,False,1,0.09366806041509139,-0.14414028782548005,0.23780834824057145,0.2374660639724737,0.0006044985697489236,0.00023810017171810305,synthetic,0.64072835,0.0878719999999999,0.55 <= DAUC < 0.75,source::synthetic_generator,
bag8,freq,same_hyperparameters,joint_freq_combined,freq_enc_train_only,synthetic_partial_shift,0.2414491890122805,0.2414725071864598,0.2414264165740653,False,1,-0.009432455047107248,-0.019090956593954614,0.009658501546847366,0.009656657998460454,2.3318174179304263e-05,-2.2772438215190594e-05,synthetic,0.5587177999999999,0.026568,0.55 <= DAUC < 0.75,source::synthetic_generator,
bag8,freq,same_hyperparameters,joint_freq_combined,freq_enc_train_only,synthetic_shift_0.0,0.2497595686983132,0.2500839643681057,0.2500728306313826,False,1,0.12526827975612495,-0.004452197663781809,0.12972047741990678,0.12971470226496296,0.00032439566979250434,0.0003132619330693809,synthetic,0.49784605,0.011,DAUC < 0.55,source::synthetic_generator,
bag8,freq,same_hyperparameters,joint_freq_combined,freq_enc_train_only,synthetic_shift_0.5,0.2481571679283126,0.2482208365683229,0.248317077510352,False,1,0.06439733571394667,0.03875727879614186,0.0256400569178048,0.02564999815910253,6.366864001028372e-05,0.00015990958203940253,synthetic,0.5719888750000001,0.04362,0.55 <= DAUC < 0.75,source::synthetic_generator,
bag8,freq,same_hyperparameters,joint_freq_combined,freq_enc_train_only,synthetic_shift_1.0,0.2499920292681263,0.2495703725389739,0.2497417984176844,False,1,-0.10019582305697951,0.0686412445960657,-0.1688370676530452,-0.16895303912188134,-0.0004216567291523976,-0.0002502308504419015,synthetic,0.643362075,0.08208,0.55 <= DAUC < 0.75,source::synthetic_generator,
bag8,freq,same_hyperparameters,joint_freq_combined,freq_enc_train_only,synthetic_shift_3.0,0.258322516624041,0.2580641841432224,0.2581939028132992,False,1,-0.049812876810963164,0.05024079525633598,-0.10005367206729913,-0.10010396509544621,-0.0002583324808185794,-0.00012861381074180667,synthetic,0.8405509999999999,0.20872,0.75 <= DAUC < 0.95,source::synthetic_generator,
bag8,freq,same_hyperparameters,joint_freq_combined,freq_enc_train_only,synthetic_shift_5.0,0.2697799593152598,0.2693792939535109,0.2698973148260011,False,1,0.04348154068038105,0.19193257733007077,-0.14845103664968973,-0.14873651046766112,-0.00040066536174887535,0.00011735551074132378,synthetic,0.93479215,0.30666,0.75 <= DAUC < 0.95,source::synthetic_generator,
bag8,freq,same_hyperparameters,joint_freq_combined,freq_enc_train_only,synthetic_small_test,0.2534724808580918,0.2535679977602491,0.2532289528907427,False,1,-0.09616908515756593,-0.13388866700904042,0.037719581851474504,0.03766914713250512,9.55169021572555e-05,-0.00024352796734911086,synthetic,0.6399588,0.0856239999999999,0.55 <= DAUC < 0.75,source::synthetic_generator,
bag8,freq,same_hyperparameters,joint_freq_combined,freq_enc_train_only,tabred_cooking_time,0.4850658135887697,0.4850658135887697,0.484871225589696,False,1,-0.040131892511682934,-0.040131892511682934,0.0,0.0,0.0,-0.00019458799907373647,TabReD,0.7766422000000001,0.0408288722530207,0.75 <= DAUC < 0.95,source::tabred_cooking_time,
bag8,freq,same_hyperparameters,joint_freq_combined,freq_enc_train_only,tabred_delivery_eta,0.5459188549611448,0.5459188549611448,0.5459188549611448,False,1,0.0,0.0,0.0,0.0,0.0,0.0,TabReD,0.9451161,0.1211845880844909,0.75 <= DAUC < 0.95,source::tabred_delivery_eta,
bag8,freq,same_hyperparameters,joint_freq_combined,freq_enc_train_only,tabred_delivery_eta__gap_far,0.5576152367232049,0.5576152367232049,0.5576152367232049,False,1,0.0,0.0,0.0,0.0,0.0,0.0,TabReD_gap,0.999999625,0.2379337040655923,DAUC >= 0.95,source::tabred_delivery_eta,tabred_delivery_eta
bag8,freq,same_hyperparameters,joint_freq_combined,freq_enc_train_only,tabred_delivery_eta__gap_maxdiff,0.5533970341678441,0.5533970341678441,0.5533970341678441,False,1,0.0,0.0,0.0,0.0,0.0,0.0,TabReD_gap,1.0,0.2496496029927623,DAUC >= 0.95,source::tabred_delivery_eta,tabred_delivery_eta
bag8,freq,same_hyperparameters,joint_freq_combined,freq_enc_train_only,tabred_delivery_eta__gap_near,0.5743301179802871,0.5743301179802871,0.5743301179802871,False,1,0.0,0.0,0.0,0.0,0.0,0.0,TabReD_gap,0.946211,0.1571228260314691,0.75 <= DAUC < 0.95,source::tabred_delivery_eta,tabred_delivery_eta
bag8,freq,same_hyperparameters,joint_freq_combined,freq_enc_train_only,tabred_ecom_offers,0.4378837069964159,0.4378837069964159,0.4378837069964159,False,1,0.0,0.0,0.0,0.0,0.0,0.0,TabReD,1.0,0.0841283069488731,DAUC >= 0.95,source::tabred_ecom_offers,
bag8,freq,same_hyperparameters,joint_freq_combined,freq_enc_train_only,tabred_homesite,0.0389450915167159,0.0391995328167301,0.0395510583144037,False,1,1.532112725962421,0.8887891061705842,0.6433236197918367,0.6490926848638569,0.00025444130001420207,0.0006059667976877972,TabReD,1.0,0.0494244965489931,DAUC >= 0.95,source::tabred_homesite,
bag8,freq,same_hyperparameters,joint_freq_combined,freq_enc_train_only,tabred_homesite__gap_far,0.098300992269988,0.1048896346125731,0.1040477118497644,False,1,5.523158056636704,-0.8091698970029839,6.3323279536396875,6.281499946988399,0.006588642342585105,0.005746719579776405,TabReD_gap,1.0,0.0830990647492541,DAUC >= 0.95,source::tabred_homesite,tabred_homesite
bag8,freq,same_hyperparameters,joint_freq_combined,freq_enc_train_only,tabred_homesite__gap_near,0.0456618329342065,0.0457349315761451,0.0459653482601032,False,1,0.6603133390379198,0.5012834508600726,0.1590298881778471,0.15983109500644285,7.30986419386001e-05,0.0003035153258966958,TabReD_gap,1.0,0.0437974647176086,DAUC >= 0.95,source::tabred_homesite,tabred_homesite
bag8,freq,same_hyperparameters,joint_freq_combined,freq_enc_train_only,tabred_sberbank,0.2590499426693863,0.2552734976245251,0.2552404707830786,False,1,-1.4925030793981184,-0.01293950028582406,-1.4795635791122943,-1.4793721557479729,-0.0037764450448611875,-0.0038094718863077026,TabReD,1.0,0.2022915451416207,DAUC >= 0.95,source::tabred_sberbank,
bag8,freq,same_hyperparameters,joint_freq_combined,freq_enc_train_only,tabred_sberbank__gap_far,0.360228768286241,0.3569269766761705,0.3592567871384393,False,1,-0.27055331523275405,0.6485084055965172,-0.9190617208292714,-0.9250608179908217,-0.0033017916100704925,-0.000971981147801726,TabReD_gap,1.0,0.235749592588427,DAUC >= 0.95,source::tabred_sberbank,tabred_sberbank
bag8,freq,same_hyperparameters,joint_freq_combined,freq_enc_train_only,tabred_sberbank__gap_near,0.2475594514910944,0.2480590697166913,0.2477962699761038,False,1,0.09556983445805341,-0.10605476047434413,0.20162459493239754,0.2014109889904547,0.0004996182255969095,0.0002368184850093935,TabReD_gap,1.0,0.2265311490062835,DAUC >= 0.95,source::tabred_sberbank,tabred_sberbank
bag8,freq,same_hyperparameters,joint_freq_combined,freq_enc_train_only,tabred_weather,1.4967328890116611,1.4967328890116611,1.4967328890116611,False,1,0.0,0.0,0.0,0.0,0.0,0.0,TabReD,0.9948407,0.1103651439849723,DAUC >= 0.95,source::tabred_weather,
bag8,freq,same_hyperparameters,joint_freq_combined,freq_enc_train_only,tabred_weather__gap_far,1.6422974554212553,1.6422974554212553,1.6422974554212553,False,1,0.0,0.0,0.0,0.0,0.0,0.0,TabReD_gap,1.0,0.1012016963019497,DAUC >= 0.95,source::tabred_weather,tabred_weather
bag8,freq,same_hyperparameters,joint_freq_combined,freq_enc_train_only,tabred_weather__gap_maxdiff,1.7941261827455273,1.7941261827455273,1.7941261827455273,False,1,0.0,0.0,0.0,0.0,0.0,0.0,TabReD_gap,1.0,0.2280292319342118,DAUC >= 0.95,source::tabred_weather,tabred_weather
bag8,freq,same_hyperparameters,joint_freq_combined,freq_enc_train_only,tabred_weather__gap_near,1.6630001348379588,1.6630001348379588,1.6630001348379588,False,1,0.0,0.0,0.0,0.0,0.0,0.0,TabReD_gap,1.0,0.0948655339805825,DAUC >= 0.95,source::tabred_weather,tabred_weather
bag8,freq,same_hyperparameters,joint_freq_combined,freq_enc_train_only,taiwanese_bankruptcy_prediction,0.06392489016533567,0.06392489016533567,0.06392489016533567,False,3,0.0,0.0,0.0,0.0,0.0,0.0,TabArena_IID,0.4813707690648705,0.0246058424438091,DAUC < 0.55,source::taiwanese_bankruptcy_prediction,
bag8,freq,same_hyperparameters,joint_freq_combined,freq_enc_train_only,tschalzev_mbgm,8.065323931772042,8.057112816414396,8.085359966984036,False,1,0.2478063474453831,0.34936169428430885,-0.10155534683892577,-0.10191138618436811,-0.008211115357646293,0.020036035211994374,tschalzev_IID,0.5283598093648937,0.0054825547828749,DAUC < 0.55,source::tschalzev_mbgm,
bag8,freq,same_hyperparameters,joint_freq_combined,freq_enc_train_only,tschalzev_ogpcc,0.0215218629516583,0.0215218443612823,0.0215218443612823,False,1,-8.637910249210086e-05,0.0,-8.637910249210086e-05,-8.637910249210086e-05,-1.8590375999022468e-08,-1.8590375999022468e-08,tschalzev_IID,0.498779,0.0040078342527184,DAUC < 0.55,source::tschalzev_ogpcc,
bag8,freq,same_hyperparameters,joint_freq_combined,freq_enc_train_only,tschalzev_sctp,0.1051087392387699,0.1051087392387699,0.1051087392387699,False,1,0.0,0.0,0.0,0.0,0.0,0.0,tschalzev_IID,0.495618525,0.0048744375,DAUC < 0.55,source::tschalzev_sctp,
bag8,freq,same_hyperparameters,joint_freq_combined,freq_enc_train_only,website_phishing,0.02194171919125303,0.02188140347877343,0.0217334983646367,False,3,-0.9580640130865105,-0.6805398360412741,-0.2775241770452364,-0.27564828068779307,-6.031571247959791e-05,-0.00020822082661632949,TabArena_IID,0.4974870109756609,0.0,DAUC < 0.55,source::website_phishing,
bag8,freq,same_hyperparameters,joint_freq_combined,freq_enc_train_only,wine_quality,0.17220874309318732,0.17220874309318732,0.17220874309318732,False,3,0.0,0.0,0.0,0.0,0.0,0.0,TabArena_IID,0.4933509159780399,0.021301046461716,DAUC < 0.55,source::wine_quality,
tabicl,freq,same_hyperparameters,joint_freq_combined,freq_enc_train_only,Amazon_employee_access,0.13731600588882006,0.14165471738472799,0.15191693415385168,False,3,9.611126202852896,6.755149994490271,2.8559762083626263,3.0628782267265913,0.004338711495907921,0.01460092826503162,TabArena_IID,0.4973770565852067,0.0,DAUC < 0.55,source::Amazon_employee_access,
tabicl,freq,same_hyperparameters,joint_freq_combined,freq_enc_train_only,Another-Dataset-on-used-Fiat-500,710.9237623007606,710.9379402818449,713.1740191287946,False,3,0.3155270337501798,0.3135390223106066,0.0019880114395732194,0.0019942642361615707,0.014177981084344538,2.2502568280340256,TabArena_IID,0.5250604059451488,0.0313157709499172,DAUC < 0.55,source::Another-Dataset-on-used-Fiat-500,
tabicl,freq,same_hyperparameters,joint_freq_combined,freq_enc_train_only,Bank_Customer_Churn,0.12740318390880814,0.12766907709038255,0.1261516035655104,False,3,-0.9921240062935935,-1.202896738513627,0.2107727322200335,0.20826748938286282,0.00026589318157441144,-0.0012515803432977535,TabArena_IID,0.4985240625,0.0158125,DAUC < 0.55,source::Bank_Customer_Churn,
tabicl,freq,same_hyperparameters,joint_freq_combined,freq_enc_train_only,E-CommereShippingData,0.2559236582731899,0.25472060757676257,0.25434487065501615,False,3,-0.6207271308864604,-0.14772734389287226,-0.4729997869935881,-0.47230206769383287,-0.0012030506964273435,-0.0015787876181737603,TabArena_IID,0.500688337854552,0.0144240392331084,DAUC < 0.55,source::E-CommereShippingData,
tabicl,freq,same_hyperparameters,joint_freq_combined,freq_enc_train_only,Fitness_Club,0.1779066260373335,0.1778373547403401,0.17813713182503257,False,3,0.12939794490767306,0.1682844455960587,-0.03888650068838564,-0.03895205093134375,-6.927129699341172e-05,0.0002305057876990646,TabArena_IID,0.5044166666666666,0.0338611518035256,DAUC < 0.55,source::Fitness_Club,
tabicl,freq,same_hyperparameters,joint_freq_combined,freq_enc_train_only,HR_Analytics_Job_Change_of_Data_Scientists,0.1933955131969712,0.1938094205062171,0.19436899177038391,False,3,0.500840470769492,0.2878912212642708,0.21294924950522126,0.2135640817483484,0.0004139073092458978,0.000973478573412706,TabArena_IID,0.5006432616140332,0.0155574144065088,DAUC < 0.55,source::HR_Analytics_Job_Change_of_Data_Scientists,
tabicl,freq,same_hyperparameters,joint_freq_combined,freq_enc_train_only,Is-this-a-good-customer,0.24886128933280208,0.24977613523782483,0.25535054336626034,False,3,2.541312012855381,2.1830414202173443,0.358270592638037,0.36626633851615825,0.0009148459050227487,0.006489254033458264,TabArena_IID,0.5089344102652231,0.0467264045771018,DAUC < 0.55,source::Is-this-a-good-customer,
tabicl,freq,same_hyperparameters,joint_freq_combined,freq_enc_train_only,MIC,0.12464926634116841,0.12407861302683476,0.12452836705760456,False,3,-0.0970857375074395,0.36116592660510194,-0.4582516641125414,-0.45991271212084733,-0.0005706533143336467,-0.00012089928356384672,TabArena_IID,0.5315440298650391,0.1023684174323937,DAUC < 0.55,source::MIC,
tabicl,freq,same_hyperparameters,joint_freq_combined,freq_enc_train_only,Marketing_Campaign,0.0736411836842679,0.07354694587832306,0.07174106556627727,False,3,-2.6485780535769043,-2.5172198068029017,-0.13135824677400265,-0.12813286101744822,-9.423780594484954e-05,-0.0019001181179906373,TabArena_IID,0.4893010633270867,0.0318521792685864,DAUC < 0.55,source::Marketing_Campaign,
tabicl,freq,same_hyperparameters,joint_freq_combined,freq_enc_train_only,NATICUSdroid,0.012876343655156067,0.012876813386821832,0.012380236422321333,True,3,,,,,4.6973166576563807e-07,-0.0004961072328347332,TabArena_IID,0.4909448935914827,0.0,DAUC < 0.55,source::NATICUSdroid,
tabicl,freq,same_hyperparameters,joint_freq_combined,freq_enc_train_only,QSAR_fish_toxicity,0.8480591748113918,0.8480591737002254,0.8480591435578654,False,3,-3.685300332049806e-06,-3.554275698972035e-06,-1.3102463307777103e-07,-1.310246284207945e-07,-1.1111663811291805e-09,-3.1253526433516754e-08,TabArena_IID,0.4678368023195609,0.045171150688392,DAUC < 0.55,source::QSAR_fish_toxicity,
tabicl,freq,same_hyperparameters,joint_freq_combined,freq_enc_train_only,airfoil_self_noise,1.1251324734766082,1.1333971677335943,1.0635441931893233,False,3,-5.790852950134201,-6.567942826597375,0.7770898764631738,0.7291966569417785,0.008264694256986171,-0.06158828028728491,TabArena_IID,0.5474124587140708,0.0529488504762273,DAUC < 0.55,source::airfoil_self_noise,
tabicl,freq,same_hyperparameters,joint_freq_combined,freq_enc_train_only,anneal,0.0008392895819796333,0.0008392895819796333,0.000903440807484965,True,3,,,,,0.0,6.415122550533167e-05,TabArena_IID,0.43732935660019,0.0336531517590013,DAUC < 0.55,source::anneal,
tabicl,freq,same_hyperparameters,joint_freq_combined,freq_enc_train_only,bike_sharing,125.37591157642004,125.70533128895872,124.32326010472048,False,1,-0.8467051707081108,-1.1116754685117576,0.2649702978036467,0.2620570736029035,0.3294197125386802,-1.052651471699562,real_shift,0.724417889739124,0.0462872471556019,0.55 <= DAUC < 0.75,source::bike_sharing,
tabicl,freq,same_hyperparameters,joint_freq_combined,freq_enc_train_only,blood-transfusion-service-center,0.24623253047873903,0.24644067796610156,0.2463663395777578,False,3,0.05431306048062839,-0.030173922489232986,0.08448698296986137,0.08446149762303536,0.00020814748736253108,0.0001338090990187779,TabArena_IID,0.5146430905695611,0.0393868450390189,DAUC < 0.55,source::blood-transfusion-service-center,
tabicl,freq,same_hyperparameters,joint_freq_combined,freq_enc_train_only,churn,0.06752012203127747,0.06625199116064533,0.06434975285373433,False,3,-4.926777550722415,-2.9560926383582946,-1.9706849123641197,-1.9141022758957178,-0.001268130870632142,-0.003170369177543139,TabArena_IID,0.4777912499999999,0.0261333333333333,DAUC < 0.55,source::churn,
tabicl,freq,same_hyperparameters,joint_freq_combined,freq_enc_train_only,coil2000_insurance_policies,0.23113364550964444,0.23150000321448072,0.2308936310061714,False,3,-0.10395024861755875,-0.26261972046041443,0.15866947184285568,0.15825386598239494,0.00036635770483628427,-0.0002400145034730239,TabArena_IID,0.4998567392475893,0.009434077843747,DAUC < 0.55,source::coil2000_insurance_policies,
tabicl,freq,same_hyperparameters,joint_freq_combined,freq_enc_train_only,concrete_compressive_strength,3.7487975262143274,3.7487978437912495,3.7487978437912495,False,3,8.471433652232818e-06,0.0,8.471433652232818e-06,8.471433652232818e-06,3.1757692209311017e-07,3.1757692209311017e-07,TabArena_IID,0.5128188681237462,0.0502123786407767,DAUC < 0.55,source::concrete_compressive_strength,
tabicl,freq,same_hyperparameters,joint_freq_combined,freq_enc_train_only,credit-g,0.21736656762407836,0.21653833926366114,0.2072395852438771,False,3,-4.886606180129126,-4.486958420053481,-0.3996477600756443,-0.3824857820714806,-0.0008282283604172103,-0.010126982380201266,TabArena_IID,0.4666875,0.0366071428571428,DAUC < 0.55,source::credit-g,
tabicl,freq,same_hyperparameters,joint_freq_combined,freq_enc_train_only,credit_card_clients_default,0.20969025893532436,0.20969127477923868,0.20931546090444395,False,3,-0.17905893299086995,-0.17954425018145442,0.000485317190584485,0.00048444739314493934,1.0158439143204134e-06,-0.00037479803088041885,TabArena_IID,0.5084822083333334,0.0089083333333333,DAUC < 0.55,source::credit_card_clients_default,
tabicl,freq,same_hyperparameters,joint_freq_combined,freq_enc_train_only,diabetes,0.15705705596162942,0.15705705596162942,0.15705705596162942,False,3,0.0,0.0,0.0,0.0,0.0,0.0,TabArena_IID,0.5164146241145119,0.0782684335208765,DAUC < 0.55,source::diabetes,
tabicl,freq,same_hyperparameters,joint_freq_combined,freq_enc_train_only,gas_sensor_drift,0.0288742422311484,0.0288742422311484,0.0288742035260366,False,1,-0.00013404737472576074,-0.00013404737472576074,0.0,0.0,0.0,-3.87051117996251e-08,real_shift,0.9997012367140782,0.2156844866039522,DAUC >= 0.95,source::gas_sensor_drift,
tabicl,freq,same_hyperparameters,joint_freq_combined,freq_enc_train_only,hazelnut-spread-contaminant-detection,0.006410416666666634,0.006410416666666634,0.006410416666666634,True,3,,,,,0.0,0.0,TabArena_IID,0.5092881944444444,0.0430034722222222,DAUC < 0.55,source::hazelnut-spread-contaminant-detection,
tabicl,freq,same_hyperparameters,joint_freq_combined,freq_enc_train_only,healthcare_insurance_expenses,4474.625917970473,4467.255631438221,4467.922310030383,False,3,-0.15003859680013062,0.014921445493038669,-0.1649600422931693,-0.16498466038934115,-7.3702865322520665,-6.703607940089569,TabArena_IID,0.5250682484635931,0.0656832659134235,DAUC < 0.55,source::healthcare_insurance_expenses,
tabicl,freq,same_hyperparameters,joint_freq_combined,freq_enc_train_only,heloc,0.19859149951031943,0.19859149951031943,0.19857754625701407,False,3,-0.0070266017323532375,-0.0070266017323532375,0.0,0.0,0.0,-1.3953253305359903e-05,TabArena_IID,0.5007809088419239,0.0177986239441687,DAUC < 0.55,source::heloc,
tabicl,freq,same_hyperparameters,joint_freq_combined,freq_enc_train_only,houses,0.19718856653945102,0.197188571320415,0.19718856609087268,False,3,-2.2748699381091888e-07,-2.6520515010726404e-06,2.4245645072617215e-06,2.4245644429610237e-06,4.780963985817621e-09,-4.485783411389832e-10,TabArena_IID,0.4876979973585736,0.0143910489341085,DAUC < 0.55,source::houses,
tabicl,freq,same_hyperparameters,joint_freq_combined,freq_enc_train_only,in_vehicle_coupon_recommendation,0.1601081630668395,0.16025030540690924,0.1611430978312823,False,3,0.6422457917039576,0.5540370244761127,0.08820876722784486,0.08870019917204204,0.00014214234006973414,0.001034934764442802,TabArena_IID,0.4999967486682508,0.0148968616209672,DAUC < 0.55,source::in_vehicle_coupon_recommendation,
tabicl,freq,same_hyperparameters,joint_freq_combined,freq_enc_train_only,jm1,0.2182226941201161,0.21822277526054812,0.2182229375414122,False,3,0.00011154707146494793,7.436471431844456e-05,3.718235714650337e-05,3.71823847970776e-05,8.114043201223886e-08,2.4342129609222773e-07,TabArena_IID,0.5013936268693818,0.0156089518163831,DAUC < 0.55,source::jm1,
tabicl,freq,same_hyperparameters,joint_freq_combined,freq_enc_train_only,maternal_health_risk,0.03807453430735837,0.03807453430735837,0.03807453430735837,False,3,0.0,0.0,0.0,0.0,0.0,0.0,TabArena_IID,0.4809925428071595,0.03878222065645,DAUC < 0.55,source::maternal_health_risk,
tabicl,freq,same_hyperparameters,joint_freq_combined,freq_enc_train_only,miami_housing,77166.37018436694,77166.36684848282,77774.50022663208,False,3,0.7819144327421857,0.7819187219167966,-4.2891746108098215e-06,-4.322976775562056e-06,-0.0033358841174049303,608.1300422651402,TabArena_IID,0.5000548768378967,0.0174142973418732,DAUC < 0.55,source::miami_housing,
tabicl,freq,same_hyperparameters,joint_freq_combined,freq_enc_train_only,online_shoppers_intention,0.06217827792924737,0.06216771729855441,0.0622801880154342,False,3,0.16363162898862305,0.18058827447971526,-0.0169566454910922,-0.01698732260386282,-1.0560630692962869e-05,0.00010191008618683217,TabArena_IID,0.5085433381403395,0.0162298164122981,DAUC < 0.55,source::online_shoppers_intention,
tabicl,freq,same_hyperparameters,joint_freq_combined,freq_enc_train_only,polish_companies_bankruptcy,0.015463455954419135,0.015463455954419067,0.015463455954419067,True,3,,,,,-6.765421556309548e-17,-6.765421556309548e-17,TabArena_IID,0.4797271737327021,0.028469599510753,DAUC < 0.55,source::polish_companies_bankruptcy,
tabicl,freq,same_hyperparameters,joint_freq_combined,freq_enc_train_only,qsar-biodeg,0.05757864359099277,0.05746983451851676,0.056617394902967334,False,3,-1.6977974519542116,-1.5056143381559062,-0.19218311379830552,-0.1893324965829639,-0.00010880907247600574,-0.0009612486880254331,TabArena_IID,0.5242964850267431,0.0520357221163414,DAUC < 0.55,source::qsar-biodeg,
tabicl,freq,same_hyperparameters,joint_freq_combined,freq_enc_train_only,seismic-bumps,0.21360132263644283,0.21358654314783274,0.2124974000362504,False,3,-0.5194993444645017,-0.5125442059039509,-0.00695513856055091,-0.006919672181715977,-1.4779488610089375e-05,-0.0011039226001924307,TabArena_IID,0.5032746248400783,0.0270932551506253,DAUC < 0.55,source::seismic-bumps,
tabicl,freq,same_hyperparameters,joint_freq_combined,freq_enc_train_only,splice,0.004149212153266566,0.004319531967860667,0.004302219973416,True,3,,,,,0.00017031981459410088,0.00015300782014943375,TabArena_IID,0.4935215615848055,0.0,DAUC < 0.55,source::splice,
tabicl,freq,same_hyperparameters,joint_freq_combined,freq_enc_train_only,students_dropout_and_academic_success,0.09868189618509471,0.09881645613615243,0.10118363324800446,False,3,2.4724720615417217,2.339486175644628,0.13298588589709373,0.13617160169387582,0.000134559951057725,0.0025017370629097507,TabArena_IID,0.4990070724969652,0.0241838594407484,DAUC < 0.55,source::students_dropout_and_academic_success,
tabicl,freq,same_hyperparameters,joint_freq_combined,freq_enc_train_only,superconductivity,8.883816489324744,8.883816322548434,8.88381474657605,False,3,-1.961712106245915e-05,-1.773981593112796e-05,-1.8773051313311876e-06,-1.877304798300772e-06,-1.6677631009542893e-07,-1.7427486938004222e-06,TabArena_IID,0.4966916245247805,0.0148733486354602,DAUC < 0.55,source::superconductivity,
tabicl,freq,same_hyperparameters,joint_freq_combined,freq_enc_train_only,synthetic_large_test,0.243740345636559,0.2434177787950011,0.2439421588506672,False,1,0.08272994510626655,0.21496081617737448,-0.13223087107110792,-0.13251572796149735,-0.00032256684155790305,0.00020181321410819852,synthetic,0.64072835,0.0878719999999999,0.55 <= DAUC < 0.75,source::synthetic_generator,
tabicl,freq,same_hyperparameters,joint_freq_combined,freq_enc_train_only,synthetic_shift_0.0,0.242497071191614,0.2426421788431608,0.2424619681395514,False,1,-0.014477755968065416,-0.07432534883396016,0.05984759286589475,0.05980314397052498,0.00014510765154679417,-3.510305206261277e-05,synthetic,0.49784605,0.011,DAUC < 0.55,source::synthetic_generator,
tabicl,freq,same_hyperparameters,joint_freq_combined,freq_enc_train_only,synthetic_shift_0.5,0.2406241305965321,0.2406521132569875,0.2403807785002588,False,1,-0.10123608792332583,-0.11287706047944243,0.011640972556116595,0.011627847383792734,2.7982660455394548e-05,-0.00024335209627329712,synthetic,0.5719888750000001,0.04362,0.55 <= DAUC < 0.75,source::synthetic_generator,
tabicl,freq,same_hyperparameters,joint_freq_combined,freq_enc_train_only,synthetic_shift_1.0,0.2433439776859611,0.2430950903299481,0.2428629465239087,False,1,-0.19806692166812886,-0.09558634174627641,-0.10248057992185246,-0.10238271602901984,-0.00024888735601300005,-0.0004810311620524199,synthetic,0.643362075,0.08208,0.55 <= DAUC < 0.75,source::synthetic_generator,
tabicl,freq,same_hyperparameters,joint_freq_combined,freq_enc_train_only,synthetic_shift_3.0,0.2501612480818415,0.2499508746803069,0.2502299744245524,False,1,0.027465271844023635,0.11153729479745267,-0.08407202295342903,-0.08416589932067325,-0.0002103734015345693,6.872634271093414e-05,synthetic,0.8405509999999999,0.20872,0.75 <= DAUC < 0.95,source::synthetic_generator,
tabicl,freq,same_hyperparameters,joint_freq_combined,freq_enc_train_only,synthetic_shift_5.0,0.2587346463053509,0.2581216949709392,0.2588713740054131,False,1,0.05281684797613776,0.289595185004214,-0.23677833702807624,-0.23746602720889398,-0.0006129513344117488,0.00013672770006217805,synthetic,0.93479215,0.30666,0.75 <= DAUC < 0.95,source::synthetic_generator,
tabicl,freq,same_hyperparameters,joint_freq_combined,freq_enc_train_only,synthetic_small_test,0.2527674216408231,0.2527282516843081,0.2524662624669624,False,1,-0.11928689834353944,-0.10377197126685343,-0.015514927076685999,-0.01549884362113678,-3.9169956514983895e-05,-0.0003011591738606989,synthetic,0.6399588,0.0856239999999999,0.55 <= DAUC < 0.75,source::synthetic_generator,
tabicl,freq,same_hyperparameters,joint_freq_combined,freq_enc_train_only,tabred_delivery_eta__gap_far,0.5650913365983429,0.565091389337288,0.5606875625200399,False,1,-0.7854238924990508,-0.7854332986190765,9.406120025723665e-06,9.33281697351451e-06,5.273894509993937e-08,-0.004403774078302947,TabReD_gap,0.999999625,0.2379337040655923,DAUC >= 0.95,source::tabred_delivery_eta,tabred_delivery_eta
tabicl,freq,same_hyperparameters,joint_freq_combined,freq_enc_train_only,tabred_delivery_eta__gap_maxdiff,0.5506291010224365,0.5506291010224365,0.5485074338313581,False,1,-0.38680737219153766,-0.38680737219153766,0.0,0.0,0.0,-0.0021216671910783136,TabReD_gap,1.0,0.2496496029927623,DAUC >= 0.95,source::tabred_delivery_eta,tabred_delivery_eta
tabicl,freq,same_hyperparameters,joint_freq_combined,freq_enc_train_only,tabred_delivery_eta__gap_near,0.5600866628329464,0.5600866628329464,0.5606876688263737,False,1,0.10719087057600053,0.10719087057600053,0.0,0.0,0.0,0.0006010059934272727,TabReD_gap,0.946211,0.1571228260314691,0.75 <= DAUC < 0.95,source::tabred_delivery_eta,tabred_delivery_eta
tabicl,freq,same_hyperparameters,joint_freq_combined,freq_enc_train_only,tabred_homesite__gap_far,0.1510198955787935,0.139957317987772,0.1243992417270374,False,1,-21.39936986928617,-12.506568404068618,-8.892801465217547,-7.904250917403283,-0.0110625775910215,-0.026620653851756104,TabReD_gap,1.0,0.0830990647492541,DAUC >= 0.95,source::tabred_homesite,tabred_homesite
tabicl,freq,same_hyperparameters,joint_freq_combined,freq_enc_train_only,tabred_homesite__gap_near,0.0634545034866291,0.0640284431019971,0.0610258384034495,False,1,-3.9797324325532095,-4.920218676385888,0.9404862438326779,0.8963822756922548,0.0005739396153680021,-0.0024286650831795917,TabReD_gap,1.0,0.0437974647176086,DAUC >= 0.95,source::tabred_homesite,tabred_homesite
tabicl,freq,same_hyperparameters,joint_freq_combined,freq_enc_train_only,tabred_weather__gap_far,1.6452310482197834,1.645231120677258,1.645231120677258,False,1,4.4040909375118116e-06,0.0,4.4040909375118116e-06,4.4040909375118116e-06,7.245747468687114e-08,7.245747468687114e-08,TabReD_gap,1.0,0.1012016963019497,DAUC >= 0.95,source::tabred_weather,tabred_weather
tabicl,freq,same_hyperparameters,joint_freq_combined,freq_enc_train_only,tabred_weather__gap_maxdiff,1.7961079826305446,1.7961079826305446,1.796107849888755,False,1,-7.390524436963175e-06,-7.390524436963175e-06,0.0,0.0,0.0,-1.327417895602423e-07,TabReD_gap,1.0,0.2280292319342118,DAUC >= 0.95,source::tabred_weather,tabred_weather
tabicl,freq,same_hyperparameters,joint_freq_combined,freq_enc_train_only,tabred_weather__gap_near,1.7294869490145115,1.729486604376752,1.7294869490145115,False,1,0.0,1.9927167397140736e-05,-1.9927167397140736e-05,-1.992717136806153e-05,-3.4463775944182373e-07,0.0,TabReD_gap,1.0,0.0948655339805825,DAUC >= 0.95,source::tabred_weather,tabred_weather
tabicl,freq,same_hyperparameters,joint_freq_combined,freq_enc_train_only,taiwanese_bankruptcy_prediction,0.058424639090695264,0.05842256354067451,0.058424639090695264,False,3,0.0,0.0035525251898147823,-0.0035525251898147823,-0.0035526513986506255,-2.0755500207553235e-06,0.0,TabArena_IID,0.4813707690648705,0.0246058424438091,DAUC < 0.55,source::taiwanese_bankruptcy_prediction,
tabicl,freq,same_hyperparameters,joint_freq_combined,freq_enc_train_only,website_phishing,0.019982251807677532,0.02011076256543143,0.0200714767488947,True,3,,,,,0.00012851075775389964,8.922494121716903e-05,TabArena_IID,0.4974870109756609,0.0,DAUC < 0.55,source::website_phishing,
tabicl,freq,same_hyperparameters,joint_freq_combined,freq_enc_train_only,wine_quality,0.09918463042063186,0.09918467146407846,0.09874133671770506,False,3,-0.448944401263419,-0.4489859678939347,4.156663051570846e-05,4.1380836367023374e-05,4.1043446599720035e-08,-0.0004432937029267975,TabArena_IID,0.4933509159780399,0.021301046461716,DAUC < 0.55,source::wine_quality,
tabpfn,freq,same_hyperparameters,joint_freq_combined,freq_enc_train_only,Another-Dataset-on-used-Fiat-500,717.6812986343651,717.6812986343651,723.6962113966459,False,3,0.8311377989215597,0.8311377989215597,0.0,0.0,0.0,6.014912762280801,TabArena_IID,0.5250604059451488,0.0313157709499172,DAUC < 0.55,source::Another-Dataset-on-used-Fiat-500,
tabpfn,freq,same_hyperparameters,joint_freq_combined,freq_enc_train_only,Bank_Customer_Churn,0.1288890708241702,0.1288890708241702,0.12787327021734088,False,3,-0.7943807217120561,-0.7943807217120561,0.0,0.0,0.0,-0.0010158006068293202,TabArena_IID,0.4985240625,0.0158125,DAUC < 0.55,source::Bank_Customer_Churn,
tabpfn,freq,same_hyperparameters,joint_freq_combined,freq_enc_train_only,E-CommereShippingData,0.25904496037427843,0.2567880202009165,0.25506745139171844,False,3,-1.5593949603752297,-0.6745544364089486,-0.8848405239662812,-0.8789117855249019,-0.002256940173361921,-0.003977508982559996,TabArena_IID,0.500688337854552,0.0144240392331084,DAUC < 0.55,source::E-CommereShippingData,
tabpfn,freq,same_hyperparameters,joint_freq_combined,freq_enc_train_only,Fitness_Club,0.17811219603549913,0.17793172672578453,0.17749400775030552,False,3,-0.34828684811898747,-0.24661056507033166,-0.10167628304865582,-0.10142615543361187,-0.00018046930971460373,-0.0006181882851936105,TabArena_IID,0.5044166666666666,0.0338611518035256,DAUC < 0.55,source::Fitness_Club,
tabpfn,freq,same_hyperparameters,joint_freq_combined,freq_enc_train_only,Is-this-a-good-customer,0.2655832924988131,0.26672391132116086,0.26227783349590816,False,3,-1.26028912121408,-1.6951786454809403,0.43488952426686034,0.4276402579348688,0.0011406188223477831,-0.003305459002904909,TabArena_IID,0.5089344102652231,0.0467264045771018,DAUC < 0.55,source::Is-this-a-good-customer,
tabpfn,freq,same_hyperparameters,joint_freq_combined,freq_enc_train_only,MIC,0.133116510896521,0.13445677395034483,0.13100575673892498,False,3,-1.6111919125832246,-2.6342485226028804,1.0230566100196556,0.9967984612800576,0.0013402630538238425,-0.002110754157596012,TabArena_IID,0.5315440298650391,0.1023684174323937,DAUC < 0.55,source::MIC,
tabpfn,freq,same_hyperparameters,joint_freq_combined,freq_enc_train_only,Marketing_Campaign,0.07796883532194027,0.07795977764593133,0.07925134966343557,False,3,1.6182870663299507,1.6297161158633684,-0.011429049533417739,-0.011618396412151464,-9.057676008936144e-06,0.0012825143414953027,TabArena_IID,0.4893010633270867,0.0318521792685864,DAUC < 0.55,source::Marketing_Campaign,
tabpfn,freq,same_hyperparameters,joint_freq_combined,freq_enc_train_only,NATICUSdroid,0.015814480164368566,0.015814480164368566,0.0150456938233939,True,3,,,,,0.0,-0.0007687863409746656,TabArena_IID,0.4909448935914827,0.0,DAUC < 0.55,source::NATICUSdroid,
tabpfn,freq,same_hyperparameters,joint_freq_combined,freq_enc_train_only,QSAR_fish_toxicity,0.8558717334200979,0.8558717334200979,0.8558717334200979,False,3,0.0,0.0,0.0,0.0,0.0,0.0,TabArena_IID,0.4678368023195609,0.045171150688392,DAUC < 0.55,source::QSAR_fish_toxicity,
tabpfn,freq,same_hyperparameters,joint_freq_combined,freq_enc_train_only,airfoil_self_noise,1.3193365663304502,1.3155855079860903,1.3448544874649973,False,3,1.8974484877280267,2.17636775961375,-0.2789192718857234,-0.28512463246132896,-0.0037510583443598478,0.025517921134547095,TabArena_IID,0.5474124587140708,0.0529488504762273,DAUC < 0.55,source::airfoil_self_noise,
tabpfn,freq,same_hyperparameters,joint_freq_combined,freq_enc_train_only,anneal,1.2183235867454142e-05,0.00016182782995646667,0.00031553350266796666,True,3,,,,,0.00014964459408901251,0.00030335026680051254,TabArena_IID,0.43732935660019,0.0336531517590013,DAUC < 0.55,source::anneal,
tabpfn,freq,same_hyperparameters,joint_freq_combined,freq_enc_train_only,bike_sharing,125.06876016417984,125.3398726979809,124.84424498341258,False,1,-0.17983622777092034,-0.3969968456568952,0.21716061788597485,0.21630190614149739,0.27111253380105893,-0.22451518076725563,real_shift,0.724417889739124,0.0462872471556019,0.55 <= DAUC < 0.75,source::bike_sharing,
tabpfn,freq,same_hyperparameters,joint_freq_combined,freq_enc_train_only,blood-transfusion-service-center,0.25116612151848544,0.25116612151848544,0.25116612151848544,False,3,0.0,0.0,0.0,0.0,0.0,0.0,TabArena_IID,0.5146430905695611,0.0393868450390189,DAUC < 0.55,source::blood-transfusion-service-center,
tabpfn,freq,same_hyperparameters,joint_freq_combined,freq_enc_train_only,churn,0.07040956566888333,0.07037120198943443,0.07264049721075806,False,3,3.0711953077660517,3.124008381632536,-0.05281307386648484,-0.054516163379814735,-3.836367944889951e-05,0.002230931541874731,TabArena_IID,0.4777912499999999,0.0261333333333333,DAUC < 0.55,source::churn,
tabpfn,freq,same_hyperparameters,joint_freq_combined,freq_enc_train_only,coil2000_insurance_policies,0.24282566930577212,0.24258292263721484,0.2412882176093861,False,3,-0.6371847376629718,-0.536580294162852,-0.10060444350011982,-0.10006750100884515,-0.000242746668557281,-0.0015374516963860274,TabArena_IID,0.4998567392475893,0.009434077843747,DAUC < 0.55,source::coil2000_insurance_policies,
tabpfn,freq,same_hyperparameters,joint_freq_combined,freq_enc_train_only,concrete_compressive_strength,4.1195335588295805,4.1195335588295805,4.1195335588295805,False,3,0.0,0.0,0.0,0.0,0.0,0.0,TabArena_IID,0.5128188681237462,0.0502123786407767,DAUC < 0.55,source::concrete_compressive_strength,
tabpfn,freq,same_hyperparameters,joint_freq_combined,freq_enc_train_only,credit-g,0.22345759509922591,0.22327451915434748,0.22838866268050817,False,3,2.159068459619777,2.2392282813594986,-0.08015982173972197,-0.08199589705615788,-0.00018307594487843026,0.004931067581282256,TabArena_IID,0.4666875,0.0366071428571428,DAUC < 0.55,source::credit-g,
tabpfn,freq,same_hyperparameters,joint_freq_combined,freq_enc_train_only,diabetes,0.1525099118130329,0.1525099118130329,0.1525099118130329,False,3,0.0,0.0,0.0,0.0,0.0,0.0,TabArena_IID,0.5164146241145119,0.0782684335208765,DAUC < 0.55,source::diabetes,
tabpfn,freq,same_hyperparameters,joint_freq_combined,freq_enc_train_only,gas_sensor_drift,0.0456067237637936,0.0456011798647786,0.0456067237637936,False,1,0.0,0.012155880882194138,-0.012155880882194138,-0.012157358716238105,-5.543899014998077e-06,0.0,real_shift,0.9997012367140782,0.2156844866039522,DAUC >= 0.95,source::gas_sensor_drift,
tabpfn,freq,same_hyperparameters,joint_freq_combined,freq_enc_train_only,hazelnut-spread-contaminant-detection,0.0124041666666666,0.0124041666666666,0.0124041666666666,True,3,,,,,0.0,0.0,TabArena_IID,0.5092881944444444,0.0430034722222222,DAUC < 0.55,source::hazelnut-spread-contaminant-detection,
tabpfn,freq,same_hyperparameters,joint_freq_combined,freq_enc_train_only,healthcare_insurance_expenses,5244.26643526357,5267.402160912129,5305.039761741123,False,3,1.1455772097287085,0.7094687791112956,0.43610843061741283,0.43922459196760194,23.135725648558946,60.77332647755247,TabArena_IID,0.5250682484635931,0.0656832659134235,DAUC < 0.55,source::healthcare_insurance_expenses,
tabpfn,freq,same_hyperparameters,joint_freq_combined,freq_enc_train_only,heloc,0.19813142890480717,0.19813142890480717,0.19813142890480717,False,3,0.0,0.0,0.0,0.0,0.0,0.0,TabArena_IID,0.5007809088419239,0.0177986239441687,DAUC < 0.55,source::heloc,
tabpfn,freq,same_hyperparameters,joint_freq_combined,freq_enc_train_only,jm1,0.2637242968115845,0.2637242968115845,0.2637242968115845,False,3,0.0,0.0,0.0,0.0,0.0,0.0,TabArena_IID,0.5013936268693818,0.0156089518163831,DAUC < 0.55,source::jm1,
tabpfn,freq,same_hyperparameters,joint_freq_combined,freq_enc_train_only,maternal_health_risk,0.046240223808542334,0.046240223808542334,0.046240223808542334,False,3,0.0,0.0,0.0,0.0,0.0,0.0,TabArena_IID,0.4809925428071595,0.03878222065645,DAUC < 0.55,source::maternal_health_risk,
tabpfn,freq,same_hyperparameters,joint_freq_combined,freq_enc_train_only,online_shoppers_intention,0.06632098705085643,0.06632543760236266,0.06716734616781866,False,3,1.260075267597435,1.2534492033561697,0.0066260642412651885,0.006710172849389685,4.450551506232636e-06,0.0008463591169622364,TabArena_IID,0.5085433381403395,0.0162298164122981,DAUC < 0.55,source::online_shoppers_intention,
tabpfn,freq,same_hyperparameters,joint_freq_combined,freq_enc_train_only,polish_companies_bankruptcy,0.03608486251999544,0.03608486251999544,0.03608486251999544,False,3,0.0,0.0,0.0,0.0,0.0,0.0,TabArena_IID,0.4797271737327021,0.028469599510753,DAUC < 0.55,source::polish_companies_bankruptcy,
tabpfn,freq,same_hyperparameters,joint_freq_combined,freq_enc_train_only,qsar-biodeg,0.060944898800430865,0.06089635243054817,0.06174120190012424,False,3,1.2897434374237122,1.3683722434538064,-0.07862880603009399,-0.07971966783735392,-4.854636988269739e-05,0.0007963030996933768,TabArena_IID,0.5242964850267431,0.0520357221163414,DAUC < 0.55,source::qsar-biodeg,
tabpfn,freq,same_hyperparameters,joint_freq_combined,freq_enc_train_only,seismic-bumps,0.22460373996701835,0.22460373996701835,0.22500151538162685,False,3,0.17678788248773936,0.17678788248773936,0.0,0.0,0.0,0.0003977754146085033,TabArena_IID,0.5032746248400783,0.0270932551506253,DAUC < 0.55,source::seismic-bumps,
tabpfn,freq,same_hyperparameters,joint_freq_combined,freq_enc_train_only,splice,0.0044909737348022,0.0045009687301012,0.0047421837540313,True,3,,,,,9.994995299000484e-06,0.00025121001922910006,TabArena_IID,0.4935215615848055,0.0,DAUC < 0.55,source::splice,
tabpfn,freq,same_hyperparameters,joint_freq_combined,freq_enc_train_only,students_dropout_and_academic_success,0.09910648926601794,0.09895554665969424,0.09889409217793484,False,3,-0.21477227143249844,-0.06214171181108267,-0.15263055962141578,-0.1525357712820169,-0.0001509426063237007,-0.00021239708808309943,TabArena_IID,0.4990070724969652,0.0241838594407484,DAUC < 0.55,source::students_dropout_and_academic_success,
tabpfn,freq,same_hyperparameters,joint_freq_combined,freq_enc_train_only,synthetic_large_test,0.2443913203769473,0.2442572948229839,0.2439493342287154,False,1,-0.18117948533424524,-0.12623957152502913,-0.054939913809216104,-0.05487064534164379,-0.00013402555396341276,-0.0004419861482319043,synthetic,0.64072835,0.0878719999999999,0.55 <= DAUC < 0.75,source::synthetic_generator,
tabpfn,freq,same_hyperparameters,joint_freq_combined,freq_enc_train_only,synthetic_shift_0.0,0.2426743703102979,0.2427414802924248,0.2422123920007034,False,1,-0.19073273079816208,-0.21843981117194186,0.027707080373779787,0.02764668899853609,6.710998212688946e-05,-0.0004619783095944907,synthetic,0.49784605,0.011,DAUC < 0.55,source::synthetic_generator,
tabpfn,freq,same_hyperparameters,joint_freq_combined,freq_enc_train_only,synthetic_shift_0.5,0.2414326556030021,0.2410399682971015,0.2407155594914597,False,1,-0.2979018527332998,-0.13476852361648486,-0.16313332911681488,-0.1629137726306726,-0.0003926873059005853,-0.0007170961115423868,synthetic,0.5719888750000001,0.04362,0.55 <= DAUC < 0.75,source::synthetic_generator,
tabpfn,freq,same_hyperparameters,joint_freq_combined,freq_enc_train_only,synthetic_shift_1.0,0.2433519985482238,0.2431094075690872,0.2432389244424748,False,1,-0.04648684662957926,0.05324677112615614,-0.0997336177557354,-0.09978675097864323,-0.00024259097913661987,-0.00011307410574901144,synthetic,0.643362075,0.08208,0.55 <= DAUC < 0.75,source::synthetic_generator,
tabpfn,freq,same_hyperparameters,joint_freq_combined,freq_enc_train_only,synthetic_shift_3.0,0.2519311713554987,0.2509069462915601,0.2518339846547315,False,1,-0.03859157488233287,0.36811487712526697,-0.4067064520075998,-0.40820913054692676,-0.001024225063938622,-9.718670076719338e-05,synthetic,0.8405509999999999,0.20872,0.75 <= DAUC < 0.95,source::synthetic_generator,
tabpfn,freq,same_hyperparameters,joint_freq_combined,freq_enc_train_only,synthetic_shift_5.0,0.2614118469535088,0.2598200051997381,0.2605052599197843,False,1,-0.3480110282624011,0.26304832395983846,-0.6110593522222395,-0.6126709729479676,-0.0015918417537706953,-0.0009065870337244819,synthetic,0.93479215,0.30666,0.75 <= DAUC < 0.95,source::synthetic_generator,
tabpfn,freq,same_hyperparameters,joint_freq_combined,freq_enc_train_only,tabred_delivery_eta__gap_far,0.5500445477911299,0.5500445477911299,0.5502068249923597,False,1,0.02949385464858746,0.02949385464858746,0.0,0.0,0.0,0.00016227720122985456,TabReD_gap,0.999999625,0.2379337040655923,DAUC >= 0.95,source::tabred_delivery_eta,tabred_delivery_eta
tabpfn,freq,same_hyperparameters,joint_freq_combined,freq_enc_train_only,tabred_delivery_eta__gap_maxdiff,0.5482045768554389,0.5482045768554389,0.5487472365967985,False,1,0.0988906558737378,0.0988906558737378,0.0,0.0,0.0,0.0005426597413595857,TabReD_gap,1.0,0.2496496029927623,DAUC >= 0.95,source::tabred_delivery_eta,tabred_delivery_eta
tabpfn,freq,same_hyperparameters,joint_freq_combined,freq_enc_train_only,tabred_delivery_eta__gap_near,0.5659585959569571,0.5659585959569571,0.5658953500066907,False,1,-0.011176262583826303,-0.011176262583826303,0.0,0.0,0.0,-6.324595026641067e-05,TabReD_gap,0.946211,0.1571228260314691,0.75 <= DAUC < 0.95,source::tabred_delivery_eta,tabred_delivery_eta
tabpfn,freq,same_hyperparameters,joint_freq_combined,freq_enc_train_only,tabred_homesite__gap_far,0.0914619972501892,0.0952298999755614,0.0816863083666887,False,1,-11.96735301051624,-16.580002058699606,4.612649048183367,3.956638331384516,0.0037679027253721964,-0.0097756888835005,TabReD_gap,1.0,0.0830990647492541,DAUC >= 0.95,source::tabred_homesite,tabred_homesite
tabpfn,freq,same_hyperparameters,joint_freq_combined,freq_enc_train_only,tabred_homesite__gap_near,0.0487052589522781,0.0487247880885287,0.0496741211007164,False,1,1.950436418339229,1.9111219104669928,0.03931450787223625,0.04008049499388807,1.9529136250605317e-05,0.0009688621484383042,TabReD_gap,1.0,0.0437974647176086,DAUC >= 0.95,source::tabred_homesite,tabred_homesite
tabpfn,freq,same_hyperparameters,joint_freq_combined,freq_enc_train_only,tabred_sberbank__gap_far,0.389002520369183,0.3856118283734941,0.3928951293056008,False,1,0.990750112707571,1.853751901933501,-0.86300178922593,-0.879301864258356,-0.003390691995688866,0.0038926089364177963,TabReD_gap,1.0,0.235749592588427,DAUC >= 0.95,source::tabred_sberbank,tabred_sberbank
tabpfn,freq,same_hyperparameters,joint_freq_combined,freq_enc_train_only,tabred_sberbank__gap_near,0.2403450377601781,0.2437941419539563,0.2477424059564321,False,1,2.9859111796770472,1.5936972869998465,1.3922138926772007,1.4147608987379217,0.0034491041937781963,0.0073973681962540005,TabReD_gap,1.0,0.2265311490062835,DAUC >= 0.95,source::tabred_sberbank,tabred_sberbank
tabpfn,freq,same_hyperparameters,joint_freq_combined,freq_enc_train_only,tabred_weather__gap_far,1.6156473980942971,1.6156473980942971,1.6156473980942971,False,1,0.0,0.0,0.0,0.0,0.0,0.0,TabReD_gap,1.0,0.1012016963019497,DAUC >= 0.95,source::tabred_weather,tabred_weather
tabpfn,freq,same_hyperparameters,joint_freq_combined,freq_enc_train_only,tabred_weather__gap_maxdiff,1.7468705124362365,1.7468705124362365,1.7468705124362365,False,1,0.0,0.0,0.0,0.0,0.0,0.0,TabReD_gap,1.0,0.2280292319342118,DAUC >= 0.95,source::tabred_weather,tabred_weather
tabpfn,freq,same_hyperparameters,joint_freq_combined,freq_enc_train_only,tabred_weather__gap_near,1.6838261915156958,1.6838261915156958,1.6838261915156958,False,1,0.0,0.0,0.0,0.0,0.0,0.0,TabReD_gap,1.0,0.0948655339805825,DAUC >= 0.95,source::tabred_weather,tabred_weather
tabpfn,freq,same_hyperparameters,joint_freq_combined,freq_enc_train_only,taiwanese_bankruptcy_prediction,0.05860884184002716,0.05860884184002716,0.05860884184002716,False,3,0.0,0.0,0.0,0.0,0.0,0.0,TabArena_IID,0.4813707690648705,0.0246058424438091,DAUC < 0.55,source::taiwanese_bankruptcy_prediction,
tabpfn,freq,same_hyperparameters,joint_freq_combined,freq_enc_train_only,tschalzev_mbgm,7.954440982818755,7.950483051238677,7.946489378341723,False,1,-0.10006436928871341,-0.050257072108325494,-0.04980729718038791,-0.04978227806500361,-0.003957931580078622,-0.007951604477032248,tschalzev_IID,0.5283598093648937,0.0054825547828749,DAUC < 0.55,source::tschalzev_mbgm,
tabpfn,freq,same_hyperparameters,joint_freq_combined,freq_enc_train_only,website_phishing,0.01919393869932093,0.0198094551320158,0.019962495978092933,True,3,,,,,0.0006155164326948695,0.0007685572787720016,TabArena_IID,0.4974870109756609,0.0,DAUC < 0.55,source::website_phishing,
tabpfn,freq,same_hyperparameters,joint_freq_combined,freq_enc_train_only,wine_quality,0.11001390227347256,0.11001390227347256,0.10840946031599134,False,3,-1.4799833453691202,-1.4799833453691202,0.0,0.0,0.0,-0.0016044419574812174,TabArena_IID,0.4933509159780399,0.021301046461716,DAUC < 0.55,source::wine_quality,
bag8,groupby,same_hyperparameters,joint_groupby_combined,groupby_train_only,APSFailure,0.007425056389697967,0.0076288484183115,0.007795399190903867,True,3,,,,,0.00020379202861353293,0.0003703428012059003,TabArena_IID,0.5018079,0.0059871498851508,DAUC < 0.55,source::APSFailure,
bag8,groupby,same_hyperparameters,joint_groupby_combined,groupby_train_only,Amazon_employee_access,0.15525080906850117,0.15525080906850117,0.15525080906850117,False,3,0.0,0.0,0.0,0.0,0.0,0.0,TabArena_IID,0.4973770565852067,0.0,DAUC < 0.55,source::Amazon_employee_access,
bag8,groupby,same_hyperparameters,joint_groupby_combined,groupby_train_only,Another-Dataset-on-used-Fiat-500,748.4780342430635,748.4780342430635,748.4780342430635,False,3,0.0,0.0,0.0,0.0,0.0,0.0,TabArena_IID,0.5250604059451488,0.0313157709499172,DAUC < 0.55,source::Another-Dataset-on-used-Fiat-500,
bag8,groupby,same_hyperparameters,joint_groupby_combined,groupby_train_only,Bank_Customer_Churn,0.13429500265521074,0.13429500265521074,0.1341471949045324,False,3,-0.11018325860897944,-0.11018325860897944,0.0,0.0,0.0,-0.0001478077506783526,TabArena_IID,0.4985240625,0.0158125,DAUC < 0.55,source::Bank_Customer_Churn,
bag8,groupby,same_hyperparameters,joint_groupby_combined,groupby_train_only,Diabetes130US,0.34878763285278463,0.3482788156524302,0.3529402335997825,False,3,1.1765733548266166,1.3207386133931491,-0.14416525856653242,-0.14609478885509689,-0.00050881720035445,0.004152600746997859,TabArena_IID,0.5012846750000001,0.0039252033937267,DAUC < 0.55,source::diabetes_130_us,
bag8,groupby,same_hyperparameters,joint_groupby_combined,groupby_train_only,E-CommereShippingData,0.26008919582442236,0.26056691817737626,0.25874591438248,False,3,-0.5191507835585367,-0.7037806951434321,0.18462991158489545,0.18333960285346015,0.0004777223529539021,-0.0013432814419423456,TabArena_IID,0.500688337854552,0.0144240392331084,DAUC < 0.55,source::E-CommereShippingData,
bag8,groupby,same_hyperparameters,joint_groupby_combined,groupby_train_only,Fitness_Club,0.19863834181765652,0.19785754095794472,0.19806031347407185,False,3,-0.29184460705215376,0.10237917560080809,-0.3942237826529618,-0.39462779934061837,-0.0007808008597117999,-0.0005780283435846689,TabArena_IID,0.5044166666666666,0.0338611518035256,DAUC < 0.55,source::Fitness_Club,
bag8,groupby,same_hyperparameters,joint_groupby_combined,groupby_train_only,Food_Delivery_Time,7.610687552126403,7.610591076995754,7.61254331638673,False,3,0.02437771692322924,0.025645034909335496,-0.0012673179861062579,-0.0012676430736150122,-9.647513064869884e-05,0.0018557642603269642,TabArena_IID,0.4998231287092426,0.0079414057802949,DAUC < 0.55,source::Food_Delivery_Time,
bag8,groupby,same_hyperparameters,joint_groupby_combined,groupby_train_only,GiveMeSomeCredit,0.13510655334409072,0.13503297487657728,0.13467859812932512,False,3,-0.3177603722565169,-0.2631277368300761,-0.05463263542644075,-0.05448925907222852,-7.357846751343544e-05,-0.00042795521476560183,TabArena_IID,0.5044638750000001,0.0040447365644625,DAUC < 0.55,source::GiveMeSomeCredit,
bag8,groupby,same_hyperparameters,joint_groupby_combined,groupby_train_only,HR_Analytics_Job_Change_of_Data_Scientists,0.196467253035108,0.19649013578047506,0.19807157913220882,False,3,0.8099728916837489,0.7984201260283723,0.0115527656553765,0.011645747648428025,2.2882745367047708e-05,0.0016043260971008166,TabArena_IID,0.5006432616140332,0.0155574144065088,DAUC < 0.55,source::HR_Analytics_Job_Change_of_Data_Scientists,
bag8,groupby,same_hyperparameters,joint_groupby_combined,groupby_train_only,Is-this-a-good-customer,0.2664547851188322,0.26808801327465365,0.2816658347110213,False,3,5.4003885873468045,4.820542558985897,0.5798460283609068,0.6092134205747672,0.0016332281558214534,0.015211049592189108,TabArena_IID,0.5089344102652231,0.0467264045771018,DAUC < 0.55,source::Is-this-a-good-customer,
bag8,groupby,same_hyperparameters,joint_groupby_combined,groupby_train_only,MIC,0.15660387486204094,0.153348304011974,0.17328258022548715,False,3,9.625148322319953,11.503912388408176,-1.8787640660882214,-2.12299110253788,-0.0032555708500669467,0.016678705363446206,TabArena_IID,0.5315440298650391,0.1023684174323937,DAUC < 0.55,source::MIC,
bag8,groupby,same_hyperparameters,joint_groupby_combined,groupby_train_only,Marketing_Campaign,0.08812025860569907,0.08811575758537576,0.09077602790089785,False,3,2.925628446860602,2.9305868267626356,-0.004958379902033645,-0.005108076519618542,-4.501020323302574e-06,0.0026557692951987844,TabArena_IID,0.4893010633270867,0.0318521792685864,DAUC < 0.55,source::Marketing_Campaign,
bag8,groupby,same_hyperparameters,joint_groupby_combined,groupby_train_only,NATICUSdroid,0.015374123980250199,0.015374123980250199,0.015374123980250199,True,3,,,,,0.0,0.0,TabArena_IID,0.4909448935914827,0.0,DAUC < 0.55,source::NATICUSdroid,
bag8,groupby,same_hyperparameters,joint_groupby_combined,groupby_train_only,QSAR-TID-11,0.7712617761086863,0.7712617761086863,0.7712617761086863,False,3,0.0,0.0,0.0,0.0,0.0,0.0,TabArena_IID,0.5050515529554785,0.0053456712564641,DAUC < 0.55,source::QSAR-TID-11,
bag8,groupby,same_hyperparameters,joint_groupby_combined,groupby_train_only,QSAR_fish_toxicity,0.8871881704613686,0.8880240544586013,0.8879213450978166,False,3,0.08257202515694617,-0.011567394043601825,0.094139419200548,0.09412853098246181,0.0008358839972327781,0.000733174636448064,TabArena_IID,0.4678368023195609,0.045171150688392,DAUC < 0.55,source::QSAR_fish_toxicity,
bag8,groupby,same_hyperparameters,joint_groupby_combined,groupby_train_only,SDSS17,0.006961564569637001,0.006951617972217833,0.006966283496635968,True,3,,,,,-9.946597419167348e-06,4.718926998967081e-06,TabArena_IID,0.503639075,0.0056937685466399,DAUC < 0.55,source::SDSS17,
bag8,groupby,same_hyperparameters,joint_groupby_combined,groupby_train_only,airfoil_self_noise,1.5012147445898982,1.5141231130482513,1.5191985317946408,False,3,1.1837680743081156,0.3340852851137154,0.8496827891944002,0.8525309697152561,0.012908368458353081,0.017983787204742585,TabArena_IID,0.5474124587140708,0.0529488504762273,DAUC < 0.55,source::airfoil_self_noise,
bag8,groupby,same_hyperparameters,joint_groupby_combined,groupby_train_only,anneal,0.0023943242670077,0.0025397933858933336,0.005311829229791567,True,3,,,,,0.0001454691188856336,0.0029175049627838674,TabArena_IID,0.43732935660019,0.0336531517590013,DAUC < 0.55,source::anneal,
bag8,groupby,same_hyperparameters,joint_groupby_combined,groupby_train_only,bank-marketing,0.23774975040922855,0.23737357037409432,0.23769053892853007,False,3,-0.024911164308600634,0.1333534586040279,-0.15826462291262852,-0.15847595608111847,-0.0003761800351342326,-5.9211480698484475e-05,TabArena_IID,0.4965386712119099,0.0053437601561689,DAUC < 0.55,source::bank-marketing,
bag8,groupby,same_hyperparameters,joint_groupby_combined,groupby_train_only,bike_sharing,124.34700407153252,124.39263952157232,124.5295491522315,False,1,0.1465877632591598,0.1099414810309882,0.03664628222817159,0.03668661603718302,0.04563545003979641,0.18254508069897213,real_shift,0.724417889739124,0.0462872471556019,0.55 <= DAUC < 0.75,source::bike_sharing,
bag8,groupby,same_hyperparameters,joint_groupby_combined,groupby_train_only,blood-transfusion-service-center,0.2943193081573991,0.2943193081573991,0.2943193081573991,False,3,0.0,0.0,0.0,0.0,0.0,0.0,TabArena_IID,0.5146430905695611,0.0393868450390189,DAUC < 0.55,source::blood-transfusion-service-center,
bag8,groupby,same_hyperparameters,joint_groupby_combined,groupby_train_only,brfss_diabetes,0.1762864472407946,0.176178742065246,0.1762096282165715,False,1,-0.04359524788775254,0.017528072465783116,-0.06112332035353566,-0.06113403597166203,-0.00010770517554858916,-7.68190242231015e-05,real_shift,0.6218414250000001,0.0278607379887395,0.55 <= DAUC < 0.75,source::brfss_diabetes,
bag8,groupby,same_hyperparameters,joint_groupby_combined,groupby_train_only,churn,0.08582892974238539,0.0849280846914135,0.08373592096225208,False,3,-2.4995351529922685,-1.423718417928246,-1.0758167350640226,-1.060715138278597,-0.0009008450509718907,-0.0020930087801333125,TabArena_IID,0.4777912499999999,0.0261333333333333,DAUC < 0.55,source::churn,
bag8,groupby,same_hyperparameters,joint_groupby_combined,groupby_train_only,coil2000_insurance_policies,0.2458554601525804,0.24536739338390054,0.2503404243359272,False,3,1.7915461297327273,1.9865073590166258,-0.19496122928389842,-0.198912643586764,-0.0004880667686798512,0.00448496418334679,TabArena_IID,0.4998567392475893,0.009434077843747,DAUC < 0.55,source::coil2000_insurance_policies,
bag8,groupby,same_hyperparameters,joint_groupby_combined,groupby_train_only,concrete_compressive_strength,4.436762532315015,4.429226807250868,4.340134707907356,False,3,-2.226378463129534,-2.0527496342727294,-0.17362882885680453,-0.17013635544268976,-0.007535725064147236,-0.09662782440765927,TabArena_IID,0.5128188681237462,0.0502123786407767,DAUC < 0.55,source::concrete_compressive_strength,
bag8,groupby,same_hyperparameters,joint_groupby_combined,groupby_train_only,credit-g,0.22391939645158523,0.2238210263746745,0.23617982954892822,False,3,5.191143172877533,5.232793671609206,-0.041650498731672266,-0.04395032875332785,-9.837007691074207e-05,0.012260433097342982,TabArena_IID,0.4666875,0.0366071428571428,DAUC < 0.55,source::credit-g,
bag8,groupby,same_hyperparameters,joint_groupby_combined,groupby_train_only,credit_card_clients_default,0.21603956396651092,0.21607639556443456,0.21600021694556126,False,3,-0.01821619510667921,-0.03526784368577528,0.017051648579096065,0.017045636950501115,3.683159792364221e-05,-3.934702094965381e-05,TabArena_IID,0.5084822083333334,0.0089083333333333,DAUC < 0.55,source::credit_card_clients_default,
bag8,groupby,same_hyperparameters,joint_groupby_combined,groupby_train_only,customer_satisfaction_in_airline,0.005338869282851999,0.005358165358568867,0.0056408237053047336,True,3,,,,,1.9296075716867915e-05,0.00030195442245273436,TabArena_IID,0.4966771,0.0063438979047851,DAUC < 0.55,source::customer_satisfaction_in_airline,
bag8,groupby,same_hyperparameters,joint_groupby_combined,groupby_train_only,diabetes,0.1702731864610355,0.1683857305319267,0.16934535483580615,False,3,-0.5478931654954251,0.5666670366068641,-1.1145602021022893,-1.120912041148837,-0.0018874559291088,-0.0009278316252293584,TabArena_IID,0.5164146241145119,0.0782684335208765,DAUC < 0.55,source::diabetes,
bag8,groupby,same_hyperparameters,joint_groupby_combined,groupby_train_only,diabetes_hospital,0.3466810247460725,0.3462164361777622,0.3461028034487377,False,1,-0.1670663431712004,-0.03283207413873724,-0.13423426903246316,-0.13419021160270284,-0.00046458856831027573,-0.0005782212973348133,real_shift,0.938254775,0.0569622287584916,0.75 <= DAUC < 0.95,source::diabetes_130_us,
bag8,groupby,same_hyperparameters,joint_groupby_combined,groupby_train_only,diamonds,529.8729198210749,529.9127189478623,533.6157469570486,False,3,0.7014086741849773,0.693950287318698,0.007458386866279381,0.007510506044554656,0.03979912678744313,3.742827135973698,TabArena_IID,0.500012025,0.0064925534544555,DAUC < 0.55,source::diamonds,
bag8,groupby,same_hyperparameters,joint_groupby_combined,groupby_train_only,folktables_coverage,0.1801129825260956,0.1801260539897573,0.1802445690392519,False,1,0.07300442607380668,0.06575235532826486,0.0072520707455418195,0.0072568422902701294,1.3071463661723515e-05,0.0001315865131563121,Folktables,0.55100065,0.0153198007637392,0.55 <= DAUC < 0.75,source::folktables,
bag8,groupby,same_hyperparameters,joint_groupby_combined,groupby_train_only,folktables_coverage_covid,0.1863959889194487,0.1863947516411079,0.1863877343928588,False,1,-0.0044286855123725115,-0.0037648658973961227,-0.0006638196149763883,-0.0006637946239989607,-1.2372783408098886e-06,-8.254526589895894e-06,Folktables,0.6727981749999998,0.0219409140498816,0.55 <= DAUC < 0.75,source::folktables,
bag8,groupby,same_hyperparameters,joint_groupby_combined,groupby_train_only,folktables_employment,0.0923357264585383,0.0923401643167863,0.0923388145690792,False,1,0.0033443255204428034,-0.0014617338476645115,0.004806059368107315,0.004805989117337672,4.4378582479964734e-06,3.0881105409080734e-06,Folktables,0.5412264,0.0268211334088744,DAUC < 0.55,source::folktables,
bag8,groupby,same_hyperparameters,joint_groupby_combined,groupby_train_only,folktables_income,0.1119199721378698,0.1119309883848549,0.1120155290170952,False,1,0.08530681421038872,0.07547224298463795,0.009834571225750762,0.009841999203304027,1.1016246985087741e-05,9.555687922539746e-05,Folktables,0.6541794249999999,0.0202054476966708,0.55 <= DAUC < 0.75,source::folktables,
bag8,groupby,same_hyperparameters,joint_groupby_combined,groupby_train_only,folktables_mobility,0.2599148966364726,0.2604123446295462,0.2597460318536995,False,1,-0.06501149664077527,-0.2565247180453634,0.19151322140458815,0.19102319968020726,0.0004974479930736075,-0.0001688647827731149,Folktables,0.5783444999999999,0.0427119057499453,0.55 <= DAUC < 0.75,source::folktables,
bag8,groupby,same_hyperparameters,joint_groupby_combined,groupby_train_only,folktables_travel_time,0.2078487762702335,0.2079321190589347,0.2080129492789471,False,1,0.07892441758202538,0.038858263532433816,0.04006615404959157,0.04008172911351885,8.334278870120171e-05,0.00016417300871360285,Folktables,0.657996475,0.0224917765156315,0.55 <= DAUC < 0.75,source::folktables,
bag8,groupby,same_hyperparameters,joint_groupby_combined,groupby_train_only,folktables_travel_time_covid,0.2034164547154231,0.2034070541708434,0.2035722517222109,False,1,0.07653155352449602,0.0811493462247188,-0.0046177927002227824,-0.004621543052195133,-9.400544579707404e-06,0.00015579700678780561,Folktables,0.788992325,0.0142218987079578,0.75 <= DAUC < 0.95,source::folktables,
bag8,groupby,same_hyperparameters,joint_groupby_combined,groupby_train_only,gas_sensor_drift,0.1243783594646005,0.1243783594646005,0.1243783594646005,False,1,0.0,0.0,0.0,0.0,0.0,0.0,real_shift,0.9997012367140782,0.2156844866039522,DAUC >= 0.95,source::gas_sensor_drift,
bag8,groupby,same_hyperparameters,joint_groupby_combined,groupby_train_only,hazelnut-spread-contaminant-detection,0.0295020833333333,0.0295020833333333,0.0295020833333333,False,3,0.0,0.0,0.0,0.0,0.0,0.0,TabArena_IID,0.5092881944444444,0.0430034722222222,DAUC < 0.55,source::hazelnut-spread-contaminant-detection,
bag8,groupby,same_hyperparameters,joint_groupby_combined,groupby_train_only,healthcare_insurance_expenses,4608.390601676856,4615.518003927036,4620.357678458792,False,3,0.2590075837143414,0.10474675054530157,0.15426083316903982,0.1544225858097836,7.127402250180239,11.967076781936157,TabArena_IID,0.5250682484635931,0.0656832659134235,DAUC < 0.55,source::healthcare_insurance_expenses,
bag8,groupby,same_hyperparameters,joint_groupby_combined,groupby_train_only,heloc,0.20755466601174624,0.206954346522602,0.20568240256918216,False,3,-0.910269142706235,-0.6184019330443288,-0.29186720966190627,-0.2900733902096028,-0.0006003194891442409,-0.0018722634425640816,TabArena_IID,0.5007809088419239,0.0177986239441687,DAUC < 0.55,source::heloc,
bag8,groupby,same_hyperparameters,joint_groupby_combined,groupby_train_only,hiva_agnostic,0.5036540337357714,0.5036540337357714,0.5036540337357714,False,3,0.0,0.0,0.0,0.0,0.0,0.0,TabArena_IID,0.496315651907474,0.0,DAUC < 0.55,source::hiva_agnostic,
bag8,groupby,same_hyperparameters,joint_groupby_combined,groupby_train_only,houses,0.21892621463389428,0.2188026468972195,0.2171784423060367,False,3,-0.8047632671546249,-0.7478663968378912,-0.056896870316733614,-0.05647451638590671,-0.00012356773667476784,-0.001747772327857583,TabArena_IID,0.4876979973585736,0.0143910489341085,DAUC < 0.55,source::houses,
bag8,groupby,same_hyperparameters,joint_groupby_combined,groupby_train_only,in_vehicle_coupon_recommendation,0.16080897532625024,0.1613052495471803,0.1669647312821876,False,3,3.6868600384433927,3.3896270736615577,0.29723296478183536,0.30766154376452276,0.0004962742209300708,0.00615575595593737,TabArena_IID,0.4999967486682508,0.0148968616209672,DAUC < 0.55,source::in_vehicle_coupon_recommendation,
bag8,groupby,same_hyperparameters,joint_groupby_combined,groupby_train_only,jm1,0.24996355067561438,0.2522866677478308,0.2523411082373615,False,3,0.9421998573100914,0.021574165981499114,0.9206256913285923,0.9208243515025836,0.0023231170722164407,0.0023775575617471234,TabArena_IID,0.5013936268693818,0.0156089518163831,DAUC < 0.55,source::jm1,
bag8,groupby,same_hyperparameters,joint_groupby_combined,groupby_train_only,kddcup09_appetency,0.1999501176450881,0.20131794342240275,0.19833659694940486,False,3,-0.8135264598166143,-1.5031751672932152,0.689648707476601,0.6794356002558061,0.0013678257773146463,-0.0016135206956832404,TabArena_IID,0.502529275,0.0355100272725716,DAUC < 0.55,source::kddcup09_appetency,
bag8,groupby,same_hyperparameters,joint_groupby_combined,groupby_train_only,lending_club,0.3113133697231842,0.310960321635503,0.3115974664807988,False,1,0.09117428354703912,0.20447690171929503,-0.11330261817225593,-0.11353477055345775,-0.0003530480876811626,0.00028409675761459363,real_shift,0.94616475,0.0622442459135606,0.75 <= DAUC < 0.95,source::lending_club,
bag8,groupby,same_hyperparameters,joint_groupby_combined,groupby_train_only,maternal_health_risk,0.06193628607029456,0.06193628607029456,0.06193628607029456,False,3,0.0,0.0,0.0,0.0,0.0,0.0,TabArena_IID,0.4809925428071595,0.03878222065645,DAUC < 0.55,source::maternal_health_risk,
bag8,groupby,same_hyperparameters,joint_groupby_combined,groupby_train_only,miami_housing,87451.21950995516,87451.21951221321,87451.21914052036,False,3,-4.224467097592993e-07,-4.250287775818048e-07,2.582067822505493e-09,2.582067811530962e-09,2.258049789816141e-06,-0.00036943479790352285,TabArena_IID,0.5000548768378967,0.0174142973418732,DAUC < 0.55,source::miami_housing,
bag8,groupby,same_hyperparameters,joint_groupby_combined,groupby_train_only,online_shoppers_intention,0.06594872481893044,0.0653856923368443,0.06587676166406567,False,3,-0.10923905949071938,0.7454363493541901,-0.8546754088449096,-0.8610943189002156,-0.0005630324820861399,-7.196315486476812e-05,TabArena_IID,0.5085433381403395,0.0162298164122981,DAUC < 0.55,source::online_shoppers_intention,
bag8,groupby,same_hyperparameters,joint_groupby_combined,groupby_train_only,physiochemical_protein,3.4820759024608896,3.4820759024608896,3.4820759024608896,False,3,0.0,0.0,0.0,0.0,0.0,0.0,TabArena_IID,0.5001884949523016,0.0130870811769565,DAUC < 0.55,source::physiochemical_protein,
bag8,groupby,same_hyperparameters,joint_groupby_combined,groupby_train_only,polish_companies_bankruptcy,0.04399807589132929,0.04399807589132929,0.04399807589132929,False,3,0.0,0.0,0.0,0.0,0.0,0.0,TabArena_IID,0.4797271737327021,0.028469599510753,DAUC < 0.55,source::polish_companies_bankruptcy,
bag8,groupby,same_hyperparameters,joint_groupby_combined,groupby_train_only,qsar-biodeg,0.069597461447662,0.06914612793542536,0.06976872366754223,False,3,0.2454713385561115,0.8923708208904992,-0.6468994823343878,-0.6527242026598141,-0.0004513335122366402,0.0001712622198802305,TabArena_IID,0.5242964850267431,0.0520357221163414,DAUC < 0.55,source::qsar-biodeg,
bag8,groupby,same_hyperparameters,joint_groupby_combined,groupby_train_only,seismic-bumps,0.24800264698704821,0.2471449125889412,0.24680305204571742,False,3,-0.48605352785855266,-0.13851552498647593,-0.34753800287207676,-0.3470572746660693,-0.0008577343981070185,-0.0011995949413307894,TabArena_IID,0.5032746248400783,0.0270932551506253,DAUC < 0.55,source::seismic-bumps,
bag8,groupby,same_hyperparameters,joint_groupby_combined,groupby_train_only,shifts_weather,2.185734662131429,2.184690611283385,2.164518455518772,False,1,-0.9801813682189997,-0.9319465820760656,-0.048234786142934125,-0.04778941432949621,-0.0010440508480438204,-0.021216206612656663,real_shift,0.99970015,0.1722711733109805,DAUC >= 0.95,source::shifts_weather,
bag8,groupby,same_hyperparameters,joint_groupby_combined,groupby_train_only,splice,0.0052733804611511,0.0052733804611511,0.0052733804611511,True,3,,,,,0.0,0.0,TabArena_IID,0.4935215615848055,0.0,DAUC < 0.55,source::splice,
bag8,groupby,same_hyperparameters,joint_groupby_combined,groupby_train_only,students_dropout_and_academic_success,0.10723939988544727,0.10852018405980034,0.10631191401496416,False,3,-0.8724195016868548,-2.0771614031192636,1.2047419014324088,1.1802266881958912,0.0012807841743530668,-0.0009274858704831079,TabArena_IID,0.4990070724969652,0.0241838594407484,DAUC < 0.55,source::students_dropout_and_academic_success,
bag8,groupby,same_hyperparameters,joint_groupby_combined,groupby_train_only,superconductivity,9.278470774549321,9.276289160290757,9.267409420567729,False,3,-0.11935756239541018,-0.09581684934865049,-0.02354071304675969,-0.02351817866893493,-0.002181614258564224,-0.011061353981592248,TabArena_IID,0.4966916245247805,0.0148733486354602,DAUC < 0.55,source::superconductivity,
bag8,groupby,same_hyperparameters,joint_groupby_combined,groupby_train_only,synthetic_label_shift,0.2404173134065933,0.2405153002197801,0.2403954804395605,False,1,-0.009082103787015048,-0.049842775746247486,0.040760671959232435,0.04074036583005356,9.798681318679003e-05,-2.1832967032814343e-05,synthetic,0.54006835,0.01992,DAUC < 0.55,source::synthetic_generator,
bag8,groupby,same_hyperparameters,joint_groupby_combined,groupby_train_only,synthetic_large_test,0.2542500943923825,0.2543164916678539,0.2541956891847217,False,1,-0.021402883674111726,-0.04752341926791913,0.026120535593807406,0.02610812811861859,6.639727547141927e-05,-5.440520766081258e-05,synthetic,0.64072835,0.0878719999999999,0.55 <= DAUC < 0.75,source::synthetic_generator,
bag8,groupby,same_hyperparameters,joint_groupby_combined,groupby_train_only,synthetic_partial_shift,0.2414100228262092,0.2414461922797943,0.2414264165740653,False,1,0.006790370369882244,-0.008191193826105536,0.014981564195987779,0.014980337127537859,3.616945358511647e-05,1.6393747856113805e-05,synthetic,0.5587177999999999,0.026568,0.55 <= DAUC < 0.75,source::synthetic_generator,
bag8,groupby,same_hyperparameters,joint_groupby_combined,groupby_train_only,synthetic_shift_0.0,0.2499477965125282,0.2501365164256038,0.2500728306313826,False,1,0.04999908168300776,-0.025466898607270038,0.0754659802902778,0.07544676633879184,0.00018871991307561897,0.00012503411885439464,synthetic,0.49784605,0.011,DAUC < 0.55,source::synthetic_generator,
bag8,groupby,same_hyperparameters,joint_groupby_combined,groupby_train_only,synthetic_shift_0.5,0.2483583640657349,0.2484113774585921,0.248317077510352,False,1,-0.016626546912045903,-0.037975619391766746,0.02134907247972084,0.02134096811489501,5.301339285720963e-05,-4.1286555382880064e-05,synthetic,0.5719888750000001,0.04362,0.55 <= DAUC < 0.75,source::synthetic_generator,
bag8,groupby,same_hyperparameters,joint_groupby_combined,groupby_train_only,synthetic_shift_1.0,0.2502734412206149,0.250288741015381,0.2497417984176844,False,1,-0.2128769818664254,-0.21900322699761568,0.006126245131190278,0.006112857775400377,1.529979476611043e-05,-0.0005316428029304987,synthetic,0.643362075,0.08208,0.55 <= DAUC < 0.75,source::synthetic_generator,
bag8,groupby,same_hyperparameters,joint_groupby_combined,groupby_train_only,synthetic_shift_3.0,0.2585265063938619,0.2591827723785166,0.2581939028132992,False,1,-0.12881930089697066,-0.3829949330494014,0.2541756321524307,0.2532058665135002,0.0006562659846547358,-0.0003326035805626959,synthetic,0.8405509999999999,0.20872,0.75 <= DAUC < 0.95,source::synthetic_generator,
bag8,groupby,same_hyperparameters,joint_groupby_combined,groupby_train_only,synthetic_shift_5.0,0.2700436500544867,0.2706864341115028,0.2698973148260011,False,1,-0.05421885304044501,-0.2923775977580275,0.2381587447175825,0.23746445185771164,0.0006427840570160659,-0.00014633522848561675,synthetic,0.93479215,0.30666,0.75 <= DAUC < 0.95,source::synthetic_generator,
bag8,groupby,same_hyperparameters,joint_groupby_combined,groupby_train_only,synthetic_small_test,0.2535339648472116,0.2535753822602478,0.2532289528907427,False,1,-0.12044908490399582,-0.13680480274881673,0.016355717844820927,0.016333373006097707,4.141741303620439e-05,-0.00030501195646887025,synthetic,0.6399588,0.0856239999999999,0.55 <= DAUC < 0.75,source::synthetic_generator,
bag8,groupby,same_hyperparameters,joint_groupby_combined,groupby_train_only,tabred_delivery_eta__gap_far,0.5608020161939394,0.5608020161939394,0.5576152367232049,False,1,-0.5715015051348792,-0.5715015051348792,0.0,0.0,0.0,-0.0031867794707345354,TabReD_gap,0.999999625,0.2379337040655923,DAUC >= 0.95,source::tabred_delivery_eta,tabred_delivery_eta
bag8,groupby,same_hyperparameters,joint_groupby_combined,groupby_train_only,tabred_delivery_eta__gap_maxdiff,0.5511617496028139,0.5511617496028139,0.5533970341678441,False,1,0.4039205899235514,0.4039205899235514,0.0,0.0,0.0,0.0022352845650301933,TabReD_gap,1.0,0.2496496029927623,DAUC >= 0.95,source::tabred_delivery_eta,tabred_delivery_eta
bag8,groupby,same_hyperparameters,joint_groupby_combined,groupby_train_only,tabred_delivery_eta__gap_near,0.5723607892273611,0.5723607892273611,0.5743301179802871,False,1,0.34289142973233133,0.34289142973233133,0.0,0.0,0.0,0.0019693287529259917,TabReD_gap,0.946211,0.1571228260314691,0.75 <= DAUC < 0.95,source::tabred_delivery_eta,tabred_delivery_eta
bag8,groupby,same_hyperparameters,joint_groupby_combined,groupby_train_only,tabred_ecom_offers,0.4354750769455,0.4370744360872706,0.4378837069964159,False,1,0.5500615831170033,0.18481411758759766,0.3652474655294056,0.36592374426841884,0.0015993591417706177,0.0024086300509159053,TabReD,1.0,0.0841283069488731,DAUC >= 0.95,source::tabred_ecom_offers,
bag8,groupby,same_hyperparameters,joint_groupby_combined,groupby_train_only,tabred_homesite__gap_far,0.1675811455954068,0.1657201816535157,0.1040477118497644,False,1,-61.06182694087401,-59.27325907253092,-1.7885678683430846,-1.122955528604205,-0.0018609639418910862,-0.0635334337456424,TabReD_gap,1.0,0.0830990647492541,DAUC >= 0.95,source::tabred_homesite,tabred_homesite
bag8,groupby,same_hyperparameters,joint_groupby_combined,groupby_train_only,tabred_homesite__gap_near,0.0477639274611931,0.0477633849851864,0.0459653482601032,False,1,-3.91290236922022,-3.9117221845218775,-0.0011801846983422932,-0.00113575703831236,-5.424760067054835e-07,-0.0017985792010899032,TabReD_gap,1.0,0.0437974647176086,DAUC >= 0.95,source::tabred_homesite,tabred_homesite
bag8,groupby,same_hyperparameters,joint_groupby_combined,groupby_train_only,tabred_sberbank__gap_far,0.3554438278348676,0.3572030361598095,0.3592567871384393,False,1,1.0613464908882437,0.5716665772659149,0.4896799136223289,0.492495344903734,0.0017592083249418633,0.0038129593035716725,TabReD_gap,1.0,0.235749592588427,DAUC >= 0.95,source::tabred_sberbank,tabred_sberbank
bag8,groupby,same_hyperparameters,joint_groupby_combined,groupby_train_only,tabred_sberbank__gap_near,0.2473259233110075,0.2465571853659599,0.2477962699761038,False,1,0.18981184226124623,0.5000416714357211,-0.31022982917447484,-0.3117889036194848,-0.0007687379450475873,0.00047034666509629397,TabReD_gap,1.0,0.2265311490062835,DAUC >= 0.95,source::tabred_sberbank,tabred_sberbank
bag8,groupby,same_hyperparameters,joint_groupby_combined,groupby_train_only,tabred_weather,1.502957051940819,1.504033705029331,1.4967328890116611,False,1,-0.4158499472319311,-0.4877834963919927,0.07193354916006163,0.07158437240547195,0.001076653088512014,-0.00622416292915795,TabReD,0.9948407,0.1103651439849723,DAUC >= 0.95,source::tabred_weather,
bag8,groupby,same_hyperparameters,joint_groupby_combined,groupby_train_only,tabred_weather__gap_far,1.662571628719731,1.656996360889921,1.6422974554212553,False,1,-1.2345006826595426,-0.8950209001508426,-0.3394797825087001,-0.33646832071590616,-0.005575267829809993,-0.020274173298475695,TabReD_gap,1.0,0.1012016963019497,DAUC >= 0.95,source::tabred_weather,tabred_weather
bag8,groupby,same_hyperparameters,joint_groupby_combined,groupby_train_only,tabred_weather__gap_maxdiff,1.7939954157827065,1.7894697100710364,1.7941261827455273,False,1,0.007288615710443566,0.2595398651038656,-0.25225124939342203,-0.25290764555553424,-0.004525705711670103,0.00013076696282077194,TabReD_gap,1.0,0.2280292319342118,DAUC >= 0.95,source::tabred_weather,tabred_weather
bag8,groupby,same_hyperparameters,joint_groupby_combined,groupby_train_only,tabred_weather__gap_near,1.6687616612173388,1.6695955370323805,1.6630001348379588,False,1,-0.3464537529903079,-0.3965966121262115,0.050142859135903606,0.04994477983115933,0.0008338758150416847,-0.005761526379379989,TabReD_gap,1.0,0.0948655339805825,DAUC >= 0.95,source::tabred_weather,tabred_weather
bag8,groupby,same_hyperparameters,joint_groupby_combined,groupby_train_only,taiwanese_bankruptcy_prediction,0.06392489016533567,0.06392489016533567,0.06392489016533567,False,3,0.0,0.0,0.0,0.0,0.0,0.0,TabArena_IID,0.4813707690648705,0.0246058424438091,DAUC < 0.55,source::taiwanese_bankruptcy_prediction,
bag8,groupby,same_hyperparameters,joint_groupby_combined,groupby_train_only,tschalzev_mbgm,8.08705446331091,8.065577688885769,8.085359966984036,False,1,-0.020957586722085496,0.24466787105393853,-0.26562545777602403,-0.26627695192540723,-0.021476774425140732,-0.0016944963268734625,tschalzev_IID,0.5283598093648937,0.0054825547828749,DAUC < 0.55,source::tschalzev_mbgm,
bag8,groupby,same_hyperparameters,joint_groupby_combined,groupby_train_only,tschalzev_ogpcc,0.0232513231280377,0.023212255858532,0.0215218443612823,False,1,-8.03592265478289,-7.854398855753932,-0.1815237990289583,-0.16830449286702798,-3.9067269505699276e-05,-0.0017294787667553983,tschalzev_IID,0.498779,0.0040078342527184,DAUC < 0.55,source::tschalzev_ogpcc,
bag8,groupby,same_hyperparameters,joint_groupby_combined,groupby_train_only,tschalzev_sctp,0.1051087392387699,0.1051087392387699,0.1051087392387699,False,1,0.0,0.0,0.0,0.0,0.0,0.0,tschalzev_IID,0.495618525,0.0048744375,DAUC < 0.55,source::tschalzev_sctp,
bag8,groupby,same_hyperparameters,joint_groupby_combined,groupby_train_only,website_phishing,0.0217334983646367,0.0217334983646367,0.0217334983646367,False,3,0.0,0.0,0.0,0.0,0.0,0.0,TabArena_IID,0.4974870109756609,0.0,DAUC < 0.55,source::website_phishing,
bag8,groupby,same_hyperparameters,joint_groupby_combined,groupby_train_only,wine_quality,0.17220874309318732,0.17220874309318732,0.17220874309318732,False,3,0.0,0.0,0.0,0.0,0.0,0.0,TabArena_IID,0.4933509159780399,0.021301046461716,DAUC < 0.55,source::wine_quality,
tabicl,groupby,same_hyperparameters,joint_groupby_combined,groupby_train_only,Amazon_employee_access,0.1519169598554474,0.15191693415385168,0.15191693415385168,False,3,-1.6918190099052805e-05,0.0,-1.6918190099052805e-05,-1.6918190099052805e-05,-2.5701595712801506e-08,-2.5701595712801506e-08,TabArena_IID,0.4973770565852067,0.0,DAUC < 0.55,source::Amazon_employee_access,
tabicl,groupby,same_hyperparameters,joint_groupby_combined,groupby_train_only,Another-Dataset-on-used-Fiat-500,710.9811230148601,710.1243467520334,713.1740191287946,False,3,0.30748401583855844,0.4276196685469112,-0.12013565270835277,-0.12065158260598911,-0.8567762628267701,2.1928961139344665,TabArena_IID,0.5250604059451488,0.0313157709499172,DAUC < 0.55,source::Another-Dataset-on-used-Fiat-500,
tabicl,groupby,same_hyperparameters,joint_groupby_combined,groupby_train_only,Bank_Customer_Churn,0.12796115727584756,0.12825010393019845,0.1261516035655104,False,3,-1.4344278306359144,-1.6634749819872974,0.22904715135138293,0.2252993529799817,0.0002889466543508912,-0.0018095537103371695,TabArena_IID,0.4985240625,0.0158125,DAUC < 0.55,source::Bank_Customer_Churn,
tabicl,groupby,same_hyperparameters,joint_groupby_combined,groupby_train_only,E-CommereShippingData,0.25778504625160753,0.25876748318520365,0.25434487065501615,False,3,-1.3525633867637545,-1.738825130932624,0.3862617441688694,0.3796601186142758,0.0009824369335961203,-0.003440175596591377,TabArena_IID,0.500688337854552,0.0144240392331084,DAUC < 0.55,source::E-CommereShippingData,
tabicl,groupby,same_hyperparameters,joint_groupby_combined,groupby_train_only,Fitness_Club,0.1798161625599369,0.17933626952035361,0.17813713182503257,False,3,-0.9425495502832528,-0.6731542621326364,-0.26939528815061653,-0.2675939679501502,-0.0004798930395832901,-0.0016790307349043299,TabArena_IID,0.5044166666666666,0.0338611518035256,DAUC < 0.55,source::Fitness_Club,
tabicl,groupby,same_hyperparameters,joint_groupby_combined,groupby_train_only,HR_Analytics_Job_Change_of_Data_Scientists,0.19306710717932707,0.19346001548399058,0.19436899177038391,False,3,0.6698005577941235,0.4676549886450729,0.20214556914905066,0.20309535470704457,0.000392908304663514,0.0013018845910568455,TabArena_IID,0.5006432616140332,0.0155574144065088,DAUC < 0.55,source::HR_Analytics_Job_Change_of_Data_Scientists,
tabicl,groupby,same_hyperparameters,joint_groupby_combined,groupby_train_only,Is-this-a-good-customer,0.24863505845824108,0.2492142217093101,0.25535054336626034,False,3,2.629908211468716,2.4030971604977758,0.22681105097093973,0.23239574655758263,0.0005791632510690203,0.006715484908019265,TabArena_IID,0.5089344102652231,0.0467264045771018,DAUC < 0.55,source::Is-this-a-good-customer,
tabicl,groupby,same_hyperparameters,joint_groupby_combined,groupby_train_only,MIC,0.17220313751140634,0.17223495443183348,0.12452836705760456,False,3,-38.28426532867672,-38.30981526655747,0.025549937880758773,0.018472975205351606,3.181692042714124e-05,-0.04767477045380178,TabArena_IID,0.5315440298650391,0.1023684174323937,DAUC < 0.55,source::MIC,
tabicl,groupby,same_hyperparameters,joint_groupby_combined,groupby_train_only,Marketing_Campaign,0.0740025129231784,0.07360042115464789,0.07174106556627727,False,3,-3.152235527937507,-2.5917590904094894,-0.5604764375280178,-0.546317211535573,-0.0004020917685305103,-0.0022614473569011334,TabArena_IID,0.4893010633270867,0.0318521792685864,DAUC < 0.55,source::Marketing_Campaign,
tabicl,groupby,same_hyperparameters,joint_groupby_combined,groupby_train_only,NATICUSdroid,0.012380236422321333,0.012380236422321333,0.012380236422321333,True,3,,,,,0.0,0.0,TabArena_IID,0.4909448935914827,0.0,DAUC < 0.55,source::NATICUSdroid,
tabicl,groupby,same_hyperparameters,joint_groupby_combined,groupby_train_only,QSAR_fish_toxicity,0.8524284899593733,0.8524344435823915,0.8480591435578654,False,3,-0.5152171796859762,-0.5159192089092299,0.0007020292232536792,0.0006984259098248935,5.953623018251086e-06,-0.004369346401507879,TabArena_IID,0.4678368023195609,0.045171150688392,DAUC < 0.55,source::QSAR_fish_toxicity,
tabicl,groupby,same_hyperparameters,joint_groupby_combined,groupby_train_only,airfoil_self_noise,1.0905195306031352,1.098880516555259,1.0635441931893233,False,3,-2.5363626247555517,-3.322506351143752,0.7861437263882004,0.7608639725758046,0.008360985952123867,-0.026975337413811973,TabArena_IID,0.5474124587140708,0.0529488504762273,DAUC < 0.55,source::airfoil_self_noise,
tabicl,groupby,same_hyperparameters,joint_groupby_combined,groupby_train_only,anneal,0.00038223364246756667,0.0003033502668005333,0.000903440807484965,True,3,,,,,-7.888337566703337e-05,0.0005212071650173983,TabArena_IID,0.43732935660019,0.0336531517590013,DAUC < 0.55,source::anneal,
tabicl,groupby,same_hyperparameters,joint_groupby_combined,groupby_train_only,bike_sharing,125.47499042383912,125.8938558312566,124.32326010472048,False,1,-0.9263997084282629,-1.2633160723207997,0.33691636389253665,0.3327131452538211,0.4188654074174849,-1.1517303191186414,real_shift,0.724417889739124,0.0462872471556019,0.55 <= DAUC < 0.75,source::bike_sharing,
tabicl,groupby,same_hyperparameters,joint_groupby_combined,groupby_train_only,blood-transfusion-service-center,0.24644067796610156,0.24623253047873903,0.2463663395777578,False,3,-0.030173922489232986,0.05431306048062839,-0.08448698296986137,-0.08453289537245104,-0.00020814748736253108,-7.433838834375317e-05,TabArena_IID,0.5146430905695611,0.0393868450390189,DAUC < 0.55,source::blood-transfusion-service-center,
tabicl,groupby,same_hyperparameters,joint_groupby_combined,groupby_train_only,churn,0.0686189722213193,0.06818899996463511,0.06434975285373433,False,3,-6.634399012050311,-5.966218890734995,-0.6681801213153167,-0.6305595578571107,-0.0004299722566841885,-0.004269219367584967,TabArena_IID,0.4777912499999999,0.0261333333333333,DAUC < 0.55,source::churn,
tabicl,groupby,same_hyperparameters,joint_groupby_combined,groupby_train_only,coil2000_insurance_policies,0.28214843045737936,0.28318940175073815,0.2308936310061714,False,3,-22.198446630101284,-22.64929115483872,0.4508445247374363,0.36758836556851127,0.0010409712933587834,-0.05125479945120795,TabArena_IID,0.4998567392475893,0.009434077843747,DAUC < 0.55,source::coil2000_insurance_policies,
tabicl,groupby,same_hyperparameters,joint_groupby_combined,groupby_train_only,concrete_compressive_strength,4.259480832002225,4.168788170434827,3.7487978437912495,False,3,-13.622580077417826,-11.203333552359055,-2.419246525058772,-2.1755161898268924,-0.09069266156739797,-0.5106829882109758,TabArena_IID,0.5128188681237462,0.0502123786407767,DAUC < 0.55,source::concrete_compressive_strength,
tabicl,groupby,same_hyperparameters,joint_groupby_combined,groupby_train_only,credit-g,0.2264073829524473,0.22493488866879416,0.2072395852438771,False,3,-9.249100593409208,-8.538573074296325,-0.7105275191128826,-0.6546313434823908,-0.0014724942836531474,-0.019167797708570217,TabArena_IID,0.4666875,0.0366071428571428,DAUC < 0.55,source::credit-g,
tabicl,groupby,same_hyperparameters,joint_groupby_combined,groupby_train_only,credit_card_clients_default,0.21468883984974943,0.21468616963146026,0.20931546090444395,False,3,-2.5671199452192037,-2.565844254318189,-0.001275690901014563,-0.0012437775073068287,-2.670218289174686e-06,-0.005373378945305485,TabArena_IID,0.5084822083333334,0.0089083333333333,DAUC < 0.55,source::credit_card_clients_default,
tabicl,groupby,same_hyperparameters,joint_groupby_combined,groupby_train_only,diabetes,0.15759368707495733,0.15785841940654288,0.15705705596162942,False,3,-0.34167908601254854,-0.5102371491728761,0.16855806316032756,0.16770238330067921,0.0002647323315855543,-0.0005366311133279122,TabArena_IID,0.5164146241145119,0.0782684335208765,DAUC < 0.55,source::diabetes,
tabicl,groupby,same_hyperparameters,joint_groupby_combined,groupby_train_only,gas_sensor_drift,0.0288742422311484,0.0288742422311484,0.0288742035260366,False,1,-0.00013404737472576074,-0.00013404737472576074,0.0,0.0,0.0,-3.87051117996251e-08,real_shift,0.9997012367140782,0.2156844866039522,DAUC >= 0.95,source::gas_sensor_drift,
tabicl,groupby,same_hyperparameters,joint_groupby_combined,groupby_train_only,hazelnut-spread-contaminant-detection,0.006410416666666634,0.006410416666666634,0.006410416666666634,True,3,,,,,0.0,0.0,TabArena_IID,0.5092881944444444,0.0430034722222222,DAUC < 0.55,source::hazelnut-spread-contaminant-detection,
tabicl,groupby,same_hyperparameters,joint_groupby_combined,groupby_train_only,healthcare_insurance_expenses,4468.414262453472,4458.034681123389,4467.922310030383,False,3,-0.011010764936170191,0.22130261497153822,-0.23231337990770842,-0.23282863576706347,-10.379581330082146,-0.4919524230881507,TabArena_IID,0.5250682484635931,0.0656832659134235,DAUC < 0.55,source::healthcare_insurance_expenses,
tabicl,groupby,same_hyperparameters,joint_groupby_combined,groupby_train_only,heloc,0.19997094266931495,0.20008514722964377,0.19857754625701407,False,3,-0.7016888054893378,-0.7592001215879894,0.05751131609865175,0.057077980005053416,0.00011420456032881776,-0.001393396412300879,TabArena_IID,0.5007809088419239,0.0177986239441687,DAUC < 0.55,source::heloc,
tabicl,groupby,same_hyperparameters,joint_groupby_combined,groupby_train_only,houses,0.20131964911174502,0.20176421956137455,0.19718856609087268,False,3,-2.094991156317129,-2.320445632934529,0.2254544766174002,0.22034157027247323,0.0004445704496295333,-0.004131083020872339,TabArena_IID,0.4876979973585736,0.0143910489341085,DAUC < 0.55,source::houses,
tabicl,groupby,same_hyperparameters,joint_groupby_combined,groupby_train_only,in_vehicle_coupon_recommendation,0.19671433331299434,0.19944265453457488,0.1611430978312823,False,3,-22.074315288983282,-23.767419901156682,1.6931046121734017,1.3679727779132436,0.0027283212215805375,-0.03557123548171204,TabArena_IID,0.4999967486682508,0.0148968616209672,DAUC < 0.55,source::in_vehicle_coupon_recommendation,
tabicl,groupby,same_hyperparameters,joint_groupby_combined,groupby_train_only,jm1,0.22591871595401936,0.22740702552676964,0.2182229375414122,False,3,-3.5265671424419938,-4.208580495171171,0.6820133527291777,0.6544694779339989,0.0014883095727502849,-0.007695778412607157,TabArena_IID,0.5013936268693818,0.0156089518163831,DAUC < 0.55,source::jm1,
tabicl,groupby,same_hyperparameters,joint_groupby_combined,groupby_train_only,maternal_health_risk,0.03807453430735837,0.03807453430735837,0.03807453430735837,False,3,0.0,0.0,0.0,0.0,0.0,0.0,TabArena_IID,0.4809925428071595,0.03878222065645,DAUC < 0.55,source::maternal_health_risk,
tabicl,groupby,same_hyperparameters,joint_groupby_combined,groupby_train_only,miami_housing,78183.90436466651,78183.86711687935,77774.50022663208,False,3,-0.5263989313225274,-0.526351039292301,-4.789203022638332e-05,-4.764126990709528e-05,-0.0372477871569572,-409.4041380344279,TabArena_IID,0.5000548768378967,0.0174142973418732,DAUC < 0.55,source::miami_housing,
tabicl,groupby,same_hyperparameters,joint_groupby_combined,groupby_train_only,online_shoppers_intention,0.062480010234759735,0.06274538379745791,0.0622801880154342,False,3,-0.3208439564697726,-0.7469402338805079,0.42609627741073536,0.4229371893792186,0.0002653735626981721,-0.00019982221932553224,TabArena_IID,0.5085433381403395,0.0162298164122981,DAUC < 0.55,source::online_shoppers_intention,
tabicl,groupby,same_hyperparameters,joint_groupby_combined,groupby_train_only,polish_companies_bankruptcy,0.015463455954419067,0.015463455954419067,0.015463455954419067,True,3,,,,,0.0,0.0,TabArena_IID,0.4797271737327021,0.028469599510753,DAUC < 0.55,source::polish_companies_bankruptcy,
tabicl,groupby,same_hyperparameters,joint_groupby_combined,groupby_train_only,qsar-biodeg,0.0634892787405206,0.06375366033516038,0.056617394902967334,False,3,-12.137407327430934,-12.604369106744308,0.4669617793133743,0.41469241648227145,0.00026438159463977595,-0.006871883837553265,TabArena_IID,0.5242964850267431,0.0520357221163414,DAUC < 0.55,source::qsar-biodeg,
tabicl,groupby,same_hyperparameters,joint_groupby_combined,groupby_train_only,seismic-bumps,0.2179508506234633,0.21781324648518585,0.2124974000362504,False,3,-2.566361087845122,-2.50160540695021,-0.06475568089491177,-0.06317528456049036,-0.00013760413827745843,-0.005453450587212916,TabArena_IID,0.5032746248400783,0.0270932551506253,DAUC < 0.55,source::seismic-bumps,
tabicl,groupby,same_hyperparameters,joint_groupby_combined,groupby_train_only,splice,0.004302219973416,0.004302219973416,0.004302219973416,True,3,,,,,0.0,0.0,TabArena_IID,0.4935215615848055,0.0,DAUC < 0.55,source::splice,
tabicl,groupby,same_hyperparameters,joint_groupby_combined,groupby_train_only,students_dropout_and_academic_success,0.10889124273681831,0.10996703898219688,0.10118363324800446,False,3,-7.6174468551867935,-8.68065857317458,1.0632117179877858,0.9782897269360272,0.0010757962453785685,-0.007707609488813855,TabArena_IID,0.4990070724969652,0.0241838594407484,DAUC < 0.55,source::students_dropout_and_academic_success,
tabicl,groupby,same_hyperparameters,joint_groupby_combined,groupby_train_only,synthetic_large_test,0.2433147733958747,0.2432843114772808,0.2439421588506672,False,1,0.25718615336865686,0.26967350641063453,-0.012487353041977671,-0.012521119183120646,-3.046191859390479e-05,0.0006273854547924895,synthetic,0.64072835,0.0878719999999999,0.55 <= DAUC < 0.75,source::synthetic_generator,
tabicl,groupby,same_hyperparameters,joint_groupby_combined,groupby_train_only,synthetic_shift_0.0,0.2427705551334441,0.2424952873332441,0.2424619681395514,False,1,-0.12727232904216948,-0.013742028883279314,-0.11353030015889015,-0.11351470093590077,-0.0002752678001999853,-0.00030858699389268995,synthetic,0.49784605,0.011,DAUC < 0.55,source::synthetic_generator,
tabicl,groupby,same_hyperparameters,joint_groupby_combined,groupby_train_only,synthetic_shift_0.5,0.240517578125,0.2406817336309524,0.2403807785002588,False,1,-0.056909552250680034,-0.12519933273004613,0.06828978047936611,0.06820438903939618,0.000164155505952418,-0.00013679962474119622,synthetic,0.5719888750000001,0.04362,0.55 <= DAUC < 0.75,source::synthetic_generator,
tabicl,groupby,same_hyperparameters,joint_groupby_combined,groupby_train_only,synthetic_shift_1.0,0.2431885734796204,0.2430720905074096,0.2428629465239087,False,1,-0.134078483511952,-0.08611605289912981,-0.047962430612822196,-0.0479211627989164,-0.00011648297221078519,-0.00032562695571169975,synthetic,0.643362075,0.08208,0.55 <= DAUC < 0.75,source::synthetic_generator,
tabicl,groupby,same_hyperparameters,joint_groupby_combined,groupby_train_only,synthetic_shift_3.0,0.2513808900255754,0.2503713554987212,0.2502299744245524,False,1,-0.45994313977360846,-0.05650045502898232,-0.4034426847446261,-0.4032148665103033,-0.0010095345268542055,-0.0011509156010229837,synthetic,0.8405509999999999,0.20872,0.75 <= DAUC < 0.95,source::synthetic_generator,
tabicl,groupby,same_hyperparameters,joint_groupby_combined,groupby_train_only,synthetic_shift_5.0,0.2591344586622397,0.2586084015860682,0.2588713740054131,False,1,-0.10162755841096452,0.10158420194402076,-0.20321176035498528,-0.20341840131456798,-0.0005260570761715377,-0.00026308465682661764,synthetic,0.93479215,0.30666,0.75 <= DAUC < 0.95,source::synthetic_generator,
tabicl,groupby,same_hyperparameters,joint_groupby_combined,groupby_train_only,synthetic_small_test,0.251759597923607,0.2516634388910149,0.2524662624669624,False,1,0.279904545047027,0.31799241930496636,-0.038087874257939344,-0.038209377180838056,-9.615903259213576e-05,0.0007066645433553842,synthetic,0.6399588,0.0856239999999999,0.55 <= DAUC < 0.75,source::synthetic_generator,
tabicl,groupby,same_hyperparameters,joint_groupby_combined,groupby_train_only,tabred_delivery_eta__gap_far,0.5963388521540752,0.5966430752723753,0.5606875625200399,False,1,-6.358494822642166,-6.412753760888037,0.05425893824587118,0.05098913084026778,0.0003042231183000288,-0.0356512896340353,TabReD_gap,0.999999625,0.2379337040655923,DAUC >= 0.95,source::tabred_delivery_eta,tabred_delivery_eta
tabicl,groupby,same_hyperparameters,joint_groupby_combined,groupby_train_only,tabred_delivery_eta__gap_maxdiff,0.5670338803585345,0.5668276304580437,0.5485074338313581,False,1,-3.377610837061591,-3.3400088124089593,-0.03760202465263169,-0.036386705482955674,-0.00020624990049078473,-0.018526446527176388,TabReD_gap,1.0,0.2496496029927623,DAUC >= 0.95,source::tabred_delivery_eta,tabred_delivery_eta
tabicl,groupby,same_hyperparameters,joint_groupby_combined,groupby_train_only,tabred_delivery_eta__gap_near,0.6045715822207871,0.5841852563447842,0.5606876688263737,False,1,-7.8268019495186785,-4.190851489135746,-3.6359504603829325,-3.48970222281182,-0.020386325876002864,-0.04388391339441344,TabReD_gap,0.946211,0.1571228260314691,0.75 <= DAUC < 0.95,source::tabred_delivery_eta,tabred_delivery_eta
tabicl,groupby,same_hyperparameters,joint_groupby_combined,groupby_train_only,taiwanese_bankruptcy_prediction,0.05888612067254909,0.0587761707551836,0.058424639090695264,False,3,-0.7898749381017991,-0.6016839298615705,-0.1881910082402286,-0.1870654653966164,-0.00010994991736549414,-0.0004614815818538287,TabArena_IID,0.4813707690648705,0.0246058424438091,DAUC < 0.55,source::taiwanese_bankruptcy_prediction,
tabicl,groupby,same_hyperparameters,joint_groupby_combined,groupby_train_only,website_phishing,0.0200714767488947,0.02007875480922497,0.0200714767488947,True,3,,,,,7.27806033026801e-06,0.0,TabArena_IID,0.4974870109756609,0.0,DAUC < 0.55,source::website_phishing,
tabicl,groupby,same_hyperparameters,joint_groupby_combined,groupby_train_only,wine_quality,0.09772910942649747,0.0977347285259864,0.09874133671770506,False,3,1.0251302289956647,1.0194395024208422,0.0056907265748224484,0.0057493375933768635,5.619099488929358e-06,0.0010122272912075903,TabArena_IID,0.4933509159780399,0.021301046461716,DAUC < 0.55,source::wine_quality,
tabpfn,groupby,same_hyperparameters,joint_groupby_combined,groupby_train_only,Another-Dataset-on-used-Fiat-500,726.9207355344791,726.2125227805878,723.6962113966459,False,3,-0.4455632193528101,-0.3477027161833189,-0.09786050316949124,-0.09752141854833818,-0.7082127538913028,-3.224524137833214,TabArena_IID,0.5250604059451488,0.0313157709499172,DAUC < 0.55,source::Another-Dataset-on-used-Fiat-500,
tabpfn,groupby,same_hyperparameters,joint_groupby_combined,groupby_train_only,Bank_Customer_Churn,0.129559204777118,0.12902957963567588,0.12787327021734088,False,3,-1.3184417329060254,-0.904262021585644,-0.4141797113203815,-0.4104680050400441,-0.0005296251414421138,-0.0016859345597771136,TabArena_IID,0.4985240625,0.0158125,DAUC < 0.55,source::Bank_Customer_Churn,
tabpfn,groupby,same_hyperparameters,joint_groupby_combined,groupby_train_only,E-CommereShippingData,0.2560859644973474,0.25449616869064917,0.25506745139171844,False,3,-0.3993112802404462,0.22397318746558542,-0.6232844677060316,-0.6246835914573933,-0.0015897958066982132,-0.0010185131056289487,TabArena_IID,0.500688337854552,0.0144240392331084,DAUC < 0.55,source::E-CommereShippingData,
tabpfn,groupby,same_hyperparameters,joint_groupby_combined,groupby_train_only,Fitness_Club,0.17809272564660758,0.17842835156469158,0.17749400775030552,False,3,-0.33731724461612334,-0.5264086524546091,0.18909140783848577,0.18810122670573354,0.00033562591808400377,-0.000598717896302059,TabArena_IID,0.5044166666666666,0.0338611518035256,DAUC < 0.55,source::Fitness_Club,
tabpfn,groupby,same_hyperparameters,joint_groupby_combined,groupby_train_only,Is-this-a-good-customer,0.26219166120934284,0.2625700865386523,0.26227783349590816,False,3,0.0328553448138296,-0.11142880008146823,0.14428414489529784,0.14412354975317307,0.00037842532930948414,8.61722865653225e-05,TabArena_IID,0.5089344102652231,0.0467264045771018,DAUC < 0.55,source::Is-this-a-good-customer,
tabpfn,groupby,same_hyperparameters,joint_groupby_combined,groupby_train_only,Marketing_Campaign,0.08218431584480453,0.0813295885768401,0.07925134966343557,False,3,-3.7008406718935007,-2.62233882732646,-1.078501844567041,-1.0509425695137788,-0.000854727267964428,-0.0029329661813689567,TabArena_IID,0.4893010633270867,0.0318521792685864,DAUC < 0.55,source::Marketing_Campaign,
tabpfn,groupby,same_hyperparameters,joint_groupby_combined,groupby_train_only,NATICUSdroid,0.0150456938233939,0.015047808730528333,0.0150456938233939,True,3,,,,,2.1149071344327836e-06,0.0,TabArena_IID,0.4909448935914827,0.0,DAUC < 0.55,source::NATICUSdroid,
tabpfn,groupby,same_hyperparameters,joint_groupby_combined,groupby_train_only,QSAR_fish_toxicity,0.85902292754399,0.8607199155451409,0.8558717334200979,False,3,-0.3681853250719928,-0.5664612973803305,0.19827597230833768,0.19715914207424,0.001696988001150923,-0.003151194123892087,TabArena_IID,0.4678368023195609,0.045171150688392,DAUC < 0.55,source::QSAR_fish_toxicity,
tabpfn,groupby,same_hyperparameters,joint_groupby_combined,groupby_train_only,airfoil_self_noise,1.1005900334137297,1.1017941870324373,1.3448544874649973,False,3,18.16289095422489,18.073353117237243,0.08953783698765075,0.10929024974716667,0.0012041536187075152,0.2442644540512675,TabArena_IID,0.5474124587140708,0.0529488504762273,DAUC < 0.55,source::airfoil_self_noise,
tabpfn,groupby,same_hyperparameters,joint_groupby_combined,groupby_train_only,bike_sharing,125.61673911843152,125.52225022320876,124.84424498341258,False,1,-0.6187663156772527,-0.5430808924242053,-0.07568542325304736,-0.0752766103656867,-0.09448889522276716,-0.7724941350189454,real_shift,0.724417889739124,0.0462872471556019,0.55 <= DAUC < 0.75,source::bike_sharing,
tabpfn,groupby,same_hyperparameters,joint_groupby_combined,groupby_train_only,blood-transfusion-service-center,0.25116612151848544,0.25116612151848544,0.25116612151848544,False,3,0.0,0.0,0.0,0.0,0.0,0.0,TabArena_IID,0.5146430905695611,0.0393868450390189,DAUC < 0.55,source::blood-transfusion-service-center,
tabpfn,groupby,same_hyperparameters,joint_groupby_combined,groupby_train_only,churn,0.07078296682873157,0.07253630542226552,0.07264049721075806,False,3,2.5571553793706543,0.14343485038412956,2.413720528986525,2.4171876184305243,0.0017533385935339513,0.00185753038202649,TabArena_IID,0.4777912499999999,0.0261333333333333,DAUC < 0.55,source::churn,
tabpfn,groupby,same_hyperparameters,joint_groupby_combined,groupby_train_only,concrete_compressive_strength,4.507511756823782,4.417596009197352,4.1195335588295805,False,3,-9.41801280299394,-7.235344635776077,-2.1826681672178654,-2.035399965031379,-0.08991574762643051,-0.38797819799420186,TabArena_IID,0.5128188681237462,0.0502123786407767,DAUC < 0.55,source::concrete_compressive_strength,
tabpfn,groupby,same_hyperparameters,joint_groupby_combined,groupby_train_only,credit-g,0.2246536871966057,0.22630158468141293,0.22838866268050817,False,3,1.6353594088544205,0.9138273216367344,0.7215320872176862,0.7281864539866741,0.0016478974848072314,0.003734975483902475,TabArena_IID,0.4666875,0.0366071428571428,DAUC < 0.55,source::credit-g,
tabpfn,groupby,same_hyperparameters,joint_groupby_combined,groupby_train_only,diabetes,0.1583685185920745,0.15536994089374911,0.1525099118130329,False,3,-3.8414596857310257,-1.8753070188791616,-1.9661526668518639,-1.9299599916665808,-0.002998577698325372,-0.0058586067790415974,TabArena_IID,0.5164146241145119,0.0782684335208765,DAUC < 0.55,source::diabetes,
tabpfn,groupby,same_hyperparameters,joint_groupby_combined,groupby_train_only,gas_sensor_drift,0.0456067237637936,0.0456011798647786,0.0456067237637936,False,1,0.0,0.012155880882194138,-0.012155880882194138,-0.012157358716238105,-5.543899014998077e-06,0.0,real_shift,0.9997012367140782,0.2156844866039522,DAUC >= 0.95,source::gas_sensor_drift,
tabpfn,groupby,same_hyperparameters,joint_groupby_combined,groupby_train_only,hazelnut-spread-contaminant-detection,0.0124041666666666,0.0124041666666666,0.0124041666666666,True,3,,,,,0.0,0.0,TabArena_IID,0.5092881944444444,0.0430034722222222,DAUC < 0.55,source::hazelnut-spread-contaminant-detection,
tabpfn,groupby,same_hyperparameters,joint_groupby_combined,groupby_train_only,healthcare_insurance_expenses,5413.969151831209,5496.791723999354,5305.039761741123,False,3,-2.0533190132836214,-3.6145245063214753,1.561205493037854,1.506743866727493,82.82257216814469,-108.9293900900866,TabArena_IID,0.5250682484635931,0.0656832659134235,DAUC < 0.55,source::healthcare_insurance_expenses,
tabpfn,groupby,same_hyperparameters,joint_groupby_combined,groupby_train_only,heloc,0.2000550985159463,0.19982747758955213,0.19813142890480717,False,3,-0.9709058384994341,-0.856022032506429,-0.11488380599300511,-0.11390872223373777,-0.00022762092639416753,-0.0019236696111391283,TabArena_IID,0.5007809088419239,0.0177986239441687,DAUC < 0.55,source::heloc,
tabpfn,groupby,same_hyperparameters,joint_groupby_combined,groupby_train_only,jm1,0.26432265366282587,0.26504969641166815,0.2637242968115845,False,3,-0.22688726767896858,-0.5025701522793611,0.2756828846003925,0.2743043129968553,0.000727042748842277,-0.0005983568512413773,TabArena_IID,0.5013936268693818,0.0156089518163831,DAUC < 0.55,source::jm1,
tabpfn,groupby,same_hyperparameters,joint_groupby_combined,groupby_train_only,maternal_health_risk,0.046240223808542334,0.046240223808542334,0.046240223808542334,False,3,0.0,0.0,0.0,0.0,0.0,0.0,TabArena_IID,0.4809925428071595,0.03878222065645,DAUC < 0.55,source::maternal_health_risk,
tabpfn,groupby,same_hyperparameters,joint_groupby_combined,groupby_train_only,online_shoppers_intention,0.06693953827715678,0.06704537088331523,0.06716734616781866,False,3,0.3391646442196874,0.1815990826832341,0.15756556153645326,0.15785221971945892,0.00010583260615845691,0.000227807890661888,TabArena_IID,0.5085433381403395,0.0162298164122981,DAUC < 0.55,source::online_shoppers_intention,
tabpfn,groupby,same_hyperparameters,joint_groupby_combined,groupby_train_only,polish_companies_bankruptcy,0.03608486251999544,0.03608486251999544,0.03608486251999544,False,3,0.0,0.0,0.0,0.0,0.0,0.0,TabArena_IID,0.4797271737327021,0.028469599510753,DAUC < 0.55,source::polish_companies_bankruptcy,
tabpfn,groupby,same_hyperparameters,joint_groupby_combined,groupby_train_only,seismic-bumps,0.2211276632993441,0.22014187269983712,0.22500151538162685,False,3,1.7217004408669319,2.1598266454104786,-0.4381262045435466,-0.44779786208646866,-0.000985790599506986,0.003873852082282747,TabArena_IID,0.5032746248400783,0.0270932551506253,DAUC < 0.55,source::seismic-bumps,
tabpfn,groupby,same_hyperparameters,joint_groupby_combined,groupby_train_only,splice,0.0047421837540313,0.0047421837540313,0.0047421837540313,True,3,,,,,0.0,0.0,TabArena_IID,0.4935215615848055,0.0,DAUC < 0.55,source::splice,
tabpfn,groupby,same_hyperparameters,joint_groupby_combined,groupby_train_only,synthetic_large_test,0.2443071868868451,0.2447427857552541,0.2439493342287154,False,1,-0.14669138543096144,-0.32525258945564467,0.17856120402468323,0.17798231194630484,0.00043559886840899287,-0.00035785265812970923,synthetic,0.64072835,0.0878719999999999,0.55 <= DAUC < 0.75,source::synthetic_generator,
tabpfn,groupby,same_hyperparameters,joint_groupby_combined,groupby_train_only,synthetic_shift_0.0,0.2449077609895518,0.2461642944220922,0.2422123920007034,False,1,-1.112812175539131,-1.63158556370531,0.5187733881661791,0.5104450405735317,0.0012565334325403965,-0.0026953689888483956,synthetic,0.49784605,0.011,DAUC < 0.55,source::synthetic_generator,
tabpfn,groupby,same_hyperparameters,joint_groupby_combined,groupby_train_only,synthetic_shift_0.5,0.2438356261322464,0.2443698240165631,0.2407155594914597,False,1,-1.2961632589842629,-1.5180840544015788,0.22192079541731582,0.2186022298237945,0.0005341978843166895,-0.003120066640786706,synthetic,0.5719888750000001,0.04362,0.55 <= DAUC < 0.75,source::synthetic_generator,
tabpfn,groupby,same_hyperparameters,joint_groupby_combined,groupby_train_only,synthetic_shift_1.0,0.2471041579147361,0.2469562532146112,0.2432389244424748,False,1,-1.589068641509893,-1.5282622962820813,-0.06080634522781148,-0.05989105284828477,-0.00014790470012490675,-0.003865233472261309,synthetic,0.643362075,0.08208,0.55 <= DAUC < 0.75,source::synthetic_generator,
tabpfn,groupby,same_hyperparameters,joint_groupby_combined,groupby_train_only,synthetic_shift_3.0,0.255956051150895,0.2567977289002557,0.2518339846547315,False,1,-1.636818994789325,-1.9710382823547736,0.3342192875654488,0.3277590315791485,0.0008416777493607253,-0.004122066496163479,synthetic,0.8405509999999999,0.20872,0.75 <= DAUC < 0.95,source::synthetic_generator,
tabpfn,groupby,same_hyperparameters,joint_groupby_combined,groupby_train_only,synthetic_shift_5.0,0.2660623396603396,0.2656785099208281,0.2605052599197843,False,1,-2.1331929122146938,-1.9858524171975491,-0.14734049501714477,-0.14447150415962912,-0.0003838297395115098,-0.005557079740555304,synthetic,0.93479215,0.30666,0.75 <= DAUC < 0.95,source::synthetic_generator,
tabpfn,groupby,same_hyperparameters,joint_groupby_combined,groupby_train_only,taiwanese_bankruptcy_prediction,0.0605069174235576,0.060262483290665365,0.05860884184002716,False,3,-3.2385481847794155,-2.8214880190804985,-0.4170601656989173,-0.4056157654726061,-0.00024443413289223365,-0.0018980755835304383,TabArena_IID,0.4813707690648705,0.0246058424438091,DAUC < 0.55,source::taiwanese_bankruptcy_prediction,
tabpfn,groupby,same_hyperparameters,joint_groupby_combined,groupby_train_only,website_phishing,0.019962495978092933,0.019962495978092933,0.019962495978092933,True,3,,,,,0.0,0.0,TabArena_IID,0.4974870109756609,0.0,DAUC < 0.55,source::website_phishing,
tabpfn,groupby,same_hyperparameters,joint_groupby_combined,groupby_train_only,wine_quality,0.11469322974352798,0.11561779186719094,0.10840946031599134,False,3,-5.7963294063274,-6.649172065047451,0.8528426587200505,0.7996711481265741,0.0009245621236629586,-0.00628376942753664,TabArena_IID,0.4933509159780399,0.021301046461716,DAUC < 0.55,source::wine_quality,
bag8,pca_5,same_hyperparameters,joint_pca_5,pca_train_only_5,APSFailure,0.007764144555041367,0.008007473060265067,0.007795399190903867,True,3,,,,,0.0002433285052236998,3.125463586250033e-05,TabArena_IID,0.5018079,0.0059871498851508,DAUC < 0.55,source::APSFailure,
bag8,pca_5,same_hyperparameters,joint_pca_5,pca_train_only_5,Amazon_employee_access,0.15525080906850117,0.15525080906850117,0.15525080906850117,False,3,0.0,0.0,0.0,0.0,0.0,0.0,TabArena_IID,0.4973770565852067,0.0,DAUC < 0.55,source::Amazon_employee_access,
bag8,pca_5,same_hyperparameters,joint_pca_5,pca_train_only_5,Another-Dataset-on-used-Fiat-500,746.5428378101296,748.3963346418927,748.4780342430635,False,3,0.2585508651420729,0.010915430705103982,0.24763543443696898,0.247662467862031,1.8534968317630955,1.9351964329338216,TabArena_IID,0.5250604059451488,0.0313157709499172,DAUC < 0.55,source::Another-Dataset-on-used-Fiat-500,
bag8,pca_5,same_hyperparameters,joint_pca_5,pca_train_only_5,Bank_Customer_Churn,0.13506714862753716,0.13459455079837992,0.1341471949045324,False,3,-0.6857793214829915,-0.33348136289089075,-0.3522979585921007,-0.35112701543554814,-0.00047259782915723414,-0.0009199537230047683,TabArena_IID,0.4985240625,0.0158125,DAUC < 0.55,source::Bank_Customer_Churn,
bag8,pca_5,same_hyperparameters,joint_pca_5,pca_train_only_5,Bioresponse,0.1259931993321698,0.1252829841533914,0.12509248702085657,False,3,-0.720037096362988,-0.15228503091721785,-0.5677520654457701,-0.5668887786938699,-0.000710215178778395,-0.0009007123113132232,TabArena_IID,0.5301520014716704,0.0098021704294174,DAUC < 0.55,source::Bioresponse,
bag8,pca_5,same_hyperparameters,joint_pca_5,pca_train_only_5,Diabetes130US,0.35301056807426884,0.3521552876311152,0.3529402335997825,False,3,-0.019928154341876562,0.22240195192860499,-0.24233010627048154,-0.242870254457048,-0.0008552804431536387,-7.033447448634433e-05,TabArena_IID,0.5012846750000001,0.0039252033937267,DAUC < 0.55,source::diabetes_130_us,
bag8,pca_5,same_hyperparameters,joint_pca_5,pca_train_only_5,E-CommereShippingData,0.25719208463186144,0.2569199240589945,0.25874591438248,False,3,0.6005233954425622,0.7057078863808933,-0.10518449093833118,-0.10593206185303393,-0.00027216057286694184,0.0015538297506185739,TabArena_IID,0.500688337854552,0.0144240392331084,DAUC < 0.55,source::E-CommereShippingData,
bag8,pca_5,same_hyperparameters,joint_pca_5,pca_train_only_5,Fitness_Club,0.1980364555064348,0.1983876119968098,0.19806031347407185,False,3,0.012045809288373828,-0.16525194623646128,0.17729775552483512,0.17700525090277755,0.000351156490374982,2.3857967637042066e-05,TabArena_IID,0.5044166666666666,0.0338611518035256,DAUC < 0.55,source::Fitness_Club,
bag8,pca_5,same_hyperparameters,joint_pca_5,pca_train_only_5,Food_Delivery_Time,7.624630609820838,7.627060389951229,7.61254331638673,False,3,-0.15878127626662228,-0.19069938864255337,0.03191811237593107,0.031857360584059614,0.0024297801303907463,-0.012087293434108304,TabArena_IID,0.4998231287092426,0.0079414057802949,DAUC < 0.55,source::Food_Delivery_Time,
bag8,pca_5,same_hyperparameters,joint_pca_5,pca_train_only_5,GiveMeSomeCredit,0.13458467092251392,0.13455880478683738,0.13467859812932512,False,3,0.06974174673321674,0.08894757159018539,-0.01920582485696865,-0.019222923180326194,-2.5866135676538837e-05,9.39272068112007e-05,TabArena_IID,0.5044638750000001,0.0040447365644625,DAUC < 0.55,source::GiveMeSomeCredit,
bag8,pca_5,same_hyperparameters,joint_pca_5,pca_train_only_5,HR_Analytics_Job_Change_of_Data_Scientists,0.19851807992732595,0.1979879957916372,0.19807157913220882,False,3,-0.2254239588906882,0.042198553138123075,-0.26762251202881127,-0.2677354925328974,-0.000530084135688752,-0.00044650079511712737,TabArena_IID,0.5006432616140332,0.0155574144065088,DAUC < 0.55,source::HR_Analytics_Job_Change_of_Data_Scientists,
bag8,pca_5,same_hyperparameters,joint_pca_5,pca_train_only_5,Is-this-a-good-customer,0.2958428168644278,0.2912061525028125,0.2816658347110213,False,3,-5.033262968492992,-3.3871050784626475,-1.6461578900303444,-1.5922274724503027,-0.004636664361615306,-0.014176982153406514,TabArena_IID,0.5089344102652231,0.0467264045771018,DAUC < 0.55,source::Is-this-a-good-customer,
bag8,pca_5,same_hyperparameters,joint_pca_5,pca_train_only_5,MIC,0.1780511337862628,0.1732064977231741,0.17328258022548715,False,3,-2.751894365013776,0.04390660746974889,-2.795800972483525,-2.7970290530506627,-0.004844636063088714,-0.004768553560775657,TabArena_IID,0.5315440298650391,0.1023684174323937,DAUC < 0.55,source::MIC,
bag8,pca_5,same_hyperparameters,joint_pca_5,pca_train_only_5,Marketing_Campaign,0.0916361078484091,0.09272849371645984,0.09077602790089785,False,3,-0.9474747545136228,-2.1508605969117114,1.2033858423980888,1.178047679056431,0.0010923858680507437,-0.0008600799475112497,TabArena_IID,0.4893010633270867,0.0318521792685864,DAUC < 0.55,source::Marketing_Campaign,
bag8,pca_5,same_hyperparameters,joint_pca_5,pca_train_only_5,NATICUSdroid,0.015374123980250199,0.015374123980250199,0.015374123980250199,True,3,,,,,0.0,0.0,TabArena_IID,0.4909448935914827,0.0,DAUC < 0.55,source::NATICUSdroid,
bag8,pca_5,same_hyperparameters,joint_pca_5,pca_train_only_5,QSAR-TID-11,0.7780720468789389,0.7792338652719383,0.7712617761086863,False,3,-0.8830037973116073,-1.0336424558045978,0.15063865849299043,0.1490975231927174,0.0011618183929993364,-0.006810270770252647,TabArena_IID,0.5050515529554785,0.0053456712564641,DAUC < 0.55,source::QSAR-TID-11,
bag8,pca_5,same_hyperparameters,joint_pca_5,pca_train_only_5,QSAR_fish_toxicity,0.8807099718990342,0.8923927050106221,0.8879213450978166,False,3,0.8121635140990973,-0.5035761261390636,1.315739640238161,1.3091470880467129,0.01168273311158785,0.0072113731987824,TabArena_IID,0.4678368023195609,0.045171150688392,DAUC < 0.55,source::QSAR_fish_toxicity,
bag8,pca_5,same_hyperparameters,joint_pca_5,pca_train_only_5,SDSS17,0.007049008606664333,0.006993611001665734,0.006966283496635968,True,3,,,,,-5.5397604998599394e-05,-8.27251100283654e-05,TabArena_IID,0.503639075,0.0056937685466399,DAUC < 0.55,source::SDSS17,
bag8,pca_5,same_hyperparameters,joint_pca_5,pca_train_only_5,airfoil_self_noise,1.562147756719935,1.5737443573814678,1.5191985317946408,False,3,-2.827097579837577,-3.59043432739443,0.763336747556853,0.7368795705058542,0.011596600661532674,-0.042949224925294294,TabArena_IID,0.5474124587140708,0.0529488504762273,DAUC < 0.55,source::airfoil_self_noise,
bag8,pca_5,same_hyperparameters,joint_pca_5,pca_train_only_5,anneal,0.004946277683272066,0.004983597414910833,0.005311829229791567,True,3,,,,,3.7319731638767e-05,0.0003655515465195011,TabArena_IID,0.43732935660019,0.0336531517590013,DAUC < 0.55,source::anneal,
bag8,pca_5,same_hyperparameters,joint_pca_5,pca_train_only_5,bank-marketing,0.2373857560126917,0.23733825013514176,0.23769053892853007,False,3,0.12822677638422816,0.14821321663721482,-0.01998644025298664,-0.020016106768674033,-4.750587754995261e-05,0.00030478291583835304,TabArena_IID,0.4965386712119099,0.0053437601561689,DAUC < 0.55,source::bank-marketing,
bag8,pca_5,same_hyperparameters,joint_pca_5,pca_train_only_5,bike_sharing,124.9595666986444,125.01357939510316,124.5295491522315,False,1,-0.34531366197047914,-0.3886870595507932,0.04337339758031402,0.043205463534536345,0.05401269645876994,-0.43001754641289835,real_shift,0.724417889739124,0.0462872471556019,0.55 <= DAUC < 0.75,source::bike_sharing,
bag8,pca_5,same_hyperparameters,joint_pca_5,pca_train_only_5,blood-transfusion-service-center,0.2902956189909802,0.28809024680344925,0.2943193081573991,False,3,1.3671169559378842,2.1164297350884667,-0.7493127791505824,-0.7655143525339816,-0.002205372187530974,0.004023689166418876,TabArena_IID,0.5146430905695611,0.0393868450390189,DAUC < 0.55,source::blood-transfusion-service-center,
bag8,pca_5,same_hyperparameters,joint_pca_5,pca_train_only_5,brfss_diabetes,0.1766331442429645,0.1764569900699416,0.1762096282165715,False,1,-0.2403478349505889,-0.140379306099027,-0.09996852885156192,-0.09982839044975872,-0.00017615417302291325,-0.00042351602639301156,real_shift,0.6218414250000001,0.0278607379887395,0.55 <= DAUC < 0.75,source::brfss_diabetes,
bag8,pca_5,same_hyperparameters,joint_pca_5,pca_train_only_5,churn,0.0822756860878278,0.08084581370943346,0.08373592096225208,False,3,1.7438571853560239,3.4514545485460997,-1.7075973631900758,-1.7686412107043934,-0.0014298723783943423,0.0014602348744242738,TabArena_IID,0.4777912499999999,0.0261333333333333,DAUC < 0.55,source::churn,
bag8,pca_5,same_hyperparameters,joint_pca_5,pca_train_only_5,coil2000_insurance_policies,0.24654022615019344,0.24907241127309818,0.2503404243359272,False,3,1.5180122011115245,0.506515504314829,1.0114966967966954,1.016646167257879,0.0025321851229047343,0.0038001981857337386,TabArena_IID,0.4998567392475893,0.009434077843747,DAUC < 0.55,source::coil2000_insurance_policies,
bag8,pca_5,same_hyperparameters,joint_pca_5,pca_train_only_5,concrete_compressive_strength,4.556937526577196,4.527067577236092,4.340134707907356,False,3,-4.9953016037692,-4.307075284740837,-0.6882263190283634,-0.6598078962041846,-0.029869949341103208,-0.21680281866983986,TabArena_IID,0.5128188681237462,0.0502123786407767,DAUC < 0.55,source::concrete_compressive_strength,
bag8,pca_5,same_hyperparameters,joint_pca_5,pca_train_only_5,credit-g,0.2504420845407969,0.2501501534548745,0.23617982954892822,False,3,-6.03872693917499,-5.915121512547342,-0.12360542662764748,-0.11670234132999077,-0.00029193108592240335,-0.0142622549918687,TabArena_IID,0.4666875,0.0366071428571428,DAUC < 0.55,source::credit-g,
bag8,pca_5,same_hyperparameters,joint_pca_5,pca_train_only_5,credit_card_clients_default,0.21661482186315914,0.21618228519912708,0.21600021694556126,False,3,-0.2845390279180955,-0.08429077347255698,-0.2002482544455385,-0.20007960579825032,-0.0004325366640320627,-0.0006146049175978774,TabArena_IID,0.5084822083333334,0.0089083333333333,DAUC < 0.55,source::credit_card_clients_default,
bag8,pca_5,same_hyperparameters,joint_pca_5,pca_train_only_5,customer_satisfaction_in_airline,0.0058856290341219,0.005865098781455267,0.0056408237053047336,True,3,,,,,-2.0530252666632783e-05,-0.00024480532881716605,TabArena_IID,0.4966771,0.0063438979047851,DAUC < 0.55,source::customer_satisfaction_in_airline,
bag8,pca_5,same_hyperparameters,joint_pca_5,pca_train_only_5,diabetes,0.17508980204535343,0.16982233358291318,0.16934535483580615,False,3,-3.3921492651020646,-0.2816603665152203,-3.110488898586844,-3.101752491151871,-0.00526746846244025,-0.005744447209547282,TabArena_IID,0.5164146241145119,0.0782684335208765,DAUC < 0.55,source::diabetes,
bag8,pca_5,same_hyperparameters,joint_pca_5,pca_train_only_5,diabetes_hospital,0.3473514516003286,0.3501823371135113,0.3461028034487377,False,1,-0.3607737756379851,-1.1787057556665763,0.8179319800285914,0.8084032839911895,0.0028308855131827237,-0.0012486481515909253,real_shift,0.938254775,0.0569622287584916,0.75 <= DAUC < 0.95,source::diabetes_130_us,
bag8,pca_5,same_hyperparameters,joint_pca_5,pca_train_only_5,diamonds,530.075572014514,531.1041174708372,533.6157469570486,False,3,0.6634314978001445,0.4706812908978057,0.1927502069023389,0.1936617364635004,1.0285454563231724,3.540174942534577,TabArena_IID,0.500012025,0.0064925534544555,DAUC < 0.55,source::diamonds,
bag8,pca_5,same_hyperparameters,joint_pca_5,pca_train_only_5,folktables_coverage,0.1808763421912479,0.1809987692562827,0.1802445690392519,False,1,-0.35050884216013184,-0.41843159050553713,0.0679227483454053,0.06763972237924032,0.0001224270650347914,-0.0006317731519960013,Folktables,0.55100065,0.0153198007637392,0.55 <= DAUC < 0.75,source::folktables,
bag8,pca_5,same_hyperparameters,joint_pca_5,pca_train_only_5,folktables_coverage_covid,0.1869777290309371,0.1868834645528015,0.1863877343928588,False,1,-0.316541557844538,-0.2659671579556959,-0.050574399888842075,-0.05044024540168134,-9.426447813559724e-05,-0.000589994638078295,Folktables,0.6727981749999998,0.0219409140498816,0.55 <= DAUC < 0.75,source::folktables,
bag8,pca_5,same_hyperparameters,joint_pca_5,pca_train_only_5,folktables_employment,0.0924022647391827,0.0924055832636228,0.0923388145690792,False,1,-0.068714516641348,-0.07230837308794771,0.0035938564465997137,0.003591259665162471,3.3185244401046088e-06,-6.345017010349341e-05,Folktables,0.5412264,0.0268211334088744,DAUC < 0.55,source::folktables,
bag8,pca_5,same_hyperparameters,joint_pca_5,pca_train_only_5,folktables_income,0.1126553296773933,0.1126414375799956,0.1120155290170952,False,1,-0.5711713955307579,-0.5587694566928113,-0.0124019388379466,-0.01233302565748648,-1.3892097397702474e-05,-0.0006398006602981038,Folktables,0.6541794249999999,0.0202054476966708,0.55 <= DAUC < 0.75,source::folktables,
bag8,pca_5,same_hyperparameters,joint_pca_5,pca_train_only_5,folktables_mobility,0.2605954064096654,0.2611338717040061,0.2597460318536995,False,1,-0.32700193720160614,-0.5343064686694802,0.20730453146787398,0.20620277669342493,0.0005384652943407064,-0.0008493745559658983,Folktables,0.5783444999999999,0.0427119057499453,0.55 <= DAUC < 0.75,source::folktables,
bag8,pca_5,same_hyperparameters,joint_pca_5,pca_train_only_5,folktables_travel_time,0.207925446627877,0.2078391633404043,0.2080129492789471,False,1,0.042065963380367256,0.08354573075627734,-0.041479767375910095,-0.04151445092730677,-8.62832874726771e-05,8.75026510701038e-05,Folktables,0.657996475,0.0224917765156315,0.55 <= DAUC < 0.75,source::folktables,
bag8,pca_5,same_hyperparameters,joint_pca_5,pca_train_only_5,folktables_travel_time_covid,0.2034604522913652,0.2033166156953659,0.2035722517222109,False,1,0.05491879659427966,0.12557508436554302,-0.07065628777126337,-0.0707451260229512,-0.000143836595999286,0.00011179943084571597,Folktables,0.788992325,0.0142218987079578,0.75 <= DAUC < 0.95,source::folktables,
bag8,pca_5,same_hyperparameters,joint_pca_5,pca_train_only_5,gas_sensor_drift,0.1210282338834626,0.1296026968073494,0.1243783594646005,False,1,2.6934955530518914,-4.2003587804482985,6.893854333500189,6.6159602655741745,0.008574462923886805,0.003350125581137911,real_shift,0.9997012367140782,0.2156844866039522,DAUC >= 0.95,source::gas_sensor_drift,
bag8,pca_5,same_hyperparameters,joint_pca_5,pca_train_only_5,hazelnut-spread-contaminant-detection,0.02984166666666663,0.030349999999999933,0.0295020833333333,False,3,-1.1510486547560121,-2.8740908127955933,1.723042158039581,1.6749038989565166,0.0005083333333333016,-0.00033958333333333063,TabArena_IID,0.5092881944444444,0.0430034722222222,DAUC < 0.55,source::hazelnut-spread-contaminant-detection,
bag8,pca_5,same_hyperparameters,joint_pca_5,pca_train_only_5,healthcare_insurance_expenses,4632.855349424838,4654.186983343832,4620.357678458792,False,3,-0.27049141724055337,-0.7321793514549826,0.4616879342144292,0.45833212106292087,21.331633918994157,-12.497670966045916,TabArena_IID,0.5250682484635931,0.0656832659134235,DAUC < 0.55,source::healthcare_insurance_expenses,
bag8,pca_5,same_hyperparameters,joint_pca_5,pca_train_only_5,heloc,0.20531129434742704,0.20537108534132223,0.20568240256918216,False,3,0.18042779407455595,0.15135822217713443,0.02906957189742152,0.029113637781979416,5.979099389519238e-05,0.00037110822175512315,TabArena_IID,0.5007809088419239,0.0177986239441687,DAUC < 0.55,source::heloc,
bag8,pca_5,same_hyperparameters,joint_pca_5,pca_train_only_5,hiva_agnostic,0.5036540337357714,0.5036540337357714,0.5036540337357714,False,3,0.0,0.0,0.0,0.0,0.0,0.0,TabArena_IID,0.496315651907474,0.0,DAUC < 0.55,source::hiva_agnostic,
bag8,pca_5,same_hyperparameters,joint_pca_5,pca_train_only_5,houses,0.2176877329887301,0.21807762746672985,0.2171784423060367,False,3,-0.23450333158561434,-0.41403057833247764,0.1795272467468633,0.1787870138394803,0.00038989447799975263,-0.0005092906826933974,TabArena_IID,0.4876979973585736,0.0143910489341085,DAUC < 0.55,source::houses,
bag8,pca_5,same_hyperparameters,joint_pca_5,pca_train_only_5,in_vehicle_coupon_recommendation,0.17019572809062522,0.17002916160058082,0.1669647312821876,False,3,-1.9351373093140793,-1.8353758274937744,-0.09976148182030509,-0.09796348372033133,-0.00016656649004440083,-0.0032309968084376084,TabArena_IID,0.4999967486682508,0.0148968616209672,DAUC < 0.55,source::in_vehicle_coupon_recommendation,
bag8,pca_5,same_hyperparameters,joint_pca_5,pca_train_only_5,jm1,0.25156531566828316,0.25004617489363273,0.2523411082373615,False,3,0.3074380446758591,0.9094567903577828,-0.6020187456819237,-0.607544096723998,-0.0015191407746504293,0.0007757925690783374,TabArena_IID,0.5013936268693818,0.0156089518163831,DAUC < 0.55,source::jm1,
bag8,pca_5,same_hyperparameters,joint_pca_5,pca_train_only_5,kddcup09_appetency,0.20098733095195112,0.19737828999562856,0.19833659694940486,False,3,-1.3364825470018789,0.4831720259981881,-1.8196545730000668,-1.8284893219018605,-0.0036090409563225567,-0.0026507340025462567,TabArena_IID,0.502529275,0.0355100272725716,DAUC < 0.55,source::kddcup09_appetency,
bag8,pca_5,same_hyperparameters,joint_pca_5,pca_train_only_5,lending_club,0.3121525777417655,0.312015625357351,0.3115974664807988,False,1,-0.1781501201650342,-0.1341984199277786,-0.04395170023725562,-0.04389279679749127,-0.00013695238441452373,-0.0005551112609667452,real_shift,0.94616475,0.0622442459135606,0.75 <= DAUC < 0.95,source::lending_club,
bag8,pca_5,same_hyperparameters,joint_pca_5,pca_train_only_5,maternal_health_risk,0.0597492507390153,0.059539427872131324,0.06193628607029456,False,3,3.531105059798209,3.8698771757850063,-0.3387721159867971,-0.3524099481348639,-0.00020982286688397273,0.002187035331279265,TabArena_IID,0.4809925428071595,0.03878222065645,DAUC < 0.55,source::maternal_health_risk,
bag8,pca_5,same_hyperparameters,joint_pca_5,pca_train_only_5,miami_housing,88333.63071882202,88493.07656675298,87451.21914052036,False,3,-1.0090329065438914,-1.1913583783875141,0.18232547184362263,0.1801788954762799,159.4458479309542,-882.4115783016605,TabArena_IID,0.5000548768378967,0.0174142973418732,DAUC < 0.55,source::miami_housing,
bag8,pca_5,same_hyperparameters,joint_pca_5,pca_train_only_5,online_shoppers_intention,0.06594404796819507,0.06588943442089713,0.06587676166406567,False,3,-0.1021396656874607,-0.019237067080024,-0.0829025986074367,-0.08288665364627439,-5.46135472979381e-05,-6.728630412940195e-05,TabArena_IID,0.5085433381403395,0.0162298164122981,DAUC < 0.55,source::online_shoppers_intention,
bag8,pca_5,same_hyperparameters,joint_pca_5,pca_train_only_5,physiochemical_protein,3.488446746242643,3.488293074800824,3.4820759024608896,False,3,-0.18296108299221372,-0.17854786954932184,-0.004413213442891893,-0.0044053477882697,-0.0001536714418191032,-0.006370843781753344,TabArena_IID,0.5001884949523016,0.0130870811769565,DAUC < 0.55,source::physiochemical_protein,
bag8,pca_5,same_hyperparameters,joint_pca_5,pca_train_only_5,polish_companies_bankruptcy,0.0529675361939172,0.04445141754339537,0.04399807589132929,False,3,-20.386028527114565,-1.0303669941971663,-19.355661532917395,-19.158261133535344,-0.008516118650521827,-0.008969460302587905,TabArena_IID,0.4797271737327021,0.028469599510753,DAUC < 0.55,source::polish_companies_bankruptcy,
bag8,pca_5,same_hyperparameters,joint_pca_5,pca_train_only_5,qsar-biodeg,0.07164659709813949,0.0709271123885649,0.06976872366754223,False,3,-2.6915691328188616,-1.6603266623344772,-1.0312424704843846,-1.0144001149137203,-0.000719484709574586,-0.0018778734305972544,TabArena_IID,0.5242964850267431,0.0520357221163414,DAUC < 0.55,source::qsar-biodeg,
bag8,pca_5,same_hyperparameters,joint_pca_5,pca_train_only_5,seismic-bumps,0.24176821724283817,0.23676279168611547,0.24680305204571742,False,3,2.0400212886940334,4.068126498590508,-2.028105209896475,-2.114109873885322,-0.0050054255567227035,0.005034834802879251,TabArena_IID,0.5032746248400783,0.0270932551506253,DAUC < 0.55,source::seismic-bumps,
bag8,pca_5,same_hyperparameters,joint_pca_5,pca_train_only_5,shifts_weather,2.180367448870882,2.16925428436901,2.164518455518772,False,1,-0.7322179818656913,-0.2187936461416261,-0.5134243357240652,-0.5123034483301544,-0.011113164501872053,-0.015848993352109986,real_shift,0.99970015,0.1722711733109805,DAUC >= 0.95,source::shifts_weather,
bag8,pca_5,same_hyperparameters,joint_pca_5,pca_train_only_5,splice,0.0052733804611511,0.0052733804611511,0.0052733804611511,True,3,,,,,0.0,0.0,TabArena_IID,0.4935215615848055,0.0,DAUC < 0.55,source::splice,
bag8,pca_5,same_hyperparameters,joint_pca_5,pca_train_only_5,students_dropout_and_academic_success,0.10581729957697102,0.10611314187006304,0.10631191401496416,False,3,0.46524836146165666,0.18697071418838354,0.2782776472732731,0.27879891960440695,0.00029584229309202736,0.0004946144379931461,TabArena_IID,0.4990070724969652,0.0241838594407484,DAUC < 0.55,source::students_dropout_and_academic_success,
bag8,pca_5,same_hyperparameters,joint_pca_5,pca_train_only_5,superconductivity,9.271252662495968,9.257161210412491,9.267409420567729,False,3,-0.041470509759820216,0.11058333230097112,-0.15205384206079134,-0.15222217441375907,-0.014091452083476952,-0.0038432419282390384,TabArena_IID,0.4966916245247805,0.0148733486354602,DAUC < 0.55,source::superconductivity,
bag8,pca_5,same_hyperparameters,joint_pca_5,pca_train_only_5,synthetic_label_shift,0.2407407481318682,0.2403683745054944,0.2403954804395605,False,1,-0.1436248683529222,0.011275558931698229,-0.15490042728462045,-0.15491789514318305,-0.00037237362637379534,-0.0003452676923076936,synthetic,0.54006835,0.01992,DAUC < 0.55,source::synthetic_generator,
bag8,pca_5,same_hyperparameters,joint_pca_5,pca_train_only_5,synthetic_large_test,0.2534262594367074,0.252597700697158,0.2541956891847217,False,1,0.3026918947689816,0.6286449989332678,-0.32595310416428613,-0.3280151550321389,-0.000828558739549401,0.0007694297480143053,synthetic,0.64072835,0.0878719999999999,0.55 <= DAUC < 0.75,source::synthetic_generator,
bag8,pca_5,same_hyperparameters,joint_pca_5,pca_train_only_5,synthetic_partial_shift,0.241311257457522,0.2413190783354218,0.2414264165740653,False,1,0.047699468093615846,0.04446002229858586,0.0032394457950299825,0.0032408866939767967,7.820877899800127e-06,0.00011515911654330635,synthetic,0.5587177999999999,0.026568,0.55 <= DAUC < 0.75,source::synthetic_generator,
bag8,pca_5,same_hyperparameters,joint_pca_5,pca_train_only_5,synthetic_shift_0.0,0.2499145798394313,0.2496200586713068,0.2500728306313826,False,1,0.06328188134301924,0.1810560383279667,-0.11777415698494748,-0.11798778098691347,-0.00029452116812450635,0.000158250791951281,synthetic,0.49784605,0.011,DAUC < 0.55,source::synthetic_generator,
bag8,pca_5,same_hyperparameters,joint_pca_5,pca_train_only_5,synthetic_shift_0.5,0.2497033716679606,0.2487893051242236,0.248317077510352,False,1,-0.5582758026583211,-0.19017121923557498,-0.3681045834227461,-0.36740588317516865,-0.0009140665437370188,-0.001386294157608603,synthetic,0.5719888750000001,0.04362,0.55 <= DAUC < 0.75,source::synthetic_generator,
bag8,pca_5,same_hyperparameters,joint_pca_5,pca_train_only_5,synthetic_shift_1.0,0.2533377113873183,0.2512159927972657,0.2497417984176844,False,1,-1.4398522763978296,-0.590287404399866,-0.8495648719979635,-0.8445794260259795,-0.0021217185900526125,-0.0035959129696339076,synthetic,0.643362075,0.08208,0.55 <= DAUC < 0.75,source::synthetic_generator,
bag8,pca_5,same_hyperparameters,joint_pca_5,pca_train_only_5,synthetic_shift_3.0,0.2620661687979539,0.263377084398977,0.2581939028132992,False,1,-1.4997511337263374,-2.007476369194433,0.5077252354680952,0.4977333559654896,0.0013109156010230882,-0.0038722659846547325,synthetic,0.8405509999999999,0.20872,0.75 <= DAUC < 0.95,source::synthetic_generator,
bag8,pca_5,same_hyperparameters,joint_pca_5,pca_train_only_5,synthetic_shift_5.0,0.2743284281513333,0.2787690143201109,0.2698973148260011,False,1,-1.641777476811456,-3.287064748987694,1.6452872721762382,1.5929267388657817,0.004440586168777627,-0.004431113325332192,synthetic,0.93479215,0.30666,0.75 <= DAUC < 0.95,source::synthetic_generator,
bag8,pca_5,same_hyperparameters,joint_pca_5,pca_train_only_5,synthetic_small_test,0.254521721988344,0.2543464203796788,0.2532289528907427,False,1,-0.5105139372270204,-0.4412874105348592,-0.06922652669216124,-0.06892238090219895,-0.0001753016086651904,-0.0012927690976012873,synthetic,0.6399588,0.0856239999999999,0.55 <= DAUC < 0.75,source::synthetic_generator,
bag8,pca_5,same_hyperparameters,joint_pca_5,pca_train_only_5,tabred_cooking_time,0.4851449568903783,0.4851004029348395,0.484871225589696,False,1,-0.05645443289595132,-0.047265610547383236,-0.009188822348568085,-0.009184481247430877,-4.455395553876196e-05,-0.00027373130068231166,TabReD,0.7766422000000001,0.0408288722530207,0.75 <= DAUC < 0.95,source::tabred_cooking_time,
bag8,pca_5,same_hyperparameters,joint_pca_5,pca_train_only_5,tabred_delivery_eta,0.5460094959931896,0.5460461466155618,0.5459188549611448,False,1,-0.01660338917058744,-0.023316955122590476,0.0067135659520030375,0.006712000917761216,3.6650622372236263e-05,-9.064103204481366e-05,TabReD,0.9451161,0.1211845880844909,0.75 <= DAUC < 0.95,source::tabred_delivery_eta,
bag8,pca_5,same_hyperparameters,joint_pca_5,pca_train_only_5,tabred_delivery_eta__gap_far,0.5573678335981144,0.5589004954830205,0.5576152367232049,False,1,0.044368071171150054,-0.2304920445446052,0.27486011571575525,0.2742280418952762,0.0015326618849060836,0.0002474031250905284,TabReD_gap,0.999999625,0.2379337040655923,DAUC >= 0.95,source::tabred_delivery_eta,tabred_delivery_eta
bag8,pca_5,same_hyperparameters,joint_pca_5,pca_train_only_5,tabred_delivery_eta__gap_maxdiff,0.5531601900016745,0.5534313108075523,0.5533970341678441,False,1,0.04279823554273207,-0.0061938603916918585,0.04899209593442393,0.04898906162033997,0.000271120805877767,0.00023684416616964743,TabReD_gap,1.0,0.2496496029927623,DAUC >= 0.95,source::tabred_delivery_eta,tabred_delivery_eta
bag8,pca_5,same_hyperparameters,joint_pca_5,pca_train_only_5,tabred_delivery_eta__gap_near,0.5747132799299872,0.5724164223778963,0.5743301179802871,False,1,-0.06671458412237898,0.3332048141791054,-0.3999193983014844,-0.40125640395666995,-0.0022968575520909695,-0.0003831619497001171,TabReD_gap,0.946211,0.1571228260314691,0.75 <= DAUC < 0.95,source::tabred_delivery_eta,tabred_delivery_eta
bag8,pca_5,same_hyperparameters,joint_pca_5,pca_train_only_5,tabred_ecom_offers,0.4366389406684433,0.435985979592806,0.4378837069964159,False,1,0.2842687015031574,0.43338616470272473,-0.14911746319956734,-0.14976653062264111,-0.0006529610756372817,0.0012447663279726018,TabReD,1.0,0.0841283069488731,DAUC >= 0.95,source::tabred_ecom_offers,
bag8,pca_5,same_hyperparameters,joint_pca_5,pca_train_only_5,tabred_homesite,0.0422398170081268,0.0425089610792399,0.0395510583144037,False,1,-6.798196580099874,-7.478694353316436,0.6804977732165605,0.6331466690314912,0.00026914407111310046,-0.0026887586937230992,TabReD,1.0,0.0494244965489931,DAUC >= 0.95,source::tabred_homesite,
bag8,pca_5,same_hyperparameters,joint_pca_5,pca_train_only_5,tabred_homesite__gap_far,0.1055845463774944,0.0989015132096976,0.1040477118497644,False,1,-1.4770478854441809,4.945998858194447,-6.423046743638627,-6.757260784905263,-0.006683033167796795,-0.0015368345277299994,TabReD_gap,1.0,0.0830990647492541,DAUC >= 0.95,source::tabred_homesite,tabred_homesite
bag8,pca_5,same_hyperparameters,joint_pca_5,pca_train_only_5,tabred_homesite__gap_near,0.0458815357170272,0.0460583828952974,0.0459653482601032,False,1,0.18233853598090474,-0.20240167586188695,0.3847402118427917,0.3839630641662286,0.00017684717827019802,8.381254307599645e-05,TabReD_gap,1.0,0.0437974647176086,DAUC >= 0.95,source::tabred_homesite,tabred_homesite
bag8,pca_5,same_hyperparameters,joint_pca_5,pca_train_only_5,tabred_sberbank,0.2609673574349038,0.2637895674653362,0.2552404707830786,False,1,-2.243722021925083,-3.3494283473263313,1.1057063254012487,1.0698717381244744,0.002822210030432426,-0.0057268866518251915,TabReD,1.0,0.2022915451416207,DAUC >= 0.95,source::tabred_sberbank,
bag8,pca_5,same_hyperparameters,joint_pca_5,pca_train_only_5,tabred_sberbank__gap_far,0.3746562614176824,0.3584834109821567,0.3592567871384393,False,1,-4.286481099467419,0.21527113306409726,-4.5017522325315165,-4.511464112444155,-0.016172850435525687,-0.015399474279243097,TabReD_gap,1.0,0.235749592588427,DAUC >= 0.95,source::tabred_sberbank,tabred_sberbank
bag8,pca_5,same_hyperparameters,joint_pca_5,pca_train_only_5,tabred_sberbank__gap_near,0.2541147256501436,0.2458959571767825,0.2477962699761038,False,1,-2.5498590736047464,0.7668851510575795,-3.316744224662326,-3.3423764130665847,-0.008218768473361088,-0.006318455674039797,TabReD_gap,1.0,0.2265311490062835,DAUC >= 0.95,source::tabred_sberbank,tabred_sberbank
bag8,pca_5,same_hyperparameters,joint_pca_5,pca_train_only_5,tabred_weather,1.496761322483292,1.4967724727168814,1.4967328890116611,False,1,-0.0018997024679351028,-0.002644673976959182,0.0007449715090240795,0.0007449518074774862,1.1150233589329872e-05,-2.843347163095089e-05,TabReD,0.9948407,0.1103651439849723,DAUC >= 0.95,source::tabred_weather,
bag8,pca_5,same_hyperparameters,joint_pca_5,pca_train_only_5,tabred_weather__gap_far,1.6455493231271925,1.6383553927939212,1.6422974554212553,False,1,-0.1980072303712546,0.2400334126026484,-0.438040642973903,-0.43909461676708356,-0.0071939303332713145,-0.003251867705937217,TabReD_gap,1.0,0.1012016963019497,DAUC >= 0.95,source::tabred_weather,tabred_weather
bag8,pca_5,same_hyperparameters,joint_pca_5,pca_train_only_5,tabred_weather__gap_maxdiff,1.817187922470293,1.7926475220524871,1.7941261827455273,False,1,-1.285402328250658,0.08241676127692263,-1.3678190895275806,-1.3689473315818572,-0.024540400417805808,-0.023061739724765662,TabReD_gap,1.0,0.2280292319342118,DAUC >= 0.95,source::tabred_weather,tabred_weather
bag8,pca_5,same_hyperparameters,joint_pca_5,pca_train_only_5,tabred_weather__gap_near,1.6655047976293895,1.6620168514476168,1.6630001348379588,False,1,-0.15061109972037023,0.05912707820903743,-0.20973817792940766,-0.20986226335399225,-0.0034879461817727275,-0.0025046627914306896,TabReD_gap,1.0,0.0948655339805825,DAUC >= 0.95,source::tabred_weather,tabred_weather
bag8,pca_5,same_hyperparameters,joint_pca_5,pca_train_only_5,taiwanese_bankruptcy_prediction,0.06435362306626953,0.06427702819664914,0.06392489016533567,False,3,-0.670682264490372,-0.5508621608933483,-0.11982010359702376,-0.11916367599642988,-7.659486962038886e-05,-0.0004287329009338564,TabArena_IID,0.4813707690648705,0.0246058424438091,DAUC < 0.55,source::taiwanese_bankruptcy_prediction,
bag8,pca_5,same_hyperparameters,joint_pca_5,pca_train_only_5,tschalzev_mbgm,8.11293615375751,8.092300175853284,8.085359966984036,False,1,-0.3410631918192666,-0.08583673327578765,-0.255226458543479,-0.255007568377178,-0.020635977904225555,-0.027576186773472955,tschalzev_IID,0.5283598093648937,0.0054825547828749,DAUC < 0.55,source::tschalzev_mbgm,
bag8,pca_5,same_hyperparameters,joint_pca_5,pca_train_only_5,tschalzev_ogpcc,0.0219020037318835,0.021948599654064,0.0215218443612823,False,1,-1.7663884387395044,-1.9828936852151477,0.21650524647564337,0.21229564944873786,4.65959221804986e-05,-0.0003801593706012005,tschalzev_IID,0.498779,0.0040078342527184,DAUC < 0.55,source::tschalzev_ogpcc,
bag8,pca_5,same_hyperparameters,joint_pca_5,pca_train_only_5,tschalzev_sctp,0.1081331461093642,0.1081197714871999,0.1051087392387699,False,1,-2.8774076185272426,-2.8646830608347367,-0.012724557692505785,-0.012370190928387356,-1.337462216430274e-05,-0.0030244068705942984,tschalzev_IID,0.495618525,0.0048744375,DAUC < 0.55,source::tschalzev_sctp,
bag8,pca_5,same_hyperparameters,joint_pca_5,pca_train_only_5,website_phishing,0.0217334983646367,0.0217334983646367,0.0217334983646367,False,3,0.0,0.0,0.0,0.0,0.0,0.0,TabArena_IID,0.4974870109756609,0.0,DAUC < 0.55,source::website_phishing,
bag8,pca_5,same_hyperparameters,joint_pca_5,pca_train_only_5,wine_quality,0.1815118690370754,0.1964748673364469,0.17220874309318732,False,3,-5.402237875259257,-14.091110478710394,8.688872603451138,7.615731468467473,0.014962998299371505,-0.009303125943888074,TabArena_IID,0.4933509159780399,0.021301046461716,DAUC < 0.55,source::wine_quality,
tabicl,pca_5,same_hyperparameters,joint_pca_5,pca_train_only_5,Amazon_employee_access,0.15191706228186655,0.15191693415385168,0.15191693415385168,False,3,-8.434083769414072e-05,0.0,-8.434083769414072e-05,-8.434083769414072e-05,-1.2812801486461467e-07,-1.2812801486461467e-07,TabArena_IID,0.4973770565852067,0.0,DAUC < 0.55,source::Amazon_employee_access,
tabicl,pca_5,same_hyperparameters,joint_pca_5,pca_train_only_5,Another-Dataset-on-used-Fiat-500,725.437388018492,725.0856750492194,713.1740191287946,False,3,-1.7195479028636234,-1.67023133217555,-0.04931657068807335,-0.04850640157092487,-0.35171296927262574,-12.263368889697404,TabArena_IID,0.5250604059451488,0.0313157709499172,DAUC < 0.55,source::Another-Dataset-on-used-Fiat-500,
tabicl,pca_5,same_hyperparameters,joint_pca_5,pca_train_only_5,Bank_Customer_Churn,0.1305955097144972,0.13020737008315517,0.1261516035655104,False,3,-3.522671153901825,-3.2149940254533678,-0.30767712844845707,-0.2980934420948397,-0.00038813963134204377,-0.00444390614898682,TabArena_IID,0.4985240625,0.0158125,DAUC < 0.55,source::Bank_Customer_Churn,
tabicl,pca_5,same_hyperparameters,joint_pca_5,pca_train_only_5,E-CommereShippingData,0.2533269063582131,0.2537329666236396,0.25434487065501615,False,3,0.40022992961544446,0.24058044882160337,0.1596494807938411,0.16003449249415289,0.0004060602654265,0.0010179642968030644,TabArena_IID,0.500688337854552,0.0144240392331084,DAUC < 0.55,source::E-CommereShippingData,
tabicl,pca_5,same_hyperparameters,joint_pca_5,pca_train_only_5,Fitness_Club,0.17771823542126822,0.1785075229550486,0.17813713182503257,False,3,0.23515389490822156,-0.20792471857008674,0.4430786134783083,0.44215925509152765,0.0007892875337803806,0.0004188964037643572,TabArena_IID,0.5044166666666666,0.0338611518035256,DAUC < 0.55,source::Fitness_Club,
tabicl,pca_5,same_hyperparameters,joint_pca_5,pca_train_only_5,HR_Analytics_Job_Change_of_Data_Scientists,0.19322473689399164,0.19379624018227082,0.19436899177038391,False,3,0.5887023778690126,0.29467230492696656,0.29403007294204603,0.2948990587958076,0.0005715032882791793,0.0011442548763922755,TabArena_IID,0.5006432616140332,0.0155574144065088,DAUC < 0.55,source::HR_Analytics_Job_Change_of_Data_Scientists,
tabicl,pca_5,same_hyperparameters,joint_pca_5,pca_train_only_5,Is-this-a-good-customer,0.265015425526231,0.2629669828098119,0.25535054336626034,False,3,-3.7849467765211977,-2.9827386866480916,-0.8022080898731061,-0.7789733503922768,-0.0020484427164190744,-0.009664882159970634,TabArena_IID,0.5089344102652231,0.0467264045771018,DAUC < 0.55,source::Is-this-a-good-customer,
tabicl,pca_5,same_hyperparameters,joint_pca_5,pca_train_only_5,MIC,0.13034756013209828,0.12880846753251673,0.12452836705760456,False,3,-4.672985932435671,-3.4370485826191532,-1.2359373498165174,-1.1948691177410449,-0.001539092599581543,-0.005819193074493717,TabArena_IID,0.5315440298650391,0.1023684174323937,DAUC < 0.55,source::MIC,
tabicl,pca_5,same_hyperparameters,joint_pca_5,pca_train_only_5,Marketing_Campaign,0.07125236321492447,0.07111340493453104,0.07174106556627727,False,3,0.6812030843078555,0.874897280646562,-0.19369419633870655,-0.1954037786846996,-0.00013895828039342528,0.0004887023513528016,TabArena_IID,0.4893010633270867,0.0318521792685864,DAUC < 0.55,source::Marketing_Campaign,
tabicl,pca_5,same_hyperparameters,joint_pca_5,pca_train_only_5,NATICUSdroid,0.012380236422321432,0.012380353855237801,0.012380236422321333,True,3,,,,,1.1743291636855113e-07,-9.8879238130678e-17,TabArena_IID,0.4909448935914827,0.0,DAUC < 0.55,source::NATICUSdroid,
tabicl,pca_5,same_hyperparameters,joint_pca_5,pca_train_only_5,QSAR_fish_toxicity,0.8541133153466527,0.8542590681482629,0.8480591435578654,False,3,-0.7138855626729314,-0.731072194373964,0.017186631701032597,0.017061896916840825,0.00014575280161022164,-0.00605417178878731,TabArena_IID,0.4678368023195609,0.045171150688392,DAUC < 0.55,source::QSAR_fish_toxicity,
tabicl,pca_5,same_hyperparameters,joint_pca_5,pca_train_only_5,airfoil_self_noise,1.0652369435388014,1.0659605000536283,1.0635441931893233,False,3,-0.15916126102874642,-0.22719383733919934,0.06803257631045294,0.06787836085769738,0.0007235565148269174,-0.0016927503494781337,TabArena_IID,0.5474124587140708,0.0529488504762273,DAUC < 0.55,source::airfoil_self_noise,
tabicl,pca_5,same_hyperparameters,joint_pca_5,pca_train_only_5,anneal,0.00026124539189770435,0.0005644812621173355,0.000903440807484965,True,3,,,,,0.0003032358702196311,0.0006421954155872607,TabArena_IID,0.43732935660019,0.0336531517590013,DAUC < 0.55,source::anneal,
tabicl,pca_5,same_hyperparameters,joint_pca_5,pca_train_only_5,bike_sharing,124.68552483169088,124.68162300438468,124.32326010472048,False,1,-0.29138933990732274,-0.2882508867305626,-0.0031384531767601315,-0.003129432559657284,-0.003901827306208361,-0.3622647269704089,real_shift,0.724417889739124,0.0462872471556019,0.55 <= DAUC < 0.75,source::bike_sharing,
tabicl,pca_5,same_hyperparameters,joint_pca_5,pca_train_only_5,blood-transfusion-service-center,0.24604817127564674,0.24719347804539585,0.2463663395777578,False,3,0.12914438825383698,-0.33573517756348537,0.4648795658173223,0.46332402408237505,0.0011453067697491104,0.00031816830211106595,TabArena_IID,0.5146430905695611,0.0393868450390189,DAUC < 0.55,source::blood-transfusion-service-center,
tabicl,pca_5,same_hyperparameters,joint_pca_5,pca_train_only_5,churn,0.0645550052589405,0.06791796775149277,0.06434975285373433,False,3,-0.31896378168337597,-5.54503279269606,5.226069011012684,4.951506359638309,0.00336296249255226,-0.00020525240520617716,TabArena_IID,0.4777912499999999,0.0261333333333333,DAUC < 0.55,source::churn,
tabicl,pca_5,same_hyperparameters,joint_pca_5,pca_train_only_5,coil2000_insurance_policies,0.23146880260713001,0.23073165799364617,0.2308936310061714,False,3,-0.2491067416854076,0.07015048956500289,-0.3192572312504105,-0.3194813489807894,-0.0007371446134838422,-0.0005751716009586016,TabArena_IID,0.4998567392475893,0.009434077843747,DAUC < 0.55,source::coil2000_insurance_policies,
tabicl,pca_5,same_hyperparameters,joint_pca_5,pca_train_only_5,concrete_compressive_strength,3.8550753723532587,3.8518299257799846,3.7487978437912495,False,3,-2.834976250800662,-2.7484032557097375,-0.08657299509092445,-0.08425726565839706,-0.00324544657327408,-0.10627752856200923,TabArena_IID,0.5128188681237462,0.0502123786407767,DAUC < 0.55,source::concrete_compressive_strength,
tabicl,pca_5,same_hyperparameters,joint_pca_5,pca_train_only_5,credit-g,0.21920405218688485,0.21774965457368886,0.2072395852438771,False,3,-5.773253661421934,-5.071458388340069,-0.7017952730818643,-0.667921892249802,-0.0014543976131959901,-0.011964466943007762,TabArena_IID,0.4666875,0.0366071428571428,DAUC < 0.55,source::credit-g,
tabicl,pca_5,same_hyperparameters,joint_pca_5,pca_train_only_5,credit_card_clients_default,0.210601906288186,0.21033071466186679,0.20931546090444395,False,3,-0.6145964460453054,-0.48503524442770185,-0.1295612016176035,-0.12893581746023042,-0.00027119162631922267,-0.001286445383742063,TabArena_IID,0.5084822083333334,0.0089083333333333,DAUC < 0.55,source::credit_card_clients_default,
tabicl,pca_5,same_hyperparameters,joint_pca_5,pca_train_only_5,diabetes,0.15982748940396657,0.15877457365100733,0.15705705596162942,False,3,-1.7639662384948818,-1.0935628958927666,-0.6704033426021151,-0.6631513653272896,-0.0010529157529592381,-0.0027704334423371557,TabArena_IID,0.5164146241145119,0.0782684335208765,DAUC < 0.55,source::diabetes,
tabicl,pca_5,same_hyperparameters,joint_pca_5,pca_train_only_5,gas_sensor_drift,0.0341273174231719,0.0350667302672563,0.0288742035260366,False,1,-18.19310407089993,-21.446571627978376,3.2534675570784413,2.6789291072329626,0.0009394128440844002,-0.005253113897135297,real_shift,0.9997012367140782,0.2156844866039522,DAUC >= 0.95,source::gas_sensor_drift,
tabicl,pca_5,same_hyperparameters,joint_pca_5,pca_train_only_5,hazelnut-spread-contaminant-detection,0.006670833333333267,0.006541666666666601,0.006410416666666634,True,3,,,,,-0.00012916666666666632,-0.00026041666666663365,TabArena_IID,0.5092881944444444,0.0430034722222222,DAUC < 0.55,source::hazelnut-spread-contaminant-detection,
tabicl,pca_5,same_hyperparameters,joint_pca_5,pca_train_only_5,healthcare_insurance_expenses,4527.781258728967,4532.521118419104,4467.922310030383,False,3,-1.3397490946564106,-1.4458355339728637,0.10608643931645315,0.10457446454854838,4.7398596901366545,-59.858948698583845,TabArena_IID,0.5250682484635931,0.0656832659134235,DAUC < 0.55,source::healthcare_insurance_expenses,
tabicl,pca_5,same_hyperparameters,joint_pca_5,pca_train_only_5,heloc,0.19773710123130628,0.1977488525610479,0.19857754625701407,False,3,0.42323265724112874,0.41731490371706326,0.005917753524065466,0.005942552682068978,1.1751329741627181e-05,0.0008404450257077922,TabArena_IID,0.5007809088419239,0.0177986239441687,DAUC < 0.55,source::heloc,
tabicl,pca_5,same_hyperparameters,joint_pca_5,pca_train_only_5,houses,0.20053887743181517,0.2008147283263262,0.19718856609087268,False,3,-1.6990393547456137,-1.83893128660534,0.1398919318597263,0.13736586793711375,0.00027585089451101497,-0.003350311340942491,TabArena_IID,0.4876979973585736,0.0143910489341085,DAUC < 0.55,source::houses,
tabicl,pca_5,same_hyperparameters,joint_pca_5,pca_train_only_5,in_vehicle_coupon_recommendation,0.16077792158526677,0.15988174537516697,0.1611430978312823,False,3,0.22661612624443747,0.7827530146131212,-0.5561368883686837,-0.5605244100862764,-0.0008961762100997972,0.0003651762460155361,TabArena_IID,0.4999967486682508,0.0148968616209672,DAUC < 0.55,source::in_vehicle_coupon_recommendation,
tabicl,pca_5,same_hyperparameters,joint_pca_5,pca_train_only_5,jm1,0.22197569009015963,0.22267742287342016,0.2182229375414122,False,3,-1.7196874861219729,-2.041254408081015,0.32156692195904224,0.31513423058583667,0.0007017327832605225,-0.0037527525487474345,TabArena_IID,0.5013936268693818,0.0156089518163831,DAUC < 0.55,source::jm1,
tabicl,pca_5,same_hyperparameters,joint_pca_5,pca_train_only_5,maternal_health_risk,0.04009314375368946,0.039798840404539036,0.03807453430735837,False,3,-5.30173115194471,-4.528764772961189,-0.7729663789835214,-0.7394771962171577,-0.00029430334915042655,-0.0020186094463310947,TabArena_IID,0.4809925428071595,0.03878222065645,DAUC < 0.55,source::maternal_health_risk,
tabicl,pca_5,same_hyperparameters,joint_pca_5,pca_train_only_5,miami_housing,78837.39625064575,78830.32270416472,77774.50022663208,False,3,-1.3666381923592246,-1.35754324933752,-0.00909494302170464,-0.008973128915853123,-7.0735464810277335,-1062.8960240136657,TabArena_IID,0.5000548768378967,0.0174142973418732,DAUC < 0.55,source::miami_housing,
tabicl,pca_5,same_hyperparameters,joint_pca_5,pca_train_only_5,online_shoppers_intention,0.06481406048405093,0.064778154339695,0.0622801880154342,False,3,-4.068504847783675,-4.010852253114189,-0.0576525946694862,-0.05542940320226058,-3.59061443559322e-05,-0.0025338724686167283,TabArena_IID,0.5085433381403395,0.0162298164122981,DAUC < 0.55,source::online_shoppers_intention,
tabicl,pca_5,same_hyperparameters,joint_pca_5,pca_train_only_5,polish_companies_bankruptcy,0.017739780257787097,0.017851144825551935,0.015463455954419067,True,3,,,,,0.00011136456776483783,-0.00227632430336803,TabArena_IID,0.4797271737327021,0.028469599510753,DAUC < 0.55,source::polish_companies_bankruptcy,
tabicl,pca_5,same_hyperparameters,joint_pca_5,pca_train_only_5,qsar-biodeg,0.060813777755228136,0.06052372210977936,0.056617394902967334,False,3,-7.411826099474719,-6.8995177427481655,-0.5123083567265531,-0.47924290730610614,-0.00029005564544877516,-0.004196382852260802,TabArena_IID,0.5242964850267431,0.0520357221163414,DAUC < 0.55,source::qsar-biodeg,
tabicl,pca_5,same_hyperparameters,joint_pca_5,pca_train_only_5,seismic-bumps,0.21512360480014037,0.21590868284500475,0.2124974000362504,False,3,-1.235876186457793,-1.6053291984619193,0.3694530120041264,0.3636157816904343,0.0007850780448643846,-0.002626204763889972,TabArena_IID,0.5032746248400783,0.0270932551506253,DAUC < 0.55,source::seismic-bumps,
tabicl,pca_5,same_hyperparameters,joint_pca_5,pca_train_only_5,splice,0.004302219973416,0.004302219973416,0.004302219973416,True,3,,,,,0.0,0.0,TabArena_IID,0.4935215615848055,0.0,DAUC < 0.55,source::splice,
tabicl,pca_5,same_hyperparameters,joint_pca_5,pca_train_only_5,students_dropout_and_academic_success,0.09818769631838158,0.0981985533700002,0.10118363324800446,False,3,2.960890841189446,2.9501607939771484,0.010730047212297712,0.011056223585821059,1.0857051618629043e-05,0.0029959369296228833,TabArena_IID,0.4990070724969652,0.0241838594407484,DAUC < 0.55,source::students_dropout_and_academic_success,
tabicl,pca_5,same_hyperparameters,joint_pca_5,pca_train_only_5,superconductivity,8.85902009113728,8.858285226740447,8.88381474657605,False,3,0.27909919495255264,0.28737114138317826,-0.008271946430625626,-0.008295786125902338,-0.0007348643968327906,0.024794655438769908,TabArena_IID,0.4966916245247805,0.0148733486354602,DAUC < 0.55,source::superconductivity,
tabicl,pca_5,same_hyperparameters,joint_pca_5,pca_train_only_5,synthetic_large_test,0.2430444500982482,0.2430548018965821,0.2439421588506672,False,1,0.3680006591105603,0.36375711286063644,0.004243546249923851,0.00425903880652207,1.0351798333890772e-05,0.0008977087524189853,synthetic,0.64072835,0.0878719999999999,0.55 <= DAUC < 0.75,source::synthetic_generator,
tabicl,pca_5,same_hyperparameters,joint_pca_5,pca_train_only_5,synthetic_shift_0.0,0.2435942466097669,0.2433027600512833,0.2424619681395514,False,1,-0.4669921963034623,-0.3467726993158637,-0.12021949698759855,-0.11980404925211728,-0.00029148655848360017,-0.001132278470215492,synthetic,0.49784605,0.011,DAUC < 0.55,source::synthetic_generator,
tabicl,pca_5,same_hyperparameters,joint_pca_5,pca_train_only_5,synthetic_shift_0.5,0.2411836220561594,0.2412495349702381,0.2403807785002588,False,1,-0.33398825018770645,-0.36140846011045286,0.027420209922746363,0.027321467826594698,6.591291407870292e-05,-0.0008028435559006009,synthetic,0.5719888750000001,0.04362,0.55 <= DAUC < 0.75,source::synthetic_generator,
tabicl,pca_5,same_hyperparameters,joint_pca_5,pca_train_only_5,synthetic_shift_1.0,0.2439225425331286,0.2437415718283253,0.2428629465239087,False,1,-0.4362938127803644,-0.361778244475882,-0.07451556830448233,-0.07424695895978091,-0.00018097070480330157,-0.0010595960092198986,synthetic,0.643362075,0.08208,0.55 <= DAUC < 0.75,source::synthetic_generator,
tabicl,pca_5,same_hyperparameters,joint_pca_5,pca_train_only_5,synthetic_shift_3.0,0.2512954680306906,0.2511638465473145,0.2502299744245524,False,1,-0.42580574473080496,-0.3732055381892928,-0.052600206541512144,-0.05240462956172022,-0.0001316214833760876,-0.0010654936061381681,synthetic,0.8405509999999999,0.20872,0.75 <= DAUC < 0.95,source::synthetic_generator,
tabicl,pca_5,same_hyperparameters,joint_pca_5,pca_train_only_5,synthetic_shift_5.0,0.2622039517560204,0.2623036635346573,0.2588713740054131,False,1,-1.2873488864541724,-1.3258667716471466,0.03851788519297406,0.03801387189687686,9.971177863687952e-05,-0.0033325777506073018,synthetic,0.93479215,0.30666,0.75 <= DAUC < 0.95,source::synthetic_generator,
tabicl,pca_5,same_hyperparameters,joint_pca_5,pca_train_only_5,synthetic_small_test,0.2531447535374965,0.2526440523310618,0.2524662624669624,False,1,-0.2687452429897911,-0.07042123662865742,-0.19832400636113368,-0.1981844424259717,-0.000500701206434695,-0.0006784910705340819,synthetic,0.6399588,0.0856239999999999,0.55 <= DAUC < 0.75,source::synthetic_generator,
tabicl,pca_5,same_hyperparameters,joint_pca_5,pca_train_only_5,tabred_delivery_eta__gap_far,0.5700643861946659,0.5710836187839096,0.5606875625200399,False,1,-1.6723794678949842,-1.8541620964702712,0.18178262857528713,0.17847344166762014,0.001019232589243635,-0.009376823674626,TabReD_gap,0.999999625,0.2379337040655923,DAUC >= 0.95,source::tabred_delivery_eta,tabred_delivery_eta
tabicl,pca_5,same_hyperparameters,joint_pca_5,pca_train_only_5,tabred_delivery_eta__gap_maxdiff,0.5493413894058358,0.5498528196904452,0.5485074338313581,False,1,-0.15204088824328205,-0.24528124435606152,0.09324035611277946,0.0930122145954167,0.0005114302846094265,-0.0008339555744776295,TabReD_gap,1.0,0.2496496029927623,DAUC >= 0.95,source::tabred_delivery_eta,tabred_delivery_eta
tabicl,pca_5,same_hyperparameters,joint_pca_5,pca_train_only_5,tabred_delivery_eta__gap_near,0.5632344854785831,0.5629352369240748,0.5606876688263737,False,1,-0.45423090141083966,-0.40085919892008537,-0.05337170249075429,-0.05315861130731077,-0.00029924855450835786,-0.0025468166522094604,TabReD_gap,0.946211,0.1571228260314691,0.75 <= DAUC < 0.95,source::tabred_delivery_eta,tabred_delivery_eta
tabicl,pca_5,same_hyperparameters,joint_pca_5,pca_train_only_5,tabred_homesite__gap_far,0.1453671599672235,0.1472993238850285,0.1243992417270374,False,1,-16.85534248367436,-18.408538380193292,1.553195896518933,1.3117262638035763,0.0019321639178050132,-0.020967918240186095,TabReD_gap,1.0,0.0830990647492541,DAUC >= 0.95,source::tabred_homesite,tabred_homesite
tabicl,pca_5,same_hyperparameters,joint_pca_5,pca_train_only_5,tabred_homesite__gap_near,0.0625173761845979,0.0627414187754742,0.0610258384034495,False,1,-2.444108627050168,-2.8112360549359208,0.3671274278857526,0.35708881827817196,0.00022404259087629996,-0.001491537781148404,TabReD_gap,1.0,0.0437974647176086,DAUC >= 0.95,source::tabred_homesite,tabred_homesite
tabicl,pca_5,same_hyperparameters,joint_pca_5,pca_train_only_5,tabred_weather__gap_far,1.6420617488257825,1.6407250510089808,1.645231120677258,False,1,0.1926399161578538,0.2738867270163446,-0.08124681085849075,-0.08146994622771582,-0.0013366978168016797,0.0031693718514755886,TabReD_gap,1.0,0.1012016963019497,DAUC >= 0.95,source::tabred_weather,tabred_weather
tabicl,pca_5,same_hyperparameters,joint_pca_5,pca_train_only_5,tabred_weather__gap_maxdiff,1.8042924456842413,1.8079692512150844,1.796107849888755,False,1,-0.45568509686059083,-0.6603947155547512,0.20470961869416035,0.20336659643807972,0.0036768055308431524,-0.00818459579548625,TabReD_gap,1.0,0.2280292319342118,DAUC >= 0.95,source::tabred_weather,tabred_weather
tabicl,pca_5,same_hyperparameters,joint_pca_5,pca_train_only_5,tabred_weather__gap_near,1.7237378658451277,1.7158776991772855,1.7294869490145115,False,1,0.3324155277760116,0.7868952029375396,-0.45447967516152793,-0.4580843186907143,-0.007860166667842172,0.0057490831693838285,TabReD_gap,1.0,0.0948655339805825,DAUC >= 0.95,source::tabred_weather,tabred_weather
tabicl,pca_5,same_hyperparameters,joint_pca_5,pca_train_only_5,taiwanese_bankruptcy_prediction,0.05710183580579207,0.057242445537965904,0.058424639090695264,False,3,2.2641188811620165,2.023450330423414,0.2406685507386025,0.24563893253054025,0.00014060973217383532,0.0013228032849031957,TabArena_IID,0.4813707690648705,0.0246058424438091,DAUC < 0.55,source::taiwanese_bankruptcy_prediction,
tabicl,pca_5,same_hyperparameters,joint_pca_5,pca_train_only_5,website_phishing,0.0200714767488947,0.020072609518561935,0.0200714767488947,True,3,,,,,1.1327696672336351e-06,0.0,TabArena_IID,0.4974870109756609,0.0,DAUC < 0.55,source::website_phishing,
tabicl,pca_5,same_hyperparameters,joint_pca_5,pca_train_only_5,wine_quality,0.09794248484392425,0.09819460005680257,0.09874133671770506,False,3,0.8090348989954221,0.5537059544429456,0.2553289445524765,0.256750587845444,0.0002521152128783233,0.0007988518737808148,TabArena_IID,0.4933509159780399,0.021301046461716,DAUC < 0.55,source::wine_quality,
tabpfn,pca_5,same_hyperparameters,joint_pca_5,pca_train_only_5,Another-Dataset-on-used-Fiat-500,726.1097822865808,725.9581721185981,723.6962113966459,False,3,-0.3335060833435784,-0.31255666208157346,-0.02094942126200497,-0.020884146470891325,-0.15161016798265337,-2.4135708899348174,TabArena_IID,0.5250604059451488,0.0313157709499172,DAUC < 0.55,source::Another-Dataset-on-used-Fiat-500,
tabpfn,pca_5,same_hyperparameters,joint_pca_5,pca_train_only_5,Bank_Customer_Churn,0.1288871761584822,0.12906950911414974,0.12787327021734088,False,3,-0.7928990471722662,-0.9354878425926451,0.1425887954203788,0.14126725740182072,0.00018233295566755237,-0.0010139059411413132,TabArena_IID,0.4985240625,0.0158125,DAUC < 0.55,source::Bank_Customer_Churn,
tabpfn,pca_5,same_hyperparameters,joint_pca_5,pca_train_only_5,E-CommereShippingData,0.253814068778767,0.25431487863065855,0.25506745139171844,False,3,0.49139261246883337,0.2950485281260482,0.1963440843427852,0.19692510897833637,0.0005008098518915483,0.001253382612951437,TabArena_IID,0.500688337854552,0.0144240392331084,DAUC < 0.55,source::E-CommereShippingData,
tabpfn,pca_5,same_hyperparameters,joint_pca_5,pca_train_only_5,Fitness_Club,0.17830539825609829,0.17816323368548415,0.17749400775030552,False,3,-0.45713684426699597,-0.3770414244744961,-0.08009541979249986,-0.07979456124213932,-0.00014216457061413945,-0.000811390505792764,TabArena_IID,0.5044166666666666,0.0338611518035256,DAUC < 0.55,source::Fitness_Club,
tabpfn,pca_5,same_hyperparameters,joint_pca_5,pca_train_only_5,Is-this-a-good-customer,0.25912258446639586,0.26024000012212184,0.26227783349590816,False,3,1.2030178027078806,0.7769750674786311,0.42604273522924957,0.4293789022447043,0.001117415655725984,0.003155249029512308,TabArena_IID,0.5089344102652231,0.0467264045771018,DAUC < 0.55,source::Is-this-a-good-customer,
tabpfn,pca_5,same_hyperparameters,joint_pca_5,pca_train_only_5,MIC,0.13723246123755536,0.13515104632366923,0.13100575673892498,False,3,-4.753000672359218,-3.164204144864562,-1.5887965274946565,-1.5400657046349595,-0.002081414913886137,-0.0062267044986303866,TabArena_IID,0.5315440298650391,0.1023684174323937,DAUC < 0.55,source::MIC,
tabpfn,pca_5,same_hyperparameters,joint_pca_5,pca_train_only_5,Marketing_Campaign,0.07968768599339844,0.0786100288904478,0.07925134966343557,False,3,-0.5505727433234942,0.8092237869907973,-1.3597965303142914,-1.3708900990896264,-0.0010776571029506438,-0.00043633632996287197,TabArena_IID,0.4893010633270867,0.0318521792685864,DAUC < 0.55,source::Marketing_Campaign,
tabpfn,pca_5,same_hyperparameters,joint_pca_5,pca_train_only_5,NATICUSdroid,0.0150456938233939,0.015047808730528333,0.0150456938233939,True,3,,,,,2.1149071344327836e-06,0.0,TabArena_IID,0.4909448935914827,0.0,DAUC < 0.55,source::NATICUSdroid,
tabpfn,pca_5,same_hyperparameters,joint_pca_5,pca_train_only_5,QSAR_fish_toxicity,0.8645043974468152,0.8624494045648472,0.8558717334200979,False,3,-1.008639926945686,-0.7685346866714053,-0.2401052402742806,-0.23827402176766907,-0.0020549928819679764,-0.008632664026717252,TabArena_IID,0.4678368023195609,0.045171150688392,DAUC < 0.55,source::QSAR_fish_toxicity,
tabpfn,pca_5,same_hyperparameters,joint_pca_5,pca_train_only_5,airfoil_self_noise,1.1555426566203792,1.1566172873612481,1.3448544874649973,False,3,14.076751991322425,13.996845150033261,0.07990684128916636,0.0929115233372131,0.001074630740868887,0.189311830844618,TabArena_IID,0.5474124587140708,0.0529488504762273,DAUC < 0.55,source::airfoil_self_noise,
tabpfn,pca_5,same_hyperparameters,joint_pca_5,pca_train_only_5,anneal,0.00016182782995646667,0.00031147242404553336,0.00031553350266796666,True,3,,,,,0.0001496445940890667,0.0001537056727115,TabArena_IID,0.43732935660019,0.0336531517590013,DAUC < 0.55,source::anneal,
tabpfn,pca_5,same_hyperparameters,joint_pca_5,pca_train_only_5,bike_sharing,124.78548953873214,124.85149504436096,124.84424498341258,False,1,0.047062998128788225,-0.005807284868712157,0.05287028299750038,0.052867212847848156,0.0660055056288229,0.05875544468044325,real_shift,0.724417889739124,0.0462872471556019,0.55 <= DAUC < 0.75,source::bike_sharing,
tabpfn,pca_5,same_hyperparameters,joint_pca_5,pca_train_only_5,blood-transfusion-service-center,0.24853305580335008,0.2443148478540985,0.25116612151848544,False,3,1.0483363358149271,2.7277857471246216,-1.6794494113096945,-1.7265458838468353,-0.004218207949251596,0.0026330657151353576,TabArena_IID,0.5146430905695611,0.0393868450390189,DAUC < 0.55,source::blood-transfusion-service-center,
tabpfn,pca_5,same_hyperparameters,joint_pca_5,pca_train_only_5,churn,0.07127164173111504,0.07108838313009473,0.07264049721075806,False,3,1.8844247110140848,2.1367063005640636,-0.2522815895499789,-0.2577898004585891,-0.00018325860102030855,0.001368855479643022,TabArena_IID,0.4777912499999999,0.0261333333333333,DAUC < 0.55,source::churn,
tabpfn,pca_5,same_hyperparameters,joint_pca_5,pca_train_only_5,coil2000_insurance_policies,0.24447490078964831,0.24453382689538863,0.2412882176093861,False,3,-1.320695727224045,-1.345117187303672,0.02442146007962714,0.02409732284831441,5.892610574032009e-05,-0.0031866831802622175,TabArena_IID,0.4998567392475893,0.009434077843747,DAUC < 0.55,source::coil2000_insurance_policies,
tabpfn,pca_5,same_hyperparameters,joint_pca_5,pca_train_only_5,concrete_compressive_strength,4.085458520929517,4.066211725656918,4.1195335588295805,False,3,0.8271576724269818,1.2943657919323353,-0.4672081195053535,-0.47333480328032423,-0.01924679527259965,0.034075037900063165,TabArena_IID,0.5128188681237462,0.0502123786407767,DAUC < 0.55,source::concrete_compressive_strength,
tabpfn,pca_5,same_hyperparameters,joint_pca_5,pca_train_only_5,credit-g,0.2296063057114559,0.23004291845493563,0.22838866268050817,False,3,-0.5331451292970221,-0.7243160649973203,0.19117093570029817,0.18979621125144766,0.0004366127434797251,-0.0012176430309477349,TabArena_IID,0.4666875,0.0366071428571428,DAUC < 0.55,source::credit-g,
tabpfn,pca_5,same_hyperparameters,joint_pca_5,pca_train_only_5,diabetes,0.1558048396385935,0.15445985201205367,0.1525099118130329,False,3,-2.1604679895166337,-1.2785662097892243,-0.8819017797274095,-0.8707684288308655,-0.0013449876265398397,-0.003294927825560623,TabArena_IID,0.5164146241145119,0.0782684335208765,DAUC < 0.55,source::diabetes,
tabpfn,pca_5,same_hyperparameters,joint_pca_5,pca_train_only_5,gas_sensor_drift,0.0446650879016907,0.0479234895872171,0.0456067237637936,False,1,2.0646864856590463,-5.079877772897036,7.144564258556082,6.799174504177869,0.0032584016855264006,0.0009416358621028992,real_shift,0.9997012367140782,0.2156844866039522,DAUC >= 0.95,source::gas_sensor_drift,
tabpfn,pca_5,same_hyperparameters,joint_pca_5,pca_train_only_5,hazelnut-spread-contaminant-detection,0.012717708333333232,0.012617708333333233,0.0124041666666666,True,3,,,,,-9.99999999999994e-05,-0.00031354166666663214,TabArena_IID,0.5092881944444444,0.0430034722222222,DAUC < 0.55,source::hazelnut-spread-contaminant-detection,
tabpfn,pca_5,same_hyperparameters,joint_pca_5,pca_train_only_5,healthcare_insurance_expenses,4812.798243691679,4824.171367573915,5305.039761741123,False,3,9.278752660807372,9.064369274574224,0.21438338623314962,0.2357528996312417,11.373123882235632,492.2415180494436,TabArena_IID,0.5250682484635931,0.0656832659134235,DAUC < 0.55,source::healthcare_insurance_expenses,
tabpfn,pca_5,same_hyperparameters,joint_pca_5,pca_train_only_5,heloc,0.19806266307394085,0.19815281403842808,0.19813142890480717,False,3,0.03470717959610403,-0.010793408062069408,0.04550058765817344,0.04549567712409083,9.015096448722337e-05,6.87658308663186e-05,TabArena_IID,0.5007809088419239,0.0177986239441687,DAUC < 0.55,source::heloc,
tabpfn,pca_5,same_hyperparameters,joint_pca_5,pca_train_only_5,jm1,0.2595989287148129,0.2592917090561526,0.2637242968115845,False,3,1.5642730482731904,1.6807657879921072,-0.11649273971891679,-0.11848418130243057,-0.0003072196586602627,0.004125368096771609,TabArena_IID,0.5013936268693818,0.0156089518163831,DAUC < 0.55,source::jm1,
tabpfn,pca_5,same_hyperparameters,joint_pca_5,pca_train_only_5,maternal_health_risk,0.04749347680368703,0.047373826815900195,0.046240223808542334,False,3,-2.7103091030307156,-2.45155173134876,-0.25875737168195534,-0.252565595453816,-0.00011964998778683789,-0.0012532529951446991,TabArena_IID,0.4809925428071595,0.03878222065645,DAUC < 0.55,source::maternal_health_risk,
tabpfn,pca_5,same_hyperparameters,joint_pca_5,pca_train_only_5,online_shoppers_intention,0.06693689811948346,0.0670999844306131,0.06716734616781866,False,3,0.34309536029520504,0.10028941300919948,0.24280594728600557,0.24304970040386123,0.00016308631112964267,0.00023044804833520505,TabArena_IID,0.5085433381403395,0.0162298164122981,DAUC < 0.55,source::online_shoppers_intention,
tabpfn,pca_5,same_hyperparameters,joint_pca_5,pca_train_only_5,polish_companies_bankruptcy,0.030756851238845733,0.0318023450501425,0.03608486251999544,False,3,14.76522538556807,11.86790573881195,2.8973196467561215,3.287473957182536,0.001045493811296764,0.005328011281149705,TabArena_IID,0.4797271737327021,0.028469599510753,DAUC < 0.55,source::polish_companies_bankruptcy,
tabpfn,pca_5,same_hyperparameters,joint_pca_5,pca_train_only_5,qsar-biodeg,0.06168460691907513,0.06202106943017253,0.06174120190012424,False,3,0.09166485152113019,-0.45329135396653647,0.5449562054876667,0.5424971129790147,0.0003364625110973962,5.6594981049110094e-05,TabArena_IID,0.5242964850267431,0.0520357221163414,DAUC < 0.55,source::qsar-biodeg,
tabpfn,pca_5,same_hyperparameters,joint_pca_5,pca_train_only_5,seismic-bumps,0.22399179265954816,0.22438296990377224,0.22500151538162685,False,3,0.4487626318276543,0.27490724976029396,0.17385538206736037,0.17433464063330487,0.00039117724422407796,0.001009722722078693,TabArena_IID,0.5032746248400783,0.0270932551506253,DAUC < 0.55,source::seismic-bumps,
tabpfn,pca_5,same_hyperparameters,joint_pca_5,pca_train_only_5,splice,0.0047421837540313,0.0047379253741625,0.0047421837540313,True,3,,,,,-4.25837986879965e-06,0.0,TabArena_IID,0.4935215615848055,0.0,DAUC < 0.55,source::splice,
tabpfn,pca_5,same_hyperparameters,joint_pca_5,pca_train_only_5,students_dropout_and_academic_success,0.09971119589975945,0.09981735806120821,0.09889409217793484,False,3,-0.8262411877490544,-0.9335905340151106,0.10734934626605613,0.10635641286324683,0.000106162161448764,-0.0008171037218246135,TabArena_IID,0.4990070724969652,0.0241838594407484,DAUC < 0.55,source::students_dropout_and_academic_success,
tabpfn,pca_5,same_hyperparameters,joint_pca_5,pca_train_only_5,synthetic_large_test,0.2439153482936673,0.2438779416599205,0.2439493342287154,False,1,0.01393155474498858,0.029265326351728925,-0.015333771606740347,-0.015338260398702704,-3.740663374679487e-05,3.398593504810865e-05,synthetic,0.64072835,0.0878719999999999,0.55 <= DAUC < 0.75,source::synthetic_generator,
tabpfn,pca_5,same_hyperparameters,joint_pca_5,pca_train_only_5,synthetic_shift_0.0,0.2427082841234472,0.2425994277546381,0.2422123920007034,False,1,-0.20473441455561242,-0.1597918879119844,-0.04494252664362803,-0.04487082670251836,-0.00010885636880908489,-0.0004958921227437851,synthetic,0.49784605,0.011,DAUC < 0.55,source::synthetic_generator,
tabpfn,pca_5,same_hyperparameters,joint_pca_5,pca_train_only_5,synthetic_shift_0.5,0.2412032139622153,0.2409719728584369,0.2407155594914597,False,1,-0.20258535500814046,-0.10652130984757001,-0.09606404516057046,-0.09596182536723563,-0.00023124110377839568,-0.0004876544707556052,synthetic,0.5719888750000001,0.04362,0.55 <= DAUC < 0.75,source::synthetic_generator,
tabpfn,pca_5,same_hyperparameters,joint_pca_5,pca_train_only_5,synthetic_shift_1.0,0.2433765624389036,0.2436340521696933,0.2432389244424748,False,1,-0.05658551432270764,-0.1624442831771973,0.10585876885448967,0.10568708622486082,0.00025748973078970616,-0.0001376379964287966,synthetic,0.643362075,0.08208,0.55 <= DAUC < 0.75,source::synthetic_generator,
tabpfn,pca_5,same_hyperparameters,joint_pca_5,pca_train_only_5,synthetic_shift_3.0,0.2516112122762148,0.25289747314578,0.2518339846547315,False,1,0.08846001417248142,-0.42229744826002774,0.5107574624325092,0.5086096169983202,0.0012862608695651812,0.00022277237851670018,synthetic,0.8405509999999999,0.20872,0.75 <= DAUC < 0.95,source::synthetic_generator,
tabpfn,pca_5,same_hyperparameters,joint_pca_5,pca_train_only_5,synthetic_shift_5.0,0.2600638299047252,0.2653582963858767,0.2605052599197843,False,1,0.1694514787129489,-1.8629322369869936,2.0323837156999427,1.9952142266742767,0.005294466481151505,0.0004414300150590855,synthetic,0.93479215,0.30666,0.75 <= DAUC < 0.95,source::synthetic_generator,
tabpfn,pca_5,same_hyperparameters,joint_pca_5,pca_train_only_5,tabred_delivery_eta__gap_far,0.5525044208884834,0.5523843094800267,0.5502068249923597,False,1,-0.41758767644431993,-0.39575744770109067,-0.02183022874322926,-0.021744174552994655,-0.00012011140845669122,-0.002297595896123661,TabReD_gap,0.999999625,0.2379337040655923,DAUC >= 0.95,source::tabred_delivery_eta,tabred_delivery_eta
tabpfn,pca_5,same_hyperparameters,joint_pca_5,pca_train_only_5,tabred_delivery_eta__gap_maxdiff,0.5493530803729813,0.5493240830626769,0.5487472365967985,False,1,-0.11040488876811123,-0.10512061426602848,-0.005284274502082758,-0.0052787254734396605,-2.8997310304368362e-05,-0.0006058437761827795,TabReD_gap,1.0,0.2496496029927623,DAUC >= 0.95,source::tabred_delivery_eta,tabred_delivery_eta
tabpfn,pca_5,same_hyperparameters,joint_pca_5,pca_train_only_5,tabred_delivery_eta__gap_near,0.5664249022470987,0.5659162835663003,0.5658953500066907,False,1,-0.09357776846934862,-0.0036991927234230966,-0.08987857574592553,-0.08987525108717716,-0.0005086186807984339,-0.000529552240408071,TabReD_gap,0.946211,0.1571228260314691,0.75 <= DAUC < 0.95,source::tabred_delivery_eta,tabred_delivery_eta
tabpfn,pca_5,same_hyperparameters,joint_pca_5,pca_train_only_5,tabred_homesite__gap_far,0.0841163296398853,0.0833523878030779,0.0816863083666887,False,1,-2.974820776926609,-2.0396067219859932,-0.9352140549406162,-0.9165206383915923,-0.0007639418368074052,-0.0024300212731965948,TabReD_gap,1.0,0.0830990647492541,DAUC >= 0.95,source::tabred_homesite,tabred_homesite
tabpfn,pca_5,same_hyperparameters,joint_pca_5,pca_train_only_5,tabred_homesite__gap_near,0.0479813247209841,0.0480199761364803,0.0496741211007164,False,1,3.4078033837782202,3.3299934202806614,0.07780996349755884,0.08049028468141513,3.86514154962006e-05,0.0016927963797323045,TabReD_gap,1.0,0.0437974647176086,DAUC >= 0.95,source::tabred_homesite,tabred_homesite
tabpfn,pca_5,same_hyperparameters,joint_pca_5,pca_train_only_5,tabred_sberbank__gap_far,0.4071012894305707,0.4040920088658735,0.3928951293056008,False,1,-3.615763868103375,-2.849839238287828,-0.7659246298155468,-0.7447018249984941,-0.0030092805646972365,-0.014206160124969947,TabReD_gap,1.0,0.235749592588427,DAUC >= 0.95,source::tabred_sberbank,tabred_sberbank
tabpfn,pca_5,same_hyperparameters,joint_pca_5,pca_train_only_5,tabred_sberbank__gap_near,0.2483569107461396,0.2435164445282574,0.2477424059564321,False,1,-0.24804182688674467,1.705788482944606,-1.9538303098313508,-1.9877368968897364,-0.0048404662178822,-0.0006145047897075095,TabReD_gap,1.0,0.2265311490062835,DAUC >= 0.95,source::tabred_sberbank,tabred_sberbank
tabpfn,pca_5,same_hyperparameters,joint_pca_5,pca_train_only_5,tabred_weather__gap_far,1.6066796407268082,1.6066826085662314,1.6156473980942971,False,1,0.5550565908171933,0.5548728973066781,0.00018369351051520391,0.00018471846320384345,2.967839423106966e-06,0.008967757367488893,TabReD_gap,1.0,0.1012016963019497,DAUC >= 0.95,source::tabred_weather,tabred_weather
tabpfn,pca_5,same_hyperparameters,joint_pca_5,pca_train_only_5,tabred_weather__gap_maxdiff,1.7427548566659452,1.758563953420072,1.7468705124362365,False,1,0.23560165112361178,-0.669393690063931,0.9049953411875428,0.8989776415797225,0.015809096754126895,0.004115655770291271,TabReD_gap,1.0,0.2280292319342118,DAUC >= 0.95,source::tabred_weather,tabred_weather
tabpfn,pca_5,same_hyperparameters,joint_pca_5,pca_train_only_5,tabred_weather__gap_near,1.6873900766245242,1.685454860045458,1.6838261915156958,False,1,-0.2116539775177392,-0.09672426631492961,-0.11492971120280959,-0.11481865370242325,-0.0019352165790662568,-0.003563885108828435,TabReD_gap,1.0,0.0948655339805825,DAUC >= 0.95,source::tabred_weather,tabred_weather
tabpfn,pca_5,same_hyperparameters,joint_pca_5,pca_train_only_5,taiwanese_bankruptcy_prediction,0.0588288772590945,0.059019889428792466,0.05860884184002716,False,3,-0.3754304165708025,-0.701340575688664,0.3259101591178615,0.3236403381074182,0.0001910121696979683,-0.00022003541906733676,TabArena_IID,0.4813707690648705,0.0246058424438091,DAUC < 0.55,source::taiwanese_bankruptcy_prediction,
tabpfn,pca_5,same_hyperparameters,joint_pca_5,pca_train_only_5,tschalzev_mbgm,7.937907199747082,7.938448731188297,7.946489378341723,False,1,0.10799962330575563,0.1011848977655609,0.006814725540194738,0.006821627997509965,0.0005415314412147154,0.008582178594640943,tschalzev_IID,0.5283598093648937,0.0054825547828749,DAUC < 0.55,source::tschalzev_mbgm,
tabpfn,pca_5,same_hyperparameters,joint_pca_5,pca_train_only_5,website_phishing,0.019962495978092933,0.019962495978092933,0.019962495978092933,True,3,,,,,0.0,0.0,TabArena_IID,0.4974870109756609,0.0,DAUC < 0.55,source::website_phishing,
tabpfn,pca_5,same_hyperparameters,joint_pca_5,pca_train_only_5,wine_quality,0.11098363388422233,0.1118218225749445,0.10840946031599134,False,3,-2.374491636364392,-3.147660959667926,0.7731693233035342,0.7495752362294026,0.0008381886907221636,-0.002574173568230989,TabArena_IID,0.4933509159780399,0.021301046461716,DAUC < 0.55,source::wine_quality,
bag8,pca_10,same_hyperparameters,joint_pca_10,pca_train_only_10,APSFailure,0.007831164970740767,0.007888125350520801,0.007795399190903867,True,3,,,,,5.696037978003381e-05,-3.576577983690002e-05,TabArena_IID,0.5018079,0.0059871498851508,DAUC < 0.55,source::APSFailure,
bag8,pca_10,same_hyperparameters,joint_pca_10,pca_train_only_10,Amazon_employee_access,0.15525080906850117,0.15525080906850117,0.15525080906850117,False,3,0.0,0.0,0.0,0.0,0.0,0.0,TabArena_IID,0.4973770565852067,0.0,DAUC < 0.55,source::Amazon_employee_access,
bag8,pca_10,same_hyperparameters,joint_pca_10,pca_train_only_10,Another-Dataset-on-used-Fiat-500,749.551451981692,752.1306119092916,748.4780342430635,False,3,-0.14341339217978682,-0.4880006492003444,0.3445872570205576,0.3429138352782022,2.5791599275995623,-1.0734177386285637,TabArena_IID,0.5250604059451488,0.0313157709499172,DAUC < 0.55,source::Another-Dataset-on-used-Fiat-500,
bag8,pca_10,same_hyperparameters,joint_pca_10,pca_train_only_10,Bank_Customer_Churn,0.13437326248505663,0.13410759433639913,0.1341471949045324,False,3,-0.16852203334189747,0.02952023570932338,-0.19804226905122085,-0.19810074885922602,-0.00026566814865749966,-0.00022606758052423626,TabArena_IID,0.4985240625,0.0158125,DAUC < 0.55,source::Bank_Customer_Churn,
bag8,pca_10,same_hyperparameters,joint_pca_10,pca_train_only_10,Bioresponse,0.12664905661708697,0.12702431028775843,0.12509248702085657,False,3,-1.2443349982888106,-1.5443159800474424,0.299980981758632,0.29541878229557983,0.0003752536706714549,-0.001556569596230406,TabArena_IID,0.5301520014716704,0.0098021704294174,DAUC < 0.55,source::Bioresponse,
bag8,pca_10,same_hyperparameters,joint_pca_10,pca_train_only_10,Diabetes130US,0.35286485313658805,0.352837045758918,0.3529402335997825,False,3,0.02135785496190239,0.029236633016315124,-0.007878778054412734,-0.007881082217498378,-2.7807377670052702e-05,7.538046319444103e-05,TabArena_IID,0.5012846750000001,0.0039252033937267,DAUC < 0.55,source::diabetes_130_us,
bag8,pca_10,same_hyperparameters,joint_pca_10,pca_train_only_10,E-CommereShippingData,0.25845357908797456,0.2614565624199597,0.25874591438248,False,3,0.11298160792340876,-1.0476099860161538,1.1605915939395626,1.148559173344303,0.0030029833319851207,0.0002923352945054525,TabArena_IID,0.500688337854552,0.0144240392331084,DAUC < 0.55,source::E-CommereShippingData,
bag8,pca_10,same_hyperparameters,joint_pca_10,pca_train_only_10,Fitness_Club,0.1980364555064348,0.1983876119968098,0.19806031347407185,False,3,0.012045809288373828,-0.16525194623646128,0.17729775552483512,0.17700525090277755,0.000351156490374982,2.3857967637042066e-05,TabArena_IID,0.5044166666666666,0.0338611518035256,DAUC < 0.55,source::Fitness_Club,
bag8,pca_10,same_hyperparameters,joint_pca_10,pca_train_only_10,Food_Delivery_Time,7.625341210791166,7.624989115160833,7.61254331638673,False,3,-0.16811588285989912,-0.16349067922296834,-0.004625203636930774,-0.0046176542027105945,-0.0003520956303324496,-0.012797894404435795,TabArena_IID,0.4998231287092426,0.0079414057802949,DAUC < 0.55,source::Food_Delivery_Time,
bag8,pca_10,same_hyperparameters,joint_pca_10,pca_train_only_10,GiveMeSomeCredit,0.13453361843885905,0.13457564342739317,0.13467859812932512,False,3,0.10764864832261321,0.07644473833406196,0.03120390998855126,0.031227781984777055,4.202498853411729e-05,0.00014497969046606274,TabArena_IID,0.5044638750000001,0.0040447365644625,DAUC < 0.55,source::GiveMeSomeCredit,
bag8,pca_10,same_hyperparameters,joint_pca_10,pca_train_only_10,HR_Analytics_Job_Change_of_Data_Scientists,0.19851807992732595,0.1979879957916372,0.19807157913220882,False,3,-0.2254239588906882,0.042198553138123075,-0.26762251202881127,-0.2677354925328974,-0.000530084135688752,-0.00044650079511712737,TabArena_IID,0.5006432616140332,0.0155574144065088,DAUC < 0.55,source::HR_Analytics_Job_Change_of_Data_Scientists,
bag8,pca_10,same_hyperparameters,joint_pca_10,pca_train_only_10,Is-this-a-good-customer,0.2958428168644278,0.2912061525028125,0.2816658347110213,False,3,-5.033262968492992,-3.3871050784626475,-1.6461578900303444,-1.5922274724503027,-0.004636664361615306,-0.014176982153406514,TabArena_IID,0.5089344102652231,0.0467264045771018,DAUC < 0.55,source::Is-this-a-good-customer,
bag8,pca_10,same_hyperparameters,joint_pca_10,pca_train_only_10,MIC,0.19203606201535162,0.18923072317183776,0.17328258022548715,False,3,-10.82248531009935,-9.203546557073304,-1.6189387530260466,-1.4824964976571864,-0.0028053388435138604,-0.018753481789864468,TabArena_IID,0.5315440298650391,0.1023684174323937,DAUC < 0.55,source::MIC,
bag8,pca_10,same_hyperparameters,joint_pca_10,pca_train_only_10,Marketing_Campaign,0.0922806869415843,0.0918212432140525,0.09077602790089785,False,3,-1.6575510908332698,-1.1514221731487606,-0.5061289176845093,-0.5003675744846465,-0.0004594437275318025,-0.0015046590406864457,TabArena_IID,0.4893010633270867,0.0318521792685864,DAUC < 0.55,source::Marketing_Campaign,
bag8,pca_10,same_hyperparameters,joint_pca_10,pca_train_only_10,NATICUSdroid,0.015374123980250199,0.015374123980250199,0.015374123980250199,True,3,,,,,0.0,0.0,TabArena_IID,0.4909448935914827,0.0,DAUC < 0.55,source::NATICUSdroid,
bag8,pca_10,same_hyperparameters,joint_pca_10,pca_train_only_10,QSAR-TID-11,0.7820685289991909,0.7827364343311167,0.7712617761086863,False,3,-1.4011783320870423,-1.4877773770047984,0.08659904491775605,0.08532953145289568,0.0006679053319258443,-0.01080675289050459,TabArena_IID,0.5050515529554785,0.0053456712564641,DAUC < 0.55,source::QSAR-TID-11,
bag8,pca_10,same_hyperparameters,joint_pca_10,pca_train_only_10,QSAR_fish_toxicity,0.8811384214784841,0.8919338899968962,0.8879213450978166,False,3,0.7639104135496703,-0.4519031917897529,1.215813605339423,1.2103440220720432,0.010795468518412066,0.006782923619332526,TabArena_IID,0.4678368023195609,0.045171150688392,DAUC < 0.55,source::QSAR_fish_toxicity,
bag8,pca_10,same_hyperparameters,joint_pca_10,pca_train_only_10,SDSS17,0.0069594546061067,0.006686088275869467,0.006966283496635968,True,3,,,,,-0.0002733663302372331,6.8288905292679045e-06,TabArena_IID,0.503639075,0.0056937685466399,DAUC < 0.55,source::SDSS17,
bag8,pca_10,same_hyperparameters,joint_pca_10,pca_train_only_10,airfoil_self_noise,1.562147756719935,1.5737443573814678,1.5191985317946408,False,3,-2.827097579837577,-3.59043432739443,0.763336747556853,0.7368795705058542,0.011596600661532674,-0.042949224925294294,TabArena_IID,0.5474124587140708,0.0529488504762273,DAUC < 0.55,source::airfoil_self_noise,
bag8,pca_10,same_hyperparameters,joint_pca_10,pca_train_only_10,anneal,0.0040388264400104,0.004441910188009,0.005311829229791567,True,3,,,,,0.00040308374799859995,0.0012730027897811672,TabArena_IID,0.43732935660019,0.0336531517590013,DAUC < 0.55,source::anneal,
bag8,pca_10,same_hyperparameters,joint_pca_10,pca_train_only_10,bank-marketing,0.2373857560126917,0.23733825013514176,0.23769053892853007,False,3,0.12822677638422816,0.14821321663721482,-0.01998644025298664,-0.020016106768674033,-4.750587754995261e-05,0.00030478291583835304,TabArena_IID,0.4965386712119099,0.0053437601561689,DAUC < 0.55,source::bank-marketing,
bag8,pca_10,same_hyperparameters,joint_pca_10,pca_train_only_10,bike_sharing,124.9595666986444,125.01357939510316,124.5295491522315,False,1,-0.34531366197047914,-0.3886870595507932,0.04337339758031402,0.043205463534536345,0.05401269645876994,-0.43001754641289835,real_shift,0.724417889739124,0.0462872471556019,0.55 <= DAUC < 0.75,source::bike_sharing,
bag8,pca_10,same_hyperparameters,joint_pca_10,pca_train_only_10,blood-transfusion-service-center,0.2902956189909802,0.28809024680344925,0.2943193081573991,False,3,1.3671169559378842,2.1164297350884667,-0.7493127791505824,-0.7655143525339816,-0.002205372187530974,0.004023689166418876,TabArena_IID,0.5146430905695611,0.0393868450390189,DAUC < 0.55,source::blood-transfusion-service-center,
bag8,pca_10,same_hyperparameters,joint_pca_10,pca_train_only_10,brfss_diabetes,0.1766442526437535,0.1764541322321773,0.1762096282165715,False,1,-0.2466519177078274,-0.13875746636573788,-0.10789445134208955,-0.10774494718324099,-0.00019012041157620563,-0.00043462442718200656,real_shift,0.6218414250000001,0.0278607379887395,0.55 <= DAUC < 0.75,source::brfss_diabetes,
bag8,pca_10,same_hyperparameters,joint_pca_10,pca_train_only_10,churn,0.08181476752173054,0.08289556989804436,0.08373592096225208,False,3,2.294300245873669,1.0035729643273879,1.2907272815462816,1.3038119861448916,0.0010808023763138191,0.0019211534405215308,TabArena_IID,0.4777912499999999,0.0261333333333333,DAUC < 0.55,source::churn,
bag8,pca_10,same_hyperparameters,joint_pca_10,pca_train_only_10,coil2000_insurance_policies,0.24166623971005272,0.24593730721863646,0.2503404243359272,False,3,3.4649556294730637,1.7588518230608476,1.7061038064122163,1.7366488870217645,0.004271067508583748,0.008674184625874465,TabArena_IID,0.4998567392475893,0.009434077843747,DAUC < 0.55,source::coil2000_insurance_policies,
bag8,pca_10,same_hyperparameters,joint_pca_10,pca_train_only_10,concrete_compressive_strength,4.452685782652324,4.461502228532126,4.340134707907356,False,3,-2.5932622446006066,-2.7963998537568178,0.20313760915621099,0.1976115986991806,0.008816445879801904,-0.11255107474496828,TabArena_IID,0.5128188681237462,0.0502123786407767,DAUC < 0.55,source::concrete_compressive_strength,
bag8,pca_10,same_hyperparameters,joint_pca_10,pca_train_only_10,credit-g,0.2467494467065282,0.2511654011224826,0.23617982954892822,False,3,-4.475241250612528,-6.344983651726231,1.8697424011137032,1.7581857995643717,0.004415954415954382,-0.010569617157599992,TabArena_IID,0.4666875,0.0366071428571428,DAUC < 0.55,source::credit-g,
bag8,pca_10,same_hyperparameters,joint_pca_10,pca_train_only_10,credit_card_clients_default,0.2164295416078831,0.2161889220460342,0.21600021694556126,False,3,-0.19876121811027997,-0.08736338469535254,-0.11139783341492744,-0.11130059744581262,-0.0002406195618488982,-0.00042932466232184496,TabArena_IID,0.5084822083333334,0.0089083333333333,DAUC < 0.55,source::credit_card_clients_default,
bag8,pca_10,same_hyperparameters,joint_pca_10,pca_train_only_10,customer_satisfaction_in_airline,0.0058856290341219,0.005865098781455267,0.0056408237053047336,True,3,,,,,-2.0530252666632783e-05,-0.00024480532881716605,TabArena_IID,0.4966771,0.0063438979047851,DAUC < 0.55,source::customer_satisfaction_in_airline,
bag8,pca_10,same_hyperparameters,joint_pca_10,pca_train_only_10,diabetes,0.17257704707006727,0.1651887176716764,0.16934535483580615,False,3,-1.9083441865851605,2.454532731742154,-4.362876918327315,-4.472659817528019,-0.007388329398390875,-0.0032316922342611187,TabArena_IID,0.5164146241145119,0.0782684335208765,DAUC < 0.55,source::diabetes,
bag8,pca_10,same_hyperparameters,joint_pca_10,pca_train_only_10,diabetes_hospital,0.3481571257653811,0.3484589178016196,0.3461028034487377,False,1,-0.5935584156421613,-0.6807556394818055,0.0871972238396442,0.08660763746339022,0.0003017920362384796,-0.002054322316643431,real_shift,0.938254775,0.0569622287584916,0.75 <= DAUC < 0.95,source::diabetes_130_us,
bag8,pca_10,same_hyperparameters,joint_pca_10,pca_train_only_10,diamonds,530.3698891982747,530.7559167590239,533.6157469570486,False,3,0.6082762319671923,0.5359343711899334,0.07234186077725896,0.07273165471360435,0.38602756074919853,3.245857758773923,TabArena_IID,0.500012025,0.0064925534544555,DAUC < 0.55,source::diamonds,
bag8,pca_10,same_hyperparameters,joint_pca_10,pca_train_only_10,folktables_coverage,0.1808763421912479,0.1810428942305252,0.1802445690392519,False,1,-0.35050884216013184,-0.44291220286334393,0.09240336070321212,0.09199589963758334,0.00016655203927729012,-0.0006317731519960013,Folktables,0.55100065,0.0153198007637392,0.55 <= DAUC < 0.75,source::folktables,
bag8,pca_10,same_hyperparameters,joint_pca_10,pca_train_only_10,folktables_coverage_covid,0.1869777290309371,0.1869360227306897,0.1863877343928588,False,1,-0.316541557844538,-0.2941654608426406,-0.022376097001897403,-0.022310467312910236,-4.1706300247384975e-05,-0.000589994638078295,Folktables,0.6727981749999998,0.0219409140498816,0.55 <= DAUC < 0.75,source::folktables,
bag8,pca_10,same_hyperparameters,joint_pca_10,pca_train_only_10,folktables_employment,0.0924022647391827,0.0924055832636228,0.0923388145690792,False,1,-0.068714516641348,-0.07230837308794771,0.0035938564465997137,0.003591259665162471,3.3185244401046088e-06,-6.345017010349341e-05,Folktables,0.5412264,0.0268211334088744,DAUC < 0.55,source::folktables,
bag8,pca_10,same_hyperparameters,joint_pca_10,pca_train_only_10,folktables_income,0.1126553296773933,0.1126414433126034,0.1120155290170952,False,1,-0.5711713955307579,-0.5587745743830473,-0.012396821147710662,-0.01232793577704228,-1.3886364789911232e-05,-0.0006398006602981038,Folktables,0.6541794249999999,0.0202054476966708,0.55 <= DAUC < 0.75,source::folktables,
bag8,pca_10,same_hyperparameters,joint_pca_10,pca_train_only_10,folktables_mobility,0.2605954064096654,0.2611338717040061,0.2597460318536995,False,1,-0.32700193720160614,-0.5343064686694802,0.20730453146787398,0.20620277669342493,0.0005384652943407064,-0.0008493745559658983,Folktables,0.5783444999999999,0.0427119057499453,0.55 <= DAUC < 0.75,source::folktables,
bag8,pca_10,same_hyperparameters,joint_pca_10,pca_train_only_10,folktables_travel_time,0.2078893906186845,0.2079847146721978,0.2080129492789471,False,1,0.05939950406495956,0.013573485135011935,0.04582601892994762,0.045832239962225935,9.532405351331263e-05,0.00012355866026259044,Folktables,0.657996475,0.0224917765156315,0.55 <= DAUC < 0.75,source::folktables,
bag8,pca_10,same_hyperparameters,joint_pca_10,pca_train_only_10,folktables_travel_time_covid,0.2034604522913652,0.2034164289481107,0.2035722517222109,False,1,0.05491879659427966,0.07654421110045587,-0.021625414506176204,-0.02164198018917853,-4.402334325448454e-05,0.00011179943084571597,Folktables,0.788992325,0.0142218987079578,0.75 <= DAUC < 0.95,source::folktables,
bag8,pca_10,same_hyperparameters,joint_pca_10,pca_train_only_10,gas_sensor_drift,0.1164960589812098,0.1057432060835849,0.1243783594646005,False,1,6.3373568499543556,14.98263320181465,-8.645276351860295,-10.168835706688606,-0.010752852897624898,0.007882300483390711,real_shift,0.9997012367140782,0.2156844866039522,DAUC >= 0.95,source::gas_sensor_drift,
bag8,pca_10,same_hyperparameters,joint_pca_10,pca_train_only_10,hazelnut-spread-contaminant-detection,0.0297166666666666,0.029437499999999967,0.0295020833333333,False,3,-0.7273497634346711,0.21891109384930407,-0.9462608572839752,-0.9483368719036357,-0.00027916666666663245,-0.0002145833333332993,TabArena_IID,0.5092881944444444,0.0430034722222222,DAUC < 0.55,source::hazelnut-spread-contaminant-detection,
bag8,pca_10,same_hyperparameters,joint_pca_10,pca_train_only_10,healthcare_insurance_expenses,4632.855349424838,4654.186983343832,4620.357678458792,False,3,-0.27049141724055337,-0.7321793514549826,0.4616879342144292,0.45833212106292087,21.331633918994157,-12.497670966045916,TabArena_IID,0.5250682484635931,0.0656832659134235,DAUC < 0.55,source::healthcare_insurance_expenses,
bag8,pca_10,same_hyperparameters,joint_pca_10,pca_train_only_10,heloc,0.20517015698901775,0.20566232078517185,0.20568240256918216,False,3,0.24904686728954123,0.009763491557597715,0.2392833757319435,0.2393067404253417,0.0004921637961541048,0.000512245580164411,TabArena_IID,0.5007809088419239,0.0177986239441687,DAUC < 0.55,source::heloc,
bag8,pca_10,same_hyperparameters,joint_pca_10,pca_train_only_10,hiva_agnostic,0.5036540337357714,0.5036540337357714,0.5036540337357714,False,3,0.0,0.0,0.0,0.0,0.0,0.0,TabArena_IID,0.496315651907474,0.0,DAUC < 0.55,source::hiva_agnostic,
bag8,pca_10,same_hyperparameters,joint_pca_10,pca_train_only_10,houses,0.21703521613586563,0.21747655557230772,0.2171784423060367,False,3,0.06594861287808715,-0.13726650909989302,0.20321512197798017,0.20293655804905875,0.00044133943644208973,0.00014322617017106798,TabArena_IID,0.4876979973585736,0.0143910489341085,DAUC < 0.55,source::houses,
bag8,pca_10,same_hyperparameters,joint_pca_10,pca_train_only_10,in_vehicle_coupon_recommendation,0.17019572809062522,0.17052990553367817,0.1669647312821876,False,3,-1.9351373093140793,-2.1352858319910943,0.20014852267701505,0.19596412840734811,0.0003341774430529465,-0.0032309968084376084,TabArena_IID,0.4999967486682508,0.0148968616209672,DAUC < 0.55,source::in_vehicle_coupon_recommendation,
bag8,pca_10,same_hyperparameters,joint_pca_10,pca_train_only_10,jm1,0.24870964411254745,0.24889472690721193,0.2523411082373615,False,3,1.4391092082381431,1.365762936615059,0.07334627162308426,0.07436187859997337,0.0001850827946644762,0.003631464124814049,TabArena_IID,0.5013936268693818,0.0156089518163831,DAUC < 0.55,source::jm1,
bag8,pca_10,same_hyperparameters,joint_pca_10,pca_train_only_10,kddcup09_appetency,0.19875312990004493,0.19780299356760359,0.19833659694940486,False,3,-0.21001315795809503,0.2690392948193013,-0.4790524527773963,-0.48034476895649825,-0.0009501363324413425,-0.0004165329506400639,TabArena_IID,0.502529275,0.0355100272725716,DAUC < 0.55,source::kddcup09_appetency,
bag8,pca_10,same_hyperparameters,joint_pca_10,pca_train_only_10,lending_club,0.3117380415566388,0.3119080394974703,0.3115974664807988,False,1,-0.045114319261865723,-0.09967122652798327,0.054556907266117546,0.0545025838722826,0.0001699979408315011,-0.0001405750758400326,real_shift,0.94616475,0.0622442459135606,0.75 <= DAUC < 0.95,source::lending_club,
bag8,pca_10,same_hyperparameters,joint_pca_10,pca_train_only_10,maternal_health_risk,0.057501021650085894,0.0569351602357265,0.06193628607029456,False,3,7.1610112611125345,8.074629836364482,-0.9136185752519463,-0.9938698899178998,-0.0005658614143593949,0.004435264420208668,TabArena_IID,0.4809925428071595,0.03878222065645,DAUC < 0.55,source::maternal_health_risk,
bag8,pca_10,same_hyperparameters,joint_pca_10,pca_train_only_10,miami_housing,89112.40751640247,88807.29599232669,87451.21914052036,False,3,-1.899559997228669,-1.5506666060622032,-0.3488933911664659,-0.34356583056209916,-305.111524075779,-1661.188375882106,TabArena_IID,0.5000548768378967,0.0174142973418732,DAUC < 0.55,source::miami_housing,
bag8,pca_10,same_hyperparameters,joint_pca_10,pca_train_only_10,online_shoppers_intention,0.06571442968369993,0.06605915884274781,0.06587676166406567,False,3,0.24641766878817792,-0.27687635833142815,0.523294027119606,0.5218491501965583,0.00034472915904787405,0.0001623319803657347,TabArena_IID,0.5085433381403395,0.0162298164122981,DAUC < 0.55,source::online_shoppers_intention,
bag8,pca_10,same_hyperparameters,joint_pca_10,pca_train_only_10,physiochemical_protein,3.3484971798007614,3.3499328486312567,3.4820759024608896,False,3,3.836180669287651,3.7949504126616924,0.041230256625958486,0.042856645054299584,0.0014356688304952847,0.13357872266012816,TabArena_IID,0.5001884949523016,0.0130870811769565,DAUC < 0.55,source::physiochemical_protein,
bag8,pca_10,same_hyperparameters,joint_pca_10,pca_train_only_10,polish_companies_bankruptcy,0.053614241473607695,0.04508953594975753,0.04399807589132929,False,3,-21.8558775298023,-2.480699522233724,-19.375178007568575,-18.906172672411383,-0.008524705523850165,-0.009616165582278402,TabArena_IID,0.4797271737327021,0.028469599510753,DAUC < 0.55,source::polish_companies_bankruptcy,
bag8,pca_10,same_hyperparameters,joint_pca_10,pca_train_only_10,qsar-biodeg,0.07173126033711656,0.06981355137530383,0.06976872366754223,False,3,-2.812917545870683,-0.06425186731981358,-2.748665678550869,-2.74690074352973,-0.0019177089618127308,-0.0019625366695743274,TabArena_IID,0.5242964850267431,0.0520357221163414,DAUC < 0.55,source::qsar-biodeg,
bag8,pca_10,same_hyperparameters,joint_pca_10,pca_train_only_10,seismic-bumps,0.21486802807312877,0.2176152807210904,0.24680305204571742,False,3,12.939476926190142,11.826341320617187,1.113135605572956,1.2624355416854611,0.0027472526479616344,0.031935023972588655,TabArena_IID,0.5032746248400783,0.0270932551506253,DAUC < 0.55,source::seismic-bumps,
bag8,pca_10,same_hyperparameters,joint_pca_10,pca_train_only_10,shifts_weather,2.180653233627986,2.1591116229954626,2.164518455518772,False,1,-0.7454211382709861,0.24979378251657297,-0.995214920787559,-0.9977071311689435,-0.021541610632523245,-0.0161347781092136,real_shift,0.99970015,0.1722711733109805,DAUC >= 0.95,source::shifts_weather,
bag8,pca_10,same_hyperparameters,joint_pca_10,pca_train_only_10,splice,0.0052733804611511,0.0052733804611511,0.0052733804611511,True,3,,,,,0.0,0.0,TabArena_IID,0.4935215615848055,0.0,DAUC < 0.55,source::splice,
bag8,pca_10,same_hyperparameters,joint_pca_10,pca_train_only_10,students_dropout_and_academic_success,0.10644795056378076,0.10626864003120418,0.10631191401496416,False,3,-0.127959834113651,0.04070473583411871,-0.1686645699477697,-0.1687332523724122,-0.00017931053257658203,-0.00013603654881659544,TabArena_IID,0.4990070724969652,0.0241838594407484,DAUC < 0.55,source::students_dropout_and_academic_success,
bag8,pca_10,same_hyperparameters,joint_pca_10,pca_train_only_10,superconductivity,9.262572949168101,9.26848842725502,9.267409420567729,False,3,0.05218795436936198,-0.011643023830335303,0.06383097819969728,0.06382354720888639,0.005915478086919279,0.00483647139962784,TabArena_IID,0.4966916245247805,0.0148733486354602,DAUC < 0.55,source::superconductivity,
bag8,pca_10,same_hyperparameters,joint_pca_10,pca_train_only_10,synthetic_label_shift,0.2407407481318682,0.2403683745054944,0.2403954804395605,False,1,-0.1436248683529222,0.011275558931698229,-0.15490042728462045,-0.15491789514318305,-0.00037237362637379534,-0.0003452676923076936,synthetic,0.54006835,0.01992,DAUC < 0.55,source::synthetic_generator,
bag8,pca_10,same_hyperparameters,joint_pca_10,pca_train_only_10,synthetic_large_test,0.2534262594367074,0.252597700697158,0.2541956891847217,False,1,0.3026918947689816,0.6286449989332678,-0.32595310416428613,-0.3280151550321389,-0.000828558739549401,0.0007694297480143053,synthetic,0.64072835,0.0878719999999999,0.55 <= DAUC < 0.75,source::synthetic_generator,
bag8,pca_10,same_hyperparameters,joint_pca_10,pca_train_only_10,synthetic_partial_shift,0.241311257457522,0.2413190783354218,0.2414264165740653,False,1,0.047699468093615846,0.04446002229858586,0.0032394457950299825,0.0032408866939767967,7.820877899800127e-06,0.00011515911654330635,synthetic,0.5587177999999999,0.026568,0.55 <= DAUC < 0.75,source::synthetic_generator,
bag8,pca_10,same_hyperparameters,joint_pca_10,pca_train_only_10,synthetic_shift_0.0,0.2499145798394313,0.2496200586713068,0.2500728306313826,False,1,0.06328188134301924,0.1810560383279667,-0.11777415698494748,-0.11798778098691347,-0.00029452116812450635,0.000158250791951281,synthetic,0.49784605,0.011,DAUC < 0.55,source::synthetic_generator,
bag8,pca_10,same_hyperparameters,joint_pca_10,pca_train_only_10,synthetic_shift_0.5,0.2497033716679606,0.2487893051242236,0.248317077510352,False,1,-0.5582758026583211,-0.19017121923557498,-0.3681045834227461,-0.36740588317516865,-0.0009140665437370188,-0.001386294157608603,synthetic,0.5719888750000001,0.04362,0.55 <= DAUC < 0.75,source::synthetic_generator,
bag8,pca_10,same_hyperparameters,joint_pca_10,pca_train_only_10,synthetic_shift_1.0,0.2533377113873183,0.2512159927972657,0.2497417984176844,False,1,-1.4398522763978296,-0.590287404399866,-0.8495648719979635,-0.8445794260259795,-0.0021217185900526125,-0.0035959129696339076,synthetic,0.643362075,0.08208,0.55 <= DAUC < 0.75,source::synthetic_generator,
bag8,pca_10,same_hyperparameters,joint_pca_10,pca_train_only_10,synthetic_shift_3.0,0.2620661687979539,0.263377084398977,0.2581939028132992,False,1,-1.4997511337263374,-2.007476369194433,0.5077252354680952,0.4977333559654896,0.0013109156010230882,-0.0038722659846547325,synthetic,0.8405509999999999,0.20872,0.75 <= DAUC < 0.95,source::synthetic_generator,
bag8,pca_10,same_hyperparameters,joint_pca_10,pca_train_only_10,synthetic_shift_5.0,0.2743284281513333,0.2787690143201109,0.2698973148260011,False,1,-1.641777476811456,-3.287064748987694,1.6452872721762382,1.5929267388657817,0.004440586168777627,-0.004431113325332192,synthetic,0.93479215,0.30666,0.75 <= DAUC < 0.95,source::synthetic_generator,
bag8,pca_10,same_hyperparameters,joint_pca_10,pca_train_only_10,synthetic_small_test,0.254521721988344,0.2543464203796788,0.2532289528907427,False,1,-0.5105139372270204,-0.4412874105348592,-0.06922652669216124,-0.06892238090219895,-0.0001753016086651904,-0.0012927690976012873,synthetic,0.6399588,0.0856239999999999,0.55 <= DAUC < 0.75,source::synthetic_generator,
bag8,pca_10,same_hyperparameters,joint_pca_10,pca_train_only_10,tabred_cooking_time,0.4852405628404945,0.4851379538509254,0.484871225589696,False,1,-0.07617223528769594,-0.05501012375090486,-0.02116211153679108,-0.02115047663342113,-0.00010260898956909736,-0.0003693372507985182,TabReD,0.7766422000000001,0.0408288722530207,0.75 <= DAUC < 0.95,source::tabred_cooking_time,
bag8,pca_10,same_hyperparameters,joint_pca_10,pca_train_only_10,tabred_delivery_eta,0.5459924934171617,0.5460292270509183,0.5459188549611448,False,1,-0.013488901390331088,-0.020217673152422493,0.006728771762091406,0.006727411635995223,3.673363375655825e-05,-7.363845601693342e-05,TabReD,0.9451161,0.1211845880844909,0.75 <= DAUC < 0.95,source::tabred_delivery_eta,
bag8,pca_10,same_hyperparameters,joint_pca_10,pca_train_only_10,tabred_delivery_eta__gap_far,0.5580209582966398,0.5608692372049195,0.5576152367232049,False,1,-0.07276013041162237,-0.5835565937610674,0.5107964633494451,0.5078329705644237,0.0028482789082797666,-0.0004057215734348807,TabReD_gap,0.999999625,0.2379337040655923,DAUC >= 0.95,source::tabred_delivery_eta,tabred_delivery_eta
bag8,pca_10,same_hyperparameters,joint_pca_10,pca_train_only_10,tabred_delivery_eta__gap_maxdiff,0.553234022786337,0.5524195391120451,0.5533970341678441,False,1,0.029456497133602884,0.17663539835715036,-0.14717890122354746,-0.14743933127367786,-0.0008144836742919326,0.00016301138150709438,TabReD_gap,1.0,0.2496496029927623,DAUC >= 0.95,source::tabred_delivery_eta,tabred_delivery_eta
bag8,pca_10,same_hyperparameters,joint_pca_10,pca_train_only_10,tabred_delivery_eta__gap_near,0.5730407724920171,0.5718926265480687,0.5743301179802871,False,1,0.22449553800245453,0.4244059915907194,-0.19991045358826487,-0.20076250167423776,-0.0011481459439484087,0.0012893454882699773,TabReD_gap,0.946211,0.1571228260314691,0.75 <= DAUC < 0.95,source::tabred_delivery_eta,tabred_delivery_eta
bag8,pca_10,same_hyperparameters,joint_pca_10,pca_train_only_10,tabred_ecom_offers,0.4385630167443906,0.4320738169973032,0.4378837069964159,False,1,-0.155134739457264,1.3268111844043213,-1.4819459238615853,-1.5018729420320083,-0.006489199747087393,-0.000679309747974699,TabReD,1.0,0.0841283069488731,DAUC >= 0.95,source::tabred_ecom_offers,
bag8,pca_10,same_hyperparameters,joint_pca_10,pca_train_only_10,tabred_homesite,0.0425454099374204,0.0430910313434568,0.0395510583144037,False,1,-7.570850820763543,-8.950387625313972,1.3795368045504302,1.2662064216739906,0.000545621406036402,-0.0029943516230167,TabReD,1.0,0.0494244965489931,DAUC >= 0.95,source::tabred_homesite,
bag8,pca_10,same_hyperparameters,joint_pca_10,pca_train_only_10,tabred_homesite__gap_far,0.1081553401744981,0.1032323704112971,0.1040477118497644,False,1,-3.9478314820269653,0.7836226515433434,-4.731454133570309,-4.768823716424381,-0.004922969763201002,-0.0041076283247337,TabReD_gap,1.0,0.0830990647492541,DAUC >= 0.95,source::tabred_homesite,tabred_homesite
bag8,pca_10,same_hyperparameters,joint_pca_10,pca_train_only_10,tabred_homesite__gap_near,0.0451475656796044,0.0465883819541016,0.0459653482601032,False,1,1.7791284336000848,-1.3554421266925991,3.134570560292684,3.092651459577793,0.0014408162744972003,0.0008177825804987979,TabReD_gap,1.0,0.0437974647176086,DAUC >= 0.95,source::tabred_homesite,tabred_homesite
bag8,pca_10,same_hyperparameters,joint_pca_10,pca_train_only_10,tabred_sberbank,0.2606836317512071,0.2693768625792435,0.2552404707830786,False,1,-2.132561874466415,-5.538460163779821,3.405898289313406,3.227163144154239,0.008693230828036358,-0.005443160968128524,TabReD,1.0,0.2022915451416207,DAUC >= 0.95,source::tabred_sberbank,
bag8,pca_10,same_hyperparameters,joint_pca_10,pca_train_only_10,tabred_sberbank__gap_far,0.3681095396593895,0.3719725392752794,0.3592567871384393,False,1,-2.464185183936077,-3.5394605173986915,1.0752753334626146,1.038517419435391,0.0038629996158899282,-0.008852752520950191,TabReD_gap,1.0,0.235749592588427,DAUC >= 0.95,source::tabred_sberbank,tabred_sberbank
bag8,pca_10,same_hyperparameters,joint_pca_10,pca_train_only_10,tabred_sberbank__gap_near,0.2546205011250322,0.2448871034217962,0.2477962699761038,False,1,-2.7539684715942276,1.1740154743201485,-3.927983945914376,-3.9746469157549273,-0.009733397703236002,-0.006824231148928411,TabReD_gap,1.0,0.2265311490062835,DAUC >= 0.95,source::tabred_sberbank,tabred_sberbank
bag8,pca_10,same_hyperparameters,joint_pca_10,pca_train_only_10,tabred_weather,1.496524599351726,1.4963109428977968,1.4967328890116611,False,1,0.013916288034044258,0.02819114332036846,-0.014274855286324202,-0.014278880666037308,-0.00021365645392923405,0.0002082896599351347,TabReD,0.9948407,0.1103651439849723,DAUC >= 0.95,source::tabred_weather,
bag8,pca_10,same_hyperparameters,joint_pca_10,pca_train_only_10,tabred_weather__gap_far,1.6406919919823255,1.6402655071402874,1.6422974554212553,False,1,0.09775716534359166,0.12372595928102827,-0.02596879393743661,-0.026000963879418734,-0.00042648484203811066,0.001605463438929755,TabReD_gap,1.0,0.1012016963019497,DAUC >= 0.95,source::tabred_weather,tabred_weather
bag8,pca_10,same_hyperparameters,joint_pca_10,pca_train_only_10,tabred_weather__gap_maxdiff,1.82968171181484,1.802346895675659,1.7941261827455273,False,1,-1.9817741589893447,-0.4582014915780152,-1.5235726674113295,-1.5166234760225719,-0.027334816139181095,-0.03555552906931281,TabReD_gap,1.0,0.2280292319342118,DAUC >= 0.95,source::tabred_weather,tabred_weather
bag8,pca_10,same_hyperparameters,joint_pca_10,pca_train_only_10,tabred_weather__gap_near,1.6679631753511204,1.6656778581258689,1.6630001348379588,False,1,-0.29843897238439715,-0.16101762301847106,-0.13742134936592607,-0.1372004324907584,-0.002285317225251493,-0.004963040513161543,TabReD_gap,1.0,0.0948655339805825,DAUC >= 0.95,source::tabred_weather,tabred_weather
bag8,pca_10,same_hyperparameters,joint_pca_10,pca_train_only_10,taiwanese_bankruptcy_prediction,0.06635029017114276,0.0639610689386427,0.06392489016533567,False,3,-3.7941402785894787,-0.056595753568687214,-3.7375445250207915,-3.7354304300198877,-0.002389221232500058,-0.002425400005807085,TabArena_IID,0.4813707690648705,0.0246058424438091,DAUC < 0.55,source::taiwanese_bankruptcy_prediction,
bag8,pca_10,same_hyperparameters,joint_pca_10,pca_train_only_10,tschalzev_mbgm,8.120132213077863,8.082725714810975,8.085359966984036,False,1,-0.4300642919525701,0.032580518168867444,-0.46264481012143754,-0.46279559132315334,-0.03740649826688802,-0.03477224609382645,tschalzev_IID,0.5283598093648937,0.0054825547828749,DAUC < 0.55,source::tschalzev_mbgm,
bag8,pca_10,same_hyperparameters,joint_pca_10,pca_train_only_10,tschalzev_ogpcc,0.0217893101486273,0.0217285092465587,0.0215218443612823,False,1,-1.2427642485240225,-0.9602563879152882,-0.2825078606087342,-0.2798208628980361,-6.0800902068600116e-05,-0.0002674657873449997,tschalzev_IID,0.498779,0.0040078342527184,DAUC < 0.55,source::tschalzev_ogpcc,
bag8,pca_10,same_hyperparameters,joint_pca_10,pca_train_only_10,tschalzev_sctp,0.10840868268441,0.1080852754017572,0.1051087392387699,False,1,-3.1395519245490986,-2.831863634312717,-0.3076882902363816,-0.29921493140547617,-0.00032340728265278784,-0.003299943445640094,tschalzev_IID,0.495618525,0.0048744375,DAUC < 0.55,source::tschalzev_sctp,
bag8,pca_10,same_hyperparameters,joint_pca_10,pca_train_only_10,website_phishing,0.0217334983646367,0.0217334983646367,0.0217334983646367,False,3,0.0,0.0,0.0,0.0,0.0,0.0,TabArena_IID,0.4974870109756609,0.0,DAUC < 0.55,source::website_phishing,
bag8,pca_10,same_hyperparameters,joint_pca_10,pca_train_only_10,wine_quality,0.21199429589865929,0.1733327205779236,0.17220874309318732,False,3,-23.103096910673585,-0.6526831707540303,-22.450413739919554,-22.304833843160594,-0.03866157532073569,-0.03978555280547197,TabArena_IID,0.4933509159780399,0.021301046461716,DAUC < 0.55,source::wine_quality,
tabicl,pca_10,same_hyperparameters,joint_pca_10,pca_train_only_10,Amazon_employee_access,0.15191693415385168,0.15191688290264574,0.15191693415385168,False,3,0.0,3.3736335077656285e-05,-3.3736335077656285e-05,-3.373634645906317e-05,-5.125120594584587e-08,0.0,TabArena_IID,0.4973770565852067,0.0,DAUC < 0.55,source::Amazon_employee_access,
tabicl,pca_10,same_hyperparameters,joint_pca_10,pca_train_only_10,Another-Dataset-on-used-Fiat-500,723.9818851433125,724.3352317340535,713.1740191287946,False,3,-1.515459863179071,-1.565005497381037,0.04954563420196603,0.048782190242921436,0.3533465907410118,-10.807866014517913,TabArena_IID,0.5250604059451488,0.0313157709499172,DAUC < 0.55,source::Another-Dataset-on-used-Fiat-500,
tabicl,pca_10,same_hyperparameters,joint_pca_10,pca_train_only_10,Bank_Customer_Churn,0.13125813767012084,0.1312821322054745,0.1261516035655104,False,3,-4.04793435856615,-4.066954755196455,0.019020396630304717,0.018277076210260642,2.3994535353649704e-05,-0.005106534104610455,TabArena_IID,0.4985240625,0.0158125,DAUC < 0.55,source::Bank_Customer_Churn,
tabicl,pca_10,same_hyperparameters,joint_pca_10,pca_train_only_10,E-CommereShippingData,0.2552660176048211,0.2546529485492666,0.25434487065501615,False,3,-0.3621645474637269,-0.12112604962587764,-0.24103849783784925,-0.24074689063962035,-0.0006130690555544716,-0.0009211469498049407,TabArena_IID,0.500688337854552,0.0144240392331084,DAUC < 0.55,source::E-CommereShippingData,
tabicl,pca_10,same_hyperparameters,joint_pca_10,pca_train_only_10,Fitness_Club,0.17771823542126822,0.1785075229550486,0.17813713182503257,False,3,0.23515389490822156,-0.20792471857008674,0.4430786134783083,0.44215925509152765,0.0007892875337803806,0.0004188964037643572,TabArena_IID,0.5044166666666666,0.0338611518035256,DAUC < 0.55,source::Fitness_Club,
tabicl,pca_10,same_hyperparameters,joint_pca_10,pca_train_only_10,HR_Analytics_Job_Change_of_Data_Scientists,0.19322473689399164,0.19386935292998939,0.19436899177038391,False,3,0.5887023778690126,0.25705686686113616,0.3316455110078765,0.3325002256702907,0.0006446160359977471,0.0011442548763922755,TabArena_IID,0.5006432616140332,0.0155574144065088,DAUC < 0.55,source::HR_Analytics_Job_Change_of_Data_Scientists,
tabicl,pca_10,same_hyperparameters,joint_pca_10,pca_train_only_10,Is-this-a-good-customer,0.265015425526231,0.2629770578690029,0.25535054336626034,False,3,-3.7849467765211977,-2.9866842663434254,-0.7982625101777723,-0.7751123515281951,-0.0020383676572280907,-0.009664882159970634,TabArena_IID,0.5089344102652231,0.0467264045771018,DAUC < 0.55,source::Is-this-a-good-customer,
tabicl,pca_10,same_hyperparameters,joint_pca_10,pca_train_only_10,MIC,0.12344027342120471,0.1227424043330106,0.12452836705760456,False,3,0.8737717052826328,1.4341814373650321,-0.5604097320823993,-0.568563971014231,-0.0006978690881941085,0.0010880936363998478,TabArena_IID,0.5315440298650391,0.1023684174323937,DAUC < 0.55,source::MIC,
tabicl,pca_10,same_hyperparameters,joint_pca_10,pca_train_only_10,Marketing_Campaign,0.07163607645891097,0.07266935446812134,0.07174106556627727,False,3,0.14634450511374555,-1.293943565678545,1.4402880707922907,1.4218896215235357,0.0010332780092103672,0.00010498910736629619,TabArena_IID,0.4893010633270867,0.0318521792685864,DAUC < 0.55,source::Marketing_Campaign,
tabicl,pca_10,same_hyperparameters,joint_pca_10,pca_train_only_10,NATICUSdroid,0.012380236422321432,0.012380236422321333,0.012380236422321333,True,3,,,,,-9.8879238130678e-17,-9.8879238130678e-17,TabArena_IID,0.4909448935914827,0.0,DAUC < 0.55,source::NATICUSdroid,
tabicl,pca_10,same_hyperparameters,joint_pca_10,pca_train_only_10,QSAR_fish_toxicity,0.854383450912214,0.8551978414960953,0.8480591435578654,False,3,-0.7457389502123929,-0.8417688780856677,0.09602992787327483,0.09522832546637675,0.0008143905838813303,-0.006324307354348635,TabArena_IID,0.4678368023195609,0.045171150688392,DAUC < 0.55,source::QSAR_fish_toxicity,
tabicl,pca_10,same_hyperparameters,joint_pca_10,pca_train_only_10,airfoil_self_noise,1.0652365940886546,1.0659633740613408,1.0635441931893233,False,3,-0.15912840389417154,-0.22746406660949087,0.06833566271531932,0.06818057640359391,0.0007267799726862201,-0.0016924008993313144,TabArena_IID,0.5474124587140708,0.0529488504762273,DAUC < 0.55,source::airfoil_self_noise,
tabicl,pca_10,same_hyperparameters,joint_pca_10,pca_train_only_10,anneal,0.0001034786405637377,0.00010353583885421281,0.000903440807484965,True,3,,,,,5.719829047510713e-08,0.0007999621669212273,TabArena_IID,0.43732935660019,0.0336531517590013,DAUC < 0.55,source::anneal,
tabicl,pca_10,same_hyperparameters,joint_pca_10,pca_train_only_10,bike_sharing,124.68552065615438,124.68162300438468,124.32326010472048,False,1,-0.2913859812948638,-0.2882508867305626,-0.003135094564301201,-0.003126083600602525,-0.003897651769705135,-0.3622605514339057,real_shift,0.724417889739124,0.0462872471556019,0.55 <= DAUC < 0.75,source::bike_sharing,
tabicl,pca_10,same_hyperparameters,joint_pca_10,pca_train_only_10,blood-transfusion-service-center,0.24530280503518678,0.24664337397165217,0.2463663395777578,False,3,0.4316882510791818,-0.11244815114320181,0.5441364022223836,0.5435252181635616,0.0013405689364653917,0.0010635345425710208,TabArena_IID,0.5146430905695611,0.0393868450390189,DAUC < 0.55,source::blood-transfusion-service-center,
tabicl,pca_10,same_hyperparameters,joint_pca_10,pca_train_only_10,churn,0.06580449610226853,0.06806218645756233,0.06434975285373433,False,3,-2.260681951398948,-5.769149746800564,3.5084677954016157,3.3170993657417993,0.002257690355293801,-0.0014547432485342016,TabArena_IID,0.4777912499999999,0.0261333333333333,DAUC < 0.55,source::churn,
tabicl,pca_10,same_hyperparameters,joint_pca_10,pca_train_only_10,coil2000_insurance_policies,0.23262171625207337,0.22853318713752044,0.2308936310061714,False,3,-0.748433483579184,1.0223079165782114,-1.7707414001573956,-1.7890308036935778,-0.00408852911455293,-0.0017280852459019558,TabArena_IID,0.4998567392475893,0.009434077843747,DAUC < 0.55,source::coil2000_insurance_policies,
tabicl,pca_10,same_hyperparameters,joint_pca_10,pca_train_only_10,concrete_compressive_strength,3.82619838086878,3.8213070410458094,3.7487978437912495,False,3,-2.0646762056193815,-1.9341986491656125,-0.13047755645376916,-0.12800174836596628,-0.004891339822970409,-0.07740053707753036,TabArena_IID,0.5128188681237462,0.0502123786407767,DAUC < 0.55,source::concrete_compressive_strength,
tabicl,pca_10,same_hyperparameters,joint_pca_10,pca_train_only_10,credit-g,0.21817890026044529,0.21721042270398497,0.2072395852438771,False,3,-5.278583724096407,-4.811261057280304,-0.46732266681610307,-0.4458706651384597,-0.0009684775564603176,-0.010939315016568196,TabArena_IID,0.4666875,0.0366071428571428,DAUC < 0.55,source::credit-g,
tabicl,pca_10,same_hyperparameters,joint_pca_10,pca_train_only_10,credit_card_clients_default,0.2122667099938608,0.21149818053647698,0.20931546090444395,False,3,-1.4099527462828687,-1.0427894922819319,-0.3671632540009369,-0.3633740278211365,-0.0007685294573838153,-0.002951249089416852,TabArena_IID,0.5084822083333334,0.0089083333333333,DAUC < 0.55,source::credit_card_clients_default,
tabicl,pca_10,same_hyperparameters,joint_pca_10,pca_train_only_10,diabetes,0.15773379763043593,0.15880636632965742,0.15705705596162942,False,3,-0.4308890579050796,-1.113805653185919,0.6829165952808394,0.67539401852127,0.0010725686992214822,-0.0006767416688065186,TabArena_IID,0.5164146241145119,0.0782684335208765,DAUC < 0.55,source::diabetes,
tabicl,pca_10,same_hyperparameters,joint_pca_10,pca_train_only_10,gas_sensor_drift,0.0261748306214212,0.0299508603542921,0.0288742035260366,False,1,9.348735462716085,-3.7287845092753775,13.077519971991464,12.607416575697055,0.0037760297328708996,0.002699372904615402,real_shift,0.9997012367140782,0.2156844866039522,DAUC >= 0.95,source::gas_sensor_drift,
tabicl,pca_10,same_hyperparameters,joint_pca_10,pca_train_only_10,hazelnut-spread-contaminant-detection,0.006052083333333266,0.005662499999999934,0.006410416666666634,True,3,,,,,-0.00038958333333333206,0.0003583333333333676,TabArena_IID,0.5092881944444444,0.0430034722222222,DAUC < 0.55,source::hazelnut-spread-contaminant-detection,
tabicl,pca_10,same_hyperparameters,joint_pca_10,pca_train_only_10,healthcare_insurance_expenses,4527.781881109747,4532.520724958608,4467.922310030383,False,3,-1.3397630246385441,-1.4458267276313852,0.106063702992841,0.10455206134561651,4.738843848861507,-59.85957107936338,TabArena_IID,0.5250682484635931,0.0656832659134235,DAUC < 0.55,source::healthcare_insurance_expenses,
tabicl,pca_10,same_hyperparameters,joint_pca_10,pca_train_only_10,heloc,0.1987145365410429,0.19859241015015608,0.19857754625701407,False,3,-0.06898578747243082,-0.007485183205341187,-0.061500604267089636,-0.06149600117873745,-0.0001221263908868231,-0.00013699028402883173,TabArena_IID,0.5007809088419239,0.0177986239441687,DAUC < 0.55,source::heloc,
tabicl,pca_10,same_hyperparameters,joint_pca_10,pca_train_only_10,houses,0.2005370881190425,0.20027457879701138,0.19718856609087268,False,3,-1.6981319427145092,-1.5650059064360453,-0.13312603627846398,-0.13107470933551923,-0.0002625093220311181,-0.0033485220281698203,TabArena_IID,0.4876979973585736,0.0143910489341085,DAUC < 0.55,source::houses,
tabicl,pca_10,same_hyperparameters,joint_pca_10,pca_train_only_10,in_vehicle_coupon_recommendation,0.16077830162771742,0.16053089589531547,0.1611430978312823,False,3,0.22638028465037413,0.379911981466198,-0.15353169681582382,-0.15411720654900452,-0.00024740573240195074,0.00036479620356488773,TabArena_IID,0.4999967486682508,0.0148968616209672,DAUC < 0.55,source::in_vehicle_coupon_recommendation,
tabicl,pca_10,same_hyperparameters,joint_pca_10,pca_train_only_10,jm1,0.22183210298923642,0.2220482973042326,0.2182229375414122,False,3,-1.6538891321354832,-1.7529595220000425,0.09907038986455935,0.09736364458582585,0.00021619431499617092,-0.0036091654478242197,TabArena_IID,0.5013936268693818,0.0156089518163831,DAUC < 0.55,source::jm1,
tabicl,pca_10,same_hyperparameters,joint_pca_10,pca_train_only_10,maternal_health_risk,0.0404224382603607,0.03955767378574747,0.03807453430735837,False,3,-6.1665992656634385,-3.8953581583333134,-2.271241107330125,-2.186085256926324,-0.0008647644746132346,-0.002347903953002335,TabArena_IID,0.4809925428071595,0.03878222065645,DAUC < 0.55,source::maternal_health_risk,
tabicl,pca_10,same_hyperparameters,joint_pca_10,pca_train_only_10,miami_housing,78818.77438149806,78741.1132483433,77774.50022663208,False,3,-1.3426947801953162,-1.2428405440016288,-0.09985423619368727,-0.09862844192947072,-77.66113315476105,-1044.2741548659833,TabArena_IID,0.5000548768378967,0.0174142973418732,DAUC < 0.55,source::miami_housing,
tabicl,pca_10,same_hyperparameters,joint_pca_10,pca_train_only_10,online_shoppers_intention,0.0661701963311765,0.0658710287502609,0.0622801880154342,False,3,-6.245980366626837,-5.765622823644676,-0.4803575429821613,-0.4541717149277486,-0.00029916758091561024,-0.0038900083157423007,TabArena_IID,0.5085433381403395,0.0162298164122981,DAUC < 0.55,source::online_shoppers_intention,
tabicl,pca_10,same_hyperparameters,joint_pca_10,pca_train_only_10,polish_companies_bankruptcy,0.0202659228156,0.019278639709016235,0.015463455954419067,True,3,,,,,-0.0009872831065837646,-0.004802466861180932,TabArena_IID,0.4797271737327021,0.028469599510753,DAUC < 0.55,source::polish_companies_bankruptcy,
tabicl,pca_10,same_hyperparameters,joint_pca_10,pca_train_only_10,qsar-biodeg,0.05850066803472676,0.060132090953789,0.056617394902967334,False,3,-3.3263154106384443,-6.207802490462976,2.8814870798245313,2.7130653419585413,0.0016314229190622365,-0.0018832731317594276,TabArena_IID,0.5242964850267431,0.0520357221163414,DAUC < 0.55,source::qsar-biodeg,
tabicl,pca_10,same_hyperparameters,joint_pca_10,pca_train_only_10,seismic-bumps,0.2166618468753592,0.2155721403361105,0.2124974000362504,False,3,-1.9597636669429257,-1.4469543153636584,-0.5128093515792672,-0.505495068866355,-0.001089706539248697,-0.0041644468391087985,TabArena_IID,0.5032746248400783,0.0270932551506253,DAUC < 0.55,source::seismic-bumps,
tabicl,pca_10,same_hyperparameters,joint_pca_10,pca_train_only_10,splice,0.004302219973416,0.004302219973416,0.004302219973416,True,3,,,,,0.0,0.0,TabArena_IID,0.4935215615848055,0.0,DAUC < 0.55,source::splice,
tabicl,pca_10,same_hyperparameters,joint_pca_10,pca_train_only_10,students_dropout_and_academic_success,0.09862388704426121,0.09898461541567037,0.10118363324800446,False,3,2.5298026188377944,2.17329400195012,0.35650861688767466,0.36442872449858577,0.00036072837140915803,0.002559746203743246,TabArena_IID,0.4990070724969652,0.0241838594407484,DAUC < 0.55,source::students_dropout_and_academic_success,
tabicl,pca_10,same_hyperparameters,joint_pca_10,pca_train_only_10,superconductivity,8.877274128144267,8.8734557540095,8.88381474657605,False,3,0.07362398494750443,0.11660522942064314,-0.04298124447313871,-0.04303142136073936,-0.0038183741347666,0.006540618431783329,TabArena_IID,0.4966916245247805,0.0148733486354602,DAUC < 0.55,source::superconductivity,
tabicl,pca_10,same_hyperparameters,joint_pca_10,pca_train_only_10,synthetic_large_test,0.2430444188626479,0.2430548018965821,0.2439421588506672,False,1,0.3680134636214525,0.36375711286063644,0.004256350760816057,0.004271890064780282,1.0383033934191488e-05,0.000897739988019286,synthetic,0.64072835,0.0878719999999999,0.55 <= DAUC < 0.75,source::synthetic_generator,
tabicl,pca_10,same_hyperparameters,joint_pca_10,pca_train_only_10,synthetic_shift_0.0,0.2435943081221244,0.2433027600512833,0.2424619681395514,False,1,-0.46701756620290885,-0.3467726993158637,-0.12024486688704512,-0.11982933147970082,-0.00029154807084111334,-0.0011323399825730052,synthetic,0.49784605,0.011,DAUC < 0.55,source::synthetic_generator,
tabicl,pca_10,same_hyperparameters,joint_pca_10,pca_train_only_10,synthetic_shift_0.5,0.2411837635869566,0.2412495349702381,0.2403807785002588,False,1,-0.3340471279391124,-0.36140846011045286,0.02736133217134043,0.027262802098094743,6.577138328150989e-05,-0.0008029850866977939,synthetic,0.5719888750000001,0.04362,0.55 <= DAUC < 0.75,source::synthetic_generator,
tabicl,pca_10,same_hyperparameters,joint_pca_10,pca_train_only_10,synthetic_shift_1.0,0.2439225425331286,0.2437415718283253,0.2428629465239087,False,1,-0.4362938127803644,-0.361778244475882,-0.07451556830448233,-0.07424695895978091,-0.00018097070480330157,-0.0010595960092198986,synthetic,0.643362075,0.08208,0.55 <= DAUC < 0.75,source::synthetic_generator,
tabicl,pca_10,same_hyperparameters,joint_pca_10,pca_train_only_10,synthetic_shift_3.0,0.2512954680306906,0.2511638465473145,0.2502299744245524,False,1,-0.42580574473080496,-0.3732055381892928,-0.052600206541512144,-0.05240462956172022,-0.0001316214833760876,-0.0010654936061381681,synthetic,0.8405509999999999,0.20872,0.75 <= DAUC < 0.95,source::synthetic_generator,
tabicl,pca_10,same_hyperparameters,joint_pca_10,pca_train_only_10,synthetic_shift_5.0,0.2622039517560204,0.2623035512971757,0.2588713740054131,False,1,-1.2873488864541724,-1.3258234151802457,0.03847452872607318,0.03797109900447064,9.959954115529301e-05,-0.0033325777506073018,synthetic,0.93479215,0.30666,0.75 <= DAUC < 0.95,source::synthetic_generator,
tabicl,pca_10,same_hyperparameters,joint_pca_10,pca_train_only_10,synthetic_small_test,0.2531447535374965,0.2526440523310618,0.2524662624669624,False,1,-0.2687452429897911,-0.07042123662865742,-0.19832400636113368,-0.1981844424259717,-0.000500701206434695,-0.0006784910705340819,synthetic,0.6399588,0.0856239999999999,0.55 <= DAUC < 0.75,source::synthetic_generator,
tabicl,pca_10,same_hyperparameters,joint_pca_10,pca_train_only_10,tabred_delivery_eta__gap_far,0.5739369382061058,0.5918531485514816,0.5606875625200399,False,1,-2.3630586037107473,-5.558458598825758,3.1953999951150105,3.0271377941005255,0.017916210345375827,-0.013249375686065878,TabReD_gap,0.999999625,0.2379337040655923,DAUC >= 0.95,source::tabred_delivery_eta,tabred_delivery_eta
tabicl,pca_10,same_hyperparameters,joint_pca_10,pca_train_only_10,tabred_delivery_eta__gap_maxdiff,0.5505242255282906,0.5501289292420334,0.5485074338313581,False,1,-0.36768721306930335,-0.2956195870216378,-0.07206762604766552,-0.07185520797858569,-0.00039529628625722957,-0.002016791696932474,TabReD_gap,1.0,0.2496496029927623,DAUC >= 0.95,source::tabred_delivery_eta,tabred_delivery_eta
tabicl,pca_10,same_hyperparameters,joint_pca_10,pca_train_only_10,tabred_delivery_eta__gap_near,0.562275073327327,0.5643510825242007,0.5606876688263737,False,1,-0.28311742690472114,-0.6533786814850596,0.37026125458033854,0.36785775046063823,0.002076009196873785,-0.0015874045009532933,TabReD_gap,0.946211,0.1571228260314691,0.75 <= DAUC < 0.95,source::tabred_delivery_eta,tabred_delivery_eta
tabicl,pca_10,same_hyperparameters,joint_pca_10,pca_train_only_10,tabred_homesite__gap_far,0.1080301638358911,0.1065409315777724,0.1243992417270374,False,1,13.158502948968197,14.355642286349724,-1.1971393373815273,-1.3978029251899258,-0.0014892322581187,0.01636907789114629,TabReD_gap,1.0,0.0830990647492541,DAUC >= 0.95,source::tabred_homesite,tabred_homesite
tabicl,pca_10,same_hyperparameters,joint_pca_10,pca_train_only_10,tabred_homesite__gap_near,0.0682169003517686,0.0565996410436262,0.0610258384034495,False,1,-11.783634828215025,7.252989021733966,-19.03662384994899,-20.525323295227224,-0.011617259308142398,-0.0071910619483190955,TabReD_gap,1.0,0.0437974647176086,DAUC >= 0.95,source::tabred_homesite,tabred_homesite
tabicl,pca_10,same_hyperparameters,joint_pca_10,pca_train_only_10,tabred_weather__gap_far,1.668705654626614,1.673808895610445,1.645231120677258,False,1,-1.4268228733536577,-1.7370067082990146,0.3101838349453569,0.3048879114703246,0.005103240983831192,-0.023474533949355836,TabReD_gap,1.0,0.1012016963019497,DAUC >= 0.95,source::tabred_weather,tabred_weather
tabicl,pca_10,same_hyperparameters,joint_pca_10,pca_train_only_10,tabred_weather__gap_maxdiff,1.8309923817524536,1.8031864281410168,1.796107849888755,False,1,-1.9422292411816577,-0.39410652610310637,-1.5481227150785513,-1.542045413468598,-0.027805953611436784,-0.034884531863698554,TabReD_gap,1.0,0.2280292319342118,DAUC >= 0.95,source::tabred_weather,tabred_weather
tabicl,pca_10,same_hyperparameters,joint_pca_10,pca_train_only_10,tabred_weather__gap_near,1.7139870278391702,1.708458903590118,1.7294869490145115,False,1,0.8962149835344733,1.2158545305227952,-0.319639546988322,-0.3235737328791144,-0.005528124249052135,0.015499921175341269,TabReD_gap,1.0,0.0948655339805825,DAUC >= 0.95,source::tabred_weather,tabred_weather
tabicl,pca_10,same_hyperparameters,joint_pca_10,pca_train_only_10,taiwanese_bankruptcy_prediction,0.05975012916480706,0.05919200847605407,0.058424639090695264,False,3,-2.2687176074022113,-1.3134345325909182,-0.9552830748112929,-0.9428987174489615,-0.0005581206887529944,-0.0013254900741117986,TabArena_IID,0.4813707690648705,0.0246058424438091,DAUC < 0.55,source::taiwanese_bankruptcy_prediction,
tabicl,pca_10,same_hyperparameters,joint_pca_10,pca_train_only_10,website_phishing,0.0200714767488947,0.020071474759062864,0.0200714767488947,True,3,,,,,-1.9898318374955704e-09,0.0,TabArena_IID,0.4974870109756609,0.0,DAUC < 0.55,source::website_phishing,
tabicl,pca_10,same_hyperparameters,joint_pca_10,pca_train_only_10,wine_quality,0.0982441257704642,0.09809946705211497,0.09874133671770506,False,3,0.5035489327659805,0.6500516267317193,-0.14650269396573895,-0.1474612683393783,-0.00014465871834921928,0.000497210947240867,TabArena_IID,0.4933509159780399,0.021301046461716,DAUC < 0.55,source::wine_quality,
tabpfn,pca_10,same_hyperparameters,joint_pca_10,pca_train_only_10,Another-Dataset-on-used-Fiat-500,727.1123917100136,724.9155126348275,723.6962113966459,False,3,-0.47204617898646867,-0.16848246805498837,-0.3035637109314803,-0.3030531195561345,-2.196879075186189,-3.416180313367704,TabArena_IID,0.5250604059451488,0.0313157709499172,DAUC < 0.55,source::Another-Dataset-on-used-Fiat-500,
tabpfn,pca_10,same_hyperparameters,joint_pca_10,pca_train_only_10,Bank_Customer_Churn,0.1274929866035627,0.127592849558586,0.12787327021734088,False,3,0.2973910130958753,0.219295759214,0.0780952538818753,0.07826688985218984,9.986295502328879e-05,0.0003802836137781762,TabArena_IID,0.4985240625,0.0158125,DAUC < 0.55,source::Bank_Customer_Churn,
tabpfn,pca_10,same_hyperparameters,joint_pca_10,pca_train_only_10,E-CommereShippingData,0.25342620627597273,0.2538300244370322,0.25506745139171844,False,3,0.6434553318310972,0.48513714624681326,0.15831818558428384,0.15908999022281514,0.0004038181610594438,0.0016412451157457042,TabArena_IID,0.500688337854552,0.0144240392331084,DAUC < 0.55,source::E-CommereShippingData,
tabpfn,pca_10,same_hyperparameters,joint_pca_10,pca_train_only_10,Fitness_Club,0.17830539825609829,0.17816323368548415,0.17749400775030552,False,3,-0.45713684426699597,-0.3770414244744961,-0.08009541979249986,-0.07979456124213932,-0.00014216457061413945,-0.000811390505792764,TabArena_IID,0.5044166666666666,0.0338611518035256,DAUC < 0.55,source::Fitness_Club,
tabpfn,pca_10,same_hyperparameters,joint_pca_10,pca_train_only_10,Is-this-a-good-customer,0.25912258446639586,0.26024000012212184,0.26227783349590816,False,3,1.2030178027078806,0.7769750674786311,0.42604273522924957,0.4293789022447043,0.001117415655725984,0.003155249029512308,TabArena_IID,0.5089344102652231,0.0467264045771018,DAUC < 0.55,source::Is-this-a-good-customer,
tabpfn,pca_10,same_hyperparameters,joint_pca_10,pca_train_only_10,MIC,0.1664934904533436,0.16448427654364792,0.13100575673892498,False,3,-27.088682663877446,-25.55499898484664,-1.5336836790308037,-1.2215233892964352,-0.0020092139096956896,-0.03548773371441863,TabArena_IID,0.5315440298650391,0.1023684174323937,DAUC < 0.55,source::MIC,
tabpfn,pca_10,same_hyperparameters,joint_pca_10,pca_train_only_10,Marketing_Campaign,0.08090590723371877,0.07878394012047997,0.07925134966343557,False,3,-2.087734249712803,0.5897811771541971,-2.677515426867,-2.6934005966111716,-0.0021219671132387957,-0.0016545575702831966,TabArena_IID,0.4893010633270867,0.0318521792685864,DAUC < 0.55,source::Marketing_Campaign,
tabpfn,pca_10,same_hyperparameters,joint_pca_10,pca_train_only_10,NATICUSdroid,0.0150456938233939,0.0150456938233939,0.0150456938233939,True,3,,,,,0.0,0.0,TabArena_IID,0.4909448935914827,0.0,DAUC < 0.55,source::NATICUSdroid,
tabpfn,pca_10,same_hyperparameters,joint_pca_10,pca_train_only_10,QSAR_fish_toxicity,0.8605771560163905,0.8604552735734013,0.8558717334200979,False,3,-0.5497812829370503,-0.5355405458931809,-0.014240737043869389,-0.014164878376884715,-0.00012188244298916295,-0.0047054225962925855,TabArena_IID,0.4678368023195609,0.045171150688392,DAUC < 0.55,source::QSAR_fish_toxicity,
tabpfn,pca_10,same_hyperparameters,joint_pca_10,pca_train_only_10,airfoil_self_noise,1.1555426566203792,1.1566172873612481,1.3448544874649973,False,3,14.076751991322425,13.996845150033261,0.07990684128916636,0.0929115233372131,0.001074630740868887,0.189311830844618,TabArena_IID,0.5474124587140708,0.0529488504762273,DAUC < 0.55,source::airfoil_self_noise,
tabpfn,pca_10,same_hyperparameters,joint_pca_10,pca_train_only_10,anneal,0.00016182782995646667,0.00031147242404553336,0.00031553350266796666,True,3,,,,,0.0001496445940890667,0.0001537056727115,TabArena_IID,0.43732935660019,0.0336531517590013,DAUC < 0.55,source::anneal,
tabpfn,pca_10,same_hyperparameters,joint_pca_10,pca_train_only_10,bike_sharing,124.78548953873214,124.80744925720954,124.84424498341258,False,1,0.047062998128788225,0.029473305884406276,0.01758969224438195,0.017594878036605664,0.021959718477404522,0.05875544468044325,real_shift,0.724417889739124,0.0462872471556019,0.55 <= DAUC < 0.75,source::bike_sharing,
tabpfn,pca_10,same_hyperparameters,joint_pca_10,pca_train_only_10,blood-transfusion-service-center,0.24853305580335008,0.2443148478540985,0.25116612151848544,False,3,1.0483363358149271,2.7277857471246216,-1.6794494113096945,-1.7265458838468353,-0.004218207949251596,0.0026330657151353576,TabArena_IID,0.5146430905695611,0.0393868450390189,DAUC < 0.55,source::blood-transfusion-service-center,
tabpfn,pca_10,same_hyperparameters,joint_pca_10,pca_train_only_10,churn,0.07033942826105337,0.07224347260936606,0.07264049721075806,False,3,3.1677494483943383,0.5465609634252367,2.6211884849691014,2.6355936108002656,0.0019040443483126918,0.0023010689497046932,TabArena_IID,0.4777912499999999,0.0261333333333333,DAUC < 0.55,source::churn,
tabpfn,pca_10,same_hyperparameters,joint_pca_10,pca_train_only_10,coil2000_insurance_policies,0.2423953898535156,0.24345543938309336,0.2412882176093861,False,3,-0.45885881005672563,-0.8981879824798197,0.439329172423094,0.43541829760052786,0.0010600495295777501,-0.0011071722441295118,TabArena_IID,0.4998567392475893,0.009434077843747,DAUC < 0.55,source::coil2000_insurance_policies,
tabpfn,pca_10,same_hyperparameters,joint_pca_10,pca_train_only_10,concrete_compressive_strength,3.9855576907831307,3.98047182554906,4.1195335588295805,False,3,3.252209652699474,3.3756669607039225,-0.1234573080044482,-0.1277704115734899,-0.005085865234070841,0.1339758680464498,TabArena_IID,0.5128188681237462,0.0502123786407767,DAUC < 0.55,source::concrete_compressive_strength,
tabpfn,pca_10,same_hyperparameters,joint_pca_10,pca_train_only_10,credit-g,0.23076571536871973,0.230090208233985,0.22838866268050817,False,3,-1.0407927697955872,-0.7450218997328701,-0.2957708700627171,-0.29358360788991134,-0.000675507134734743,-0.0023770526882115617,TabArena_IID,0.4666875,0.0366071428571428,DAUC < 0.55,source::credit-g,
tabpfn,pca_10,same_hyperparameters,joint_pca_10,pca_train_only_10,diabetes,0.1555427673299821,0.15512225927940457,0.1525099118130329,False,3,-1.988628464140277,-1.7129034010420545,-0.2757250630982224,-0.27108169551612427,-0.00042050805057752827,-0.0030328555169492066,TabArena_IID,0.5164146241145119,0.0782684335208765,DAUC < 0.55,source::diabetes,
tabpfn,pca_10,same_hyperparameters,joint_pca_10,pca_train_only_10,gas_sensor_drift,0.053287974595272,0.0471742327233983,0.0456067237637936,False,1,-16.842364891767154,-3.4370128574092447,-13.40535203435791,-12.959917986840507,-0.006113741871873697,-0.007681250831478401,real_shift,0.9997012367140782,0.2156844866039522,DAUC >= 0.95,source::gas_sensor_drift,
tabpfn,pca_10,same_hyperparameters,joint_pca_10,pca_train_only_10,hazelnut-spread-contaminant-detection,0.012869791666666635,0.013413541666666634,0.0124041666666666,True,3,,,,,0.0005437499999999991,-0.00046562500000003545,TabArena_IID,0.5092881944444444,0.0430034722222222,DAUC < 0.55,source::hazelnut-spread-contaminant-detection,
tabpfn,pca_10,same_hyperparameters,joint_pca_10,pca_train_only_10,healthcare_insurance_expenses,4812.798243691679,4824.171367573915,5305.039761741123,False,3,9.278752660807372,9.064369274574224,0.21438338623314962,0.2357528996312417,11.373123882235632,492.2415180494436,TabArena_IID,0.5250682484635931,0.0656832659134235,DAUC < 0.55,source::healthcare_insurance_expenses,
tabpfn,pca_10,same_hyperparameters,joint_pca_10,pca_train_only_10,heloc,0.19825175889292987,0.19821631093031558,0.19813142890480717,False,3,-0.06073240817362198,-0.0428412725722536,-0.01789113560136838,-0.017883474093486604,-3.544796261428784e-05,-0.00012032998812269713,TabArena_IID,0.5007809088419239,0.0177986239441687,DAUC < 0.55,source::heloc,
tabpfn,pca_10,same_hyperparameters,joint_pca_10,pca_train_only_10,jm1,0.2523682159888322,0.2555625129858373,0.2637242968115845,False,3,4.3060426968795955,3.0948167933037607,1.2112259035758346,1.2499082747641284,0.0031942969970051305,0.011356080822752301,TabArena_IID,0.5013936268693818,0.0156089518163831,DAUC < 0.55,source::jm1,
tabpfn,pca_10,same_hyperparameters,joint_pca_10,pca_train_only_10,maternal_health_risk,0.046455757957110634,0.0449449145733048,0.046240223808542334,False,3,-0.4661183074301697,2.801260739136473,-3.2673790465666426,-3.361544677855953,-0.0015108433838058322,-0.0002155341485682999,TabArena_IID,0.4809925428071595,0.03878222065645,DAUC < 0.55,source::maternal_health_risk,
tabpfn,pca_10,same_hyperparameters,joint_pca_10,pca_train_only_10,online_shoppers_intention,0.067081050728442,0.06734763122036226,0.06716734616781866,False,3,0.1284782625787383,-0.2684117548624769,0.3968900174412152,0.3958275697151134,0.0002665804919202569,8.629543937666018e-05,TabArena_IID,0.5085433381403395,0.0162298164122981,DAUC < 0.55,source::online_shoppers_intention,
tabpfn,pca_10,same_hyperparameters,joint_pca_10,pca_train_only_10,polish_companies_bankruptcy,0.0372842461214059,0.0380515315261536,0.03608486251999544,False,3,-3.3237859801900473,-5.4501219315118234,2.1263359513217766,2.016437641203296,0.0007672854047477001,-0.0011993836014104614,TabArena_IID,0.4797271737327021,0.028469599510753,DAUC < 0.55,source::polish_companies_bankruptcy,
tabpfn,pca_10,same_hyperparameters,joint_pca_10,pca_train_only_10,qsar-biodeg,0.06094764959158899,0.06188780888073567,0.06174120190012424,False,3,1.2852880801040123,-0.23745404381434773,1.52274212391836,1.5191348767225883,0.0009401592891466748,0.0007935523085352489,TabArena_IID,0.5242964850267431,0.0520357221163414,DAUC < 0.55,source::qsar-biodeg,
tabpfn,pca_10,same_hyperparameters,joint_pca_10,pca_train_only_10,seismic-bumps,0.22107231185562556,0.2189992546232757,0.22500151538162685,False,3,1.7463009168346875,2.6676534814312958,-0.9213525645966082,-0.9466046977721183,-0.002073057232349851,0.00392920352600129,TabArena_IID,0.5032746248400783,0.0270932551506253,DAUC < 0.55,source::seismic-bumps,
tabpfn,pca_10,same_hyperparameters,joint_pca_10,pca_train_only_10,splice,0.0047421837540313,0.0047421837540313,0.0047421837540313,True,3,,,,,0.0,0.0,TabArena_IID,0.4935215615848055,0.0,DAUC < 0.55,source::splice,
tabpfn,pca_10,same_hyperparameters,joint_pca_10,pca_train_only_10,students_dropout_and_academic_success,0.09974047980041717,0.0999850401665298,0.09889409217793484,False,3,-0.8558525629210223,-1.1031477862520649,0.24729522333104262,0.24459695741013282,0.0002445603661126311,-0.0008463876224823336,TabArena_IID,0.4990070724969652,0.0241838594407484,DAUC < 0.55,source::students_dropout_and_academic_success,
tabpfn,pca_10,same_hyperparameters,joint_pca_10,pca_train_only_10,synthetic_large_test,0.2439153482936673,0.2438842648667168,0.2439493342287154,False,1,0.01393155474498858,0.026673309933116163,-0.012741755188127585,-0.012745154742753574,-3.1083426950490045e-05,3.398593504810865e-05,synthetic,0.64072835,0.0878719999999999,0.55 <= DAUC < 0.75,source::synthetic_generator,
tabpfn,pca_10,same_hyperparameters,joint_pca_10,pca_train_only_10,synthetic_shift_0.0,0.2427082841234472,0.2425994277546381,0.2422123920007034,False,1,-0.20473441455561242,-0.1597918879119844,-0.04494252664362803,-0.04487082670251836,-0.00010885636880908489,-0.0004958921227437851,synthetic,0.49784605,0.011,DAUC < 0.55,source::synthetic_generator,
tabpfn,pca_10,same_hyperparameters,joint_pca_10,pca_train_only_10,synthetic_shift_0.5,0.2412032139622153,0.2409719728584369,0.2407155594914597,False,1,-0.20258535500814046,-0.10652130984757001,-0.09606404516057046,-0.09596182536723563,-0.00023124110377839568,-0.0004876544707556052,synthetic,0.5719888750000001,0.04362,0.55 <= DAUC < 0.75,source::synthetic_generator,
tabpfn,pca_10,same_hyperparameters,joint_pca_10,pca_train_only_10,synthetic_shift_1.0,0.2433765624389036,0.2436340521696933,0.2432389244424748,False,1,-0.05658551432270764,-0.1624442831771973,0.10585876885448967,0.10568708622486082,0.00025748973078970616,-0.0001376379964287966,synthetic,0.643362075,0.08208,0.55 <= DAUC < 0.75,source::synthetic_generator,
tabpfn,pca_10,same_hyperparameters,joint_pca_10,pca_train_only_10,synthetic_shift_3.0,0.2516112122762148,0.25289747314578,0.2518339846547315,False,1,0.08846001417248142,-0.42229744826002774,0.5107574624325092,0.5086096169983202,0.0012862608695651812,0.00022277237851670018,synthetic,0.8405509999999999,0.20872,0.75 <= DAUC < 0.95,source::synthetic_generator,
tabpfn,pca_10,same_hyperparameters,joint_pca_10,pca_train_only_10,synthetic_shift_5.0,0.2600638299047252,0.2653582963858767,0.2605052599197843,False,1,0.1694514787129489,-1.8629322369869936,2.0323837156999427,1.9952142266742767,0.005294466481151505,0.0004414300150590855,synthetic,0.93479215,0.30666,0.75 <= DAUC < 0.95,source::synthetic_generator,
tabpfn,pca_10,same_hyperparameters,joint_pca_10,pca_train_only_10,tabred_delivery_eta__gap_far,0.5538652262271933,0.5540488690347095,0.5502068249923597,False,1,-0.6649138230672293,-0.6982908731463174,0.03337705007908799,0.03314559739761066,0.00018364280751625994,-0.0036584012348335193,TabReD_gap,0.999999625,0.2379337040655923,DAUC >= 0.95,source::tabred_delivery_eta,tabred_delivery_eta
tabpfn,pca_10,same_hyperparameters,joint_pca_10,pca_train_only_10,tabred_delivery_eta__gap_maxdiff,0.548309406852281,0.5488708316572593,0.5487472365967985,False,1,0.07978714339096551,-0.022523131273933503,0.10231027466489902,0.10228723637637349,0.0005614248049782278,0.0004378297445174484,TabReD_gap,1.0,0.2496496029927623,DAUC >= 0.95,source::tabred_delivery_eta,tabred_delivery_eta
tabpfn,pca_10,same_hyperparameters,joint_pca_10,pca_train_only_10,tabred_delivery_eta__gap_near,0.5644770950454887,0.564281001791324,0.5658953500066907,False,1,0.2506214198765179,0.2852732780623785,-0.034651858185860536,-0.034750993484131965,-0.00019609325416469758,0.001418254961201959,TabReD_gap,0.946211,0.1571228260314691,0.75 <= DAUC < 0.95,source::tabred_delivery_eta,tabred_delivery_eta
tabpfn,pca_10,same_hyperparameters,joint_pca_10,pca_train_only_10,tabred_homesite__gap_far,0.0862231708319332,0.0871380566176783,0.0816863083666887,False,1,-5.554005996792737,-6.674004934237907,1.1199989374451695,1.049926772821198,0.0009148857857450982,-0.004536862465244498,TabReD_gap,1.0,0.0830990647492541,DAUC >= 0.95,source::tabred_homesite,tabred_homesite
tabpfn,pca_10,same_hyperparameters,joint_pca_10,pca_train_only_10,tabred_homesite__gap_near,0.0481591212322668,0.0482368309202644,0.0496741211007164,False,1,3.0498775516890837,2.893438572446675,0.1564389792424085,0.16110031798327068,7.770968799759859e-05,0.0015149998684496,TabReD_gap,1.0,0.0437974647176086,DAUC >= 0.95,source::tabred_homesite,tabred_homesite
tabpfn,pca_10,same_hyperparameters,joint_pca_10,pca_train_only_10,tabred_sberbank__gap_far,0.3792699857348021,0.3730181338437954,0.3928951293056008,False,1,3.4678830442310766,5.05910966545597,-1.5912266212248936,-1.6760182210403491,-0.006251851891006688,0.013625143570798692,TabReD_gap,1.0,0.235749592588427,DAUC >= 0.95,source::tabred_sberbank,tabred_sberbank
tabpfn,pca_10,same_hyperparameters,joint_pca_10,pca_train_only_10,tabred_sberbank__gap_near,0.2511921116580465,0.2453653439624915,0.2477424059564321,False,1,-1.3924566883479235,0.9594893473177295,-2.351946035665653,-2.3747313298025245,-0.005826767695555013,-0.003449705701614403,TabReD_gap,1.0,0.2265311490062835,DAUC >= 0.95,source::tabred_sberbank,tabred_sberbank
tabpfn,pca_10,same_hyperparameters,joint_pca_10,pca_train_only_10,tabred_weather__gap_far,1.602518754513121,1.6038329615434783,1.6156473980942971,False,1,0.8125933663905734,0.7312509254651905,0.0813424409253829,0.08194163992568079,0.0013142070303573394,0.013128643581176158,TabReD_gap,1.0,0.1012016963019497,DAUC >= 0.95,source::tabred_weather,tabred_weather
tabpfn,pca_10,same_hyperparameters,joint_pca_10,pca_train_only_10,tabred_weather__gap_maxdiff,1.7629543800921257,1.7881224048839672,1.7468705124362365,False,1,-0.9207246639854362,-2.3614739703974776,1.4407493064120414,1.4075112935836582,0.025168024791841548,-0.016083867655889206,TabReD_gap,1.0,0.2280292319342118,DAUC >= 0.95,source::tabred_weather,tabred_weather
tabpfn,pca_10,same_hyperparameters,joint_pca_10,pca_train_only_10,tabred_weather__gap_near,1.687915256411452,1.683213334795126,1.6838261915156958,False,1,-0.24284364481083054,0.03639667346059118,-0.2792403182714217,-0.27934198946316496,-0.004701921616325988,-0.0040890648957561115,TabReD_gap,1.0,0.0948655339805825,DAUC >= 0.95,source::tabred_weather,tabred_weather
tabpfn,pca_10,same_hyperparameters,joint_pca_10,pca_train_only_10,taiwanese_bankruptcy_prediction,0.059879562551309266,0.05898906179807517,0.05860884184002716,False,3,-2.1681382388523183,-0.6487416337040416,-1.5193966051482768,-1.5096031808106378,-0.0008905007532340956,-0.0012707207112821056,TabArena_IID,0.4813707690648705,0.0246058424438091,DAUC < 0.55,source::taiwanese_bankruptcy_prediction,
tabpfn,pca_10,same_hyperparameters,joint_pca_10,pca_train_only_10,tschalzev_mbgm,7.946215751677961,7.939375124541573,7.946489378341723,False,1,0.003443365374746648,0.08952700320144265,-0.086083637826696,-0.08616077498647653,-0.006840627136388555,0.00027362666376173905,tschalzev_IID,0.5283598093648937,0.0054825547828749,DAUC < 0.55,source::tschalzev_mbgm,
tabpfn,pca_10,same_hyperparameters,joint_pca_10,pca_train_only_10,website_phishing,0.019962495978092933,0.019962495978092933,0.019962495978092933,True,3,,,,,0.0,0.0,TabArena_IID,0.4974870109756609,0.0,DAUC < 0.55,source::website_phishing,
tabpfn,pca_10,same_hyperparameters,joint_pca_10,pca_train_only_10,wine_quality,0.11260653538350462,0.11218572837976137,0.10840946031599134,False,3,-3.8715025932973637,-3.4833381263618355,-0.38816446693552836,-0.3750985172719757,-0.000420807003743251,-0.004197075067513281,TabArena_IID,0.4933509159780399,0.021301046461716,DAUC < 0.55,source::wine_quality,
bag8,pca_var90,same_hyperparameters,joint_pca_var90,pca_train_only_var90,APSFailure,0.007633040014952967,0.0077590881471763665,0.007795399190903867,True,3,,,,,0.0001260481322233999,0.0001623591759509005,TabArena_IID,0.5018079,0.0059871498851508,DAUC < 0.55,source::APSFailure,
bag8,pca_var90,same_hyperparameters,joint_pca_var90,pca_train_only_var90,Amazon_employee_access,0.15525080906850117,0.15525080906850117,0.15525080906850117,False,3,0.0,0.0,0.0,0.0,0.0,0.0,TabArena_IID,0.4973770565852067,0.0,DAUC < 0.55,source::Amazon_employee_access,
bag8,pca_var90,same_hyperparameters,joint_pca_var90,pca_train_only_var90,Another-Dataset-on-used-Fiat-500,748.8384658999024,749.5872127812058,748.4780342430635,False,3,-0.048155275151589426,-0.14819119431662234,0.10003591916503292,0.09988789410178577,0.7487468813034184,-0.36043165683895495,TabArena_IID,0.5250604059451488,0.0313157709499172,DAUC < 0.55,source::Another-Dataset-on-used-Fiat-500,
bag8,pca_var90,same_hyperparameters,joint_pca_var90,pca_train_only_var90,Bank_Customer_Churn,0.13437326248505663,0.13410759433639913,0.1341471949045324,False,3,-0.16852203334189747,0.02952023570932338,-0.19804226905122085,-0.19810074885922602,-0.00026566814865749966,-0.00022606758052423626,TabArena_IID,0.4985240625,0.0158125,DAUC < 0.55,source::Bank_Customer_Churn,
bag8,pca_var90,same_hyperparameters,joint_pca_var90,pca_train_only_var90,Bioresponse,0.13593806886560442,0.13334499722513427,0.12509248702085657,False,3,-8.670050538638321,-6.5971269744615135,-2.0729235641768082,-1.9446336153819965,-0.0025930716404701515,-0.010845581844747848,TabArena_IID,0.5301520014716704,0.0098021704294174,DAUC < 0.55,source::Bioresponse,
bag8,pca_var90,same_hyperparameters,joint_pca_var90,pca_train_only_var90,Diabetes130US,0.35281687200056516,0.35250555957671675,0.3529402335997825,False,3,0.03495254648616149,0.12315796888111076,-0.08820542239494927,-0.08831418835556183,-0.00031131242384840885,0.00012336159921733092,TabArena_IID,0.5012846750000001,0.0039252033937267,DAUC < 0.55,source::diabetes_130_us,
bag8,pca_var90,same_hyperparameters,joint_pca_var90,pca_train_only_var90,E-CommereShippingData,0.25719208463186144,0.2569199240589945,0.25874591438248,False,3,0.6005233954425622,0.7057078863808933,-0.10518449093833118,-0.10593206185303393,-0.00027216057286694184,0.0015538297506185739,TabArena_IID,0.500688337854552,0.0144240392331084,DAUC < 0.55,source::E-CommereShippingData,
bag8,pca_var90,same_hyperparameters,joint_pca_var90,pca_train_only_var90,Fitness_Club,0.1980364555064348,0.1983876119968098,0.19806031347407185,False,3,0.012045809288373828,-0.16525194623646128,0.17729775552483512,0.17700525090277755,0.000351156490374982,2.3857967637042066e-05,TabArena_IID,0.5044166666666666,0.0338611518035256,DAUC < 0.55,source::Fitness_Club,
bag8,pca_var90,same_hyperparameters,joint_pca_var90,pca_train_only_var90,Food_Delivery_Time,7.617841703843779,7.624998278552046,7.61254331638673,False,3,-0.06960075282125582,-0.16361105149320823,0.09401029867195242,0.09385673867490917,0.007156574708266916,-0.005298387457049358,TabArena_IID,0.4998231287092426,0.0079414057802949,DAUC < 0.55,source::Food_Delivery_Time,
bag8,pca_var90,same_hyperparameters,joint_pca_var90,pca_train_only_var90,GiveMeSomeCredit,0.13483584820150873,0.13464749463559852,0.13467859812932512,False,3,-0.11675951069272231,0.023094607575826417,-0.1398541182685487,-0.1398864244893364,-0.0001883535659102098,-0.00015725007218361786,TabArena_IID,0.5044638750000001,0.0040447365644625,DAUC < 0.55,source::GiveMeSomeCredit,
bag8,pca_var90,same_hyperparameters,joint_pca_var90,pca_train_only_var90,HR_Analytics_Job_Change_of_Data_Scientists,0.19851807992732595,0.1979879957916372,0.19807157913220882,False,3,-0.2254239588906882,0.042198553138123075,-0.26762251202881127,-0.2677354925328974,-0.000530084135688752,-0.00044650079511712737,TabArena_IID,0.5006432616140332,0.0155574144065088,DAUC < 0.55,source::HR_Analytics_Job_Change_of_Data_Scientists,
bag8,pca_var90,same_hyperparameters,joint_pca_var90,pca_train_only_var90,Is-this-a-good-customer,0.29944846683550025,0.29614415272568523,0.2816658347110213,False,3,-6.313379165323075,-5.140246430497381,-1.1731327348256932,-1.115778947314137,-0.003304314109815021,-0.017782632124478948,TabArena_IID,0.5089344102652231,0.0467264045771018,DAUC < 0.55,source::Is-this-a-good-customer,
bag8,pca_var90,same_hyperparameters,joint_pca_var90,pca_train_only_var90,MIC,0.19833196101407155,0.18975057352837119,0.17328258022548715,False,3,-14.455798589788099,-9.503548066663573,-4.952250523124526,-4.522456678855461,-0.008581387485700365,-0.025049380788584402,TabArena_IID,0.5315440298650391,0.1023684174323937,DAUC < 0.55,source::MIC,
bag8,pca_var90,same_hyperparameters,joint_pca_var90,pca_train_only_var90,Marketing_Campaign,0.09189833576811728,0.09048858746897663,0.09077602790089785,False,3,-1.2363482883880665,0.3166479505305364,-1.5529962389186027,-1.5579293904040301,-0.0014097482991406451,-0.0011223078672194242,TabArena_IID,0.4893010633270867,0.0318521792685864,DAUC < 0.55,source::Marketing_Campaign,
bag8,pca_var90,same_hyperparameters,joint_pca_var90,pca_train_only_var90,NATICUSdroid,0.015374123980250199,0.015374123980250199,0.015374123980250199,True,3,,,,,0.0,0.0,TabArena_IID,0.4909448935914827,0.0,DAUC < 0.55,source::NATICUSdroid,
bag8,pca_var90,same_hyperparameters,joint_pca_var90,pca_train_only_var90,QSAR-TID-11,0.8423777439673105,0.8432022297080758,0.7712617761086863,False,3,-9.220730245109737,-9.327631140020562,0.10690089491082691,0.09778030841436085,0.0008244857407653239,-0.07111596785862417,TabArena_IID,0.5050515529554785,0.0053456712564641,DAUC < 0.55,source::QSAR-TID-11,
bag8,pca_var90,same_hyperparameters,joint_pca_var90,pca_train_only_var90,QSAR_fish_toxicity,0.8807099718990342,0.8923927050106221,0.8879213450978166,False,3,0.8121635140990973,-0.5035761261390636,1.315739640238161,1.3091470880467129,0.01168273311158785,0.0072113731987824,TabArena_IID,0.4678368023195609,0.045171150688392,DAUC < 0.55,source::QSAR_fish_toxicity,
bag8,pca_var90,same_hyperparameters,joint_pca_var90,pca_train_only_var90,SDSS17,0.007049008606664333,0.006993611001665734,0.006966283496635968,True,3,,,,,-5.5397604998599394e-05,-8.27251100283654e-05,TabArena_IID,0.503639075,0.0056937685466399,DAUC < 0.55,source::SDSS17,
bag8,pca_var90,same_hyperparameters,joint_pca_var90,pca_train_only_var90,airfoil_self_noise,1.562147756719935,1.5737443573814678,1.5191985317946408,False,3,-2.827097579837577,-3.59043432739443,0.763336747556853,0.7368795705058542,0.011596600661532674,-0.042949224925294294,TabArena_IID,0.5474124587140708,0.0529488504762273,DAUC < 0.55,source::airfoil_self_noise,
bag8,pca_var90,same_hyperparameters,joint_pca_var90,pca_train_only_var90,anneal,0.0040388264400104,0.004441910188009,0.005311829229791567,True,3,,,,,0.00040308374799859995,0.0012730027897811672,TabArena_IID,0.43732935660019,0.0336531517590013,DAUC < 0.55,source::anneal,
bag8,pca_var90,same_hyperparameters,joint_pca_var90,pca_train_only_var90,bank-marketing,0.2373857560126917,0.23733505323703655,0.23769053892853007,False,3,0.12822677638422816,0.14955819995864747,-0.02133142357441932,-0.02136337425240164,-5.070277565516479e-05,0.00030478291583835304,TabArena_IID,0.4965386712119099,0.0053437601561689,DAUC < 0.55,source::bank-marketing,
bag8,pca_var90,same_hyperparameters,joint_pca_var90,pca_train_only_var90,bike_sharing,124.88748617930791,124.7577896630004,124.5295491522315,False,1,-0.2874314004291914,-0.18328221078668283,-0.1041491896425086,-0.10395865192695286,-0.12969651630751855,-0.3579370270764173,real_shift,0.724417889739124,0.0462872471556019,0.55 <= DAUC < 0.75,source::bike_sharing,
bag8,pca_var90,same_hyperparameters,joint_pca_var90,pca_train_only_var90,blood-transfusion-service-center,0.2970172960650212,0.28626499157498264,0.2943193081573991,False,3,-0.9166873639765569,2.7365913003944287,-3.653278664370986,-3.756066863391557,-0.010752304490038556,-0.0026979879076221014,TabArena_IID,0.5146430905695611,0.0393868450390189,DAUC < 0.55,source::blood-transfusion-service-center,
bag8,pca_var90,same_hyperparameters,joint_pca_var90,pca_train_only_var90,brfss_diabetes,0.1766331442429645,0.1764569900699416,0.1762096282165715,False,1,-0.2403478349505889,-0.140379306099027,-0.09996852885156192,-0.09982839044975872,-0.00017615417302291325,-0.00042351602639301156,real_shift,0.6218414250000001,0.0278607379887395,0.55 <= DAUC < 0.75,source::brfss_diabetes,
bag8,pca_var90,same_hyperparameters,joint_pca_var90,pca_train_only_var90,churn,0.08181476752173054,0.08289556989804436,0.08373592096225208,False,3,2.294300245873669,1.0035729643273879,1.2907272815462816,1.3038119861448916,0.0010808023763138191,0.0019211534405215308,TabArena_IID,0.4777912499999999,0.0261333333333333,DAUC < 0.55,source::churn,
bag8,pca_var90,same_hyperparameters,joint_pca_var90,pca_train_only_var90,coil2000_insurance_policies,0.240597530830251,0.242048437275842,0.2503404243359272,False,3,3.8918578697471413,3.3122844950355774,0.579573374711564,0.599428140053434,0.0014509064455909826,0.00974289350567617,TabArena_IID,0.4998567392475893,0.009434077843747,DAUC < 0.55,source::coil2000_insurance_policies,
bag8,pca_var90,same_hyperparameters,joint_pca_var90,pca_train_only_var90,concrete_compressive_strength,4.619781194594064,4.647241423994452,4.340134707907356,False,3,-6.4432674446075655,-7.075971986020943,0.6327045414133773,0.5908931104505674,0.02746022940038806,-0.27964648668670833,TabArena_IID,0.5128188681237462,0.0502123786407767,DAUC < 0.55,source::concrete_compressive_strength,
bag8,pca_var90,same_hyperparameters,joint_pca_var90,pca_train_only_var90,credit-g,0.2531643495591995,0.2525862954403727,0.23617982954892822,False,3,-7.191350778222431,-6.946599090522942,-0.24475168769948816,-0.22885411016419765,-0.0005780541188267763,-0.01698452001027126,TabArena_IID,0.4666875,0.0366071428571428,DAUC < 0.55,source::credit-g,
bag8,pca_var90,same_hyperparameters,joint_pca_var90,pca_train_only_var90,credit_card_clients_default,0.2164295416078831,0.2161889220460342,0.21600021694556126,False,3,-0.19876121811027997,-0.08736338469535254,-0.11139783341492744,-0.11130059744581262,-0.0002406195618488982,-0.00042932466232184496,TabArena_IID,0.5084822083333334,0.0089083333333333,DAUC < 0.55,source::credit_card_clients_default,
bag8,pca_var90,same_hyperparameters,joint_pca_var90,pca_train_only_var90,customer_satisfaction_in_airline,0.005818699545698199,0.005815702705933699,0.0056408237053047336,True,3,,,,,-2.996839764500027e-06,-0.00017787584039346584,TabArena_IID,0.4966771,0.0063438979047851,DAUC < 0.55,source::customer_satisfaction_in_airline,
bag8,pca_var90,same_hyperparameters,joint_pca_var90,pca_train_only_var90,diabetes,0.17360325901451304,0.16717952419994928,0.16934535483580615,False,3,-2.514331841481727,1.2789430439097786,-3.7932748853915057,-3.842417213055876,-0.006423734814563764,-0.004257904178706889,TabArena_IID,0.5164146241145119,0.0782684335208765,DAUC < 0.55,source::diabetes,
bag8,pca_var90,same_hyperparameters,joint_pca_var90,pca_train_only_var90,diabetes_hospital,0.3491479606829508,0.3487765147199051,0.3461028034487377,False,1,-0.8798418284595436,-0.7725193915002356,-0.10732243695930796,-0.10649970607796493,-0.000371445963045669,-0.003045157234213114,real_shift,0.938254775,0.0569622287584916,0.75 <= DAUC < 0.95,source::diabetes_130_us,
bag8,pca_var90,same_hyperparameters,joint_pca_var90,pca_train_only_var90,diamonds,533.209788600254,533.405834066571,533.6157469570486,False,3,0.07607690723326337,0.039337836575229414,0.03673907065803395,0.03675352870109002,0.19604546631694575,0.40595835679459924,TabArena_IID,0.500012025,0.0064925534544555,DAUC < 0.55,source::diamonds,
bag8,pca_var90,same_hyperparameters,joint_pca_var90,pca_train_only_var90,folktables_coverage,0.1808763421912479,0.1810428942305252,0.1802445690392519,False,1,-0.35050884216013184,-0.44291220286334393,0.09240336070321212,0.09199589963758334,0.00016655203927729012,-0.0006317731519960013,Folktables,0.55100065,0.0153198007637392,0.55 <= DAUC < 0.75,source::folktables,
bag8,pca_var90,same_hyperparameters,joint_pca_var90,pca_train_only_var90,folktables_coverage_covid,0.1870750285821594,0.1868834645528015,0.1863877343928588,False,1,-0.36874432297780035,-0.2659671579556959,-0.10277716502210442,-0.10250453661928247,-0.00019156402935791017,-0.0006872941893006079,Folktables,0.6727981749999998,0.0219409140498816,0.55 <= DAUC < 0.75,source::folktables,
bag8,pca_var90,same_hyperparameters,joint_pca_var90,pca_train_only_var90,folktables_employment,0.0924022647391827,0.0924055832636228,0.0923388145690792,False,1,-0.068714516641348,-0.07230837308794771,0.0035938564465997137,0.003591259665162471,3.3185244401046088e-06,-6.345017010349341e-05,Folktables,0.5412264,0.0268211334088744,DAUC < 0.55,source::folktables,
bag8,pca_var90,same_hyperparameters,joint_pca_var90,pca_train_only_var90,folktables_income,0.1126553296773933,0.1126414433126034,0.1120155290170952,False,1,-0.5711713955307579,-0.5587745743830473,-0.012396821147710662,-0.01232793577704228,-1.3886364789911232e-05,-0.0006398006602981038,Folktables,0.6541794249999999,0.0202054476966708,0.55 <= DAUC < 0.75,source::folktables,
bag8,pca_var90,same_hyperparameters,joint_pca_var90,pca_train_only_var90,folktables_mobility,0.2607054880260586,0.2603940734472423,0.2597460318536995,False,1,-0.36938241770696423,-0.24949046917791604,-0.1198919485290482,-0.1195935739602681,-0.00031141457881628254,-0.0009594561723590966,Folktables,0.5783444999999999,0.0427119057499453,0.55 <= DAUC < 0.75,source::folktables,
bag8,pca_var90,same_hyperparameters,joint_pca_var90,pca_train_only_var90,folktables_travel_time,0.2078893906186845,0.2079847146721978,0.2080129492789471,False,1,0.05939950406495956,0.013573485135011935,0.04582601892994762,0.045832239962225935,9.532405351331263e-05,0.00012355866026259044,Folktables,0.657996475,0.0224917765156315,0.55 <= DAUC < 0.75,source::folktables,
bag8,pca_var90,same_hyperparameters,joint_pca_var90,pca_train_only_var90,folktables_travel_time_covid,0.2034604522913652,0.2033166156953659,0.2035722517222109,False,1,0.05491879659427966,0.12557508436554302,-0.07065628777126337,-0.0707451260229512,-0.000143836595999286,0.00011179943084571597,Folktables,0.788992325,0.0142218987079578,0.75 <= DAUC < 0.95,source::folktables,
bag8,pca_var90,same_hyperparameters,joint_pca_var90,pca_train_only_var90,gas_sensor_drift,0.1172201645143756,0.1160936504196866,0.1243783594646005,False,1,5.755177171525734,6.660892683081118,-0.9057155115553848,-0.9703494468617149,-0.0011265140946890018,0.007158194950224905,real_shift,0.9997012367140782,0.2156844866039522,DAUC >= 0.95,source::gas_sensor_drift,
bag8,pca_var90,same_hyperparameters,joint_pca_var90,pca_train_only_var90,hazelnut-spread-contaminant-detection,0.0297166666666666,0.029437499999999967,0.0295020833333333,False,3,-0.7273497634346711,0.21891109384930407,-0.9462608572839752,-0.9483368719036357,-0.00027916666666663245,-0.0002145833333332993,TabArena_IID,0.5092881944444444,0.0430034722222222,DAUC < 0.55,source::hazelnut-spread-contaminant-detection,
bag8,pca_var90,same_hyperparameters,joint_pca_var90,pca_train_only_var90,healthcare_insurance_expenses,4632.855349424838,4654.186983343832,4620.357678458792,False,3,-0.27049141724055337,-0.7321793514549826,0.4616879342144292,0.45833212106292087,21.331633918994157,-12.497670966045916,TabArena_IID,0.5250682484635931,0.0656832659134235,DAUC < 0.55,source::healthcare_insurance_expenses,
bag8,pca_var90,same_hyperparameters,joint_pca_var90,pca_train_only_var90,heloc,0.20517015698901775,0.20566232078517185,0.20568240256918216,False,3,0.24904686728954123,0.009763491557597715,0.2392833757319435,0.2393067404253417,0.0004921637961541048,0.000512245580164411,TabArena_IID,0.5007809088419239,0.0177986239441687,DAUC < 0.55,source::heloc,
bag8,pca_var90,same_hyperparameters,joint_pca_var90,pca_train_only_var90,hiva_agnostic,0.5036540337357714,0.5036540337357714,0.5036540337357714,False,3,0.0,0.0,0.0,0.0,0.0,0.0,TabArena_IID,0.496315651907474,0.0,DAUC < 0.55,source::hiva_agnostic,
bag8,pca_var90,same_hyperparameters,joint_pca_var90,pca_train_only_var90,houses,0.21883390651990708,0.2188616684192354,0.2171784423060367,False,3,-0.7622599169109031,-0.7750429072636936,0.012782990352790473,0.012684678650599806,2.7761899328321293e-05,-0.001655464213870389,TabArena_IID,0.4876979973585736,0.0143910489341085,DAUC < 0.55,source::houses,
bag8,pca_var90,same_hyperparameters,joint_pca_var90,pca_train_only_var90,in_vehicle_coupon_recommendation,0.17019572809062522,0.16969498415752785,0.1669647312821876,False,3,-1.9351373093140793,-1.6352273048167427,-0.29991000449733674,-0.2950846989281277,-0.0005007439330973751,-0.0032309968084376084,TabArena_IID,0.4999967486682508,0.0148968616209672,DAUC < 0.55,source::in_vehicle_coupon_recommendation,
bag8,pca_var90,same_hyperparameters,joint_pca_var90,pca_train_only_var90,jm1,0.25078248373011586,0.2499146750003863,0.2523411082373615,False,3,0.6176657137367972,0.9615687487164403,-0.34390303497964303,-0.34724200558779145,-0.0008678087297295523,0.0015586245072456428,TabArena_IID,0.5013936268693818,0.0156089518163831,DAUC < 0.55,source::jm1,
bag8,pca_var90,same_hyperparameters,joint_pca_var90,pca_train_only_var90,kddcup09_appetency,0.19856362327600355,0.19712637657557222,0.19833659694940486,False,3,-0.1144651718798007,0.6101851057479661,-0.7246502776277668,-0.729099131936984,-0.0014372467004313272,-0.00022702632659868383,TabArena_IID,0.502529275,0.0355100272725716,DAUC < 0.55,source::kddcup09_appetency,
bag8,pca_var90,same_hyperparameters,joint_pca_var90,pca_train_only_var90,lending_club,0.3120626902976424,0.3117813279302384,0.3115974664807988,False,1,-0.14930282395998729,-0.05900607970794715,-0.09029674425204012,-0.09024349510338818,-0.00028136236740400333,-0.00046522381684360736,real_shift,0.94616475,0.0622442459135606,0.75 <= DAUC < 0.95,source::lending_club,
bag8,pca_var90,same_hyperparameters,joint_pca_var90,pca_train_only_var90,maternal_health_risk,0.0597492507390153,0.059539427872131324,0.06193628607029456,False,3,3.531105059798209,3.8698771757850063,-0.3387721159867971,-0.3524099481348639,-0.00020982286688397273,0.002187035331279265,TabArena_IID,0.4809925428071595,0.03878222065645,DAUC < 0.55,source::maternal_health_risk,
bag8,pca_var90,same_hyperparameters,joint_pca_var90,pca_train_only_var90,miami_housing,89478.44976194843,88722.48945475247,87451.21914052036,False,3,-2.3181273415647046,-1.4536907852472358,-0.8644365563174687,-0.852050378479843,-755.9603071959573,-2027.2306214280688,TabArena_IID,0.5000548768378967,0.0174142973418732,DAUC < 0.55,source::miami_housing,
bag8,pca_var90,same_hyperparameters,joint_pca_var90,pca_train_only_var90,online_shoppers_intention,0.06590467190232563,0.06612553994996061,0.06587676166406567,False,3,-0.042367350117004675,-0.3776419477987803,0.3352745976817756,0.3340132236381231,0.00022086804763497836,-2.791023825995942e-05,TabArena_IID,0.5085433381403395,0.0162298164122981,DAUC < 0.55,source::online_shoppers_intention,
bag8,pca_var90,same_hyperparameters,joint_pca_var90,pca_train_only_var90,physiochemical_protein,3.4877806502343582,3.4876519083042155,3.4820759024608896,False,3,-0.16383180416707496,-0.16013452892813493,-0.003697275238940025,-0.0036913640904427726,-0.0001287419301427839,-0.0057047477734686325,TabArena_IID,0.5001884949523016,0.0130870811769565,DAUC < 0.55,source::physiochemical_protein,
bag8,pca_var90,same_hyperparameters,joint_pca_var90,pca_train_only_var90,polish_companies_bankruptcy,0.05382087486490577,0.046973401944365105,0.04399807589132929,False,3,-22.3255194109801,-6.762400384018066,-15.563119026962035,-14.577340871863514,-0.006847472920540665,-0.009822798973576477,TabArena_IID,0.4797271737327021,0.028469599510753,DAUC < 0.55,source::polish_companies_bankruptcy,
bag8,pca_var90,same_hyperparameters,joint_pca_var90,pca_train_only_var90,qsar-biodeg,0.06925391819636127,0.07137375936771743,0.06976872366754223,False,3,0.7378742853804848,-2.3005089039946047,3.0383831893750894,2.970056768951662,0.0021198411713561627,0.0005148054711809624,TabArena_IID,0.5242964850267431,0.0520357221163414,DAUC < 0.55,source::qsar-biodeg,
bag8,pca_var90,same_hyperparameters,joint_pca_var90,pca_train_only_var90,seismic-bumps,0.2443478995326248,0.23534229437607282,0.24680305204571742,False,3,0.9947820712678316,4.643685551960529,-3.648903480692698,-3.826598691249774,-0.009005605156551993,0.002455152513092612,TabArena_IID,0.5032746248400783,0.0270932551506253,DAUC < 0.55,source::seismic-bumps,
bag8,pca_var90,same_hyperparameters,joint_pca_var90,pca_train_only_var90,shifts_weather,2.174032947755088,2.1644483582872494,2.164518455518772,False,1,-0.4395662329446669,0.0032384677221912327,-0.4428047006668581,-0.4428190412185757,-0.0095845894678388,-0.009514492236315952,real_shift,0.99970015,0.1722711733109805,DAUC >= 0.95,source::shifts_weather,
bag8,pca_var90,same_hyperparameters,joint_pca_var90,pca_train_only_var90,splice,0.0052733804611511,0.0052733804611511,0.0052733804611511,True,3,,,,,0.0,0.0,TabArena_IID,0.4935215615848055,0.0,DAUC < 0.55,source::splice,
bag8,pca_var90,same_hyperparameters,joint_pca_var90,pca_train_only_var90,students_dropout_and_academic_success,0.10644795056378076,0.10673739138573497,0.10631191401496416,False,3,-0.127959834113651,-0.40021607616896204,0.272256242055311,0.2711709722305407,0.00028944082195421494,-0.00013603654881659544,TabArena_IID,0.4990070724969652,0.0241838594407484,DAUC < 0.55,source::students_dropout_and_academic_success,
bag8,pca_var90,same_hyperparameters,joint_pca_var90,pca_train_only_var90,superconductivity,9.275332280857445,9.265354870549595,9.267409420567729,False,3,-0.08549163989811417,0.02216962610472021,-0.10766126600283438,-0.10768513939560874,-0.009977410307849155,-0.007922860289715672,TabArena_IID,0.4966916245247805,0.0148733486354602,DAUC < 0.55,source::superconductivity,
bag8,pca_var90,same_hyperparameters,joint_pca_var90,pca_train_only_var90,synthetic_label_shift,0.2407407481318682,0.2403683745054944,0.2403954804395605,False,1,-0.1436248683529222,0.011275558931698229,-0.15490042728462045,-0.15491789514318305,-0.00037237362637379534,-0.0003452676923076936,synthetic,0.54006835,0.01992,DAUC < 0.55,source::synthetic_generator,
bag8,pca_var90,same_hyperparameters,joint_pca_var90,pca_train_only_var90,synthetic_large_test,0.2534262594367074,0.252597700697158,0.2541956891847217,False,1,0.3026918947689816,0.6286449989332678,-0.32595310416428613,-0.3280151550321389,-0.000828558739549401,0.0007694297480143053,synthetic,0.64072835,0.0878719999999999,0.55 <= DAUC < 0.75,source::synthetic_generator,
bag8,pca_var90,same_hyperparameters,joint_pca_var90,pca_train_only_var90,synthetic_partial_shift,0.241311257457522,0.2413190783354218,0.2414264165740653,False,1,0.047699468093615846,0.04446002229858586,0.0032394457950299825,0.0032408866939767967,7.820877899800127e-06,0.00011515911654330635,synthetic,0.5587177999999999,0.026568,0.55 <= DAUC < 0.75,source::synthetic_generator,
bag8,pca_var90,same_hyperparameters,joint_pca_var90,pca_train_only_var90,synthetic_shift_0.0,0.2499145798394313,0.2496200586713068,0.2500728306313826,False,1,0.06328188134301924,0.1810560383279667,-0.11777415698494748,-0.11798778098691347,-0.00029452116812450635,0.000158250791951281,synthetic,0.49784605,0.011,DAUC < 0.55,source::synthetic_generator,
bag8,pca_var90,same_hyperparameters,joint_pca_var90,pca_train_only_var90,synthetic_shift_0.5,0.2497033716679606,0.2487893051242236,0.248317077510352,False,1,-0.5582758026583211,-0.19017121923557498,-0.3681045834227461,-0.36740588317516865,-0.0009140665437370188,-0.001386294157608603,synthetic,0.5719888750000001,0.04362,0.55 <= DAUC < 0.75,source::synthetic_generator,
bag8,pca_var90,same_hyperparameters,joint_pca_var90,pca_train_only_var90,synthetic_shift_1.0,0.2533377113873183,0.2512159927972657,0.2497417984176844,False,1,-1.4398522763978296,-0.590287404399866,-0.8495648719979635,-0.8445794260259795,-0.0021217185900526125,-0.0035959129696339076,synthetic,0.643362075,0.08208,0.55 <= DAUC < 0.75,source::synthetic_generator,
bag8,pca_var90,same_hyperparameters,joint_pca_var90,pca_train_only_var90,synthetic_shift_3.0,0.2620661687979539,0.263377084398977,0.2581939028132992,False,1,-1.4997511337263374,-2.007476369194433,0.5077252354680952,0.4977333559654896,0.0013109156010230882,-0.0038722659846547325,synthetic,0.8405509999999999,0.20872,0.75 <= DAUC < 0.95,source::synthetic_generator,
bag8,pca_var90,same_hyperparameters,joint_pca_var90,pca_train_only_var90,synthetic_shift_5.0,0.2743284281513333,0.2787690143201109,0.2698973148260011,False,1,-1.641777476811456,-3.287064748987694,1.6452872721762382,1.5929267388657817,0.004440586168777627,-0.004431113325332192,synthetic,0.93479215,0.30666,0.75 <= DAUC < 0.95,source::synthetic_generator,
bag8,pca_var90,same_hyperparameters,joint_pca_var90,pca_train_only_var90,synthetic_small_test,0.254521721988344,0.2543464203796788,0.2532289528907427,False,1,-0.5105139372270204,-0.4412874105348592,-0.06922652669216124,-0.06892238090219895,-0.0001753016086651904,-0.0012927690976012873,synthetic,0.6399588,0.0856239999999999,0.55 <= DAUC < 0.75,source::synthetic_generator,
bag8,pca_var90,same_hyperparameters,joint_pca_var90,pca_train_only_var90,tabred_cooking_time,0.4853428738159814,0.4851750258100519,0.484871225589696,False,1,-0.09727288430279848,-0.06265585671462394,-0.034617027588174545,-0.03459535157426226,-0.0001678480059295051,-0.000471648226285426,TabReD,0.7766422000000001,0.0408288722530207,0.75 <= DAUC < 0.95,source::tabred_cooking_time,
bag8,pca_var90,same_hyperparameters,joint_pca_var90,pca_train_only_var90,tabred_delivery_eta,0.5461404499392766,0.546196298425578,0.5459188549611448,False,1,-0.040591193383046134,-0.05082137425955085,0.010230180876504716,0.010224984398915362,5.584848630146855e-05,-0.0002215949781317894,TabReD,0.9451161,0.1211845880844909,0.75 <= DAUC < 0.95,source::tabred_delivery_eta,
bag8,pca_var90,same_hyperparameters,joint_pca_var90,pca_train_only_var90,tabred_delivery_eta__gap_far,0.5565134003457637,0.5577899778718611,0.5576152367232049,False,1,0.19759796807492075,-0.03133722630735289,0.2289351943822736,0.22886347491720394,0.0012765775260974443,0.001101836377441212,TabReD_gap,0.999999625,0.2379337040655923,DAUC >= 0.95,source::tabred_delivery_eta,tabred_delivery_eta
bag8,pca_var90,same_hyperparameters,joint_pca_var90,pca_train_only_var90,tabred_delivery_eta__gap_maxdiff,0.5516468037701041,0.5512045187580127,0.5533970341678441,False,1,0.3162702887217111,0.39619211424368916,-0.07992182552197806,-0.08023972900076962,-0.0004422850120914257,0.0017502303977400269,TabReD_gap,1.0,0.2496496029927623,DAUC >= 0.95,source::tabred_delivery_eta,tabred_delivery_eta
bag8,pca_var90,same_hyperparameters,joint_pca_var90,pca_train_only_var90,tabred_delivery_eta__gap_near,0.573303765234035,0.5716803881422936,0.5743301179802871,False,1,0.17870432250033874,0.4613600706352727,-0.28265574813493394,-0.2839658531958182,-0.0016233770917414292,0.0010263527462520683,TabReD_gap,0.946211,0.1571228260314691,0.75 <= DAUC < 0.95,source::tabred_delivery_eta,tabred_delivery_eta
bag8,pca_var90,same_hyperparameters,joint_pca_var90,pca_train_only_var90,tabred_ecom_offers,0.4401721051512438,0.434092768130332,0.4378837069964159,False,1,-0.5226040883148522,0.865741018794043,-1.388345107108895,-1.4004695464280414,-0.00607933702091179,-0.0022883981548278975,TabReD,1.0,0.0841283069488731,DAUC >= 0.95,source::tabred_ecom_offers,
bag8,pca_var90,same_hyperparameters,joint_pca_var90,pca_train_only_var90,tabred_homesite,0.0423096461099777,0.0433598854667419,0.0395510583144037,False,1,-6.974750899571707,-9.630152301009623,2.6554014014379153,2.422145135899315,0.001050239356764203,-0.0027585877955740024,TabReD,1.0,0.0494244965489931,DAUC >= 0.95,source::tabred_homesite,
bag8,pca_var90,same_hyperparameters,joint_pca_var90,pca_train_only_var90,tabred_homesite__gap_far,0.0981724254563376,0.1392563033677724,0.1040477118497644,False,1,5.646723305083524,-33.83889072817484,39.48561403325836,29.502347052063634,0.041083877911434794,0.0058752863934267985,TabReD_gap,1.0,0.0830990647492541,DAUC >= 0.95,source::tabred_homesite,tabred_homesite
bag8,pca_var90,same_hyperparameters,joint_pca_var90,pca_train_only_var90,tabred_homesite__gap_near,0.0446742553635279,0.046648868028878,0.0459653482601032,False,1,2.808839583395342,-1.4870327206202847,4.295872304015626,4.232927290170722,0.001974612665350102,0.0012910928965753007,TabReD_gap,1.0,0.0437974647176086,DAUC >= 0.95,source::tabred_homesite,tabred_homesite
bag8,pca_var90,same_hyperparameters,joint_pca_var90,pca_train_only_var90,tabred_sberbank,0.2592225385024593,0.2774908857524207,0.2552404707830786,False,1,-1.560123951802668,-8.71743219289549,7.157308241092823,6.583404424410735,0.018268347249961403,-0.0039820677193807,TabReD,1.0,0.2022915451416207,DAUC >= 0.95,source::tabred_sberbank,
bag8,pca_var90,same_hyperparameters,joint_pca_var90,pca_train_only_var90,tabred_sberbank__gap_far,0.3744103046958965,0.3786314725010926,0.3592567871384393,False,1,-4.218018448073968,-5.392990767683751,1.1749723196097834,1.1148486356172944,0.004221167805196102,-0.015153517557457197,TabReD_gap,1.0,0.235749592588427,DAUC >= 0.95,source::tabred_sberbank,tabred_sberbank
bag8,pca_var90,same_hyperparameters,joint_pca_var90,pca_train_only_var90,tabred_sberbank__gap_near,0.2519130970703781,0.254168316504851,0.2477962699761038,False,1,-1.6613757320363756,-2.571486055605959,0.9101103235695835,0.8872936900574838,0.002255219434472877,-0.004116827094274328,TabReD_gap,1.0,0.2265311490062835,DAUC >= 0.95,source::tabred_sberbank,tabred_sberbank
bag8,pca_var90,same_hyperparameters,joint_pca_var90,pca_train_only_var90,tabred_weather,1.497789104620392,1.4971813103522618,1.4967328890116611,False,1,-0.0705680764072918,-0.029960011161159282,-0.040608065246132516,-0.04059590270914988,-0.0006077942681301796,-0.001056215608730815,TabReD,0.9948407,0.1103651439849723,DAUC >= 0.95,source::tabred_weather,
bag8,pca_var90,same_hyperparameters,joint_pca_var90,pca_train_only_var90,tabred_weather__gap_far,1.641518340534394,1.6447115910248116,1.6422974554212553,False,1,0.047440546430206516,-0.14699746355857718,0.1944380099887837,0.1941526105758045,0.0031932504904175207,0.0007791148868612208,TabReD_gap,1.0,0.1012016963019497,DAUC >= 0.95,source::tabred_weather,tabred_weather
bag8,pca_var90,same_hyperparameters,joint_pca_var90,pca_train_only_var90,tabred_weather__gap_maxdiff,1.8164729936704285,1.85840696893158,1.7941261827455273,False,1,-1.2455540273485213,-3.582846446601921,2.3372924192534,2.2564473746705733,0.04193397526115161,-0.022346810924901206,TabReD_gap,1.0,0.2280292319342118,DAUC >= 0.95,source::tabred_weather,tabred_weather
bag8,pca_var90,same_hyperparameters,joint_pca_var90,pca_train_only_var90,tabred_weather__gap_near,1.6797912565610338,1.671943092742107,1.6630001348379588,False,1,-1.0096885364781443,-0.5377605038510489,-0.47192803262709543,-0.4694037645776071,-0.007848163818926723,-0.016791121723074953,TabReD_gap,1.0,0.0948655339805825,DAUC >= 0.95,source::tabred_weather,tabred_weather
bag8,pca_var90,same_hyperparameters,joint_pca_var90,pca_train_only_var90,taiwanese_bankruptcy_prediction,0.0667253399272779,0.06774492130539704,0.06392489016533567,False,3,-4.380844072941119,-5.975811816306948,1.5949677433658282,1.5050299837574859,0.0010195813781191387,-0.002800449761942228,TabArena_IID,0.4813707690648705,0.0246058424438091,DAUC < 0.55,source::taiwanese_bankruptcy_prediction,
bag8,pca_var90,same_hyperparameters,joint_pca_var90,pca_train_only_var90,tschalzev_mbgm,8.182015216387073,8.103791331973333,8.085359966984036,False,1,-1.1954353275268081,-0.22795973295635813,-0.9674755945704501,-0.96527515590276,-0.07822388441373995,-0.09665524940303705,tschalzev_IID,0.5283598093648937,0.0054825547828749,DAUC < 0.55,source::tschalzev_mbgm,
bag8,pca_var90,same_hyperparameters,joint_pca_var90,pca_train_only_var90,tschalzev_ogpcc,0.0224278706934919,0.0227092829795095,0.0215218443612823,False,1,-4.209798737507528,-5.517364582207435,1.307565844699907,1.239194941872526,0.0002814122860176002,-0.0009060263322095974,tschalzev_IID,0.498779,0.0040078342527184,DAUC < 0.55,source::tschalzev_ogpcc,
bag8,pca_var90,same_hyperparameters,joint_pca_var90,pca_train_only_var90,tschalzev_sctp,0.1094282582363336,0.109374154795782,0.1051087392387699,False,1,-4.109571695795234,-4.0580979164088165,-0.05147377938641713,-0.049466385045560474,-5.410344055160887e-05,-0.004319518997563707,tschalzev_IID,0.495618525,0.0048744375,DAUC < 0.55,source::tschalzev_sctp,
bag8,pca_var90,same_hyperparameters,joint_pca_var90,pca_train_only_var90,website_phishing,0.0217334983646367,0.0217334983646367,0.0217334983646367,False,3,0.0,0.0,0.0,0.0,0.0,0.0,TabArena_IID,0.4974870109756609,0.0,DAUC < 0.55,source::website_phishing,
bag8,pca_var90,same_hyperparameters,joint_pca_var90,pca_train_only_var90,wine_quality,0.1970832940981335,0.18829057790997136,0.17220874309318732,False,3,-14.444418185832651,-9.33857046275617,-5.10584772307648,-4.669758989409577,-0.00879271618816213,-0.024874551004946177,TabArena_IID,0.4933509159780399,0.021301046461716,DAUC < 0.55,source::wine_quality,
tabicl,pca_var90,same_hyperparameters,joint_pca_var90,pca_train_only_var90,Amazon_employee_access,0.15191701103066063,0.15191685727704282,0.15191693415385168,False,3,-5.060450263475466e-05,5.060450257994396e-05,-0.00010120900521469863,-0.0001012090564310382,-1.5375361780978203e-07,-7.687680894652438e-08,TabArena_IID,0.4973770565852067,0.0,DAUC < 0.55,source::Amazon_employee_access,
tabicl,pca_var90,same_hyperparameters,joint_pca_var90,pca_train_only_var90,Another-Dataset-on-used-Fiat-500,728.035252323637,725.7513543351542,713.1740191287946,False,3,-2.0838158424498836,-1.7635717046624844,-0.3202441377873992,-0.3146942785349648,-2.2838979884827495,-14.861233194842384,TabArena_IID,0.5250604059451488,0.0313157709499172,DAUC < 0.55,source::Another-Dataset-on-used-Fiat-500,
tabicl,pca_var90,same_hyperparameters,joint_pca_var90,pca_train_only_var90,Bank_Customer_Churn,0.13125878507519181,0.1312822246919132,0.1261516035655104,False,3,-4.048447554635539,-4.067028068920647,0.01858051428510794,0.017854371965732117,2.3439616721382395e-05,-0.005107181509681424,TabArena_IID,0.4985240625,0.0158125,DAUC < 0.55,source::Bank_Customer_Churn,
tabicl,pca_var90,same_hyperparameters,joint_pca_var90,pca_train_only_var90,E-CommereShippingData,0.253327060681944,0.2537330181502759,0.25434487065501615,False,3,0.40016925462305797,0.24056019025057016,0.1596090643724878,0.1599939461136482,0.0004059574683318856,0.001017809973072159,TabArena_IID,0.500688337854552,0.0144240392331084,DAUC < 0.55,source::E-CommereShippingData,
tabicl,pca_var90,same_hyperparameters,joint_pca_var90,pca_train_only_var90,Fitness_Club,0.17771823542126822,0.17850752295504857,0.17813713182503257,False,3,0.23515389490822156,-0.20792471857007117,0.44307861347829275,0.44215925509151216,0.0007892875337803529,0.0004188964037643572,TabArena_IID,0.5044166666666666,0.0338611518035256,DAUC < 0.55,source::Fitness_Club,
tabicl,pca_var90,same_hyperparameters,joint_pca_var90,pca_train_only_var90,HR_Analytics_Job_Change_of_Data_Scientists,0.19322473689399164,0.19390890107399136,0.19436899177038391,False,3,0.5887023778690126,0.2367099259001534,0.3519924519688592,0.35282762999036466,0.0006841641799997245,0.0011442548763922755,TabArena_IID,0.5006432616140332,0.0155574144065088,DAUC < 0.55,source::HR_Analytics_Job_Change_of_Data_Scientists,
tabicl,pca_var90,same_hyperparameters,joint_pca_var90,pca_train_only_var90,Is-this-a-good-customer,0.2568327982866293,0.2572623621739535,0.25535054336626034,False,3,-0.5804784672977576,-0.7487036379440711,0.1682251706463135,0.1669750225778155,0.00042956388732418027,-0.0014822549203689639,TabArena_IID,0.5089344102652231,0.0467264045771018,DAUC < 0.55,source::Is-this-a-good-customer,
tabicl,pca_var90,same_hyperparameters,joint_pca_var90,pca_train_only_var90,MIC,0.12732650669149936,0.12577687914072203,0.12452836705760456,False,3,-2.2469897421849545,-1.002592511744674,-1.2443972304402808,-1.2320448411218565,-0.0015496275507773383,-0.002798139633894803,TabArena_IID,0.5315440298650391,0.1023684174323937,DAUC < 0.55,source::MIC,
tabicl,pca_var90,same_hyperparameters,joint_pca_var90,pca_train_only_var90,Marketing_Campaign,0.073921363635002,0.07351246602843682,0.07174106556627727,False,3,-3.0391213895624185,-2.469158282187853,-0.5699631073745656,-0.5562289345687363,-0.0004088976065651784,-0.0021802980687247314,TabArena_IID,0.4893010633270867,0.0318521792685864,DAUC < 0.55,source::Marketing_Campaign,
tabicl,pca_var90,same_hyperparameters,joint_pca_var90,pca_train_only_var90,NATICUSdroid,0.012380236422321432,0.012380236422321333,0.012380236422321333,True,3,,,,,-9.8879238130678e-17,-9.8879238130678e-17,TabArena_IID,0.4909448935914827,0.0,DAUC < 0.55,source::NATICUSdroid,
tabicl,pca_var90,same_hyperparameters,joint_pca_var90,pca_train_only_var90,QSAR_fish_toxicity,0.8541132334669359,0.8542589281134273,0.8480591435578654,False,3,-0.7138759077193345,-0.7310556819836809,0.01717977426434632,0.017055092044884645,0.00014569464649138997,-0.006054089909070526,TabArena_IID,0.4678368023195609,0.045171150688392,DAUC < 0.55,source::QSAR_fish_toxicity,
tabicl,pca_var90,same_hyperparameters,joint_pca_var90,pca_train_only_var90,airfoil_self_noise,1.0652366524932513,1.0659619327271217,1.0635441931893233,False,3,-0.1591338954005037,-0.22732854481093115,0.06819464941042741,0.06803997512508583,0.0007252802338704178,-0.001692459303928029,TabArena_IID,0.5474124587140708,0.0529488504762273,DAUC < 0.55,source::airfoil_self_noise,
tabicl,pca_var90,same_hyperparameters,joint_pca_var90,pca_train_only_var90,anneal,0.0001034786405637377,0.00010353583885421281,0.000903440807484965,True,3,,,,,5.719829047510713e-08,0.0007999621669212273,TabArena_IID,0.43732935660019,0.0336531517590013,DAUC < 0.55,source::anneal,
tabicl,pca_var90,same_hyperparameters,joint_pca_var90,pca_train_only_var90,bike_sharing,124.84603273045408,124.84705439045923,124.32326010472048,False,1,-0.4204946244920418,-0.42131640153061856,0.000821777038576791,0.0008183292830886107,0.001021660005150693,-0.5227726257336087,real_shift,0.724417889739124,0.0462872471556019,0.55 <= DAUC < 0.75,source::bike_sharing,
tabicl,pca_var90,same_hyperparameters,joint_pca_var90,pca_train_only_var90,blood-transfusion-service-center,0.24630736445633847,0.24788383387848148,0.2463663395777578,False,3,0.023937978508107863,-0.6159503377468198,0.6398883162549277,0.6359710504218822,0.001576469422143012,5.8975121419335697e-05,TabArena_IID,0.5146430905695611,0.0393868450390189,DAUC < 0.55,source::blood-transfusion-service-center,
tabicl,pca_var90,same_hyperparameters,joint_pca_var90,pca_train_only_var90,churn,0.06580449610226853,0.06806218645756233,0.06434975285373433,False,3,-2.260681951398948,-5.769149746800564,3.5084677954016157,3.3170993657417993,0.002257690355293801,-0.0014547432485342016,TabArena_IID,0.4777912499999999,0.0261333333333333,DAUC < 0.55,source::churn,
tabicl,pca_var90,same_hyperparameters,joint_pca_var90,pca_train_only_var90,coil2000_insurance_policies,0.23036004183515432,0.2271943462154903,0.2308936310061714,False,3,0.23109739696667006,1.6021597367413851,-1.371062339774715,-1.3933866191641044,-0.0031656956196640107,0.0005335891710170904,TabArena_IID,0.4998567392475893,0.009434077843747,DAUC < 0.55,source::coil2000_insurance_policies,
tabicl,pca_var90,same_hyperparameters,joint_pca_var90,pca_train_only_var90,concrete_compressive_strength,3.8951357927585817,3.8868932987261506,3.7487978437912495,False,3,-3.9035967012650947,-3.6837263754729945,-0.21987032579210017,-0.21205866482448477,-0.008242494032431047,-0.1463379489673322,TabArena_IID,0.5128188681237462,0.0502123786407767,DAUC < 0.55,source::concrete_compressive_strength,
tabicl,pca_var90,same_hyperparameters,joint_pca_var90,pca_train_only_var90,credit-g,0.2127257498502134,0.21094432828338397,0.2072395852438771,False,3,-2.647257086468422,-1.7876618673730613,-0.8595952190953606,-0.8444984424687867,-0.001781421566829422,-0.005486164606336302,TabArena_IID,0.4666875,0.0366071428571428,DAUC < 0.55,source::credit-g,
tabicl,pca_var90,same_hyperparameters,joint_pca_var90,pca_train_only_var90,credit_card_clients_default,0.21226671966856472,0.21149807411473362,0.20931546090444395,False,3,-1.4099573683513416,-1.042738649528653,-0.3672187188226884,-0.3634291031010188,-0.0007686455538311043,-0.002951258764120779,TabArena_IID,0.5084822083333334,0.0089083333333333,DAUC < 0.55,source::credit_card_clients_default,
tabicl,pca_var90,same_hyperparameters,joint_pca_var90,pca_train_only_var90,diabetes,0.15923571685502538,0.15927976185168577,0.15705705596162942,False,3,-1.3871779781280476,-1.4152219245720372,0.02804394644398964,0.027652600775105965,4.404499666038619e-05,-0.0021786608933959672,TabArena_IID,0.5164146241145119,0.0782684335208765,DAUC < 0.55,source::diabetes,
tabicl,pca_var90,same_hyperparameters,joint_pca_var90,pca_train_only_var90,gas_sensor_drift,0.0287446612060388,0.0314293654534744,0.0288742035260366,False,1,0.4486437864199122,-8.849289730654363,9.297933517074275,8.542024977913817,0.0026847042474355994,0.0001295423199978024,real_shift,0.9997012367140782,0.2156844866039522,DAUC >= 0.95,source::gas_sensor_drift,
tabicl,pca_var90,same_hyperparameters,joint_pca_var90,pca_train_only_var90,hazelnut-spread-contaminant-detection,0.006052083333333266,0.005662499999999934,0.006410416666666634,True,3,,,,,-0.00038958333333333206,0.0003583333333333676,TabArena_IID,0.5092881944444444,0.0430034722222222,DAUC < 0.55,source::hazelnut-spread-contaminant-detection,
tabicl,pca_var90,same_hyperparameters,joint_pca_var90,pca_train_only_var90,healthcare_insurance_expenses,4527.781112006984,4532.520620680486,4467.922310030383,False,3,-1.3397458107590328,-1.4458243937026578,0.10607858294362517,0.10456673163002074,4.739508673502314,-59.85880197660026,TabArena_IID,0.5250682484635931,0.0656832659134235,DAUC < 0.55,source::healthcare_insurance_expenses,
tabicl,pca_var90,same_hyperparameters,joint_pca_var90,pca_train_only_var90,heloc,0.19872096736043154,0.19858724324823052,0.19857754625701407,False,3,-0.07222422983908125,-0.004883226426765874,-0.06734100341231537,-0.06733771515921354,-0.00013372411220102798,-0.00014342110341747372,TabArena_IID,0.5007809088419239,0.0177986239441687,DAUC < 0.55,source::heloc,
tabicl,pca_var90,same_hyperparameters,joint_pca_var90,pca_train_only_var90,houses,0.20042504296818084,0.20058618623529434,0.19718856609087268,False,3,-1.6413106203209855,-1.7230310112686222,0.08172039094763688,0.0803361737604772,0.00016114326711350047,-0.0032364768773081587,TabArena_IID,0.4876979973585736,0.0143910489341085,DAUC < 0.55,source::houses,
tabicl,pca_var90,same_hyperparameters,joint_pca_var90,pca_train_only_var90,in_vehicle_coupon_recommendation,0.16077773153895025,0.1601519532280632,0.1611430978312823,False,3,0.2267340626122217,0.6150710868527839,-0.38833702424056216,-0.3907403551900018,-0.0006257783108870596,0.0003653662923320533,TabArena_IID,0.4999967486682508,0.0148968616209672,DAUC < 0.55,source::in_vehicle_coupon_recommendation,
tabicl,pca_var90,same_hyperparameters,joint_pca_var90,pca_train_only_var90,jm1,0.22142890714537625,0.22202645389520156,0.2182229375414122,False,3,-1.469125858208948,-1.7429498459883814,0.2738239877794335,0.269133132265115,0.0005975467498253173,-0.0032059696039640484,TabArena_IID,0.5013936268693818,0.0156089518163831,DAUC < 0.55,source::jm1,
tabicl,pca_var90,same_hyperparameters,joint_pca_var90,pca_train_only_var90,maternal_health_risk,0.04009314375368946,0.039818060040352404,0.03807453430735837,False,3,-5.30173115194471,-4.579243751005192,-0.7224874009395176,-0.6908516212449406,-0.00027508371333705844,-0.0020186094463310947,TabArena_IID,0.4809925428071595,0.03878222065645,DAUC < 0.55,source::maternal_health_risk,
tabicl,pca_var90,same_hyperparameters,joint_pca_var90,pca_train_only_var90,miami_housing,79070.1101075925,78970.77936790968,77774.50022663208,False,3,-1.665854331670477,-1.538137998690682,-0.12771633297979493,-0.1257816378132144,-99.33073968281678,-1295.6098809604155,TabArena_IID,0.5000548768378967,0.0174142973418732,DAUC < 0.55,source::miami_housing,
tabicl,pca_var90,same_hyperparameters,joint_pca_var90,pca_train_only_var90,online_shoppers_intention,0.06448841589332677,0.0653021124882173,0.0622801880154342,False,3,-3.545634572177791,-4.8521441072628155,1.3065095350850242,1.246049421505846,0.0008136965948905284,-0.0022082278778925643,TabArena_IID,0.5085433381403395,0.0162298164122981,DAUC < 0.55,source::online_shoppers_intention,
tabicl,pca_var90,same_hyperparameters,joint_pca_var90,pca_train_only_var90,polish_companies_bankruptcy,0.0189812344093683,0.0204509158499733,0.015463455954419067,True,3,,,,,0.0014696814406050009,-0.003517778454949232,TabArena_IID,0.4797271737327021,0.028469599510753,DAUC < 0.55,source::polish_companies_bankruptcy,
tabicl,pca_var90,same_hyperparameters,joint_pca_var90,pca_train_only_var90,qsar-biodeg,0.05974259930203254,0.060958347112759464,0.056617394902967334,False,3,-5.519866119628565,-7.667170517526973,2.147304397898407,1.9943910363548105,0.0012157478107269262,-0.003125204399065204,TabArena_IID,0.5242964850267431,0.0520357221163414,DAUC < 0.55,source::qsar-biodeg,
tabicl,pca_var90,same_hyperparameters,joint_pca_var90,pca_train_only_var90,seismic-bumps,0.21803566488091716,0.21677365983792332,0.2124974000362504,False,3,-2.6062741679295764,-2.0123821754729376,-0.5938919924566385,-0.582176378780251,-0.0012620050429938412,-0.005538264844666768,TabArena_IID,0.5032746248400783,0.0270932551506253,DAUC < 0.55,source::seismic-bumps,
tabicl,pca_var90,same_hyperparameters,joint_pca_var90,pca_train_only_var90,splice,0.004302219973416,0.004302219973416,0.004302219973416,True,3,,,,,0.0,0.0,TabArena_IID,0.4935215615848055,0.0,DAUC < 0.55,source::splice,
tabicl,pca_var90,same_hyperparameters,joint_pca_var90,pca_train_only_var90,students_dropout_and_academic_success,0.09862388704426121,0.09937483631077688,0.10118363324800446,False,3,2.5298026188377944,1.7876378611490982,0.7421647576886963,0.755673462613023,0.0007509492665156714,0.002559746203743246,TabArena_IID,0.4990070724969652,0.0241838594407484,DAUC < 0.55,source::students_dropout_and_academic_success,
tabicl,pca_var90,same_hyperparameters,joint_pca_var90,pca_train_only_var90,superconductivity,8.85413186271041,8.850649613552,8.88381474657605,False,3,0.33412317469901953,0.37332085337363763,-0.03919767867461813,-0.03934456012222252,-0.0034822491584112214,0.029682883865639553,TabArena_IID,0.4966916245247805,0.0148733486354602,DAUC < 0.55,source::superconductivity,
tabicl,pca_var90,same_hyperparameters,joint_pca_var90,pca_train_only_var90,synthetic_large_test,0.2430444188626479,0.2430548018965821,0.2439421588506672,False,1,0.3680134636214525,0.36375711286063644,0.004256350760816057,0.004271890064780282,1.0383033934191488e-05,0.000897739988019286,synthetic,0.64072835,0.0878719999999999,0.55 <= DAUC < 0.75,source::synthetic_generator,
tabicl,pca_var90,same_hyperparameters,joint_pca_var90,pca_train_only_var90,synthetic_shift_0.0,0.2435943081221244,0.243302719043045,0.2424619681395514,False,1,-0.46701756620290885,-0.34675578604959273,-0.12026178015331612,-0.11984620649792363,-0.0002915890790793907,-0.0011323399825730052,synthetic,0.49784605,0.011,DAUC < 0.55,source::synthetic_generator,
tabicl,pca_var90,same_hyperparameters,joint_pca_var90,pca_train_only_var90,synthetic_shift_0.5,0.2411836220561594,0.2412495349702381,0.2403807785002588,False,1,-0.33398825018770645,-0.36140846011045286,0.027420209922746363,0.027321467826594698,6.591291407870292e-05,-0.0008028435559006009,synthetic,0.5719888750000001,0.04362,0.55 <= DAUC < 0.75,source::synthetic_generator,
tabicl,pca_var90,same_hyperparameters,joint_pca_var90,pca_train_only_var90,synthetic_shift_1.0,0.2439225425331286,0.2437415718283253,0.2428629465239087,False,1,-0.4362938127803644,-0.361778244475882,-0.07451556830448233,-0.07424695895978091,-0.00018097070480330157,-0.0010595960092198986,synthetic,0.643362075,0.08208,0.55 <= DAUC < 0.75,source::synthetic_generator,
tabicl,pca_var90,same_hyperparameters,joint_pca_var90,pca_train_only_var90,synthetic_shift_3.0,0.2512954066496163,0.2511638465473145,0.2502299744245524,False,1,-0.4257812148660595,-0.3732055381892928,-0.05257567667676671,-0.05238019090340109,-0.0001315601023018087,-0.0010654322250638892,synthetic,0.8405509999999999,0.20872,0.75 <= DAUC < 0.95,source::synthetic_generator,
tabicl,pca_var90,same_hyperparameters,joint_pca_var90,pca_train_only_var90,synthetic_shift_5.0,0.2622038395185391,0.2623036635346573,0.2588713740054131,False,1,-1.2873055299873788,-1.3258667716471466,0.03856124165976772,0.038056661036683946,9.982401611818847e-05,-0.003332465513125993,synthetic,0.93479215,0.30666,0.75 <= DAUC < 0.95,source::synthetic_generator,
tabicl,pca_var90,same_hyperparameters,joint_pca_var90,pca_train_only_var90,synthetic_small_test,0.2531450746027138,0.2526440523310618,0.2524662624669624,False,1,-0.2688724145231928,-0.07042123662865742,-0.19845117789453542,-0.1983115244666289,-0.0005010222716519963,-0.0006788121357513832,synthetic,0.6399588,0.0856239999999999,0.55 <= DAUC < 0.75,source::synthetic_generator,
tabicl,pca_var90,same_hyperparameters,joint_pca_var90,pca_train_only_var90,tabred_delivery_eta__gap_far,0.5658677533888397,0.5672333827520614,0.5606875625200399,False,1,-0.923899728668331,-1.1674630702705269,0.24356334160219575,0.24075264339980298,0.0013656293632217098,-0.005180190868799728,TabReD_gap,0.999999625,0.2379337040655923,DAUC >= 0.95,source::tabred_delivery_eta,tabred_delivery_eta
tabicl,pca_var90,same_hyperparameters,joint_pca_var90,pca_train_only_var90,tabred_delivery_eta__gap_maxdiff,0.5511515840057227,0.5476046735173313,0.5485074338313581,False,1,-0.48206277823712224,0.16458488223595635,-0.6466476604730786,-0.6477136993023015,-0.003546910488391397,-0.00264415017436459,TabReD_gap,1.0,0.2496496029927623,DAUC >= 0.95,source::tabred_delivery_eta,tabred_delivery_eta
tabicl,pca_var90,same_hyperparameters,joint_pca_var90,pca_train_only_var90,tabred_delivery_eta__gap_near,0.5624301920065355,0.5612492165421963,0.5606876688263737,False,1,-0.31078321800964787,-0.10015339145910691,-0.21062982655054094,-0.21041908470093573,-0.0011809754643392623,-0.0017425231801618812,TabReD_gap,0.946211,0.1571228260314691,0.75 <= DAUC < 0.95,source::tabred_delivery_eta,tabred_delivery_eta
tabicl,pca_var90,same_hyperparameters,joint_pca_var90,pca_train_only_var90,tabred_homesite__gap_far,0.167452171924751,0.161208679941597,0.1243992417270374,False,1,-34.60867574432837,-29.589760920993857,-5.018914823334519,-3.872925443850744,-0.00624349198315402,-0.04305293019771361,TabReD_gap,1.0,0.0830990647492541,DAUC >= 0.95,source::tabred_homesite,tabred_homesite
tabicl,pca_var90,same_hyperparameters,joint_pca_var90,pca_train_only_var90,tabred_homesite__gap_near,0.0608747588355104,0.0561186004444503,0.0610258384034495,False,1,0.247566558512966,8.041246277612498,-7.793679719099532,-8.475190673666283,-0.004756158391060097,0.00015107956793910388,TabReD_gap,1.0,0.0437974647176086,DAUC >= 0.95,source::tabred_homesite,tabred_homesite
tabicl,pca_var90,same_hyperparameters,joint_pca_var90,pca_train_only_var90,tabred_weather__gap_far,1.654506845671624,1.6641160839927658,1.645231120677258,False,1,-0.5637946473166442,-1.1478608128767784,0.5840661655601344,0.5774379812546455,0.009609238321141689,-0.00927572499436602,TabReD_gap,1.0,0.1012016963019497,DAUC >= 0.95,source::tabred_weather,tabred_weather
tabicl,pca_var90,same_hyperparameters,joint_pca_var90,pca_train_only_var90,tabred_weather__gap_maxdiff,1.845778949128696,1.8157487889437736,1.796107849888755,False,1,-2.765485337810723,-1.0935278221870144,-1.6719575156237085,-1.653871965537208,-0.03003016018492244,-0.04967109923994095,TabReD_gap,1.0,0.2280292319342118,DAUC >= 0.95,source::tabred_weather,tabred_weather
tabicl,pca_var90,same_hyperparameters,joint_pca_var90,pca_train_only_var90,tabred_weather__gap_near,1.7554513629074344,1.748247427064717,1.7294869490145115,False,1,-1.5012783940184022,-1.084742389116931,-0.4165360049014712,-0.4120661487151563,-0.0072039358427173905,-0.025964413892922922,TabReD_gap,1.0,0.0948655339805825,DAUC >= 0.95,source::tabred_weather,tabred_weather
tabicl,pca_var90,same_hyperparameters,joint_pca_var90,pca_train_only_var90,taiwanese_bankruptcy_prediction,0.06150932427128953,0.06041225316692997,0.058424639090695264,False,3,-5.279767626473081,-3.4020134435905365,-1.8777541828825448,-1.8159744867124143,-0.0010970711043595607,-0.0030846851805942654,TabArena_IID,0.4813707690648705,0.0246058424438091,DAUC < 0.55,source::taiwanese_bankruptcy_prediction,
tabicl,pca_var90,same_hyperparameters,joint_pca_var90,pca_train_only_var90,website_phishing,0.0200714767488947,0.0200714767488947,0.0200714767488947,True,3,,,,,0.0,0.0,TabArena_IID,0.4974870109756609,0.0,DAUC < 0.55,source::website_phishing,
tabicl,pca_var90,same_hyperparameters,joint_pca_var90,pca_train_only_var90,wine_quality,0.0987740305648363,0.10028203949271115,0.09874133671770506,False,3,-0.03311059807171742,-1.5603422297298437,1.5272316316581263,1.503767709056674,0.0015080089278748515,-3.269384713124046e-05,TabArena_IID,0.4933509159780399,0.021301046461716,DAUC < 0.55,source::wine_quality,
tabpfn,pca_var90,same_hyperparameters,joint_pca_var90,pca_train_only_var90,Another-Dataset-on-used-Fiat-500,728.2369370771021,728.4709796562729,723.6962113966459,False,3,-0.6274353256172364,-0.659775218445906,0.03233989282866974,0.03212792076923241,0.2340425791708185,-4.540725680456148,TabArena_IID,0.5250604059451488,0.0313157709499172,DAUC < 0.55,source::Another-Dataset-on-used-Fiat-500,
tabpfn,pca_var90,same_hyperparameters,joint_pca_var90,pca_train_only_var90,Bank_Customer_Churn,0.1274929866035627,0.127592849558586,0.12787327021734088,False,3,0.2973910130958753,0.219295759214,0.0780952538818753,0.07826688985218984,9.986295502328879e-05,0.0003802836137781762,TabArena_IID,0.4985240625,0.0158125,DAUC < 0.55,source::Bank_Customer_Churn,
tabpfn,pca_var90,same_hyperparameters,joint_pca_var90,pca_train_only_var90,E-CommereShippingData,0.253814068778767,0.25417504775031424,0.25506745139171844,False,3,0.49139261246883337,0.3498696664490091,0.14152294601982432,0.14201983032647902,0.00036097897154724334,0.001253382612951437,TabArena_IID,0.500688337854552,0.0144240392331084,DAUC < 0.55,source::E-CommereShippingData,
tabpfn,pca_var90,same_hyperparameters,joint_pca_var90,pca_train_only_var90,Fitness_Club,0.17830539825609829,0.17816323368548415,0.17749400775030552,False,3,-0.45713684426699597,-0.3770414244744961,-0.08009541979249986,-0.07979456124213932,-0.00014216457061413945,-0.000811390505792764,TabArena_IID,0.5044166666666666,0.0338611518035256,DAUC < 0.55,source::Fitness_Club,
tabpfn,pca_var90,same_hyperparameters,joint_pca_var90,pca_train_only_var90,Is-this-a-good-customer,0.2568485978112697,0.2594063653002749,0.26227783349590816,False,3,2.07003222966732,1.0948192446763039,0.9752129849910164,0.986007990222013,0.0025577674890052138,0.005429235684638489,TabArena_IID,0.5089344102652231,0.0467264045771018,DAUC < 0.55,source::Is-this-a-good-customer,
tabpfn,pca_var90,same_hyperparameters,joint_pca_var90,pca_train_only_var90,MIC,0.13052888230116225,0.13712026751001877,0.13100575673892498,False,3,0.36401029209202684,-4.6673603689638625,5.03137066105589,4.807010173295438,0.006591385208856521,0.000476874437762731,TabArena_IID,0.5315440298650391,0.1023684174323937,DAUC < 0.55,source::MIC,
tabpfn,pca_var90,same_hyperparameters,joint_pca_var90,pca_train_only_var90,Marketing_Campaign,0.08029023847902914,0.07900136856086937,0.07925134966343557,False,3,-1.31087838882936,0.31542819602167155,-1.6263065848510316,-1.6314526465028432,-0.0012888699181597685,-0.0010388888155935666,TabArena_IID,0.4893010633270867,0.0318521792685864,DAUC < 0.55,source::Marketing_Campaign,
tabpfn,pca_var90,same_hyperparameters,joint_pca_var90,pca_train_only_var90,NATICUSdroid,0.0150456938233939,0.0150456938233939,0.0150456938233939,True,3,,,,,0.0,0.0,TabArena_IID,0.4909448935914827,0.0,DAUC < 0.55,source::NATICUSdroid,
tabpfn,pca_var90,same_hyperparameters,joint_pca_var90,pca_train_only_var90,QSAR_fish_toxicity,0.8645043974468152,0.8624494045648472,0.8558717334200979,False,3,-1.008639926945686,-0.7685346866714053,-0.2401052402742806,-0.23827402176766907,-0.0020549928819679764,-0.008632664026717252,TabArena_IID,0.4678368023195609,0.045171150688392,DAUC < 0.55,source::QSAR_fish_toxicity,
tabpfn,pca_var90,same_hyperparameters,joint_pca_var90,pca_train_only_var90,airfoil_self_noise,1.1555426566203792,1.1566172873612481,1.3448544874649973,False,3,14.076751991322425,13.996845150033261,0.07990684128916636,0.0929115233372131,0.001074630740868887,0.189311830844618,TabArena_IID,0.5474124587140708,0.0529488504762273,DAUC < 0.55,source::airfoil_self_noise,
tabpfn,pca_var90,same_hyperparameters,joint_pca_var90,pca_train_only_var90,anneal,0.00016182782995646667,0.00031147242404553336,0.00031553350266796666,True,3,,,,,0.0001496445940890667,0.0001537056727115,TabArena_IID,0.43732935660019,0.0336531517590013,DAUC < 0.55,source::anneal,
tabpfn,pca_var90,same_hyperparameters,joint_pca_var90,pca_train_only_var90,bike_sharing,124.59782828833428,124.6210315136078,124.84424498341258,False,1,0.19737929859004352,0.17879355979479317,0.018585738795250332,0.018619028418959793,0.02320322527351948,0.24641669507829533,real_shift,0.724417889739124,0.0462872471556019,0.55 <= DAUC < 0.75,source::bike_sharing,
tabpfn,pca_var90,same_hyperparameters,joint_pca_var90,pca_train_only_var90,blood-transfusion-service-center,0.24921944692239073,0.2513212409554961,0.25116612151848544,False,3,0.7750546070169095,-0.06175969755507599,0.8368143045719855,0.8362978095741328,0.002101794033105342,0.0019466745960947107,TabArena_IID,0.5146430905695611,0.0393868450390189,DAUC < 0.55,source::blood-transfusion-service-center,
tabpfn,pca_var90,same_hyperparameters,joint_pca_var90,pca_train_only_var90,churn,0.07033942826105337,0.07224347260936606,0.07264049721075806,False,3,3.1677494483943383,0.5465609634252367,2.6211884849691014,2.6355936108002656,0.0019040443483126918,0.0023010689497046932,TabArena_IID,0.4777912499999999,0.0261333333333333,DAUC < 0.55,source::churn,
tabpfn,pca_var90,same_hyperparameters,joint_pca_var90,pca_train_only_var90,coil2000_insurance_policies,0.24203956439899765,0.24390306202111137,0.2412882176093861,False,3,-0.3113897549808621,-1.0837016567291982,0.7723119017483361,0.7640320735097683,0.0018634976221137134,-0.0007513467896115567,TabArena_IID,0.4998567392475893,0.009434077843747,DAUC < 0.55,source::coil2000_insurance_policies,
tabpfn,pca_var90,same_hyperparameters,joint_pca_var90,pca_train_only_var90,concrete_compressive_strength,4.089756470467951,4.098549951248966,4.1195335588295805,False,3,0.7228266971586316,0.5093685311930366,0.213458165965595,0.2145510213517139,0.008793480781014829,0.02977708836162929,TabArena_IID,0.5128188681237462,0.0502123786407767,DAUC < 0.55,source::concrete_compressive_strength,
tabpfn,pca_var90,same_hyperparameters,joint_pca_var90,pca_train_only_var90,credit-g,0.2303522125625129,0.22890851399435075,0.22838866268050817,False,3,-0.8597405225632977,-0.22761695249724204,-0.6321235700660556,-0.6306880172214908,-0.0014436985681621495,-0.001963549882004728,TabArena_IID,0.4666875,0.0366071428571428,DAUC < 0.55,source::credit-g,
tabpfn,pca_var90,same_hyperparameters,joint_pca_var90,pca_train_only_var90,diabetes,0.15630395797307817,0.15409015235176501,0.1525099118130329,False,3,-2.4877374296147576,-1.0361559586169033,-1.451581470997854,-1.4366950694288123,-0.002213805621313153,-0.003794046160045278,TabArena_IID,0.5164146241145119,0.0782684335208765,DAUC < 0.55,source::diabetes,
tabpfn,pca_var90,same_hyperparameters,joint_pca_var90,pca_train_only_var90,gas_sensor_drift,0.0550323119881328,0.0488421298705311,0.0456067237637936,False,1,-20.667102230706632,-7.094142792396833,-13.572959438309798,-12.673857864123464,-0.006190182117601702,-0.009425588224339199,real_shift,0.9997012367140782,0.2156844866039522,DAUC >= 0.95,source::gas_sensor_drift,
tabpfn,pca_var90,same_hyperparameters,joint_pca_var90,pca_train_only_var90,hazelnut-spread-contaminant-detection,0.012869791666666635,0.013413541666666634,0.0124041666666666,True,3,,,,,0.0005437499999999991,-0.00046562500000003545,TabArena_IID,0.5092881944444444,0.0430034722222222,DAUC < 0.55,source::hazelnut-spread-contaminant-detection,
tabpfn,pca_var90,same_hyperparameters,joint_pca_var90,pca_train_only_var90,healthcare_insurance_expenses,4812.798243691679,4824.171367573915,5305.039761741123,False,3,9.278752660807372,9.064369274574224,0.21438338623314962,0.2357528996312417,11.373123882235632,492.2415180494436,TabArena_IID,0.5250682484635931,0.0656832659134235,DAUC < 0.55,source::healthcare_insurance_expenses,
tabpfn,pca_var90,same_hyperparameters,joint_pca_var90,pca_train_only_var90,heloc,0.19825175889292987,0.19821631093031558,0.19813142890480717,False,3,-0.06073240817362198,-0.0428412725722536,-0.01789113560136838,-0.017883474093486604,-3.544796261428784e-05,-0.00012032998812269713,TabArena_IID,0.5007809088419239,0.0177986239441687,DAUC < 0.55,source::heloc,
tabpfn,pca_var90,same_hyperparameters,joint_pca_var90,pca_train_only_var90,jm1,0.2613948072631294,0.26166820405802294,0.2637242968115845,False,3,0.8833048667182002,0.7796372114437804,0.10366765527441985,0.10448223767871222,0.0002733967948935212,0.002329489548455077,TabArena_IID,0.5013936268693818,0.0156089518163831,DAUC < 0.55,source::jm1,
tabpfn,pca_var90,same_hyperparameters,joint_pca_var90,pca_train_only_var90,maternal_health_risk,0.04749347680368703,0.047373826815900195,0.046240223808542334,False,3,-2.7103091030307156,-2.45155173134876,-0.25875737168195534,-0.252565595453816,-0.00011964998778683789,-0.0012532529951446991,TabArena_IID,0.4809925428071595,0.03878222065645,DAUC < 0.55,source::maternal_health_risk,
tabpfn,pca_var90,same_hyperparameters,joint_pca_var90,pca_train_only_var90,online_shoppers_intention,0.06695349339628674,0.06688673512369216,0.06716734616781866,False,3,0.3183880021068685,0.41777896572747864,-0.09939096362061008,-0.09980794020089528,-6.675827259458589e-05,0.00021385277153192217,TabArena_IID,0.5085433381403395,0.0162298164122981,DAUC < 0.55,source::online_shoppers_intention,
tabpfn,pca_var90,same_hyperparameters,joint_pca_var90,pca_train_only_var90,polish_companies_bankruptcy,0.035203389778623334,0.0387339721519761,0.03608486251999544,False,3,2.442777053352108,-7.3413322013149624,9.784109254667072,9.114950461316534,0.0035305823733527628,0.0008814727413721038,TabArena_IID,0.4797271737327021,0.028469599510753,DAUC < 0.55,source::polish_companies_bankruptcy,
tabpfn,pca_var90,same_hyperparameters,joint_pca_var90,pca_train_only_var90,qsar-biodeg,0.06109980909509363,0.06177894886768254,0.06174120190012424,False,3,1.0388408150333053,-0.06113740321958267,1.0999782182528879,1.099306131030942,0.0006791397725889048,0.0006413928050306092,TabArena_IID,0.5242964850267431,0.0520357221163414,DAUC < 0.55,source::qsar-biodeg,
tabpfn,pca_var90,same_hyperparameters,joint_pca_var90,pca_train_only_var90,seismic-bumps,0.22351093038055414,0.22388187489210656,0.22500151538162685,False,3,0.6624777608917526,0.49761464389306864,0.164863116998684,0.16568760277319883,0.00037094451155242347,0.001490585001072714,TabArena_IID,0.5032746248400783,0.0270932551506253,DAUC < 0.55,source::seismic-bumps,
tabpfn,pca_var90,same_hyperparameters,joint_pca_var90,pca_train_only_var90,splice,0.0047421837540313,0.0047421837540313,0.0047421837540313,True,3,,,,,0.0,0.0,TabArena_IID,0.4935215615848055,0.0,DAUC < 0.55,source::splice,
tabpfn,pca_var90,same_hyperparameters,joint_pca_var90,pca_train_only_var90,students_dropout_and_academic_success,0.09974047980041717,0.099619932109271,0.09889409217793484,False,3,-0.8558525629210223,-0.7339568171880299,-0.12189574573299253,-0.12100760218742217,-0.0001205476911461667,-0.0008463876224823336,TabArena_IID,0.4990070724969652,0.0241838594407484,DAUC < 0.55,source::students_dropout_and_academic_success,
tabpfn,pca_var90,same_hyperparameters,joint_pca_var90,pca_train_only_var90,synthetic_large_test,0.2439153482936673,0.2438842648667168,0.2439493342287154,False,1,0.01393155474498858,0.026673309933116163,-0.012741755188127585,-0.012745154742753574,-3.1083426950490045e-05,3.398593504810865e-05,synthetic,0.64072835,0.0878719999999999,0.55 <= DAUC < 0.75,source::synthetic_generator,
tabpfn,pca_var90,same_hyperparameters,joint_pca_var90,pca_train_only_var90,synthetic_shift_0.0,0.2427082841234472,0.2426043282391259,0.2422123920007034,False,1,-0.20473441455561242,-0.16181510581892414,-0.04291930873668827,-0.04284997101075384,-0.00010395588432129954,-0.0004958921227437851,synthetic,0.49784605,0.011,DAUC < 0.55,source::synthetic_generator,
tabpfn,pca_var90,same_hyperparameters,joint_pca_var90,pca_train_only_var90,synthetic_shift_0.5,0.2412032139622153,0.2409662509704969,0.2407155594914597,False,1,-0.20258535500814046,-0.10414427699098959,-0.09844107801715087,-0.09833866392660191,-0.00023696299171840907,-0.0004876544707556052,synthetic,0.5719888750000001,0.04362,0.55 <= DAUC < 0.75,source::synthetic_generator,
tabpfn,pca_var90,same_hyperparameters,joint_pca_var90,pca_train_only_var90,synthetic_shift_1.0,0.2433765624389036,0.2436983794850405,0.2432389244424748,False,1,-0.05658551432270764,-0.18889042681750473,0.1323049124947971,0.13205547234944034,0.0003218170461369019,-0.0001376379964287966,synthetic,0.643362075,0.08208,0.55 <= DAUC < 0.75,source::synthetic_generator,
tabpfn,pca_var90,same_hyperparameters,joint_pca_var90,pca_train_only_var90,synthetic_shift_3.0,0.2516112122762148,0.25289747314578,0.2518339846547315,False,1,0.08846001417248142,-0.42229744826002774,0.5107574624325092,0.5086096169983202,0.0012862608695651812,0.00022277237851670018,synthetic,0.8405509999999999,0.20872,0.75 <= DAUC < 0.95,source::synthetic_generator,
tabpfn,pca_var90,same_hyperparameters,joint_pca_var90,pca_train_only_var90,synthetic_shift_5.0,0.2600638299047252,0.2650942913817014,0.2605052599197843,False,1,0.1694514787129489,-1.7615887922302038,1.9310402709431527,1.8976121480235706,0.005030461476976167,0.0004414300150590855,synthetic,0.93479215,0.30666,0.75 <= DAUC < 0.95,source::synthetic_generator,
tabpfn,pca_var90,same_hyperparameters,joint_pca_var90,pca_train_only_var90,tabred_delivery_eta__gap_far,0.5523080428477716,0.5551704936585135,0.5502068249923597,False,1,-0.38189599982534184,-0.9021459641513255,0.5202499643259837,0.5155985131483912,0.002862450810741879,-0.002101217855411841,TabReD_gap,0.999999625,0.2379337040655923,DAUC >= 0.95,source::tabred_delivery_eta,tabred_delivery_eta
tabpfn,pca_var90,same_hyperparameters,joint_pca_var90,pca_train_only_var90,tabred_delivery_eta__gap_maxdiff,0.5478413626797415,0.5491299868139503,0.5487472365967985,False,1,0.16508036061830667,-0.06974982134316818,0.23483018196147484,0.23466650249523216,0.0012886241342088267,0.0009058739170569874,TabReD_gap,1.0,0.2496496029927623,DAUC >= 0.95,source::tabred_delivery_eta,tabred_delivery_eta
tabpfn,pca_var90,same_hyperparameters,joint_pca_var90,pca_train_only_var90,tabred_delivery_eta__gap_near,0.5638845675584215,0.5671233274869448,0.5658953500066907,False,1,0.35532761459258483,-0.21699727347815145,0.5723248880707363,0.571085647785816,0.0032387599285232938,0.0020107824482691328,TabReD_gap,0.946211,0.1571228260314691,0.75 <= DAUC < 0.95,source::tabred_delivery_eta,tabred_delivery_eta
tabpfn,pca_var90,same_hyperparameters,joint_pca_var90,pca_train_only_var90,tabred_homesite__gap_far,0.0828881639601182,0.0849718143028681,0.0816863083666887,False,1,-1.471306045603597,-4.022101135273247,2.5507950896696503,2.452166474077009,0.0020836503427499042,-0.0012018555934294878,TabReD_gap,1.0,0.0830990647492541,DAUC >= 0.95,source::tabred_homesite,tabred_homesite
tabpfn,pca_var90,same_hyperparameters,joint_pca_var90,pca_train_only_var90,tabred_homesite__gap_near,0.0502907807016329,0.0487024109532415,0.0496741211007164,False,1,-1.241410189555628,1.9561697840706977,-3.197579973626326,-3.2613780658956864,-0.0015883697483913967,-0.0006166596009164957,TabReD_gap,1.0,0.0437974647176086,DAUC >= 0.95,source::tabred_homesite,tabred_homesite
tabpfn,pca_var90,same_hyperparameters,joint_pca_var90,pca_train_only_var90,tabred_sberbank__gap_far,0.3686513130224105,0.3589906295546974,0.3928951293056008,False,1,6.170556587463575,8.629401899388743,-2.4588453119251685,-2.691068421394868,-0.009660683467713094,0.024243816283190278,TabReD_gap,1.0,0.235749592588427,DAUC >= 0.95,source::tabred_sberbank,tabred_sberbank
tabpfn,pca_var90,same_hyperparameters,joint_pca_var90,pca_train_only_var90,tabred_sberbank__gap_near,0.2429122540207834,0.2436142167283135,0.2477424059564321,False,1,1.9496670006902779,1.66632321672237,0.28334378396790794,0.2881452145762668,0.0007019627075300905,0.004830151935648702,TabReD_gap,1.0,0.2265311490062835,DAUC >= 0.95,source::tabred_sberbank,tabred_sberbank
tabpfn,pca_var90,same_hyperparameters,joint_pca_var90,pca_train_only_var90,tabred_weather__gap_far,1.6131069283136386,1.61511864760754,1.6156473980942971,False,1,0.15724159761932838,0.03272684914918455,0.12451474847014381,0.12455551156452052,0.002011719293901537,0.002540469780658583,TabReD_gap,1.0,0.1012016963019497,DAUC >= 0.95,source::tabred_weather,tabred_weather
tabpfn,pca_var90,same_hyperparameters,joint_pca_var90,pca_train_only_var90,tabred_weather__gap_maxdiff,1.7605832113304258,1.7711656445625057,1.7468705124362365,False,1,-0.784986568641841,-1.3907803671370305,0.6057937984951894,0.5974841068404879,0.010582433232079858,-0.013712698894189357,TabReD_gap,1.0,0.2280292319342118,DAUC >= 0.95,source::tabred_weather,tabred_weather
tabpfn,pca_var90,same_hyperparameters,joint_pca_var90,pca_train_only_var90,tabred_weather__gap_near,1.6791930424564736,1.6786840235853349,1.6838261915156958,False,1,0.27515601566047965,0.30538590955947825,-0.030229893898998637,-0.03032249452470403,-0.0005090188711387444,0.004633149059222186,TabReD_gap,1.0,0.0948655339805825,DAUC >= 0.95,source::tabred_weather,tabred_weather
tabpfn,pca_var90,same_hyperparameters,joint_pca_var90,pca_train_only_var90,taiwanese_bankruptcy_prediction,0.05904192275078474,0.058685475599265735,0.05860884184002716,False,3,-0.7389344289376512,-0.13075460430995411,-0.608179824627697,-0.6073856399375612,-0.0003564471515190015,-0.0004330809107575759,TabArena_IID,0.4813707690648705,0.0246058424438091,DAUC < 0.55,source::taiwanese_bankruptcy_prediction,
tabpfn,pca_var90,same_hyperparameters,joint_pca_var90,pca_train_only_var90,tschalzev_mbgm,7.958991182417001,7.951331135744098,7.946489378341723,False,1,-0.1573248698897358,-0.06092951455483777,-0.09639535533489801,-0.09633665787691525,-0.007660046672902432,-0.01250180407527779,tschalzev_IID,0.5283598093648937,0.0054825547828749,DAUC < 0.55,source::tschalzev_mbgm,
tabpfn,pca_var90,same_hyperparameters,joint_pca_var90,pca_train_only_var90,website_phishing,0.019962495978092933,0.019962495978092933,0.019962495978092933,True,3,,,,,0.0,0.0,TabArena_IID,0.4974870109756609,0.0,DAUC < 0.55,source::website_phishing,
tabpfn,pca_var90,same_hyperparameters,joint_pca_var90,pca_train_only_var90,wine_quality,0.11355146018913172,0.11311193362231993,0.10840946031599134,False,3,-4.7431283747308575,-4.337696445145877,-0.4054319295849807,-0.388576653882838,-0.0004395265668117876,-0.005141999873140374,TabArena_IID,0.4933509159780399,0.021301046461716,DAUC < 0.55,source::wine_quality,
bag8,pca_var95,same_hyperparameters,joint_pca_var95,pca_train_only_var95,APSFailure,0.0074688557921866,0.007591147697463965,0.007795399190903867,True,3,,,,,0.0001222919052773653,0.000326543398717267,TabArena_IID,0.5018079,0.0059871498851508,DAUC < 0.55,source::APSFailure,
bag8,pca_var95,same_hyperparameters,joint_pca_var95,pca_train_only_var95,Amazon_employee_access,0.15525080906850117,0.15525080906850117,0.15525080906850117,False,3,0.0,0.0,0.0,0.0,0.0,0.0,TabArena_IID,0.4973770565852067,0.0,DAUC < 0.55,source::Amazon_employee_access,
bag8,pca_var95,same_hyperparameters,joint_pca_var95,pca_train_only_var95,Another-Dataset-on-used-Fiat-500,746.5428378101296,748.3963346418927,748.4780342430635,False,3,0.2585508651420729,0.010915430705103982,0.24763543443696898,0.247662467862031,1.8534968317630955,1.9351964329338216,TabArena_IID,0.5250604059451488,0.0313157709499172,DAUC < 0.55,source::Another-Dataset-on-used-Fiat-500,
bag8,pca_var95,same_hyperparameters,joint_pca_var95,pca_train_only_var95,Bank_Customer_Churn,0.13437326248505663,0.13410759433639913,0.1341471949045324,False,3,-0.16852203334189747,0.02952023570932338,-0.19804226905122085,-0.19810074885922602,-0.00026566814865749966,-0.00022606758052423626,TabArena_IID,0.4985240625,0.0158125,DAUC < 0.55,source::Bank_Customer_Churn,
bag8,pca_var95,same_hyperparameters,joint_pca_var95,pca_train_only_var95,Bioresponse,0.13948893175599375,0.1364235923495526,0.12509248702085657,False,3,-11.508640589052222,-9.058182148706338,-2.4504584403458836,-2.246927641801841,-0.0030653394064411588,-0.014396444735137182,TabArena_IID,0.5301520014716704,0.0098021704294174,DAUC < 0.55,source::Bioresponse,
bag8,pca_var95,same_hyperparameters,joint_pca_var95,pca_train_only_var95,Diabetes130US,0.35286485313658805,0.352837045758918,0.3529402335997825,False,3,0.02135785496190239,0.029236633016315124,-0.007878778054412734,-0.007881082217498378,-2.7807377670052702e-05,7.538046319444103e-05,TabArena_IID,0.5012846750000001,0.0039252033937267,DAUC < 0.55,source::diabetes_130_us,
bag8,pca_var95,same_hyperparameters,joint_pca_var95,pca_train_only_var95,E-CommereShippingData,0.25845357908797456,0.2614565624199597,0.25874591438248,False,3,0.11298160792340876,-1.0476099860161538,1.1605915939395626,1.148559173344303,0.0030029833319851207,0.0002923352945054525,TabArena_IID,0.500688337854552,0.0144240392331084,DAUC < 0.55,source::E-CommereShippingData,
bag8,pca_var95,same_hyperparameters,joint_pca_var95,pca_train_only_var95,Fitness_Club,0.1980364555064348,0.1983876119968098,0.19806031347407185,False,3,0.012045809288373828,-0.16525194623646128,0.17729775552483512,0.17700525090277755,0.000351156490374982,2.3857967637042066e-05,TabArena_IID,0.5044166666666666,0.0338611518035256,DAUC < 0.55,source::Fitness_Club,
bag8,pca_var95,same_hyperparameters,joint_pca_var95,pca_train_only_var95,Food_Delivery_Time,7.617841703843779,7.624998278552046,7.61254331638673,False,3,-0.06960075282125582,-0.16361105149320823,0.09401029867195242,0.09385673867490917,0.007156574708266916,-0.005298387457049358,TabArena_IID,0.4998231287092426,0.0079414057802949,DAUC < 0.55,source::Food_Delivery_Time,
bag8,pca_var95,same_hyperparameters,joint_pca_var95,pca_train_only_var95,GiveMeSomeCredit,0.13481998328201092,0.13462278926948187,0.13467859812932512,False,3,-0.10497967357073114,0.041438551201470206,-0.14641822477220134,-0.14647892351592184,-0.000197194012529045,-0.00014138515268580232,TabArena_IID,0.5044638750000001,0.0040447365644625,DAUC < 0.55,source::GiveMeSomeCredit,
bag8,pca_var95,same_hyperparameters,joint_pca_var95,pca_train_only_var95,HR_Analytics_Job_Change_of_Data_Scientists,0.19851807992732595,0.1979879957916372,0.19807157913220882,False,3,-0.2254239588906882,0.042198553138123075,-0.26762251202881127,-0.2677354925328974,-0.000530084135688752,-0.00044650079511712737,TabArena_IID,0.5006432616140332,0.0155574144065088,DAUC < 0.55,source::HR_Analytics_Job_Change_of_Data_Scientists,
bag8,pca_var95,same_hyperparameters,joint_pca_var95,pca_train_only_var95,Is-this-a-good-customer,0.2958428168644278,0.2912061525028125,0.2816658347110213,False,3,-5.033262968492992,-3.3871050784626475,-1.6461578900303444,-1.5922274724503027,-0.004636664361615306,-0.014176982153406514,TabArena_IID,0.5089344102652231,0.0467264045771018,DAUC < 0.55,source::Is-this-a-good-customer,
bag8,pca_var95,same_hyperparameters,joint_pca_var95,pca_train_only_var95,MIC,0.19623070220873876,0.18919065611931027,0.17328258022548715,False,3,-13.24317883158823,-9.180424179465959,-4.062754652122272,-3.721138365833874,-0.007040046089428487,-0.022948121983251607,TabArena_IID,0.5315440298650391,0.1023684174323937,DAUC < 0.55,source::MIC,
bag8,pca_var95,same_hyperparameters,joint_pca_var95,pca_train_only_var95,Marketing_Campaign,0.09122249331913564,0.09275943255478243,0.09077602790089785,False,3,-0.4918318509432916,-2.1849432055453066,1.6931113546020151,1.6569088375342311,0.0015369392356467948,-0.00044646541823778474,TabArena_IID,0.4893010633270867,0.0318521792685864,DAUC < 0.55,source::Marketing_Campaign,
bag8,pca_var95,same_hyperparameters,joint_pca_var95,pca_train_only_var95,NATICUSdroid,0.015374123980250199,0.015374123980250199,0.015374123980250199,True,3,,,,,0.0,0.0,TabArena_IID,0.4909448935914827,0.0,DAUC < 0.55,source::NATICUSdroid,
bag8,pca_var95,same_hyperparameters,joint_pca_var95,pca_train_only_var95,QSAR-TID-11,0.8515247290829642,0.8485755309717836,0.7712617761086863,False,3,-10.406706965206483,-10.024320828289339,-0.3823861369171431,-0.3475469187525531,-0.002949198111180551,-0.08026295297427788,TabArena_IID,0.5050515529554785,0.0053456712564641,DAUC < 0.55,source::QSAR-TID-11,
bag8,pca_var95,same_hyperparameters,joint_pca_var95,pca_train_only_var95,QSAR_fish_toxicity,0.8807099718990342,0.8923927050106221,0.8879213450978166,False,3,0.8121635140990973,-0.5035761261390636,1.315739640238161,1.3091470880467129,0.01168273311158785,0.0072113731987824,TabArena_IID,0.4678368023195609,0.045171150688392,DAUC < 0.55,source::QSAR_fish_toxicity,
bag8,pca_var95,same_hyperparameters,joint_pca_var95,pca_train_only_var95,SDSS17,0.006848398935811666,0.006874394673468,0.006966283496635968,True,3,,,,,2.5995737656333597e-05,0.00011788456082430145,TabArena_IID,0.503639075,0.0056937685466399,DAUC < 0.55,source::SDSS17,
bag8,pca_var95,same_hyperparameters,joint_pca_var95,pca_train_only_var95,airfoil_self_noise,1.562147756719935,1.5737443573814678,1.5191985317946408,False,3,-2.827097579837577,-3.59043432739443,0.763336747556853,0.7368795705058542,0.011596600661532674,-0.042949224925294294,TabArena_IID,0.5474124587140708,0.0529488504762273,DAUC < 0.55,source::airfoil_self_noise,
bag8,pca_var95,same_hyperparameters,joint_pca_var95,pca_train_only_var95,anneal,0.0040388264400104,0.004441910188009,0.005311829229791567,True,3,,,,,0.00040308374799859995,0.0012730027897811672,TabArena_IID,0.43732935660019,0.0336531517590013,DAUC < 0.55,source::anneal,
bag8,pca_var95,same_hyperparameters,joint_pca_var95,pca_train_only_var95,bank-marketing,0.2373857560126917,0.23733825013514176,0.23769053892853007,False,3,0.12822677638422816,0.14821321663721482,-0.01998644025298664,-0.020016106768674033,-4.750587754995261e-05,0.00030478291583835304,TabArena_IID,0.4965386712119099,0.0053437601561689,DAUC < 0.55,source::bank-marketing,
bag8,pca_var95,same_hyperparameters,joint_pca_var95,pca_train_only_var95,bike_sharing,124.88748617930791,124.7577896630004,124.5295491522315,False,1,-0.2874314004291914,-0.18328221078668283,-0.1041491896425086,-0.10395865192695286,-0.12969651630751855,-0.3579370270764173,real_shift,0.724417889739124,0.0462872471556019,0.55 <= DAUC < 0.75,source::bike_sharing,
bag8,pca_var95,same_hyperparameters,joint_pca_var95,pca_train_only_var95,blood-transfusion-service-center,0.29580161562097335,0.28957230647239557,0.2943193081573991,False,3,-0.5036392185257268,1.6128747090098745,-2.1165139275356015,-2.151210253654421,-0.006229309148577777,-0.0014823074635742506,TabArena_IID,0.5146430905695611,0.0393868450390189,DAUC < 0.55,source::blood-transfusion-service-center,
bag8,pca_var95,same_hyperparameters,joint_pca_var95,pca_train_only_var95,brfss_diabetes,0.1766442526437535,0.1764541322321773,0.1762096282165715,False,1,-0.2466519177078274,-0.13875746636573788,-0.10789445134208955,-0.10774494718324099,-0.00019012041157620563,-0.00043462442718200656,real_shift,0.6218414250000001,0.0278607379887395,0.55 <= DAUC < 0.75,source::brfss_diabetes,
bag8,pca_var95,same_hyperparameters,joint_pca_var95,pca_train_only_var95,churn,0.08281868293548754,0.0843368497379434,0.08373592096225208,False,3,1.0953937285505275,-0.7176475385781309,1.8130412671286584,1.8001227306606866,0.001518166802455867,0.0009172380267645358,TabArena_IID,0.4777912499999999,0.0261333333333333,DAUC < 0.55,source::churn,
bag8,pca_var95,same_hyperparameters,joint_pca_var95,pca_train_only_var95,coil2000_insurance_policies,0.24211306399267918,0.23892899737556983,0.2503404243359272,False,3,3.286468961244493,4.558363672438523,-1.2718947111940295,-1.3326413503942973,-0.003184066617109349,0.008227360343248002,TabArena_IID,0.4998567392475893,0.009434077843747,DAUC < 0.55,source::coil2000_insurance_policies,
bag8,pca_var95,same_hyperparameters,joint_pca_var95,pca_train_only_var95,concrete_compressive_strength,4.619781194594064,4.647241423994452,4.340134707907356,False,3,-6.4432674446075655,-7.075971986020943,0.6327045414133773,0.5908931104505674,0.02746022940038806,-0.27964648668670833,TabArena_IID,0.5128188681237462,0.0502123786407767,DAUC < 0.55,source::concrete_compressive_strength,
bag8,pca_var95,same_hyperparameters,joint_pca_var95,pca_train_only_var95,credit-g,0.2531643495591995,0.2525862954403727,0.23617982954892822,False,3,-7.191350778222431,-6.946599090522942,-0.24475168769948816,-0.22885411016419765,-0.0005780541188267763,-0.01698452001027126,TabArena_IID,0.4666875,0.0366071428571428,DAUC < 0.55,source::credit-g,
bag8,pca_var95,same_hyperparameters,joint_pca_var95,pca_train_only_var95,credit_card_clients_default,0.2161207347326206,0.21600056523490332,0.21600021694556126,False,3,-0.055795215747270754,-0.00016124490381841424,-0.05563397084345234,-0.05563388113665421,-0.00012016949771728735,-0.00012051778705934879,TabArena_IID,0.5084822083333334,0.0089083333333333,DAUC < 0.55,source::credit_card_clients_default,
bag8,pca_var95,same_hyperparameters,joint_pca_var95,pca_train_only_var95,customer_satisfaction_in_airline,0.005818699545698199,0.005815702705933699,0.0056408237053047336,True,3,,,,,-2.996839764500027e-06,-0.00017787584039346584,TabArena_IID,0.4966771,0.0063438979047851,DAUC < 0.55,source::customer_satisfaction_in_airline,
bag8,pca_var95,same_hyperparameters,joint_pca_var95,pca_train_only_var95,diabetes,0.17257704707006727,0.16687167157494945,0.16934535483580615,False,3,-1.9083441865851605,1.4607328693811148,-3.3690770559662755,-3.419019802025105,-0.00570537549511782,-0.0032316922342611187,TabArena_IID,0.5164146241145119,0.0782684335208765,DAUC < 0.55,source::diabetes,
bag8,pca_var95,same_hyperparameters,joint_pca_var95,pca_train_only_var95,diabetes_hospital,0.3481571257653811,0.3484589178016196,0.3461028034487377,False,1,-0.5935584156421613,-0.6807556394818055,0.0871972238396442,0.08660763746339022,0.0003017920362384796,-0.002054322316643431,real_shift,0.938254775,0.0569622287584916,0.75 <= DAUC < 0.95,source::diabetes_130_us,
bag8,pca_var95,same_hyperparameters,joint_pca_var95,pca_train_only_var95,diamonds,533.209788600254,533.405834066571,533.6157469570486,False,3,0.07607690723326337,0.039337836575229414,0.03673907065803395,0.03675352870109002,0.19604546631694575,0.40595835679459924,TabArena_IID,0.500012025,0.0064925534544555,DAUC < 0.55,source::diamonds,
bag8,pca_var95,same_hyperparameters,joint_pca_var95,pca_train_only_var95,folktables_coverage,0.1808763421912479,0.1810428942305252,0.1802445690392519,False,1,-0.35050884216013184,-0.44291220286334393,0.09240336070321212,0.09199589963758334,0.00016655203927729012,-0.0006317731519960013,Folktables,0.55100065,0.0153198007637392,0.55 <= DAUC < 0.75,source::folktables,
bag8,pca_var95,same_hyperparameters,joint_pca_var95,pca_train_only_var95,folktables_coverage_covid,0.1870750285821594,0.1869360227306897,0.1863877343928588,False,1,-0.36874432297780035,-0.2941654608426406,-0.07457886213515975,-0.07436012034446532,-0.0001390058514696979,-0.0006872941893006079,Folktables,0.6727981749999998,0.0219409140498816,0.55 <= DAUC < 0.75,source::folktables,
bag8,pca_var95,same_hyperparameters,joint_pca_var95,pca_train_only_var95,folktables_employment,0.0924022647391827,0.0924055832636228,0.0923388145690792,False,1,-0.068714516641348,-0.07230837308794771,0.0035938564465997137,0.003591259665162471,3.3185244401046088e-06,-6.345017010349341e-05,Folktables,0.5412264,0.0268211334088744,DAUC < 0.55,source::folktables,
bag8,pca_var95,same_hyperparameters,joint_pca_var95,pca_train_only_var95,folktables_income,0.1126553296773933,0.1126414375799956,0.1120155290170952,False,1,-0.5711713955307579,-0.5587694566928113,-0.0124019388379466,-0.01233302565748648,-1.3892097397702474e-05,-0.0006398006602981038,Folktables,0.6541794249999999,0.0202054476966708,0.55 <= DAUC < 0.75,source::folktables,
bag8,pca_var95,same_hyperparameters,joint_pca_var95,pca_train_only_var95,folktables_mobility,0.2605954064096654,0.2611338717040061,0.2597460318536995,False,1,-0.32700193720160614,-0.5343064686694802,0.20730453146787398,0.20620277669342493,0.0005384652943407064,-0.0008493745559658983,Folktables,0.5783444999999999,0.0427119057499453,0.55 <= DAUC < 0.75,source::folktables,
bag8,pca_var95,same_hyperparameters,joint_pca_var95,pca_train_only_var95,folktables_travel_time,0.207925446627877,0.2078391633404043,0.2080129492789471,False,1,0.042065963380367256,0.08354573075627734,-0.041479767375910095,-0.04151445092730677,-8.62832874726771e-05,8.75026510701038e-05,Folktables,0.657996475,0.0224917765156315,0.55 <= DAUC < 0.75,source::folktables,
bag8,pca_var95,same_hyperparameters,joint_pca_var95,pca_train_only_var95,folktables_travel_time_covid,0.2034604522913652,0.2033166156953659,0.2035722517222109,False,1,0.05491879659427966,0.12557508436554302,-0.07065628777126337,-0.0707451260229512,-0.000143836595999286,0.00011179943084571597,Folktables,0.788992325,0.0142218987079578,0.75 <= DAUC < 0.95,source::folktables,
bag8,pca_var95,same_hyperparameters,joint_pca_var95,pca_train_only_var95,gas_sensor_drift,0.1154770699558965,0.1008457049327802,0.1243783594646005,False,1,7.156622379504379,18.92021621214418,-11.7635938326398,-14.508664531492942,-0.014631365023116308,0.008901289508704002,real_shift,0.9997012367140782,0.2156844866039522,DAUC >= 0.95,source::gas_sensor_drift,
bag8,pca_var95,same_hyperparameters,joint_pca_var95,pca_train_only_var95,hazelnut-spread-contaminant-detection,0.028472916666666636,0.028743749999999967,0.0295020833333333,False,3,3.488454205211492,2.5704399406821574,0.9180142645293351,0.9422338189461416,0.00027083333333333126,0.0010291666666666643,TabArena_IID,0.5092881944444444,0.0430034722222222,DAUC < 0.55,source::hazelnut-spread-contaminant-detection,
bag8,pca_var95,same_hyperparameters,joint_pca_var95,pca_train_only_var95,healthcare_insurance_expenses,4632.855349424838,4654.186983343832,4620.357678458792,False,3,-0.27049141724055337,-0.7321793514549826,0.4616879342144292,0.45833212106292087,21.331633918994157,-12.497670966045916,TabArena_IID,0.5250682484635931,0.0656832659134235,DAUC < 0.55,source::healthcare_insurance_expenses,
bag8,pca_var95,same_hyperparameters,joint_pca_var95,pca_train_only_var95,heloc,0.20532459833639197,0.20566615454165163,0.20568240256918216,False,3,0.17395957472338652,0.007899571051084355,0.16606000367230217,0.1660731227366295,0.00034155620525966324,0.00035780423279019313,TabArena_IID,0.5007809088419239,0.0177986239441687,DAUC < 0.55,source::heloc,
bag8,pca_var95,same_hyperparameters,joint_pca_var95,pca_train_only_var95,hiva_agnostic,0.5036540337357714,0.5036540337357714,0.5036540337357714,False,3,0.0,0.0,0.0,0.0,0.0,0.0,TabArena_IID,0.496315651907474,0.0,DAUC < 0.55,source::hiva_agnostic,
bag8,pca_var95,same_hyperparameters,joint_pca_var95,pca_train_only_var95,houses,0.21883390651990708,0.2188616684192354,0.2171784423060367,False,3,-0.7622599169109031,-0.7750429072636936,0.012782990352790473,0.012684678650599806,2.7761899328321293e-05,-0.001655464213870389,TabArena_IID,0.4876979973585736,0.0143910489341085,DAUC < 0.55,source::houses,
bag8,pca_var95,same_hyperparameters,joint_pca_var95,pca_train_only_var95,in_vehicle_coupon_recommendation,0.17019572809062522,0.16969498415752785,0.1669647312821876,False,3,-1.9351373093140793,-1.6352273048167427,-0.29991000449733674,-0.2950846989281277,-0.0005007439330973751,-0.0032309968084376084,TabArena_IID,0.4999967486682508,0.0148968616209672,DAUC < 0.55,source::in_vehicle_coupon_recommendation,
bag8,pca_var95,same_hyperparameters,joint_pca_var95,pca_train_only_var95,jm1,0.25044585869018393,0.2489419666893159,0.2523411082373615,False,3,0.7510665069263411,1.347042331623686,-0.5959758246973448,-0.6041134891269334,-0.0015038920008680345,0.0018952495471775688,TabArena_IID,0.5013936268693818,0.0156089518163831,DAUC < 0.55,source::jm1,
bag8,pca_var95,same_hyperparameters,joint_pca_var95,pca_train_only_var95,kddcup09_appetency,0.1991651657720177,0.1980938986551387,0.19833659694940486,False,3,-0.4177589186045208,0.1223668742930304,-0.5401257928975511,-0.5407875377040058,-0.0010712671168789933,-0.0008285688226128407,TabArena_IID,0.502529275,0.0355100272725716,DAUC < 0.55,source::kddcup09_appetency,
bag8,pca_var95,same_hyperparameters,joint_pca_var95,pca_train_only_var95,lending_club,0.3117380415566388,0.3119080394974703,0.3115974664807988,False,1,-0.045114319261865723,-0.09967122652798327,0.054556907266117546,0.0545025838722826,0.0001699979408315011,-0.0001405750758400326,real_shift,0.94616475,0.0622442459135606,0.75 <= DAUC < 0.95,source::lending_club,
bag8,pca_var95,same_hyperparameters,joint_pca_var95,pca_train_only_var95,maternal_health_risk,0.0597492507390153,0.059539427872131324,0.06193628607029456,False,3,3.531105059798209,3.8698771757850063,-0.3387721159867971,-0.3524099481348639,-0.00020982286688397273,0.002187035331279265,TabArena_IID,0.4809925428071595,0.03878222065645,DAUC < 0.55,source::maternal_health_risk,
bag8,pca_var95,same_hyperparameters,joint_pca_var95,pca_train_only_var95,miami_housing,89112.40745317827,88807.29594418652,87451.21914052036,False,3,-1.8995599249321344,-1.550666551014182,-0.34889337391795266,-0.34356581376320694,-305.1115089917439,-1661.188312657905,TabArena_IID,0.5000548768378967,0.0174142973418732,DAUC < 0.55,source::miami_housing,
bag8,pca_var95,same_hyperparameters,joint_pca_var95,pca_train_only_var95,online_shoppers_intention,0.06540636099977183,0.06575486181263863,0.06587676166406567,False,3,0.714061608997443,0.18504226429443396,0.5290193447030089,0.5300000688311362,0.00034850081286680323,0.000470400664293838,TabArena_IID,0.5085433381403395,0.0162298164122981,DAUC < 0.55,source::online_shoppers_intention,
bag8,pca_var95,same_hyperparameters,joint_pca_var95,pca_train_only_var95,physiochemical_protein,3.4803176697573144,3.4765788788837355,3.4820759024608896,False,3,0.05049380751099158,0.15786627664460667,-0.10737246913361509,-0.10754224206698637,-0.0037387908735788677,0.0017582327035752243,TabArena_IID,0.5001884949523016,0.0130870811769565,DAUC < 0.55,source::physiochemical_protein,
bag8,pca_var95,same_hyperparameters,joint_pca_var95,pca_train_only_var95,polish_companies_bankruptcy,0.05474422212576966,0.04659959019208504,0.04399807589132929,False,3,-24.424127684542935,-5.912791066548497,-18.511336617994438,-17.477904634165625,-0.008144631933684622,-0.010746146234440368,TabArena_IID,0.4797271737327021,0.028469599510753,DAUC < 0.55,source::polish_companies_bankruptcy,
bag8,pca_var95,same_hyperparameters,joint_pca_var95,pca_train_only_var95,qsar-biodeg,0.06834167434341155,0.06660388749956954,0.06976872366754223,False,3,2.0453997853404497,4.536181832784536,-2.4907820474440863,-2.60913725772125,-0.0017377868438420152,0.0014270493241306803,TabArena_IID,0.5242964850267431,0.0520357221163414,DAUC < 0.55,source::qsar-biodeg,
bag8,pca_var95,same_hyperparameters,joint_pca_var95,pca_train_only_var95,seismic-bumps,0.2443478995326248,0.23316838133259457,0.24680305204571742,False,3,0.9947820712678316,5.524514628205322,-4.529732556937491,-4.794611574750191,-0.011179518200030242,0.002455152513092612,TabArena_IID,0.5032746248400783,0.0270932551506253,DAUC < 0.55,source::seismic-bumps,
bag8,pca_var95,same_hyperparameters,joint_pca_var95,pca_train_only_var95,shifts_weather,2.180198638795474,2.171725129505256,2.164518455518772,False,1,-0.7244190150803712,-0.33294583227551056,-0.3914731828048607,-0.39017411435250615,-0.008473509290217951,-0.015680183276701953,real_shift,0.99970015,0.1722711733109805,DAUC >= 0.95,source::shifts_weather,
bag8,pca_var95,same_hyperparameters,joint_pca_var95,pca_train_only_var95,splice,0.0052733804611511,0.0052733804611511,0.0052733804611511,True,3,,,,,0.0,0.0,TabArena_IID,0.4935215615848055,0.0,DAUC < 0.55,source::splice,
bag8,pca_var95,same_hyperparameters,joint_pca_var95,pca_train_only_var95,students_dropout_and_academic_success,0.10699832492717587,0.10713475872778407,0.10631191401496416,False,3,-0.6456575620631664,-0.7739910624730942,0.12833350040992778,0.1273478395138381,0.0001364338006081961,-0.0006864109122117074,TabArena_IID,0.4990070724969652,0.0241838594407484,DAUC < 0.55,source::students_dropout_and_academic_success,
bag8,pca_var95,same_hyperparameters,joint_pca_var95,pca_train_only_var95,superconductivity,9.270350362967504,9.264823681547156,9.267409420567729,False,3,-0.031734244882370394,0.02790142210436809,-0.059635666986738486,-0.05965231082977811,-0.005526681420347401,-0.0029409423997748263,TabArena_IID,0.4966916245247805,0.0148733486354602,DAUC < 0.55,source::superconductivity,
bag8,pca_var95,same_hyperparameters,joint_pca_var95,pca_train_only_var95,synthetic_label_shift,0.2407407481318682,0.2403683745054944,0.2403954804395605,False,1,-0.1436248683529222,0.011275558931698229,-0.15490042728462045,-0.15491789514318305,-0.00037237362637379534,-0.0003452676923076936,synthetic,0.54006835,0.01992,DAUC < 0.55,source::synthetic_generator,
bag8,pca_var95,same_hyperparameters,joint_pca_var95,pca_train_only_var95,synthetic_large_test,0.2534262594367074,0.252597700697158,0.2541956891847217,False,1,0.3026918947689816,0.6286449989332678,-0.32595310416428613,-0.3280151550321389,-0.000828558739549401,0.0007694297480143053,synthetic,0.64072835,0.0878719999999999,0.55 <= DAUC < 0.75,source::synthetic_generator,
bag8,pca_var95,same_hyperparameters,joint_pca_var95,pca_train_only_var95,synthetic_partial_shift,0.241311257457522,0.2413190783354218,0.2414264165740653,False,1,0.047699468093615846,0.04446002229858586,0.0032394457950299825,0.0032408866939767967,7.820877899800127e-06,0.00011515911654330635,synthetic,0.5587177999999999,0.026568,0.55 <= DAUC < 0.75,source::synthetic_generator,
bag8,pca_var95,same_hyperparameters,joint_pca_var95,pca_train_only_var95,synthetic_shift_0.0,0.2499145798394313,0.2496200586713068,0.2500728306313826,False,1,0.06328188134301924,0.1810560383279667,-0.11777415698494748,-0.11798778098691347,-0.00029452116812450635,0.000158250791951281,synthetic,0.49784605,0.011,DAUC < 0.55,source::synthetic_generator,
bag8,pca_var95,same_hyperparameters,joint_pca_var95,pca_train_only_var95,synthetic_shift_0.5,0.2497033716679606,0.2487893051242236,0.248317077510352,False,1,-0.5582758026583211,-0.19017121923557498,-0.3681045834227461,-0.36740588317516865,-0.0009140665437370188,-0.001386294157608603,synthetic,0.5719888750000001,0.04362,0.55 <= DAUC < 0.75,source::synthetic_generator,
bag8,pca_var95,same_hyperparameters,joint_pca_var95,pca_train_only_var95,synthetic_shift_1.0,0.2533377113873183,0.2512159927972657,0.2497417984176844,False,1,-1.4398522763978296,-0.590287404399866,-0.8495648719979635,-0.8445794260259795,-0.0021217185900526125,-0.0035959129696339076,synthetic,0.643362075,0.08208,0.55 <= DAUC < 0.75,source::synthetic_generator,
bag8,pca_var95,same_hyperparameters,joint_pca_var95,pca_train_only_var95,synthetic_shift_3.0,0.2620661687979539,0.263377084398977,0.2581939028132992,False,1,-1.4997511337263374,-2.007476369194433,0.5077252354680952,0.4977333559654896,0.0013109156010230882,-0.0038722659846547325,synthetic,0.8405509999999999,0.20872,0.75 <= DAUC < 0.95,source::synthetic_generator,
bag8,pca_var95,same_hyperparameters,joint_pca_var95,pca_train_only_var95,synthetic_shift_5.0,0.2743284281513333,0.2787690143201109,0.2698973148260011,False,1,-1.641777476811456,-3.287064748987694,1.6452872721762382,1.5929267388657817,0.004440586168777627,-0.004431113325332192,synthetic,0.93479215,0.30666,0.75 <= DAUC < 0.95,source::synthetic_generator,
bag8,pca_var95,same_hyperparameters,joint_pca_var95,pca_train_only_var95,synthetic_small_test,0.254521721988344,0.2543464203796788,0.2532289528907427,False,1,-0.5105139372270204,-0.4412874105348592,-0.06922652669216124,-0.06892238090219895,-0.0001753016086651904,-0.0012927690976012873,synthetic,0.6399588,0.0856239999999999,0.55 <= DAUC < 0.75,source::synthetic_generator,
bag8,pca_var95,same_hyperparameters,joint_pca_var95,pca_train_only_var95,tabred_cooking_time,0.48554822901616,0.4854532054798042,0.484871225589696,False,1,-0.13962540788859448,-0.12002772270109882,-0.019597685187495658,-0.019574190732122722,-9.50235363558205e-05,-0.0006770034264640401,TabReD,0.7766422000000001,0.0408288722530207,0.75 <= DAUC < 0.95,source::tabred_cooking_time,
bag8,pca_var95,same_hyperparameters,joint_pca_var95,pca_train_only_var95,tabred_delivery_eta,0.5459583502086788,0.5458921865470457,0.5459188549611448,False,1,-0.0072346370115399,0.00488505092958154,-0.01211968794112144,-0.01212028002297337,-6.616366163303411e-05,-3.9495247533993805e-05,TabReD,0.9451161,0.1211845880844909,0.75 <= DAUC < 0.95,source::tabred_delivery_eta,
bag8,pca_var95,same_hyperparameters,joint_pca_var95,pca_train_only_var95,tabred_delivery_eta__gap_far,0.5553676840561955,0.5568305778981396,0.5576152367232049,False,1,0.4030651458193641,0.14071689103696156,0.26234825478240253,0.2627179433044168,0.0014628938419440907,0.002247552667009378,TabReD_gap,0.999999625,0.2379337040655923,DAUC >= 0.95,source::tabred_delivery_eta,tabred_delivery_eta
bag8,pca_var95,same_hyperparameters,joint_pca_var95,pca_train_only_var95,tabred_delivery_eta__gap_maxdiff,0.5513618601407528,0.5530209556613466,0.5533970341678441,False,1,0.3677601977306655,0.06795817167019803,0.29980202606046746,0.3000059045881282,0.001659095520593734,0.002035174027091302,TabReD_gap,1.0,0.2496496029927623,DAUC >= 0.95,source::tabred_delivery_eta,tabred_delivery_eta
bag8,pca_var95,same_hyperparameters,joint_pca_var95,pca_train_only_var95,tabred_delivery_eta__gap_near,0.572449482100685,0.5713308204974344,0.5743301179802871,False,1,0.3274485911022042,0.5222253524506274,-0.19477676134842323,-0.19579927480135034,-0.0011186616032505814,0.0018806358796020772,TabReD_gap,0.946211,0.1571228260314691,0.75 <= DAUC < 0.95,source::tabred_delivery_eta,tabred_delivery_eta
bag8,pca_var95,same_hyperparameters,joint_pca_var95,pca_train_only_var95,tabred_ecom_offers,0.4380475826585529,0.4341856936150221,0.4378837069964159,False,1,-0.03742447127369111,0.8445195202076962,-0.8819439914813872,-0.8894556177972691,-0.003861889043530853,-0.0001638756621370474,TabReD,1.0,0.0841283069488731,DAUC >= 0.95,source::tabred_ecom_offers,
bag8,pca_var95,same_hyperparameters,joint_pca_var95,pca_train_only_var95,tabred_homesite,0.043202902880332,0.0423726372755574,0.0395510583144037,False,1,-9.233241085228755,-7.134016335856534,-2.099224749372221,-1.9594381142132489,-0.0008302656047746021,-0.0036518445659283055,TabReD,1.0,0.0494244965489931,DAUC >= 0.95,source::tabred_homesite,
bag8,pca_var95,same_hyperparameters,joint_pca_var95,pca_train_only_var95,tabred_homesite__gap_far,0.0981466578460068,0.1415452808791582,0.1040477118497644,False,1,5.671488492008541,-36.03882138565135,41.710309877659896,30.66059339004188,0.04339862303315138,0.005901054003757594,TabReD_gap,1.0,0.0830990647492541,DAUC >= 0.95,source::tabred_homesite,tabred_homesite
bag8,pca_var95,same_hyperparameters,joint_pca_var95,pca_train_only_var95,tabred_homesite__gap_near,0.0443428025232728,0.0463453527029815,0.0459653482601032,False,1,3.529932434426323,-0.8267193815827876,4.35665181600911,4.320929851462473,0.002002550179708698,0.0016225457368303983,TabReD_gap,1.0,0.0437974647176086,DAUC >= 0.95,source::tabred_homesite,tabred_homesite
bag8,pca_var95,same_hyperparameters,joint_pca_var95,pca_train_only_var95,tabred_sberbank,0.2559863205110312,0.2971771108453992,0.2552404707830786,False,1,-0.2922145244695476,-16.43024710527248,16.138032580802932,13.86068739183508,0.04119079033436801,-0.0007458497279526077,TabReD,1.0,0.2022915451416207,DAUC >= 0.95,source::tabred_sberbank,
bag8,pca_var95,same_hyperparameters,joint_pca_var95,pca_train_only_var95,tabred_sberbank__gap_far,0.3746379654428745,0.3944510010034831,0.3592567871384393,False,1,-4.281388370404835,-9.796394981253837,5.515006610849001,5.022939607252687,0.01981303556060865,-0.015381178304435195,TabReD_gap,1.0,0.235749592588427,DAUC >= 0.95,source::tabred_sberbank,tabred_sberbank
bag8,pca_var95,same_hyperparameters,joint_pca_var95,pca_train_only_var95,tabred_sberbank__gap_near,0.2542979959677089,0.2547588412292069,0.2477962699761038,False,1,-2.623819152819415,-2.8097966340552785,0.18597748123586325,0.18089470782423378,0.00046084526149797744,-0.006501725991605117,TabReD_gap,1.0,0.2265311490062835,DAUC >= 0.95,source::tabred_sberbank,tabred_sberbank
bag8,pca_var95,same_hyperparameters,joint_pca_var95,pca_train_only_var95,tabred_weather,1.500740583703861,1.49821373757473,1.4967328890116611,False,1,-0.2677628534538493,-0.09893873342000913,-0.16882412003384017,-0.16865725268421344,-0.0025268461291310107,-0.004007694692199859,TabReD,0.9948407,0.1103651439849723,DAUC >= 0.95,source::tabred_weather,
bag8,pca_var95,same_hyperparameters,joint_pca_var95,pca_train_only_var95,tabred_weather__gap_far,1.649036533656579,1.6536131687893054,1.6422974554212553,False,1,-0.41034455805055287,-0.6890172867708444,0.27867272872029153,0.27676576475725057,0.0045766351327263255,-0.0067390782353238254,TabReD_gap,1.0,0.1012016963019497,DAUC >= 0.95,source::tabred_weather,tabred_weather
bag8,pca_var95,same_hyperparameters,joint_pca_var95,pca_train_only_var95,tabred_weather__gap_maxdiff,1.8169497097363985,1.861384227823828,1.7941261827455273,False,1,-1.2721249603494813,-3.748791234704384,2.476666274354903,2.3871760286364165,0.044434518087429486,-0.0228235269908712,TabReD_gap,1.0,0.2280292319342118,DAUC >= 0.95,source::tabred_weather,tabred_weather
bag8,pca_var95,same_hyperparameters,joint_pca_var95,pca_train_only_var95,tabred_weather__gap_near,1.67140276647916,1.671002525775126,1.6630001348379588,False,1,-0.5052694503852152,-0.48120206183548464,-0.024067388549730513,-0.023952130404371157,-0.0004002407040339939,-0.008402631641201141,TabReD_gap,1.0,0.0948655339805825,DAUC >= 0.95,source::tabred_weather,tabred_weather
bag8,pca_var95,same_hyperparameters,joint_pca_var95,pca_train_only_var95,taiwanese_bankruptcy_prediction,0.067805078914752,0.0656569902153822,0.06392489016533567,False,3,-6.069918523724619,-2.7095862747149195,-3.3603322490096996,-3.271683170859921,-0.0021480886993698045,-0.0038801887494163273,TabArena_IID,0.4813707690648705,0.0246058424438091,DAUC < 0.55,source::taiwanese_bankruptcy_prediction,
bag8,pca_var95,same_hyperparameters,joint_pca_var95,pca_train_only_var95,tschalzev_mbgm,8.176181744569124,8.082215355766218,8.085359966984036,False,1,-1.123286754775939,0.03889265574642538,-1.1621794105223644,-1.1626315888238048,-0.09396638880290631,-0.09082177758508791,tschalzev_IID,0.5283598093648937,0.0054825547828749,DAUC < 0.55,source::tschalzev_mbgm,
bag8,pca_var95,same_hyperparameters,joint_pca_var95,pca_train_only_var95,tschalzev_ogpcc,0.0224777844588055,0.022852834875642,0.0215218443612823,False,1,-4.4417201494260965,-6.184370131187007,1.742649981760911,1.6411548889991332,0.00037505041683649765,-0.0009559400975232002,tschalzev_IID,0.498779,0.0040078342527184,DAUC < 0.55,source::tschalzev_ogpcc,
bag8,pca_var95,same_hyperparameters,joint_pca_var95,pca_train_only_var95,tschalzev_sctp,0.1098706336300708,0.1090465508754173,0.1051087392387699,False,1,-4.5304457324747816,-3.746416963200448,-0.7840287692743336,-0.7557164789145768,-0.0008240827546534962,-0.004761894391300897,tschalzev_IID,0.495618525,0.0048744375,DAUC < 0.55,source::tschalzev_sctp,
bag8,pca_var95,same_hyperparameters,joint_pca_var95,pca_train_only_var95,website_phishing,0.0217334983646367,0.0217334983646367,0.0217334983646367,False,3,0.0,0.0,0.0,0.0,0.0,0.0,TabArena_IID,0.4974870109756609,0.0,DAUC < 0.55,source::website_phishing,
bag8,pca_var95,same_hyperparameters,joint_pca_var95,pca_train_only_var95,wine_quality,0.21154092956056128,0.1804975155433273,0.17220874309318732,False,3,-22.83983133544511,-4.813212326655608,-18.026619008789503,-17.198804052115722,-0.031043414017233983,-0.039332186467373964,TabArena_IID,0.4933509159780399,0.021301046461716,DAUC < 0.55,source::wine_quality,
tabicl,pca_var95,same_hyperparameters,joint_pca_var95,pca_train_only_var95,Amazon_employee_access,0.15191688290264574,0.15191693415385168,0.15191693415385168,False,3,3.3736335077656285e-05,0.0,3.3736335077656285e-05,3.3736335077656285e-05,5.125120594584587e-08,5.125120594584587e-08,TabArena_IID,0.4973770565852067,0.0,DAUC < 0.55,source::Amazon_employee_access,
tabicl,pca_var95,same_hyperparameters,joint_pca_var95,pca_train_only_var95,Another-Dataset-on-used-Fiat-500,725.437278152924,725.0860007450361,713.1740191287946,False,3,-1.7195324977079327,-1.670277000667111,-0.04925549704082161,-0.04844630947597243,-0.35127740788789197,-12.263259024129411,TabArena_IID,0.5250604059451488,0.0313157709499172,DAUC < 0.55,source::Another-Dataset-on-used-Fiat-500,
tabicl,pca_var95,same_hyperparameters,joint_pca_var95,pca_train_only_var95,Bank_Customer_Churn,0.13125869258875314,0.13128222469191317,0.1261516035655104,False,3,-4.048374240911368,-4.067028068920624,0.018653828009256065,0.017924820527114665,2.353210316002885e-05,-0.00510708902324275,TabArena_IID,0.4985240625,0.0158125,DAUC < 0.55,source::Bank_Customer_Churn,
tabicl,pca_var95,same_hyperparameters,joint_pca_var95,pca_train_only_var95,E-CommereShippingData,0.2552662751899473,0.25465387579322407,0.25434487065501615,False,3,-0.36226582142516567,-0.12149061131531187,-0.2407752101098538,-0.240483045787417,-0.0006123993967232511,-0.0009214045349311695,TabArena_IID,0.500688337854552,0.0144240392331084,DAUC < 0.55,source::E-CommereShippingData,
tabicl,pca_var95,same_hyperparameters,joint_pca_var95,pca_train_only_var95,Fitness_Club,0.17771823542126822,0.1785075229550486,0.17813713182503257,False,3,0.23515389490822156,-0.20792471857008674,0.4430786134783083,0.44215925509152765,0.0007892875337803806,0.0004188964037643572,TabArena_IID,0.5044166666666666,0.0338611518035256,DAUC < 0.55,source::Fitness_Club,
tabicl,pca_var95,same_hyperparameters,joint_pca_var95,pca_train_only_var95,HR_Analytics_Job_Change_of_Data_Scientists,0.19322508615131995,0.19386935292998939,0.19436899177038391,False,3,0.5885226900879901,0.25705686686113616,0.3314658232268539,0.332320074799083,0.0006442667786694389,0.0011439056190639674,TabArena_IID,0.5006432616140332,0.0155574144065088,DAUC < 0.55,source::HR_Analytics_Job_Change_of_Data_Scientists,
tabicl,pca_var95,same_hyperparameters,joint_pca_var95,pca_train_only_var95,Is-this-a-good-customer,0.265015425526231,0.2629770578690029,0.25535054336626034,False,3,-3.7849467765211977,-2.9866842663434254,-0.7982625101777723,-0.7751123515281951,-0.0020383676572280907,-0.009664882159970634,TabArena_IID,0.5089344102652231,0.0467264045771018,DAUC < 0.55,source::Is-this-a-good-customer,
tabicl,pca_var95,same_hyperparameters,joint_pca_var95,pca_train_only_var95,MIC,0.1233683353227303,0.12803631428104284,0.12452836705760456,False,3,0.9315401480673515,-2.816986447606405,3.748526595673756,3.6458242214519045,0.004667978958312544,0.0011600317348742645,TabArena_IID,0.5315440298650391,0.1023684174323937,DAUC < 0.55,source::MIC,
tabicl,pca_var95,same_hyperparameters,joint_pca_var95,pca_train_only_var95,Marketing_Campaign,0.07380610336337556,0.07471511839640643,0.07174106556627727,False,3,-2.878459890159467,-4.145537575520977,1.2670776853615093,1.2166413605985662,0.0009090150330308688,-0.002065037797098296,TabArena_IID,0.4893010633270867,0.0318521792685864,DAUC < 0.55,source::Marketing_Campaign,
tabicl,pca_var95,same_hyperparameters,joint_pca_var95,pca_train_only_var95,NATICUSdroid,0.012380236422321333,0.012380236422321333,0.012380236422321333,True,3,,,,,0.0,0.0,TabArena_IID,0.4909448935914827,0.0,DAUC < 0.55,source::NATICUSdroid,
tabicl,pca_var95,same_hyperparameters,joint_pca_var95,pca_train_only_var95,QSAR_fish_toxicity,0.8541133153466527,0.8542589281134273,0.8480591435578654,False,3,-0.7138855626729314,-0.7310556819836809,0.017170119310749448,0.017045507162117852,0.00014561276677460544,-0.00605417178878731,TabArena_IID,0.4678368023195609,0.045171150688392,DAUC < 0.55,source::QSAR_fish_toxicity,
tabicl,pca_var95,same_hyperparameters,joint_pca_var95,pca_train_only_var95,airfoil_self_noise,1.0652399181255905,1.0659620697373897,1.0635441931893233,False,3,-0.15944094727104408,-0.22734142723451986,0.06790047996347578,0.06774646418489691,0.0007221516117992266,-0.00169572493626724,TabArena_IID,0.5474124587140708,0.0529488504762273,DAUC < 0.55,source::airfoil_self_noise,
tabicl,pca_var95,same_hyperparameters,joint_pca_var95,pca_train_only_var95,anneal,0.0001034786405637377,0.00010353583885421281,0.000903440807484965,True,3,,,,,5.719829047510713e-08,0.0007999621669212273,TabArena_IID,0.43732935660019,0.0336531517590013,DAUC < 0.55,source::anneal,
tabicl,pca_var95,same_hyperparameters,joint_pca_var95,pca_train_only_var95,bike_sharing,124.84603273045408,124.84705439045923,124.32326010472048,False,1,-0.4204946244920418,-0.42131640153061856,0.000821777038576791,0.0008183292830886107,0.001021660005150693,-0.5227726257336087,real_shift,0.724417889739124,0.0462872471556019,0.55 <= DAUC < 0.75,source::bike_sharing,
tabicl,pca_var95,same_hyperparameters,joint_pca_var95,pca_train_only_var95,blood-transfusion-service-center,0.24557017543859647,0.24648181187431853,0.2463663395777578,False,3,0.32316270985958007,-0.04687015959998081,0.3700328694595609,0.3698595157142499,0.000911636435722063,0.0007961641391613372,TabArena_IID,0.5146430905695611,0.0393868450390189,DAUC < 0.55,source::blood-transfusion-service-center,
tabicl,pca_var95,same_hyperparameters,joint_pca_var95,pca_train_only_var95,churn,0.06636143306949156,0.0706281554798362,0.06434975285373433,False,3,-3.1261661879723786,-9.756684909688072,6.630518721715694,6.0411069514094144,0.004266722410344634,-0.0020116802157572333,TabArena_IID,0.4777912499999999,0.0261333333333333,DAUC < 0.55,source::churn,
tabicl,pca_var95,same_hyperparameters,joint_pca_var95,pca_train_only_var95,coil2000_insurance_policies,0.22891949864042047,0.23076680031544192,0.2308936310061714,False,3,0.8549964575238463,0.05493035480311964,0.8000661027207266,0.8005058234097453,0.001847301675021451,0.001974132365750947,TabArena_IID,0.4998567392475893,0.009434077843747,DAUC < 0.55,source::coil2000_insurance_policies,
tabicl,pca_var95,same_hyperparameters,joint_pca_var95,pca_train_only_var95,concrete_compressive_strength,3.89513871167325,3.88689369671896,3.7487978437912495,False,3,-3.903674563950409,-3.6837369920179768,-0.21993757193243268,-0.2121235000908237,-0.008245014954289864,-0.1463408678820004,TabArena_IID,0.5128188681237462,0.0502123786407767,DAUC < 0.55,source::concrete_compressive_strength,
tabicl,pca_var95,same_hyperparameters,joint_pca_var95,pca_train_only_var95,credit-g,0.2127257498502134,0.21094432828338397,0.2072395852438771,False,3,-2.647257086468422,-1.7876618673730613,-0.8595952190953606,-0.8444984424687867,-0.001781421566829422,-0.005486164606336302,TabArena_IID,0.4666875,0.0366071428571428,DAUC < 0.55,source::credit-g,
tabicl,pca_var95,same_hyperparameters,joint_pca_var95,pca_train_only_var95,credit_card_clients_default,0.2120181571747759,0.2115829309430467,0.20931546090444395,False,3,-1.2912071849130067,-1.0832788121838224,-0.20792837272918427,-0.20570006748150924,-0.00043522623172920216,-0.0027026962703319557,TabArena_IID,0.5084822083333334,0.0089083333333333,DAUC < 0.55,source::credit_card_clients_default,
tabicl,pca_var95,same_hyperparameters,joint_pca_var95,pca_train_only_var95,diabetes,0.15773379763043593,0.1591241595145524,0.15705705596162942,False,3,-0.4308890579050796,-1.316148160467229,0.8852591025621495,0.8737591377438197,0.0013903618841164533,-0.0006767416688065186,TabArena_IID,0.5164146241145119,0.0782684335208765,DAUC < 0.55,source::diabetes,
tabicl,pca_var95,same_hyperparameters,joint_pca_var95,pca_train_only_var95,gas_sensor_drift,0.0342572760862923,0.0232126455383729,0.0288742035260366,False,1,-18.643189778037165,19.607668078388837,-38.250857856425995,-47.58023177350246,-0.011044630547919404,-0.005383072560255702,real_shift,0.9997012367140782,0.2156844866039522,DAUC >= 0.95,source::gas_sensor_drift,
tabicl,pca_var95,same_hyperparameters,joint_pca_var95,pca_train_only_var95,hazelnut-spread-contaminant-detection,0.006541666666666667,0.0065499999999999,0.006410416666666634,True,3,,,,,8.333333333232669e-06,-0.00013125000000003325,TabArena_IID,0.5092881944444444,0.0430034722222222,DAUC < 0.55,source::hazelnut-spread-contaminant-detection,
tabicl,pca_var95,same_hyperparameters,joint_pca_var95,pca_train_only_var95,healthcare_insurance_expenses,4527.781112006984,4532.520620680486,4467.922310030383,False,3,-1.3397458107590328,-1.4458243937026578,0.10607858294362517,0.10456673163002074,4.739508673502314,-59.85880197660026,TabArena_IID,0.5250682484635931,0.0656832659134235,DAUC < 0.55,source::healthcare_insurance_expenses,
tabicl,pca_var95,same_hyperparameters,joint_pca_var95,pca_train_only_var95,heloc,0.19850416542051397,0.19820552182287884,0.19857754625701407,False,3,0.03695323962011705,0.18734466265069274,-0.1503914230305757,-0.15067370216960865,-0.00029864359763512316,7.338083650010319e-05,TabArena_IID,0.5007809088419239,0.0177986239441687,DAUC < 0.55,source::heloc,
tabicl,pca_var95,same_hyperparameters,joint_pca_var95,pca_train_only_var95,houses,0.20042504296818084,0.2005861922231714,0.19718856609087268,False,3,-1.6413106203209855,-1.7230340478935007,0.08172342757251529,0.08033915655134514,0.00016114925499055577,-0.0032364768773081587,TabArena_IID,0.4876979973585736,0.0143910489341085,DAUC < 0.55,source::houses,
tabicl,pca_var95,same_hyperparameters,joint_pca_var95,pca_train_only_var95,in_vehicle_coupon_recommendation,0.1607780735771559,0.16015183921532802,0.1611430978312823,False,3,0.22652180517752507,0.6151418393309874,-0.3886200341534623,-0.3910253949602722,-0.0006262343618278765,0.00036502425412640593,TabArena_IID,0.4999967486682508,0.0148968616209672,DAUC < 0.55,source::in_vehicle_coupon_recommendation,
tabicl,pca_var95,same_hyperparameters,joint_pca_var95,pca_train_only_var95,jm1,0.2211678082128036,0.22136743748821852,0.2182229375414122,False,3,-1.3494780633830274,-1.4409575740449332,0.09147951066190563,0.09018005433863523,0.00019962927541491982,-0.002944870671391403,TabArena_IID,0.5013936268693818,0.0156089518163831,DAUC < 0.55,source::jm1,
tabicl,pca_var95,same_hyperparameters,joint_pca_var95,pca_train_only_var95,maternal_health_risk,0.04009314375368946,0.039818060040352404,0.03807453430735837,False,3,-5.30173115194471,-4.579243751005192,-0.7224874009395176,-0.6908516212449406,-0.00027508371333705844,-0.0020186094463310947,TabArena_IID,0.4809925428071595,0.03878222065645,DAUC < 0.55,source::maternal_health_risk,
tabicl,pca_var95,same_hyperparameters,joint_pca_var95,pca_train_only_var95,miami_housing,78818.75205983763,78741.10580671842,77774.50022663208,False,3,-1.3426660797081766,-1.2428309757950047,-0.09983510391317192,-0.09860955383304162,-77.64625311920827,-1044.2518332055479,TabArena_IID,0.5000548768378967,0.0174142973418732,DAUC < 0.55,source::miami_housing,
tabicl,pca_var95,same_hyperparameters,joint_pca_var95,pca_train_only_var95,online_shoppers_intention,0.06439540691015246,0.06435165572585312,0.0622801880154342,False,3,-3.39629497296004,-3.3260460130685057,-0.070248959891534,-0.06798765906773305,-4.3751184299334334e-05,-0.002115218894718253,TabArena_IID,0.5085433381403395,0.0162298164122981,DAUC < 0.55,source::online_shoppers_intention,
tabicl,pca_var95,same_hyperparameters,joint_pca_var95,pca_train_only_var95,polish_companies_bankruptcy,0.020698712354945,0.01940481337261357,0.015463455954419067,True,3,,,,,-0.0012938989823314331,-0.005235256400525934,TabArena_IID,0.4797271737327021,0.028469599510753,DAUC < 0.55,source::polish_companies_bankruptcy,
tabicl,pca_var95,same_hyperparameters,joint_pca_var95,pca_train_only_var95,qsar-biodeg,0.058949352636959364,0.06062264871031703,0.056617394902967334,False,3,-4.118800834952953,-7.074246023177195,2.955445188224241,2.760183048671207,0.001673296073357665,-0.0023319577339920294,TabArena_IID,0.5242964850267431,0.0520357221163414,DAUC < 0.55,source::qsar-biodeg,
tabicl,pca_var95,same_hyperparameters,joint_pca_var95,pca_train_only_var95,seismic-bumps,0.21803566488091716,0.2175204803052407,0.2124974000362504,False,3,-2.6062741679295764,-2.3638314012940476,-0.24244276663552888,-0.23684416977817813,-0.0005151845756764528,-0.005538264844666768,TabArena_IID,0.5032746248400783,0.0270932551506253,DAUC < 0.55,source::seismic-bumps,
tabicl,pca_var95,same_hyperparameters,joint_pca_var95,pca_train_only_var95,splice,0.004302219973416,0.004302219973416,0.004302219973416,True,3,,,,,0.0,0.0,TabArena_IID,0.4935215615848055,0.0,DAUC < 0.55,source::splice,
tabicl,pca_var95,same_hyperparameters,joint_pca_var95,pca_train_only_var95,students_dropout_and_academic_success,0.10120834683454703,0.10123412259316304,0.10118363324800446,False,3,-0.024424490156427003,-0.04989872723272546,0.025474237076298457,0.025461532095848675,2.5775758616009004e-05,-2.471358654257405e-05,TabArena_IID,0.4990070724969652,0.0241838594407484,DAUC < 0.55,source::students_dropout_and_academic_success,
tabicl,pca_var95,same_hyperparameters,joint_pca_var95,pca_train_only_var95,superconductivity,8.886198211323494,8.88599828406884,8.88381474657605,False,3,-0.02682929366984752,-0.02457882739655156,-0.002250466273295957,-0.0022499132709965066,-0.0001999272546537867,-0.0023834647474441084,TabArena_IID,0.4966916245247805,0.0148733486354602,DAUC < 0.55,source::superconductivity,
tabicl,pca_var95,same_hyperparameters,joint_pca_var95,pca_train_only_var95,synthetic_large_test,0.2430444517000739,0.2430548018965821,0.2439421588506672,False,1,0.3680000024689583,0.36375711286063644,0.004242889608321839,0.004258379767619172,1.0350196508190912e-05,0.0008977071505932854,synthetic,0.64072835,0.0878719999999999,0.55 <= DAUC < 0.75,source::synthetic_generator,
tabicl,pca_var95,same_hyperparameters,joint_pca_var95,pca_train_only_var95,synthetic_shift_0.0,0.2435943081221244,0.2433027600512833,0.2424619681395514,False,1,-0.46701756620290885,-0.3467726993158637,-0.12024486688704512,-0.11982933147970082,-0.00029154807084111334,-0.0011323399825730052,synthetic,0.49784605,0.011,DAUC < 0.55,source::synthetic_generator,
tabicl,pca_var95,same_hyperparameters,joint_pca_var95,pca_train_only_var95,synthetic_shift_0.5,0.2411836220561594,0.2412495349702381,0.2403807785002588,False,1,-0.33398825018770645,-0.36140846011045286,0.027420209922746363,0.027321467826594698,6.591291407870292e-05,-0.0008028435559006009,synthetic,0.5719888750000001,0.04362,0.55 <= DAUC < 0.75,source::synthetic_generator,
tabicl,pca_var95,same_hyperparameters,joint_pca_var95,pca_train_only_var95,synthetic_shift_1.0,0.2439225425331286,0.2437415718283253,0.2428629465239087,False,1,-0.4362938127803644,-0.361778244475882,-0.07451556830448233,-0.07424695895978091,-0.00018097070480330157,-0.0010595960092198986,synthetic,0.643362075,0.08208,0.55 <= DAUC < 0.75,source::synthetic_generator,
tabicl,pca_var95,same_hyperparameters,joint_pca_var95,pca_train_only_var95,synthetic_shift_3.0,0.2512954680306906,0.2511638465473145,0.2502299744245524,False,1,-0.42580574473080496,-0.3732055381892928,-0.052600206541512144,-0.05240462956172022,-0.0001316214833760876,-0.0010654936061381681,synthetic,0.8405509999999999,0.20872,0.75 <= DAUC < 0.95,source::synthetic_generator,
tabicl,pca_var95,same_hyperparameters,joint_pca_var95,pca_train_only_var95,synthetic_shift_5.0,0.2622041313359911,0.2623035512971757,0.2588713740054131,False,1,-1.2874182568012653,-1.3258234151802457,0.038405158378980314,0.037902636351264625,9.941996118462137e-05,-0.0033327573305779734,synthetic,0.93479215,0.30666,0.75 <= DAUC < 0.95,source::synthetic_generator,
tabicl,pca_var95,same_hyperparameters,joint_pca_var95,pca_train_only_var95,synthetic_small_test,0.2531447535374965,0.2526440523310618,0.2524662624669624,False,1,-0.2687452429897911,-0.07042123662865742,-0.19832400636113368,-0.1981844424259717,-0.000500701206434695,-0.0006784910705340819,synthetic,0.6399588,0.0856239999999999,0.55 <= DAUC < 0.75,source::synthetic_generator,
tabicl,pca_var95,same_hyperparameters,joint_pca_var95,pca_train_only_var95,tabred_delivery_eta__gap_far,0.5611309238698149,0.5593011818027407,0.5606875625200399,False,1,-0.07907458260394633,0.24726439642571682,-0.32633897902966313,-0.32714789930830723,-0.0018297420670742026,-0.0004433613497749622,TabReD_gap,0.999999625,0.2379337040655923,DAUC >= 0.95,source::tabred_delivery_eta,tabred_delivery_eta
tabicl,pca_var95,same_hyperparameters,joint_pca_var95,pca_train_only_var95,tabred_delivery_eta__gap_maxdiff,0.5451884830968464,0.5536277748911727,0.5485074338313581,False,1,0.605087648735887,-0.9335044055918473,1.5385920543277343,1.524362067272574,0.008439291794326231,0.0033189507345117164,TabReD_gap,1.0,0.2496496029927623,DAUC >= 0.95,source::tabred_delivery_eta,tabred_delivery_eta
tabicl,pca_var95,same_hyperparameters,joint_pca_var95,pca_train_only_var95,tabred_delivery_eta__gap_near,0.5639197393438592,0.5613739610830991,0.5606876688263737,False,1,-0.5764475834203507,-0.12240188163260166,-0.45404570178774906,-0.4534906207349422,-0.0025457782607600787,-0.00323207051748553,TabReD_gap,0.946211,0.1571228260314691,0.75 <= DAUC < 0.95,source::tabred_delivery_eta,tabred_delivery_eta
tabicl,pca_var95,same_hyperparameters,joint_pca_var95,pca_train_only_var95,tabred_homesite__gap_far,0.1466122780222085,0.2045575308011096,0.1243992417270374,False,1,-17.85624734265823,-64.43631646080229,46.580069118144046,28.327117829380246,0.05794525277890111,-0.0222130362951711,TabReD_gap,1.0,0.0830990647492541,DAUC >= 0.95,source::tabred_homesite,tabred_homesite
tabicl,pca_var95,same_hyperparameters,joint_pca_var95,pca_train_only_var95,tabred_homesite__gap_near,0.055869603957254,0.0624248840254108,0.0610258384034495,False,1,8.449264411751273,-2.2925463353932636,10.741810747144537,10.501068877418165,0.006555280068156796,0.0051562344461955,TabReD_gap,1.0,0.0437974647176086,DAUC >= 0.95,source::tabred_homesite,tabred_homesite
tabicl,pca_var95,same_hyperparameters,joint_pca_var95,pca_train_only_var95,tabred_weather__gap_far,1.6419102312191742,1.690519880316117,1.645231120677258,False,1,0.201849418987212,-2.752729332047636,2.954578751034848,2.875426054608305,0.048609649096942764,0.003320889458083842,TabReD_gap,1.0,0.1012016963019497,DAUC >= 0.95,source::tabred_weather,tabred_weather
tabicl,pca_var95,same_hyperparameters,joint_pca_var95,pca_train_only_var95,tabred_weather__gap_maxdiff,1.86742511338679,1.811631882704148,1.796107849888755,False,1,-3.9706559660352343,-0.8643151810930757,-3.1063407849421587,-3.0797222777599735,-0.05579323068264208,-0.07131726349803502,TabReD_gap,1.0,0.2280292319342118,DAUC >= 0.95,source::tabred_weather,tabred_weather
tabicl,pca_var95,same_hyperparameters,joint_pca_var95,pca_train_only_var95,tabred_weather__gap_near,1.732491097255363,1.7136127337373537,1.7294869490145115,False,1,-0.1737017005282064,0.9178568989030647,-1.091558599431271,-1.10167035680437,-0.018878363518009422,-0.0030041482408516007,TabReD_gap,1.0,0.0948655339805825,DAUC >= 0.95,source::tabred_weather,tabred_weather
tabicl,pca_var95,same_hyperparameters,joint_pca_var95,pca_train_only_var95,taiwanese_bankruptcy_prediction,0.05782073538525714,0.058365691944622565,0.058424639090695264,False,3,1.033645590006401,0.10089432641799098,0.93275126358841,0.9336933071614804,0.0005449565593654282,0.0006039037054381274,TabArena_IID,0.4813707690648705,0.0246058424438091,DAUC < 0.55,source::taiwanese_bankruptcy_prediction,
tabicl,pca_var95,same_hyperparameters,joint_pca_var95,pca_train_only_var95,website_phishing,0.020072609518561935,0.02007875480922497,0.0200714767488947,True,3,,,,,6.145290663034375e-06,-1.1327696672336351e-06,TabArena_IID,0.4974870109756609,0.0,DAUC < 0.55,source::website_phishing,
tabicl,pca_var95,same_hyperparameters,joint_pca_var95,pca_train_only_var95,wine_quality,0.09875925256361621,0.09870315738286133,0.09874133671770506,False,3,-0.01814422055311458,0.03866600971069245,-0.05681023026380703,-0.056832205009714885,-5.6095180754889284e-05,-1.7915845911153916e-05,TabArena_IID,0.4933509159780399,0.021301046461716,DAUC < 0.55,source::wine_quality,
tabpfn,pca_var95,same_hyperparameters,joint_pca_var95,pca_train_only_var95,Another-Dataset-on-used-Fiat-500,726.1097822865808,725.9581721185981,723.6962113966459,False,3,-0.3335060833435784,-0.31255666208157346,-0.02094942126200497,-0.020884146470891325,-0.15161016798265337,-2.4135708899348174,TabArena_IID,0.5250604059451488,0.0313157709499172,DAUC < 0.55,source::Another-Dataset-on-used-Fiat-500,
tabpfn,pca_var95,same_hyperparameters,joint_pca_var95,pca_train_only_var95,Bank_Customer_Churn,0.1274929866035627,0.127592849558586,0.12787327021734088,False,3,0.2973910130958753,0.219295759214,0.0780952538818753,0.07826688985218984,9.986295502328879e-05,0.0003802836137781762,TabArena_IID,0.4985240625,0.0158125,DAUC < 0.55,source::Bank_Customer_Churn,
tabpfn,pca_var95,same_hyperparameters,joint_pca_var95,pca_train_only_var95,E-CommereShippingData,0.25342620627597273,0.2538300244370322,0.25506745139171844,False,3,0.6434553318310972,0.48513714624681326,0.15831818558428384,0.15908999022281514,0.0004038181610594438,0.0016412451157457042,TabArena_IID,0.500688337854552,0.0144240392331084,DAUC < 0.55,source::E-CommereShippingData,
tabpfn,pca_var95,same_hyperparameters,joint_pca_var95,pca_train_only_var95,Fitness_Club,0.17830539825609829,0.17816323368548415,0.17749400775030552,False,3,-0.45713684426699597,-0.3770414244744961,-0.08009541979249986,-0.07979456124213932,-0.00014216457061413945,-0.000811390505792764,TabArena_IID,0.5044166666666666,0.0338611518035256,DAUC < 0.55,source::Fitness_Club,
tabpfn,pca_var95,same_hyperparameters,joint_pca_var95,pca_train_only_var95,Is-this-a-good-customer,0.25912258446639586,0.26024000012212184,0.26227783349590816,False,3,1.2030178027078806,0.7769750674786311,0.42604273522924957,0.4293789022447043,0.001117415655725984,0.003155249029512308,TabArena_IID,0.5089344102652231,0.0467264045771018,DAUC < 0.55,source::Is-this-a-good-customer,
tabpfn,pca_var95,same_hyperparameters,joint_pca_var95,pca_train_only_var95,MIC,0.12624209485838733,0.13562199308082723,0.13100575673892498,False,3,3.6362233226368184,-3.523689688768201,7.15991301140502,6.916207326970722,0.009379898222439897,0.004763661880537645,TabArena_IID,0.5315440298650391,0.1023684174323937,DAUC < 0.55,source::MIC,
tabpfn,pca_var95,same_hyperparameters,joint_pca_var95,pca_train_only_var95,Marketing_Campaign,0.08094601953333934,0.0786126931471234,0.07925134966343557,False,3,-2.138348276844104,0.8058620061669861,-2.9442102830110897,-2.968129309409528,-0.002333326386215945,-0.0016946698699037699,TabArena_IID,0.4893010633270867,0.0318521792685864,DAUC < 0.55,source::Marketing_Campaign,
tabpfn,pca_var95,same_hyperparameters,joint_pca_var95,pca_train_only_var95,NATICUSdroid,0.0150456938233939,0.0150456938233939,0.0150456938233939,True,3,,,,,0.0,0.0,TabArena_IID,0.4909448935914827,0.0,DAUC < 0.55,source::NATICUSdroid,
tabpfn,pca_var95,same_hyperparameters,joint_pca_var95,pca_train_only_var95,QSAR_fish_toxicity,0.8645043974468152,0.8624494045648472,0.8558717334200979,False,3,-1.008639926945686,-0.7685346866714053,-0.2401052402742806,-0.23827402176766907,-0.0020549928819679764,-0.008632664026717252,TabArena_IID,0.4678368023195609,0.045171150688392,DAUC < 0.55,source::QSAR_fish_toxicity,
tabpfn,pca_var95,same_hyperparameters,joint_pca_var95,pca_train_only_var95,airfoil_self_noise,1.1555426566203792,1.1566172873612481,1.3448544874649973,False,3,14.076751991322425,13.996845150033261,0.07990684128916636,0.0929115233372131,0.001074630740868887,0.189311830844618,TabArena_IID,0.5474124587140708,0.0529488504762273,DAUC < 0.55,source::airfoil_self_noise,
tabpfn,pca_var95,same_hyperparameters,joint_pca_var95,pca_train_only_var95,anneal,0.00016182782995646667,0.00031147242404553336,0.00031553350266796666,True,3,,,,,0.0001496445940890667,0.0001537056727115,TabArena_IID,0.43732935660019,0.0336531517590013,DAUC < 0.55,source::anneal,
tabpfn,pca_var95,same_hyperparameters,joint_pca_var95,pca_train_only_var95,bike_sharing,124.59782828833428,124.6210315136078,124.84424498341258,False,1,0.19737929859004352,0.17879355979479317,0.018585738795250332,0.018619028418959793,0.02320322527351948,0.24641669507829533,real_shift,0.724417889739124,0.0462872471556019,0.55 <= DAUC < 0.75,source::bike_sharing,
tabpfn,pca_var95,same_hyperparameters,joint_pca_var95,pca_train_only_var95,blood-transfusion-service-center,0.246898602438299,0.247770839528199,0.25116612151848544,False,3,1.6990822864111295,1.3518073097436227,0.3472749766675068,0.3520337952443883,0.000872237089900002,0.004267519080186438,TabArena_IID,0.5146430905695611,0.0393868450390189,DAUC < 0.55,source::blood-transfusion-service-center,
tabpfn,pca_var95,same_hyperparameters,joint_pca_var95,pca_train_only_var95,churn,0.07037064337662881,0.07132710400253216,0.07264049721075806,False,3,3.124777391795012,1.808072987737467,1.3167044040575446,1.3409497543449882,0.0009564606259033492,0.002269853834129254,TabArena_IID,0.4777912499999999,0.0261333333333333,DAUC < 0.55,source::churn,
tabpfn,pca_var95,same_hyperparameters,joint_pca_var95,pca_train_only_var95,coil2000_insurance_policies,0.24005736268962738,0.24317006458308885,0.2412882176093861,False,3,0.5101181201277343,-0.7799166458882848,1.2900347660160192,1.2800514318232978,0.003112701893461467,0.001230854919758717,TabArena_IID,0.4998567392475893,0.009434077843747,DAUC < 0.55,source::coil2000_insurance_policies,
tabpfn,pca_var95,same_hyperparameters,joint_pca_var95,pca_train_only_var95,concrete_compressive_strength,4.089756470467951,4.098549951248966,4.1195335588295805,False,3,0.7228266971586316,0.5093685311930366,0.213458165965595,0.2145510213517139,0.008793480781014829,0.02977708836162929,TabArena_IID,0.5128188681237462,0.0502123786407767,DAUC < 0.55,source::concrete_compressive_strength,
tabpfn,pca_var95,same_hyperparameters,joint_pca_var95,pca_train_only_var95,credit-g,0.2303522125625129,0.22890851399435075,0.22838866268050817,False,3,-0.8597405225632977,-0.22761695249724204,-0.6321235700660556,-0.6306880172214908,-0.0014436985681621495,-0.001963549882004728,TabArena_IID,0.4666875,0.0366071428571428,DAUC < 0.55,source::credit-g,
tabpfn,pca_var95,same_hyperparameters,joint_pca_var95,pca_train_only_var95,diabetes,0.1555427673299821,0.15507549796695883,0.1525099118130329,False,3,-1.988628464140277,-1.6822422381773952,-0.3063862259628817,-0.3013173384249453,-0.0004672693630232705,-0.0030328555169492066,TabArena_IID,0.5164146241145119,0.0782684335208765,DAUC < 0.55,source::diabetes,
tabpfn,pca_var95,same_hyperparameters,joint_pca_var95,pca_train_only_var95,gas_sensor_drift,0.0455201726412574,0.0411768647205812,0.0456067237637936,False,1,0.18977711046394452,9.713170948554717,-9.523393838090772,-10.547932559093816,-0.0043433079206762,8.655112253620062e-05,real_shift,0.9997012367140782,0.2156844866039522,DAUC >= 0.95,source::gas_sensor_drift,
tabpfn,pca_var95,same_hyperparameters,joint_pca_var95,pca_train_only_var95,hazelnut-spread-contaminant-detection,0.013081250000000036,0.013420833333333299,0.0124041666666666,True,3,,,,,0.000339583333333263,-0.0006770833333334357,TabArena_IID,0.5092881944444444,0.0430034722222222,DAUC < 0.55,source::hazelnut-spread-contaminant-detection,
tabpfn,pca_var95,same_hyperparameters,joint_pca_var95,pca_train_only_var95,healthcare_insurance_expenses,4812.798243691679,4824.171367573915,5305.039761741123,False,3,9.278752660807372,9.064369274574224,0.21438338623314962,0.2357528996312417,11.373123882235632,492.2415180494436,TabArena_IID,0.5250682484635931,0.0656832659134235,DAUC < 0.55,source::healthcare_insurance_expenses,
tabpfn,pca_var95,same_hyperparameters,joint_pca_var95,pca_train_only_var95,heloc,0.1982978354100605,0.19830240830559495,0.19813142890480717,False,3,-0.0839879398100287,-0.08629595099217055,0.0023080111821418537,0.0023060211792351516,4.572895534460386e-06,-0.00016640650525331924,TabArena_IID,0.5007809088419239,0.0177986239441687,DAUC < 0.55,source::heloc,
tabpfn,pca_var95,same_hyperparameters,joint_pca_var95,pca_train_only_var95,jm1,0.2582773950252477,0.2597773964435835,0.2637242968115845,False,3,2.065377309633427,1.4966009638546207,0.5687763457788064,0.5774179889671589,0.0015000014183357835,0.0054469017863367775,TabArena_IID,0.5013936268693818,0.0156089518163831,DAUC < 0.55,source::jm1,
tabpfn,pca_var95,same_hyperparameters,joint_pca_var95,pca_train_only_var95,maternal_health_risk,0.04749347680368703,0.047373826815900195,0.046240223808542334,False,3,-2.7103091030307156,-2.45155173134876,-0.25875737168195534,-0.252565595453816,-0.00011964998778683789,-0.0012532529951446991,TabArena_IID,0.4809925428071595,0.03878222065645,DAUC < 0.55,source::maternal_health_risk,
tabpfn,pca_var95,same_hyperparameters,joint_pca_var95,pca_train_only_var95,online_shoppers_intention,0.06725665893025036,0.06725243467797314,0.06716734616781866,False,3,-0.13297050952191256,-0.12668136380120826,-0.006289145720704292,-0.006281188625290847,-4.2242522772240054e-06,-8.931276243169528e-05,TabArena_IID,0.5085433381403395,0.0162298164122981,DAUC < 0.55,source::online_shoppers_intention,
tabpfn,pca_var95,same_hyperparameters,joint_pca_var95,pca_train_only_var95,polish_companies_bankruptcy,0.035854642016919236,0.03862872990613353,0.03608486251999544,False,3,0.6379974510049237,-7.049680138668889,7.687677589673812,7.181411079150754,0.002774087889214294,0.00023022050307620195,TabArena_IID,0.4797271737327021,0.028469599510753,DAUC < 0.55,source::polish_companies_bankruptcy,
tabpfn,pca_var95,same_hyperparameters,joint_pca_var95,pca_train_only_var95,qsar-biodeg,0.061132920470144764,0.062793736102137,0.06174120190012424,False,3,0.9852115139635041,-1.7047517210879508,2.689963235051455,2.644874688282342,0.0016608156319922324,0.0006082814299794778,TabArena_IID,0.5242964850267431,0.0520357221163414,DAUC < 0.55,source::qsar-biodeg,
tabpfn,pca_var95,same_hyperparameters,joint_pca_var95,pca_train_only_var95,seismic-bumps,0.22351093038055414,0.22266921591547237,0.22500151538162685,False,3,0.6624777608917526,1.036570559179859,-0.37409279828810643,-0.3780111505854927,-0.0008417144650817721,0.001490585001072714,TabArena_IID,0.5032746248400783,0.0270932551506253,DAUC < 0.55,source::seismic-bumps,
tabpfn,pca_var95,same_hyperparameters,joint_pca_var95,pca_train_only_var95,splice,0.0047421837540313,0.0047421837540313,0.0047421837540313,True,3,,,,,0.0,0.0,TabArena_IID,0.4935215615848055,0.0,DAUC < 0.55,source::splice,
tabpfn,pca_var95,same_hyperparameters,joint_pca_var95,pca_train_only_var95,students_dropout_and_academic_success,0.1000197528979949,0.10023206230782795,0.09889409217793484,False,3,-1.138248701484338,-1.352932314182914,0.2146836126985759,0.21181786041777295,0.00021230940983305024,-0.0011256607200600677,TabArena_IID,0.4990070724969652,0.0241838594407484,DAUC < 0.55,source::students_dropout_and_academic_success,
tabpfn,pca_var95,same_hyperparameters,joint_pca_var95,pca_train_only_var95,synthetic_large_test,0.2439153482936673,0.2438842648667168,0.2439493342287154,False,1,0.01393155474498858,0.026673309933116163,-0.012741755188127585,-0.012745154742753574,-3.1083426950490045e-05,3.398593504810865e-05,synthetic,0.64072835,0.0878719999999999,0.55 <= DAUC < 0.75,source::synthetic_generator,
tabpfn,pca_var95,same_hyperparameters,joint_pca_var95,pca_train_only_var95,synthetic_shift_0.0,0.2427082841234472,0.2426043282391259,0.2422123920007034,False,1,-0.20473441455561242,-0.16181510581892414,-0.04291930873668827,-0.04284997101075384,-0.00010395588432129954,-0.0004958921227437851,synthetic,0.49784605,0.011,DAUC < 0.55,source::synthetic_generator,
tabpfn,pca_var95,same_hyperparameters,joint_pca_var95,pca_train_only_var95,synthetic_shift_0.5,0.2412032139622153,0.2409719728584369,0.2407155594914597,False,1,-0.20258535500814046,-0.10652130984757001,-0.09606404516057046,-0.09596182536723563,-0.00023124110377839568,-0.0004876544707556052,synthetic,0.5719888750000001,0.04362,0.55 <= DAUC < 0.75,source::synthetic_generator,
tabpfn,pca_var95,same_hyperparameters,joint_pca_var95,pca_train_only_var95,synthetic_shift_1.0,0.2433765624389036,0.2436340521696933,0.2432389244424748,False,1,-0.05658551432270764,-0.1624442831771973,0.10585876885448967,0.10568708622486082,0.00025748973078970616,-0.0001376379964287966,synthetic,0.643362075,0.08208,0.55 <= DAUC < 0.75,source::synthetic_generator,
tabpfn,pca_var95,same_hyperparameters,joint_pca_var95,pca_train_only_var95,synthetic_shift_3.0,0.2516112122762148,0.25289747314578,0.2518339846547315,False,1,0.08846001417248142,-0.42229744826002774,0.5107574624325092,0.5086096169983202,0.0012862608695651812,0.00022277237851670018,synthetic,0.8405509999999999,0.20872,0.75 <= DAUC < 0.95,source::synthetic_generator,
tabpfn,pca_var95,same_hyperparameters,joint_pca_var95,pca_train_only_var95,synthetic_shift_5.0,0.2600638299047252,0.2650942913817014,0.2605052599197843,False,1,0.1694514787129489,-1.7615887922302038,1.9310402709431527,1.8976121480235706,0.005030461476976167,0.0004414300150590855,synthetic,0.93479215,0.30666,0.75 <= DAUC < 0.95,source::synthetic_generator,
tabpfn,pca_var95,same_hyperparameters,joint_pca_var95,pca_train_only_var95,tabred_delivery_eta__gap_far,0.5520058943461413,0.5544885627867283,0.5502068249923597,False,1,-0.326980559320867,-0.7782051402993839,0.4512245809785169,0.4477402433892726,0.002482668440586977,-0.0017990693537816016,TabReD_gap,0.999999625,0.2379337040655923,DAUC >= 0.95,source::tabred_delivery_eta,tabred_delivery_eta
tabpfn,pca_var95,same_hyperparameters,joint_pca_var95,pca_train_only_var95,tabred_delivery_eta__gap_maxdiff,0.5493607295486241,0.547582631734142,0.5487472365967985,False,1,-0.11179882301192191,0.2122297453157242,-0.3240285683276461,-0.324717715909115,-0.001778097814482127,-0.0006134929518256671,TabReD_gap,1.0,0.2496496029927623,DAUC >= 0.95,source::tabred_delivery_eta,tabred_delivery_eta
tabpfn,pca_var95,same_hyperparameters,joint_pca_var95,pca_train_only_var95,tabred_delivery_eta__gap_near,0.564676339651927,0.5659264209237915,0.5658953500066907,False,1,0.2154126827070183,-0.005490576499788216,0.2209032592068065,0.22089113101027716,0.0012500812718645449,0.0012190103547636832,TabReD_gap,0.946211,0.1571228260314691,0.75 <= DAUC < 0.95,source::tabred_delivery_eta,tabred_delivery_eta
tabpfn,pca_var95,same_hyperparameters,joint_pca_var95,pca_train_only_var95,tabred_homesite__gap_far,0.088410027235008,0.0887565337844562,0.0816863083666887,False,1,-8.231145467042793,-8.655337178452669,0.42419171140987605,0.39040117349522807,0.0003465065494482056,-0.006723718868319295,TabReD_gap,1.0,0.0830990647492541,DAUC >= 0.95,source::tabred_homesite,tabred_homesite
tabpfn,pca_var95,same_hyperparameters,joint_pca_var95,pca_train_only_var95,tabred_homesite__gap_near,0.0492957440858587,0.0492059643067059,0.0496741211007164,False,1,0.7617185900290595,0.9424561192764591,-0.1807375292473996,-0.1824571074213469,-8.9779779152796e-05,0.00037837701485770453,TabReD_gap,1.0,0.0437974647176086,DAUC >= 0.95,source::tabred_homesite,tabred_homesite
tabpfn,pca_var95,same_hyperparameters,joint_pca_var95,pca_train_only_var95,tabred_sberbank__gap_far,0.3726955377114062,0.3700904534581306,0.3928951293056008,False,1,5.141217105413134,5.804265348815847,-0.6630482434027126,-0.703904742457866,-0.0026050842532756024,0.0201995915941946,TabReD_gap,1.0,0.235749592588427,DAUC >= 0.95,source::tabred_sberbank,tabred_sberbank
tabpfn,pca_var95,same_hyperparameters,joint_pca_var95,pca_train_only_var95,tabred_sberbank__gap_near,0.2478353995606033,0.2424457772580878,0.2477424059564321,False,1,-0.03753640956710195,2.137958044726408,-2.1754944542935104,-2.223021726123177,-0.0053896223025154955,-9.299360417119873e-05,TabReD_gap,1.0,0.2265311490062835,DAUC >= 0.95,source::tabred_sberbank,tabred_sberbank
tabpfn,pca_var95,same_hyperparameters,joint_pca_var95,pca_train_only_var95,tabred_weather__gap_far,1.5988223569958409,1.619374220394063,1.6156473980942971,False,1,1.0413807566119877,-0.2306705227985913,1.272051279410579,1.2691237849408945,0.020551863398222237,0.016825041098456284,TabReD_gap,1.0,0.1012016963019497,DAUC >= 0.95,source::tabred_weather,tabred_weather
tabpfn,pca_var95,same_hyperparameters,joint_pca_var95,pca_train_only_var95,tabred_weather__gap_maxdiff,1.7587742187958082,1.7638375340726236,1.7468705124362365,False,1,-0.68143037934566,-0.9712810145684112,0.28985063522275123,0.2870624521253036,0.005063315276815361,-0.01190370635957172,TabReD_gap,1.0,0.2280292319342118,DAUC >= 0.95,source::tabred_weather,tabred_weather
tabpfn,pca_var95,same_hyperparameters,joint_pca_var95,pca_train_only_var95,tabred_weather__gap_near,1.683915746923467,1.6847128279842407,1.6838261915156958,False,1,-0.005318566026728704,-0.052656056368075355,0.047337490341346655,0.047312577403919656,0.0007970810607738077,-8.955540777111359e-05,TabReD_gap,1.0,0.0948655339805825,DAUC >= 0.95,source::tabred_weather,tabred_weather
tabpfn,pca_var95,same_hyperparameters,joint_pca_var95,pca_train_only_var95,taiwanese_bankruptcy_prediction,0.060941588676081904,0.06057826296001181,0.05860884184002716,False,3,-3.9801960980938262,-3.3602798795447644,-0.6199162185490618,-0.5997625192883641,-0.0003633257160700967,-0.002332746836054743,TabArena_IID,0.4813707690648705,0.0246058424438091,DAUC < 0.55,source::taiwanese_bankruptcy_prediction,
tabpfn,pca_var95,same_hyperparameters,joint_pca_var95,pca_train_only_var95,website_phishing,0.019962495978092933,0.019962495978092933,0.019962495978092933,True,3,,,,,0.0,0.0,TabArena_IID,0.4974870109756609,0.0,DAUC < 0.55,source::website_phishing,
tabpfn,pca_var95,same_hyperparameters,joint_pca_var95,pca_train_only_var95,wine_quality,0.11139813198037084,0.11133733121320688,0.10840946031599134,False,3,-2.756836585726125,-2.7007522117363134,-0.05608437398981172,-0.05460950653426916,-6.0800767163957103e-05,-0.002988671664379494,TabArena_IID,0.4933509159780399,0.021301046461716,DAUC < 0.55,source::wine_quality,
bag8,target_sensitivity_m5,loose_regularization_sensitivity,target_enc_ratio,target_enc_standard_m5,APSFailure,0.007795399190903867,0.007795399190903867,0.007795399190903867,True,3,,,,,0.0,0.0,TabArena_IID,0.5018079,0.0059871498851508,DAUC < 0.55,source::APSFailure,
bag8,target_sensitivity_m5,loose_regularization_sensitivity,target_enc_ratio,target_enc_standard_m5,Amazon_employee_access,0.17828224905967616,0.1841455937348623,0.15525080906850117,False,3,-14.834988705928643,-18.6116805701231,3.7766918641944542,3.18408089830721,0.0058633446751861495,-0.02303143999117499,TabArena_IID,0.4973770565852067,0.0,DAUC < 0.55,source::Amazon_employee_access,
bag8,target_sensitivity_m5,loose_regularization_sensitivity,target_enc_ratio,target_enc_standard_m5,Another-Dataset-on-used-Fiat-500,748.4780342430635,748.4780342430635,748.4780342430635,False,3,0.0,0.0,0.0,0.0,0.0,0.0,TabArena_IID,0.5250604059451488,0.0313157709499172,DAUC < 0.55,source::Another-Dataset-on-used-Fiat-500,
bag8,target_sensitivity_m5,loose_regularization_sensitivity,target_enc_ratio,target_enc_standard_m5,Bank_Customer_Churn,0.13414590009439034,0.13414590009439034,0.1341471949045324,False,3,0.0009652159651724678,0.0009652159651724678,0.0,0.0,0.0,1.294810142049574e-06,TabArena_IID,0.4985240625,0.0158125,DAUC < 0.55,source::Bank_Customer_Churn,
bag8,target_sensitivity_m5,loose_regularization_sensitivity,target_enc_ratio,target_enc_standard_m5,Bioresponse,0.12509248702085657,0.12509248702085657,0.12509248702085657,False,3,0.0,0.0,0.0,0.0,0.0,0.0,TabArena_IID,0.5301520014716704,0.0098021704294174,DAUC < 0.55,source::Bioresponse,
bag8,target_sensitivity_m5,loose_regularization_sensitivity,target_enc_ratio,target_enc_standard_m5,Diabetes130US,0.36087818739576133,0.3637311505780527,0.3529402335997825,False,3,-2.2490929172388148,-3.057434645013188,0.8083417277743731,0.78436042053516,0.0028529631822913903,-0.007937953795978836,TabArena_IID,0.5012846750000001,0.0039252033937267,DAUC < 0.55,source::diabetes_130_us,
bag8,target_sensitivity_m5,loose_regularization_sensitivity,target_enc_ratio,target_enc_standard_m5,E-CommereShippingData,0.2593065499044503,0.2593065499044503,0.25874591438248,False,3,-0.2166741543758411,-0.2166741543758411,0.0,0.0,0.0,-0.0005606355219702763,TabArena_IID,0.500688337854552,0.0144240392331084,DAUC < 0.55,source::E-CommereShippingData,
bag8,target_sensitivity_m5,loose_regularization_sensitivity,target_enc_ratio,target_enc_standard_m5,Fitness_Club,0.19822094726157705,0.19822094726157705,0.19806031347407185,False,3,-0.08110347029528554,-0.08110347029528554,0.0,0.0,0.0,-0.0001606337875051933,TabArena_IID,0.5044166666666666,0.0338611518035256,DAUC < 0.55,source::Fitness_Club,
bag8,target_sensitivity_m5,loose_regularization_sensitivity,target_enc_ratio,target_enc_standard_m5,Food_Delivery_Time,7.660821302537523,7.678439702644965,7.61254331638673,False,3,-0.634189969689507,-0.865629048262849,0.231439078573342,0.2294528678967555,0.017618400107441978,-0.048277986150793595,TabArena_IID,0.4998231287092426,0.0079414057802949,DAUC < 0.55,source::Food_Delivery_Time,
bag8,target_sensitivity_m5,loose_regularization_sensitivity,target_enc_ratio,target_enc_standard_m5,GiveMeSomeCredit,0.13467859812932512,0.13467859812932512,0.13467859812932512,False,3,0.0,0.0,0.0,0.0,0.0,0.0,TabArena_IID,0.5044638750000001,0.0040447365644625,DAUC < 0.55,source::GiveMeSomeCredit,
bag8,target_sensitivity_m5,loose_regularization_sensitivity,target_enc_ratio,target_enc_standard_m5,HR_Analytics_Job_Change_of_Data_Scientists,0.1966758511425459,0.1969190362990683,0.19807157913220882,False,3,0.7046583844981111,0.5818819833668494,0.12277640113126176,0.12349499626488669,0.00024318515652238526,0.0013957279896629204,TabArena_IID,0.5006432616140332,0.0155574144065088,DAUC < 0.55,source::HR_Analytics_Job_Change_of_Data_Scientists,
bag8,target_sensitivity_m5,loose_regularization_sensitivity,target_enc_ratio,target_enc_standard_m5,Is-this-a-good-customer,0.26791688992081925,0.2661716148946011,0.2816658347110213,False,3,4.881296591866729,5.500922691712568,-0.6196260998458393,-0.6556953967120893,-0.0017452750262181294,0.013748944790202056,TabArena_IID,0.5089344102652231,0.0467264045771018,DAUC < 0.55,source::Is-this-a-good-customer,
bag8,target_sensitivity_m5,loose_regularization_sensitivity,target_enc_ratio,target_enc_standard_m5,MIC,0.15214808923699322,0.1533388770342169,0.17328258022548715,False,3,12.196546797140421,11.509352622357161,0.6871941747832587,0.7765726606684068,0.0011907877972236747,0.02113449098849393,TabArena_IID,0.5315440298650391,0.1023684174323937,DAUC < 0.55,source::MIC,
bag8,target_sensitivity_m5,loose_regularization_sensitivity,target_enc_ratio,target_enc_standard_m5,Marketing_Campaign,0.08774748786819801,0.0866413384222773,0.09077602790089785,False,3,3.3362773220328186,4.55482529279039,-1.2185479707575715,-1.2766993978434475,-0.0011061494459207177,0.003028540032699839,TabArena_IID,0.4893010633270867,0.0318521792685864,DAUC < 0.55,source::Marketing_Campaign,
bag8,target_sensitivity_m5,loose_regularization_sensitivity,target_enc_ratio,target_enc_standard_m5,NATICUSdroid,0.015374123980250199,0.015374123980250199,0.015374123980250199,True,3,,,,,0.0,0.0,TabArena_IID,0.4909448935914827,0.0,DAUC < 0.55,source::NATICUSdroid,
bag8,target_sensitivity_m5,loose_regularization_sensitivity,target_enc_ratio,target_enc_standard_m5,QSAR-TID-11,0.7712617761086863,0.7712617761086863,0.7712617761086863,False,3,0.0,0.0,0.0,0.0,0.0,0.0,TabArena_IID,0.5050515529554785,0.0053456712564641,DAUC < 0.55,source::QSAR-TID-11,
bag8,target_sensitivity_m5,loose_regularization_sensitivity,target_enc_ratio,target_enc_standard_m5,QSAR_fish_toxicity,0.8879213450978166,0.8879213450978166,0.8879213450978166,False,3,0.0,0.0,0.0,0.0,0.0,0.0,TabArena_IID,0.4678368023195609,0.045171150688392,DAUC < 0.55,source::QSAR_fish_toxicity,
bag8,target_sensitivity_m5,loose_regularization_sensitivity,target_enc_ratio,target_enc_standard_m5,SDSS17,0.007140313417912333,0.0072301877613727,0.006966283496635968,True,3,,,,,8.987434346036712e-05,-0.00017402992127636512,TabArena_IID,0.503639075,0.0056937685466399,DAUC < 0.55,source::SDSS17,
bag8,target_sensitivity_m5,loose_regularization_sensitivity,target_enc_ratio,target_enc_standard_m5,airfoil_self_noise,1.510035416249483,1.5232063537991756,1.5191985317946408,False,3,0.603154581405069,-0.2638116033327313,0.8669661847378002,0.8646850452561317,0.013170937549692674,0.009163115545157918,TabArena_IID,0.5474124587140708,0.0529488504762273,DAUC < 0.55,source::airfoil_self_noise,
bag8,target_sensitivity_m5,loose_regularization_sensitivity,target_enc_ratio,target_enc_standard_m5,anneal,0.0012825653047834334,0.0015863857861015667,0.005311829229791567,True,3,,,,,0.00030382048131813335,0.004029263925008134,TabArena_IID,0.43732935660019,0.0336531517590013,DAUC < 0.55,source::anneal,
bag8,target_sensitivity_m5,loose_regularization_sensitivity,target_enc_ratio,target_enc_standard_m5,bank-marketing,0.23754552358724587,0.23754552358724587,0.23769053892853007,False,3,0.06101014450886394,0.06101014450886394,0.0,0.0,0.0,0.0001450153412841937,TabArena_IID,0.4965386712119099,0.0053437601561689,DAUC < 0.55,source::bank-marketing,
bag8,target_sensitivity_m5,loose_regularization_sensitivity,target_enc_ratio,target_enc_standard_m5,bike_sharing,124.53282681154076,124.5264022337862,124.5295491522315,False,1,-0.0026320333861124517,0.0025270455620528673,-0.005159078948165319,-0.005159209323735571,-0.0064245777545579585,-0.0032776593092620487,real_shift,0.724417889739124,0.0462872471556019,0.55 <= DAUC < 0.75,source::bike_sharing,
bag8,target_sensitivity_m5,loose_regularization_sensitivity,target_enc_ratio,target_enc_standard_m5,blood-transfusion-service-center,0.2943193081573991,0.2943193081573991,0.2943193081573991,False,3,0.0,0.0,0.0,0.0,0.0,0.0,TabArena_IID,0.5146430905695611,0.0393868450390189,DAUC < 0.55,source::blood-transfusion-service-center,
bag8,target_sensitivity_m5,loose_regularization_sensitivity,target_enc_ratio,target_enc_standard_m5,brfss_diabetes,0.1760835720855686,0.1761227417188118,0.1762096282165715,False,1,0.07153759546439678,0.04930859830934689,0.022228997155049897,0.022239963369251787,3.9169633243185675e-05,0.00012605613100288848,real_shift,0.6218414250000001,0.0278607379887395,0.55 <= DAUC < 0.75,source::brfss_diabetes,
bag8,target_sensitivity_m5,loose_regularization_sensitivity,target_enc_ratio,target_enc_standard_m5,churn,0.08415527957562896,0.08359995124528234,0.08373592096225208,False,3,-0.5008108928137679,0.16237919808755436,-0.6631900909013222,-0.6642687251303353,-0.0005553283303466189,-0.0004193586133768856,TabArena_IID,0.4777912499999999,0.0261333333333333,DAUC < 0.55,source::churn,
bag8,target_sensitivity_m5,loose_regularization_sensitivity,target_enc_ratio,target_enc_standard_m5,coil2000_insurance_policies,0.24643821626089665,0.24617435225323012,0.2503404243359272,False,3,1.5587606697487366,1.664162747086619,-0.10540207733788227,-0.10718582388920428,-0.0002638640076665366,0.0039022080750305277,TabArena_IID,0.4998567392475893,0.009434077843747,DAUC < 0.55,source::coil2000_insurance_policies,
bag8,target_sensitivity_m5,loose_regularization_sensitivity,target_enc_ratio,target_enc_standard_m5,concrete_compressive_strength,4.340134707907356,4.340134707907356,4.340134707907356,False,3,0.0,0.0,0.0,0.0,0.0,0.0,TabArena_IID,0.5128188681237462,0.0502123786407767,DAUC < 0.55,source::concrete_compressive_strength,
bag8,target_sensitivity_m5,loose_regularization_sensitivity,target_enc_ratio,target_enc_standard_m5,credit-g,0.22383111404570633,0.22267231576244448,0.23617982954892822,False,3,5.228522489327849,5.719164846668438,-0.4906423573405893,-0.520405187907642,-0.001158798283261847,0.012348715503221891,TabArena_IID,0.4666875,0.0366071428571428,DAUC < 0.55,source::credit-g,
bag8,target_sensitivity_m5,loose_regularization_sensitivity,target_enc_ratio,target_enc_standard_m5,credit_card_clients_default,0.21539685403394912,0.21539764735967268,0.21600021694556126,False,3,0.2793344007447035,0.27896712068601814,0.0003672800586853632,0.00036830751555678217,7.933257235581692e-07,0.0006033629116121431,TabArena_IID,0.5084822083333334,0.0089083333333333,DAUC < 0.55,source::credit_card_clients_default,
bag8,target_sensitivity_m5,loose_regularization_sensitivity,target_enc_ratio,target_enc_standard_m5,customer_satisfaction_in_airline,0.005447150860236734,0.005446437307955333,0.0056408237053047336,True,3,,,,,-7.135522814005757e-07,0.00019367284506799972,TabArena_IID,0.4966771,0.0063438979047851,DAUC < 0.55,source::customer_satisfaction_in_airline,
bag8,target_sensitivity_m5,loose_regularization_sensitivity,target_enc_ratio,target_enc_standard_m5,diabetes,0.16934535483580615,0.16934535483580615,0.16934535483580615,False,3,0.0,0.0,0.0,0.0,0.0,0.0,TabArena_IID,0.5164146241145119,0.0782684335208765,DAUC < 0.55,source::diabetes,
bag8,target_sensitivity_m5,loose_regularization_sensitivity,target_enc_ratio,target_enc_standard_m5,diabetes_hospital,0.3467800395209509,0.3436656656491571,0.3461028034487377,False,1,-0.19567482998256408,0.7041658649672042,-0.8998406949497684,-0.9062220009412192,-0.003114373871793752,-0.0006772360722132054,real_shift,0.938254775,0.0569622287584916,0.75 <= DAUC < 0.95,source::diabetes_130_us,
bag8,target_sensitivity_m5,loose_regularization_sensitivity,target_enc_ratio,target_enc_standard_m5,diamonds,531.9541768448786,531.9541768448786,533.6157469570486,False,3,0.3113795126259183,0.3113795126259183,0.0,0.0,0.0,1.6615701121700113,TabArena_IID,0.500012025,0.0064925534544555,DAUC < 0.55,source::diamonds,
bag8,target_sensitivity_m5,loose_regularization_sensitivity,target_enc_ratio,target_enc_standard_m5,folktables_coverage,0.180100116210656,0.180100116210656,0.1802445690392519,False,1,0.08014268022935324,0.08014268022935324,0.0,0.0,0.0,0.00014445282859590347,Folktables,0.55100065,0.0153198007637392,0.55 <= DAUC < 0.75,source::folktables,
bag8,target_sensitivity_m5,loose_regularization_sensitivity,target_enc_ratio,target_enc_standard_m5,folktables_coverage_covid,0.1863481854463067,0.1863481854463067,0.1863877343928588,False,1,0.021218642246451567,0.021218642246451567,0.0,0.0,0.0,3.954894655208707e-05,Folktables,0.6727981749999998,0.0219409140498816,0.55 <= DAUC < 0.75,source::folktables,
bag8,target_sensitivity_m5,loose_regularization_sensitivity,target_enc_ratio,target_enc_standard_m5,folktables_employment,0.0923294116486064,0.0923322801926199,0.0923388145690792,False,1,0.01018306387913005,0.007076521926131343,0.0031065419529987055,0.0031067618036789355,2.8685440134901263e-06,9.40292047280078e-06,Folktables,0.5412264,0.0268211334088744,DAUC < 0.55,source::folktables,
bag8,target_sensitivity_m5,loose_regularization_sensitivity,target_enc_ratio,target_enc_standard_m5,folktables_income,0.1124457539153526,0.1125349416392534,0.1120155290170952,False,1,-0.3840761205455124,-0.4636969772993947,0.07962085675388234,0.07925336131306548,8.918772390080487e-05,-0.00043022489825739196,Folktables,0.6541794249999999,0.0202054476966708,0.55 <= DAUC < 0.75,source::folktables,
bag8,target_sensitivity_m5,loose_regularization_sensitivity,target_enc_ratio,target_enc_standard_m5,folktables_mobility,0.2595332924234184,0.2595332924234184,0.2597460318536995,False,1,0.08190286056070731,0.08190286056070731,0.0,0.0,0.0,0.00021273943028110587,Folktables,0.5783444999999999,0.0427119057499453,0.55 <= DAUC < 0.75,source::folktables,
bag8,target_sensitivity_m5,loose_regularization_sensitivity,target_enc_ratio,target_enc_standard_m5,folktables_travel_time,0.2073327160075111,0.2073289214863065,0.2080129492789471,False,1,0.3270148679656422,0.32883904344017967,-0.0018241754745374887,-0.0018301938665413239,-3.7945212046086585e-06,0.0006802332714359871,Folktables,0.657996475,0.0224917765156315,0.55 <= DAUC < 0.75,source::folktables,
bag8,target_sensitivity_m5,loose_regularization_sensitivity,target_enc_ratio,target_enc_standard_m5,folktables_travel_time_covid,0.2017031574494274,0.2018899050297314,0.2035722517222109,False,1,0.9181478600207362,0.8264125774740673,0.09173528254666899,0.09249971179910406,0.00018674758030398642,0.0018690942727835058,Folktables,0.788992325,0.0142218987079578,0.75 <= DAUC < 0.95,source::folktables,
bag8,target_sensitivity_m5,loose_regularization_sensitivity,target_enc_ratio,target_enc_standard_m5,gas_sensor_drift,0.1243783594646005,0.1243783594646005,0.1243783594646005,False,1,0.0,0.0,0.0,0.0,0.0,0.0,real_shift,0.9997012367140782,0.2156844866039522,DAUC >= 0.95,source::gas_sensor_drift,
bag8,target_sensitivity_m5,loose_regularization_sensitivity,target_enc_ratio,target_enc_standard_m5,hazelnut-spread-contaminant-detection,0.0295020833333333,0.0295020833333333,0.0295020833333333,False,3,0.0,0.0,0.0,0.0,0.0,0.0,TabArena_IID,0.5092881944444444,0.0430034722222222,DAUC < 0.55,source::hazelnut-spread-contaminant-detection,
bag8,target_sensitivity_m5,loose_regularization_sensitivity,target_enc_ratio,target_enc_standard_m5,healthcare_insurance_expenses,4627.335128936509,4627.335128936509,4620.357678458792,False,3,-0.15101537507036505,-0.15101537507036505,0.0,0.0,0.0,-6.977450477716957,TabArena_IID,0.5250682484635931,0.0656832659134235,DAUC < 0.55,source::healthcare_insurance_expenses,
bag8,target_sensitivity_m5,loose_regularization_sensitivity,target_enc_ratio,target_enc_standard_m5,heloc,0.20568240256918216,0.20568240256918216,0.20568240256918216,False,3,0.0,0.0,0.0,0.0,0.0,0.0,TabArena_IID,0.5007809088419239,0.0177986239441687,DAUC < 0.55,source::heloc,
bag8,target_sensitivity_m5,loose_regularization_sensitivity,target_enc_ratio,target_enc_standard_m5,hiva_agnostic,0.5008062354812467,0.5008062354812467,0.5036540337357714,False,3,0.5654274688126032,0.5654274688126032,0.0,0.0,0.0,0.002847798254524747,TabArena_IID,0.496315651907474,0.0,DAUC < 0.55,source::hiva_agnostic,
bag8,target_sensitivity_m5,loose_regularization_sensitivity,target_enc_ratio,target_enc_standard_m5,houses,0.2171784423060367,0.2171784423060367,0.2171784423060367,False,3,0.0,0.0,0.0,0.0,0.0,0.0,TabArena_IID,0.4876979973585736,0.0143910489341085,DAUC < 0.55,source::houses,
bag8,target_sensitivity_m5,loose_regularization_sensitivity,target_enc_ratio,target_enc_standard_m5,in_vehicle_coupon_recommendation,0.16331830241914722,0.1638155701249836,0.1669647312821876,False,3,2.1839515657217183,1.88612357413471,0.29782799158700846,0.3035533835135409,0.000497267705836385,0.0036464288630403963,TabArena_IID,0.4999967486682508,0.0148968616209672,DAUC < 0.55,source::in_vehicle_coupon_recommendation,
bag8,target_sensitivity_m5,loose_regularization_sensitivity,target_enc_ratio,target_enc_standard_m5,jm1,0.2523411082373615,0.2523411082373615,0.2523411082373615,False,3,0.0,0.0,0.0,0.0,0.0,0.0,TabArena_IID,0.5013936268693818,0.0156089518163831,DAUC < 0.55,source::jm1,
bag8,target_sensitivity_m5,loose_regularization_sensitivity,target_enc_ratio,target_enc_standard_m5,kddcup09_appetency,0.4034743550079021,0.42248791582812156,0.19833659694940486,False,3,-103.42910043516947,-113.01561200825539,9.586511573085927,4.500379799727733,0.01901356082021949,-0.2051377580584972,TabArena_IID,0.502529275,0.0355100272725716,DAUC < 0.55,source::kddcup09_appetency,
bag8,target_sensitivity_m5,loose_regularization_sensitivity,target_enc_ratio,target_enc_standard_m5,lending_club,0.3110094974649404,0.3110116346463,0.3115974664807988,False,1,0.18869505663796,0.18800917771097622,0.0006858789269837862,0.0006871708712883648,2.1371813596071654e-06,0.0005879690158583917,real_shift,0.94616475,0.0622442459135606,0.75 <= DAUC < 0.95,source::lending_club,
bag8,target_sensitivity_m5,loose_regularization_sensitivity,target_enc_ratio,target_enc_standard_m5,maternal_health_risk,0.06193628607029456,0.06193628607029456,0.06193628607029456,False,3,0.0,0.0,0.0,0.0,0.0,0.0,TabArena_IID,0.4809925428071595,0.03878222065645,DAUC < 0.55,source::maternal_health_risk,
bag8,target_sensitivity_m5,loose_regularization_sensitivity,target_enc_ratio,target_enc_standard_m5,miami_housing,87451.21952160071,87451.21950995516,87451.21914052036,False,3,-4.3576333201539837e-07,-4.224467097592993e-07,-1.3316622256099078e-08,-1.3316622199843444e-08,-1.164554851129651e-05,-0.00038108034641481936,TabArena_IID,0.5000548768378967,0.0174142973418732,DAUC < 0.55,source::miami_housing,
bag8,target_sensitivity_m5,loose_regularization_sensitivity,target_enc_ratio,target_enc_standard_m5,online_shoppers_intention,0.0653681918631245,0.0652370891763793,0.06587676166406567,False,3,0.7720018229411367,0.9710138621390351,-0.19901203919789834,-0.20096342188220348,-0.00013110268674519643,0.0005085698009411749,TabArena_IID,0.5085433381403395,0.0162298164122981,DAUC < 0.55,source::online_shoppers_intention,
bag8,target_sensitivity_m5,loose_regularization_sensitivity,target_enc_ratio,target_enc_standard_m5,physiochemical_protein,3.4820759024608896,3.4820759024608896,3.4820759024608896,False,3,0.0,0.0,0.0,0.0,0.0,0.0,TabArena_IID,0.5001884949523016,0.0130870811769565,DAUC < 0.55,source::physiochemical_protein,
bag8,target_sensitivity_m5,loose_regularization_sensitivity,target_enc_ratio,target_enc_standard_m5,polish_companies_bankruptcy,0.04399807589132929,0.04399807589132929,0.04399807589132929,False,3,0.0,0.0,0.0,0.0,0.0,0.0,TabArena_IID,0.4797271737327021,0.028469599510753,DAUC < 0.55,source::polish_companies_bankruptcy,
bag8,target_sensitivity_m5,loose_regularization_sensitivity,target_enc_ratio,target_enc_standard_m5,qsar-biodeg,0.07016595828700294,0.06951106622906662,0.06976872366754223,False,3,-0.5693591606370499,0.3693022101183695,-0.9386613707554194,-0.9421407172466363,-0.0006548920579363127,-0.00039723461946070127,TabArena_IID,0.5242964850267431,0.0520357221163414,DAUC < 0.55,source::qsar-biodeg,
bag8,target_sensitivity_m5,loose_regularization_sensitivity,target_enc_ratio,target_enc_standard_m5,seismic-bumps,0.2467955280597692,0.2467955280597692,0.24680305204571742,False,3,0.0030485789725272533,0.0030485789725272533,0.0,0.0,0.0,7.5239859482212346e-06,TabArena_IID,0.5032746248400783,0.0270932551506253,DAUC < 0.55,source::seismic-bumps,
bag8,target_sensitivity_m5,loose_regularization_sensitivity,target_enc_ratio,target_enc_standard_m5,shifts_weather,2.164518455518772,2.164518455518772,2.164518455518772,False,1,0.0,0.0,0.0,0.0,0.0,0.0,real_shift,0.99970015,0.1722711733109805,DAUC >= 0.95,source::shifts_weather,
bag8,target_sensitivity_m5,loose_regularization_sensitivity,target_enc_ratio,target_enc_standard_m5,splice,0.005241621625302367,0.0053516289064451,0.0052733804611511,True,3,,,,,0.00011000728114273287,3.1758835848732896e-05,TabArena_IID,0.4935215615848055,0.0,DAUC < 0.55,source::splice,
bag8,target_sensitivity_m5,loose_regularization_sensitivity,target_enc_ratio,target_enc_standard_m5,students_dropout_and_academic_success,0.10475360252920857,0.10516896884370193,0.10631191401496416,False,3,1.4657919577445024,1.0750866277333275,0.3907053300111749,0.3949513996953452,0.00041536631449336225,0.0015583114857555952,TabArena_IID,0.4990070724969652,0.0241838594407484,DAUC < 0.55,source::students_dropout_and_academic_success,
bag8,target_sensitivity_m5,loose_regularization_sensitivity,target_enc_ratio,target_enc_standard_m5,superconductivity,9.267409420567729,9.267409420567729,9.267409420567729,False,3,0.0,0.0,0.0,0.0,0.0,0.0,TabArena_IID,0.4966916245247805,0.0148733486354602,DAUC < 0.55,source::superconductivity,
bag8,target_sensitivity_m5,loose_regularization_sensitivity,target_enc_ratio,target_enc_standard_m5,synthetic_label_shift,0.2404443410989011,0.2404443410989011,0.2403954804395605,False,1,-0.020325115618335513,-0.020325115618335513,0.0,0.0,0.0,-4.8860659340593804e-05,synthetic,0.54006835,0.01992,DAUC < 0.55,source::synthetic_generator,
bag8,target_sensitivity_m5,loose_regularization_sensitivity,target_enc_ratio,target_enc_standard_m5,synthetic_large_test,0.2543615261953982,0.2543615261953982,0.2541956891847217,False,1,-0.0652398989174065,-0.0652398989174065,0.0,0.0,0.0,-0.00016583701067651724,synthetic,0.64072835,0.0878719999999999,0.55 <= DAUC < 0.75,source::synthetic_generator,
bag8,target_sensitivity_m5,loose_regularization_sensitivity,target_enc_ratio,target_enc_standard_m5,synthetic_partial_shift,0.2414931448339912,0.2414931448339912,0.2414264165740653,False,1,-0.027639170921228175,-0.027639170921228175,0.0,0.0,0.0,-6.672825992590226e-05,synthetic,0.5587177999999999,0.026568,0.55 <= DAUC < 0.75,source::synthetic_generator,
bag8,target_sensitivity_m5,loose_regularization_sensitivity,target_enc_ratio,target_enc_standard_m5,synthetic_shift_0.0,0.2495520260038161,0.2495520260038161,0.2500728306313826,False,1,0.20826117985370893,0.20826117985370893,0.0,0.0,0.0,0.0005208046275664846,synthetic,0.49784605,0.011,DAUC < 0.55,source::synthetic_generator,
bag8,target_sensitivity_m5,loose_regularization_sensitivity,target_enc_ratio,target_enc_standard_m5,synthetic_shift_0.5,0.2479252798266046,0.2479252798266046,0.248317077510352,False,1,0.15778120767029627,0.15778120767029627,0.0,0.0,0.0,0.0003917976837474191,synthetic,0.5719888750000001,0.04362,0.55 <= DAUC < 0.75,source::synthetic_generator,
bag8,target_sensitivity_m5,loose_regularization_sensitivity,target_enc_ratio,target_enc_standard_m5,synthetic_shift_1.0,0.2495052832417117,0.2495052832417117,0.2497417984176844,False,1,0.09470388115694514,0.09470388115694514,0.0,0.0,0.0,0.00023651517597270133,synthetic,0.643362075,0.08208,0.55 <= DAUC < 0.75,source::synthetic_generator,
bag8,target_sensitivity_m5,loose_regularization_sensitivity,target_enc_ratio,target_enc_standard_m5,synthetic_shift_3.0,0.2585670179028132,0.2585670179028132,0.2581939028132992,False,1,-0.14450964389497725,-0.14450964389497725,0.0,0.0,0.0,-0.00037311508951404226,synthetic,0.8405509999999999,0.20872,0.75 <= DAUC < 0.95,source::synthetic_generator,
bag8,target_sensitivity_m5,loose_regularization_sensitivity,target_enc_ratio,target_enc_standard_m5,synthetic_shift_5.0,0.2696672055412632,0.2696672055412632,0.2698973148260011,False,1,0.08525808598215452,0.08525808598215452,0.0,0.0,0.0,0.00023010928473787828,synthetic,0.93479215,0.30666,0.75 <= DAUC < 0.95,source::synthetic_generator,
bag8,target_sensitivity_m5,loose_regularization_sensitivity,target_enc_ratio,target_enc_standard_m5,synthetic_small_test,0.2534089099450592,0.2534089099450592,0.2532289528907427,False,1,-0.07106496009330646,-0.07106496009330646,0.0,0.0,0.0,-0.0001799570543165041,synthetic,0.6399588,0.0856239999999999,0.55 <= DAUC < 0.75,source::synthetic_generator,
bag8,target_sensitivity_m5,loose_regularization_sensitivity,target_enc_ratio,target_enc_standard_m5,tabred_cooking_time,0.4852387203082794,0.4852387203082794,0.484871225589696,False,1,-0.07579223084160026,-0.07579223084160026,0.0,0.0,0.0,-0.00036749471858343874,TabReD,0.7766422000000001,0.0408288722530207,0.75 <= DAUC < 0.95,source::tabred_cooking_time,
bag8,target_sensitivity_m5,loose_regularization_sensitivity,target_enc_ratio,target_enc_standard_m5,tabred_delivery_eta,0.5459188549611448,0.5459188549611448,0.5459188549611448,False,1,0.0,0.0,0.0,0.0,0.0,0.0,TabReD,0.9451161,0.1211845880844909,0.75 <= DAUC < 0.95,source::tabred_delivery_eta,
bag8,target_sensitivity_m5,loose_regularization_sensitivity,target_enc_ratio,target_enc_standard_m5,tabred_delivery_eta__gap_far,0.5576152367232049,0.5576152367232049,0.5576152367232049,False,1,0.0,0.0,0.0,0.0,0.0,0.0,TabReD_gap,0.999999625,0.2379337040655923,DAUC >= 0.95,source::tabred_delivery_eta,tabred_delivery_eta
bag8,target_sensitivity_m5,loose_regularization_sensitivity,target_enc_ratio,target_enc_standard_m5,tabred_delivery_eta__gap_maxdiff,0.5533970341678441,0.5533970341678441,0.5533970341678441,False,1,0.0,0.0,0.0,0.0,0.0,0.0,TabReD_gap,1.0,0.2496496029927623,DAUC >= 0.95,source::tabred_delivery_eta,tabred_delivery_eta
bag8,target_sensitivity_m5,loose_regularization_sensitivity,target_enc_ratio,target_enc_standard_m5,tabred_delivery_eta__gap_near,0.5743301179802871,0.5743301179802871,0.5743301179802871,False,1,0.0,0.0,0.0,0.0,0.0,0.0,TabReD_gap,0.946211,0.1571228260314691,0.75 <= DAUC < 0.95,source::tabred_delivery_eta,tabred_delivery_eta
bag8,target_sensitivity_m5,loose_regularization_sensitivity,target_enc_ratio,target_enc_standard_m5,tabred_ecom_offers,0.4378837069964159,0.4378837069964159,0.4378837069964159,False,1,0.0,0.0,0.0,0.0,0.0,0.0,TabReD,1.0,0.0841283069488731,DAUC >= 0.95,source::tabred_ecom_offers,
bag8,target_sensitivity_m5,loose_regularization_sensitivity,target_enc_ratio,target_enc_standard_m5,tabred_homesite,0.0393921427424753,0.0395066962967574,0.0395510583144037,False,1,0.4017985325831906,0.11216392060524083,0.28963461197794976,0.2899598423052601,0.00011455355428209579,0.00015891557192839606,TabReD,1.0,0.0494244965489931,DAUC >= 0.95,source::tabred_homesite,
bag8,target_sensitivity_m5,loose_regularization_sensitivity,target_enc_ratio,target_enc_standard_m5,tabred_homesite__gap_far,0.1036262079923532,0.09874826373773,0.1040477118497644,False,1,0.40510632085769954,5.093286548853976,-4.688180227996276,-4.939777237581358,-0.004877944254623193,0.0004215038574112012,TabReD_gap,1.0,0.0830990647492541,DAUC >= 0.95,source::tabred_homesite,tabred_homesite
bag8,target_sensitivity_m5,loose_regularization_sensitivity,target_enc_ratio,target_enc_standard_m5,tabred_homesite__gap_near,0.046072758509482,0.0459059471373404,0.0459653482601032,False,1,-0.23367657038297063,0.1292302245305933,-0.3629067949135639,-0.36337638703441966,-0.00016681137214159814,-0.00010741024937879762,TabReD_gap,1.0,0.0437974647176086,DAUC >= 0.95,source::tabred_homesite,tabred_homesite
bag8,target_sensitivity_m5,loose_regularization_sensitivity,target_enc_ratio,target_enc_standard_m5,tabred_sberbank,0.2560332340939763,0.2549253114076474,0.2552404707830786,False,1,-0.3105946750785742,0.12347547176366093,-0.43407014684223516,-0.43460677961368,-0.0011079226863289215,-0.0007927633108977261,TabReD,1.0,0.2022915451416207,DAUC >= 0.95,source::tabred_sberbank,
bag8,target_sensitivity_m5,loose_regularization_sensitivity,target_enc_ratio,target_enc_standard_m5,tabred_sberbank__gap_far,0.3614614498469459,0.3530617112859802,0.3592567871384393,False,1,-0.613673224121176,1.7244144228434106,-2.3380876469645866,-2.3791134219484693,-0.008399738560965708,-0.0022046627085066106,TabReD_gap,1.0,0.235749592588427,DAUC >= 0.95,source::tabred_sberbank,tabred_sberbank
bag8,target_sensitivity_m5,loose_regularization_sensitivity,target_enc_ratio,target_enc_standard_m5,tabred_sberbank__gap_near,0.2459172948343748,0.2473471978550303,0.2477962699761038,False,1,0.7582741830255126,0.1812263441724984,0.5770478388530142,0.5780955001938413,0.0014299030206554875,0.0018789751417289946,TabReD_gap,1.0,0.2265311490062835,DAUC >= 0.95,source::tabred_sberbank,tabred_sberbank
bag8,target_sensitivity_m5,loose_regularization_sensitivity,target_enc_ratio,target_enc_standard_m5,tabred_weather,1.4967328890116611,1.4967328890116611,1.4967328890116611,False,1,0.0,0.0,0.0,0.0,0.0,0.0,TabReD,0.9948407,0.1103651439849723,DAUC >= 0.95,source::tabred_weather,
bag8,target_sensitivity_m5,loose_regularization_sensitivity,target_enc_ratio,target_enc_standard_m5,tabred_weather__gap_far,1.6422974554212553,1.6422974554212553,1.6422974554212553,False,1,0.0,0.0,0.0,0.0,0.0,0.0,TabReD_gap,1.0,0.1012016963019497,DAUC >= 0.95,source::tabred_weather,tabred_weather
bag8,target_sensitivity_m5,loose_regularization_sensitivity,target_enc_ratio,target_enc_standard_m5,tabred_weather__gap_maxdiff,1.7941261827455273,1.7941261827455273,1.7941261827455273,False,1,0.0,0.0,0.0,0.0,0.0,0.0,TabReD_gap,1.0,0.2280292319342118,DAUC >= 0.95,source::tabred_weather,tabred_weather
bag8,target_sensitivity_m5,loose_regularization_sensitivity,target_enc_ratio,target_enc_standard_m5,tabred_weather__gap_near,1.6630001348379588,1.6630001348379588,1.6630001348379588,False,1,0.0,0.0,0.0,0.0,0.0,0.0,TabReD_gap,1.0,0.0948655339805825,DAUC >= 0.95,source::tabred_weather,tabred_weather
bag8,target_sensitivity_m5,loose_regularization_sensitivity,target_enc_ratio,target_enc_standard_m5,taiwanese_bankruptcy_prediction,0.06392489016533567,0.06392489016533567,0.06392489016533567,False,3,0.0,0.0,0.0,0.0,0.0,0.0,TabArena_IID,0.4813707690648705,0.0246058424438091,DAUC < 0.55,source::taiwanese_bankruptcy_prediction,
bag8,target_sensitivity_m5,loose_regularization_sensitivity,target_enc_ratio,target_enc_standard_m5,tschalzev_mbgm,8.148433096817476,8.086049797400177,8.085359966984036,False,1,-0.7800905598636756,-0.008531845446059927,-0.7715587144176157,-0.7714928918364569,-0.06238329941729859,-0.06307312983343927,tschalzev_IID,0.5283598093648937,0.0054825547828749,DAUC < 0.55,source::tschalzev_mbgm,
bag8,target_sensitivity_m5,loose_regularization_sensitivity,target_enc_ratio,target_enc_standard_m5,tschalzev_ogpcc,0.0215218443612823,0.0215218629516583,0.0215218443612823,False,1,0.0,-8.637910249210086e-05,8.637910249210086e-05,8.637902787867183e-05,1.8590375999022468e-08,0.0,tschalzev_IID,0.498779,0.0040078342527184,DAUC < 0.55,source::tschalzev_ogpcc,
bag8,target_sensitivity_m5,loose_regularization_sensitivity,target_enc_ratio,target_enc_standard_m5,tschalzev_sctp,0.1051087392387699,0.1051087392387699,0.1051087392387699,False,1,0.0,0.0,0.0,0.0,0.0,0.0,tschalzev_IID,0.495618525,0.0048744375,DAUC < 0.55,source::tschalzev_sctp,
bag8,target_sensitivity_m5,loose_regularization_sensitivity,target_enc_ratio,target_enc_standard_m5,website_phishing,0.0217340034618181,0.0217340034618181,0.0217334983646367,False,3,-0.0023240491379958573,-0.0023240491379958573,0.0,0.0,0.0,-5.05097181399683e-07,TabArena_IID,0.4974870109756609,0.0,DAUC < 0.55,source::website_phishing,
bag8,target_sensitivity_m5,loose_regularization_sensitivity,target_enc_ratio,target_enc_standard_m5,wine_quality,0.17220874309318732,0.17220874309318732,0.17220874309318732,False,3,0.0,0.0,0.0,0.0,0.0,0.0,TabArena_IID,0.4933509159780399,0.021301046461716,DAUC < 0.55,source::wine_quality,
tabicl,target_sensitivity_m5,loose_regularization_sensitivity,target_enc_ratio,target_enc_standard_m5,Amazon_employee_access,0.16110894998243866,0.1738157252683267,0.15191693415385168,False,3,-6.050685448455597,-14.414976998085894,8.364291549630297,7.310486589330195,0.012706775285888039,-0.009192015828586975,TabArena_IID,0.4973770565852067,0.0,DAUC < 0.55,source::Amazon_employee_access,
tabicl,target_sensitivity_m5,loose_regularization_sensitivity,target_enc_ratio,target_enc_standard_m5,Another-Dataset-on-used-Fiat-500,710.9006688166277,710.9188490818354,713.1740191287946,False,3,0.3187651612637319,0.3162159566208056,0.0025492046429262446,0.0025572912057761697,0.018180265207774937,2.27335031216694,TabArena_IID,0.5250604059451488,0.0313157709499172,DAUC < 0.55,source::Another-Dataset-on-used-Fiat-500,
tabicl,target_sensitivity_m5,loose_regularization_sensitivity,target_enc_ratio,target_enc_standard_m5,Bank_Customer_Churn,0.1259820978344484,0.12598376203298817,0.1261516035655104,False,3,0.1343666875974183,0.13304748237707714,0.001319205220341147,0.0013209627279938824,1.6641985397802816e-06,0.00016950573106200295,TabArena_IID,0.4985240625,0.0158125,DAUC < 0.55,source::Bank_Customer_Churn,
tabicl,target_sensitivity_m5,loose_regularization_sensitivity,target_enc_ratio,target_enc_standard_m5,E-CommereShippingData,0.2564925393435206,0.25649367240317417,0.25434487065501615,False,3,-0.84439237283361,-0.8448378544549332,0.00044548162132320535,0.0004417495538702239,1.1330596535463755e-06,-0.002147668688504467,TabArena_IID,0.500688337854552,0.0144240392331084,DAUC < 0.55,source::E-CommereShippingData,
tabicl,target_sensitivity_m5,loose_regularization_sensitivity,target_enc_ratio,target_enc_standard_m5,Fitness_Club,0.1781143692573491,0.17808260176185575,0.17813713182503257,False,3,0.012778115068015598,0.030611283912655413,-0.017833168844639816,-0.0178386294781555,-3.176749549335667e-05,2.2762567683465296e-05,TabArena_IID,0.5044166666666666,0.0338611518035256,DAUC < 0.55,source::Fitness_Club,
tabicl,target_sensitivity_m5,loose_regularization_sensitivity,target_enc_ratio,target_enc_standard_m5,HR_Analytics_Job_Change_of_Data_Scientists,0.19389048165196396,0.194139392851013,0.19436899177038391,False,3,0.24618644880621673,0.11812528185676083,0.1280611669494559,0.12821261846639528,0.00024891119904904557,0.00047851011841995583,TabArena_IID,0.5006432616140332,0.0155574144065088,DAUC < 0.55,source::HR_Analytics_Job_Change_of_Data_Scientists,
tabicl,target_sensitivity_m5,loose_regularization_sensitivity,target_enc_ratio,target_enc_standard_m5,Is-this-a-good-customer,0.24562353167461215,0.2468572684682704,0.25535054336626034,False,3,3.8092778513090204,3.3261236831627397,0.48315416814628087,0.49977738201248895,0.0012337367936582633,0.00972701169164819,TabArena_IID,0.5089344102652231,0.0467264045771018,DAUC < 0.55,source::Is-this-a-good-customer,
tabicl,target_sensitivity_m5,loose_regularization_sensitivity,target_enc_ratio,target_enc_standard_m5,MIC,0.1240060339837722,0.12427108447960887,0.12452836705760456,False,3,0.4194490670472977,0.20660559844704002,0.21284346860025766,0.21328412554423087,0.0002650504958366662,0.0005223330738323567,TabArena_IID,0.5315440298650391,0.1023684174323937,DAUC < 0.55,source::MIC,
tabicl,target_sensitivity_m5,loose_regularization_sensitivity,target_enc_ratio,target_enc_standard_m5,Marketing_Campaign,0.07238719182709663,0.07271513745848913,0.07174106556627727,False,3,-0.9006365541398959,-1.3577605580892582,0.45712400394936226,0.45100049708318035,0.0003279456313925039,-0.000646126260819363,TabArena_IID,0.4893010633270867,0.0318521792685864,DAUC < 0.55,source::Marketing_Campaign,
tabicl,target_sensitivity_m5,loose_regularization_sensitivity,target_enc_ratio,target_enc_standard_m5,NATICUSdroid,0.012594771598333299,0.012594419113810934,0.012380236422321333,True,3,,,,,-3.5248452236527616e-07,-0.0002145351760119655,TabArena_IID,0.4909448935914827,0.0,DAUC < 0.55,source::NATICUSdroid,
tabicl,target_sensitivity_m5,loose_regularization_sensitivity,target_enc_ratio,target_enc_standard_m5,QSAR_fish_toxicity,0.8480591435578654,0.8480590534333973,0.8480591435578654,False,3,0.0,1.062714420276528e-05,-1.062714420276528e-05,-1.062714533212734e-05,-9.012446811063057e-08,0.0,TabArena_IID,0.4678368023195609,0.045171150688392,DAUC < 0.55,source::QSAR_fish_toxicity,
tabicl,target_sensitivity_m5,loose_regularization_sensitivity,target_enc_ratio,target_enc_standard_m5,airfoil_self_noise,1.138219077777599,1.1393038074745925,1.0635441931893233,False,3,-7.021324084741878,-7.123316056861131,0.10199197211925222,0.09520987201807196,0.0010847296969935805,-0.07467488458827565,TabArena_IID,0.5474124587140708,0.0529488504762273,DAUC < 0.55,source::airfoil_self_noise,
tabicl,target_sensitivity_m5,loose_regularization_sensitivity,target_enc_ratio,target_enc_standard_m5,anneal,0.0006107616122235667,0.0006107616122235667,0.000903440807484965,True,3,,,,,0.0,0.0002926791952613983,TabArena_IID,0.43732935660019,0.0336531517590013,DAUC < 0.55,source::anneal,
tabicl,target_sensitivity_m5,loose_regularization_sensitivity,target_enc_ratio,target_enc_standard_m5,bike_sharing,126.87039519909796,126.9004655403353,124.32326010472048,False,1,-2.0488001136971214,-2.072987334344343,0.02418722064722161,0.023696005455385912,0.030070341237347975,-2.547135094377481,real_shift,0.724417889739124,0.0462872471556019,0.55 <= DAUC < 0.75,source::bike_sharing,
tabicl,target_sensitivity_m5,loose_regularization_sensitivity,target_enc_ratio,target_enc_standard_m5,blood-transfusion-service-center,0.2463663395777578,0.24644067796610156,0.2463663395777578,False,3,0.0,-0.030173922489232986,0.030173922489232986,0.030164820579652266,7.433838834375317e-05,0.0,TabArena_IID,0.5146430905695611,0.0393868450390189,DAUC < 0.55,source::blood-transfusion-service-center,
tabicl,target_sensitivity_m5,loose_regularization_sensitivity,target_enc_ratio,target_enc_standard_m5,churn,0.06847041481578933,0.06878377979936803,0.06434975285373433,False,3,-6.403539686346866,-6.890511228088407,0.48697154174154067,0.4555797667600411,0.00031336498357870113,-0.004120661962055003,TabArena_IID,0.4777912499999999,0.0261333333333333,DAUC < 0.55,source::churn,
tabicl,target_sensitivity_m5,loose_regularization_sensitivity,target_enc_ratio,target_enc_standard_m5,coil2000_insurance_policies,0.23335242567987327,0.23365662898329276,0.2308936310061714,False,3,-1.0649036367902842,-1.1966540458829265,0.13175040909264232,0.13019245580284325,0.00030420330341948687,-0.0024587946737018584,TabArena_IID,0.4998567392475893,0.009434077843747,DAUC < 0.55,source::coil2000_insurance_policies,
tabicl,target_sensitivity_m5,loose_regularization_sensitivity,target_enc_ratio,target_enc_standard_m5,concrete_compressive_strength,3.7487978437912495,3.748797535922712,3.7487978437912495,False,3,0.0,8.212460371535558e-06,-8.212460371535558e-06,-8.212461045980667e-06,-3.078685373303358e-07,0.0,TabArena_IID,0.5128188681237462,0.0502123786407767,DAUC < 0.55,source::concrete_compressive_strength,
tabicl,target_sensitivity_m5,loose_regularization_sensitivity,target_enc_ratio,target_enc_standard_m5,credit-g,0.21411564750620538,0.21340076788574638,0.2072395852438771,False,3,-3.317928982649052,-2.972975763592119,-0.34495321905693327,-0.3349939306880723,-0.0007148796204589913,-0.006876062262328286,TabArena_IID,0.4666875,0.0366071428571428,DAUC < 0.55,source::credit-g,
tabicl,target_sensitivity_m5,loose_regularization_sensitivity,target_enc_ratio,target_enc_standard_m5,credit_card_clients_default,0.20963119486773216,0.20965706502608453,0.20931546090444395,False,3,-0.15084120490858036,-0.16320061602928124,0.012359411120700887,0.012339273350579206,2.5870158352370165e-05,-0.0003157339632882117,TabArena_IID,0.5084822083333334,0.0089083333333333,DAUC < 0.55,source::credit_card_clients_default,
tabicl,target_sensitivity_m5,loose_regularization_sensitivity,target_enc_ratio,target_enc_standard_m5,diabetes,0.15705705596162942,0.15705705596162942,0.15705705596162942,False,3,0.0,0.0,0.0,0.0,0.0,0.0,TabArena_IID,0.5164146241145119,0.0782684335208765,DAUC < 0.55,source::diabetes,
tabicl,target_sensitivity_m5,loose_regularization_sensitivity,target_enc_ratio,target_enc_standard_m5,gas_sensor_drift,0.0288742422311484,0.0288742035260366,0.0288742035260366,False,1,-0.00013404737472576074,0.0,-0.00013404737472576074,-0.00013404737472576074,-3.87051117996251e-08,-3.87051117996251e-08,real_shift,0.9997012367140782,0.2156844866039522,DAUC >= 0.95,source::gas_sensor_drift,
tabicl,target_sensitivity_m5,loose_regularization_sensitivity,target_enc_ratio,target_enc_standard_m5,hazelnut-spread-contaminant-detection,0.006410416666666634,0.006410416666666634,0.006410416666666634,True,3,,,,,0.0,0.0,TabArena_IID,0.5092881944444444,0.0430034722222222,DAUC < 0.55,source::hazelnut-spread-contaminant-detection,
tabicl,target_sensitivity_m5,loose_regularization_sensitivity,target_enc_ratio,target_enc_standard_m5,healthcare_insurance_expenses,4464.691544333173,4464.742955806419,4467.922310030383,False,3,0.07231024787422342,0.07115956821422761,0.0011506796599958144,0.001151499061756151,0.05141147324593476,3.2307656972106997,TabArena_IID,0.5250682484635931,0.0656832659134235,DAUC < 0.55,source::healthcare_insurance_expenses,
tabicl,target_sensitivity_m5,loose_regularization_sensitivity,target_enc_ratio,target_enc_standard_m5,heloc,0.19857754625701407,0.1985912248399788,0.19857754625701407,False,3,0.0,-0.006888282800623081,0.006888282800623081,0.006887808348905243,1.3678582964721242e-05,0.0,TabArena_IID,0.5007809088419239,0.0177986239441687,DAUC < 0.55,source::heloc,
tabicl,target_sensitivity_m5,loose_regularization_sensitivity,target_enc_ratio,target_enc_standard_m5,houses,0.19718857176899332,0.19718855845527639,0.19718856609087268,False,3,-2.8795384808079076e-06,3.87223075125574e-06,-6.751769232063647e-06,-6.751769493507742e-06,-1.3313716934471032e-08,-5.678120640340012e-09,TabArena_IID,0.4876979973585736,0.0143910489341085,DAUC < 0.55,source::houses,
tabicl,target_sensitivity_m5,loose_regularization_sensitivity,target_enc_ratio,target_enc_standard_m5,in_vehicle_coupon_recommendation,0.15824970492506837,0.15830354100631033,0.1611430978312823,False,3,1.7955425613347273,1.7621336955710036,0.03340886576372376,0.03400813456207725,5.3836081241959155e-05,0.002893392906213932,TabArena_IID,0.4999967486682508,0.0148968616209672,DAUC < 0.55,source::in_vehicle_coupon_recommendation,
tabicl,target_sensitivity_m5,loose_regularization_sensitivity,target_enc_ratio,target_enc_standard_m5,jm1,0.21822253183925208,0.21822236950294535,0.2182229375414122,False,3,0.00018591178575795466,0.0002603019065030083,-7.439012074505363e-05,-7.439031438446023e-05,-1.623363067304595e-07,4.0570216011670546e-07,TabArena_IID,0.5013936268693818,0.0156089518163831,DAUC < 0.55,source::jm1,
tabicl,target_sensitivity_m5,loose_regularization_sensitivity,target_enc_ratio,target_enc_standard_m5,maternal_health_risk,0.03807453430735837,0.03808470129669153,0.03807453430735837,False,3,0.0,-0.02670285932085074,0.02670285932085074,0.026695730797411235,1.0166989333162957e-05,0.0,TabArena_IID,0.4809925428071595,0.03878222065645,DAUC < 0.55,source::maternal_health_risk,
tabicl,target_sensitivity_m5,loose_regularization_sensitivity,target_enc_ratio,target_enc_standard_m5,miami_housing,77166.36721939899,77166.35529706556,77774.50022663208,False,3,0.7819182450044831,0.7819335743648755,-1.532936039246172e-05,-1.545017046260544e-05,-0.01192233343317639,608.1330072330893,TabArena_IID,0.5000548768378967,0.0174142973418732,DAUC < 0.55,source::miami_housing,
tabicl,target_sensitivity_m5,loose_regularization_sensitivity,target_enc_ratio,target_enc_standard_m5,online_shoppers_intention,0.0631279803608476,0.06302403358159843,0.0622801880154342,False,3,-1.3612552762417807,-1.1943534370511013,-0.16690183919067933,-0.16493196855544137,-0.00010394677924917273,-0.0008477923454133993,TabArena_IID,0.5085433381403395,0.0162298164122981,DAUC < 0.55,source::online_shoppers_intention,
tabicl,target_sensitivity_m5,loose_regularization_sensitivity,target_enc_ratio,target_enc_standard_m5,polish_companies_bankruptcy,0.015463455954419067,0.015463455954419067,0.015463455954419067,True,3,,,,,0.0,0.0,TabArena_IID,0.4797271737327021,0.028469599510753,DAUC < 0.55,source::polish_companies_bankruptcy,
tabicl,target_sensitivity_m5,loose_regularization_sensitivity,target_enc_ratio,target_enc_standard_m5,qsar-biodeg,0.05719241213616453,0.057083806825996536,0.056617394902967334,False,3,-1.0156193766644992,-0.823796156337735,-0.1918232203267642,-0.19025589953915484,-0.00010860531016799319,-0.0005750172331971948,TabArena_IID,0.5242964850267431,0.0520357221163414,DAUC < 0.55,source::qsar-biodeg,
tabicl,target_sensitivity_m5,loose_regularization_sensitivity,target_enc_ratio,target_enc_standard_m5,seismic-bumps,0.21434912280959909,0.21426932454277747,0.2124974000362504,False,3,-0.8714096139683598,-0.8338570289447315,-0.03755258502362826,-0.03724203965821584,-7.97982668216124e-05,-0.0018517227733486907,TabArena_IID,0.5032746248400783,0.0270932551506253,DAUC < 0.55,source::seismic-bumps,
tabicl,target_sensitivity_m5,loose_regularization_sensitivity,target_enc_ratio,target_enc_standard_m5,splice,0.0044185510137888,0.0043521734596959,0.004302219973416,True,3,,,,,-6.637755409289944e-05,-0.00011633104037279962,TabArena_IID,0.4935215615848055,0.0,DAUC < 0.55,source::splice,
tabicl,target_sensitivity_m5,loose_regularization_sensitivity,target_enc_ratio,target_enc_standard_m5,students_dropout_and_academic_success,0.09951496950653756,0.09962611381032223,0.10118363324800446,False,3,1.6491439256553992,1.5392997737733918,0.10984415188200759,0.11156141651402639,0.00011114430378467155,0.0016686637414669026,TabArena_IID,0.4990070724969652,0.0241838594407484,DAUC < 0.55,source::students_dropout_and_academic_success,
tabicl,target_sensitivity_m5,loose_regularization_sensitivity,target_enc_ratio,target_enc_standard_m5,superconductivity,8.88381474657605,8.883814029265666,8.88381474657605,False,3,0.0,8.074350985448909e-06,-8.074350985448909e-06,-8.074351637400398e-06,-7.173103835356187e-07,0.0,TabArena_IID,0.4966916245247805,0.0148733486354602,DAUC < 0.55,source::superconductivity,
tabicl,target_sensitivity_m5,loose_regularization_sensitivity,target_enc_ratio,target_enc_standard_m5,synthetic_large_test,0.2436291869448184,0.2436348125565397,0.2439421588506672,False,1,0.12829758797059684,0.1259914627203217,0.0023061252502751648,0.002309034436536473,5.625611721321588e-06,0.00031297190584880785,synthetic,0.64072835,0.0878719999999999,0.55 <= DAUC < 0.75,source::synthetic_generator,
tabicl,target_sensitivity_m5,loose_regularization_sensitivity,target_enc_ratio,target_enc_standard_m5,synthetic_shift_0.0,0.2423581967923027,0.2423604727495334,0.2424619681395514,False,1,0.042799020417494046,0.041860334136849225,0.0009386862806448238,0.0009390793824121117,2.2759572307073928e-06,0.00010377134724870452,synthetic,0.49784605,0.011,DAUC < 0.55,source::synthetic_generator,
tabicl,target_sensitivity_m5,loose_regularization_sensitivity,target_enc_ratio,target_enc_standard_m5,synthetic_shift_0.5,0.2402802916343166,0.240285427180383,0.2403807785002588,False,1,0.04180320347122997,0.03966678220724849,0.002136421263981485,0.002137269049840668,5.135546066403762e-06,0.00010048686594218981,synthetic,0.5719888750000001,0.04362,0.55 <= DAUC < 0.75,source::synthetic_generator,
tabicl,target_sensitivity_m5,loose_regularization_sensitivity,target_enc_ratio,target_enc_standard_m5,synthetic_shift_1.0,0.2426724309930128,0.2426794492474926,0.2428629465239087,False,1,0.07844569689313627,0.07555589646032097,0.0028898004328152867,0.0028919854983840932,7.018254479795871e-06,0.00019051553089588502,synthetic,0.643362075,0.08208,0.55 <= DAUC < 0.75,source::synthetic_generator,
tabicl,target_sensitivity_m5,loose_regularization_sensitivity,target_enc_ratio,target_enc_standard_m5,synthetic_shift_3.0,0.2498923171355498,0.2499027928388746,0.2502299744245524,False,1,0.13493878572266196,0.1307523554802868,0.004186430242375156,0.00419191126509391,1.0475703324797081e-05,0.0003376572890026186,synthetic,0.8405509999999999,0.20872,0.75 <= DAUC < 0.95,source::synthetic_generator,
tabicl,target_sensitivity_m5,loose_regularization_sensitivity,target_enc_ratio,target_enc_standard_m5,synthetic_shift_5.0,0.2585770424337144,0.2585808809555845,0.2588713740054131,False,1,0.11369799879556028,0.11221520762759739,0.0014827911679628901,0.0014844569544164308,3.8385218701364465e-06,0.0002943315716987249,synthetic,0.93479215,0.30666,0.75 <= DAUC < 0.95,source::synthetic_generator,
tabicl,target_sensitivity_m5,loose_regularization_sensitivity,target_enc_ratio,target_enc_standard_m5,synthetic_small_test,0.2524814327984814,0.2524811117332641,0.2524662624669624,False,1,-0.006008854953826912,-0.00588168342042515,-0.00012717153340176184,-0.00012716405401468013,-3.2106521730135285e-07,-1.5170331518987723e-05,synthetic,0.6399588,0.0856239999999999,0.55 <= DAUC < 0.75,source::synthetic_generator,
tabicl,target_sensitivity_m5,loose_regularization_sensitivity,target_enc_ratio,target_enc_standard_m5,tabred_delivery_eta__gap_far,0.5653514906815258,0.5653513852521579,0.5606875625200399,False,1,-0.8318230103988025,-0.8318042068128216,-1.8803585980885616e-05,-1.8648467245828703e-05,-1.054293679025875e-07,-0.004663928161485864,TabReD_gap,0.999999625,0.2379337040655923,DAUC >= 0.95,source::tabred_delivery_eta,tabred_delivery_eta
tabicl,target_sensitivity_m5,loose_regularization_sensitivity,target_enc_ratio,target_enc_standard_m5,tabred_delivery_eta__gap_maxdiff,0.5507210773037221,0.550721104361268,0.5485074338313581,False,1,-0.40357583796112534,-0.4035807709017204,4.9329405950825194e-06,4.913112218914159e-06,2.7057545870512456e-08,-0.0022136434723639686,TabReD_gap,1.0,0.2496496029927623,DAUC >= 0.95,source::tabred_delivery_eta,tabred_delivery_eta
tabicl,target_sensitivity_m5,loose_regularization_sensitivity,target_enc_ratio,target_enc_standard_m5,tabred_delivery_eta__gap_near,0.5600867160431421,0.5600866628329464,0.5606876688263737,False,1,0.1071813804090765,0.10719087057600053,-9.490166924024098e-06,-9.500350432360315e-06,-5.3210195694042284e-08,0.0006009527832315786,TabReD_gap,0.946211,0.1571228260314691,0.75 <= DAUC < 0.95,source::tabred_delivery_eta,tabred_delivery_eta
tabicl,target_sensitivity_m5,loose_regularization_sensitivity,target_enc_ratio,target_enc_standard_m5,tabred_homesite__gap_far,0.1348969661758072,0.1342264658311993,0.1243992417270374,False,1,-8.438736686035764,-7.899745985369629,-0.5389907006661336,-0.4995291654710814,-0.0006705003446079161,-0.010497724448769813,TabReD_gap,1.0,0.0830990647492541,DAUC >= 0.95,source::tabred_homesite,tabred_homesite
tabicl,target_sensitivity_m5,loose_regularization_sensitivity,target_enc_ratio,target_enc_standard_m5,tabred_homesite__gap_near,0.0627964800901812,0.0625181898986085,0.0610258384034495,False,1,-2.901462287213099,-2.4454420196456286,-0.45602026756747055,-0.4451347552192913,-0.00027829019157270263,-0.0017706416867316957,TabReD_gap,1.0,0.0437974647176086,DAUC >= 0.95,source::tabred_homesite,tabred_homesite
tabicl,target_sensitivity_m5,loose_regularization_sensitivity,target_enc_ratio,target_enc_standard_m5,tabred_weather__gap_far,1.6452310482197834,1.6452310482197834,1.645231120677258,False,1,4.4040909375118116e-06,4.4040909375118116e-06,0.0,0.0,0.0,7.245747468687114e-08,TabReD_gap,1.0,0.1012016963019497,DAUC >= 0.95,source::tabred_weather,tabred_weather
tabicl,target_sensitivity_m5,loose_regularization_sensitivity,target_enc_ratio,target_enc_standard_m5,tabred_weather__gap_maxdiff,1.7961079826305446,1.7961079826305446,1.796107849888755,False,1,-7.390524436963175e-06,-7.390524436963175e-06,0.0,0.0,0.0,-1.327417895602423e-07,TabReD_gap,1.0,0.2280292319342118,DAUC >= 0.95,source::tabred_weather,tabred_weather
tabicl,target_sensitivity_m5,loose_regularization_sensitivity,target_enc_ratio,target_enc_standard_m5,tabred_weather__gap_near,1.729486604376752,1.729486604376752,1.7294869490145115,False,1,1.9927167397140736e-05,1.9927167397140736e-05,0.0,0.0,0.0,3.4463775944182373e-07,TabReD_gap,1.0,0.0948655339805825,DAUC >= 0.95,source::tabred_weather,tabred_weather
tabicl,target_sensitivity_m5,loose_regularization_sensitivity,target_enc_ratio,target_enc_standard_m5,taiwanese_bankruptcy_prediction,0.058424639090695264,0.058426714640716,0.058424639090695264,False,3,0.0,-0.0035525251897791524,0.0035525251897791524,0.003552398989910194,2.0755500207345068e-06,0.0,TabArena_IID,0.4813707690648705,0.0246058424438091,DAUC < 0.55,source::taiwanese_bankruptcy_prediction,
tabicl,target_sensitivity_m5,loose_regularization_sensitivity,target_enc_ratio,target_enc_standard_m5,website_phishing,0.020398855381257564,0.020386982042129867,0.0200714767488947,True,3,,,,,-1.1873339127697197e-05,-0.00032737863236286316,TabArena_IID,0.4974870109756609,0.0,DAUC < 0.55,source::website_phishing,
tabicl,target_sensitivity_m5,loose_regularization_sensitivity,target_enc_ratio,target_enc_standard_m5,wine_quality,0.09918435520923746,0.09918447343343505,0.09874133671770506,False,3,-0.44866568172857735,-0.44878541293894414,0.00011973121036678292,0.00011919627487238903,1.1822419758444891e-07,-0.00044301849153240147,TabArena_IID,0.4933509159780399,0.021301046461716,DAUC < 0.55,source::wine_quality,
tabpfn,target_sensitivity_m5,loose_regularization_sensitivity,target_enc_ratio,target_enc_standard_m5,Another-Dataset-on-used-Fiat-500,717.6812986343651,717.6812986343651,723.6962113966459,False,3,0.8311377989215597,0.8311377989215597,0.0,0.0,0.0,6.014912762280801,TabArena_IID,0.5250604059451488,0.0313157709499172,DAUC < 0.55,source::Another-Dataset-on-used-Fiat-500,
tabpfn,target_sensitivity_m5,loose_regularization_sensitivity,target_enc_ratio,target_enc_standard_m5,Bank_Customer_Churn,0.12934985536573596,0.12934985536573596,0.12787327021734088,False,3,-1.1547254135953402,-1.1547254135953402,0.0,0.0,0.0,-0.0014765851483950765,TabArena_IID,0.4985240625,0.0158125,DAUC < 0.55,source::Bank_Customer_Churn,
tabpfn,target_sensitivity_m5,loose_regularization_sensitivity,target_enc_ratio,target_enc_standard_m5,E-CommereShippingData,0.256903434595214,0.2572981089674537,0.25506745139171844,False,3,-0.7198030142528605,-0.8745363485478757,0.1547333342950151,0.15339186666531085,0.0003946743722397228,-0.0018359832034955392,TabArena_IID,0.500688337854552,0.0144240392331084,DAUC < 0.55,source::E-CommereShippingData,
tabpfn,target_sensitivity_m5,loose_regularization_sensitivity,target_enc_ratio,target_enc_standard_m5,Fitness_Club,0.17880702913437618,0.17858622320564063,0.17749400775030552,False,3,-0.739755330736455,-0.6153534247035618,-0.12440190603289321,-0.12364107643471187,-0.00022080592873555127,-0.0013130213840706617,TabArena_IID,0.5044166666666666,0.0338611518035256,DAUC < 0.55,source::Fitness_Club,
tabpfn,target_sensitivity_m5,loose_regularization_sensitivity,target_enc_ratio,target_enc_standard_m5,Is-this-a-good-customer,0.25151973108751097,0.2508212699764762,0.26227783349590816,False,3,4.101796276491294,4.36810208728932,-0.26630581079802645,-0.2784696493643791,-0.000698461111034776,0.010758102408397197,TabArena_IID,0.5089344102652231,0.0467264045771018,DAUC < 0.55,source::Is-this-a-good-customer,
tabpfn,target_sensitivity_m5,loose_regularization_sensitivity,target_enc_ratio,target_enc_standard_m5,MIC,0.13750786078815272,0.13836318052200025,0.13100575673892498,False,3,-4.963220098934636,-5.616107235453421,0.6528871365187843,0.6181700439529377,0.0008553197338475316,-0.0065021040492277415,TabArena_IID,0.5315440298650391,0.1023684174323937,DAUC < 0.55,source::MIC,
tabpfn,target_sensitivity_m5,loose_regularization_sensitivity,target_enc_ratio,target_enc_standard_m5,Marketing_Campaign,0.07634165765294126,0.0769316037496842,0.07925134966343557,False,3,3.671473133077453,2.9270743319865913,0.7443988010908617,0.7668449219679274,0.000589946096742941,0.0029096920104943053,TabArena_IID,0.4893010633270867,0.0318521792685864,DAUC < 0.55,source::Marketing_Campaign,
tabpfn,target_sensitivity_m5,loose_regularization_sensitivity,target_enc_ratio,target_enc_standard_m5,NATICUSdroid,0.015609085225328466,0.015609085225328466,0.0150456938233939,True,3,,,,,0.0,-0.0005633914019345654,TabArena_IID,0.4909448935914827,0.0,DAUC < 0.55,source::NATICUSdroid,
tabpfn,target_sensitivity_m5,loose_regularization_sensitivity,target_enc_ratio,target_enc_standard_m5,QSAR_fish_toxicity,0.8558717334200979,0.8558717334200979,0.8558717334200979,False,3,0.0,0.0,0.0,0.0,0.0,0.0,TabArena_IID,0.4678368023195609,0.045171150688392,DAUC < 0.55,source::QSAR_fish_toxicity,
tabpfn,target_sensitivity_m5,loose_regularization_sensitivity,target_enc_ratio,target_enc_standard_m5,airfoil_self_noise,1.3807250864637635,1.3639824942951175,1.3448544874649973,False,3,-2.667247596904035,-1.422310518231299,-1.2449370786727358,-1.2274785225376525,-0.01674259216864593,-0.03587059899876621,TabArena_IID,0.5474124587140708,0.0529488504762273,DAUC < 0.55,source::airfoil_self_noise,
tabpfn,target_sensitivity_m5,loose_regularization_sensitivity,target_enc_ratio,target_enc_standard_m5,anneal,8.7005532912e-05,0.00016182782995646667,0.00031553350266796666,True,3,,,,,7.482229704446667e-05,0.00022852796975596668,TabArena_IID,0.43732935660019,0.0336531517590013,DAUC < 0.55,source::anneal,
tabpfn,target_sensitivity_m5,loose_regularization_sensitivity,target_enc_ratio,target_enc_standard_m5,bike_sharing,124.5227215540987,124.47844834120818,124.84424498341258,False,1,0.25753964818851205,0.29300240652102366,-0.03546275833251159,-0.03556697041174463,-0.044273212890516334,0.3215234293138849,real_shift,0.724417889739124,0.0462872471556019,0.55 <= DAUC < 0.75,source::bike_sharing,
tabpfn,target_sensitivity_m5,loose_regularization_sensitivity,target_enc_ratio,target_enc_standard_m5,blood-transfusion-service-center,0.25116612151848544,0.25116612151848544,0.25116612151848544,False,3,0.0,0.0,0.0,0.0,0.0,0.0,TabArena_IID,0.5146430905695611,0.0393868450390189,DAUC < 0.55,source::blood-transfusion-service-center,
tabpfn,target_sensitivity_m5,loose_regularization_sensitivity,target_enc_ratio,target_enc_standard_m5,churn,0.07516736123658914,0.07495577508618813,0.07264049721075806,False,3,-3.4785885599043618,-3.1873100602719626,-0.2912784996323991,-0.28228131876125334,-0.0002115861504010108,-0.002526864025831077,TabArena_IID,0.4777912499999999,0.0261333333333333,DAUC < 0.55,source::churn,
tabpfn,target_sensitivity_m5,loose_regularization_sensitivity,target_enc_ratio,target_enc_standard_m5,coil2000_insurance_policies,0.24229224317232237,0.2419119977215443,0.2412882176093861,False,3,-0.4161104810188693,-0.25852075096679933,-0.15758973005207,-0.1571833784018306,-0.0003802454507780828,-0.0010040255629362727,TabArena_IID,0.4998567392475893,0.009434077843747,DAUC < 0.55,source::coil2000_insurance_policies,
tabpfn,target_sensitivity_m5,loose_regularization_sensitivity,target_enc_ratio,target_enc_standard_m5,concrete_compressive_strength,4.1195335588295805,4.1195335588295805,4.1195335588295805,False,3,0.0,0.0,0.0,0.0,0.0,0.0,TabArena_IID,0.5128188681237462,0.0502123786407767,DAUC < 0.55,source::concrete_compressive_strength,
tabpfn,target_sensitivity_m5,loose_regularization_sensitivity,target_enc_ratio,target_enc_standard_m5,credit-g,0.21975077338811247,0.21887115904283283,0.22838866268050817,False,3,3.78210073609442,4.167239969783146,-0.3851392336887262,-0.4018868219670274,-0.000879614345279639,0.0086378892923957,TabArena_IID,0.4666875,0.0366071428571428,DAUC < 0.55,source::credit-g,
tabpfn,target_sensitivity_m5,loose_regularization_sensitivity,target_enc_ratio,target_enc_standard_m5,diabetes,0.1525099118130329,0.1525099118130329,0.1525099118130329,False,3,0.0,0.0,0.0,0.0,0.0,0.0,TabArena_IID,0.5164146241145119,0.0782684335208765,DAUC < 0.55,source::diabetes,
tabpfn,target_sensitivity_m5,loose_regularization_sensitivity,target_enc_ratio,target_enc_standard_m5,gas_sensor_drift,0.0456067237637936,0.0456067237637936,0.0456067237637936,False,1,0.0,0.0,0.0,0.0,0.0,0.0,real_shift,0.9997012367140782,0.2156844866039522,DAUC >= 0.95,source::gas_sensor_drift,
tabpfn,target_sensitivity_m5,loose_regularization_sensitivity,target_enc_ratio,target_enc_standard_m5,hazelnut-spread-contaminant-detection,0.0124041666666666,0.0124041666666666,0.0124041666666666,True,3,,,,,0.0,0.0,TabArena_IID,0.5092881944444444,0.0430034722222222,DAUC < 0.55,source::hazelnut-spread-contaminant-detection,
tabpfn,target_sensitivity_m5,loose_regularization_sensitivity,target_enc_ratio,target_enc_standard_m5,healthcare_insurance_expenses,5285.059820452993,5283.389499370168,5305.039761741123,False,3,0.37662189513112887,0.4081074476970396,-0.031485552565910735,-0.03161457399694998,-1.6703210828254669,19.97994128812934,TabArena_IID,0.5250682484635931,0.0656832659134235,DAUC < 0.55,source::healthcare_insurance_expenses,
tabpfn,target_sensitivity_m5,loose_regularization_sensitivity,target_enc_ratio,target_enc_standard_m5,heloc,0.19813142890480717,0.19813142890480717,0.19813142890480717,False,3,0.0,0.0,0.0,0.0,0.0,0.0,TabArena_IID,0.5007809088419239,0.0177986239441687,DAUC < 0.55,source::heloc,
tabpfn,target_sensitivity_m5,loose_regularization_sensitivity,target_enc_ratio,target_enc_standard_m5,jm1,0.2637242968115845,0.2637242968115845,0.2637242968115845,False,3,0.0,0.0,0.0,0.0,0.0,0.0,TabArena_IID,0.5013936268693818,0.0156089518163831,DAUC < 0.55,source::jm1,
tabpfn,target_sensitivity_m5,loose_regularization_sensitivity,target_enc_ratio,target_enc_standard_m5,maternal_health_risk,0.046240223808542334,0.046240223808542334,0.046240223808542334,False,3,0.0,0.0,0.0,0.0,0.0,0.0,TabArena_IID,0.4809925428071595,0.03878222065645,DAUC < 0.55,source::maternal_health_risk,
tabpfn,target_sensitivity_m5,loose_regularization_sensitivity,target_enc_ratio,target_enc_standard_m5,online_shoppers_intention,0.06619622074252703,0.06623114625689007,0.06716734616781866,False,3,1.4458296787031997,1.393831920334451,0.05199775836874874,0.052732764472440394,3.4925514363043364e-05,0.0009711254252916385,TabArena_IID,0.5085433381403395,0.0162298164122981,DAUC < 0.55,source::online_shoppers_intention,
tabpfn,target_sensitivity_m5,loose_regularization_sensitivity,target_enc_ratio,target_enc_standard_m5,polish_companies_bankruptcy,0.03608486251999544,0.03608486251999544,0.03608486251999544,False,3,0.0,0.0,0.0,0.0,0.0,0.0,TabArena_IID,0.4797271737327021,0.028469599510753,DAUC < 0.55,source::polish_companies_bankruptcy,
tabpfn,target_sensitivity_m5,loose_regularization_sensitivity,target_enc_ratio,target_enc_standard_m5,qsar-biodeg,0.06092105861039393,0.060836395371416906,0.06174120190012424,False,3,1.3283565341941637,1.4654825316990066,-0.1371259975048429,-0.13916544275863224,-8.466323897702438e-05,0.0008201432897303115,TabArena_IID,0.5242964850267431,0.0520357221163414,DAUC < 0.55,source::qsar-biodeg,
tabpfn,target_sensitivity_m5,loose_regularization_sensitivity,target_enc_ratio,target_enc_standard_m5,seismic-bumps,0.22687857916940926,0.22687857916940926,0.22500151538162685,False,3,-0.8342449536834027,-0.8342449536834027,0.0,0.0,0.0,-0.001877063787782407,TabArena_IID,0.5032746248400783,0.0270932551506253,DAUC < 0.55,source::seismic-bumps,
tabpfn,target_sensitivity_m5,loose_regularization_sensitivity,target_enc_ratio,target_enc_standard_m5,splice,0.004518049958092934,0.0044968036857156,0.0047421837540313,True,3,,,,,-2.12462723773333e-05,0.00022413379593836606,TabArena_IID,0.4935215615848055,0.0,DAUC < 0.55,source::splice,
tabpfn,target_sensitivity_m5,loose_regularization_sensitivity,target_enc_ratio,target_enc_standard_m5,students_dropout_and_academic_success,0.09811944355830293,0.09856431145897072,0.09889409217793484,False,3,0.7833113207997505,0.333468574008198,0.4498427467915525,0.4513478500308671,0.0004448679006677919,0.0007746486196319041,TabArena_IID,0.4990070724969652,0.0241838594407484,DAUC < 0.55,source::students_dropout_and_academic_success,
tabpfn,target_sensitivity_m5,loose_regularization_sensitivity,target_enc_ratio,target_enc_standard_m5,synthetic_large_test,0.2452636033506503,0.2448380479291354,0.2439493342287154,False,1,-0.5387467549727832,-0.3643025725935357,-0.17444418237924755,-0.17381098449129562,-0.00042555542151490044,-0.0013142691219349134,synthetic,0.64072835,0.0878719999999999,0.55 <= DAUC < 0.75,source::synthetic_generator,
tabpfn,target_sensitivity_m5,loose_regularization_sensitivity,target_enc_ratio,target_enc_standard_m5,synthetic_shift_0.0,0.2434520300390268,0.2434110423047548,0.2422123920007034,False,1,-0.5117979423281478,-0.4948757138932469,-0.01692222843490089,-0.01683889682403122,-4.0987734271996645e-05,-0.0012396380383233874,synthetic,0.49784605,0.011,DAUC < 0.55,source::synthetic_generator,
tabpfn,target_sensitivity_m5,loose_regularization_sensitivity,target_enc_ratio,target_enc_standard_m5,synthetic_shift_0.5,0.2414888028920808,0.2414790372670806,0.2407155594914597,False,1,-0.32122701260137376,-0.31717009786730166,-0.004056914734072118,-0.00404408809590051,-9.765625000213163e-06,-0.0007732434006210986,synthetic,0.5719888750000001,0.04362,0.55 <= DAUC < 0.75,source::synthetic_generator,
tabpfn,target_sensitivity_m5,loose_regularization_sensitivity,target_enc_ratio,target_enc_standard_m5,synthetic_shift_1.0,0.2436325081537078,0.2435494922292884,0.2432389244424748,False,1,-0.1618095097793747,-0.1276801348819672,-0.0341293748974075,-0.03408585403300249,-8.301592441939398e-05,-0.00039358371123299207,synthetic,0.643362075,0.08208,0.55 <= DAUC < 0.75,source::synthetic_generator,
tabpfn,target_sensitivity_m5,loose_regularization_sensitivity,target_enc_ratio,target_enc_standard_m5,synthetic_shift_3.0,0.2509838158567775,0.2509628235294119,0.2518339846547315,False,1,0.3375909725288332,0.34592675270336265,-0.008335780174529411,-0.00836471596483944,-2.0992327365576546e-05,0.0008501687979540207,synthetic,0.8405509999999999,0.20872,0.75 <= DAUC < 0.95,source::synthetic_generator,
tabpfn,target_sensitivity_m5,loose_regularization_sensitivity,target_enc_ratio,target_enc_standard_m5,synthetic_shift_5.0,0.2607162888326535,0.2605191773675004,0.2605052599197843,False,1,-0.08100754392990277,-0.005342482420662781,-0.07566506150923999,-0.07566101933258285,-0.0001971114651531103,-0.00021102891286922665,synthetic,0.93479215,0.30666,0.75 <= DAUC < 0.95,source::synthetic_generator,
tabpfn,target_sensitivity_m5,loose_regularization_sensitivity,target_enc_ratio,target_enc_standard_m5,tabred_delivery_eta__gap_far,0.5501203697874781,0.5501203697874781,0.5502068249923597,False,1,0.015713219275823687,0.015713219275823687,0.0,0.0,0.0,8.645520488159697e-05,TabReD_gap,0.999999625,0.2379337040655923,DAUC >= 0.95,source::tabred_delivery_eta,tabred_delivery_eta
tabpfn,target_sensitivity_m5,loose_regularization_sensitivity,target_enc_ratio,target_enc_standard_m5,tabred_delivery_eta__gap_maxdiff,0.5482974762144834,0.5483013897097069,0.5487472365967985,False,1,0.08196130245763833,0.08124813344967932,0.0007131690079590096,0.0007137489156304767,3.913495223439867e-06,0.00044976038231503424,TabReD_gap,1.0,0.2496496029927623,DAUC >= 0.95,source::tabred_delivery_eta,tabred_delivery_eta
tabpfn,target_sensitivity_m5,loose_regularization_sensitivity,target_enc_ratio,target_enc_standard_m5,tabred_delivery_eta__gap_near,0.5659921381930072,0.5659585959569571,0.5658953500066907,False,1,-0.017103548618200827,-0.011176262583826303,-0.005927286034374524,-0.005926623659352,-3.354223605012141e-05,-9.678818631653208e-05,TabReD_gap,0.946211,0.1571228260314691,0.75 <= DAUC < 0.95,source::tabred_delivery_eta,tabred_delivery_eta
tabpfn,target_sensitivity_m5,loose_regularization_sensitivity,target_enc_ratio,target_enc_standard_m5,tabred_homesite__gap_far,0.1010319521080482,0.1013499786671311,0.0816863083666887,False,1,-23.68284738063712,-24.072174019876677,0.3893266392395569,0.31379045488248297,0.0003180265590828901,-0.019345643741359497,TabReD_gap,1.0,0.0830990647492541,DAUC >= 0.95,source::tabred_homesite,tabred_homesite
tabpfn,target_sensitivity_m5,loose_regularization_sensitivity,target_enc_ratio,target_enc_standard_m5,tabred_homesite__gap_near,0.0483641771628992,0.048273719288738,0.0496741211007164,False,1,2.637075219028501,2.819177835354206,-0.18210261632570543,-0.18738534236434362,-9.045787416120388e-05,0.0013099439378171998,TabReD_gap,1.0,0.0437974647176086,DAUC >= 0.95,source::tabred_homesite,tabred_homesite
tabpfn,target_sensitivity_m5,loose_regularization_sensitivity,target_enc_ratio,target_enc_standard_m5,tabred_sberbank__gap_far,0.4051722204824687,0.4126477273207544,0.3928951293056008,False,1,-3.124775610877728,-5.027447922315599,1.9026723114378703,1.8115953011113792,0.007475506838285684,-0.012277091176867927,TabReD_gap,1.0,0.235749592588427,DAUC >= 0.95,source::tabred_sberbank,tabred_sberbank
tabpfn,target_sensitivity_m5,loose_regularization_sensitivity,target_enc_ratio,target_enc_standard_m5,tabred_sberbank__gap_near,0.2564677801698364,0.2550954990983576,0.2477424059564321,False,1,-3.5219542571725664,-2.9680397724153114,-0.5539144847572551,-0.5379479749071093,-0.001372281071478798,-0.008725374213404302,TabReD_gap,1.0,0.2265311490062835,DAUC >= 0.95,source::tabred_sberbank,tabred_sberbank
tabpfn,target_sensitivity_m5,loose_regularization_sensitivity,target_enc_ratio,target_enc_standard_m5,tabred_weather__gap_far,1.6156473980942971,1.6156473980942971,1.6156473980942971,False,1,0.0,0.0,0.0,0.0,0.0,0.0,TabReD_gap,1.0,0.1012016963019497,DAUC >= 0.95,source::tabred_weather,tabred_weather
tabpfn,target_sensitivity_m5,loose_regularization_sensitivity,target_enc_ratio,target_enc_standard_m5,tabred_weather__gap_maxdiff,1.7468705124362365,1.7468705124362365,1.7468705124362365,False,1,0.0,0.0,0.0,0.0,0.0,0.0,TabReD_gap,1.0,0.2280292319342118,DAUC >= 0.95,source::tabred_weather,tabred_weather
tabpfn,target_sensitivity_m5,loose_regularization_sensitivity,target_enc_ratio,target_enc_standard_m5,tabred_weather__gap_near,1.6838261915156958,1.6838261915156958,1.6838261915156958,False,1,0.0,0.0,0.0,0.0,0.0,0.0,TabReD_gap,1.0,0.0948655339805825,DAUC >= 0.95,source::tabred_weather,tabred_weather
tabpfn,target_sensitivity_m5,loose_regularization_sensitivity,target_enc_ratio,target_enc_standard_m5,taiwanese_bankruptcy_prediction,0.05860884184002716,0.05860884184002716,0.05860884184002716,False,3,0.0,0.0,0.0,0.0,0.0,0.0,TabArena_IID,0.4813707690648705,0.0246058424438091,DAUC < 0.55,source::taiwanese_bankruptcy_prediction,
tabpfn,target_sensitivity_m5,loose_regularization_sensitivity,target_enc_ratio,target_enc_standard_m5,tschalzev_mbgm,7.901981670465076,7.907496402859529,7.946489378341723,False,1,0.5600927121094984,0.49069436358236374,0.06939834852713467,0.06974056153170141,0.0055147323944533255,0.04450770787664737,tschalzev_IID,0.5283598093648937,0.0054825547828749,DAUC < 0.55,source::tschalzev_mbgm,
tabpfn,target_sensitivity_m5,loose_regularization_sensitivity,target_enc_ratio,target_enc_standard_m5,website_phishing,0.0192821681060126,0.0192821681060126,0.019962495978092933,True,3,,,,,0.0,0.000680327872080333,TabArena_IID,0.4974870109756609,0.0,DAUC < 0.55,source::website_phishing,
tabpfn,target_sensitivity_m5,loose_regularization_sensitivity,target_enc_ratio,target_enc_standard_m5,wine_quality,0.11001390227347256,0.11001390227347256,0.10840946031599134,False,3,-1.4799833453691202,-1.4799833453691202,0.0,0.0,0.0,-0.0016044419574812174,TabArena_IID,0.4933509159780399,0.021301046461716,DAUC < 0.55,source::wine_quality,
bag8,target_sensitivity_m10,loose_regularization_sensitivity,target_enc_ratio,target_enc_standard_m10,APSFailure,0.007795399190903867,0.007795399190903867,0.007795399190903867,True,3,,,,,0.0,0.0,TabArena_IID,0.5018079,0.0059871498851508,DAUC < 0.55,source::APSFailure,
bag8,target_sensitivity_m10,loose_regularization_sensitivity,target_enc_ratio,target_enc_standard_m10,Amazon_employee_access,0.17828224905967616,0.18262578472960864,0.15525080906850117,False,3,-14.834988705928643,-17.63274267319846,2.797753967269817,2.3783802908025367,0.00434353566993248,-0.02303143999117499,TabArena_IID,0.4973770565852067,0.0,DAUC < 0.55,source::Amazon_employee_access,
bag8,target_sensitivity_m10,loose_regularization_sensitivity,target_enc_ratio,target_enc_standard_m10,Another-Dataset-on-used-Fiat-500,748.4780342430635,748.4780342430635,748.4780342430635,False,3,0.0,0.0,0.0,0.0,0.0,0.0,TabArena_IID,0.5250604059451488,0.0313157709499172,DAUC < 0.55,source::Another-Dataset-on-used-Fiat-500,
bag8,target_sensitivity_m10,loose_regularization_sensitivity,target_enc_ratio,target_enc_standard_m10,Bank_Customer_Churn,0.13414590009439034,0.13414590009439034,0.1341471949045324,False,3,0.0009652159651724678,0.0009652159651724678,0.0,0.0,0.0,1.294810142049574e-06,TabArena_IID,0.4985240625,0.0158125,DAUC < 0.55,source::Bank_Customer_Churn,
bag8,target_sensitivity_m10,loose_regularization_sensitivity,target_enc_ratio,target_enc_standard_m10,Bioresponse,0.12509248702085657,0.12509248702085657,0.12509248702085657,False,3,0.0,0.0,0.0,0.0,0.0,0.0,TabArena_IID,0.5301520014716704,0.0098021704294174,DAUC < 0.55,source::Bioresponse,
bag8,target_sensitivity_m10,loose_regularization_sensitivity,target_enc_ratio,target_enc_standard_m10,Diabetes130US,0.36087818739576133,0.36052681963750016,0.3529402335997825,False,3,-2.2490929172388148,-2.1495384531083235,-0.09955446413049122,-0.09745953397155253,-0.0003513677582611674,-0.007937953795978836,TabArena_IID,0.5012846750000001,0.0039252033937267,DAUC < 0.55,source::diabetes_130_us,
bag8,target_sensitivity_m10,loose_regularization_sensitivity,target_enc_ratio,target_enc_standard_m10,E-CommereShippingData,0.2593065499044503,0.2593065499044503,0.25874591438248,False,3,-0.2166741543758411,-0.2166741543758411,0.0,0.0,0.0,-0.0005606355219702763,TabArena_IID,0.500688337854552,0.0144240392331084,DAUC < 0.55,source::E-CommereShippingData,
bag8,target_sensitivity_m10,loose_regularization_sensitivity,target_enc_ratio,target_enc_standard_m10,Fitness_Club,0.19822094726157705,0.19822094726157705,0.19806031347407185,False,3,-0.08110347029528554,-0.08110347029528554,0.0,0.0,0.0,-0.0001606337875051933,TabArena_IID,0.5044166666666666,0.0338611518035256,DAUC < 0.55,source::Fitness_Club,
bag8,target_sensitivity_m10,loose_regularization_sensitivity,target_enc_ratio,target_enc_standard_m10,Food_Delivery_Time,7.660821302537523,7.671541894515463,7.61254331638673,False,3,-0.634189969689507,-0.7750179628105776,0.14082799312107055,0.13974494469754487,0.01072059197793962,-0.048277986150793595,TabArena_IID,0.4998231287092426,0.0079414057802949,DAUC < 0.55,source::Food_Delivery_Time,
bag8,target_sensitivity_m10,loose_regularization_sensitivity,target_enc_ratio,target_enc_standard_m10,GiveMeSomeCredit,0.13467859812932512,0.13467859812932512,0.13467859812932512,False,3,0.0,0.0,0.0,0.0,0.0,0.0,TabArena_IID,0.5044638750000001,0.0040447365644625,DAUC < 0.55,source::GiveMeSomeCredit,
bag8,target_sensitivity_m10,loose_regularization_sensitivity,target_enc_ratio,target_enc_standard_m10,HR_Analytics_Job_Change_of_Data_Scientists,0.1966758511425459,0.19670468746481248,0.19807157913220882,False,3,0.7046583844981111,0.6900998484411379,0.014558536056973206,0.014659702642692347,2.883632226657884e-05,0.0013957279896629204,TabArena_IID,0.5006432616140332,0.0155574144065088,DAUC < 0.55,source::HR_Analytics_Job_Change_of_Data_Scientists,
bag8,target_sensitivity_m10,loose_regularization_sensitivity,target_enc_ratio,target_enc_standard_m10,Is-this-a-good-customer,0.26791688992081925,0.2675160246869481,0.2816658347110213,False,3,4.881296591866729,5.023616030176471,-0.1423194383097423,-0.14984718554347246,-0.0004008652338711727,0.013748944790202056,TabArena_IID,0.5089344102652231,0.0467264045771018,DAUC < 0.55,source::Is-this-a-good-customer,
bag8,target_sensitivity_m10,loose_regularization_sensitivity,target_enc_ratio,target_enc_standard_m10,MIC,0.15214808923699322,0.15302556872038128,0.17328258022548715,False,3,12.196546797140421,11.690160360462116,0.5063864366783031,0.5734201746320292,0.0008774794833880661,0.02113449098849393,TabArena_IID,0.5315440298650391,0.1023684174323937,DAUC < 0.55,source::MIC,
bag8,target_sensitivity_m10,loose_regularization_sensitivity,target_enc_ratio,target_enc_standard_m10,Marketing_Campaign,0.08774748786819801,0.0862787910477704,0.09077602790089785,False,3,3.3362773220328186,4.954211984288601,-1.6179346622557822,-1.702268660225461,-0.0014686968204276063,0.003028540032699839,TabArena_IID,0.4893010633270867,0.0318521792685864,DAUC < 0.55,source::Marketing_Campaign,
bag8,target_sensitivity_m10,loose_regularization_sensitivity,target_enc_ratio,target_enc_standard_m10,NATICUSdroid,0.015374123980250199,0.015374123980250199,0.015374123980250199,True,3,,,,,0.0,0.0,TabArena_IID,0.4909448935914827,0.0,DAUC < 0.55,source::NATICUSdroid,
bag8,target_sensitivity_m10,loose_regularization_sensitivity,target_enc_ratio,target_enc_standard_m10,QSAR-TID-11,0.7712617761086863,0.7712617761086863,0.7712617761086863,False,3,0.0,0.0,0.0,0.0,0.0,0.0,TabArena_IID,0.5050515529554785,0.0053456712564641,DAUC < 0.55,source::QSAR-TID-11,
bag8,target_sensitivity_m10,loose_regularization_sensitivity,target_enc_ratio,target_enc_standard_m10,QSAR_fish_toxicity,0.8879213450978166,0.8879213450978166,0.8879213450978166,False,3,0.0,0.0,0.0,0.0,0.0,0.0,TabArena_IID,0.4678368023195609,0.045171150688392,DAUC < 0.55,source::QSAR_fish_toxicity,
bag8,target_sensitivity_m10,loose_regularization_sensitivity,target_enc_ratio,target_enc_standard_m10,SDSS17,0.007140313417912333,0.007175097155670366,0.006966283496635968,True,3,,,,,3.478373775803352e-05,-0.00017402992127636512,TabArena_IID,0.503639075,0.0056937685466399,DAUC < 0.55,source::SDSS17,
bag8,target_sensitivity_m10,loose_regularization_sensitivity,target_enc_ratio,target_enc_standard_m10,airfoil_self_noise,1.510035416249483,1.513821577670587,1.5191985317946408,False,3,0.603154581405069,0.3539336045633203,0.24922097684174857,0.2501061866835134,0.003786161421104106,0.009163115545157918,TabArena_IID,0.5474124587140708,0.0529488504762273,DAUC < 0.55,source::airfoil_self_noise,
bag8,target_sensitivity_m10,loose_regularization_sensitivity,target_enc_ratio,target_enc_standard_m10,anneal,0.0012825653047834334,0.0015898622536255666,0.005311829229791567,True,3,,,,,0.0003072969488421332,0.004029263925008134,TabArena_IID,0.43732935660019,0.0336531517590013,DAUC < 0.55,source::anneal,
bag8,target_sensitivity_m10,loose_regularization_sensitivity,target_enc_ratio,target_enc_standard_m10,bank-marketing,0.23754552358724587,0.23754552358724587,0.23769053892853007,False,3,0.06101014450886394,0.06101014450886394,0.0,0.0,0.0,0.0001450153412841937,TabArena_IID,0.4965386712119099,0.0053437601561689,DAUC < 0.55,source::bank-marketing,
bag8,target_sensitivity_m10,loose_regularization_sensitivity,target_enc_ratio,target_enc_standard_m10,bike_sharing,124.53282681154076,124.5264022337862,124.5295491522315,False,1,-0.0026320333861124517,0.0025270455620528673,-0.005159078948165319,-0.005159209323735571,-0.0064245777545579585,-0.0032776593092620487,real_shift,0.724417889739124,0.0462872471556019,0.55 <= DAUC < 0.75,source::bike_sharing,
bag8,target_sensitivity_m10,loose_regularization_sensitivity,target_enc_ratio,target_enc_standard_m10,blood-transfusion-service-center,0.2943193081573991,0.2943193081573991,0.2943193081573991,False,3,0.0,0.0,0.0,0.0,0.0,0.0,TabArena_IID,0.5146430905695611,0.0393868450390189,DAUC < 0.55,source::blood-transfusion-service-center,
bag8,target_sensitivity_m10,loose_regularization_sensitivity,target_enc_ratio,target_enc_standard_m10,brfss_diabetes,0.1760835720855686,0.1760835720855686,0.1762096282165715,False,1,0.07153759546439678,0.07153759546439678,0.0,0.0,0.0,0.00012605613100288848,real_shift,0.6218414250000001,0.0278607379887395,0.55 <= DAUC < 0.75,source::brfss_diabetes,
bag8,target_sensitivity_m10,loose_regularization_sensitivity,target_enc_ratio,target_enc_standard_m10,churn,0.08415527957562896,0.08364157839954318,0.08373592096225208,False,3,-0.5008108928137679,0.11266677624698246,-0.6134776690607503,-0.6141696341882782,-0.0005137011760857763,-0.0004193586133768856,TabArena_IID,0.4777912499999999,0.0261333333333333,DAUC < 0.55,source::churn,
bag8,target_sensitivity_m10,loose_regularization_sensitivity,target_enc_ratio,target_enc_standard_m10,coil2000_insurance_policies,0.24643821626089665,0.2453934833605321,0.2503404243359272,False,3,1.5587606697487366,1.9760855597004472,-0.4173248899517106,-0.42573783380776736,-0.0010447329003645534,0.0039022080750305277,TabArena_IID,0.4998567392475893,0.009434077843747,DAUC < 0.55,source::coil2000_insurance_policies,
bag8,target_sensitivity_m10,loose_regularization_sensitivity,target_enc_ratio,target_enc_standard_m10,concrete_compressive_strength,4.340134707907356,4.340134707907356,4.340134707907356,False,3,0.0,0.0,0.0,0.0,0.0,0.0,TabArena_IID,0.5128188681237462,0.0502123786407767,DAUC < 0.55,source::concrete_compressive_strength,
bag8,target_sensitivity_m10,loose_regularization_sensitivity,target_enc_ratio,target_enc_standard_m10,credit-g,0.22383111404570633,0.22255951725908804,0.23617982954892822,False,3,5.228522489327849,5.766924430360181,-0.5384019410323326,-0.5713513411057507,-0.0012715967866182842,0.012348715503221891,TabArena_IID,0.4666875,0.0366071428571428,DAUC < 0.55,source::credit-g,
bag8,target_sensitivity_m10,loose_regularization_sensitivity,target_enc_ratio,target_enc_standard_m10,credit_card_clients_default,0.21539685403394912,0.2154750062924274,0.21600021694556126,False,3,0.2793344007447035,0.2431528359372991,0.036181564807404386,0.03626975574709097,7.815225847829232e-05,0.0006033629116121431,TabArena_IID,0.5084822083333334,0.0089083333333333,DAUC < 0.55,source::credit_card_clients_default,
bag8,target_sensitivity_m10,loose_regularization_sensitivity,target_enc_ratio,target_enc_standard_m10,customer_satisfaction_in_airline,0.005447150860236734,0.005430176257955433,0.0056408237053047336,True,3,,,,,-1.6974602281300682e-05,0.00019367284506799972,TabArena_IID,0.4966771,0.0063438979047851,DAUC < 0.55,source::customer_satisfaction_in_airline,
bag8,target_sensitivity_m10,loose_regularization_sensitivity,target_enc_ratio,target_enc_standard_m10,diabetes,0.16934535483580615,0.16934535483580615,0.16934535483580615,False,3,0.0,0.0,0.0,0.0,0.0,0.0,TabArena_IID,0.5164146241145119,0.0782684335208765,DAUC < 0.55,source::diabetes,
bag8,target_sensitivity_m10,loose_regularization_sensitivity,target_enc_ratio,target_enc_standard_m10,diabetes_hospital,0.3467800395209509,0.3454312521364703,0.3461028034487377,False,1,-0.19567482998256408,0.1940323237996645,-0.3897071537822286,-0.3904647816717255,-0.0013487873844805764,-0.0006772360722132054,real_shift,0.938254775,0.0569622287584916,0.75 <= DAUC < 0.95,source::diabetes_130_us,
bag8,target_sensitivity_m10,loose_regularization_sensitivity,target_enc_ratio,target_enc_standard_m10,diamonds,531.9541768448786,531.9541768448786,533.6157469570486,False,3,0.3113795126259183,0.3113795126259183,0.0,0.0,0.0,1.6615701121700113,TabArena_IID,0.500012025,0.0064925534544555,DAUC < 0.55,source::diamonds,
bag8,target_sensitivity_m10,loose_regularization_sensitivity,target_enc_ratio,target_enc_standard_m10,folktables_coverage,0.180100116210656,0.180100116210656,0.1802445690392519,False,1,0.08014268022935324,0.08014268022935324,0.0,0.0,0.0,0.00014445282859590347,Folktables,0.55100065,0.0153198007637392,0.55 <= DAUC < 0.75,source::folktables,
bag8,target_sensitivity_m10,loose_regularization_sensitivity,target_enc_ratio,target_enc_standard_m10,folktables_coverage_covid,0.1863481854463067,0.1863481854463067,0.1863877343928588,False,1,0.021218642246451567,0.021218642246451567,0.0,0.0,0.0,3.954894655208707e-05,Folktables,0.6727981749999998,0.0219409140498816,0.55 <= DAUC < 0.75,source::folktables,
bag8,target_sensitivity_m10,loose_regularization_sensitivity,target_enc_ratio,target_enc_standard_m10,folktables_employment,0.0923294116486064,0.0923524797984027,0.0923388145690792,False,1,0.01018306387913005,-0.014799008832063395,0.024982072711193442,0.024978376159099553,2.306814979630145e-05,9.40292047280078e-06,Folktables,0.5412264,0.0268211334088744,DAUC < 0.55,source::folktables,
bag8,target_sensitivity_m10,loose_regularization_sensitivity,target_enc_ratio,target_enc_standard_m10,folktables_income,0.1124457539153526,0.1124467694994584,0.1120155290170952,False,1,-0.3840761205455124,-0.3849827663603471,0.0009066458148347466,0.0009031687707163401,1.015584105798495e-06,-0.00043022489825739196,Folktables,0.6541794249999999,0.0202054476966708,0.55 <= DAUC < 0.75,source::folktables,
bag8,target_sensitivity_m10,loose_regularization_sensitivity,target_enc_ratio,target_enc_standard_m10,folktables_mobility,0.2595332924234184,0.2595332924234184,0.2597460318536995,False,1,0.08190286056070731,0.08190286056070731,0.0,0.0,0.0,0.00021273943028110587,Folktables,0.5783444999999999,0.0427119057499453,0.55 <= DAUC < 0.75,source::folktables,
bag8,target_sensitivity_m10,loose_regularization_sensitivity,target_enc_ratio,target_enc_standard_m10,folktables_travel_time,0.2073327160075111,0.2072904840094143,0.2080129492789471,False,1,0.3270148679656422,0.3473174492439692,-0.020302581278326993,-0.020373341448170542,-4.2231998096803336e-05,0.0006802332714359871,Folktables,0.657996475,0.0224917765156315,0.55 <= DAUC < 0.75,source::folktables,
bag8,target_sensitivity_m10,loose_regularization_sensitivity,target_enc_ratio,target_enc_standard_m10,folktables_travel_time_covid,0.2017031574494274,0.2018946849627969,0.2035722517222109,False,1,0.9181478600207362,0.8240645496730982,0.09408331034763809,0.09486505967444138,0.0001915275133694827,0.0018690942727835058,Folktables,0.788992325,0.0142218987079578,0.75 <= DAUC < 0.95,source::folktables,
bag8,target_sensitivity_m10,loose_regularization_sensitivity,target_enc_ratio,target_enc_standard_m10,gas_sensor_drift,0.1243783594646005,0.1243783594646005,0.1243783594646005,False,1,0.0,0.0,0.0,0.0,0.0,0.0,real_shift,0.9997012367140782,0.2156844866039522,DAUC >= 0.95,source::gas_sensor_drift,
bag8,target_sensitivity_m10,loose_regularization_sensitivity,target_enc_ratio,target_enc_standard_m10,hazelnut-spread-contaminant-detection,0.0295020833333333,0.0295020833333333,0.0295020833333333,False,3,0.0,0.0,0.0,0.0,0.0,0.0,TabArena_IID,0.5092881944444444,0.0430034722222222,DAUC < 0.55,source::hazelnut-spread-contaminant-detection,
bag8,target_sensitivity_m10,loose_regularization_sensitivity,target_enc_ratio,target_enc_standard_m10,healthcare_insurance_expenses,4627.335128936509,4627.335128936509,4620.357678458792,False,3,-0.15101537507036505,-0.15101537507036505,0.0,0.0,0.0,-6.977450477716957,TabArena_IID,0.5250682484635931,0.0656832659134235,DAUC < 0.55,source::healthcare_insurance_expenses,
bag8,target_sensitivity_m10,loose_regularization_sensitivity,target_enc_ratio,target_enc_standard_m10,heloc,0.20568240256918216,0.20568240256918216,0.20568240256918216,False,3,0.0,0.0,0.0,0.0,0.0,0.0,TabArena_IID,0.5007809088419239,0.0177986239441687,DAUC < 0.55,source::heloc,
bag8,target_sensitivity_m10,loose_regularization_sensitivity,target_enc_ratio,target_enc_standard_m10,hiva_agnostic,0.5008062354812467,0.5008062354812467,0.5036540337357714,False,3,0.5654274688126032,0.5654274688126032,0.0,0.0,0.0,0.002847798254524747,TabArena_IID,0.496315651907474,0.0,DAUC < 0.55,source::hiva_agnostic,
bag8,target_sensitivity_m10,loose_regularization_sensitivity,target_enc_ratio,target_enc_standard_m10,houses,0.2171784423060367,0.2171784423060367,0.2171784423060367,False,3,0.0,0.0,0.0,0.0,0.0,0.0,TabArena_IID,0.4876979973585736,0.0143910489341085,DAUC < 0.55,source::houses,
bag8,target_sensitivity_m10,loose_regularization_sensitivity,target_enc_ratio,target_enc_standard_m10,in_vehicle_coupon_recommendation,0.16331830241914722,0.16314642558427347,0.1669647312821876,False,3,2.1839515657217183,2.286893566438775,-0.10294200071705645,-0.10535127218276552,-0.00017187683487374095,0.0036464288630403963,TabArena_IID,0.4999967486682508,0.0148968616209672,DAUC < 0.55,source::in_vehicle_coupon_recommendation,
bag8,target_sensitivity_m10,loose_regularization_sensitivity,target_enc_ratio,target_enc_standard_m10,jm1,0.2523411082373615,0.2523411082373615,0.2523411082373615,False,3,0.0,0.0,0.0,0.0,0.0,0.0,TabArena_IID,0.5013936268693818,0.0156089518163831,DAUC < 0.55,source::jm1,
bag8,target_sensitivity_m10,loose_regularization_sensitivity,target_enc_ratio,target_enc_standard_m10,kddcup09_appetency,0.4034743550079021,0.4049305118830165,0.19833659694940486,False,3,-103.42910043516947,-104.16328509776397,0.7341846625945051,0.35960660715414106,0.0014561568751144116,-0.2051377580584972,TabArena_IID,0.502529275,0.0355100272725716,DAUC < 0.55,source::kddcup09_appetency,
bag8,target_sensitivity_m10,loose_regularization_sensitivity,target_enc_ratio,target_enc_standard_m10,lending_club,0.3110094974649404,0.3109686431210955,0.3115974664807988,False,1,0.18869505663796,0.20180631338413563,-0.013111256746175628,-0.013137769594655504,-4.085434384487607e-05,0.0005879690158583917,real_shift,0.94616475,0.0622442459135606,0.75 <= DAUC < 0.95,source::lending_club,
bag8,target_sensitivity_m10,loose_regularization_sensitivity,target_enc_ratio,target_enc_standard_m10,maternal_health_risk,0.06193628607029456,0.06193628607029456,0.06193628607029456,False,3,0.0,0.0,0.0,0.0,0.0,0.0,TabArena_IID,0.4809925428071595,0.03878222065645,DAUC < 0.55,source::maternal_health_risk,
bag8,target_sensitivity_m10,loose_regularization_sensitivity,target_enc_ratio,target_enc_standard_m10,miami_housing,87451.21952160071,87451.21951221321,87451.21914052036,False,3,-4.3576333201539837e-07,-4.250287775818048e-07,-1.0734554433593583e-08,-1.0734554387968638e-08,-9.38749872148037e-06,-0.00038108034641481936,TabArena_IID,0.5000548768378967,0.0174142973418732,DAUC < 0.55,source::miami_housing,
bag8,target_sensitivity_m10,loose_regularization_sensitivity,target_enc_ratio,target_enc_standard_m10,online_shoppers_intention,0.0653681918631245,0.06537120918617963,0.06587676166406567,False,3,0.7720018229411367,0.7674215688744312,0.0045802540667054855,0.004615675758021854,3.0173230551322483e-06,0.0005085698009411749,TabArena_IID,0.5085433381403395,0.0162298164122981,DAUC < 0.55,source::online_shoppers_intention,
bag8,target_sensitivity_m10,loose_regularization_sensitivity,target_enc_ratio,target_enc_standard_m10,physiochemical_protein,3.4820759024608896,3.4820759024608896,3.4820759024608896,False,3,0.0,0.0,0.0,0.0,0.0,0.0,TabArena_IID,0.5001884949523016,0.0130870811769565,DAUC < 0.55,source::physiochemical_protein,
bag8,target_sensitivity_m10,loose_regularization_sensitivity,target_enc_ratio,target_enc_standard_m10,polish_companies_bankruptcy,0.04399807589132929,0.04399807589132929,0.04399807589132929,False,3,0.0,0.0,0.0,0.0,0.0,0.0,TabArena_IID,0.4797271737327021,0.028469599510753,DAUC < 0.55,source::polish_companies_bankruptcy,
bag8,target_sensitivity_m10,loose_regularization_sensitivity,target_enc_ratio,target_enc_standard_m10,qsar-biodeg,0.07016595828700294,0.06982628651955426,0.06976872366754223,False,3,-0.5693591606370499,-0.08250523871745535,-0.4868539219195946,-0.4864525730629418,-0.0003396717674486738,-0.00039723461946070127,TabArena_IID,0.5242964850267431,0.0520357221163414,DAUC < 0.55,source::qsar-biodeg,
bag8,target_sensitivity_m10,loose_regularization_sensitivity,target_enc_ratio,target_enc_standard_m10,seismic-bumps,0.2467955280597692,0.2467955280597692,0.24680305204571742,False,3,0.0030485789725272533,0.0030485789725272533,0.0,0.0,0.0,7.5239859482212346e-06,TabArena_IID,0.5032746248400783,0.0270932551506253,DAUC < 0.55,source::seismic-bumps,
bag8,target_sensitivity_m10,loose_regularization_sensitivity,target_enc_ratio,target_enc_standard_m10,shifts_weather,2.164518455518772,2.164518455518772,2.164518455518772,False,1,0.0,0.0,0.0,0.0,0.0,0.0,real_shift,0.99970015,0.1722711733109805,DAUC >= 0.95,source::shifts_weather,
bag8,target_sensitivity_m10,loose_regularization_sensitivity,target_enc_ratio,target_enc_standard_m10,splice,0.005241621625302367,0.0053869672994353,0.0052733804611511,True,3,,,,,0.00014534567413293249,3.1758835848732896e-05,TabArena_IID,0.4935215615848055,0.0,DAUC < 0.55,source::splice,
bag8,target_sensitivity_m10,loose_regularization_sensitivity,target_enc_ratio,target_enc_standard_m10,students_dropout_and_academic_success,0.10475360252920857,0.10458987005222893,0.10631191401496416,False,3,1.4657919577445024,1.6198033669987744,-0.1540114092542719,-0.15654716551217934,-0.0001637324769796361,0.0015583114857555952,TabArena_IID,0.4990070724969652,0.0241838594407484,DAUC < 0.55,source::students_dropout_and_academic_success,
bag8,target_sensitivity_m10,loose_regularization_sensitivity,target_enc_ratio,target_enc_standard_m10,superconductivity,9.267409420567729,9.267409420567729,9.267409420567729,False,3,0.0,0.0,0.0,0.0,0.0,0.0,TabArena_IID,0.4966916245247805,0.0148733486354602,DAUC < 0.55,source::superconductivity,
bag8,target_sensitivity_m10,loose_regularization_sensitivity,target_enc_ratio,target_enc_standard_m10,synthetic_label_shift,0.2404443410989011,0.2404443410989011,0.2403954804395605,False,1,-0.020325115618335513,-0.020325115618335513,0.0,0.0,0.0,-4.8860659340593804e-05,synthetic,0.54006835,0.01992,DAUC < 0.55,source::synthetic_generator,
bag8,target_sensitivity_m10,loose_regularization_sensitivity,target_enc_ratio,target_enc_standard_m10,synthetic_large_test,0.2543615261953982,0.2543615261953982,0.2541956891847217,False,1,-0.0652398989174065,-0.0652398989174065,0.0,0.0,0.0,-0.00016583701067651724,synthetic,0.64072835,0.0878719999999999,0.55 <= DAUC < 0.75,source::synthetic_generator,
bag8,target_sensitivity_m10,loose_regularization_sensitivity,target_enc_ratio,target_enc_standard_m10,synthetic_partial_shift,0.2414931448339912,0.2414931448339912,0.2414264165740653,False,1,-0.027639170921228175,-0.027639170921228175,0.0,0.0,0.0,-6.672825992590226e-05,synthetic,0.5587177999999999,0.026568,0.55 <= DAUC < 0.75,source::synthetic_generator,
bag8,target_sensitivity_m10,loose_regularization_sensitivity,target_enc_ratio,target_enc_standard_m10,synthetic_shift_0.0,0.2495520260038161,0.2495520260038161,0.2500728306313826,False,1,0.20826117985370893,0.20826117985370893,0.0,0.0,0.0,0.0005208046275664846,synthetic,0.49784605,0.011,DAUC < 0.55,source::synthetic_generator,
bag8,target_sensitivity_m10,loose_regularization_sensitivity,target_enc_ratio,target_enc_standard_m10,synthetic_shift_0.5,0.2479252798266046,0.2479252798266046,0.248317077510352,False,1,0.15778120767029627,0.15778120767029627,0.0,0.0,0.0,0.0003917976837474191,synthetic,0.5719888750000001,0.04362,0.55 <= DAUC < 0.75,source::synthetic_generator,
bag8,target_sensitivity_m10,loose_regularization_sensitivity,target_enc_ratio,target_enc_standard_m10,synthetic_shift_1.0,0.2495052832417117,0.2495052832417117,0.2497417984176844,False,1,0.09470388115694514,0.09470388115694514,0.0,0.0,0.0,0.00023651517597270133,synthetic,0.643362075,0.08208,0.55 <= DAUC < 0.75,source::synthetic_generator,
bag8,target_sensitivity_m10,loose_regularization_sensitivity,target_enc_ratio,target_enc_standard_m10,synthetic_shift_3.0,0.2585670179028132,0.2585670179028132,0.2581939028132992,False,1,-0.14450964389497725,-0.14450964389497725,0.0,0.0,0.0,-0.00037311508951404226,synthetic,0.8405509999999999,0.20872,0.75 <= DAUC < 0.95,source::synthetic_generator,
bag8,target_sensitivity_m10,loose_regularization_sensitivity,target_enc_ratio,target_enc_standard_m10,synthetic_shift_5.0,0.2696672055412632,0.2696672055412632,0.2698973148260011,False,1,0.08525808598215452,0.08525808598215452,0.0,0.0,0.0,0.00023010928473787828,synthetic,0.93479215,0.30666,0.75 <= DAUC < 0.95,source::synthetic_generator,
bag8,target_sensitivity_m10,loose_regularization_sensitivity,target_enc_ratio,target_enc_standard_m10,synthetic_small_test,0.2534089099450592,0.2534089099450592,0.2532289528907427,False,1,-0.07106496009330646,-0.07106496009330646,0.0,0.0,0.0,-0.0001799570543165041,synthetic,0.6399588,0.0856239999999999,0.55 <= DAUC < 0.75,source::synthetic_generator,
bag8,target_sensitivity_m10,loose_regularization_sensitivity,target_enc_ratio,target_enc_standard_m10,tabred_cooking_time,0.4852387203082794,0.4852387203082794,0.484871225589696,False,1,-0.07579223084160026,-0.07579223084160026,0.0,0.0,0.0,-0.00036749471858343874,TabReD,0.7766422000000001,0.0408288722530207,0.75 <= DAUC < 0.95,source::tabred_cooking_time,
bag8,target_sensitivity_m10,loose_regularization_sensitivity,target_enc_ratio,target_enc_standard_m10,tabred_delivery_eta,0.5459188549611448,0.5459188549611448,0.5459188549611448,False,1,0.0,0.0,0.0,0.0,0.0,0.0,TabReD,0.9451161,0.1211845880844909,0.75 <= DAUC < 0.95,source::tabred_delivery_eta,
bag8,target_sensitivity_m10,loose_regularization_sensitivity,target_enc_ratio,target_enc_standard_m10,tabred_delivery_eta__gap_far,0.5576152367232049,0.5576152367232049,0.5576152367232049,False,1,0.0,0.0,0.0,0.0,0.0,0.0,TabReD_gap,0.999999625,0.2379337040655923,DAUC >= 0.95,source::tabred_delivery_eta,tabred_delivery_eta
bag8,target_sensitivity_m10,loose_regularization_sensitivity,target_enc_ratio,target_enc_standard_m10,tabred_delivery_eta__gap_maxdiff,0.5533970341678441,0.5533970341678441,0.5533970341678441,False,1,0.0,0.0,0.0,0.0,0.0,0.0,TabReD_gap,1.0,0.2496496029927623,DAUC >= 0.95,source::tabred_delivery_eta,tabred_delivery_eta
bag8,target_sensitivity_m10,loose_regularization_sensitivity,target_enc_ratio,target_enc_standard_m10,tabred_delivery_eta__gap_near,0.5743301179802871,0.5743301179802871,0.5743301179802871,False,1,0.0,0.0,0.0,0.0,0.0,0.0,TabReD_gap,0.946211,0.1571228260314691,0.75 <= DAUC < 0.95,source::tabred_delivery_eta,tabred_delivery_eta
bag8,target_sensitivity_m10,loose_regularization_sensitivity,target_enc_ratio,target_enc_standard_m10,tabred_ecom_offers,0.4378837069964159,0.4378837069964159,0.4378837069964159,False,1,0.0,0.0,0.0,0.0,0.0,0.0,TabReD,1.0,0.0841283069488731,DAUC >= 0.95,source::tabred_ecom_offers,
bag8,target_sensitivity_m10,loose_regularization_sensitivity,target_enc_ratio,target_enc_standard_m10,tabred_homesite,0.0393921427424753,0.0395066721344383,0.0395510583144037,False,1,0.4017985325831906,0.11222501206556242,0.2895735205176282,0.2898988595477336,0.00011452939196299888,0.00015891557192839606,TabReD,1.0,0.0494244965489931,DAUC >= 0.95,source::tabred_homesite,
bag8,target_sensitivity_m10,loose_regularization_sensitivity,target_enc_ratio,target_enc_standard_m10,tabred_homesite__gap_far,0.1036262079923532,0.1022968705372872,0.1040477118497644,False,1,0.40510632085769954,1.6827292800107496,-1.2776229591530501,-1.2994898554413308,-0.0013293374550659987,0.0004215038574112012,TabReD_gap,1.0,0.0830990647492541,DAUC >= 0.95,source::tabred_homesite,tabred_homesite
bag8,target_sensitivity_m10,loose_regularization_sensitivity,target_enc_ratio,target_enc_standard_m10,tabred_homesite__gap_near,0.046072758509482,0.0459059471373404,0.0459653482601032,False,1,-0.23367657038297063,0.1292302245305933,-0.3629067949135639,-0.36337638703441966,-0.00016681137214159814,-0.00010741024937879762,TabReD_gap,1.0,0.0437974647176086,DAUC >= 0.95,source::tabred_homesite,tabred_homesite
bag8,target_sensitivity_m10,loose_regularization_sensitivity,target_enc_ratio,target_enc_standard_m10,tabred_sberbank,0.2560332340939763,0.256003841353631,0.2552404707830786,False,1,-0.3105946750785742,-0.2990789698085106,-0.011515705270063566,-0.011481366916170747,-2.9392740345302037e-05,-0.0007927633108977261,TabReD,1.0,0.2022915451416207,DAUC >= 0.95,source::tabred_sberbank,
bag8,target_sensitivity_m10,loose_regularization_sensitivity,target_enc_ratio,target_enc_standard_m10,tabred_sberbank__gap_far,0.3614614498469459,0.3518912050266041,0.3592567871384393,False,1,-0.613673224121176,2.0502276854680184,-2.6639009095891946,-2.7196601346198066,-0.0095702448203418,-0.0022046627085066106,TabReD_gap,1.0,0.235749592588427,DAUC >= 0.95,source::tabred_sberbank,tabred_sberbank
bag8,target_sensitivity_m10,loose_regularization_sensitivity,target_enc_ratio,target_enc_standard_m10,tabred_sberbank__gap_near,0.2459172948343748,0.247418132412799,0.2477962699761038,False,1,0.7582741830255126,0.15260018374822912,0.6056739992772835,0.6065996714905942,0.0015008375784242023,0.0018789751417289946,TabReD_gap,1.0,0.2265311490062835,DAUC >= 0.95,source::tabred_sberbank,tabred_sberbank
bag8,target_sensitivity_m10,loose_regularization_sensitivity,target_enc_ratio,target_enc_standard_m10,tabred_weather,1.4967328890116611,1.4967328890116611,1.4967328890116611,False,1,0.0,0.0,0.0,0.0,0.0,0.0,TabReD,0.9948407,0.1103651439849723,DAUC >= 0.95,source::tabred_weather,
bag8,target_sensitivity_m10,loose_regularization_sensitivity,target_enc_ratio,target_enc_standard_m10,tabred_weather__gap_far,1.6422974554212553,1.6422974554212553,1.6422974554212553,False,1,0.0,0.0,0.0,0.0,0.0,0.0,TabReD_gap,1.0,0.1012016963019497,DAUC >= 0.95,source::tabred_weather,tabred_weather
bag8,target_sensitivity_m10,loose_regularization_sensitivity,target_enc_ratio,target_enc_standard_m10,tabred_weather__gap_maxdiff,1.7941261827455273,1.7941261827455273,1.7941261827455273,False,1,0.0,0.0,0.0,0.0,0.0,0.0,TabReD_gap,1.0,0.2280292319342118,DAUC >= 0.95,source::tabred_weather,tabred_weather
bag8,target_sensitivity_m10,loose_regularization_sensitivity,target_enc_ratio,target_enc_standard_m10,tabred_weather__gap_near,1.6630001348379588,1.6630001348379588,1.6630001348379588,False,1,0.0,0.0,0.0,0.0,0.0,0.0,TabReD_gap,1.0,0.0948655339805825,DAUC >= 0.95,source::tabred_weather,tabred_weather
bag8,target_sensitivity_m10,loose_regularization_sensitivity,target_enc_ratio,target_enc_standard_m10,taiwanese_bankruptcy_prediction,0.06392489016533567,0.06392489016533567,0.06392489016533567,False,3,0.0,0.0,0.0,0.0,0.0,0.0,TabArena_IID,0.4813707690648705,0.0246058424438091,DAUC < 0.55,source::taiwanese_bankruptcy_prediction,
bag8,target_sensitivity_m10,loose_regularization_sensitivity,target_enc_ratio,target_enc_standard_m10,tschalzev_mbgm,8.148433096817476,8.074604946966351,8.085359966984036,False,1,-0.7800905598636756,0.13301844397283774,-0.9131090038365134,-0.9143252250236911,-0.07382814985112418,-0.06307312983343927,tschalzev_IID,0.5283598093648937,0.0054825547828749,DAUC < 0.55,source::tschalzev_mbgm,
bag8,target_sensitivity_m10,loose_regularization_sensitivity,target_enc_ratio,target_enc_standard_m10,tschalzev_ogpcc,0.0215218443612823,0.0215218629516583,0.0215218443612823,False,1,0.0,-8.637910249210086e-05,8.637910249210086e-05,8.637902787867183e-05,1.8590375999022468e-08,0.0,tschalzev_IID,0.498779,0.0040078342527184,DAUC < 0.55,source::tschalzev_ogpcc,
bag8,target_sensitivity_m10,loose_regularization_sensitivity,target_enc_ratio,target_enc_standard_m10,tschalzev_sctp,0.1051087392387699,0.1051087392387699,0.1051087392387699,False,1,0.0,0.0,0.0,0.0,0.0,0.0,tschalzev_IID,0.495618525,0.0048744375,DAUC < 0.55,source::tschalzev_sctp,
bag8,target_sensitivity_m10,loose_regularization_sensitivity,target_enc_ratio,target_enc_standard_m10,website_phishing,0.0217340034618181,0.0217340034618181,0.0217334983646367,False,3,-0.0023240491379958573,-0.0023240491379958573,0.0,0.0,0.0,-5.05097181399683e-07,TabArena_IID,0.4974870109756609,0.0,DAUC < 0.55,source::website_phishing,
bag8,target_sensitivity_m10,loose_regularization_sensitivity,target_enc_ratio,target_enc_standard_m10,wine_quality,0.17220874309318732,0.17220874309318732,0.17220874309318732,False,3,0.0,0.0,0.0,0.0,0.0,0.0,TabArena_IID,0.4933509159780399,0.021301046461716,DAUC < 0.55,source::wine_quality,
tabicl,target_sensitivity_m10,loose_regularization_sensitivity,target_enc_ratio,target_enc_standard_m10,Amazon_employee_access,0.16110894998243866,0.1721493549242709,0.15191693415385168,False,3,-6.050685448455597,-13.31808128113559,7.267395832679993,6.413271166011015,0.011040404941832227,-0.009192015828586975,TabArena_IID,0.4973770565852067,0.0,DAUC < 0.55,source::Amazon_employee_access,
tabicl,target_sensitivity_m10,loose_regularization_sensitivity,target_enc_ratio,target_enc_standard_m10,Another-Dataset-on-used-Fiat-500,710.9006688166277,710.8965475668043,713.1740191287946,False,3,0.3187651612637319,0.31934303562718536,-0.0005778743634535002,-0.0005797256770288344,-0.0041212498233562656,2.27335031216694,TabArena_IID,0.5250604059451488,0.0313157709499172,DAUC < 0.55,source::Another-Dataset-on-used-Fiat-500,
tabicl,target_sensitivity_m10,loose_regularization_sensitivity,target_enc_ratio,target_enc_standard_m10,Bank_Customer_Churn,0.1259820978344484,0.1259828376562885,0.1261516035655104,False,3,0.1343666875974183,0.13378023303068015,0.0005864545667381429,0.0005872401780167435,7.398218401233336e-07,0.00016950573106200295,TabArena_IID,0.4985240625,0.0158125,DAUC < 0.55,source::Bank_Customer_Churn,
tabicl,target_sensitivity_m10,loose_regularization_sensitivity,target_enc_ratio,target_enc_standard_m10,E-CommereShippingData,0.2564925393435206,0.2564871287410859,0.25434487065501615,False,3,-0.84439237283361,-0.8422651027138066,-0.0021272701198033783,-0.0021095025162679833,-5.41060243469671e-06,-0.002147668688504467,TabArena_IID,0.500688337854552,0.0144240392331084,DAUC < 0.55,source::E-CommereShippingData,
tabicl,target_sensitivity_m10,loose_regularization_sensitivity,target_enc_ratio,target_enc_standard_m10,Fitness_Club,0.1781143692573491,0.17810802046964813,0.17813713182503257,False,3,0.012778115068015598,0.01634210402188118,-0.0035639889538655826,-0.0035645714798447532,-6.348787700977132e-06,2.2762567683465296e-05,TabArena_IID,0.5044166666666666,0.0338611518035256,DAUC < 0.55,source::Fitness_Club,
tabicl,target_sensitivity_m10,loose_regularization_sensitivity,target_enc_ratio,target_enc_standard_m10,HR_Analytics_Job_Change_of_Data_Scientists,0.19389048165196396,0.1936515262759316,0.19436899177038391,False,3,0.24618644880621673,0.3691254906028861,-0.12293904179666934,-0.12339452243297715,-0.00023895537603235706,0.00047851011841995583,TabArena_IID,0.5006432616140332,0.0155574144065088,DAUC < 0.55,source::HR_Analytics_Job_Change_of_Data_Scientists,
tabicl,target_sensitivity_m10,loose_regularization_sensitivity,target_enc_ratio,target_enc_standard_m10,Is-this-a-good-customer,0.24562353167461215,0.24565635194318883,0.25535054336626034,False,3,3.8092778513090204,3.7964248265439227,0.012853024765097955,0.01336023608470248,3.2820268576677636e-05,0.00972701169164819,TabArena_IID,0.5089344102652231,0.0467264045771018,DAUC < 0.55,source::Is-this-a-good-customer,
tabicl,target_sensitivity_m10,loose_regularization_sensitivity,target_enc_ratio,target_enc_standard_m10,MIC,0.1240060339837722,0.12431814688040643,0.12452836705760456,False,3,0.4194490670472977,0.16881308425162614,0.25063598279567156,0.25105980459512467,0.0003121128966342285,0.0005223330738323567,TabArena_IID,0.5315440298650391,0.1023684174323937,DAUC < 0.55,source::MIC,
tabicl,target_sensitivity_m10,loose_regularization_sensitivity,target_enc_ratio,target_enc_standard_m10,Marketing_Campaign,0.07238719182709663,0.07293991985809693,0.07174106556627727,False,3,-0.9006365541398959,-1.6710851481737685,0.7704485940338726,0.7577853555030257,0.0005527280310003019,-0.000646126260819363,TabArena_IID,0.4893010633270867,0.0318521792685864,DAUC < 0.55,source::Marketing_Campaign,
tabicl,target_sensitivity_m10,loose_regularization_sensitivity,target_enc_ratio,target_enc_standard_m10,NATICUSdroid,0.012594771598333299,0.012594771474484632,0.012380236422321333,True,3,,,,,-1.2384866743264666e-10,-0.0002145351760119655,TabArena_IID,0.4909448935914827,0.0,DAUC < 0.55,source::NATICUSdroid,
tabicl,target_sensitivity_m10,loose_regularization_sensitivity,target_enc_ratio,target_enc_standard_m10,QSAR_fish_toxicity,0.8480591435578654,0.8480590534333973,0.8480591435578654,False,3,0.0,1.062714420276528e-05,-1.062714420276528e-05,-1.062714533212734e-05,-9.012446811063057e-08,0.0,TabArena_IID,0.4678368023195609,0.045171150688392,DAUC < 0.55,source::QSAR_fish_toxicity,
tabicl,target_sensitivity_m10,loose_regularization_sensitivity,target_enc_ratio,target_enc_standard_m10,airfoil_self_noise,1.138219077777599,1.1324074705093856,1.0635441931893233,False,3,-7.021324084741878,-6.474886305716861,-0.5464377790250177,-0.5132081357251267,-0.005811607268213281,-0.07467488458827565,TabArena_IID,0.5474124587140708,0.0529488504762273,DAUC < 0.55,source::airfoil_self_noise,
tabicl,target_sensitivity_m10,loose_regularization_sensitivity,target_enc_ratio,target_enc_standard_m10,anneal,0.0006107616122235667,0.0007604062063126001,0.000903440807484965,True,3,,,,,0.00014964459408903339,0.0002926791952613983,TabArena_IID,0.43732935660019,0.0336531517590013,DAUC < 0.55,source::anneal,
tabicl,target_sensitivity_m10,loose_regularization_sensitivity,target_enc_ratio,target_enc_standard_m10,bike_sharing,126.87039519909796,126.86963778073644,124.32326010472048,False,1,-2.0488001136971214,-2.048190880669546,-0.0006092330275752291,-0.0005970052210799486,-0.0007574183615162156,-2.547135094377481,real_shift,0.724417889739124,0.0462872471556019,0.55 <= DAUC < 0.75,source::bike_sharing,
tabicl,target_sensitivity_m10,loose_regularization_sensitivity,target_enc_ratio,target_enc_standard_m10,blood-transfusion-service-center,0.2463663395777578,0.24644067796610156,0.2463663395777578,False,3,0.0,-0.030173922489232986,0.030173922489232986,0.030164820579652266,7.433838834375317e-05,0.0,TabArena_IID,0.5146430905695611,0.0393868450390189,DAUC < 0.55,source::blood-transfusion-service-center,
tabicl,target_sensitivity_m10,loose_regularization_sensitivity,target_enc_ratio,target_enc_standard_m10,churn,0.06847041481578933,0.06868773199756827,0.06434975285373433,False,3,-6.403539686346866,-6.741252221580515,0.33771253523364925,0.3163842733759609,0.00021731718177893378,-0.004120661962055003,TabArena_IID,0.4777912499999999,0.0261333333333333,DAUC < 0.55,source::churn,
tabicl,target_sensitivity_m10,loose_regularization_sensitivity,target_enc_ratio,target_enc_standard_m10,coil2000_insurance_policies,0.23335242567987327,0.23342092584961308,0.2308936310061714,False,3,-1.0649036367902842,-1.0945710509330215,0.02966741414273734,0.02934619914237574,6.850016973980466e-05,-0.0024587946737018584,TabArena_IID,0.4998567392475893,0.009434077843747,DAUC < 0.55,source::coil2000_insurance_policies,
tabicl,target_sensitivity_m10,loose_regularization_sensitivity,target_enc_ratio,target_enc_standard_m10,concrete_compressive_strength,3.7487978437912495,3.7487975262143274,3.7487978437912495,False,3,0.0,8.471433652232818e-06,-8.471433652232818e-06,-8.47143436988476e-06,-3.1757692209311017e-07,0.0,TabArena_IID,0.5128188681237462,0.0502123786407767,DAUC < 0.55,source::concrete_compressive_strength,
tabicl,target_sensitivity_m10,loose_regularization_sensitivity,target_enc_ratio,target_enc_standard_m10,credit-g,0.21411564750620538,0.2137865448809655,0.2072395852438771,False,3,-3.317928982649052,-3.15912600837529,-0.1588029742737621,-0.15393982134054646,-0.0003291026252398854,-0.006876062262328286,TabArena_IID,0.4666875,0.0366071428571428,DAUC < 0.55,source::credit-g,
tabicl,target_sensitivity_m10,loose_regularization_sensitivity,target_enc_ratio,target_enc_standard_m10,credit_card_clients_default,0.20963119486773216,0.20964376230815837,0.20931546090444395,False,3,-0.15084120490858036,-0.1568452718666115,0.006004066958031176,0.005994664610026089,1.2567440426214382e-05,-0.0003157339632882117,TabArena_IID,0.5084822083333334,0.0089083333333333,DAUC < 0.55,source::credit_card_clients_default,
tabicl,target_sensitivity_m10,loose_regularization_sensitivity,target_enc_ratio,target_enc_standard_m10,diabetes,0.15705705596162942,0.15705705596162942,0.15705705596162942,False,3,0.0,0.0,0.0,0.0,0.0,0.0,TabArena_IID,0.5164146241145119,0.0782684335208765,DAUC < 0.55,source::diabetes,
tabicl,target_sensitivity_m10,loose_regularization_sensitivity,target_enc_ratio,target_enc_standard_m10,gas_sensor_drift,0.0288742422311484,0.0288742422311484,0.0288742035260366,False,1,-0.00013404737472576074,-0.00013404737472576074,0.0,0.0,0.0,-3.87051117996251e-08,real_shift,0.9997012367140782,0.2156844866039522,DAUC >= 0.95,source::gas_sensor_drift,
tabicl,target_sensitivity_m10,loose_regularization_sensitivity,target_enc_ratio,target_enc_standard_m10,hazelnut-spread-contaminant-detection,0.006410416666666634,0.006410416666666634,0.006410416666666634,True,3,,,,,0.0,0.0,TabArena_IID,0.5092881944444444,0.0430034722222222,DAUC < 0.55,source::hazelnut-spread-contaminant-detection,
tabicl,target_sensitivity_m10,loose_regularization_sensitivity,target_enc_ratio,target_enc_standard_m10,healthcare_insurance_expenses,4464.691544333173,4464.74176220475,4467.922310030383,False,3,0.07231024787422342,0.0711862831297113,0.0011239647445121254,0.0011247654232108373,0.05021787157693325,3.2307656972106997,TabArena_IID,0.5250682484635931,0.0656832659134235,DAUC < 0.55,source::healthcare_insurance_expenses,
tabicl,target_sensitivity_m10,loose_regularization_sensitivity,target_enc_ratio,target_enc_standard_m10,heloc,0.19857754625701407,0.19857754625701407,0.19857754625701407,False,3,0.0,0.0,0.0,0.0,0.0,0.0,TabArena_IID,0.5007809088419239,0.0177986239441687,DAUC < 0.55,source::heloc,
tabicl,target_sensitivity_m10,loose_regularization_sensitivity,target_enc_ratio,target_enc_standard_m10,houses,0.19718857176899332,0.19718855845527639,0.19718856609087268,False,3,-2.8795384808079076e-06,3.87223075125574e-06,-6.751769232063647e-06,-6.751769493507742e-06,-1.3313716934471032e-08,-5.678120640340012e-09,TabArena_IID,0.4876979973585736,0.0143910489341085,DAUC < 0.55,source::houses,
tabicl,target_sensitivity_m10,loose_regularization_sensitivity,target_enc_ratio,target_enc_standard_m10,in_vehicle_coupon_recommendation,0.15824970492506837,0.15816104080050777,0.1611430978312823,False,3,1.7955425613347273,1.850564542265882,-0.055021980931154714,-0.05605939624059143,-8.866412456060013e-05,0.002893392906213932,TabArena_IID,0.4999967486682508,0.0148968616209672,DAUC < 0.55,source::in_vehicle_coupon_recommendation,
tabicl,target_sensitivity_m10,loose_regularization_sensitivity,target_enc_ratio,target_enc_standard_m10,jm1,0.21822253183925208,0.21822309976683352,0.2182229375414122,False,3,0.00018591178575795466,-7.433930784095984e-05,0.0002602510935989145,0.0002602509001301967,5.679275814352014e-07,4.0570216011670546e-07,TabArena_IID,0.5013936268693818,0.0156089518163831,DAUC < 0.55,source::jm1,
tabicl,target_sensitivity_m10,loose_regularization_sensitivity,target_enc_ratio,target_enc_standard_m10,maternal_health_risk,0.03807453430735837,0.03807453430735837,0.03807453430735837,False,3,0.0,0.0,0.0,0.0,0.0,0.0,TabArena_IID,0.4809925428071595,0.03878222065645,DAUC < 0.55,source::maternal_health_risk,
tabicl,target_sensitivity_m10,loose_regularization_sensitivity,target_enc_ratio,target_enc_standard_m10,miami_housing,77166.36721939899,77166.3655408997,77774.50022663208,False,3,0.7819182450044831,0.7819204031659452,-2.1581614621895593e-06,-2.1751695567572987e-06,-0.001678499291301705,608.1330072330893,TabArena_IID,0.5000548768378967,0.0174142973418732,DAUC < 0.55,source::miami_housing,
tabicl,target_sensitivity_m10,loose_regularization_sensitivity,target_enc_ratio,target_enc_standard_m10,online_shoppers_intention,0.0631279803608476,0.0631088203594478,0.0622801880154342,False,3,-1.3612552762417807,-1.3304910765655484,-0.030764199676232368,-0.03036025913758463,-1.916000139980112e-05,-0.0008477923454133993,TabArena_IID,0.5085433381403395,0.0162298164122981,DAUC < 0.55,source::online_shoppers_intention,
tabicl,target_sensitivity_m10,loose_regularization_sensitivity,target_enc_ratio,target_enc_standard_m10,polish_companies_bankruptcy,0.015463455954419067,0.015463455954419067,0.015463455954419067,True,3,,,,,0.0,0.0,TabArena_IID,0.4797271737327021,0.028469599510753,DAUC < 0.55,source::polish_companies_bankruptcy,
tabicl,target_sensitivity_m10,loose_regularization_sensitivity,target_enc_ratio,target_enc_standard_m10,qsar-biodeg,0.05719241213616453,0.05722857994583586,0.056617394902967334,False,3,-1.0156193766644992,-1.0795004678615052,0.06388109119700601,0.06319885921608523,3.6167809671333595e-05,-0.0005750172331971948,TabArena_IID,0.5242964850267431,0.0520357221163414,DAUC < 0.55,source::qsar-biodeg,
tabicl,target_sensitivity_m10,loose_regularization_sensitivity,target_enc_ratio,target_enc_standard_m10,seismic-bumps,0.21434912280959909,0.21430552654516197,0.2124974000362504,False,3,-0.8714096139683598,-0.8508934738039715,-0.020516140164388255,-0.02034304254301656,-4.359626443711795e-05,-0.0018517227733486907,TabArena_IID,0.5032746248400783,0.0270932551506253,DAUC < 0.55,source::seismic-bumps,
tabicl,target_sensitivity_m10,loose_regularization_sensitivity,target_enc_ratio,target_enc_standard_m10,splice,0.0044185510137888,0.004408358097439701,0.004302219973416,True,3,,,,,-1.0192916349099045e-05,-0.00011633104037279962,TabArena_IID,0.4935215615848055,0.0,DAUC < 0.55,source::splice,
tabicl,target_sensitivity_m10,loose_regularization_sensitivity,target_enc_ratio,target_enc_standard_m10,students_dropout_and_academic_success,0.09951496950653756,0.0995177845170631,0.10118363324800446,False,3,1.6491439256553992,1.6463618447642712,0.002782080891128233,0.0028286507172588333,2.8150105255420055e-06,0.0016686637414669026,TabArena_IID,0.4990070724969652,0.0241838594407484,DAUC < 0.55,source::students_dropout_and_academic_success,
tabicl,target_sensitivity_m10,loose_regularization_sensitivity,target_enc_ratio,target_enc_standard_m10,superconductivity,8.88381474657605,8.883814029265666,8.88381474657605,False,3,0.0,8.074350985448909e-06,-8.074350985448909e-06,-8.074351637400398e-06,-7.173103835356187e-07,0.0,TabArena_IID,0.4966916245247805,0.0148733486354602,DAUC < 0.55,source::superconductivity,
tabicl,target_sensitivity_m10,loose_regularization_sensitivity,target_enc_ratio,target_enc_standard_m10,synthetic_large_test,0.2436291869448184,0.2436296162340955,0.2439421588506672,False,1,0.12829758797059684,0.12812160802554712,0.0001759799450497222,0.00017620570262936365,4.2928927709851017e-07,0.00031297190584880785,synthetic,0.64072835,0.0878719999999999,0.55 <= DAUC < 0.75,source::synthetic_generator,
tabicl,target_sensitivity_m10,loose_regularization_sensitivity,target_enc_ratio,target_enc_standard_m10,synthetic_shift_0.0,0.2423581967923027,0.2423586888911635,0.2424619681395514,False,1,0.042799020417494046,0.042596061221635326,0.0002029591958587209,0.00020304568532314904,4.920988607992616e-07,0.00010377134724870452,synthetic,0.49784605,0.011,DAUC < 0.55,source::synthetic_generator,
tabicl,target_sensitivity_m10,loose_regularization_sensitivity,target_enc_ratio,target_enc_standard_m10,synthetic_shift_0.5,0.2402802916343166,0.2402809184135612,0.2403807785002588,False,1,0.04180320347122997,0.04154245914362625,0.00026074432760372234,0.0002608526922268157,6.26779244589093e-07,0.00010048686594218981,synthetic,0.5719888750000001,0.04362,0.55 <= DAUC < 0.75,source::synthetic_generator,
tabicl,target_sensitivity_m10,loose_regularization_sensitivity,target_enc_ratio,target_enc_standard_m10,synthetic_shift_1.0,0.2426724309930128,0.2426736140701966,0.2428629465239087,False,1,0.07844569689313627,0.07795855910586315,0.0004871377872731073,0.00048751784916369924,1.1830771838028387e-06,0.00019051553089588502,synthetic,0.643362075,0.08208,0.55 <= DAUC < 0.75,source::synthetic_generator,
tabicl,target_sensitivity_m10,loose_regularization_sensitivity,target_enc_ratio,target_enc_standard_m10,synthetic_shift_3.0,0.2498923171355498,0.249902199488491,0.2502299744245524,False,1,0.13493878572266196,0.1309894775057231,0.003949308216938871,0.00395448818034433,9.882352941192885e-06,0.0003376572890026186,synthetic,0.8405509999999999,0.20872,0.75 <= DAUC < 0.95,source::synthetic_generator,
tabicl,target_sensitivity_m10,loose_regularization_sensitivity,target_enc_ratio,target_enc_standard_m10,synthetic_shift_5.0,0.2585770424337144,0.2585870989120641,0.2588713740054131,False,1,0.11369799879556028,0.10981325936140447,0.0038847394341557985,0.003889010082884708,1.0056478349729225e-05,0.0002943315716987249,synthetic,0.93479215,0.30666,0.75 <= DAUC < 0.95,source::synthetic_generator,
tabicl,target_sensitivity_m10,loose_regularization_sensitivity,target_enc_ratio,target_enc_standard_m10,synthetic_small_test,0.2524814327984814,0.2524821551952204,0.2524662624669624,False,1,-0.006008854953826912,-0.006294990904002863,0.0002861359501759517,0.00028611793907771203,7.223967389835551e-07,-1.5170331518987723e-05,synthetic,0.6399588,0.0856239999999999,0.55 <= DAUC < 0.75,source::synthetic_generator,
tabicl,target_sensitivity_m10,loose_regularization_sensitivity,target_enc_ratio,target_enc_standard_m10,tabred_delivery_eta__gap_far,0.5653514906815258,0.5653513852521579,0.5606875625200399,False,1,-0.8318230103988025,-0.8318042068128216,-1.8803585980885616e-05,-1.8648467245828703e-05,-1.054293679025875e-07,-0.004663928161485864,TabReD_gap,0.999999625,0.2379337040655923,DAUC >= 0.95,source::tabred_delivery_eta,tabred_delivery_eta
tabicl,target_sensitivity_m10,loose_regularization_sensitivity,target_enc_ratio,target_enc_standard_m10,tabred_delivery_eta__gap_maxdiff,0.5507210773037221,0.550721104361268,0.5485074338313581,False,1,-0.40357583796112534,-0.4035807709017204,4.9329405950825194e-06,4.913112218914159e-06,2.7057545870512456e-08,-0.0022136434723639686,TabReD_gap,1.0,0.2496496029927623,DAUC >= 0.95,source::tabred_delivery_eta,tabred_delivery_eta
tabicl,target_sensitivity_m10,loose_regularization_sensitivity,target_enc_ratio,target_enc_standard_m10,tabred_delivery_eta__gap_near,0.5600867160431421,0.5600866628329464,0.5606876688263737,False,1,0.1071813804090765,0.10719087057600053,-9.490166924024098e-06,-9.500350432360315e-06,-5.3210195694042284e-08,0.0006009527832315786,TabReD_gap,0.946211,0.1571228260314691,0.75 <= DAUC < 0.95,source::tabred_delivery_eta,tabred_delivery_eta
tabicl,target_sensitivity_m10,loose_regularization_sensitivity,target_enc_ratio,target_enc_standard_m10,tabred_homesite__gap_far,0.1348969661758072,0.1345318798231203,0.1243992417270374,False,1,-8.438736686035764,-8.14525712167635,-0.2934795643594125,-0.27137534476358305,-0.0003650863526869219,-0.010497724448769813,TabReD_gap,1.0,0.0830990647492541,DAUC >= 0.95,source::tabred_homesite,tabred_homesite
tabicl,target_sensitivity_m10,loose_regularization_sensitivity,target_enc_ratio,target_enc_standard_m10,tabred_homesite__gap_near,0.0627964800901812,0.0630144198259792,0.0610258384034495,False,1,-2.901462287213099,-3.258589270634743,0.35712698342164373,0.3458569267159313,0.00021793973579800618,-0.0017706416867316957,TabReD_gap,1.0,0.0437974647176086,DAUC >= 0.95,source::tabred_homesite,tabred_homesite
tabicl,target_sensitivity_m10,loose_regularization_sensitivity,target_enc_ratio,target_enc_standard_m10,tabred_weather__gap_far,1.6452310482197834,1.6452310482197834,1.645231120677258,False,1,4.4040909375118116e-06,4.4040909375118116e-06,0.0,0.0,0.0,7.245747468687114e-08,TabReD_gap,1.0,0.1012016963019497,DAUC >= 0.95,source::tabred_weather,tabred_weather
tabicl,target_sensitivity_m10,loose_regularization_sensitivity,target_enc_ratio,target_enc_standard_m10,tabred_weather__gap_maxdiff,1.7961079826305446,1.7961079826305446,1.796107849888755,False,1,-7.390524436963175e-06,-7.390524436963175e-06,0.0,0.0,0.0,-1.327417895602423e-07,TabReD_gap,1.0,0.2280292319342118,DAUC >= 0.95,source::tabred_weather,tabred_weather
tabicl,target_sensitivity_m10,loose_regularization_sensitivity,target_enc_ratio,target_enc_standard_m10,tabred_weather__gap_near,1.729486604376752,1.7294869490145115,1.7294869490145115,False,1,1.9927167397140736e-05,0.0,1.9927167397140736e-05,1.9927167397140736e-05,3.4463775944182373e-07,3.4463775944182373e-07,TabReD_gap,1.0,0.0948655339805825,DAUC >= 0.95,source::tabred_weather,tabred_weather
tabicl,target_sensitivity_m10,loose_regularization_sensitivity,target_enc_ratio,target_enc_standard_m10,taiwanese_bankruptcy_prediction,0.058424639090695264,0.05842256354067451,0.058424639090695264,False,3,0.0,0.0035525251898147823,-0.0035525251898147823,-0.0035526513986506255,-2.0755500207553235e-06,0.0,TabArena_IID,0.4813707690648705,0.0246058424438091,DAUC < 0.55,source::taiwanese_bankruptcy_prediction,
tabicl,target_sensitivity_m10,loose_regularization_sensitivity,target_enc_ratio,target_enc_standard_m10,website_phishing,0.020398855381257564,0.0204032528540218,0.0200714767488947,True,3,,,,,4.397472764237215e-06,-0.00032737863236286316,TabArena_IID,0.4974870109756609,0.0,DAUC < 0.55,source::website_phishing,
tabicl,target_sensitivity_m10,loose_regularization_sensitivity,target_enc_ratio,target_enc_standard_m10,wine_quality,0.09918435520923746,0.09918389281433183,0.09874133671770506,False,3,-0.44866568172857735,-0.44819739264013747,-0.00046828908843990247,-0.00046619959401502823,-4.6239490562871577e-07,-0.00044301849153240147,TabArena_IID,0.4933509159780399,0.021301046461716,DAUC < 0.55,source::wine_quality,
tabpfn,target_sensitivity_m10,loose_regularization_sensitivity,target_enc_ratio,target_enc_standard_m10,Another-Dataset-on-used-Fiat-500,717.6812986343651,717.6812986343651,723.6962113966459,False,3,0.8311377989215597,0.8311377989215597,0.0,0.0,0.0,6.014912762280801,TabArena_IID,0.5250604059451488,0.0313157709499172,DAUC < 0.55,source::Another-Dataset-on-used-Fiat-500,
tabpfn,target_sensitivity_m10,loose_regularization_sensitivity,target_enc_ratio,target_enc_standard_m10,Bank_Customer_Churn,0.12934985536573596,0.12934985536573596,0.12787327021734088,False,3,-1.1547254135953402,-1.1547254135953402,0.0,0.0,0.0,-0.0014765851483950765,TabArena_IID,0.4985240625,0.0158125,DAUC < 0.55,source::Bank_Customer_Churn,
tabpfn,target_sensitivity_m10,loose_regularization_sensitivity,target_enc_ratio,target_enc_standard_m10,E-CommereShippingData,0.256903434595214,0.256562347112649,0.25506745139171844,False,3,-0.7198030142528605,-0.5860785893198154,-0.13372442493304523,-0.13294526122151065,-0.00034108748256495014,-0.0018359832034955392,TabArena_IID,0.500688337854552,0.0144240392331084,DAUC < 0.55,source::E-CommereShippingData,
tabpfn,target_sensitivity_m10,loose_regularization_sensitivity,target_enc_ratio,target_enc_standard_m10,Fitness_Club,0.17880702913437618,0.17902761127172337,0.17749400775030552,False,3,-0.739755330736455,-0.8640311528574451,0.12427582212099013,0.1232112386353591,0.00022058213734718612,-0.0013130213840706617,TabArena_IID,0.5044166666666666,0.0338611518035256,DAUC < 0.55,source::Fitness_Club,
tabpfn,target_sensitivity_m10,loose_regularization_sensitivity,target_enc_ratio,target_enc_standard_m10,Is-this-a-good-customer,0.25151973108751097,0.25150690828490435,0.26227783349590816,False,3,4.101796276491294,4.106685291485699,-0.0048890149944050745,-0.005098389819213312,-1.2822802606615724e-05,0.010758102408397197,TabArena_IID,0.5089344102652231,0.0467264045771018,DAUC < 0.55,source::Is-this-a-good-customer,
tabpfn,target_sensitivity_m10,loose_regularization_sensitivity,target_enc_ratio,target_enc_standard_m10,MIC,0.13750786078815272,0.13672550128115088,0.13100575673892498,False,3,-4.963220098934636,-4.3660253446911526,-0.5971947542434841,-0.5722118402718898,-0.0007823595070018396,-0.0065021040492277415,TabArena_IID,0.5315440298650391,0.1023684174323937,DAUC < 0.55,source::MIC,
tabpfn,target_sensitivity_m10,loose_regularization_sensitivity,target_enc_ratio,target_enc_standard_m10,Marketing_Campaign,0.07634165765294126,0.0766740631424557,0.07925134966343557,False,3,3.671473133077453,3.2520411727056793,0.4194319603717736,0.4335305524331583,0.0003324054895144368,0.0029096920104943053,TabArena_IID,0.4893010633270867,0.0318521792685864,DAUC < 0.55,source::Marketing_Campaign,
tabpfn,target_sensitivity_m10,loose_regularization_sensitivity,target_enc_ratio,target_enc_standard_m10,NATICUSdroid,0.015609085225328466,0.015609085225328466,0.0150456938233939,True,3,,,,,0.0,-0.0005633914019345654,TabArena_IID,0.4909448935914827,0.0,DAUC < 0.55,source::NATICUSdroid,
tabpfn,target_sensitivity_m10,loose_regularization_sensitivity,target_enc_ratio,target_enc_standard_m10,QSAR_fish_toxicity,0.8558717334200979,0.8558717334200979,0.8558717334200979,False,3,0.0,0.0,0.0,0.0,0.0,0.0,TabArena_IID,0.4678368023195609,0.045171150688392,DAUC < 0.55,source::QSAR_fish_toxicity,
tabpfn,target_sensitivity_m10,loose_regularization_sensitivity,target_enc_ratio,target_enc_standard_m10,airfoil_self_noise,1.3807250864637635,1.3683197032174717,1.3448544874649973,False,3,-2.667247596904035,-1.7448144740703877,-0.922433122833647,-0.9066143838403957,-0.012405383246291812,-0.03587059899876621,TabArena_IID,0.5474124587140708,0.0529488504762273,DAUC < 0.55,source::airfoil_self_noise,
tabpfn,target_sensitivity_m10,loose_regularization_sensitivity,target_enc_ratio,target_enc_standard_m10,anneal,8.7005532912e-05,0.000157766751334,0.00031553350266796666,True,3,,,,,7.0761218422e-05,0.00022852796975596668,TabArena_IID,0.43732935660019,0.0336531517590013,DAUC < 0.55,source::anneal,
tabpfn,target_sensitivity_m10,loose_regularization_sensitivity,target_enc_ratio,target_enc_standard_m10,bike_sharing,124.5227215540987,124.4951100199722,124.84424498341258,False,1,0.25753964818851205,0.27965643389229944,-0.022116785703787344,-0.02217881017339801,-0.027611534126492643,0.3215234293138849,real_shift,0.724417889739124,0.0462872471556019,0.55 <= DAUC < 0.75,source::bike_sharing,
tabpfn,target_sensitivity_m10,loose_regularization_sensitivity,target_enc_ratio,target_enc_standard_m10,blood-transfusion-service-center,0.25116612151848544,0.25116612151848544,0.25116612151848544,False,3,0.0,0.0,0.0,0.0,0.0,0.0,TabArena_IID,0.5146430905695611,0.0393868450390189,DAUC < 0.55,source::blood-transfusion-service-center,
tabpfn,target_sensitivity_m10,loose_regularization_sensitivity,target_enc_ratio,target_enc_standard_m10,churn,0.07516736123658914,0.07501092655048026,0.07264049721075806,False,3,-3.4785885599043618,-3.2632339132325505,-0.21535464667181137,-0.20854919850056622,-0.000156434686108875,-0.002526864025831077,TabArena_IID,0.4777912499999999,0.0261333333333333,DAUC < 0.55,source::churn,
tabpfn,target_sensitivity_m10,loose_regularization_sensitivity,target_enc_ratio,target_enc_standard_m10,coil2000_insurance_policies,0.24229224317232237,0.24211215897474547,0.2412882176093861,False,3,-0.4161104810188693,-0.3414760047227955,-0.07463447629607384,-0.07438048478832521,-0.0001800841975768963,-0.0010040255629362727,TabArena_IID,0.4998567392475893,0.009434077843747,DAUC < 0.55,source::coil2000_insurance_policies,
tabpfn,target_sensitivity_m10,loose_regularization_sensitivity,target_enc_ratio,target_enc_standard_m10,concrete_compressive_strength,4.1195335588295805,4.1195335588295805,4.1195335588295805,False,3,0.0,0.0,0.0,0.0,0.0,0.0,TabArena_IID,0.5128188681237462,0.0502123786407767,DAUC < 0.55,source::concrete_compressive_strength,
tabpfn,target_sensitivity_m10,loose_regularization_sensitivity,target_enc_ratio,target_enc_standard_m10,credit-g,0.21975077338811247,0.21941564872895333,0.22838866268050817,False,3,3.78210073609442,3.9288351033900244,-0.14673436729560455,-0.15273507660026542,-0.00033512465915913614,0.0086378892923957,TabArena_IID,0.4666875,0.0366071428571428,DAUC < 0.55,source::credit-g,
tabpfn,target_sensitivity_m10,loose_regularization_sensitivity,target_enc_ratio,target_enc_standard_m10,diabetes,0.1525099118130329,0.1525099118130329,0.1525099118130329,False,3,0.0,0.0,0.0,0.0,0.0,0.0,TabArena_IID,0.5164146241145119,0.0782684335208765,DAUC < 0.55,source::diabetes,
tabpfn,target_sensitivity_m10,loose_regularization_sensitivity,target_enc_ratio,target_enc_standard_m10,gas_sensor_drift,0.0456067237637936,0.0456067237637936,0.0456067237637936,False,1,0.0,0.0,0.0,0.0,0.0,0.0,real_shift,0.9997012367140782,0.2156844866039522,DAUC >= 0.95,source::gas_sensor_drift,
tabpfn,target_sensitivity_m10,loose_regularization_sensitivity,target_enc_ratio,target_enc_standard_m10,hazelnut-spread-contaminant-detection,0.0124041666666666,0.0124041666666666,0.0124041666666666,True,3,,,,,0.0,0.0,TabArena_IID,0.5092881944444444,0.0430034722222222,DAUC < 0.55,source::hazelnut-spread-contaminant-detection,
tabpfn,target_sensitivity_m10,loose_regularization_sensitivity,target_enc_ratio,target_enc_standard_m10,healthcare_insurance_expenses,5285.059820452993,5282.511100171459,5305.039761741123,False,3,0.37662189513112887,0.42466527267403864,-0.0480433775429098,-0.04824827119534201,-2.54872028153477,19.97994128812934,TabArena_IID,0.5250682484635931,0.0656832659134235,DAUC < 0.55,source::healthcare_insurance_expenses,
tabpfn,target_sensitivity_m10,loose_regularization_sensitivity,target_enc_ratio,target_enc_standard_m10,heloc,0.19813142890480717,0.19813142890480717,0.19813142890480717,False,3,0.0,0.0,0.0,0.0,0.0,0.0,TabArena_IID,0.5007809088419239,0.0177986239441687,DAUC < 0.55,source::heloc,
tabpfn,target_sensitivity_m10,loose_regularization_sensitivity,target_enc_ratio,target_enc_standard_m10,jm1,0.2637242968115845,0.2637242968115845,0.2637242968115845,False,3,0.0,0.0,0.0,0.0,0.0,0.0,TabArena_IID,0.5013936268693818,0.0156089518163831,DAUC < 0.55,source::jm1,
tabpfn,target_sensitivity_m10,loose_regularization_sensitivity,target_enc_ratio,target_enc_standard_m10,maternal_health_risk,0.046240223808542334,0.046240223808542334,0.046240223808542334,False,3,0.0,0.0,0.0,0.0,0.0,0.0,TabArena_IID,0.4809925428071595,0.03878222065645,DAUC < 0.55,source::maternal_health_risk,
tabpfn,target_sensitivity_m10,loose_regularization_sensitivity,target_enc_ratio,target_enc_standard_m10,online_shoppers_intention,0.06619622074252703,0.0662358985407018,0.06716734616781866,False,3,1.4458296787031997,1.3867566313988704,0.05907304730432929,0.05990376676236408,3.967779817477812e-05,0.0009711254252916385,TabArena_IID,0.5085433381403395,0.0162298164122981,DAUC < 0.55,source::online_shoppers_intention,
tabpfn,target_sensitivity_m10,loose_regularization_sensitivity,target_enc_ratio,target_enc_standard_m10,polish_companies_bankruptcy,0.03608486251999544,0.03608486251999544,0.03608486251999544,False,3,0.0,0.0,0.0,0.0,0.0,0.0,TabArena_IID,0.4797271737327021,0.028469599510753,DAUC < 0.55,source::polish_companies_bankruptcy,
tabpfn,target_sensitivity_m10,loose_regularization_sensitivity,target_enc_ratio,target_enc_standard_m10,qsar-biodeg,0.06092105861039393,0.06069707289331674,0.06174120190012424,False,3,1.3283565341941637,1.6911381292779832,-0.3627815950838195,-0.36902227142135374,-0.00022398571707719223,0.0008201432897303115,TabArena_IID,0.5242964850267431,0.0520357221163414,DAUC < 0.55,source::qsar-biodeg,
tabpfn,target_sensitivity_m10,loose_regularization_sensitivity,target_enc_ratio,target_enc_standard_m10,seismic-bumps,0.22687857916940926,0.22687857916940926,0.22500151538162685,False,3,-0.8342449536834027,-0.8342449536834027,0.0,0.0,0.0,-0.001877063787782407,TabArena_IID,0.5032746248400783,0.0270932551506253,DAUC < 0.55,source::seismic-bumps,
tabpfn,target_sensitivity_m10,loose_regularization_sensitivity,target_enc_ratio,target_enc_standard_m10,splice,0.004518049958092934,0.004514694200315433,0.0047421837540313,True,3,,,,,-3.3557577775004954e-06,0.00022413379593836606,TabArena_IID,0.4935215615848055,0.0,DAUC < 0.55,source::splice,
tabpfn,target_sensitivity_m10,loose_regularization_sensitivity,target_enc_ratio,target_enc_standard_m10,students_dropout_and_academic_success,0.09811944355830293,0.09845729853924719,0.09889409217793484,False,3,0.7833113207997505,0.44167819236537387,0.3416331284343766,0.3431487415933708,0.0003378549809442549,0.0007746486196319041,TabArena_IID,0.4990070724969652,0.0241838594407484,DAUC < 0.55,source::students_dropout_and_academic_success,
tabpfn,target_sensitivity_m10,loose_regularization_sensitivity,target_enc_ratio,target_enc_standard_m10,synthetic_large_test,0.2452636033506503,0.2446138027484713,0.2439493342287154,False,1,-0.5387467549727832,-0.2723797225586736,-0.26636703241410964,-0.26564347345810924,-0.000649800602179007,-0.0013142691219349134,synthetic,0.64072835,0.0878719999999999,0.55 <= DAUC < 0.75,source::synthetic_generator,
tabpfn,target_sensitivity_m10,loose_regularization_sensitivity,target_enc_ratio,target_enc_standard_m10,synthetic_shift_0.0,0.2434520300390268,0.2434493234952929,0.2422123920007034,False,1,-0.5117979423281478,-0.5106805165385232,-0.001117425789624587,-0.0011117483076246016,-2.7065437338824605e-06,-0.0012396380383233874,synthetic,0.49784605,0.011,DAUC < 0.55,source::synthetic_generator,
tabpfn,target_sensitivity_m10,loose_regularization_sensitivity,target_enc_ratio,target_enc_standard_m10,synthetic_shift_0.5,0.2414888028920808,0.2415643601190475,0.2407155594914597,False,1,-0.32122701260137376,-0.3526156054810044,0.03138859287963061,0.03127830071019718,7.555722696669931e-05,-0.0007732434006210986,synthetic,0.5719888750000001,0.04362,0.55 <= DAUC < 0.75,source::synthetic_generator,
tabpfn,target_sensitivity_m10,loose_regularization_sensitivity,target_enc_ratio,target_enc_standard_m10,synthetic_shift_1.0,0.2436325081537078,0.2435689428202754,0.2432389244424748,False,1,-0.1618095097793747,-0.1356766309327518,-0.026132878846622864,-0.026097470677648768,-6.356533343238047e-05,-0.00039358371123299207,synthetic,0.643362075,0.08208,0.55 <= DAUC < 0.75,source::synthetic_generator,
tabpfn,target_sensitivity_m10,loose_regularization_sensitivity,target_enc_ratio,target_enc_standard_m10,synthetic_shift_3.0,0.2509838158567775,0.2510740664961636,0.2518339846547315,False,1,0.3375909725288332,0.3017536174117911,0.03583735511704215,0.035945822938066196,9.025063938611355e-05,0.0008501687979540207,synthetic,0.8405509999999999,0.20872,0.75 <= DAUC < 0.95,source::synthetic_generator,
tabpfn,target_sensitivity_m10,loose_regularization_sensitivity,target_enc_ratio,target_enc_standard_m10,synthetic_shift_5.0,0.2607162888326535,0.2605928500504103,0.2605052599197843,False,1,-0.08100754392990277,-0.03362317162154493,-0.04738437230835784,-0.04736844553462128,-0.0001234387822432459,-0.00021102891286922665,synthetic,0.93479215,0.30666,0.75 <= DAUC < 0.95,source::synthetic_generator,
tabpfn,target_sensitivity_m10,loose_regularization_sensitivity,target_enc_ratio,target_enc_standard_m10,tabred_delivery_eta__gap_far,0.5501203697874781,0.5501107537856936,0.5502068249923597,False,1,0.015713219275823687,0.017460926019490595,-0.0017477067436669083,-0.0017480119627425346,-9.616001784507056e-06,8.645520488159697e-05,TabReD_gap,0.999999625,0.2379337040655923,DAUC >= 0.95,source::tabred_delivery_eta,tabred_delivery_eta
tabpfn,target_sensitivity_m10,loose_regularization_sensitivity,target_enc_ratio,target_enc_standard_m10,tabred_delivery_eta__gap_maxdiff,0.5482974762144834,0.5483171521159818,0.5487472365967985,False,1,0.08196130245763833,0.07837569870674885,0.0035856037508894874,0.003588416197156515,1.9675901498317216e-05,0.00044976038231503424,TabReD_gap,1.0,0.2496496029927623,DAUC >= 0.95,source::tabred_delivery_eta,tabred_delivery_eta
tabpfn,target_sensitivity_m10,loose_regularization_sensitivity,target_enc_ratio,target_enc_standard_m10,tabred_delivery_eta__gap_near,0.5659921381930072,0.5659585959569571,0.5658953500066907,False,1,-0.017103548618200827,-0.011176262583826303,-0.005927286034374524,-0.005926623659352,-3.354223605012141e-05,-9.678818631653208e-05,TabReD_gap,0.946211,0.1571228260314691,0.75 <= DAUC < 0.95,source::tabred_delivery_eta,tabred_delivery_eta
tabpfn,target_sensitivity_m10,loose_regularization_sensitivity,target_enc_ratio,target_enc_standard_m10,tabred_homesite__gap_far,0.1010319521080482,0.1005092764753381,0.0816863083666887,False,1,-23.68284738063712,-23.04299029422819,-0.639857086408928,-0.5200272562287873,-0.0005226756327101068,-0.019345643741359497,TabReD_gap,1.0,0.0830990647492541,DAUC >= 0.95,source::tabred_homesite,tabred_homesite
tabpfn,target_sensitivity_m10,loose_regularization_sensitivity,target_enc_ratio,target_enc_standard_m10,tabred_homesite__gap_near,0.0483641771628992,0.0483146762272636,0.0496741211007164,False,1,2.637075219028501,2.736726575788773,-0.09965135676027238,-0.10245527756982392,-4.950093563560465e-05,0.0013099439378171998,TabReD_gap,1.0,0.0437974647176086,DAUC >= 0.95,source::tabred_homesite,tabred_homesite
tabpfn,target_sensitivity_m10,loose_regularization_sensitivity,target_enc_ratio,target_enc_standard_m10,tabred_sberbank__gap_far,0.4051722204824687,0.4111275026970712,0.3928951293056008,False,1,-3.124775610877728,-4.640519067694773,1.515743456817044,1.448524405576074,0.005955282214602509,-0.012277091176867927,TabReD_gap,1.0,0.235749592588427,DAUC >= 0.95,source::tabred_sberbank,tabred_sberbank
tabpfn,target_sensitivity_m10,loose_regularization_sensitivity,target_enc_ratio,target_enc_standard_m10,tabred_sberbank__gap_near,0.2564677801698364,0.2527582773405908,0.2477424059564321,False,1,-3.5219542571725664,-2.024631739889052,-1.4973225172835143,-1.4676088428340772,-0.0037095028292455923,-0.008725374213404302,TabReD_gap,1.0,0.2265311490062835,DAUC >= 0.95,source::tabred_sberbank,tabred_sberbank
tabpfn,target_sensitivity_m10,loose_regularization_sensitivity,target_enc_ratio,target_enc_standard_m10,tabred_weather__gap_far,1.6156473980942971,1.6156473980942971,1.6156473980942971,False,1,0.0,0.0,0.0,0.0,0.0,0.0,TabReD_gap,1.0,0.1012016963019497,DAUC >= 0.95,source::tabred_weather,tabred_weather
tabpfn,target_sensitivity_m10,loose_regularization_sensitivity,target_enc_ratio,target_enc_standard_m10,tabred_weather__gap_maxdiff,1.7468705124362365,1.7468705124362365,1.7468705124362365,False,1,0.0,0.0,0.0,0.0,0.0,0.0,TabReD_gap,1.0,0.2280292319342118,DAUC >= 0.95,source::tabred_weather,tabred_weather
tabpfn,target_sensitivity_m10,loose_regularization_sensitivity,target_enc_ratio,target_enc_standard_m10,tabred_weather__gap_near,1.6838261915156958,1.6838261915156958,1.6838261915156958,False,1,0.0,0.0,0.0,0.0,0.0,0.0,TabReD_gap,1.0,0.0948655339805825,DAUC >= 0.95,source::tabred_weather,tabred_weather
tabpfn,target_sensitivity_m10,loose_regularization_sensitivity,target_enc_ratio,target_enc_standard_m10,taiwanese_bankruptcy_prediction,0.05860884184002716,0.05860884184002716,0.05860884184002716,False,3,0.0,0.0,0.0,0.0,0.0,0.0,TabArena_IID,0.4813707690648705,0.0246058424438091,DAUC < 0.55,source::taiwanese_bankruptcy_prediction,
tabpfn,target_sensitivity_m10,loose_regularization_sensitivity,target_enc_ratio,target_enc_standard_m10,tschalzev_mbgm,7.901981670465076,7.900281220919534,7.946489378341723,False,1,0.5600927121094984,0.5814914639932713,-0.021398751883772934,-0.0215239115924002,-0.0017004495455417157,0.04450770787664737,tschalzev_IID,0.5283598093648937,0.0054825547828749,DAUC < 0.55,source::tschalzev_mbgm,
tabpfn,target_sensitivity_m10,loose_regularization_sensitivity,target_enc_ratio,target_enc_standard_m10,website_phishing,0.0192821681060126,0.0192821681060126,0.019962495978092933,True,3,,,,,0.0,0.000680327872080333,TabArena_IID,0.4974870109756609,0.0,DAUC < 0.55,source::website_phishing,
tabpfn,target_sensitivity_m10,loose_regularization_sensitivity,target_enc_ratio,target_enc_standard_m10,wine_quality,0.11001390227347256,0.11001390227347256,0.10840946031599134,False,3,-1.4799833453691202,-1.4799833453691202,0.0,0.0,0.0,-0.0016044419574812174,TabArena_IID,0.4933509159780399,0.021301046461716,DAUC < 0.55,source::wine_quality,
bag8,target_sensitivity_m20,loose_regularization_sensitivity,target_enc_ratio,target_enc_standard_m20,APSFailure,0.007795399190903867,0.007795399190903867,0.007795399190903867,True,3,,,,,0.0,0.0,TabArena_IID,0.5018079,0.0059871498851508,DAUC < 0.55,source::APSFailure,
bag8,target_sensitivity_m20,loose_regularization_sensitivity,target_enc_ratio,target_enc_standard_m20,Amazon_employee_access,0.17828224905967616,0.18833357353427904,0.15525080906850117,False,3,-14.834988705928643,-21.309238041510493,6.474249335581852,5.336979639890611,0.010051324474602885,-0.02303143999117499,TabArena_IID,0.4973770565852067,0.0,DAUC < 0.55,source::Amazon_employee_access,
bag8,target_sensitivity_m20,loose_regularization_sensitivity,target_enc_ratio,target_enc_standard_m20,Another-Dataset-on-used-Fiat-500,748.4780342430635,748.4780342430635,748.4780342430635,False,3,0.0,0.0,0.0,0.0,0.0,0.0,TabArena_IID,0.5250604059451488,0.0313157709499172,DAUC < 0.55,source::Another-Dataset-on-used-Fiat-500,
bag8,target_sensitivity_m20,loose_regularization_sensitivity,target_enc_ratio,target_enc_standard_m20,Bank_Customer_Churn,0.13414590009439034,0.13414590009439034,0.1341471949045324,False,3,0.0009652159651724678,0.0009652159651724678,0.0,0.0,0.0,1.294810142049574e-06,TabArena_IID,0.4985240625,0.0158125,DAUC < 0.55,source::Bank_Customer_Churn,
bag8,target_sensitivity_m20,loose_regularization_sensitivity,target_enc_ratio,target_enc_standard_m20,Bioresponse,0.12509248702085657,0.12509248702085657,0.12509248702085657,False,3,0.0,0.0,0.0,0.0,0.0,0.0,TabArena_IID,0.5301520014716704,0.0098021704294174,DAUC < 0.55,source::Bioresponse,
bag8,target_sensitivity_m20,loose_regularization_sensitivity,target_enc_ratio,target_enc_standard_m20,Diabetes130US,0.36087818739576133,0.35767272045153975,0.3529402335997825,False,3,-2.2490929172388148,-1.3408748567678663,-0.9082180604709487,-0.8962011249208146,-0.00320546694422158,-0.007937953795978836,TabArena_IID,0.5012846750000001,0.0039252033937267,DAUC < 0.55,source::diabetes_130_us,
bag8,target_sensitivity_m20,loose_regularization_sensitivity,target_enc_ratio,target_enc_standard_m20,E-CommereShippingData,0.2593065499044503,0.2593065499044503,0.25874591438248,False,3,-0.2166741543758411,-0.2166741543758411,0.0,0.0,0.0,-0.0005606355219702763,TabArena_IID,0.500688337854552,0.0144240392331084,DAUC < 0.55,source::E-CommereShippingData,
bag8,target_sensitivity_m20,loose_regularization_sensitivity,target_enc_ratio,target_enc_standard_m20,Fitness_Club,0.19822094726157705,0.1983474518758329,0.19806031347407185,False,3,-0.08110347029528554,-0.14497523341475618,0.06387176311947063,0.0637792989319737,0.00012650461425584014,-0.0001606337875051933,TabArena_IID,0.5044166666666666,0.0338611518035256,DAUC < 0.55,source::Fitness_Club,
bag8,target_sensitivity_m20,loose_regularization_sensitivity,target_enc_ratio,target_enc_standard_m20,Food_Delivery_Time,7.660821302537523,7.669354125710694,7.61254331638673,False,3,-0.634189969689507,-0.7462789630592073,0.11208899336970021,0.11125869314816089,0.008532823173170279,-0.048277986150793595,TabArena_IID,0.4998231287092426,0.0079414057802949,DAUC < 0.55,source::Food_Delivery_Time,
bag8,target_sensitivity_m20,loose_regularization_sensitivity,target_enc_ratio,target_enc_standard_m20,GiveMeSomeCredit,0.13467859812932512,0.13467859812932512,0.13467859812932512,False,3,0.0,0.0,0.0,0.0,0.0,0.0,TabArena_IID,0.5044638750000001,0.0040447365644625,DAUC < 0.55,source::GiveMeSomeCredit,
bag8,target_sensitivity_m20,loose_regularization_sensitivity,target_enc_ratio,target_enc_standard_m20,HR_Analytics_Job_Change_of_Data_Scientists,0.1966758511425459,0.19641998883266032,0.19807157913220882,False,3,0.7046583844981111,0.8338350745646865,-0.1291766900665754,-0.13026286754530186,-0.000255862309885585,0.0013957279896629204,TabArena_IID,0.5006432616140332,0.0155574144065088,DAUC < 0.55,source::HR_Analytics_Job_Change_of_Data_Scientists,
bag8,target_sensitivity_m20,loose_regularization_sensitivity,target_enc_ratio,target_enc_standard_m20,Is-this-a-good-customer,0.26791688992081925,0.26416118262876603,0.2816658347110213,False,3,4.881296591866729,6.214687734568302,-1.3333911427015734,-1.4217483638885826,-0.003755707292053212,0.013748944790202056,TabArena_IID,0.5089344102652231,0.0467264045771018,DAUC < 0.55,source::Is-this-a-good-customer,
bag8,target_sensitivity_m20,loose_regularization_sensitivity,target_enc_ratio,target_enc_standard_m20,MIC,0.15214808923699322,0.1526909888267373,0.17328258022548715,False,3,12.196546797140421,11.88324375823275,0.31330303890767003,0.3555544396664532,0.0005428995897440725,0.02113449098849393,TabArena_IID,0.5315440298650391,0.1023684174323937,DAUC < 0.55,source::MIC,
bag8,target_sensitivity_m20,loose_regularization_sensitivity,target_enc_ratio,target_enc_standard_m20,Marketing_Campaign,0.08774748786819801,0.0874025563224791,0.09077602790089785,False,3,3.3362773220328186,3.7162581977057183,-0.37998087567289957,-0.39464697628093764,-0.0003449315457189073,0.003028540032699839,TabArena_IID,0.4893010633270867,0.0318521792685864,DAUC < 0.55,source::Marketing_Campaign,
bag8,target_sensitivity_m20,loose_regularization_sensitivity,target_enc_ratio,target_enc_standard_m20,NATICUSdroid,0.015374123980250199,0.015374123980250199,0.015374123980250199,True,3,,,,,0.0,0.0,TabArena_IID,0.4909448935914827,0.0,DAUC < 0.55,source::NATICUSdroid,
bag8,target_sensitivity_m20,loose_regularization_sensitivity,target_enc_ratio,target_enc_standard_m20,QSAR-TID-11,0.7712617761086863,0.7712617761086863,0.7712617761086863,False,3,0.0,0.0,0.0,0.0,0.0,0.0,TabArena_IID,0.5050515529554785,0.0053456712564641,DAUC < 0.55,source::QSAR-TID-11,
bag8,target_sensitivity_m20,loose_regularization_sensitivity,target_enc_ratio,target_enc_standard_m20,QSAR_fish_toxicity,0.8879213450978166,0.8879213450978166,0.8879213450978166,False,3,0.0,0.0,0.0,0.0,0.0,0.0,TabArena_IID,0.4678368023195609,0.045171150688392,DAUC < 0.55,source::QSAR_fish_toxicity,
bag8,target_sensitivity_m20,loose_regularization_sensitivity,target_enc_ratio,target_enc_standard_m20,SDSS17,0.007140313417912333,0.007150283824593501,0.006966283496635968,True,3,,,,,9.970406681167679e-06,-0.00017402992127636512,TabArena_IID,0.503639075,0.0056937685466399,DAUC < 0.55,source::SDSS17,
bag8,target_sensitivity_m20,loose_regularization_sensitivity,target_enc_ratio,target_enc_standard_m20,airfoil_self_noise,1.510035416249483,1.521937727056273,1.5191985317946408,False,3,0.603154581405069,-0.18030528626146125,0.7834598676665301,0.7820497905529664,0.011902310806790162,0.009163115545157918,TabArena_IID,0.5474124587140708,0.0529488504762273,DAUC < 0.55,source::airfoil_self_noise,
bag8,target_sensitivity_m20,loose_regularization_sensitivity,target_enc_ratio,target_enc_standard_m20,anneal,0.0012825653047834334,0.0009439615773524667,0.005311829229791567,True,3,,,,,-0.00033860372743096663,0.004029263925008134,TabArena_IID,0.43732935660019,0.0336531517590013,DAUC < 0.55,source::anneal,
bag8,target_sensitivity_m20,loose_regularization_sensitivity,target_enc_ratio,target_enc_standard_m20,bank-marketing,0.23754552358724587,0.23754552358724587,0.23769053892853007,False,3,0.06101014450886394,0.06101014450886394,0.0,0.0,0.0,0.0001450153412841937,TabArena_IID,0.4965386712119099,0.0053437601561689,DAUC < 0.55,source::bank-marketing,
bag8,target_sensitivity_m20,loose_regularization_sensitivity,target_enc_ratio,target_enc_standard_m20,bike_sharing,124.53282681154076,124.53282681154076,124.5295491522315,False,1,-0.0026320333861124517,-0.0026320333861124517,0.0,0.0,0.0,-0.0032776593092620487,real_shift,0.724417889739124,0.0462872471556019,0.55 <= DAUC < 0.75,source::bike_sharing,
bag8,target_sensitivity_m20,loose_regularization_sensitivity,target_enc_ratio,target_enc_standard_m20,blood-transfusion-service-center,0.2943193081573991,0.2943193081573991,0.2943193081573991,False,3,0.0,0.0,0.0,0.0,0.0,0.0,TabArena_IID,0.5146430905695611,0.0393868450390189,DAUC < 0.55,source::blood-transfusion-service-center,
bag8,target_sensitivity_m20,loose_regularization_sensitivity,target_enc_ratio,target_enc_standard_m20,brfss_diabetes,0.1760835720855686,0.1760906432761578,0.1762096282165715,False,1,0.07153759546439678,0.06752465323145729,0.004012942232939494,0.004015653789235651,7.071190589208465e-06,0.00012605613100288848,real_shift,0.6218414250000001,0.0278607379887395,0.55 <= DAUC < 0.75,source::brfss_diabetes,
bag8,target_sensitivity_m20,loose_regularization_sensitivity,target_enc_ratio,target_enc_standard_m20,churn,0.08415527957562896,0.08334323716036861,0.08373592096225208,False,3,-0.5008108928137679,0.46895501640268333,-0.9697659092164512,-0.9743351025564619,-0.0008120424152603528,-0.0004193586133768856,TabArena_IID,0.4777912499999999,0.0261333333333333,DAUC < 0.55,source::churn,
bag8,target_sensitivity_m20,loose_regularization_sensitivity,target_enc_ratio,target_enc_standard_m20,coil2000_insurance_policies,0.24643821626089665,0.24567924702673785,0.2503404243359272,False,3,1.5587606697487366,1.861935531009,-0.30317486126026333,-0.3089268806152769,-0.0007589692341588017,0.0039022080750305277,TabArena_IID,0.4998567392475893,0.009434077843747,DAUC < 0.55,source::coil2000_insurance_policies,
bag8,target_sensitivity_m20,loose_regularization_sensitivity,target_enc_ratio,target_enc_standard_m20,concrete_compressive_strength,4.340134707907356,4.340134707907356,4.340134707907356,False,3,0.0,0.0,0.0,0.0,0.0,0.0,TabArena_IID,0.5128188681237462,0.0502123786407767,DAUC < 0.55,source::concrete_compressive_strength,
bag8,target_sensitivity_m20,loose_regularization_sensitivity,target_enc_ratio,target_enc_standard_m20,credit-g,0.22383111404570633,0.22305992687966933,0.23617982954892822,False,3,5.228522489327849,5.555047903250731,-0.3265254139228825,-0.3457309328595883,-0.0007711871660369962,0.012348715503221891,TabArena_IID,0.4666875,0.0366071428571428,DAUC < 0.55,source::credit-g,
bag8,target_sensitivity_m20,loose_regularization_sensitivity,target_enc_ratio,target_enc_standard_m20,credit_card_clients_default,0.21539685403394912,0.21568342843954294,0.21600021694556126,False,3,0.2793344007447035,0.14666119807563127,0.13267320266907223,0.13286806857029737,0.0002865744055938202,0.0006033629116121431,TabArena_IID,0.5084822083333334,0.0089083333333333,DAUC < 0.55,source::credit_card_clients_default,
bag8,target_sensitivity_m20,loose_regularization_sensitivity,target_enc_ratio,target_enc_standard_m20,customer_satisfaction_in_airline,0.005447150860236734,0.005433995100113167,0.0056408237053047336,True,3,,,,,-1.3155760123566458e-05,0.00019367284506799972,TabArena_IID,0.4966771,0.0063438979047851,DAUC < 0.55,source::customer_satisfaction_in_airline,
bag8,target_sensitivity_m20,loose_regularization_sensitivity,target_enc_ratio,target_enc_standard_m20,diabetes,0.16934535483580615,0.16934535483580615,0.16934535483580615,False,3,0.0,0.0,0.0,0.0,0.0,0.0,TabArena_IID,0.5164146241145119,0.0782684335208765,DAUC < 0.55,source::diabetes,
bag8,target_sensitivity_m20,loose_regularization_sensitivity,target_enc_ratio,target_enc_standard_m20,diabetes_hospital,0.3467800395209509,0.3455709348094218,0.3461028034487377,False,1,-0.19567482998256408,0.15367360044936637,-0.3493484304319304,-0.3498861130192795,-0.0012091047115290743,-0.0006772360722132054,real_shift,0.938254775,0.0569622287584916,0.75 <= DAUC < 0.95,source::diabetes_130_us,
bag8,target_sensitivity_m20,loose_regularization_sensitivity,target_enc_ratio,target_enc_standard_m20,diamonds,531.9541768448786,531.9541768448786,533.6157469570486,False,3,0.3113795126259183,0.3113795126259183,0.0,0.0,0.0,1.6615701121700113,TabArena_IID,0.500012025,0.0064925534544555,DAUC < 0.55,source::diamonds,
bag8,target_sensitivity_m20,loose_regularization_sensitivity,target_enc_ratio,target_enc_standard_m20,folktables_coverage,0.180100116210656,0.180100116210656,0.1802445690392519,False,1,0.08014268022935324,0.08014268022935324,0.0,0.0,0.0,0.00014445282859590347,Folktables,0.55100065,0.0153198007637392,0.55 <= DAUC < 0.75,source::folktables,
bag8,target_sensitivity_m20,loose_regularization_sensitivity,target_enc_ratio,target_enc_standard_m20,folktables_coverage_covid,0.1863481854463067,0.1863481854463067,0.1863877343928588,False,1,0.021218642246451567,0.021218642246451567,0.0,0.0,0.0,3.954894655208707e-05,Folktables,0.6727981749999998,0.0219409140498816,0.55 <= DAUC < 0.75,source::folktables,
bag8,target_sensitivity_m20,loose_regularization_sensitivity,target_enc_ratio,target_enc_standard_m20,folktables_employment,0.0923294116486064,0.0923524797984027,0.0923388145690792,False,1,0.01018306387913005,-0.014799008832063395,0.024982072711193442,0.024978376159099553,2.306814979630145e-05,9.40292047280078e-06,Folktables,0.5412264,0.0268211334088744,DAUC < 0.55,source::folktables,
bag8,target_sensitivity_m20,loose_regularization_sensitivity,target_enc_ratio,target_enc_standard_m20,folktables_income,0.1124457539153526,0.1124310774568269,0.1120155290170952,False,1,-0.3840761205455124,-0.3709739563594602,-0.01310216418605221,-0.013053738216936036,-1.4676458525694769e-05,-0.00043022489825739196,Folktables,0.6541794249999999,0.0202054476966708,0.55 <= DAUC < 0.75,source::folktables,
bag8,target_sensitivity_m20,loose_regularization_sensitivity,target_enc_ratio,target_enc_standard_m20,folktables_mobility,0.2595332924234184,0.2595027701638711,0.2597460318536995,False,1,0.08190286056070731,0.09365366935246465,-0.011750808791757349,-0.01176182417167691,-3.0522259547305364e-05,0.00021273943028110587,Folktables,0.5783444999999999,0.0427119057499453,0.55 <= DAUC < 0.75,source::folktables,
bag8,target_sensitivity_m20,loose_regularization_sensitivity,target_enc_ratio,target_enc_standard_m20,folktables_travel_time,0.2073327160075111,0.207297373356487,0.2080129492789471,False,1,0.3270148679656422,0.3440054693424318,-0.016990601376789635,-0.017049251735240824,-3.534265102408951e-05,0.0006802332714359871,Folktables,0.657996475,0.0224917765156315,0.55 <= DAUC < 0.75,source::folktables,
bag8,target_sensitivity_m20,loose_regularization_sensitivity,target_enc_ratio,target_enc_standard_m20,folktables_travel_time_covid,0.2017031574494274,0.2020175064931147,0.2035722517222109,False,1,0.9181478600207362,0.7637314103190119,0.15441644970172427,0.15560485283883513,0.0003143490436872953,0.0018690942727835058,Folktables,0.788992325,0.0142218987079578,0.75 <= DAUC < 0.95,source::folktables,
bag8,target_sensitivity_m20,loose_regularization_sensitivity,target_enc_ratio,target_enc_standard_m20,gas_sensor_drift,0.1243783594646005,0.1243783594646005,0.1243783594646005,False,1,0.0,0.0,0.0,0.0,0.0,0.0,real_shift,0.9997012367140782,0.2156844866039522,DAUC >= 0.95,source::gas_sensor_drift,
bag8,target_sensitivity_m20,loose_regularization_sensitivity,target_enc_ratio,target_enc_standard_m20,hazelnut-spread-contaminant-detection,0.0295020833333333,0.0295020833333333,0.0295020833333333,False,3,0.0,0.0,0.0,0.0,0.0,0.0,TabArena_IID,0.5092881944444444,0.0430034722222222,DAUC < 0.55,source::hazelnut-spread-contaminant-detection,
bag8,target_sensitivity_m20,loose_regularization_sensitivity,target_enc_ratio,target_enc_standard_m20,healthcare_insurance_expenses,4627.335128936509,4627.335128936509,4620.357678458792,False,3,-0.15101537507036505,-0.15101537507036505,0.0,0.0,0.0,-6.977450477716957,TabArena_IID,0.5250682484635931,0.0656832659134235,DAUC < 0.55,source::healthcare_insurance_expenses,
bag8,target_sensitivity_m20,loose_regularization_sensitivity,target_enc_ratio,target_enc_standard_m20,heloc,0.20568240256918216,0.20568240256918216,0.20568240256918216,False,3,0.0,0.0,0.0,0.0,0.0,0.0,TabArena_IID,0.5007809088419239,0.0177986239441687,DAUC < 0.55,source::heloc,
bag8,target_sensitivity_m20,loose_regularization_sensitivity,target_enc_ratio,target_enc_standard_m20,hiva_agnostic,0.5008062354812467,0.5008062354812467,0.5036540337357714,False,3,0.5654274688126032,0.5654274688126032,0.0,0.0,0.0,0.002847798254524747,TabArena_IID,0.496315651907474,0.0,DAUC < 0.55,source::hiva_agnostic,
bag8,target_sensitivity_m20,loose_regularization_sensitivity,target_enc_ratio,target_enc_standard_m20,houses,0.2171784423060367,0.2171784423060367,0.2171784423060367,False,3,0.0,0.0,0.0,0.0,0.0,0.0,TabArena_IID,0.4876979973585736,0.0143910489341085,DAUC < 0.55,source::houses,
bag8,target_sensitivity_m20,loose_regularization_sensitivity,target_enc_ratio,target_enc_standard_m20,in_vehicle_coupon_recommendation,0.16331830241914722,0.16431284651349234,0.1669647312821876,False,3,2.1839515657217183,1.5882903822444445,0.5956611834772739,0.6052747033771722,0.000994544094345129,0.0036464288630403963,TabArena_IID,0.4999967486682508,0.0148968616209672,DAUC < 0.55,source::in_vehicle_coupon_recommendation,
bag8,target_sensitivity_m20,loose_regularization_sensitivity,target_enc_ratio,target_enc_standard_m20,jm1,0.2523411082373615,0.2523411082373615,0.2523411082373615,False,3,0.0,0.0,0.0,0.0,0.0,0.0,TabArena_IID,0.5013936268693818,0.0156089518163831,DAUC < 0.55,source::jm1,
bag8,target_sensitivity_m20,loose_regularization_sensitivity,target_enc_ratio,target_enc_standard_m20,kddcup09_appetency,0.4034743550079021,0.4026054264358581,0.19833659694940486,False,3,-103.42910043516947,-102.99099239791921,-0.4381080372502409,-0.21582634385639457,-0.0008689285720439588,-0.2051377580584972,TabArena_IID,0.502529275,0.0355100272725716,DAUC < 0.55,source::kddcup09_appetency,
bag8,target_sensitivity_m20,loose_regularization_sensitivity,target_enc_ratio,target_enc_standard_m20,lending_club,0.3110094974649404,0.3112505238207098,0.3115974664807988,False,1,0.18869505663796,0.11134322239759914,0.07735183424036086,0.07743805626757123,0.00024102635576939146,0.0005879690158583917,real_shift,0.94616475,0.0622442459135606,0.75 <= DAUC < 0.95,source::lending_club,
bag8,target_sensitivity_m20,loose_regularization_sensitivity,target_enc_ratio,target_enc_standard_m20,maternal_health_risk,0.06193628607029456,0.06193628607029456,0.06193628607029456,False,3,0.0,0.0,0.0,0.0,0.0,0.0,TabArena_IID,0.4809925428071595,0.03878222065645,DAUC < 0.55,source::maternal_health_risk,
bag8,target_sensitivity_m20,loose_regularization_sensitivity,target_enc_ratio,target_enc_standard_m20,miami_housing,87451.21952160071,87451.21951221321,87451.21914052036,False,3,-4.3576333201539837e-07,-4.250287775818048e-07,-1.0734554433593583e-08,-1.0734554387968638e-08,-9.38749872148037e-06,-0.00038108034641481936,TabArena_IID,0.5000548768378967,0.0174142973418732,DAUC < 0.55,source::miami_housing,
bag8,target_sensitivity_m20,loose_regularization_sensitivity,target_enc_ratio,target_enc_standard_m20,online_shoppers_intention,0.0653681918631245,0.0653870501322191,0.06587676166406567,False,3,0.7720018229411367,0.7433752350241853,0.02862658791695142,0.028840984654409423,1.8858269094604307e-05,0.0005085698009411749,TabArena_IID,0.5085433381403395,0.0162298164122981,DAUC < 0.55,source::online_shoppers_intention,
bag8,target_sensitivity_m20,loose_regularization_sensitivity,target_enc_ratio,target_enc_standard_m20,physiochemical_protein,3.4820759024608896,3.4820759024608896,3.4820759024608896,False,3,0.0,0.0,0.0,0.0,0.0,0.0,TabArena_IID,0.5001884949523016,0.0130870811769565,DAUC < 0.55,source::physiochemical_protein,
bag8,target_sensitivity_m20,loose_regularization_sensitivity,target_enc_ratio,target_enc_standard_m20,polish_companies_bankruptcy,0.04399807589132929,0.04399807589132929,0.04399807589132929,False,3,0.0,0.0,0.0,0.0,0.0,0.0,TabArena_IID,0.4797271737327021,0.028469599510753,DAUC < 0.55,source::polish_companies_bankruptcy,
bag8,target_sensitivity_m20,loose_regularization_sensitivity,target_enc_ratio,target_enc_standard_m20,qsar-biodeg,0.07016595828700294,0.07009301138073616,0.06976872366754223,False,3,-0.5693591606370499,-0.46480384927091906,-0.1045553113661309,-0.1040715826440044,-7.294690626677425e-05,-0.00039723461946070127,TabArena_IID,0.5242964850267431,0.0520357221163414,DAUC < 0.55,source::qsar-biodeg,
bag8,target_sensitivity_m20,loose_regularization_sensitivity,target_enc_ratio,target_enc_standard_m20,seismic-bumps,0.2467955280597692,0.2467955280597692,0.24680305204571742,False,3,0.0030485789725272533,0.0030485789725272533,0.0,0.0,0.0,7.5239859482212346e-06,TabArena_IID,0.5032746248400783,0.0270932551506253,DAUC < 0.55,source::seismic-bumps,
bag8,target_sensitivity_m20,loose_regularization_sensitivity,target_enc_ratio,target_enc_standard_m20,shifts_weather,2.164518455518772,2.164518455518772,2.164518455518772,False,1,0.0,0.0,0.0,0.0,0.0,0.0,real_shift,0.99970015,0.1722711733109805,DAUC >= 0.95,source::shifts_weather,
bag8,target_sensitivity_m20,loose_regularization_sensitivity,target_enc_ratio,target_enc_standard_m20,splice,0.005241621625302367,0.0054214361991844,0.0052733804611511,True,3,,,,,0.00017981457388203254,3.1758835848732896e-05,TabArena_IID,0.4935215615848055,0.0,DAUC < 0.55,source::splice,
bag8,target_sensitivity_m20,loose_regularization_sensitivity,target_enc_ratio,target_enc_standard_m20,students_dropout_and_academic_success,0.10475360252920857,0.10488481949862993,0.10631191401496416,False,3,1.4657919577445024,1.3423655566330557,0.12342640111144677,0.1251057779844681,0.00013121696942136607,0.0015583114857555952,TabArena_IID,0.4990070724969652,0.0241838594407484,DAUC < 0.55,source::students_dropout_and_academic_success,
bag8,target_sensitivity_m20,loose_regularization_sensitivity,target_enc_ratio,target_enc_standard_m20,superconductivity,9.267409420567729,9.267409420567729,9.267409420567729,False,3,0.0,0.0,0.0,0.0,0.0,0.0,TabArena_IID,0.4966916245247805,0.0148733486354602,DAUC < 0.55,source::superconductivity,
bag8,target_sensitivity_m20,loose_regularization_sensitivity,target_enc_ratio,target_enc_standard_m20,synthetic_label_shift,0.2404443410989011,0.2404443410989011,0.2403954804395605,False,1,-0.020325115618335513,-0.020325115618335513,0.0,0.0,0.0,-4.8860659340593804e-05,synthetic,0.54006835,0.01992,DAUC < 0.55,source::synthetic_generator,
bag8,target_sensitivity_m20,loose_regularization_sensitivity,target_enc_ratio,target_enc_standard_m20,synthetic_large_test,0.2543615261953982,0.2543615261953982,0.2541956891847217,False,1,-0.0652398989174065,-0.0652398989174065,0.0,0.0,0.0,-0.00016583701067651724,synthetic,0.64072835,0.0878719999999999,0.55 <= DAUC < 0.75,source::synthetic_generator,
bag8,target_sensitivity_m20,loose_regularization_sensitivity,target_enc_ratio,target_enc_standard_m20,synthetic_partial_shift,0.2414931448339912,0.2414931448339912,0.2414264165740653,False,1,-0.027639170921228175,-0.027639170921228175,0.0,0.0,0.0,-6.672825992590226e-05,synthetic,0.5587177999999999,0.026568,0.55 <= DAUC < 0.75,source::synthetic_generator,
bag8,target_sensitivity_m20,loose_regularization_sensitivity,target_enc_ratio,target_enc_standard_m20,synthetic_shift_0.0,0.2495520260038161,0.2495520260038161,0.2500728306313826,False,1,0.20826117985370893,0.20826117985370893,0.0,0.0,0.0,0.0005208046275664846,synthetic,0.49784605,0.011,DAUC < 0.55,source::synthetic_generator,
bag8,target_sensitivity_m20,loose_regularization_sensitivity,target_enc_ratio,target_enc_standard_m20,synthetic_shift_0.5,0.2479252798266046,0.2479252798266046,0.248317077510352,False,1,0.15778120767029627,0.15778120767029627,0.0,0.0,0.0,0.0003917976837474191,synthetic,0.5719888750000001,0.04362,0.55 <= DAUC < 0.75,source::synthetic_generator,
bag8,target_sensitivity_m20,loose_regularization_sensitivity,target_enc_ratio,target_enc_standard_m20,synthetic_shift_1.0,0.2495052832417117,0.2495052832417117,0.2497417984176844,False,1,0.09470388115694514,0.09470388115694514,0.0,0.0,0.0,0.00023651517597270133,synthetic,0.643362075,0.08208,0.55 <= DAUC < 0.75,source::synthetic_generator,
bag8,target_sensitivity_m20,loose_regularization_sensitivity,target_enc_ratio,target_enc_standard_m20,synthetic_shift_3.0,0.2585670179028132,0.2585670179028132,0.2581939028132992,False,1,-0.14450964389497725,-0.14450964389497725,0.0,0.0,0.0,-0.00037311508951404226,synthetic,0.8405509999999999,0.20872,0.75 <= DAUC < 0.95,source::synthetic_generator,
bag8,target_sensitivity_m20,loose_regularization_sensitivity,target_enc_ratio,target_enc_standard_m20,synthetic_shift_5.0,0.2696672055412632,0.2696672055412632,0.2698973148260011,False,1,0.08525808598215452,0.08525808598215452,0.0,0.0,0.0,0.00023010928473787828,synthetic,0.93479215,0.30666,0.75 <= DAUC < 0.95,source::synthetic_generator,
bag8,target_sensitivity_m20,loose_regularization_sensitivity,target_enc_ratio,target_enc_standard_m20,synthetic_small_test,0.2534089099450592,0.2534089099450592,0.2532289528907427,False,1,-0.07106496009330646,-0.07106496009330646,0.0,0.0,0.0,-0.0001799570543165041,synthetic,0.6399588,0.0856239999999999,0.55 <= DAUC < 0.75,source::synthetic_generator,
bag8,target_sensitivity_m20,loose_regularization_sensitivity,target_enc_ratio,target_enc_standard_m20,tabred_cooking_time,0.4852387203082794,0.4852387203082794,0.484871225589696,False,1,-0.07579223084160026,-0.07579223084160026,0.0,0.0,0.0,-0.00036749471858343874,TabReD,0.7766422000000001,0.0408288722530207,0.75 <= DAUC < 0.95,source::tabred_cooking_time,
bag8,target_sensitivity_m20,loose_regularization_sensitivity,target_enc_ratio,target_enc_standard_m20,tabred_delivery_eta,0.5459188549611448,0.5459188549611448,0.5459188549611448,False,1,0.0,0.0,0.0,0.0,0.0,0.0,TabReD,0.9451161,0.1211845880844909,0.75 <= DAUC < 0.95,source::tabred_delivery_eta,
bag8,target_sensitivity_m20,loose_regularization_sensitivity,target_enc_ratio,target_enc_standard_m20,tabred_delivery_eta__gap_far,0.5576152367232049,0.5576152367232049,0.5576152367232049,False,1,0.0,0.0,0.0,0.0,0.0,0.0,TabReD_gap,0.999999625,0.2379337040655923,DAUC >= 0.95,source::tabred_delivery_eta,tabred_delivery_eta
bag8,target_sensitivity_m20,loose_regularization_sensitivity,target_enc_ratio,target_enc_standard_m20,tabred_delivery_eta__gap_maxdiff,0.5533970341678441,0.5533970341678441,0.5533970341678441,False,1,0.0,0.0,0.0,0.0,0.0,0.0,TabReD_gap,1.0,0.2496496029927623,DAUC >= 0.95,source::tabred_delivery_eta,tabred_delivery_eta
bag8,target_sensitivity_m20,loose_regularization_sensitivity,target_enc_ratio,target_enc_standard_m20,tabred_delivery_eta__gap_near,0.5743301179802871,0.5743301179802871,0.5743301179802871,False,1,0.0,0.0,0.0,0.0,0.0,0.0,TabReD_gap,0.946211,0.1571228260314691,0.75 <= DAUC < 0.95,source::tabred_delivery_eta,tabred_delivery_eta
bag8,target_sensitivity_m20,loose_regularization_sensitivity,target_enc_ratio,target_enc_standard_m20,tabred_ecom_offers,0.4378837069964159,0.4378837069964159,0.4378837069964159,False,1,0.0,0.0,0.0,0.0,0.0,0.0,TabReD,1.0,0.0841283069488731,DAUC >= 0.95,source::tabred_ecom_offers,
bag8,target_sensitivity_m20,loose_regularization_sensitivity,target_enc_ratio,target_enc_standard_m20,tabred_homesite,0.0393921427424753,0.0395066721344383,0.0395510583144037,False,1,0.4017985325831906,0.11222501206556242,0.2895735205176282,0.2898988595477336,0.00011452939196299888,0.00015891557192839606,TabReD,1.0,0.0494244965489931,DAUC >= 0.95,source::tabred_homesite,
bag8,target_sensitivity_m20,loose_regularization_sensitivity,target_enc_ratio,target_enc_standard_m20,tabred_homesite__gap_far,0.1036262079923532,0.1034235932037521,0.1040477118497644,False,1,0.40510632085769954,0.5998388959417615,-0.194732575084062,-0.19590770570301583,-0.00020261478860109094,0.0004215038574112012,TabReD_gap,1.0,0.0830990647492541,DAUC >= 0.95,source::tabred_homesite,tabred_homesite
bag8,target_sensitivity_m20,loose_regularization_sensitivity,target_enc_ratio,target_enc_standard_m20,tabred_homesite__gap_near,0.046072758509482,0.0459254762735912,0.0459653482601032,False,1,-0.23367657038297063,0.08674357536981575,-0.3204201457527864,-0.32069833095120476,-0.00014728223589079853,-0.00010741024937879762,TabReD_gap,1.0,0.0437974647176086,DAUC >= 0.95,source::tabred_homesite,tabred_homesite
bag8,target_sensitivity_m20,loose_regularization_sensitivity,target_enc_ratio,target_enc_standard_m20,tabred_sberbank,0.2560332340939763,0.254829576567117,0.2552404707830786,False,1,-0.3105946750785742,0.16098317586586178,-0.471577850944436,-0.47233823603763814,-0.001203657526859303,-0.0007927633108977261,TabReD,1.0,0.2022915451416207,DAUC >= 0.95,source::tabred_sberbank,
bag8,target_sensitivity_m20,loose_regularization_sensitivity,target_enc_ratio,target_enc_standard_m20,tabred_sberbank__gap_far,0.3614614498469459,0.3556650269614167,0.3592567871384393,False,1,-0.613673224121176,0.9997751763109992,-1.6134484004321752,-1.6297421579653883,-0.005796422885529173,-0.0022046627085066106,TabReD_gap,1.0,0.235749592588427,DAUC >= 0.95,source::tabred_sberbank,tabred_sberbank
bag8,target_sensitivity_m20,loose_regularization_sensitivity,target_enc_ratio,target_enc_standard_m20,tabred_sberbank__gap_near,0.2459172948343748,0.2472664653769821,0.2477962699761038,False,1,0.7582741830255126,0.2138065271009863,0.5444676559245263,0.5456342575813342,0.001349170542607303,0.0018789751417289946,TabReD_gap,1.0,0.2265311490062835,DAUC >= 0.95,source::tabred_sberbank,tabred_sberbank
bag8,target_sensitivity_m20,loose_regularization_sensitivity,target_enc_ratio,target_enc_standard_m20,tabred_weather,1.4967328890116611,1.4967328890116611,1.4967328890116611,False,1,0.0,0.0,0.0,0.0,0.0,0.0,TabReD,0.9948407,0.1103651439849723,DAUC >= 0.95,source::tabred_weather,
bag8,target_sensitivity_m20,loose_regularization_sensitivity,target_enc_ratio,target_enc_standard_m20,tabred_weather__gap_far,1.6422974554212553,1.6422974554212553,1.6422974554212553,False,1,0.0,0.0,0.0,0.0,0.0,0.0,TabReD_gap,1.0,0.1012016963019497,DAUC >= 0.95,source::tabred_weather,tabred_weather
bag8,target_sensitivity_m20,loose_regularization_sensitivity,target_enc_ratio,target_enc_standard_m20,tabred_weather__gap_maxdiff,1.7941261827455273,1.7941261827455273,1.7941261827455273,False,1,0.0,0.0,0.0,0.0,0.0,0.0,TabReD_gap,1.0,0.2280292319342118,DAUC >= 0.95,source::tabred_weather,tabred_weather
bag8,target_sensitivity_m20,loose_regularization_sensitivity,target_enc_ratio,target_enc_standard_m20,tabred_weather__gap_near,1.6630001348379588,1.6630001348379588,1.6630001348379588,False,1,0.0,0.0,0.0,0.0,0.0,0.0,TabReD_gap,1.0,0.0948655339805825,DAUC >= 0.95,source::tabred_weather,tabred_weather
bag8,target_sensitivity_m20,loose_regularization_sensitivity,target_enc_ratio,target_enc_standard_m20,taiwanese_bankruptcy_prediction,0.06392489016533567,0.06392489016533567,0.06392489016533567,False,3,0.0,0.0,0.0,0.0,0.0,0.0,TabArena_IID,0.4813707690648705,0.0246058424438091,DAUC < 0.55,source::taiwanese_bankruptcy_prediction,
bag8,target_sensitivity_m20,loose_regularization_sensitivity,target_enc_ratio,target_enc_standard_m20,tschalzev_mbgm,8.148433096817476,8.117255402727093,8.085359966984036,False,1,-0.7800905598636756,-0.39448380620403967,-0.385606753659636,-0.3840915745968573,-0.031177694090382957,-0.06307312983343927,tschalzev_IID,0.5283598093648937,0.0054825547828749,DAUC < 0.55,source::tschalzev_mbgm,
bag8,target_sensitivity_m20,loose_regularization_sensitivity,target_enc_ratio,target_enc_standard_m20,tschalzev_ogpcc,0.0215218443612823,0.0215218443612823,0.0215218443612823,False,1,0.0,0.0,0.0,0.0,0.0,0.0,tschalzev_IID,0.498779,0.0040078342527184,DAUC < 0.55,source::tschalzev_ogpcc,
bag8,target_sensitivity_m20,loose_regularization_sensitivity,target_enc_ratio,target_enc_standard_m20,tschalzev_sctp,0.1051087392387699,0.1051087392387699,0.1051087392387699,False,1,0.0,0.0,0.0,0.0,0.0,0.0,tschalzev_IID,0.495618525,0.0048744375,DAUC < 0.55,source::tschalzev_sctp,
bag8,target_sensitivity_m20,loose_regularization_sensitivity,target_enc_ratio,target_enc_standard_m20,website_phishing,0.0217340034618181,0.0217340034618181,0.0217334983646367,False,3,-0.0023240491379958573,-0.0023240491379958573,0.0,0.0,0.0,-5.05097181399683e-07,TabArena_IID,0.4974870109756609,0.0,DAUC < 0.55,source::website_phishing,
bag8,target_sensitivity_m20,loose_regularization_sensitivity,target_enc_ratio,target_enc_standard_m20,wine_quality,0.17220874309318732,0.17220874309318732,0.17220874309318732,False,3,0.0,0.0,0.0,0.0,0.0,0.0,TabArena_IID,0.4933509159780399,0.021301046461716,DAUC < 0.55,source::wine_quality,
tabicl,target_sensitivity_m20,loose_regularization_sensitivity,target_enc_ratio,target_enc_standard_m20,Amazon_employee_access,0.16110894998243866,0.17564652262102107,0.15191693415385168,False,3,-6.050685448455597,-15.620107527405459,9.569422078949863,8.276607143512317,0.014537572638582408,-0.009192015828586975,TabArena_IID,0.4973770565852067,0.0,DAUC < 0.55,source::Amazon_employee_access,
tabicl,target_sensitivity_m20,loose_regularization_sensitivity,target_enc_ratio,target_enc_standard_m20,Another-Dataset-on-used-Fiat-500,710.9006688166277,710.8650427992178,713.1740191287946,False,3,0.3187651612637319,0.3237605784346193,-0.004995417170887446,-0.005011642894913094,-0.03562601740986793,2.27335031216694,TabArena_IID,0.5250604059451488,0.0313157709499172,DAUC < 0.55,source::Another-Dataset-on-used-Fiat-500,
tabicl,target_sensitivity_m20,loose_regularization_sensitivity,target_enc_ratio,target_enc_standard_m20,Bank_Customer_Churn,0.1259820978344484,0.12598108017010914,0.1261516035655104,False,3,0.1343666875974183,0.13517338708476478,-0.0008066994873464753,-0.0008077914063510197,-1.0176643392423301e-06,0.00016950573106200295,TabArena_IID,0.4985240625,0.0158125,DAUC < 0.55,source::Bank_Customer_Churn,
tabicl,target_sensitivity_m20,loose_regularization_sensitivity,target_enc_ratio,target_enc_standard_m20,E-CommereShippingData,0.2564925393435206,0.2564903717411034,0.25434487065501615,False,3,-0.84439237283361,-0.8435401431772217,-0.000852229656388327,-0.0008451008911213698,-2.167602417224579e-06,-0.002147668688504467,TabArena_IID,0.500688337854552,0.0144240392331084,DAUC < 0.55,source::E-CommereShippingData,
tabicl,target_sensitivity_m20,loose_regularization_sensitivity,target_enc_ratio,target_enc_standard_m20,Fitness_Club,0.1781143692573491,0.17822149771066634,0.17813713182503257,False,3,0.012778115068015598,-0.047360078591940274,0.060138193659955874,0.060109725646648224,0.00010712845331722898,2.2762567683465296e-05,TabArena_IID,0.5044166666666666,0.0338611518035256,DAUC < 0.55,source::Fitness_Club,
tabicl,target_sensitivity_m20,loose_regularization_sensitivity,target_enc_ratio,target_enc_standard_m20,HR_Analytics_Job_Change_of_Data_Scientists,0.19389048165196396,0.1936913817046614,0.19436899177038391,False,3,0.24618644880621673,0.3486204561491961,-0.1024340073429794,-0.10279236254617441,-0.0001990999473025501,0.00047851011841995583,TabArena_IID,0.5006432616140332,0.0155574144065088,DAUC < 0.55,source::HR_Analytics_Job_Change_of_Data_Scientists,
tabicl,target_sensitivity_m20,loose_regularization_sensitivity,target_enc_ratio,target_enc_standard_m20,Is-this-a-good-customer,0.24562353167461215,0.2457407687270162,0.25535054336626034,False,3,3.8092778513090204,3.763365651217914,0.04591220009110668,0.04770761197311938,0.00011723705240404558,0.00972701169164819,TabArena_IID,0.5089344102652231,0.0467264045771018,DAUC < 0.55,source::Is-this-a-good-customer,
tabicl,target_sensitivity_m20,loose_regularization_sensitivity,target_enc_ratio,target_enc_standard_m20,MIC,0.1240060339837722,0.12426295162258212,0.12452836705760456,False,3,0.4194490670472977,0.21313652567182811,0.20631254137546956,0.2067532079796725,0.000256917638809917,0.0005223330738323567,TabArena_IID,0.5315440298650391,0.1023684174323937,DAUC < 0.55,source::MIC,
tabicl,target_sensitivity_m20,loose_regularization_sensitivity,target_enc_ratio,target_enc_standard_m20,Marketing_Campaign,0.07238719182709663,0.07208773707808026,0.07174106556627727,False,3,-0.9006365541398959,-0.4832260422487405,-0.4174105118911554,-0.41540317556648987,-0.00029945474901636737,-0.000646126260819363,TabArena_IID,0.4893010633270867,0.0318521792685864,DAUC < 0.55,source::Marketing_Campaign,
tabicl,target_sensitivity_m20,loose_regularization_sensitivity,target_enc_ratio,target_enc_standard_m20,NATICUSdroid,0.012594771598333299,0.012594536608651766,0.012380236422321333,True,3,,,,,-2.3498968153290445e-07,-0.0002145351760119655,TabArena_IID,0.4909448935914827,0.0,DAUC < 0.55,source::NATICUSdroid,
tabicl,target_sensitivity_m20,loose_regularization_sensitivity,target_enc_ratio,target_enc_standard_m20,QSAR_fish_toxicity,0.8480591435578654,0.8480592049537519,0.8480591435578654,False,3,0.0,-7.239576031021841e-06,7.239576031021841e-06,7.239575506907268e-06,6.139588648590433e-08,0.0,TabArena_IID,0.4678368023195609,0.045171150688392,DAUC < 0.55,source::QSAR_fish_toxicity,
tabicl,target_sensitivity_m20,loose_regularization_sensitivity,target_enc_ratio,target_enc_standard_m20,airfoil_self_noise,1.138219077777599,1.1327780522449882,1.0635441931893233,False,3,-7.021324084741878,-6.509730343038081,-0.5115937417037973,-0.4803258256838101,-0.0054410255326107215,-0.07467488458827565,TabArena_IID,0.5474124587140708,0.0529488504762273,DAUC < 0.55,source::airfoil_self_noise,
tabicl,target_sensitivity_m20,loose_regularization_sensitivity,target_enc_ratio,target_enc_standard_m20,anneal,0.0006107616122235667,0.0004611170181345,0.000903440807484965,True,3,,,,,-0.00014964459408906667,0.0002926791952613983,TabArena_IID,0.43732935660019,0.0336531517590013,DAUC < 0.55,source::anneal,
tabicl,target_sensitivity_m20,loose_regularization_sensitivity,target_enc_ratio,target_enc_standard_m20,bike_sharing,126.87039519909796,126.8698163721366,124.32326010472048,False,1,-2.0488001136971214,-2.0483345315036754,-0.00046558219344582325,-0.00045623693476554665,-0.0005788269613589136,-2.547135094377481,real_shift,0.724417889739124,0.0462872471556019,0.55 <= DAUC < 0.75,source::bike_sharing,
tabicl,target_sensitivity_m20,loose_regularization_sensitivity,target_enc_ratio,target_enc_standard_m20,blood-transfusion-service-center,0.2463663395777578,0.24644067796610156,0.2463663395777578,False,3,0.0,-0.030173922489232986,0.030173922489232986,0.030164820579652266,7.433838834375317e-05,0.0,TabArena_IID,0.5146430905695611,0.0393868450390189,DAUC < 0.55,source::blood-transfusion-service-center,
tabicl,target_sensitivity_m20,loose_regularization_sensitivity,target_enc_ratio,target_enc_standard_m20,churn,0.06847041481578933,0.06851995495144729,0.06434975285373433,False,3,-6.403539686346866,-6.4805254298206005,0.07698574347373408,0.07230030389404304,4.9540135657957785e-05,-0.004120661962055003,TabArena_IID,0.4777912499999999,0.0261333333333333,DAUC < 0.55,source::churn,
tabicl,target_sensitivity_m20,loose_regularization_sensitivity,target_enc_ratio,target_enc_standard_m20,coil2000_insurance_policies,0.23335242567987327,0.23326506331007937,0.2308936310061714,False,3,-1.0649036367902842,-1.0270670063846743,-0.03783663040560976,-0.03745197354211873,-8.736236979389744e-05,-0.0024587946737018584,TabArena_IID,0.4998567392475893,0.009434077843747,DAUC < 0.55,source::coil2000_insurance_policies,
tabicl,target_sensitivity_m20,loose_regularization_sensitivity,target_enc_ratio,target_enc_standard_m20,concrete_compressive_strength,3.7487978437912495,3.748796965349315,3.7487978437912495,False,3,0.0,2.3432630163274683e-05,-2.3432630163274683e-05,-2.343263565415753e-05,-8.784419343044192e-07,0.0,TabArena_IID,0.5128188681237462,0.0502123786407767,DAUC < 0.55,source::concrete_compressive_strength,
tabicl,target_sensitivity_m20,loose_regularization_sensitivity,target_enc_ratio,target_enc_standard_m20,credit-g,0.21411564750620538,0.21367331841580758,0.2072395852438771,False,3,-3.317928982649052,-3.1044904690189155,-0.21343851363013686,-0.20701185046278014,-0.00044232909039779167,-0.006876062262328286,TabArena_IID,0.4666875,0.0366071428571428,DAUC < 0.55,source::credit-g,
tabicl,target_sensitivity_m20,loose_regularization_sensitivity,target_enc_ratio,target_enc_standard_m20,credit_card_clients_default,0.20963119486773216,0.20959320230533485,0.20931546090444395,False,3,-0.15084120490858036,-0.13269034197989582,-0.018150862928684522,-0.018126810401972098,-3.799256239730986e-05,-0.0003157339632882117,TabArena_IID,0.5084822083333334,0.0089083333333333,DAUC < 0.55,source::credit_card_clients_default,
tabicl,target_sensitivity_m20,loose_regularization_sensitivity,target_enc_ratio,target_enc_standard_m20,diabetes,0.15705705596162942,0.15707936742972398,0.15705705596162942,False,3,0.0,-0.014205963532138986,0.014205963532138986,0.014203945724789198,2.2311468094560194e-05,0.0,TabArena_IID,0.5164146241145119,0.0782684335208765,DAUC < 0.55,source::diabetes,
tabicl,target_sensitivity_m20,loose_regularization_sensitivity,target_enc_ratio,target_enc_standard_m20,gas_sensor_drift,0.0288742422311484,0.0288742422311484,0.0288742035260366,False,1,-0.00013404737472576074,-0.00013404737472576074,0.0,0.0,0.0,-3.87051117996251e-08,real_shift,0.9997012367140782,0.2156844866039522,DAUC >= 0.95,source::gas_sensor_drift,
tabicl,target_sensitivity_m20,loose_regularization_sensitivity,target_enc_ratio,target_enc_standard_m20,hazelnut-spread-contaminant-detection,0.006410416666666634,0.006410416666666634,0.006410416666666634,True,3,,,,,0.0,0.0,TabArena_IID,0.5092881944444444,0.0430034722222222,DAUC < 0.55,source::hazelnut-spread-contaminant-detection,
tabicl,target_sensitivity_m20,loose_regularization_sensitivity,target_enc_ratio,target_enc_standard_m20,healthcare_insurance_expenses,4464.691544333173,4464.73698533506,4467.922310030383,False,3,0.07231024787422342,0.07129319791824283,0.0010170499559805995,0.001017775560725471,0.0454410018874114,3.2307656972106997,TabArena_IID,0.5250682484635931,0.0656832659134235,DAUC < 0.55,source::healthcare_insurance_expenses,
tabicl,target_sensitivity_m20,loose_regularization_sensitivity,target_enc_ratio,target_enc_standard_m20,heloc,0.19857754625701407,0.19859149951031943,0.19857754625701407,False,3,0.0,-0.0070266017323532375,0.0070266017323532375,0.0070261080357242826,1.3953253305359903e-05,0.0,TabArena_IID,0.5007809088419239,0.0177986239441687,DAUC < 0.55,source::heloc,
tabicl,target_sensitivity_m20,loose_regularization_sensitivity,target_enc_ratio,target_enc_standard_m20,houses,0.19718857176899332,0.19718856609087268,0.19718856609087268,False,3,-2.8795384808079076e-06,0.0,-2.8795384808079076e-06,-2.8795384808079076e-06,-5.678120640340012e-09,-5.678120640340012e-09,TabArena_IID,0.4876979973585736,0.0143910489341085,DAUC < 0.55,source::houses,
tabicl,target_sensitivity_m20,loose_regularization_sensitivity,target_enc_ratio,target_enc_standard_m20,in_vehicle_coupon_recommendation,0.15824970492506837,0.158377521882807,0.1611430978312823,False,3,1.7955425613347273,1.716223645750494,0.0793189155842334,0.08070397630870427,0.00012781695773861346,0.002893392906213932,TabArena_IID,0.4999967486682508,0.0148968616209672,DAUC < 0.55,source::in_vehicle_coupon_recommendation,
tabicl,target_sensitivity_m20,loose_regularization_sensitivity,target_enc_ratio,target_enc_standard_m20,jm1,0.21822253183925208,0.2182229375414122,0.2182229375414122,False,3,0.00018591178575795466,0.0,0.00018591178575795466,0.00018591178575795466,4.0570216011670546e-07,4.0570216011670546e-07,TabArena_IID,0.5013936268693818,0.0156089518163831,DAUC < 0.55,source::jm1,
tabicl,target_sensitivity_m20,loose_regularization_sensitivity,target_enc_ratio,target_enc_standard_m20,maternal_health_risk,0.03807453430735837,0.03807453430735837,0.03807453430735837,False,3,0.0,0.0,0.0,0.0,0.0,0.0,TabArena_IID,0.4809925428071595,0.03878222065645,DAUC < 0.55,source::maternal_health_risk,
tabicl,target_sensitivity_m20,loose_regularization_sensitivity,target_enc_ratio,target_enc_standard_m20,miami_housing,77166.36721939899,77166.3675300117,77774.50022663208,False,3,0.7819182450044831,0.781917845628453,3.9937603014902557e-07,4.0252343270216e-07,0.0003106127114733681,608.1330072330893,TabArena_IID,0.5000548768378967,0.0174142973418732,DAUC < 0.55,source::miami_housing,
tabicl,target_sensitivity_m20,loose_regularization_sensitivity,target_enc_ratio,target_enc_standard_m20,online_shoppers_intention,0.0631279803608476,0.0631193809901406,0.0622801880154342,False,3,-1.3612552762417807,-1.3474477220563732,-0.01380755418540756,-0.013623978201478284,-8.599370707004783e-06,-0.0008477923454133993,TabArena_IID,0.5085433381403395,0.0162298164122981,DAUC < 0.55,source::online_shoppers_intention,
tabicl,target_sensitivity_m20,loose_regularization_sensitivity,target_enc_ratio,target_enc_standard_m20,polish_companies_bankruptcy,0.015463455954419067,0.015463455954419135,0.015463455954419067,True,3,,,,,6.765421556309548e-17,0.0,TabArena_IID,0.4797271737327021,0.028469599510753,DAUC < 0.55,source::polish_companies_bankruptcy,
tabicl,target_sensitivity_m20,loose_regularization_sensitivity,target_enc_ratio,target_enc_standard_m20,qsar-biodeg,0.05719241213616453,0.05736143297065677,0.056617394902967334,False,3,-1.0156193766644992,-1.3141510113006587,0.2985316346361596,0.2946593656031931,0.0001690208344922381,-0.0005750172331971948,TabArena_IID,0.5242964850267431,0.0520357221163414,DAUC < 0.55,source::qsar-biodeg,
tabicl,target_sensitivity_m20,loose_regularization_sensitivity,target_enc_ratio,target_enc_standard_m20,seismic-bumps,0.21434912280959909,0.21440888938351768,0.2124974000362504,False,3,-0.8714096139683598,-0.8995354046408105,0.0281257906724507,0.02787504477563439,5.9766573918595967e-05,-0.0018517227733486907,TabArena_IID,0.5032746248400783,0.0270932551506253,DAUC < 0.55,source::seismic-bumps,
tabicl,target_sensitivity_m20,loose_regularization_sensitivity,target_enc_ratio,target_enc_standard_m20,splice,0.0044185510137888,0.004293617128500334,0.004302219973416,True,3,,,,,-0.00012493388528846561,-0.00011633104037279962,TabArena_IID,0.4935215615848055,0.0,DAUC < 0.55,source::splice,
tabicl,target_sensitivity_m20,loose_regularization_sensitivity,target_enc_ratio,target_enc_standard_m20,students_dropout_and_academic_success,0.09951496950653756,0.09946017739410618,0.10118363324800446,False,3,1.6491439256553992,1.7032950869376635,-0.0541511612822642,-0.05508949799503221,-5.47921124313816e-05,0.0016686637414669026,TabArena_IID,0.4990070724969652,0.0241838594407484,DAUC < 0.55,source::students_dropout_and_academic_success,
tabicl,target_sensitivity_m20,loose_regularization_sensitivity,target_enc_ratio,target_enc_standard_m20,superconductivity,8.88381474657605,8.88381474657605,8.88381474657605,False,3,0.0,0.0,0.0,0.0,0.0,0.0,TabArena_IID,0.4966916245247805,0.0148733486354602,DAUC < 0.55,source::superconductivity,
tabicl,target_sensitivity_m20,loose_regularization_sensitivity,target_enc_ratio,target_enc_standard_m20,synthetic_large_test,0.2436291869448184,0.2436165365266611,0.2439421588506672,False,1,0.12829758797059684,0.13348341489649268,-0.005185826925895844,-0.00519275839713166,-1.2650418157289511e-05,0.00031297190584880785,synthetic,0.64072835,0.0878719999999999,0.55 <= DAUC < 0.75,source::synthetic_generator,
tabicl,target_sensitivity_m20,loose_regularization_sensitivity,target_enc_ratio,target_enc_standard_m20,synthetic_shift_0.0,0.2423581967923027,0.2423529272336695,0.2424619681395514,False,1,0.042799020417494046,0.0449723751393218,-0.002173354721827755,-0.002174332570828284,-5.2695586331974464e-06,0.00010377134724870452,synthetic,0.49784605,0.011,DAUC < 0.55,source::synthetic_generator,
tabicl,target_sensitivity_m20,loose_regularization_sensitivity,target_enc_ratio,target_enc_standard_m20,synthetic_shift_0.5,0.2402802916343166,0.240276611833592,0.2403807785002588,False,1,0.04180320347122997,0.04333402500677974,-0.001530821535549775,-0.0015314851897248656,-3.6798007246041653e-06,0.00010048686594218981,synthetic,0.5719888750000001,0.04362,0.55 <= DAUC < 0.75,source::synthetic_generator,
tabicl,target_sensitivity_m20,loose_regularization_sensitivity,target_enc_ratio,target_enc_standard_m20,synthetic_shift_1.0,0.2426724309930128,0.2426695434825981,0.2428629465239087,False,1,0.07844569689313627,0.0796346433569943,-0.001188946463858044,-0.0011898940317265356,-2.8875104147174646e-06,0.00019051553089588502,synthetic,0.643362075,0.08208,0.55 <= DAUC < 0.75,source::synthetic_generator,
tabicl,target_sensitivity_m20,loose_regularization_sensitivity,target_enc_ratio,target_enc_standard_m20,synthetic_shift_3.0,0.2498923171355498,0.249902547314578,0.2502299744245524,False,1,0.13493878572266196,0.1308504749390578,0.004088310783604151,0.004093667366796029,1.0230179028208886e-05,0.0003376572890026186,synthetic,0.8405509999999999,0.20872,0.75 <= DAUC < 0.95,source::synthetic_generator,
tabicl,target_sensitivity_m20,loose_regularization_sensitivity,target_enc_ratio,target_enc_standard_m20,synthetic_shift_5.0,0.2585770424337144,0.2585945963758338,0.2588713740054131,False,1,0.11369799879556028,0.10691704737252868,0.0067809514230315945,0.006788209175851887,1.75539421194415e-05,0.0002943315716987249,synthetic,0.93479215,0.30666,0.75 <= DAUC < 0.95,source::synthetic_generator,
tabicl,target_sensitivity_m20,loose_regularization_sensitivity,target_enc_ratio,target_enc_standard_m20,synthetic_small_test,0.2524814327984814,0.2524804696028294,0.2524662624669624,False,1,-0.006008854953826912,-0.0056273403535776504,-0.0003815146002492607,-0.0003814931323322788,-9.631956520150808e-07,-1.5170331518987723e-05,synthetic,0.6399588,0.0856239999999999,0.55 <= DAUC < 0.75,source::synthetic_generator,
tabicl,target_sensitivity_m20,loose_regularization_sensitivity,target_enc_ratio,target_enc_standard_m20,tabred_delivery_eta__gap_far,0.5653514906815258,0.5653514116095016,0.5606875625200399,False,1,-0.8318230103988025,-0.8318089077096337,-1.4102689168846619e-05,-1.3986349468107503e-05,-7.907202415058379e-08,-0.004663928161485864,TabReD_gap,0.999999625,0.2379337040655923,DAUC >= 0.95,source::tabred_delivery_eta,tabred_delivery_eta
tabicl,target_sensitivity_m20,loose_regularization_sensitivity,target_enc_ratio,target_enc_standard_m20,tabred_delivery_eta__gap_maxdiff,0.5507210773037221,0.550721104361268,0.5485074338313581,False,1,-0.40357583796112534,-0.4035807709017204,4.9329405950825194e-06,4.913112218914159e-06,2.7057545870512456e-08,-0.0022136434723639686,TabReD_gap,1.0,0.2496496029927623,DAUC >= 0.95,source::tabred_delivery_eta,tabred_delivery_eta
tabicl,target_sensitivity_m20,loose_regularization_sensitivity,target_enc_ratio,target_enc_standard_m20,tabred_delivery_eta__gap_near,0.5600867160431421,0.5600867160431421,0.5606876688263737,False,1,0.1071813804090765,0.1071813804090765,0.0,0.0,0.0,0.0006009527832315786,TabReD_gap,0.946211,0.1571228260314691,0.75 <= DAUC < 0.95,source::tabred_delivery_eta,tabred_delivery_eta
tabicl,target_sensitivity_m20,loose_regularization_sensitivity,target_enc_ratio,target_enc_standard_m20,tabred_homesite__gap_far,0.1348969661758072,0.1343702219730449,0.1243992417270374,False,1,-8.438736686035764,-8.01530628931509,-0.42343039672067234,-0.39200962462350414,-0.0005267442027623026,-0.010497724448769813,TabReD_gap,1.0,0.0830990647492541,DAUC >= 0.95,source::tabred_homesite,tabred_homesite
tabicl,target_sensitivity_m20,loose_regularization_sensitivity,target_enc_ratio,target_enc_standard_m20,tabred_homesite__gap_near,0.0627964800901812,0.0628900572013826,0.0610258384034495,False,1,-2.901462287213099,-3.0548024356642465,0.15334014845114718,0.14879476242446385,9.357711120140666e-05,-0.0017706416867316957,TabReD_gap,1.0,0.0437974647176086,DAUC >= 0.95,source::tabred_homesite,tabred_homesite
tabicl,target_sensitivity_m20,loose_regularization_sensitivity,target_enc_ratio,target_enc_standard_m20,tabred_weather__gap_far,1.6452310482197834,1.6452310482197834,1.645231120677258,False,1,4.4040909375118116e-06,4.4040909375118116e-06,0.0,0.0,0.0,7.245747468687114e-08,TabReD_gap,1.0,0.1012016963019497,DAUC >= 0.95,source::tabred_weather,tabred_weather
tabicl,target_sensitivity_m20,loose_regularization_sensitivity,target_enc_ratio,target_enc_standard_m20,tabred_weather__gap_maxdiff,1.7961079826305446,1.7961079826305446,1.796107849888755,False,1,-7.390524436963175e-06,-7.390524436963175e-06,0.0,0.0,0.0,-1.327417895602423e-07,TabReD_gap,1.0,0.2280292319342118,DAUC >= 0.95,source::tabred_weather,tabred_weather
tabicl,target_sensitivity_m20,loose_regularization_sensitivity,target_enc_ratio,target_enc_standard_m20,tabred_weather__gap_near,1.729486604376752,1.7294869490145115,1.7294869490145115,False,1,1.9927167397140736e-05,0.0,1.9927167397140736e-05,1.9927167397140736e-05,3.4463775944182373e-07,3.4463775944182373e-07,TabReD_gap,1.0,0.0948655339805825,DAUC >= 0.95,source::tabred_weather,tabred_weather
tabicl,target_sensitivity_m20,loose_regularization_sensitivity,target_enc_ratio,target_enc_standard_m20,taiwanese_bankruptcy_prediction,0.058424639090695264,0.058426714640716,0.058424639090695264,False,3,0.0,-0.0035525251897791524,0.0035525251897791524,0.003552398989910194,2.0755500207345068e-06,0.0,TabArena_IID,0.4813707690648705,0.0246058424438091,DAUC < 0.55,source::taiwanese_bankruptcy_prediction,
tabicl,target_sensitivity_m20,loose_regularization_sensitivity,target_enc_ratio,target_enc_standard_m20,website_phishing,0.020398855381257564,0.02044537920716213,0.0200714767488947,True,3,,,,,4.652382590456666e-05,-0.00032737863236286316,TabArena_IID,0.4974870109756609,0.0,DAUC < 0.55,source::website_phishing,
tabicl,target_sensitivity_m20,loose_regularization_sensitivity,target_enc_ratio,target_enc_standard_m20,wine_quality,0.09918435520923746,0.0991841841530211,0.09874133671770506,False,3,-0.44866568172857735,-0.44849244504570035,-0.00017323668287699484,-0.00017246319846141124,-1.7105621635815638e-07,-0.00044301849153240147,TabArena_IID,0.4933509159780399,0.021301046461716,DAUC < 0.55,source::wine_quality,
tabpfn,target_sensitivity_m20,loose_regularization_sensitivity,target_enc_ratio,target_enc_standard_m20,Another-Dataset-on-used-Fiat-500,717.6812986343651,717.6812986343651,723.6962113966459,False,3,0.8311377989215597,0.8311377989215597,0.0,0.0,0.0,6.014912762280801,TabArena_IID,0.5250604059451488,0.0313157709499172,DAUC < 0.55,source::Another-Dataset-on-used-Fiat-500,
tabpfn,target_sensitivity_m20,loose_regularization_sensitivity,target_enc_ratio,target_enc_standard_m20,Bank_Customer_Churn,0.12934985536573596,0.12934985536573596,0.12787327021734088,False,3,-1.1547254135953402,-1.1547254135953402,0.0,0.0,0.0,-0.0014765851483950765,TabArena_IID,0.4985240625,0.0158125,DAUC < 0.55,source::Bank_Customer_Churn,
tabpfn,target_sensitivity_m20,loose_regularization_sensitivity,target_enc_ratio,target_enc_standard_m20,E-CommereShippingData,0.256903434595214,0.25693794178781154,0.25506745139171844,False,3,-0.7198030142528605,-0.7333316681086486,0.013528653855788024,0.013430166194007744,3.450719259756596e-05,-0.0018359832034955392,TabArena_IID,0.500688337854552,0.0144240392331084,DAUC < 0.55,source::E-CommereShippingData,
tabpfn,target_sensitivity_m20,loose_regularization_sensitivity,target_enc_ratio,target_enc_standard_m20,Fitness_Club,0.17880702913437618,0.17903111546340933,0.17749400775030552,False,3,-0.739755330736455,-0.8660054120058946,0.12625008126943968,0.12516613575976152,0.0002240863290331463,-0.0013130213840706617,TabArena_IID,0.5044166666666666,0.0338611518035256,DAUC < 0.55,source::Fitness_Club,
tabpfn,target_sensitivity_m20,loose_regularization_sensitivity,target_enc_ratio,target_enc_standard_m20,Is-this-a-good-customer,0.25151973108751097,0.2496491284310537,0.26227783349590816,False,3,4.101796276491294,4.815010440084139,-0.7132141635928452,-0.749292684582268,-0.0018706026564572764,0.010758102408397197,TabArena_IID,0.5089344102652231,0.0467264045771018,DAUC < 0.55,source::Is-this-a-good-customer,
tabpfn,target_sensitivity_m20,loose_regularization_sensitivity,target_enc_ratio,target_enc_standard_m20,MIC,0.13750786078815272,0.13774351238331659,0.13100575673892498,False,3,-4.963220098934636,-5.143098908102912,0.17987880916827545,0.17107999577365796,0.00023565159516386602,-0.0065021040492277415,TabArena_IID,0.5315440298650391,0.1023684174323937,DAUC < 0.55,source::MIC,
tabpfn,target_sensitivity_m20,loose_regularization_sensitivity,target_enc_ratio,target_enc_standard_m20,Marketing_Campaign,0.07634165765294126,0.0769053303149277,0.07925134966343557,False,3,3.671473133077453,2.960226366454244,0.7112467666232092,0.7329435549892274,0.0005636726619864391,0.0029096920104943053,TabArena_IID,0.4893010633270867,0.0318521792685864,DAUC < 0.55,source::Marketing_Campaign,
tabpfn,target_sensitivity_m20,loose_regularization_sensitivity,target_enc_ratio,target_enc_standard_m20,NATICUSdroid,0.015609085225328466,0.015609085225328466,0.0150456938233939,True,3,,,,,0.0,-0.0005633914019345654,TabArena_IID,0.4909448935914827,0.0,DAUC < 0.55,source::NATICUSdroid,
tabpfn,target_sensitivity_m20,loose_regularization_sensitivity,target_enc_ratio,target_enc_standard_m20,QSAR_fish_toxicity,0.8558717334200979,0.8564101088958572,0.8558717334200979,False,3,0.0,-0.06290375703937909,0.06290375703937909,0.0628642130875138,0.0005383754757593007,0.0,TabArena_IID,0.4678368023195609,0.045171150688392,DAUC < 0.55,source::QSAR_fish_toxicity,
tabpfn,target_sensitivity_m20,loose_regularization_sensitivity,target_enc_ratio,target_enc_standard_m20,airfoil_self_noise,1.3807250864637635,1.3730374794086704,1.3448544874649973,False,3,-2.667247596904035,-2.095616455635811,-0.5716311412682236,-0.5598978302037264,-0.007687607055093082,-0.03587059899876621,TabArena_IID,0.5474124587140708,0.0529488504762273,DAUC < 0.55,source::airfoil_self_noise,
tabpfn,target_sensitivity_m20,loose_regularization_sensitivity,target_enc_ratio,target_enc_standard_m20,anneal,8.7005532912e-05,8.294445428946666e-05,0.00031553350266796666,True,3,,,,,-4.06107862253333e-06,0.00022852796975596668,TabArena_IID,0.43732935660019,0.0336531517590013,DAUC < 0.55,source::anneal,
tabpfn,target_sensitivity_m20,loose_regularization_sensitivity,target_enc_ratio,target_enc_standard_m20,bike_sharing,124.5227215540987,124.55304508996896,124.84424498341258,False,1,0.25753964818851205,0.23325055430653505,0.02428909388197703,0.024345880783856185,0.030323535870266483,0.3215234293138849,real_shift,0.724417889739124,0.0462872471556019,0.55 <= DAUC < 0.75,source::bike_sharing,
tabpfn,target_sensitivity_m20,loose_regularization_sensitivity,target_enc_ratio,target_enc_standard_m20,blood-transfusion-service-center,0.25116612151848544,0.25116612151848544,0.25116612151848544,False,3,0.0,0.0,0.0,0.0,0.0,0.0,TabArena_IID,0.5146430905695611,0.0393868450390189,DAUC < 0.55,source::blood-transfusion-service-center,
tabpfn,target_sensitivity_m20,loose_regularization_sensitivity,target_enc_ratio,target_enc_standard_m20,churn,0.07516736123658914,0.07520387057352894,0.07264049721075806,False,3,-3.4785885599043618,-3.528848866953021,0.05026030704865892,0.04854715144495563,3.650933693979952e-05,-0.002526864025831077,TabArena_IID,0.4777912499999999,0.0261333333333333,DAUC < 0.55,source::churn,
tabpfn,target_sensitivity_m20,loose_regularization_sensitivity,target_enc_ratio,target_enc_standard_m20,coil2000_insurance_policies,0.24229224317232237,0.24175930139613977,0.2412882176093861,False,3,-0.4161104810188693,-0.19523696242652674,-0.22087351859234258,-0.22044313211731884,-0.0005329417761825994,-0.0010040255629362727,TabArena_IID,0.4998567392475893,0.009434077843747,DAUC < 0.55,source::coil2000_insurance_policies,
tabpfn,target_sensitivity_m20,loose_regularization_sensitivity,target_enc_ratio,target_enc_standard_m20,concrete_compressive_strength,4.1195335588295805,4.1195335588295805,4.1195335588295805,False,3,0.0,0.0,0.0,0.0,0.0,0.0,TabArena_IID,0.5128188681237462,0.0502123786407767,DAUC < 0.55,source::concrete_compressive_strength,
tabpfn,target_sensitivity_m20,loose_regularization_sensitivity,target_enc_ratio,target_enc_standard_m20,credit-g,0.21975077338811247,0.21797473191250008,0.22838866268050817,False,3,3.78210073609442,4.55974068317747,-0.7776399470830497,-0.8147923660827492,-0.0017760414756123888,0.0086378892923957,TabArena_IID,0.4666875,0.0366071428571428,DAUC < 0.55,source::credit-g,
tabpfn,target_sensitivity_m20,loose_regularization_sensitivity,target_enc_ratio,target_enc_standard_m20,diabetes,0.1525099118130329,0.1525433790151748,0.1525099118130329,False,3,0.0,-0.021944280043222464,0.021944280043222464,0.021939465585454405,3.346720214192356e-05,0.0,TabArena_IID,0.5164146241145119,0.0782684335208765,DAUC < 0.55,source::diabetes,
tabpfn,target_sensitivity_m20,loose_regularization_sensitivity,target_enc_ratio,target_enc_standard_m20,gas_sensor_drift,0.0456067237637936,0.0456067237637936,0.0456067237637936,False,1,0.0,0.0,0.0,0.0,0.0,0.0,real_shift,0.9997012367140782,0.2156844866039522,DAUC >= 0.95,source::gas_sensor_drift,
tabpfn,target_sensitivity_m20,loose_regularization_sensitivity,target_enc_ratio,target_enc_standard_m20,hazelnut-spread-contaminant-detection,0.0124041666666666,0.0124041666666666,0.0124041666666666,True,3,,,,,0.0,0.0,TabArena_IID,0.5092881944444444,0.0430034722222222,DAUC < 0.55,source::hazelnut-spread-contaminant-detection,
tabpfn,target_sensitivity_m20,loose_regularization_sensitivity,target_enc_ratio,target_enc_standard_m20,healthcare_insurance_expenses,5285.059820452993,5289.928506772981,5305.039761741123,False,3,0.37662189513112887,0.2848471575485889,0.09177473758253997,0.09203690208201637,4.868686319987319,19.97994128812934,TabArena_IID,0.5250682484635931,0.0656832659134235,DAUC < 0.55,source::healthcare_insurance_expenses,
tabpfn,target_sensitivity_m20,loose_regularization_sensitivity,target_enc_ratio,target_enc_standard_m20,heloc,0.19813142890480717,0.19813142890480717,0.19813142890480717,False,3,0.0,0.0,0.0,0.0,0.0,0.0,TabArena_IID,0.5007809088419239,0.0177986239441687,DAUC < 0.55,source::heloc,
tabpfn,target_sensitivity_m20,loose_regularization_sensitivity,target_enc_ratio,target_enc_standard_m20,jm1,0.2637242968115845,0.2637242968115845,0.2637242968115845,False,3,0.0,0.0,0.0,0.0,0.0,0.0,TabArena_IID,0.5013936268693818,0.0156089518163831,DAUC < 0.55,source::jm1,
tabpfn,target_sensitivity_m20,loose_regularization_sensitivity,target_enc_ratio,target_enc_standard_m20,maternal_health_risk,0.046240223808542334,0.046240223808542334,0.046240223808542334,False,3,0.0,0.0,0.0,0.0,0.0,0.0,TabArena_IID,0.4809925428071595,0.03878222065645,DAUC < 0.55,source::maternal_health_risk,
tabpfn,target_sensitivity_m20,loose_regularization_sensitivity,target_enc_ratio,target_enc_standard_m20,online_shoppers_intention,0.06619622074252703,0.06613293239144563,0.06716734616781866,False,3,1.4458296787031997,1.540054558339307,-0.09422487963610741,-0.09569869169990285,-6.328835108139474e-05,0.0009711254252916385,TabArena_IID,0.5085433381403395,0.0162298164122981,DAUC < 0.55,source::online_shoppers_intention,
tabpfn,target_sensitivity_m20,loose_regularization_sensitivity,target_enc_ratio,target_enc_standard_m20,polish_companies_bankruptcy,0.03608486251999544,0.03608486251999544,0.03608486251999544,False,3,0.0,0.0,0.0,0.0,0.0,0.0,TabArena_IID,0.4797271737327021,0.028469599510753,DAUC < 0.55,source::polish_companies_bankruptcy,
tabpfn,target_sensitivity_m20,loose_regularization_sensitivity,target_enc_ratio,target_enc_standard_m20,qsar-biodeg,0.06092105861039393,0.0610909963752723,0.06174120190012424,False,3,1.3283565341941637,1.0531144597796245,0.2752420744145393,0.27817153911596104,0.00016993776487837092,0.0008201432897303115,TabArena_IID,0.5242964850267431,0.0520357221163414,DAUC < 0.55,source::qsar-biodeg,
tabpfn,target_sensitivity_m20,loose_regularization_sensitivity,target_enc_ratio,target_enc_standard_m20,seismic-bumps,0.22687857916940926,0.22687857916940926,0.22500151538162685,False,3,-0.8342449536834027,-0.8342449536834027,0.0,0.0,0.0,-0.001877063787782407,TabArena_IID,0.5032746248400783,0.0270932551506253,DAUC < 0.55,source::seismic-bumps,
tabpfn,target_sensitivity_m20,loose_regularization_sensitivity,target_enc_ratio,target_enc_standard_m20,splice,0.004518049958092934,0.004536350996294299,0.0047421837540313,True,3,,,,,1.8301038201365763e-05,0.00022413379593836606,TabArena_IID,0.4935215615848055,0.0,DAUC < 0.55,source::splice,
tabpfn,target_sensitivity_m20,loose_regularization_sensitivity,target_enc_ratio,target_enc_standard_m20,students_dropout_and_academic_success,0.09811944355830293,0.09872441027022079,0.09889409217793484,False,3,0.7833113207997505,0.1715794179178551,0.6117319028818954,0.612783312923307,0.0006049667119178564,0.0007746486196319041,TabArena_IID,0.4990070724969652,0.0241838594407484,DAUC < 0.55,source::students_dropout_and_academic_success,
tabpfn,target_sensitivity_m20,loose_regularization_sensitivity,target_enc_ratio,target_enc_standard_m20,synthetic_large_test,0.2452636033506503,0.2446942904833691,0.2439493342287154,False,1,-0.5387467549727832,-0.3053733501708474,-0.2333734048019359,-0.23266291426603658,-0.0005693128672812076,-0.0013142691219349134,synthetic,0.64072835,0.0878719999999999,0.55 <= DAUC < 0.75,source::synthetic_generator,
tabpfn,target_sensitivity_m20,loose_regularization_sensitivity,target_enc_ratio,target_enc_standard_m20,synthetic_shift_0.0,0.2434520300390268,0.2434429057059848,0.2422123920007034,False,1,-0.5117979423281478,-0.5080308629617232,-0.0037670793664246654,-0.003748038175736337,-9.124333041982124e-06,-0.0012396380383233874,synthetic,0.49784605,0.011,DAUC < 0.55,source::synthetic_generator,
tabpfn,target_sensitivity_m20,loose_regularization_sensitivity,target_enc_ratio,target_enc_standard_m20,synthetic_shift_0.5,0.2414888028920808,0.2415073029891303,0.2407155594914597,False,1,-0.32122701260137376,-0.32891247219052355,0.007685459589149784,0.007660264025367626,1.8500097049511943e-05,-0.0007732434006210986,synthetic,0.5719888750000001,0.04362,0.55 <= DAUC < 0.75,source::synthetic_generator,
tabpfn,target_sensitivity_m20,loose_regularization_sensitivity,target_enc_ratio,target_enc_standard_m20,synthetic_shift_1.0,0.2436325081537078,0.2435900777923377,0.2432389244424748,False,1,-0.1618095097793747,-0.1443656070539631,-0.017443902725411596,-0.017418756032523994,-4.2430361370082714e-05,-0.00039358371123299207,synthetic,0.643362075,0.08208,0.55 <= DAUC < 0.75,source::synthetic_generator,
tabpfn,target_sensitivity_m20,loose_regularization_sensitivity,target_enc_ratio,target_enc_standard_m20,synthetic_shift_3.0,0.2509838158567775,0.2509397851662404,0.2518339846547315,False,1,0.3375909725288332,0.355074987086069,-0.01748401455723578,-0.017546317140556694,-4.403069053710018e-05,0.0008501687979540207,synthetic,0.8405509999999999,0.20872,0.75 <= DAUC < 0.95,source::synthetic_generator,
tabpfn,target_sensitivity_m20,loose_regularization_sensitivity,target_enc_ratio,target_enc_standard_m20,synthetic_shift_5.0,0.2607162888326535,0.2603414156441719,0.2605052599197843,False,1,-0.08100754392990277,0.0628948051424535,-0.14390234907235627,-0.14399291313449114,-0.000374873188481617,-0.00021102891286922665,synthetic,0.93479215,0.30666,0.75 <= DAUC < 0.95,source::synthetic_generator,
tabpfn,target_sensitivity_m20,loose_regularization_sensitivity,target_enc_ratio,target_enc_standard_m20,tabred_delivery_eta__gap_far,0.5501203697874781,0.5501203697874781,0.5502068249923597,False,1,0.015713219275823687,0.015713219275823687,0.0,0.0,0.0,8.645520488159697e-05,TabReD_gap,0.999999625,0.2379337040655923,DAUC >= 0.95,source::tabred_delivery_eta,tabred_delivery_eta
tabpfn,target_sensitivity_m20,loose_regularization_sensitivity,target_enc_ratio,target_enc_standard_m20,tabred_delivery_eta__gap_maxdiff,0.5482974762144834,0.5483013897097069,0.5487472365967985,False,1,0.08196130245763833,0.08124813344967932,0.0007131690079590096,0.0007137489156304767,3.913495223439867e-06,0.00044976038231503424,TabReD_gap,1.0,0.2496496029927623,DAUC >= 0.95,source::tabred_delivery_eta,tabred_delivery_eta
tabpfn,target_sensitivity_m20,loose_regularization_sensitivity,target_enc_ratio,target_enc_standard_m20,tabred_delivery_eta__gap_near,0.5659921381930072,0.5659585959569571,0.5658953500066907,False,1,-0.017103548618200827,-0.011176262583826303,-0.005927286034374524,-0.005926623659352,-3.354223605012141e-05,-9.678818631653208e-05,TabReD_gap,0.946211,0.1571228260314691,0.75 <= DAUC < 0.95,source::tabred_delivery_eta,tabred_delivery_eta
tabpfn,target_sensitivity_m20,loose_regularization_sensitivity,target_enc_ratio,target_enc_standard_m20,tabred_homesite__gap_far,0.1010319521080482,0.101942362466736,0.0816863083666887,False,1,-23.68284738063712,-24.797367521027088,1.1145201403899692,0.8930638222013648,0.0009104103586878021,-0.019345643741359497,TabReD_gap,1.0,0.0830990647492541,DAUC >= 0.95,source::tabred_homesite,tabred_homesite
tabpfn,target_sensitivity_m20,loose_regularization_sensitivity,target_enc_ratio,target_enc_standard_m20,tabred_homesite__gap_near,0.0483641771628992,0.04825283396247,0.0496741211007164,False,1,2.637075219028501,2.8612225173842134,-0.2241472983557128,-0.23074955662873847,-0.00011134320042920087,0.0013099439378171998,TabReD_gap,1.0,0.0437974647176086,DAUC >= 0.95,source::tabred_homesite,tabred_homesite
tabpfn,target_sensitivity_m20,loose_regularization_sensitivity,target_enc_ratio,target_enc_standard_m20,tabred_sberbank__gap_far,0.4051722204824687,0.4006066460652813,0.3928951293056008,False,1,-3.124775610877728,-1.9627417558751055,-1.1620338550026228,-1.1396651708178163,-0.004565574417187412,-0.012277091176867927,TabReD_gap,1.0,0.235749592588427,DAUC >= 0.95,source::tabred_sberbank,tabred_sberbank
tabpfn,target_sensitivity_m20,loose_regularization_sensitivity,target_enc_ratio,target_enc_standard_m20,tabred_sberbank__gap_near,0.2564677801698364,0.2588664676857147,0.2477424059564321,False,1,-3.5219542571725664,-4.490172639737288,0.9682183825647223,0.9266119081867722,0.002398687515878295,-0.008725374213404302,TabReD_gap,1.0,0.2265311490062835,DAUC >= 0.95,source::tabred_sberbank,tabred_sberbank
tabpfn,target_sensitivity_m20,loose_regularization_sensitivity,target_enc_ratio,target_enc_standard_m20,tabred_weather__gap_far,1.6156473980942971,1.6156473980942971,1.6156473980942971,False,1,0.0,0.0,0.0,0.0,0.0,0.0,TabReD_gap,1.0,0.1012016963019497,DAUC >= 0.95,source::tabred_weather,tabred_weather
tabpfn,target_sensitivity_m20,loose_regularization_sensitivity,target_enc_ratio,target_enc_standard_m20,tabred_weather__gap_maxdiff,1.7468705124362365,1.7468705124362365,1.7468705124362365,False,1,0.0,0.0,0.0,0.0,0.0,0.0,TabReD_gap,1.0,0.2280292319342118,DAUC >= 0.95,source::tabred_weather,tabred_weather
tabpfn,target_sensitivity_m20,loose_regularization_sensitivity,target_enc_ratio,target_enc_standard_m20,tabred_weather__gap_near,1.6838261915156958,1.6838261915156958,1.6838261915156958,False,1,0.0,0.0,0.0,0.0,0.0,0.0,TabReD_gap,1.0,0.0948655339805825,DAUC >= 0.95,source::tabred_weather,tabred_weather
tabpfn,target_sensitivity_m20,loose_regularization_sensitivity,target_enc_ratio,target_enc_standard_m20,taiwanese_bankruptcy_prediction,0.05860884184002716,0.05860884184002716,0.05860884184002716,False,3,0.0,0.0,0.0,0.0,0.0,0.0,TabArena_IID,0.4813707690648705,0.0246058424438091,DAUC < 0.55,source::taiwanese_bankruptcy_prediction,
tabpfn,target_sensitivity_m20,loose_regularization_sensitivity,target_enc_ratio,target_enc_standard_m20,tschalzev_mbgm,7.901981670465076,7.898424084843453,7.946489378341723,False,1,0.5600927121094984,0.6048619863417053,-0.044769274232206974,-0.04504171444085629,-0.003557585621623005,0.04450770787664737,tschalzev_IID,0.5283598093648937,0.0054825547828749,DAUC < 0.55,source::tschalzev_mbgm,
tabpfn,target_sensitivity_m20,loose_regularization_sensitivity,target_enc_ratio,target_enc_standard_m20,website_phishing,0.0192821681060126,0.0192821681060126,0.019962495978092933,True,3,,,,,0.0,0.000680327872080333,TabArena_IID,0.4974870109756609,0.0,DAUC < 0.55,source::website_phishing,
tabpfn,target_sensitivity_m20,loose_regularization_sensitivity,target_enc_ratio,target_enc_standard_m20,wine_quality,0.11001390227347256,0.11001390227347256,0.10840946031599134,False,3,-1.4799833453691202,-1.4799833453691202,0.0,0.0,0.0,-0.0016044419574812174,TabArena_IID,0.4933509159780399,0.021301046461716,DAUC < 0.55,source::wine_quality,
bag8,scaling_train_only,closer_pair_but_cat_encoding_also_differs,joint_scaling,train_only_scaling,APSFailure,0.0079726614603654,0.007911643090807866,0.007795399190903867,True,3,,,,,-6.101836955753337e-05,-0.00017726226946153216,TabArena_IID,0.5018079,0.0059871498851508,DAUC < 0.55,source::APSFailure,
bag8,scaling_train_only,closer_pair_but_cat_encoding_also_differs,joint_scaling,train_only_scaling,Amazon_employee_access,0.15525080906850117,0.15525080906850117,0.15525080906850117,False,3,0.0,0.0,0.0,0.0,0.0,0.0,TabArena_IID,0.4973770565852067,0.0,DAUC < 0.55,source::Amazon_employee_access,
bag8,scaling_train_only,closer_pair_but_cat_encoding_also_differs,joint_scaling,train_only_scaling,Another-Dataset-on-used-Fiat-500,746.6773549752951,747.5528816954092,748.4780342430635,False,3,0.2405787725740545,0.12360450211340059,0.11697427046065391,0.11711903486057335,0.8755267201140668,1.8006792677683734,TabArena_IID,0.5250604059451488,0.0313157709499172,DAUC < 0.55,source::Another-Dataset-on-used-Fiat-500,
bag8,scaling_train_only,closer_pair_but_cat_encoding_also_differs,joint_scaling,train_only_scaling,Bank_Customer_Churn,0.13392215404539973,0.13386790655149883,0.1341471949045324,False,3,0.16775666408292536,0.20819544771869622,-0.040438783635770845,-0.04052315099140713,-5.424749390089967e-05,0.00022504085913266358,TabArena_IID,0.4985240625,0.0158125,DAUC < 0.55,source::Bank_Customer_Churn,
bag8,scaling_train_only,closer_pair_but_cat_encoding_also_differs,joint_scaling,train_only_scaling,Bioresponse,0.12559902735040573,0.12500465157649035,0.12509248702085657,False,3,-0.40493265551967994,0.07021640264580725,-0.4751490581654872,-0.47548292517073715,-0.0005943757739153843,-0.0005065403295491655,TabArena_IID,0.5301520014716704,0.0098021704294174,DAUC < 0.55,source::Bioresponse,
bag8,scaling_train_only,closer_pair_but_cat_encoding_also_differs,joint_scaling,train_only_scaling,Diabetes130US,0.3529402335997825,0.3529402335997825,0.3529402335997825,False,3,0.0,0.0,0.0,0.0,0.0,0.0,TabArena_IID,0.5012846750000001,0.0039252033937267,DAUC < 0.55,source::diabetes_130_us,
bag8,scaling_train_only,closer_pair_but_cat_encoding_also_differs,joint_scaling,train_only_scaling,E-CommereShippingData,0.25986981804607767,0.25974085912115225,0.25874591438248,False,3,-0.43436576236573776,-0.38452577736222643,-0.04983998500351136,-0.049649071525275666,-0.00012895892492542638,-0.0011239036635976585,TabArena_IID,0.500688337854552,0.0144240392331084,DAUC < 0.55,source::E-CommereShippingData,
bag8,scaling_train_only,closer_pair_but_cat_encoding_also_differs,joint_scaling,train_only_scaling,Fitness_Club,0.1980891303671031,0.19778407633767495,0.19806031347407185,False,3,-0.01454955438865321,0.13947122043360222,-0.1540207748222554,-0.15423588949968725,-0.0003050540294281534,-2.8816893031247126e-05,TabArena_IID,0.5044166666666666,0.0338611518035256,DAUC < 0.55,source::Fitness_Club,
bag8,scaling_train_only,closer_pair_but_cat_encoding_also_differs,joint_scaling,train_only_scaling,Food_Delivery_Time,7.609661858594641,7.60749313278707,7.61254331638673,False,3,0.03785144691244545,0.06634029377263038,-0.028488846860184942,-0.028507758991247727,-0.0021687258075706595,0.002881457792089037,TabArena_IID,0.4998231287092426,0.0079414057802949,DAUC < 0.55,source::Food_Delivery_Time,
bag8,scaling_train_only,closer_pair_but_cat_encoding_also_differs,joint_scaling,train_only_scaling,GiveMeSomeCredit,0.13455119458493603,0.13448909341349244,0.13467859812932512,False,3,0.09459821096945802,0.1407088568375994,-0.04611064586814139,-0.046175619053849745,-6.21011714435904e-05,0.00012740354438908752,TabArena_IID,0.5044638750000001,0.0040447365644625,DAUC < 0.55,source::GiveMeSomeCredit,
bag8,scaling_train_only,closer_pair_but_cat_encoding_also_differs,joint_scaling,train_only_scaling,HR_Analytics_Job_Change_of_Data_Scientists,0.19807026886791287,0.19807026886791287,0.19807157913220882,False,3,0.0006615105012496657,0.0006615105012496657,0.0,0.0,0.0,1.3102642959506028e-06,TabArena_IID,0.5006432616140332,0.0155574144065088,DAUC < 0.55,source::HR_Analytics_Job_Change_of_Data_Scientists,
bag8,scaling_train_only,closer_pair_but_cat_encoding_also_differs,joint_scaling,train_only_scaling,Is-this-a-good-customer,0.2816153067626545,0.2816252291694335,0.2816658347110213,False,3,0.01793896956605909,0.014416211192053618,0.0035227583740054737,0.0035232662955154937,9.922406778994919e-06,5.0527948366796416e-05,TabArena_IID,0.5089344102652231,0.0467264045771018,DAUC < 0.55,source::Is-this-a-good-customer,
bag8,scaling_train_only,closer_pair_but_cat_encoding_also_differs,joint_scaling,train_only_scaling,MIC,0.17446543269951184,0.174141977302693,0.17328258022548715,False,3,-0.6826147628258329,-0.49595122376845857,-0.18666353905737423,-0.18574234761133954,-0.00032345539681882807,-0.0011828524740246926,TabArena_IID,0.5315440298650391,0.1023684174323937,DAUC < 0.55,source::MIC,
bag8,scaling_train_only,closer_pair_but_cat_encoding_also_differs,joint_scaling,train_only_scaling,Marketing_Campaign,0.0894088091848454,0.09009830048865851,0.09077602790089785,False,3,1.5061451218653001,0.7465929363853996,0.7595521854799006,0.7652656044271406,0.000689491303813114,0.0013672187160524568,TabArena_IID,0.4893010633270867,0.0318521792685864,DAUC < 0.55,source::Marketing_Campaign,
bag8,scaling_train_only,closer_pair_but_cat_encoding_also_differs,joint_scaling,train_only_scaling,NATICUSdroid,0.015374123980250199,0.015374123980250199,0.015374123980250199,True,3,,,,,0.0,0.0,TabArena_IID,0.4909448935914827,0.0,DAUC < 0.55,source::NATICUSdroid,
bag8,scaling_train_only,closer_pair_but_cat_encoding_also_differs,joint_scaling,train_only_scaling,QSAR-TID-11,0.7712617761086863,0.7712617761086863,0.7712617761086863,False,3,0.0,0.0,0.0,0.0,0.0,0.0,TabArena_IID,0.5050515529554785,0.0053456712564641,DAUC < 0.55,source::QSAR-TID-11,
bag8,scaling_train_only,closer_pair_but_cat_encoding_also_differs,joint_scaling,train_only_scaling,QSAR_fish_toxicity,0.8907866397155856,0.8866980782155958,0.8879213450978166,False,3,-0.3226968957991785,0.13776748233100455,-0.46046437813018304,-0.46109962347247885,-0.004088561499989818,-0.0028652946177689653,TabArena_IID,0.4678368023195609,0.045171150688392,DAUC < 0.55,source::QSAR_fish_toxicity,
bag8,scaling_train_only,closer_pair_but_cat_encoding_also_differs,joint_scaling,train_only_scaling,SDSS17,0.007056862543071934,0.007047081408261734,0.006966283496635968,True,3,,,,,-9.781134810200702e-06,-9.057904643596654e-05,TabArena_IID,0.503639075,0.0056937685466399,DAUC < 0.55,source::SDSS17,
bag8,scaling_train_only,closer_pair_but_cat_encoding_also_differs,joint_scaling,train_only_scaling,airfoil_self_noise,1.5191985317946408,1.5191985317946408,1.5191985317946408,False,3,0.0,0.0,0.0,0.0,0.0,0.0,TabArena_IID,0.5474124587140708,0.0529488504762273,DAUC < 0.55,source::airfoil_self_noise,
bag8,scaling_train_only,closer_pair_but_cat_encoding_also_differs,joint_scaling,train_only_scaling,anneal,0.0031052924080680667,0.0030267903851057334,0.005311829229791567,True,3,,,,,-7.850202296233325e-05,0.0022065368217235007,TabArena_IID,0.43732935660019,0.0336531517590013,DAUC < 0.55,source::anneal,
bag8,scaling_train_only,closer_pair_but_cat_encoding_also_differs,joint_scaling,train_only_scaling,bank-marketing,0.23756382355211036,0.2379173445637851,0.23769053892853007,False,3,0.05331107287269933,-0.09542055661005364,0.14873162948275295,0.1485898442263262,0.00035352101167474004,0.00012671537641970043,TabArena_IID,0.4965386712119099,0.0053437601561689,DAUC < 0.55,source::bank-marketing,
bag8,scaling_train_only,closer_pair_but_cat_encoding_also_differs,joint_scaling,train_only_scaling,bike_sharing,124.5295491522315,124.5295491522315,124.5295491522315,False,1,0.0,0.0,0.0,0.0,0.0,0.0,real_shift,0.724417889739124,0.0462872471556019,0.55 <= DAUC < 0.75,source::bike_sharing,
bag8,scaling_train_only,closer_pair_but_cat_encoding_also_differs,joint_scaling,train_only_scaling,blood-transfusion-service-center,0.2943193081573991,0.2943193081573991,0.2943193081573991,False,3,0.0,0.0,0.0,0.0,0.0,0.0,TabArena_IID,0.5146430905695611,0.0393868450390189,DAUC < 0.55,source::blood-transfusion-service-center,
bag8,scaling_train_only,closer_pair_but_cat_encoding_also_differs,joint_scaling,train_only_scaling,brfss_diabetes,0.1760412555123482,0.1761759735598,0.1762096282165715,False,1,0.09555249955828253,0.01909921558323074,0.07645328397505179,0.07646788874197456,0.00013471804745179838,0.00016837270422329076,real_shift,0.6218414250000001,0.0278607379887395,0.55 <= DAUC < 0.75,source::brfss_diabetes,
bag8,scaling_train_only,closer_pair_but_cat_encoding_also_differs,joint_scaling,train_only_scaling,churn,0.08315918054105474,0.08231747704584387,0.08373592096225208,False,3,0.6887610652271039,1.6939491440568681,-1.0051880788297642,-1.022508858892886,-0.0008417034952108715,0.0005767404211973332,TabArena_IID,0.4777912499999999,0.0261333333333333,DAUC < 0.55,source::churn,
bag8,scaling_train_only,closer_pair_but_cat_encoding_also_differs,joint_scaling,train_only_scaling,coil2000_insurance_policies,0.2499765245407872,0.2499765245407872,0.2503404243359272,False,3,0.14536197903526443,0.14536197903526443,0.0,0.0,0.0,0.0003638997951399825,TabArena_IID,0.4998567392475893,0.009434077843747,DAUC < 0.55,source::coil2000_insurance_policies,
bag8,scaling_train_only,closer_pair_but_cat_encoding_also_differs,joint_scaling,train_only_scaling,concrete_compressive_strength,4.337164947626374,4.325405396557131,4.340134707907356,False,3,0.06842553240503926,0.33937452041267646,-0.2709489880076372,-0.2718716511197629,-0.011759551069243201,0.002969760280981504,TabArena_IID,0.5128188681237462,0.0502123786407767,DAUC < 0.55,source::concrete_compressive_strength,
bag8,scaling_train_only,closer_pair_but_cat_encoding_also_differs,joint_scaling,train_only_scaling,credit-g,0.2350261668072826,0.23492614602056658,0.23617982954892822,False,3,0.48846793727006527,0.5308173567387211,-0.042349419468655794,-0.04257541717271247,-0.00010002078671603187,0.0011536627416456058,TabArena_IID,0.4666875,0.0366071428571428,DAUC < 0.55,source::credit-g,
bag8,scaling_train_only,closer_pair_but_cat_encoding_also_differs,joint_scaling,train_only_scaling,credit_card_clients_default,0.21594891199053393,0.21604972240565457,0.21600021694556126,False,3,0.023752270137889466,-0.022919171468137434,0.046671441606026896,0.04666074734933359,0.00010081041512063904,5.130495502733701e-05,TabArena_IID,0.5084822083333334,0.0089083333333333,DAUC < 0.55,source::credit_card_clients_default,
bag8,scaling_train_only,closer_pair_but_cat_encoding_also_differs,joint_scaling,train_only_scaling,customer_satisfaction_in_airline,0.005625602747853333,0.0056232336836211675,0.0056408237053047336,True,3,,,,,-2.369064232165055e-06,1.5220957451400965e-05,TabArena_IID,0.4966771,0.0063438979047851,DAUC < 0.55,source::customer_satisfaction_in_airline,
bag8,scaling_train_only,closer_pair_but_cat_encoding_also_differs,joint_scaling,train_only_scaling,diabetes,0.16873936197217343,0.16907391840568672,0.16934535483580615,False,3,0.35784439686596603,0.1602857252167356,0.19755867164923044,0.19787583837179337,0.00033455643351329445,0.0006059928636327205,TabArena_IID,0.5164146241145119,0.0782684335208765,DAUC < 0.55,source::diabetes,
bag8,scaling_train_only,closer_pair_but_cat_encoding_also_differs,joint_scaling,train_only_scaling,diabetes_hospital,0.3461028034487377,0.3461028034487377,0.3461028034487377,False,1,0.0,0.0,0.0,0.0,0.0,0.0,real_shift,0.938254775,0.0569622287584916,0.75 <= DAUC < 0.95,source::diabetes_130_us,
bag8,scaling_train_only,closer_pair_but_cat_encoding_also_differs,joint_scaling,train_only_scaling,diamonds,533.2790226080137,533.4513839413959,533.6157469570486,False,3,0.06310240111072962,0.030801755118736205,0.03230064599199342,0.03231059822333557,0.17236133338212767,0.3367243490348528,TabArena_IID,0.500012025,0.0064925534544555,DAUC < 0.55,source::diamonds,
bag8,scaling_train_only,closer_pair_but_cat_encoding_also_differs,joint_scaling,train_only_scaling,folktables_coverage,0.180270981672025,0.1801576445696431,0.1802445690392519,False,1,-0.014653774543040727,0.04822584673265951,-0.06287962127570024,-0.06290996013665533,-0.00011333710238189965,-2.6412632773087363e-05,Folktables,0.55100065,0.0153198007637392,0.55 <= DAUC < 0.75,source::folktables,
bag8,scaling_train_only,closer_pair_but_cat_encoding_also_differs,joint_scaling,train_only_scaling,folktables_coverage_covid,0.186386645404143,0.1863117533822741,0.1863877343928588,False,1,0.0005842598598889288,0.040765027179606964,-0.040180767319718036,-0.04019715370034941,-7.489202186888866e-05,1.0889887158138656e-06,Folktables,0.6727981749999998,0.0219409140498816,0.55 <= DAUC < 0.75,source::folktables,
bag8,scaling_train_only,closer_pair_but_cat_encoding_also_differs,joint_scaling,train_only_scaling,folktables_employment,0.0923388015557523,0.0923388015557523,0.0923388145690792,False,1,1.4093019238884435e-05,1.4093019238884435e-05,0.0,0.0,0.0,1.3013326902178157e-08,Folktables,0.5412264,0.0268211334088744,DAUC < 0.55,source::folktables,
bag8,scaling_train_only,closer_pair_but_cat_encoding_also_differs,joint_scaling,train_only_scaling,folktables_income,0.11201552865442,0.11201552865442,0.1120155290170952,False,1,3.237722595172791e-07,3.237722595172791e-07,0.0,0.0,0.0,3.6267520930888253e-10,Folktables,0.6541794249999999,0.0202054476966708,0.55 <= DAUC < 0.75,source::folktables,
bag8,scaling_train_only,closer_pair_but_cat_encoding_also_differs,joint_scaling,train_only_scaling,folktables_mobility,0.2594189556662304,0.2596306102047587,0.2597460318536995,False,1,0.1259215338670896,0.04443634734940052,0.08148518651768907,0.08152141165533637,0.0002116545385282831,0.0003270761874690775,Folktables,0.5783444999999999,0.0427119057499453,0.55 <= DAUC < 0.75,source::folktables,
bag8,scaling_train_only,closer_pair_but_cat_encoding_also_differs,joint_scaling,train_only_scaling,folktables_travel_time,0.2080129492789471,0.2080129492789471,0.2080129492789471,False,1,0.0,0.0,0.0,0.0,0.0,0.0,Folktables,0.657996475,0.0224917765156315,0.55 <= DAUC < 0.75,source::folktables,
bag8,scaling_train_only,closer_pair_but_cat_encoding_also_differs,joint_scaling,train_only_scaling,folktables_travel_time_covid,0.2035722517222109,0.2035722517222109,0.2035722517222109,False,1,0.0,0.0,0.0,0.0,0.0,0.0,Folktables,0.788992325,0.0142218987079578,0.75 <= DAUC < 0.95,source::folktables,
bag8,scaling_train_only,closer_pair_but_cat_encoding_also_differs,joint_scaling,train_only_scaling,gas_sensor_drift,0.1283537384947605,0.129667348504991,0.1243783594646005,False,1,-3.196198315585147,-4.252338640867674,1.056140325282528,1.0130615188602716,0.0013136100102305037,-0.003975379030160001,real_shift,0.9997012367140782,0.2156844866039522,DAUC >= 0.95,source::gas_sensor_drift,
bag8,scaling_train_only,closer_pair_but_cat_encoding_also_differs,joint_scaling,train_only_scaling,hazelnut-spread-contaminant-detection,0.0297604166666666,0.029995833333333267,0.0295020833333333,False,3,-0.8756443753970987,-1.673610620718764,0.7979662453216652,0.7848312265592522,0.0002354166666666685,-0.00025833333333329794,TabArena_IID,0.5092881944444444,0.0430034722222222,DAUC < 0.55,source::hazelnut-spread-contaminant-detection,
bag8,scaling_train_only,closer_pair_but_cat_encoding_also_differs,joint_scaling,train_only_scaling,healthcare_insurance_expenses,4607.709743319153,4607.689683410684,4620.357678458792,False,3,0.2737436367449844,0.27417780028523836,-0.00043416354025397437,-0.0004353571930292054,-0.020059908469193033,12.64793513963923,TabArena_IID,0.5250682484635931,0.0656832659134235,DAUC < 0.55,source::healthcare_insurance_expenses,
bag8,scaling_train_only,closer_pair_but_cat_encoding_also_differs,joint_scaling,train_only_scaling,heloc,0.20573895906750608,0.20587971841745012,0.20568240256918216,False,3,-0.02749700393299327,-0.0959322945489181,0.06843529061592483,0.06836970199202763,0.00014075934994403627,-5.6556498323923066e-05,TabArena_IID,0.5007809088419239,0.0177986239441687,DAUC < 0.55,source::heloc,
bag8,scaling_train_only,closer_pair_but_cat_encoding_also_differs,joint_scaling,train_only_scaling,hiva_agnostic,0.5036540337357714,0.5036540337357714,0.5036540337357714,False,3,0.0,0.0,0.0,0.0,0.0,0.0,TabArena_IID,0.496315651907474,0.0,DAUC < 0.55,source::hiva_agnostic,
bag8,scaling_train_only,closer_pair_but_cat_encoding_also_differs,joint_scaling,train_only_scaling,houses,0.2170564746482874,0.2168953966978997,0.2171784423060367,False,3,0.05616011260336305,0.13032859299089244,-0.0741684803875294,-0.07426526926804734,-0.00016107795038769468,0.00012196765774930007,TabArena_IID,0.4876979973585736,0.0143910489341085,DAUC < 0.55,source::houses,
bag8,scaling_train_only,closer_pair_but_cat_encoding_also_differs,joint_scaling,train_only_scaling,in_vehicle_coupon_recommendation,0.16696556735550627,0.16696556735550627,0.1669647312821876,False,3,-0.0005007484588153573,-0.0005007484588153573,0.0,0.0,0.0,-8.360733186607572e-07,TabArena_IID,0.4999967486682508,0.0148968616209672,DAUC < 0.55,source::in_vehicle_coupon_recommendation,
bag8,scaling_train_only,closer_pair_but_cat_encoding_also_differs,joint_scaling,train_only_scaling,jm1,0.25180223003948266,0.25257312648899743,0.2523411082373615,False,3,0.21355149053714856,-0.09194627591858309,0.3054977664557316,0.30521713067061446,0.0007708964495147796,0.0005388781978788448,TabArena_IID,0.5013936268693818,0.0156089518163831,DAUC < 0.55,source::jm1,
bag8,scaling_train_only,closer_pair_but_cat_encoding_also_differs,joint_scaling,train_only_scaling,kddcup09_appetency,0.19971890971051018,0.1990321326861746,0.19833659694940486,False,3,-0.6969529488589232,-0.35068451686057467,-0.34626843199834856,-0.34505836573558174,-0.0006867770243355886,-0.0013823127611053143,TabArena_IID,0.502529275,0.0355100272725716,DAUC < 0.55,source::kddcup09_appetency,
bag8,scaling_train_only,closer_pair_but_cat_encoding_also_differs,joint_scaling,train_only_scaling,lending_club,0.3116189040249282,0.3115595268166287,0.3115974664807988,False,1,-0.006879883964249834,0.01217585771751856,-0.019055741681768393,-0.019058062164301236,-5.937720829951587e-05,-2.1437544129421227e-05,real_shift,0.94616475,0.0622442459135606,0.75 <= DAUC < 0.95,source::lending_club,
bag8,scaling_train_only,closer_pair_but_cat_encoding_also_differs,joint_scaling,train_only_scaling,maternal_health_risk,0.0633901190486134,0.0633901190486134,0.06193628607029456,False,3,-2.3473040935467306,-2.3473040935467306,0.0,0.0,0.0,-0.0014538329783188378,TabArena_IID,0.4809925428071595,0.03878222065645,DAUC < 0.55,source::maternal_health_risk,
bag8,scaling_train_only,closer_pair_but_cat_encoding_also_differs,joint_scaling,train_only_scaling,miami_housing,87681.2791338013,87675.29586629914,87451.21914052036,False,3,-0.2630723682779901,-0.25623053398343715,-0.006841834294552912,-0.0068243482306406525,-5.983267502160743,-230.05999328094185,TabArena_IID,0.5000548768378967,0.0174142973418732,DAUC < 0.55,source::miami_housing,
bag8,scaling_train_only,closer_pair_but_cat_encoding_also_differs,joint_scaling,train_only_scaling,online_shoppers_intention,0.06557171030319263,0.06557155943704003,0.06587676166406567,False,3,0.46306368614266485,0.46329269884575996,-0.00022901270309511862,-0.00023007864063880176,-1.5086615259840563e-07,0.0003050513608730404,TabArena_IID,0.5085433381403395,0.0162298164122981,DAUC < 0.55,source::online_shoppers_intention,
bag8,scaling_train_only,closer_pair_but_cat_encoding_also_differs,joint_scaling,train_only_scaling,physiochemical_protein,3.479994595902404,3.479419949229962,3.4820759024608896,False,3,0.05977200430969308,0.0762749952995217,-0.016502990989828614,-0.016515588253993036,-0.000574646672442114,0.002081306558485707,TabArena_IID,0.5001884949523016,0.0130870811769565,DAUC < 0.55,source::physiochemical_protein,
bag8,scaling_train_only,closer_pair_but_cat_encoding_also_differs,joint_scaling,train_only_scaling,polish_companies_bankruptcy,0.04388806579813643,0.04377351382066206,0.04399807589132929,False,3,0.2500338729915767,0.5103906616777486,-0.26035678868617185,-0.26169244247488005,-0.00011455197747436974,0.00011001009319286381,TabArena_IID,0.4797271737327021,0.028469599510753,DAUC < 0.55,source::polish_companies_bankruptcy,
bag8,scaling_train_only,closer_pair_but_cat_encoding_also_differs,joint_scaling,train_only_scaling,qsar-biodeg,0.07014527641274006,0.06984065176226867,0.06976872366754223,False,3,-0.5397156854870229,-0.10309504165388116,-0.4366206438331417,-0.43617097318665277,-0.0003046246504713884,-0.00037655274519782234,TabArena_IID,0.5242964850267431,0.0520357221163414,DAUC < 0.55,source::qsar-biodeg,
bag8,scaling_train_only,closer_pair_but_cat_encoding_also_differs,joint_scaling,train_only_scaling,seismic-bumps,0.24787875550355243,0.24492736842982996,0.24680305204571742,False,3,-0.43585500621594486,0.7599920666864445,-1.1958470729023893,-1.2050050154227763,-0.0029513870737224723,-0.0010757034578350033,TabArena_IID,0.5032746248400783,0.0270932551506253,DAUC < 0.55,source::seismic-bumps,
bag8,scaling_train_only,closer_pair_but_cat_encoding_also_differs,joint_scaling,train_only_scaling,shifts_weather,2.1672413865241635,2.166756704406285,2.164518455518772,False,1,-0.12579846563325933,-0.10340632032063513,-0.02239214531262419,-0.022369014338005262,-0.00048468211787833226,-0.002722931005391338,real_shift,0.99970015,0.1722711733109805,DAUC >= 0.95,source::shifts_weather,
bag8,scaling_train_only,closer_pair_but_cat_encoding_also_differs,joint_scaling,train_only_scaling,splice,0.0052733804611511,0.0052733804611511,0.0052733804611511,True,3,,,,,0.0,0.0,TabArena_IID,0.4935215615848055,0.0,DAUC < 0.55,source::splice,
bag8,scaling_train_only,closer_pair_but_cat_encoding_also_differs,joint_scaling,train_only_scaling,students_dropout_and_academic_success,0.10595403152863307,0.10579634507022663,0.10631191401496416,False,3,0.33663441171862996,0.4849587645134131,-0.1483243527947831,-0.1490471701094883,-0.0001576864584064419,0.0003578824863310903,TabArena_IID,0.4990070724969652,0.0241838594407484,DAUC < 0.55,source::students_dropout_and_academic_success,
bag8,scaling_train_only,closer_pair_but_cat_encoding_also_differs,joint_scaling,train_only_scaling,superconductivity,9.270198000059557,9.260086538361788,9.267409420567729,False,3,-0.03009017261759022,0.07901757517789655,-0.10910774779548678,-0.10919403027044551,-0.01011146169776822,-0.0027885794918276474,TabArena_IID,0.4966916245247805,0.0148733486354602,DAUC < 0.55,source::superconductivity,
bag8,scaling_train_only,closer_pair_but_cat_encoding_also_differs,joint_scaling,train_only_scaling,synthetic_label_shift,0.2406266092307691,0.2405442927472527,0.2403954804395605,False,1,-0.09614523151016786,-0.06190312206373495,-0.03424210944643292,-0.03422092562507189,-8.231648351639254e-05,-0.00023112879120859575,synthetic,0.54006835,0.01992,DAUC < 0.55,source::synthetic_generator,
bag8,scaling_train_only,closer_pair_but_cat_encoding_also_differs,joint_scaling,train_only_scaling,synthetic_large_test,0.2541647987777635,0.2545669146843818,0.2541956891847217,False,1,0.012152215113194633,-0.14603925851407948,0.1581914736272741,0.15796078886247636,0.00040211590661831664,3.0890406958195005e-05,synthetic,0.64072835,0.0878719999999999,0.55 <= DAUC < 0.75,source::synthetic_generator,
bag8,scaling_train_only,closer_pair_but_cat_encoding_also_differs,joint_scaling,train_only_scaling,synthetic_partial_shift,0.2413904549816785,0.2414492098786556,0.2414264165740653,False,1,0.014895467073204445,-0.00944109800150972,0.024336565074714163,0.024334267652657126,5.8754896977097903e-05,3.5961592386807295e-05,synthetic,0.5587177999999999,0.026568,0.55 <= DAUC < 0.75,source::synthetic_generator,
bag8,scaling_train_only,closer_pair_but_cat_encoding_also_differs,joint_scaling,train_only_scaling,synthetic_shift_0.0,0.2499567568126165,0.2494264997861009,0.2500728306313826,False,1,0.046416005478489786,0.2584570437539439,-0.21204103827545412,-0.21259049337994584,-0.0005302570265156015,0.00011607381876607703,synthetic,0.49784605,0.011,DAUC < 0.55,source::synthetic_generator,
bag8,scaling_train_only,closer_pair_but_cat_encoding_also_differs,joint_scaling,train_only_scaling,synthetic_shift_0.5,0.2483444536102483,0.2481258087474119,0.248317077510352,False,1,-0.01102465451460544,0.07702602046454927,-0.08805067497915471,-0.08811854919088756,-0.00021864486283637574,-2.7376099896281314e-05,synthetic,0.5719888750000001,0.04362,0.55 <= DAUC < 0.75,source::synthetic_generator,
bag8,scaling_train_only,closer_pair_but_cat_encoding_also_differs,joint_scaling,train_only_scaling,synthetic_shift_1.0,0.2496771101635353,0.2497277819608803,0.2497417984176844,False,1,0.025902053464398063,0.005612379222423192,0.02028967424197487,0.02029081303934995,5.0671797344997715e-05,6.468825414909785e-05,synthetic,0.643362075,0.08208,0.55 <= DAUC < 0.75,source::synthetic_generator,
bag8,scaling_train_only,closer_pair_but_cat_encoding_also_differs,joint_scaling,train_only_scaling,synthetic_shift_3.0,0.2583834475703325,0.2582300971867008,0.2581939028132992,False,1,-0.07341178663323095,-0.014018291294742387,-0.059393495338488554,-0.059385170552294655,-0.00015335038363167852,-0.00018954475703331086,synthetic,0.8405509999999999,0.20872,0.75 <= DAUC < 0.95,source::synthetic_generator,
bag8,scaling_train_only,closer_pair_but_cat_encoding_also_differs,joint_scaling,train_only_scaling,synthetic_shift_5.0,0.270283434210137,0.2702319621010838,0.2698973148260011,False,1,-0.14306158784307782,-0.12399059075428089,-0.01907099708879693,-0.019047380129650963,-5.147210905320776e-05,-0.00038611938413590785,synthetic,0.93479215,0.30666,0.75 <= DAUC < 0.95,source::synthetic_generator,
bag8,scaling_train_only,closer_pair_but_cat_encoding_also_differs,joint_scaling,train_only_scaling,synthetic_small_test,0.253395104140714,0.2535302725972121,0.2532289528907427,False,1,-0.06561305414509858,-0.11899101703406381,0.05337796288896524,0.05331452339535025,0.00013516845649813591,-0.00016615124997126918,synthetic,0.6399588,0.0856239999999999,0.55 <= DAUC < 0.75,source::synthetic_generator,
bag8,scaling_train_only,closer_pair_but_cat_encoding_also_differs,joint_scaling,train_only_scaling,tabred_cooking_time,0.4850546621459362,0.4849240820987968,0.484871225589696,False,1,-0.03783201529789852,-0.010901143708110019,-0.0269308715897885,-0.026927936136772603,-0.00013058004713939475,-0.00018343655624020183,TabReD,0.7766422000000001,0.0408288722530207,0.75 <= DAUC < 0.95,source::tabred_cooking_time,
bag8,scaling_train_only,closer_pair_but_cat_encoding_also_differs,joint_scaling,train_only_scaling,tabred_delivery_eta,0.5458049387013308,0.5459304281561707,0.5459188549611448,False,1,0.02086688502855387,-0.0021199478495196864,0.022986832878073554,0.02298634557953476,0.0001254894548398111,0.00011391625981393982,TabReD,0.9451161,0.1211845880844909,0.75 <= DAUC < 0.95,source::tabred_delivery_eta,
bag8,scaling_train_only,closer_pair_but_cat_encoding_also_differs,joint_scaling,train_only_scaling,tabred_delivery_eta__gap_far,0.5581996567914038,0.5566974276287769,0.5576152367232049,False,1,-0.10480704789080605,0.1645954116715697,-0.2694024595623758,-0.2698466147087374,-0.001502229162626878,-0.0005844200681989209,TabReD_gap,0.999999625,0.2379337040655923,DAUC >= 0.95,source::tabred_delivery_eta,tabred_delivery_eta
bag8,scaling_train_only,closer_pair_but_cat_encoding_also_differs,joint_scaling,train_only_scaling,tabred_delivery_eta__gap_maxdiff,0.5532494561218125,0.5534295606770661,0.5533970341678441,False,1,0.02666766117630555,-0.005877608157194127,0.032545269333499674,0.03254335656251973,0.0001801045552535241,0.00014757804603160452,TabReD_gap,1.0,0.2496496029927623,DAUC >= 0.95,source::tabred_delivery_eta,tabred_delivery_eta
bag8,scaling_train_only,closer_pair_but_cat_encoding_also_differs,joint_scaling,train_only_scaling,tabred_delivery_eta__gap_near,0.5720993946272274,0.5728196206407259,0.5743301179802871,False,1,0.38840438333695465,0.263001589551509,0.12540279378544564,0.12573347482282804,0.0007202260134985261,0.002230723353059738,TabReD_gap,0.946211,0.1571228260314691,0.75 <= DAUC < 0.95,source::tabred_delivery_eta,tabred_delivery_eta
bag8,scaling_train_only,closer_pair_but_cat_encoding_also_differs,joint_scaling,train_only_scaling,tabred_ecom_offers,0.4372654104957018,0.4388459774953265,0.4378837069964159,False,1,0.14120107481394834,-0.21975480784867354,0.36095588266262185,0.36016440406852174,0.0015805669996247218,0.0006182965007140995,TabReD,1.0,0.0841283069488731,DAUC >= 0.95,source::tabred_ecom_offers,
bag8,scaling_train_only,closer_pair_but_cat_encoding_also_differs,joint_scaling,train_only_scaling,tabred_homesite,0.0393674971771159,0.0394141546150658,0.0395510583144037,False,1,0.4641118218091997,0.34614421250023353,0.11796760930896616,0.11837736570927906,4.665743794989713e-05,0.00018356113728779794,TabReD,1.0,0.0494244965489931,DAUC >= 0.95,source::tabred_homesite,
bag8,scaling_train_only,closer_pair_but_cat_encoding_also_differs,joint_scaling,train_only_scaling,tabred_homesite__gap_far,0.1027633999032766,0.1051207293915399,0.1040477118497644,False,1,1.2343490535786437,-1.0312745207937264,2.26562357437237,2.2424972713831015,0.002357329488263296,0.0012843119464878011,TabReD_gap,1.0,0.0830990647492541,DAUC >= 0.95,source::tabred_homesite,tabred_homesite
bag8,scaling_train_only,closer_pair_but_cat_encoding_also_differs,joint_scaling,train_only_scaling,tabred_homesite__gap_near,0.0453816440766096,0.0461438228663944,0.0459653482601032,False,1,1.2698787360221975,-0.38828076593975086,1.6581595019619484,1.6517460895938934,0.0007621787897848023,0.0005837041834935996,TabReD_gap,1.0,0.0437974647176086,DAUC >= 0.95,source::tabred_homesite,tabred_homesite
bag8,scaling_train_only,closer_pair_but_cat_encoding_also_differs,joint_scaling,train_only_scaling,tabred_sberbank,0.2522100572767147,0.2570622393585672,0.2552404707830786,False,1,1.187277823562457,-0.7137459705741063,1.9010237941365635,1.8875514715657506,0.0048521820818525074,0.003030413506363905,TabReD,1.0,0.2022915451416207,DAUC >= 0.95,source::tabred_sberbank,
bag8,scaling_train_only,closer_pair_but_cat_encoding_also_differs,joint_scaling,train_only_scaling,tabred_sberbank__gap_far,0.360611798360485,0.3646101896294484,0.3592567871384393,False,1,-0.37717066748792694,-1.490132596700588,1.1129619292126611,1.0966208248395206,0.003998391268963397,-0.0013550112220457322,TabReD_gap,1.0,0.235749592588427,DAUC >= 0.95,source::tabred_sberbank,tabred_sberbank
bag8,scaling_train_only,closer_pair_but_cat_encoding_also_differs,joint_scaling,train_only_scaling,tabred_sberbank__gap_near,0.2478806922694721,0.2478461391976893,0.2477962699761038,False,1,-0.03406923493095509,-0.02012508969175243,-0.013944145239202663,-0.013941339532117592,-3.455307178279465e-05,-8.442229336830254e-05,TabReD_gap,1.0,0.2265311490062835,DAUC >= 0.95,source::tabred_sberbank,tabred_sberbank
bag8,scaling_train_only,closer_pair_but_cat_encoding_also_differs,joint_scaling,train_only_scaling,tabred_weather,1.4962994705473576,1.494304892292654,1.4967328890116611,False,1,0.028957636161102758,0.16221977460589812,-0.13326213844479537,-0.1334786672379357,-0.001994578254703505,0.0004334184643035588,TabReD,0.9948407,0.1103651439849723,DAUC >= 0.95,source::tabred_weather,
bag8,scaling_train_only,closer_pair_but_cat_encoding_also_differs,joint_scaling,train_only_scaling,tabred_weather__gap_far,1.6376149493922998,1.6428295764031955,1.6422974554212553,False,1,0.2851192403360571,-0.03240101116784168,0.31752025150389884,0.3174174050550383,0.0052146270108957005,0.00468250602895548,TabReD_gap,1.0,0.1012016963019497,DAUC >= 0.95,source::tabred_weather,tabred_weather
bag8,scaling_train_only,closer_pair_but_cat_encoding_also_differs,joint_scaling,train_only_scaling,tabred_weather__gap_maxdiff,1.8002002631151752,1.79674609177975,1.7941261827455273,False,1,-0.3385536885902237,-0.1460270219240377,-0.19252666666618604,-0.19224593565158402,-0.003454171335425249,-0.006074080369647961,TabReD_gap,1.0,0.2280292319342118,DAUC >= 0.95,source::tabred_weather,tabred_weather
bag8,scaling_train_only,closer_pair_but_cat_encoding_also_differs,joint_scaling,train_only_scaling,tabred_weather__gap_near,1.6616123411097716,1.667886271883152,1.6630001348379588,False,1,0.08345120960091976,-0.29381459104146374,0.3772658006423835,0.3761605859551004,0.006273930773380343,0.0013877937281872033,TabReD_gap,1.0,0.0948655339805825,DAUC >= 0.95,source::tabred_weather,tabred_weather
bag8,scaling_train_only,closer_pair_but_cat_encoding_also_differs,joint_scaling,train_only_scaling,taiwanese_bankruptcy_prediction,0.06276746362348773,0.0684034736487595,0.06392489016533567,False,3,1.8106038803576674,-7.00600888298813,8.816612763345796,8.239362308136199,0.005636010025271768,0.0011574265418479446,TabArena_IID,0.4813707690648705,0.0246058424438091,DAUC < 0.55,source::taiwanese_bankruptcy_prediction,
bag8,scaling_train_only,closer_pair_but_cat_encoding_also_differs,joint_scaling,train_only_scaling,tschalzev_mbgm,8.085359966984036,8.085359966984036,8.085359966984036,False,1,0.0,0.0,0.0,0.0,0.0,0.0,tschalzev_IID,0.5283598093648937,0.0054825547828749,DAUC < 0.55,source::tschalzev_mbgm,
bag8,scaling_train_only,closer_pair_but_cat_encoding_also_differs,joint_scaling,train_only_scaling,tschalzev_ogpcc,0.0215461258439721,0.0215461258439721,0.0215218443612823,False,1,-0.11282249923468979,-0.11282249923468979,0.0,0.0,0.0,-2.428148268979885e-05,tschalzev_IID,0.498779,0.0040078342527184,DAUC < 0.55,source::tschalzev_ogpcc,
bag8,scaling_train_only,closer_pair_but_cat_encoding_also_differs,joint_scaling,train_only_scaling,tschalzev_sctp,0.1053351744612125,0.1050856300764108,0.1051087392387699,False,1,-0.21542949147950702,0.021985957139691117,-0.23741544861919814,-0.23746765815674112,-0.0002495443848017087,-0.00022643522244260306,tschalzev_IID,0.495618525,0.0048744375,DAUC < 0.55,source::tschalzev_sctp,
bag8,scaling_train_only,closer_pair_but_cat_encoding_also_differs,joint_scaling,train_only_scaling,website_phishing,0.0217334983646367,0.0217334983646367,0.0217334983646367,False,3,0.0,0.0,0.0,0.0,0.0,0.0,TabArena_IID,0.4974870109756609,0.0,DAUC < 0.55,source::website_phishing,
bag8,scaling_train_only,closer_pair_but_cat_encoding_also_differs,joint_scaling,train_only_scaling,wine_quality,0.17132954253897092,0.17731257339356546,0.17220874309318732,False,3,0.5105435057618589,-2.96374632826645,3.474289834028309,3.3742845981455107,0.005983030854594534,0.0008792005542163916,TabArena_IID,0.4933509159780399,0.021301046461716,DAUC < 0.55,source::wine_quality,
tabicl,scaling_train_only,closer_pair_but_cat_encoding_also_differs,joint_scaling,train_only_scaling,Amazon_employee_access,0.15191680621581874,0.15191680621581874,0.15191693415385168,False,3,8.421578124790348e-05,8.421578124790348e-05,0.0,0.0,0.0,1.279380329455293e-07,TabArena_IID,0.4973770565852067,0.0,DAUC < 0.55,source::Amazon_employee_access,
tabicl,scaling_train_only,closer_pair_but_cat_encoding_also_differs,joint_scaling,train_only_scaling,Another-Dataset-on-used-Fiat-500,713.1739552994135,713.1739865854053,713.1740191287946,False,3,8.950042965873408e-06,4.563176515034545e-06,4.3868664508388645e-06,4.386866651019333e-06,3.1285991781260236e-05,6.382938113347336e-05,TabArena_IID,0.5250604059451488,0.0313157709499172,DAUC < 0.55,source::Another-Dataset-on-used-Fiat-500,
tabicl,scaling_train_only,closer_pair_but_cat_encoding_also_differs,joint_scaling,train_only_scaling,Bank_Customer_Churn,0.12615114116815163,0.12615021630376458,0.1261516035655104,False,3,0.00036654100756120054,0.0010996782495044932,-0.0007331372419432927,-0.00073314530418274,-9.248643870474194e-07,4.623973587636332e-07,TabArena_IID,0.4985240625,0.0158125,DAUC < 0.55,source::Bank_Customer_Churn,
tabicl,scaling_train_only,closer_pair_but_cat_encoding_also_differs,joint_scaling,train_only_scaling,E-CommereShippingData,0.2543445615780999,0.2543438916066066,0.25434487065501615,False,3,0.00012151883206109561,0.00038492948847163554,-0.0002634106564105399,-0.0002634116703597352,-6.699714933389167e-07,3.0907691622727995e-07,TabArena_IID,0.500688337854552,0.0144240392331084,DAUC < 0.55,source::E-CommereShippingData,
tabicl,scaling_train_only,closer_pair_but_cat_encoding_also_differs,joint_scaling,train_only_scaling,Fitness_Club,0.17813398098817032,0.17814028266189486,0.17813713182503257,False,3,0.0017687704017533262,-0.0017687704017689072,0.0035375408035222336,0.0035374782336542675,6.301673724534718e-06,3.150836862253481e-06,TabArena_IID,0.5044166666666666,0.0338611518035256,DAUC < 0.55,source::Fitness_Club,
tabicl,scaling_train_only,closer_pair_but_cat_encoding_also_differs,joint_scaling,train_only_scaling,HR_Analytics_Job_Change_of_Data_Scientists,0.194368686106135,0.19436923194888397,0.19436899177038391,False,3,0.0001572597800337248,-0.00012356832119819866,0.00028082810123192345,0.00028082775421778213,5.458427489724027e-07,3.056642489118744e-07,TabArena_IID,0.5006432616140332,0.0155574144065088,DAUC < 0.55,source::HR_Analytics_Job_Change_of_Data_Scientists,
tabicl,scaling_train_only,closer_pair_but_cat_encoding_also_differs,joint_scaling,train_only_scaling,Is-this-a-good-customer,0.2553404683070694,0.2553404683070694,0.25535054336626034,False,3,0.003945579695312072,0.003945579695312072,0.0,0.0,0.0,1.0075059190928215e-05,TabArena_IID,0.5089344102652231,0.0467264045771018,DAUC < 0.55,source::Is-this-a-good-customer,
tabicl,scaling_train_only,closer_pair_but_cat_encoding_also_differs,joint_scaling,train_only_scaling,MIC,0.1245154963997248,0.1245154963997248,0.12452836705760456,False,3,0.010335522888378502,0.010335522888378502,0.0,0.0,0.0,1.2870657879762715e-05,TabArena_IID,0.5315440298650391,0.1023684174323937,DAUC < 0.55,source::MIC,
tabicl,scaling_train_only,closer_pair_but_cat_encoding_also_differs,joint_scaling,train_only_scaling,Marketing_Campaign,0.07174106556627727,0.07174106556627727,0.07174106556627727,False,3,0.0,0.0,0.0,0.0,0.0,0.0,TabArena_IID,0.4893010633270867,0.0318521792685864,DAUC < 0.55,source::Marketing_Campaign,
tabicl,scaling_train_only,closer_pair_but_cat_encoding_also_differs,joint_scaling,train_only_scaling,NATICUSdroid,0.012380353855237801,0.0123803538552379,0.012380236422321333,True,3,,,,,9.8879238130678e-17,-1.1743291646743037e-07,TabArena_IID,0.4909448935914827,0.0,DAUC < 0.55,source::NATICUSdroid,
tabicl,scaling_train_only,closer_pair_but_cat_encoding_also_differs,joint_scaling,train_only_scaling,QSAR_fish_toxicity,0.8480591305145017,0.8480591222480623,0.8480591435578654,False,3,1.5380252452335523e-06,2.512773218136038e-06,-9.74747972902486e-07,-9.747479973956926e-07,-8.266439310844476e-09,1.3043363722431423e-08,TabArena_IID,0.4678368023195609,0.045171150688392,DAUC < 0.55,source::QSAR_fish_toxicity,
tabicl,scaling_train_only,closer_pair_but_cat_encoding_also_differs,joint_scaling,train_only_scaling,airfoil_self_noise,1.0635477203388028,1.0635475981867328,1.0635441931893233,False,3,-0.0003316410829174318,-0.0003201557049898602,-1.148537792757162e-05,-1.148534115659667e-05,-1.221520700145362e-07,-3.5271494795985348e-06,TabArena_IID,0.5474124587140708,0.0529488504762273,DAUC < 0.55,source::airfoil_self_noise,
tabicl,scaling_train_only,closer_pair_but_cat_encoding_also_differs,joint_scaling,train_only_scaling,anneal,0.000903440807484965,0.000903440807484965,0.000903440807484965,True,3,,,,,0.0,0.0,TabArena_IID,0.43732935660019,0.0336531517590013,DAUC < 0.55,source::anneal,
tabicl,scaling_train_only,closer_pair_but_cat_encoding_also_differs,joint_scaling,train_only_scaling,bike_sharing,124.32325757630376,124.3232553610776,124.32326010472048,False,1,2.033743897142626e-06,3.815571496308663e-06,-1.7818275991660376e-06,-1.7818276671529463e-06,-2.2152261607288892e-06,2.5284167151085057e-06,real_shift,0.724417889739124,0.0462872471556019,0.55 <= DAUC < 0.75,source::bike_sharing,
tabicl,scaling_train_only,closer_pair_but_cat_encoding_also_differs,joint_scaling,train_only_scaling,blood-transfusion-service-center,0.24644067796610156,0.24644067796610156,0.2463663395777578,False,3,-0.030173922489232986,-0.030173922489232986,0.0,0.0,0.0,-7.433838834375317e-05,TabArena_IID,0.5146430905695611,0.0393868450390189,DAUC < 0.55,source::blood-transfusion-service-center,
tabicl,scaling_train_only,closer_pair_but_cat_encoding_also_differs,joint_scaling,train_only_scaling,churn,0.06434826811969831,0.06434777040828876,0.06434975285373433,False,3,0.0023072878607587203,0.003080735135180665,-0.0007734472744219446,-0.0007734711030179757,-4.977114095444657e-07,1.4847340360224504e-06,TabArena_IID,0.4777912499999999,0.0261333333333333,DAUC < 0.55,source::churn,
tabicl,scaling_train_only,closer_pair_but_cat_encoding_also_differs,joint_scaling,train_only_scaling,coil2000_insurance_policies,0.23089363365927615,0.2308952992017017,0.2308936310061714,False,3,-1.1490592981470456e-06,-0.0007224952559440824,0.0007213461966459354,0.0007213409849915396,1.6655424255607176e-06,-2.6531047359057425e-09,TabArena_IID,0.4998567392475893,0.009434077843747,DAUC < 0.55,source::coil2000_insurance_policies,
tabicl,scaling_train_only,closer_pair_but_cat_encoding_also_differs,joint_scaling,train_only_scaling,concrete_compressive_strength,3.7487967565843197,3.7487956652418313,3.7487978437912495,False,3,2.9001481944884573e-05,5.811328081627714e-05,-2.9111798871392564e-05,-2.9111815789223822e-05,-1.0913424883796097e-06,1.0872069298173415e-06,TabArena_IID,0.5128188681237462,0.0502123786407767,DAUC < 0.55,source::concrete_compressive_strength,
tabicl,scaling_train_only,closer_pair_but_cat_encoding_also_differs,joint_scaling,train_only_scaling,credit-g,0.2072395852438771,0.2072395852438771,0.2072395852438771,False,3,0.0,0.0,0.0,0.0,0.0,0.0,TabArena_IID,0.4666875,0.0366071428571428,DAUC < 0.55,source::credit-g,
tabicl,scaling_train_only,closer_pair_but_cat_encoding_also_differs,joint_scaling,train_only_scaling,credit_card_clients_default,0.20931531578388474,0.20931521903684525,0.20931546090444395,False,3,6.933102723582655e-05,0.00011555171206855102,-4.622068483272447e-05,-4.6220738241578845e-05,-9.674703949080765e-08,1.451205592084559e-07,TabArena_IID,0.5084822083333334,0.0089083333333333,DAUC < 0.55,source::credit_card_clients_default,
tabicl,scaling_train_only,closer_pair_but_cat_encoding_also_differs,joint_scaling,train_only_scaling,diabetes,0.15705705596162942,0.15707936742972398,0.15705705596162942,False,3,0.0,-0.014205963532138986,0.014205963532138986,0.014203945724789198,2.2311468094560194e-05,0.0,TabArena_IID,0.5164146241145119,0.0782684335208765,DAUC < 0.55,source::diabetes,
tabicl,scaling_train_only,closer_pair_but_cat_encoding_also_differs,joint_scaling,train_only_scaling,gas_sensor_drift,0.0288740821422863,0.0288740927038307,0.0288742035260366,False,1,0.00042038822020380463,0.00038381043411893963,3.657778608486501e-05,3.657792647476341e-05,1.056154439946222e-08,1.2138375030112947e-07,real_shift,0.9997012367140782,0.2156844866039522,DAUC >= 0.95,source::gas_sensor_drift,
tabicl,scaling_train_only,closer_pair_but_cat_encoding_also_differs,joint_scaling,train_only_scaling,hazelnut-spread-contaminant-detection,0.0064124999999999,0.0064124999999999,0.006410416666666634,True,3,,,,,0.0,-2.083333333266317e-06,TabArena_IID,0.5092881944444444,0.0430034722222222,DAUC < 0.55,source::hazelnut-spread-contaminant-detection,
tabicl,scaling_train_only,closer_pair_but_cat_encoding_also_differs,joint_scaling,train_only_scaling,healthcare_insurance_expenses,4467.921949924213,4467.922262847734,4467.922310030383,False,3,8.059812722474116e-06,1.0560311135520457e-06,7.00378160892207e-06,7.003781682884184e-06,0.0003129235210508341,0.00036010617077408824,TabArena_IID,0.5250682484635931,0.0656832659134235,DAUC < 0.55,source::healthcare_insurance_expenses,
tabicl,scaling_train_only,closer_pair_but_cat_encoding_also_differs,joint_scaling,train_only_scaling,heloc,0.19859138984557181,0.19859127991148837,0.19857754625701407,False,3,-0.006971376582439126,-0.0069160157999540155,-5.536078248511083e-05,-5.535695398942655e-05,-1.099340834476159e-07,-1.3843588557743702e-05,TabArena_IID,0.5007809088419239,0.0177986239441687,DAUC < 0.55,source::heloc,
tabicl,scaling_train_only,closer_pair_but_cat_encoding_also_differs,joint_scaling,train_only_scaling,houses,0.19718856119445763,0.1971885334768416,0.19718856609087268,False,3,2.483113066979564e-06,1.653951430016855e-05,-1.4056401233188986e-05,-1.4056403558049862e-05,-2.7717616035705106e-08,4.8964150511920934e-09,TabArena_IID,0.4876979973585736,0.0143910489341085,DAUC < 0.55,source::houses,
tabicl,scaling_train_only,closer_pair_but_cat_encoding_also_differs,joint_scaling,train_only_scaling,in_vehicle_coupon_recommendation,0.16114279377724874,0.16114267977455007,0.1611430978312823,False,3,0.0001886857319078446,0.0002594319817965523,-7.07462498887077e-05,-7.074643342758198e-05,-1.1400269867012369e-07,3.0405403356192906e-07,TabArena_IID,0.4999967486682508,0.0148968616209672,DAUC < 0.55,source::in_vehicle_coupon_recommendation,
tabicl,scaling_train_only,closer_pair_but_cat_encoding_also_differs,joint_scaling,train_only_scaling,jm1,0.2182245602946098,0.21822318068549465,0.2182229375414122,False,3,-0.0007436217365034583,-0.0001114200391538378,-0.0006322016973496205,-0.0006322009929510266,-1.37960911514301e-06,-1.6227531975943066e-06,TabArena_IID,0.5013936268693818,0.0156089518163831,DAUC < 0.55,source::jm1,
tabicl,scaling_train_only,closer_pair_but_cat_encoding_also_differs,joint_scaling,train_only_scaling,maternal_health_risk,0.03807453430735837,0.03807453430735837,0.03807453430735837,False,3,0.0,0.0,0.0,0.0,0.0,0.0,TabArena_IID,0.4809925428071595,0.03878222065645,DAUC < 0.55,source::maternal_health_risk,
tabicl,scaling_train_only,closer_pair_but_cat_encoding_also_differs,joint_scaling,train_only_scaling,miami_housing,77774.50409434801,77774.51832934488,77774.50022663208,False,3,-4.972987188058266e-06,-2.3275897299925968e-05,1.8302910111867704e-05,1.8302905851702133e-05,0.014234996866434813,-0.00386771593184676,TabArena_IID,0.5000548768378967,0.0174142973418732,DAUC < 0.55,source::miami_housing,
tabicl,scaling_train_only,closer_pair_but_cat_encoding_also_differs,joint_scaling,train_only_scaling,online_shoppers_intention,0.0622799617162051,0.06227996171620507,0.0622801880154342,False,3,0.00036335668904803896,0.0003633566890926046,-4.4565658036791026e-14,-4.4565819969678933e-14,-2.7755575615628914e-17,2.2629922910577527e-07,TabArena_IID,0.5085433381403395,0.0162298164122981,DAUC < 0.55,source::online_shoppers_intention,
tabicl,scaling_train_only,closer_pair_but_cat_encoding_also_differs,joint_scaling,train_only_scaling,polish_companies_bankruptcy,0.015463455954419067,0.015463455954419067,0.015463455954419067,True,3,,,,,0.0,0.0,TabArena_IID,0.4797271737327021,0.028469599510753,DAUC < 0.55,source::polish_companies_bankruptcy,
tabicl,scaling_train_only,closer_pair_but_cat_encoding_also_differs,joint_scaling,train_only_scaling,qsar-biodeg,0.056617394902967334,0.056617394902967334,0.056617394902967334,False,3,0.0,0.0,0.0,0.0,0.0,0.0,TabArena_IID,0.5242964850267431,0.0520357221163414,DAUC < 0.55,source::qsar-biodeg,
tabicl,scaling_train_only,closer_pair_but_cat_encoding_also_differs,joint_scaling,train_only_scaling,seismic-bumps,0.2124974000362504,0.2124974000362504,0.2124974000362504,False,3,0.0,0.0,0.0,0.0,0.0,0.0,TabArena_IID,0.5032746248400783,0.0270932551506253,DAUC < 0.55,source::seismic-bumps,
tabicl,scaling_train_only,closer_pair_but_cat_encoding_also_differs,joint_scaling,train_only_scaling,splice,0.004302219973416,0.004302219973416,0.004302219973416,True,3,,,,,0.0,0.0,TabArena_IID,0.4935215615848055,0.0,DAUC < 0.55,source::splice,
tabicl,scaling_train_only,closer_pair_but_cat_encoding_also_differs,joint_scaling,train_only_scaling,students_dropout_and_academic_success,0.10118383780922874,0.10118366341784567,0.10118363324800446,False,3,-0.00020216829314445095,-2.9816918250681713e-05,-0.00017235137489376922,-0.000172351323503916,-1.743913830704047e-07,-2.0456122427903178e-07,TabArena_IID,0.4990070724969652,0.0241838594407484,DAUC < 0.55,source::students_dropout_and_academic_success,
tabicl,scaling_train_only,closer_pair_but_cat_encoding_also_differs,joint_scaling,train_only_scaling,superconductivity,8.883817173148792,8.883815907387453,8.88381474657605,False,3,-2.7314535602951388e-05,-1.3066587222608382e-05,-1.4247948380343005e-05,-1.4247946518622646e-05,-1.2657613392974554e-06,-2.426572741853761e-06,TabArena_IID,0.4966916245247805,0.0148733486354602,DAUC < 0.55,source::superconductivity,
tabicl,scaling_train_only,closer_pair_but_cat_encoding_also_differs,joint_scaling,train_only_scaling,synthetic_large_test,0.2439421468369748,0.2439421676607083,0.2439421588506672,False,1,4.924811872865472e-06,-3.6115287143533015e-06,8.536340587218773e-06,8.536340278926394e-06,2.0823733515307197e-08,1.2013692402002007e-08,synthetic,0.64072835,0.0878719999999999,0.55 <= DAUC < 0.75,source::synthetic_generator,
tabicl,scaling_train_only,closer_pair_but_cat_encoding_also_differs,joint_scaling,train_only_scaling,synthetic_shift_0.0,0.2424617630983593,0.2424618656189553,0.2424619681395514,False,1,8.4566331652636e-05,4.228316584348909e-05,4.228316580914691e-05,4.228318368781559e-05,1.0252059601256747e-07,2.0504119210840166e-07,synthetic,0.49784605,0.011,DAUC < 0.55,source::synthetic_generator,
tabicl,scaling_train_only,closer_pair_but_cat_encoding_also_differs,joint_scaling,train_only_scaling,synthetic_shift_0.5,0.240380717844203,0.2403810413431676,0.2403807785002588,False,1,2.523332196843416e-05,-0.00010934439535435024,0.0001345777173227844,0.000134577570169754,3.234989645883868e-07,6.065605578919886e-08,synthetic,0.5719888750000001,0.04362,0.55 <= DAUC < 0.75,source::synthetic_generator,
tabicl,scaling_train_only,closer_pair_but_cat_encoding_also_differs,joint_scaling,train_only_scaling,synthetic_shift_1.0,0.2428628262109746,0.2428627660545077,0.2428629465239087,False,1,4.953943605218001e-05,7.43091540154133e-05,-2.476971796323329e-05,-2.476973636941484e-05,-6.015646689117027e-08,1.2031293408765187e-07,synthetic,0.643362075,0.08208,0.55 <= DAUC < 0.75,source::synthetic_generator,
tabicl,scaling_train_only,closer_pair_but_cat_encoding_also_differs,joint_scaling,train_only_scaling,synthetic_shift_3.0,0.2502299130434782,0.2502300153452685,0.2502299744245524,False,1,2.4529864723254358e-05,-1.6353243126652187e-05,4.0883107849906545e-05,4.0883101164193614e-05,1.0230179031678333e-07,6.138107422337669e-08,synthetic,0.8405509999999999,0.20872,0.75 <= DAUC < 0.95,source::synthetic_generator,
tabicl,scaling_train_only,closer_pair_but_cat_encoding_also_differs,joint_scaling,train_only_scaling,synthetic_shift_5.0,0.2588713515579168,0.2588715086903911,0.2588713740054131,False,1,8.671293375887118e-06,-5.2027760319653294e-05,6.069905369554041e-05,6.0699022115198666e-05,1.5713247430992894e-07,2.2447496306199355e-08,synthetic,0.93479215,0.30666,0.75 <= DAUC < 0.95,source::synthetic_generator,
tabicl,scaling_train_only,closer_pair_but_cat_encoding_also_differs,joint_scaling,train_only_scaling,synthetic_small_test,0.252466182200658,0.2524657808691364,0.2524662624669624,False,1,3.1792883394415564e-05,0.00019075730012463034,-0.00015896441673021475,-0.00015896471996702273,-4.013315215711799e-07,8.026630443636051e-08,synthetic,0.6399588,0.0856239999999999,0.55 <= DAUC < 0.75,source::synthetic_generator,
tabicl,scaling_train_only,closer_pair_but_cat_encoding_also_differs,joint_scaling,train_only_scaling,tabred_delivery_eta__gap_far,0.5617372586698686,0.5617372851967913,0.5606875625200399,False,1,-0.1872158792163542,-0.18722061035799933,4.73114164513869e-06,4.722300525272336e-06,2.652692276949864e-08,-0.0010496961498286383,TabReD_gap,0.999999625,0.2379337040655923,DAUC >= 0.95,source::tabred_delivery_eta,tabred_delivery_eta
tabicl,scaling_train_only,closer_pair_but_cat_encoding_also_differs,joint_scaling,train_only_scaling,tabred_delivery_eta__gap_maxdiff,0.5485855054982806,0.5485855054982806,0.5485074338313581,False,1,-0.014233474718306674,-0.014233474718306674,0.0,0.0,0.0,-7.807166692241907e-05,TabReD_gap,1.0,0.2496496029927623,DAUC >= 0.95,source::tabred_delivery_eta,tabred_delivery_eta
tabicl,scaling_train_only,closer_pair_but_cat_encoding_also_differs,joint_scaling,train_only_scaling,tabred_delivery_eta__gap_near,0.5647830724771739,0.5647830724771739,0.5606876688263737,False,1,-0.7304251330107991,-0.7304251330107991,0.0,0.0,0.0,-0.004095403650800189,TabReD_gap,0.946211,0.1571228260314691,0.75 <= DAUC < 0.95,source::tabred_delivery_eta,tabred_delivery_eta
tabicl,scaling_train_only,closer_pair_but_cat_encoding_also_differs,joint_scaling,train_only_scaling,tabred_homesite__gap_far,0.1244111761991906,0.1244092775331663,0.1243992417270374,False,1,-0.009593685610558384,-0.008067417445297804,-0.0015262681652605812,-0.0015261450447689989,-1.8986660243053288e-06,-1.1934472153210529e-05,TabReD_gap,1.0,0.0830990647492541,DAUC >= 0.95,source::tabred_homesite,tabred_homesite
tabicl,scaling_train_only,closer_pair_but_cat_encoding_also_differs,joint_scaling,train_only_scaling,tabred_homesite__gap_near,0.0610225835474079,0.0610225835474079,0.0610258384034495,False,1,0.005333570380601082,0.005333570380601082,0.0,0.0,0.0,3.254856041599863e-06,TabReD_gap,1.0,0.0437974647176086,DAUC >= 0.95,source::tabred_homesite,tabred_homesite
tabicl,scaling_train_only,closer_pair_but_cat_encoding_also_differs,joint_scaling,train_only_scaling,tabred_weather__gap_far,1.6453175601718395,1.6453174152645005,1.645231120677258,False,1,-0.005253942348588832,-0.005245134629284488,-8.807719304343214e-06,-8.807257351837964e-06,-1.4490733901695307e-07,-8.643949458142508e-05,TabReD_gap,1.0,0.1012016963019497,DAUC >= 0.95,source::tabred_weather,tabred_weather
tabicl,scaling_train_only,closer_pair_but_cat_encoding_also_differs,joint_scaling,train_only_scaling,tabred_weather__gap_maxdiff,1.7960954384880874,1.796095637602144,1.796107849888755,False,1,0.0006910164480615343,0.000679930585005574,1.1085863055960384e-05,1.1085938432646422e-05,1.9911405657602188e-07,1.241140066765567e-05,TabReD_gap,1.0,0.2280292319342118,DAUC >= 0.95,source::tabred_weather,tabred_weather
tabicl,scaling_train_only,closer_pair_but_cat_encoding_also_differs,joint_scaling,train_only_scaling,tabred_weather__gap_near,1.7294948756640247,1.7294947378095609,1.7294869490145115,False,1,-0.0004583237542052082,-0.000450352924247646,-7.970829957562254e-06,-7.970794060858115e-06,-1.378544638441781e-07,-7.926649513212425e-06,TabReD_gap,1.0,0.0948655339805825,DAUC >= 0.95,source::tabred_weather,tabred_weather
tabicl,scaling_train_only,closer_pair_but_cat_encoding_also_differs,joint_scaling,train_only_scaling,taiwanese_bankruptcy_prediction,0.0583447439733298,0.058424639090695264,0.058424639090695264,False,3,0.13674901310290713,0.0,0.13674901310290713,0.13674901310290713,7.989511736546107e-05,7.989511736546107e-05,TabArena_IID,0.4813707690648705,0.0246058424438091,DAUC < 0.55,source::taiwanese_bankruptcy_prediction,
tabicl,scaling_train_only,closer_pair_but_cat_encoding_also_differs,joint_scaling,train_only_scaling,website_phishing,0.02007875480922497,0.0200714767488947,0.0200714767488947,True,3,,,,,-7.27806033026801e-06,-7.27806033026801e-06,TabArena_IID,0.4974870109756609,0.0,DAUC < 0.55,source::website_phishing,
tabicl,scaling_train_only,closer_pair_but_cat_encoding_also_differs,joint_scaling,train_only_scaling,wine_quality,0.0987409796792683,0.09874109664444101,0.09874133671770506,False,3,0.00036158963269953393,0.0002431334960884059,0.00011845613661112806,0.00011845642461837458,1.1696517271397866e-07,3.570384367601598e-07,TabArena_IID,0.4933509159780399,0.021301046461716,DAUC < 0.55,source::wine_quality,
tabpfn,scaling_train_only,closer_pair_but_cat_encoding_also_differs,joint_scaling,train_only_scaling,Another-Dataset-on-used-Fiat-500,724.1127175720397,722.8844616706347,723.6962113966459,False,3,-0.05755262620347283,0.11216719297793377,-0.1697198191814066,-0.1699104029109293,-1.2282559014050776,-0.4165061753938062,TabArena_IID,0.5250604059451488,0.0313157709499172,DAUC < 0.55,source::Another-Dataset-on-used-Fiat-500,
tabpfn,scaling_train_only,closer_pair_but_cat_encoding_also_differs,joint_scaling,train_only_scaling,Bank_Customer_Churn,0.12792992528477296,0.12833421343149734,0.12787327021734088,False,3,-0.044305637398482284,-0.36046877769921404,0.3161631403007318,0.31502756429031886,0.0004042881467243853,-5.665506743207649e-05,TabArena_IID,0.4985240625,0.0158125,DAUC < 0.55,source::Bank_Customer_Churn,
tabpfn,scaling_train_only,closer_pair_but_cat_encoding_also_differs,joint_scaling,train_only_scaling,E-CommereShippingData,0.255163697239085,0.25481009243963176,0.25506745139171844,False,3,-0.037733488471938186,0.10089839008562287,-0.13863187855756107,-0.13877189716769453,-0.0003536047994532332,-9.624584736656061e-05,TabArena_IID,0.500688337854552,0.0144240392331084,DAUC < 0.55,source::E-CommereShippingData,
tabpfn,scaling_train_only,closer_pair_but_cat_encoding_also_differs,joint_scaling,train_only_scaling,Fitness_Club,0.17785008765122445,0.1773958135538337,0.17749400775030552,False,3,-0.20061516748208025,0.055322541710800754,-0.255937709192881,-0.2560793788140382,-0.00045427409739076663,-0.00035607990091893194,TabArena_IID,0.5044166666666666,0.0338611518035256,DAUC < 0.55,source::Fitness_Club,
tabpfn,scaling_train_only,closer_pair_but_cat_encoding_also_differs,joint_scaling,train_only_scaling,Is-this-a-good-customer,0.26150770207744656,0.2611480529948113,0.26227783349590816,False,3,0.2936319124633996,0.4307571425453616,-0.13712523008196206,-0.13771846219446837,-0.0003596490826352494,0.0007701314184616059,TabArena_IID,0.5089344102652231,0.0467264045771018,DAUC < 0.55,source::Is-this-a-good-customer,
tabpfn,scaling_train_only,closer_pair_but_cat_encoding_also_differs,joint_scaling,train_only_scaling,MIC,0.13644870262725148,0.14060843211133492,0.13100575673892498,False,3,-4.154737947259434,-7.329964431675051,3.1752264844156155,2.95837839994527,0.004159729484083441,-0.0054429458883265,TabArena_IID,0.5315440298650391,0.1023684174323937,DAUC < 0.55,source::MIC,
tabpfn,scaling_train_only,closer_pair_but_cat_encoding_also_differs,joint_scaling,train_only_scaling,Marketing_Campaign,0.0808488139326795,0.08054435970235986,0.07925134966343557,False,3,-2.0156934563613524,-1.6315306230309556,-0.38416283333039686,-0.3779957174465115,-0.00030445423031963403,-0.0015974642692439256,TabArena_IID,0.4893010633270867,0.0318521792685864,DAUC < 0.55,source::Marketing_Campaign,
tabpfn,scaling_train_only,closer_pair_but_cat_encoding_also_differs,joint_scaling,train_only_scaling,NATICUSdroid,0.0150456938233939,0.015040997745223134,0.0150456938233939,True,3,,,,,-4.6960781707669486e-06,0.0,TabArena_IID,0.4909448935914827,0.0,DAUC < 0.55,source::NATICUSdroid,
tabpfn,scaling_train_only,closer_pair_but_cat_encoding_also_differs,joint_scaling,train_only_scaling,QSAR_fish_toxicity,0.8562465881947299,0.8548288345097529,0.8558717334200979,False,3,-0.043798008509290866,0.1218522436974954,-0.16565025220678625,-0.16585234701284637,-0.0014177536849769856,-0.0003748547746319497,TabArena_IID,0.4678368023195609,0.045171150688392,DAUC < 0.55,source::QSAR_fish_toxicity,
tabpfn,scaling_train_only,closer_pair_but_cat_encoding_also_differs,joint_scaling,train_only_scaling,airfoil_self_noise,1.3317685320816937,1.3342738818717141,1.3448544874649973,False,3,0.9730387566293623,0.786747242315202,0.18629151431416038,0.1877687800128403,0.0025053497900204835,0.013085955383303594,TabArena_IID,0.5474124587140708,0.0529488504762273,DAUC < 0.55,source::airfoil_self_noise,
tabpfn,scaling_train_only,closer_pair_but_cat_encoding_also_differs,joint_scaling,train_only_scaling,anneal,0.00032771673853543336,0.0003236556599129,0.00031553350266796666,True,3,,,,,-4.06107862253337e-06,-1.21832358674667e-05,TabArena_IID,0.43732935660019,0.0336531517590013,DAUC < 0.55,source::anneal,
tabpfn,scaling_train_only,closer_pair_but_cat_encoding_also_differs,joint_scaling,train_only_scaling,bike_sharing,124.7205710068624,124.69035574149956,124.84424498341258,False,1,0.099062617236871,0.12326498665074001,-0.024202369413869006,-0.024232239280383146,-0.030215265362841137,0.12367397655017953,real_shift,0.724417889739124,0.0462872471556019,0.55 <= DAUC < 0.75,source::bike_sharing,
tabpfn,scaling_train_only,closer_pair_but_cat_encoding_also_differs,joint_scaling,train_only_scaling,blood-transfusion-service-center,0.25227698483496874,0.24986941223114278,0.25116612151848544,False,3,-0.44228230693188597,0.5162755548013751,-0.9585578617332611,-0.9635323436863183,-0.002407572603825958,-0.0011108633164833015,TabArena_IID,0.5146430905695611,0.0393868450390189,DAUC < 0.55,source::blood-transfusion-service-center,
tabpfn,scaling_train_only,closer_pair_but_cat_encoding_also_differs,joint_scaling,train_only_scaling,churn,0.07225159769562556,0.07282634727118474,0.07264049721075806,False,3,0.5353756238812035,-0.2558491028598775,0.791224726741081,0.7892055514180576,0.000574749575559183,0.0003888995151325042,TabArena_IID,0.4777912499999999,0.0261333333333333,DAUC < 0.55,source::churn,
tabpfn,scaling_train_only,closer_pair_but_cat_encoding_also_differs,joint_scaling,train_only_scaling,coil2000_insurance_policies,0.24076076002438737,0.24092225529170166,0.2412882176093861,False,3,0.21860063878154612,0.15167019811836674,0.06693044066317938,0.06703210839478467,0.0001614952673142933,0.0005274575849987251,TabArena_IID,0.4998567392475893,0.009434077843747,DAUC < 0.55,source::coil2000_insurance_policies,
tabpfn,scaling_train_only,closer_pair_but_cat_encoding_also_differs,joint_scaling,train_only_scaling,concrete_compressive_strength,4.193646289910859,4.203320391043557,4.1195335588295805,False,3,-1.799056374293382,-2.0338912407787695,0.23483486648538748,0.23015378873596617,0.009674101132698176,-0.07411273108127858,TabArena_IID,0.5128188681237462,0.0502123786407767,DAUC < 0.55,source::concrete_compressive_strength,
tabpfn,scaling_train_only,closer_pair_but_cat_encoding_also_differs,joint_scaling,train_only_scaling,credit-g,0.22906230512453685,0.22864051820060402,0.22838866268050817,False,3,-0.2949544150407467,-0.11027496598995812,-0.18467944905078856,-0.184476018184476,-0.00042178692393282646,-0.000673642444028677,TabArena_IID,0.4666875,0.0366071428571428,DAUC < 0.55,source::credit-g,
tabpfn,scaling_train_only,closer_pair_but_cat_encoding_also_differs,joint_scaling,train_only_scaling,diabetes,0.15321324320358873,0.1534259534718749,0.1525099118130329,False,3,-0.4611709378063749,-0.6006440158230646,0.13947307801668962,0.13864034309238862,0.0002127102682861759,-0.0007033313905558392,TabArena_IID,0.5164146241145119,0.0782684335208765,DAUC < 0.55,source::diabetes,
tabpfn,scaling_train_only,closer_pair_but_cat_encoding_also_differs,joint_scaling,train_only_scaling,gas_sensor_drift,0.0501358295916044,0.0499812464665627,0.0456067237637936,False,1,-9.930785318559492,-9.591837215551005,-0.3389481030084865,-0.30928225278478133,-0.00015458312504169902,-0.004529105827810798,real_shift,0.9997012367140782,0.2156844866039522,DAUC >= 0.95,source::gas_sensor_drift,
tabpfn,scaling_train_only,closer_pair_but_cat_encoding_also_differs,joint_scaling,train_only_scaling,hazelnut-spread-contaminant-detection,0.0121229166666666,0.012260416666666635,0.0124041666666666,True,3,,,,,0.00013750000000003516,0.00028125000000000025,TabArena_IID,0.5092881944444444,0.0430034722222222,DAUC < 0.55,source::hazelnut-spread-contaminant-detection,
tabpfn,scaling_train_only,closer_pair_but_cat_encoding_also_differs,joint_scaling,train_only_scaling,healthcare_insurance_expenses,5275.384798424358,5275.978734147761,5305.039761741123,False,3,0.5589960612666816,0.5478003728255466,0.011195688441134966,0.011257356280811552,0.5939357234028648,29.654963316764224,TabArena_IID,0.5250682484635931,0.0656832659134235,DAUC < 0.55,source::healthcare_insurance_expenses,
tabpfn,scaling_train_only,closer_pair_but_cat_encoding_also_differs,joint_scaling,train_only_scaling,heloc,0.1981802150555879,0.19813733300989625,0.19813142890480717,False,3,-0.02462312569509394,-0.0029798932565685953,-0.021643232438525343,-0.02164258751251951,-4.2882045691639004e-05,-4.878615078071635e-05,TabArena_IID,0.5007809088419239,0.0177986239441687,DAUC < 0.55,source::heloc,
tabpfn,scaling_train_only,closer_pair_but_cat_encoding_also_differs,joint_scaling,train_only_scaling,jm1,0.2639134240146293,0.2639352178024191,0.2637242968115845,False,3,-0.07171398514712303,-0.07997783798634034,0.00826385283921732,0.008257248870093867,2.1793787789770036e-05,-0.00018912720304481434,TabArena_IID,0.5013936268693818,0.0156089518163831,DAUC < 0.55,source::jm1,
tabpfn,scaling_train_only,closer_pair_but_cat_encoding_also_differs,joint_scaling,train_only_scaling,maternal_health_risk,0.04698110351341197,0.04741930045609819,0.046240223808542334,False,3,-1.6022407416046416,-2.549893902844901,0.9476531612402596,0.9240898504859107,0.00043819694268622256,-0.0007408797048696347,TabArena_IID,0.4809925428071595,0.03878222065645,DAUC < 0.55,source::maternal_health_risk,
tabpfn,scaling_train_only,closer_pair_but_cat_encoding_also_differs,joint_scaling,train_only_scaling,online_shoppers_intention,0.06711137482514604,0.06689465559671173,0.06716734616781866,False,3,0.08333118079845375,0.40598681750148347,-0.3226556367030297,-0.32397091591418015,-0.00021671922843430336,5.5971342672628266e-05,TabArena_IID,0.5085433381403395,0.0162298164122981,DAUC < 0.55,source::online_shoppers_intention,
tabpfn,scaling_train_only,closer_pair_but_cat_encoding_also_differs,joint_scaling,train_only_scaling,polish_companies_bankruptcy,0.03702168660727533,0.03796881863906257,0.03608486251999544,False,3,-2.596169201866237,-5.220904244884369,2.6247350430181315,2.4944996071403187,0.0009471320317872359,-0.0009368240872798944,TabArena_IID,0.4797271737327021,0.028469599510753,DAUC < 0.55,source::polish_companies_bankruptcy,
tabpfn,scaling_train_only,closer_pair_but_cat_encoding_also_differs,joint_scaling,train_only_scaling,qsar-biodeg,0.06149429292339612,0.06104902133982263,0.06174120190012424,False,3,0.39990957274776057,1.121099912213109,-0.7211903394653484,-0.7293672753489971,-0.00044527158357349217,0.00024690897672811907,TabArena_IID,0.5242964850267431,0.0520357221163414,DAUC < 0.55,source::qsar-biodeg,
tabpfn,scaling_train_only,closer_pair_but_cat_encoding_also_differs,joint_scaling,train_only_scaling,seismic-bumps,0.2239458655600405,0.22248353326173595,0.22500151538162685,False,3,0.46917453857848485,1.1190956272539476,-0.6499210886754629,-0.6572766428444972,-0.0014623322983045584,0.0010556498215863463,TabArena_IID,0.5032746248400783,0.0270932551506253,DAUC < 0.55,source::seismic-bumps,
tabpfn,scaling_train_only,closer_pair_but_cat_encoding_also_differs,joint_scaling,train_only_scaling,splice,0.0047421837540313,0.004733972461485,0.0047421837540313,True,3,,,,,-8.21129254629984e-06,0.0,TabArena_IID,0.4935215615848055,0.0,DAUC < 0.55,source::splice,
tabpfn,scaling_train_only,closer_pair_but_cat_encoding_also_differs,joint_scaling,train_only_scaling,students_dropout_and_academic_success,0.09892324772455874,0.09892413965519382,0.09889409217793484,False,3,-0.02948158578719125,-0.0303834906587997,0.0009019048716084517,0.0009016309246606805,8.91930635085747e-07,-2.915554662390185e-05,TabArena_IID,0.4990070724969652,0.0241838594407484,DAUC < 0.55,source::students_dropout_and_academic_success,
tabpfn,scaling_train_only,closer_pair_but_cat_encoding_also_differs,joint_scaling,train_only_scaling,synthetic_large_test,0.2450736604656023,0.2449891048944386,0.2439493342287154,False,1,-0.46088514258161184,-0.42622402270971327,-0.03466111987189859,-0.03451401285789712,-8.45555711637136e-05,-0.0011243262368869078,synthetic,0.64072835,0.0878719999999999,0.55 <= DAUC < 0.75,source::synthetic_generator,
tabpfn,scaling_train_only,closer_pair_but_cat_encoding_also_differs,joint_scaling,train_only_scaling,synthetic_shift_0.0,0.2426073013364093,0.2428118504295038,0.2422123920007034,False,1,-0.1630425811181171,-0.247492881701379,0.0844503005832619,0.08424180810478603,0.00020454909309450264,-0.0003949093357058786,synthetic,0.49784605,0.011,DAUC < 0.55,source::synthetic_generator,
tabpfn,scaling_train_only,closer_pair_but_cat_encoding_also_differs,joint_scaling,train_only_scaling,synthetic_shift_0.5,0.2411430835921325,0.2412789531573498,0.2407155594914597,False,1,-0.1776055114908167,-0.23404954257228933,0.056444031081472654,0.05631223255875664,0.00013586956521730031,-0.0004275241006727881,synthetic,0.5719888750000001,0.04362,0.55 <= DAUC < 0.75,source::synthetic_generator,
tabpfn,scaling_train_only,closer_pair_but_cat_encoding_also_differs,joint_scaling,train_only_scaling,synthetic_shift_1.0,0.2436076635328489,0.2438242268139431,0.2432389244424748,False,1,-0.15159542874122084,-0.24062858064755685,0.089033151906336,0.08881942697985508,0.00021656328109420642,-0.0003687390903741039,synthetic,0.643362075,0.08208,0.55 <= DAUC < 0.75,source::synthetic_generator,
tabpfn,scaling_train_only,closer_pair_but_cat_encoding_also_differs,joint_scaling,train_only_scaling,synthetic_shift_3.0,0.2525527774936061,0.2528022915601023,0.2518339846547315,False,1,-0.28542328782990956,-0.3845020785015862,0.09907879067167663,0.09869928985073426,0.00024951406649620367,-0.0007187928388746045,synthetic,0.8405509999999999,0.20872,0.75 <= DAUC < 0.95,source::synthetic_generator,
tabpfn,scaling_train_only,closer_pair_but_cat_encoding_also_differs,joint_scaling,train_only_scaling,synthetic_shift_5.0,0.2610487362530972,0.2619915535458761,0.2605052599197843,False,1,-0.208623938526335,-0.5705426548966734,0.3619187163703384,0.3598655300212969,0.0009428172927788969,-0.00054347633331292,synthetic,0.93479215,0.30666,0.75 <= DAUC < 0.95,source::synthetic_generator,
tabpfn,scaling_train_only,closer_pair_but_cat_encoding_also_differs,joint_scaling,train_only_scaling,tabred_delivery_eta__gap_far,0.5500809566564158,0.5500503451973642,0.5502068249923597,False,1,0.022876549367724788,0.028440177018474722,-0.005563627650749937,-0.005565210406440979,-3.061145905158824e-05,0.0001258683359439683,TabReD_gap,0.999999625,0.2379337040655923,DAUC >= 0.95,source::tabred_delivery_eta,tabred_delivery_eta
tabpfn,scaling_train_only,closer_pair_but_cat_encoding_also_differs,joint_scaling,train_only_scaling,tabred_delivery_eta__gap_maxdiff,0.5486963731635106,0.5488612480621388,0.5487472365967985,False,1,0.00926900946295515,-0.020776681454901462,0.03004569091785661,0.030039449717078087,0.0001648748986281534,5.0863433287862136e-05,TabReD_gap,1.0,0.2496496029927623,DAUC >= 0.95,source::tabred_delivery_eta,tabred_delivery_eta
tabpfn,scaling_train_only,closer_pair_but_cat_encoding_also_differs,joint_scaling,train_only_scaling,tabred_delivery_eta__gap_near,0.5659775262387783,0.5659332141682342,0.5658953500066907,False,1,-0.014521453849487309,-0.006691018320445943,-0.007830435529041366,-0.007829911628219848,-4.43120705441169e-05,-8.217623208761626e-05,TabReD_gap,0.946211,0.1571228260314691,0.75 <= DAUC < 0.95,source::tabred_delivery_eta,tabred_delivery_eta
tabpfn,scaling_train_only,closer_pair_but_cat_encoding_also_differs,joint_scaling,train_only_scaling,tabred_homesite__gap_far,0.0907243654997194,0.0903920989454539,0.0816863083666887,False,1,-11.06434764129502,-10.657588465970356,-0.4067591753246655,-0.36758362527460364,-0.0003322665542655062,-0.0090380571330307,TabReD_gap,1.0,0.0830990647492541,DAUC >= 0.95,source::tabred_homesite,tabred_homesite
tabpfn,scaling_train_only,closer_pair_but_cat_encoding_also_differs,joint_scaling,train_only_scaling,tabred_homesite__gap_near,0.0496903953809252,0.0493825402469731,0.0496741211007164,False,1,-0.03276208989344872,0.5869874439290274,-0.6197495338224761,-0.6234088655878169,-0.0003078551339521021,-1.6274280208797287e-05,TabReD_gap,1.0,0.0437974647176086,DAUC >= 0.95,source::tabred_homesite,tabred_homesite
tabpfn,scaling_train_only,closer_pair_but_cat_encoding_also_differs,joint_scaling,train_only_scaling,tabred_sberbank__gap_far,0.3809192708185898,0.3751445729997554,0.3928951293056008,False,1,3.048105612349284,4.517886576302828,-1.4697809639535446,-1.5393259650961684,-0.0057746978188343845,0.011975858487010993,TabReD_gap,1.0,0.235749592588427,DAUC >= 0.95,source::tabred_sberbank,tabred_sberbank
tabpfn,scaling_train_only,closer_pair_but_cat_encoding_also_differs,joint_scaling,train_only_scaling,tabred_sberbank__gap_near,0.2477718766265687,0.2459883085550724,0.2477424059564321,False,1,-0.01189569061574847,0.7080327627350889,-0.7199284533508373,-0.7250621307869943,-0.0017835680714962943,-2.9470670136588772e-05,TabReD_gap,1.0,0.2265311490062835,DAUC >= 0.95,source::tabred_sberbank,tabred_sberbank
tabpfn,scaling_train_only,closer_pair_but_cat_encoding_also_differs,joint_scaling,train_only_scaling,tabred_weather__gap_far,1.6104471283565356,1.6126205162729372,1.6156473980942971,False,1,0.32186909989738,0.18734792163996924,0.13452117825741072,0.13477367393444475,0.002173387916401648,0.005200269737761554,TabReD_gap,1.0,0.1012016963019497,DAUC >= 0.95,source::tabred_weather,tabred_weather
tabpfn,scaling_train_only,closer_pair_but_cat_encoding_also_differs,joint_scaling,train_only_scaling,tabred_weather__gap_maxdiff,1.7492656529396682,1.7516826986540446,1.7468705124362365,False,1,-0.13711036315401365,-0.27547469509327777,0.1383643319392641,0.13798422032903584,0.002417045714376398,-0.002395140503431703,TabReD_gap,1.0,0.2280292319342118,DAUC >= 0.95,source::tabred_weather,tabred_weather
tabpfn,scaling_train_only,closer_pair_but_cat_encoding_also_differs,joint_scaling,train_only_scaling,tabred_weather__gap_near,1.6860734773374602,1.685566041203133,1.6838261915156958,False,1,-0.13346305177385753,-0.10332715432292382,-0.030135897450933712,-0.030104791027050597,-0.0005074361343271327,-0.0022472858217643665,TabReD_gap,1.0,0.0948655339805825,DAUC >= 0.95,source::tabred_weather,tabred_weather
tabpfn,scaling_train_only,closer_pair_but_cat_encoding_also_differs,joint_scaling,train_only_scaling,taiwanese_bankruptcy_prediction,0.059526476105649706,0.0589810685466089,0.05860884184002716,False,3,-1.5656925419670091,-0.635103330650576,-0.9305892113164331,-0.9247163072500193,-0.0005454075590408045,-0.0009176342656225453,TabArena_IID,0.4813707690648705,0.0246058424438091,DAUC < 0.55,source::taiwanese_bankruptcy_prediction,
tabpfn,scaling_train_only,closer_pair_but_cat_encoding_also_differs,joint_scaling,train_only_scaling,tschalzev_mbgm,7.946489378341723,7.947208346224787,7.946489378341723,False,1,0.0,-0.009047616486141875,0.009047616486141875,0.009046797966557584,0.0007189678830643587,0.0,tschalzev_IID,0.5283598093648937,0.0054825547828749,DAUC < 0.55,source::tschalzev_mbgm,
tabpfn,scaling_train_only,closer_pair_but_cat_encoding_also_differs,joint_scaling,train_only_scaling,website_phishing,0.019962495978092933,0.0199646036347801,0.019962495978092933,True,3,,,,,2.1076566871676417e-06,0.0,TabArena_IID,0.4974870109756609,0.0,DAUC < 0.55,source::website_phishing,
tabpfn,scaling_train_only,closer_pair_but_cat_encoding_also_differs,joint_scaling,train_only_scaling,wine_quality,0.10801597605844747,0.10896101257170603,0.10840946031599134,False,3,0.36296118106016645,-0.5087676427011265,0.8717288237612929,0.8673161995779353,0.000945036513258557,0.0003934842575438746,TabArena_IID,0.4933509159780399,0.021301046461716,DAUC < 0.55,source::wine_quality,
