model,dataset,method_key,method_role,family,dataset_family,task_type,n_folds,single_fold,n_train,n_test,n_features,n_cat,n_num,cat_frac,domain_auc,mean_ks,shift_bin,source_id,source_dataset,err_base_mean,err_method_mean,abs_delta_mean,near_perfect_base,relative_mask_reason,primary_effect_unmasked_pct,primary_effect_pct,sensitivity_effect_unmasked_pct,sensitivity_effect_pct,relative_effect_available,allowed_estimand
bag8,APSFailure,adversarial_lgbm_both_ratio,test_time_variant,M6_adversarial,TabArena_IID,classification,3,False,50666,25334,170,0,170,0.0,0.5018079,0.0059871498851508,DAUC < 0.55,source::APSFailure,,0.0077953991909039,0.0079852747515041,-0.0001898755606002,True,near_perfect_baseline,-2.435738772965378,,-2.226839501427755,,False,abs_delta_mean
bag8,APSFailure,adversarial_lgbm_cal_iso_both_ratio,test_time_variant,M6_adversarial,TabArena_IID,classification,3,False,50666,25334,170,0,170,0.0,0.5018079,0.0059871498851508,DAUC < 0.55,source::APSFailure,,0.0077953991909039,0.0080484417948087,-0.0002530426039048,True,near_perfect_baseline,-3.246050621758193,,-3.106652280414288,,False,abs_delta_mean
bag8,APSFailure,adversarial_lgbm_cal_iso_feature,test_time_variant,M6_adversarial,TabArena_IID,classification,3,False,50666,25334,170,0,170,0.0,0.5018079,0.0059871498851508,DAUC < 0.55,source::APSFailure,,0.0077953991909039,0.0079828524896556,-0.0001874532987517,True,near_perfect_baseline,-2.404665805574931,,-3.057190179841839,,False,abs_delta_mean
bag8,APSFailure,adversarial_lgbm_cal_platt_feature,test_time_variant,M6_adversarial,TabArena_IID,classification,3,False,50666,25334,170,0,170,0.0,0.5018079,0.0059871498851508,DAUC < 0.55,source::APSFailure,,0.0077953991909039,0.0079766797377971,-0.0001812805468932,True,near_perfect_baseline,-2.3254812544397865,,-2.940214126993624,,False,abs_delta_mean
bag8,APSFailure,adversarial_lgbm_feature,test_time_variant,M6_adversarial,TabArena_IID,classification,3,False,50666,25334,170,0,170,0.0,0.5018079,0.0059871498851508,DAUC < 0.55,source::APSFailure,,0.0077953991909039,0.0079831590970107,-0.0001877599061068,True,near_perfect_baseline,-2.408598989080033,,-2.2599741466594163,,False,abs_delta_mean
bag8,APSFailure,adversarial_logreg_feature,test_time_variant,M6_adversarial,TabArena_IID,classification,3,False,50666,25334,170,0,170,0.0,0.5018079,0.0059871498851508,DAUC < 0.55,source::APSFailure,,0.0077953991909039,0.0077576828528418,3.7716338062043775e-05,True,near_perfect_baseline,0.4838281804227956,,0.4949397737798905,,False,abs_delta_mean
bag8,APSFailure,adversarial_reweight_lgbm_cal_iso_ratio_hard,test_time_variant,M6_adversarial,TabArena_IID,classification,3,False,50666,25334,170,0,170,0.0,0.5018079,0.0059871498851508,DAUC < 0.55,source::APSFailure,,0.0077953991909039,0.0077566095039962,3.878968690769943e-05,True,near_perfect_baseline,0.4975971846696681,,0.7215225626514422,,False,abs_delta_mean
bag8,APSFailure,adversarial_reweight_lgbm_cal_iso_ratio_hard_tempered,test_time_variant,M6_adversarial,TabArena_IID,classification,3,False,50666,25334,170,0,170,0.0,0.5018079,0.0059871498851508,DAUC < 0.55,source::APSFailure,,0.0077953991909039,0.0080458730498621,-0.0002504738589582,True,near_perfect_baseline,-3.213098557550399,,-2.6742928131104224,,False,abs_delta_mean
bag8,APSFailure,adversarial_reweight_lgbm_cal_iso_ratio_winsorize,test_time_variant,M6_adversarial,TabArena_IID,classification,3,False,50666,25334,170,0,170,0.0,0.5018079,0.0059871498851508,DAUC < 0.55,source::APSFailure,,0.0077953991909039,0.0080069337882851,-0.0002115345973812,True,near_perfect_baseline,-2.713582617142688,,-2.590700261883686,,False,abs_delta_mean
bag8,APSFailure,adversarial_reweight_lgbm_ratio_hard,test_time_variant,M6_adversarial,TabArena_IID,classification,3,False,50666,25334,170,0,170,0.0,0.5018079,0.0059871498851508,DAUC < 0.55,source::APSFailure,,0.0077953991909039,0.0081295838695973,-0.0003341846786934,True,near_perfect_baseline,-4.286947602162258,,-4.287600744117495,,False,abs_delta_mean
bag8,APSFailure,adversarial_reweight_lgbm_ratio_hard_tempered,test_time_variant,M6_adversarial,TabArena_IID,classification,3,False,50666,25334,170,0,170,0.0,0.5018079,0.0059871498851508,DAUC < 0.55,source::APSFailure,,0.0077953991909039,0.0077789285115151,1.6470679388776627e-05,True,near_perfect_baseline,0.2112871834452821,,-0.2870512593587186,,False,abs_delta_mean
bag8,APSFailure,adversarial_reweight_lgbm_ratio_normalize,test_time_variant,M6_adversarial,TabArena_IID,classification,3,False,50666,25334,170,0,170,0.0,0.5018079,0.0059871498851508,DAUC < 0.55,source::APSFailure,,0.0077953991909039,0.0079768959565389,-0.000181496765635,True,near_perfect_baseline,-2.328254925633586,,-1.440389296476157,,False,abs_delta_mean
bag8,APSFailure,adversarial_reweight_lgbm_ratio_winsorize,test_time_variant,M6_adversarial,TabArena_IID,classification,3,False,50666,25334,170,0,170,0.0,0.5018079,0.0059871498851508,DAUC < 0.55,source::APSFailure,,0.0077953991909039,0.0079389375197794,-0.0001435383288754,True,near_perfect_baseline,-1.8413210838896887,,-2.014742020166833,,False,abs_delta_mean
bag8,APSFailure,adversarial_reweight_lgbm_ratio_winsorize_tempered,test_time_variant,M6_adversarial,TabArena_IID,classification,3,False,50666,25334,170,0,170,0.0,0.5018079,0.0059871498851508,DAUC < 0.55,source::APSFailure,,0.0077953991909039,0.0081498106484447,-0.0003544114575408,True,near_perfect_baseline,-4.546418327805009,,-4.665989355189468,,False,abs_delta_mean
bag8,APSFailure,adversarial_reweight_lgbm_raw_hard,test_time_variant,M6_adversarial,TabArena_IID,classification,3,False,50666,25334,170,0,170,0.0,0.5018079,0.0059871498851508,DAUC < 0.55,source::APSFailure,,0.0077953991909039,0.0078424726627433,-4.707347183940946e-05,True,near_perfect_baseline,-0.6038622357445964,,-0.6751034383408706,,False,abs_delta_mean
bag8,APSFailure,adversarial_rf_feature,test_time_variant,M6_adversarial,TabArena_IID,classification,3,False,50666,25334,170,0,170,0.0,0.5018079,0.0059871498851508,DAUC < 0.55,source::APSFailure,,0.0077953991909039,0.007919040264159,-0.0001236410732551,True,near_perfect_baseline,-1.586077508377016,,-1.5455847318962253,,False,abs_delta_mean
bag8,APSFailure,cluster_membership_k10_both,test_time_variant,M20_cluster_membership,TabArena_IID,classification,3,False,50666,25334,170,0,170,0.0,0.5018079,0.0059871498851508,DAUC < 0.55,source::APSFailure,,0.0077953991909039,0.0077820734998067,1.3325691097206455e-05,True,near_perfect_baseline,0.1709430238384218,,0.2930769854796413,,False,abs_delta_mean
bag8,APSFailure,cluster_membership_k10_both_cumshift,test_time_variant,M20_cluster_membership,TabArena_IID,classification,3,False,50666,25334,170,0,170,0.0,0.5018079,0.0059871498851508,DAUC < 0.55,source::APSFailure,,0.0077953991909039,0.007275101935392,0.0005202972555119,True,near_perfect_baseline,6.674414520285521,,6.845008712953305,,False,abs_delta_mean
bag8,APSFailure,cluster_membership_k10_feature,test_time_variant,M20_cluster_membership,TabArena_IID,classification,3,False,50666,25334,170,0,170,0.0,0.5018079,0.0059871498851508,DAUC < 0.55,source::APSFailure,,0.0077953991909039,0.0079879602749693,-0.0001925610840654,True,near_perfect_baseline,-2.470188881284814,,-2.630806558212113,,False,abs_delta_mean
bag8,APSFailure,cluster_membership_k10_feature_cumshift,test_time_variant,M20_cluster_membership,TabArena_IID,classification,3,False,50666,25334,170,0,170,0.0,0.5018079,0.0059871498851508,DAUC < 0.55,source::APSFailure,,0.0077953991909039,0.0074044151490996,0.0003909840418042,True,near_perfect_baseline,5.015574343651952,,4.2414069350297785,,False,abs_delta_mean
bag8,APSFailure,cluster_membership_k10_weight,test_time_variant,M20_cluster_membership,TabArena_IID,classification,3,False,50666,25334,170,0,170,0.0,0.5018079,0.0059871498851508,DAUC < 0.55,source::APSFailure,,0.0077953991909039,0.0080055896241903,-0.0002101904332864,True,near_perfect_baseline,-2.696339573368687,,-2.922742355338374,,False,abs_delta_mean
bag8,APSFailure,cluster_membership_k15_both,test_time_variant,M20_cluster_membership,TabArena_IID,classification,3,False,50666,25334,170,0,170,0.0,0.5018079,0.0059871498851508,DAUC < 0.55,source::APSFailure,,0.0077953991909039,0.0075819858107406,0.0002134133801632,True,near_perfect_baseline,2.7376837918993515,,2.353596144149489,,False,abs_delta_mean
bag8,APSFailure,cluster_membership_k5_both,test_time_variant,M20_cluster_membership,TabArena_IID,classification,3,False,50666,25334,170,0,170,0.0,0.5018079,0.0059871498851508,DAUC < 0.55,source::APSFailure,,0.0077953991909039,0.0084202127743491,-0.0006248135834452,True,near_perfect_baseline,-8.015158276619635,,-8.704539142683885,,False,abs_delta_mean
bag8,APSFailure,cluster_membership_k5_feature,test_time_variant,M20_cluster_membership,TabArena_IID,classification,3,False,50666,25334,170,0,170,0.0,0.5018079,0.0059871498851508,DAUC < 0.55,source::APSFailure,,0.0077953991909039,0.00824634874703,-0.0004509495561261,True,near_perfect_baseline,-5.784816724361623,,-6.317803671005287,,False,abs_delta_mean
bag8,APSFailure,freq_enc_train_only,train_only_version,baselines,TabArena_IID,classification,3,False,50666,25334,170,0,170,0.0,0.5018079,0.0059871498851508,DAUC < 0.55,source::APSFailure,,0.0077953991909039,0.0077953991909039,0.0,True,near_perfect_baseline,0.0,,0.0,,False,abs_delta_mean
bag8,APSFailure,freq_ratio_log,test_time_variant,M2_freq_ratio,TabArena_IID,classification,3,False,50666,25334,170,0,170,0.0,0.5018079,0.0059871498851508,DAUC < 0.55,source::APSFailure,,0.0077953991909039,0.0077953991909039,0.0,True,near_perfect_baseline,0.0,,0.0,,False,abs_delta_mean
bag8,APSFailure,freq_ratio_log__sel_combined_intersection,test_time_variant,selective,TabArena_IID,classification,3,False,50666,25334,170,0,170,0.0,0.5018079,0.0059871498851508,DAUC < 0.55,source::APSFailure,,0.0077953991909039,0.0079898989131166,-0.0001944997222127,True,near_perfect_baseline,-2.495057885421702,,-2.537956374277425,,False,abs_delta_mean
bag8,APSFailure,freq_ratio_log__sel_combined_union,test_time_variant,selective,TabArena_IID,classification,3,False,50666,25334,170,0,170,0.0,0.5018079,0.0059871498851508,DAUC < 0.55,source::APSFailure,,0.0077953991909039,0.0078615815677474,-6.618237684356358e-05,True,near_perfect_baseline,-0.8489927869350028,,-0.7682346908541916,,False,abs_delta_mean
bag8,APSFailure,freq_ratio_v2_both_gated,test_time_variant,M2_freq_ratio,TabArena_IID,classification,3,False,50666,25334,170,0,170,0.0,0.5018079,0.0059871498851508,DAUC < 0.55,source::APSFailure,,0.0077953991909039,0.0077953991909039,0.0,True,near_perfect_baseline,0.0,,0.0,,False,abs_delta_mean
bag8,APSFailure,freq_ratio_v2_diff_gated,test_time_variant,M2_freq_ratio,TabArena_IID,classification,3,False,50666,25334,170,0,170,0.0,0.5018079,0.0059871498851508,DAUC < 0.55,source::APSFailure,,0.0077953991909039,0.0077953991909039,0.0,True,near_perfect_baseline,0.0,,0.0,,False,abs_delta_mean
bag8,APSFailure,freq_ratio_v2_ratio_gated,test_time_variant,M2_freq_ratio,TabArena_IID,classification,3,False,50666,25334,170,0,170,0.0,0.5018079,0.0059871498851508,DAUC < 0.55,source::APSFailure,,0.0077953991909039,0.0077953991909039,0.0,True,near_perfect_baseline,0.0,,0.0,,False,abs_delta_mean
bag8,APSFailure,freq_ratio_v2_ratio_ungated,test_time_variant,M2_freq_ratio,TabArena_IID,classification,3,False,50666,25334,170,0,170,0.0,0.5018079,0.0059871498851508,DAUC < 0.55,source::APSFailure,,0.0077953991909039,0.0077953991909039,0.0,True,near_perfect_baseline,0.0,,0.0,,False,abs_delta_mean
bag8,APSFailure,groupby_shift_cohen_d,test_time_variant,M14_groupby,TabArena_IID,classification,3,False,50666,25334,170,0,170,0.0,0.5018079,0.0059871498851508,DAUC < 0.55,source::APSFailure,,0.0077953991909039,0.0072746261521699,0.0005207730387339,True,near_perfect_baseline,6.680517905249234,,5.729535776111065,,False,abs_delta_mean
bag8,APSFailure,groupby_shift_cohen_d__sel_combined_intersection,test_time_variant,selective,TabArena_IID,classification,3,False,50666,25334,170,0,170,0.0,0.5018079,0.0059871498851508,DAUC < 0.55,source::APSFailure,,0.0077953991909039,0.0079898989131166,-0.0001944997222127,True,near_perfect_baseline,-2.495057885421702,,-2.537956374277425,,False,abs_delta_mean
bag8,APSFailure,groupby_shift_cohen_d__sel_combined_union,test_time_variant,selective,TabArena_IID,classification,3,False,50666,25334,170,0,170,0.0,0.5018079,0.0059871498851508,DAUC < 0.55,source::APSFailure,,0.0077953991909039,0.0078710775991183,-7.567840821446718e-05,True,near_perfect_baseline,-0.970808631619186,,-1.3049590165437606,,False,abs_delta_mean
bag8,APSFailure,groupby_shift_cohen_d_min10,test_time_variant,M14_groupby,TabArena_IID,classification,3,False,50666,25334,170,0,170,0.0,0.5018079,0.0059871498851508,DAUC < 0.55,source::APSFailure,,0.0077953991909039,0.0075525611299609,0.0002428380609429,True,near_perfect_baseline,3.1151459341085928,,2.5150581178252183,,False,abs_delta_mean
bag8,APSFailure,groupby_shift_ratio_log,test_time_variant,M14_groupby,TabArena_IID,classification,3,False,50666,25334,170,0,170,0.0,0.5018079,0.0059871498851508,DAUC < 0.55,source::APSFailure,,0.0077953991909039,0.0074849868449667,0.0003104123459371,True,near_perfect_baseline,3.98199422935694,,3.711607590915978,,False,abs_delta_mean
bag8,APSFailure,groupby_shift_ratio_raw,test_time_variant,M14_groupby,TabArena_IID,classification,3,False,50666,25334,170,0,170,0.0,0.5018079,0.0059871498851508,DAUC < 0.55,source::APSFailure,,0.0077953991909039,0.0075225555525437,0.0002728436383601,True,near_perfect_baseline,3.500059864523069,,2.502031384085223,,False,abs_delta_mean
bag8,APSFailure,groupby_train_only,train_only_version,baselines,TabArena_IID,classification,3,False,50666,25334,170,0,170,0.0,0.5018079,0.0059871498851508,DAUC < 0.55,source::APSFailure,,0.0077953991909039,0.0076288484183115,0.0001665507725923,True,near_perfect_baseline,2.1365265397401125,,0.6410970167282626,,False,abs_delta_mean
bag8,APSFailure,joint_freq_combined,test_time_variant,M1_joint_freq,TabArena_IID,classification,3,False,50666,25334,170,0,170,0.0,0.5018079,0.0059871498851508,DAUC < 0.55,source::APSFailure,,0.0077953991909039,0.0077953991909039,0.0,True,near_perfect_baseline,0.0,,0.0,,False,abs_delta_mean
bag8,APSFailure,joint_freq_combined__sel_combined_intersection,test_time_variant,selective,TabArena_IID,classification,3,False,50666,25334,170,0,170,0.0,0.5018079,0.0059871498851508,DAUC < 0.55,source::APSFailure,,0.0077953991909039,0.0079898989131166,-0.0001944997222127,True,near_perfect_baseline,-2.495057885421702,,-2.537956374277425,,False,abs_delta_mean
bag8,APSFailure,joint_freq_combined__sel_combined_union,test_time_variant,selective,TabArena_IID,classification,3,False,50666,25334,170,0,170,0.0,0.5018079,0.0059871498851508,DAUC < 0.55,source::APSFailure,,0.0077953991909039,0.0078615815677474,-6.618237684356358e-05,True,near_perfect_baseline,-0.8489927869350028,,-0.7682346908541916,,False,abs_delta_mean
bag8,APSFailure,joint_freq_separate,test_time_variant,M1_joint_freq,TabArena_IID,classification,3,False,50666,25334,170,0,170,0.0,0.5018079,0.0059871498851508,DAUC < 0.55,source::APSFailure,,0.0077953991909039,0.0077953991909039,0.0,True,near_perfect_baseline,0.0,,0.0,,False,abs_delta_mean
bag8,APSFailure,joint_freq_separate__sel_combined_intersection,test_time_variant,selective,TabArena_IID,classification,3,False,50666,25334,170,0,170,0.0,0.5018079,0.0059871498851508,DAUC < 0.55,source::APSFailure,,0.0077953991909039,0.0079898989131166,-0.0001944997222127,True,near_perfect_baseline,-2.495057885421702,,-2.537956374277425,,False,abs_delta_mean
bag8,APSFailure,joint_freq_separate__sel_combined_union,test_time_variant,selective,TabArena_IID,classification,3,False,50666,25334,170,0,170,0.0,0.5018079,0.0059871498851508,DAUC < 0.55,source::APSFailure,,0.0077953991909039,0.0078615815677474,-6.618237684356358e-05,True,near_perfect_baseline,-0.8489927869350028,,-0.7682346908541916,,False,abs_delta_mean
bag8,APSFailure,joint_groupby_combined,test_time_variant,M14_groupby,TabArena_IID,classification,3,False,50666,25334,170,0,170,0.0,0.5018079,0.0059871498851508,DAUC < 0.55,source::APSFailure,,0.0077953991909039,0.007425056389698,0.0003703428012059,True,near_perfect_baseline,4.750786869748214,,3.4650155289965543,,False,abs_delta_mean
bag8,APSFailure,joint_groupby_combined__sel_combined_intersection,test_time_variant,selective,TabArena_IID,classification,3,False,50666,25334,170,0,170,0.0,0.5018079,0.0059871498851508,DAUC < 0.55,source::APSFailure,,0.0077953991909039,0.0079898989131166,-0.0001944997222127,True,near_perfect_baseline,-2.495057885421702,,-2.537956374277425,,False,abs_delta_mean
bag8,APSFailure,joint_groupby_combined__sel_combined_union,test_time_variant,selective,TabArena_IID,classification,3,False,50666,25334,170,0,170,0.0,0.5018079,0.0059871498851508,DAUC < 0.55,source::APSFailure,,0.0077953991909039,0.0078829262204378,-8.752702953396252e-05,True,near_perfect_baseline,-1.12280368702725,,-0.9504981815387912,,False,abs_delta_mean
bag8,APSFailure,joint_groupby_mean_only,test_time_variant,M14_groupby,TabArena_IID,classification,3,False,50666,25334,170,0,170,0.0,0.5018079,0.0059871498851508,DAUC < 0.55,source::APSFailure,,0.0077953991909039,0.0077241653144628,7.123387644110875e-05,True,near_perfect_baseline,0.9137938250067904,,0.4516906833545147,,False,abs_delta_mean
bag8,APSFailure,joint_groupby_separate,test_time_variant,M14_groupby,TabArena_IID,classification,3,False,50666,25334,170,0,170,0.0,0.5018079,0.0059871498851508,DAUC < 0.55,source::APSFailure,,0.0077953991909039,0.0073676210553644,0.0004277781355394,True,near_perfect_baseline,5.487571900597393,,4.907943599535875,,False,abs_delta_mean
bag8,APSFailure,joint_pca_10,test_time_variant,M3_joint_pca,TabArena_IID,classification,3,False,50666,25334,170,0,170,0.0,0.5018079,0.0059871498851508,DAUC < 0.55,source::APSFailure,,0.0077953991909039,0.0078311649707408,-3.576577983688267e-05,True,near_perfect_baseline,-0.4588062645799484,,-0.4397253850978084,,False,abs_delta_mean
bag8,APSFailure,joint_pca_5,test_time_variant,M3_joint_pca,TabArena_IID,classification,3,False,50666,25334,170,0,170,0.0,0.5018079,0.0059871498851508,DAUC < 0.55,source::APSFailure,,0.0077953991909039,0.0077641445550414,3.125463586250987e-05,True,near_perfect_baseline,0.4009369513620214,,0.4903786664783716,,False,abs_delta_mean
bag8,APSFailure,joint_pca_var90,test_time_variant,M3_joint_pca,TabArena_IID,classification,3,False,50666,25334,170,0,170,0.0,0.5018079,0.0059871498851508,DAUC < 0.55,source::APSFailure,,0.0077953991909039,0.007633040014953,0.0001623591759509,True,near_perfect_baseline,2.082756405090226,,1.1193531971205417,,False,abs_delta_mean
bag8,APSFailure,joint_pca_var95,test_time_variant,M3_joint_pca,TabArena_IID,classification,3,False,50666,25334,170,0,170,0.0,0.5018079,0.0059871498851508,DAUC < 0.55,source::APSFailure,,0.0077953991909039,0.0074688557921866,0.0003265433987172,True,near_perfect_baseline,4.188924655690312,,3.687845579583808,,False,abs_delta_mean
bag8,APSFailure,joint_scaling,test_time_variant,M5_joint_scaling,TabArena_IID,classification,3,False,50666,25334,170,0,170,0.0,0.5018079,0.0059871498851508,DAUC < 0.55,source::APSFailure,,0.0077953991909039,0.0079726614603654,-0.0001772622694615,True,near_perfect_baseline,-2.273934472378793,,-2.684940139474892,,False,abs_delta_mean
bag8,APSFailure,joint_tsne_2d_p30,test_time_variant,M3b_joint_tsne,TabArena_IID,classification,3,False,50666,25334,170,0,170,0.0,0.5018079,0.0059871498851508,DAUC < 0.55,source::APSFailure,,0.0077953991909039,0.0075779736527073,0.0002174255381965,True,near_perfect_baseline,2.7891520738321542,,3.584245296247501,,False,abs_delta_mean
bag8,APSFailure,joint_tsne_2d_p50,test_time_variant,M3b_joint_tsne,TabArena_IID,classification,3,False,50666,25334,170,0,170,0.0,0.5018079,0.0059871498851508,DAUC < 0.55,source::APSFailure,,0.0077953991909039,0.0076082626985045,0.0001871364923993,True,near_perfect_baseline,2.4006017885236126,,3.3700006127247804,,False,abs_delta_mean
bag8,APSFailure,joint_tsne_3d_p30,test_time_variant,M3b_joint_tsne,TabArena_IID,classification,3,False,50666,25334,170,0,170,0.0,0.5018079,0.0059871498851508,DAUC < 0.55,source::APSFailure,,0.0077953991909039,0.0073897843050722,0.0004056148858317,True,near_perfect_baseline,5.20325997294679,,4.591409608050248,,False,abs_delta_mean
bag8,APSFailure,label_prop_k10_a05,test_time_variant,M8_label_prop,TabArena_IID,classification,3,False,50666,25334,170,0,170,0.0,0.5018079,0.0059871498851508,DAUC < 0.55,source::APSFailure,,0.0077953991909039,0.0081880465616733,-0.0003926473707694,True,near_perfect_baseline,-5.036911659734097,,-5.310491185563811,,False,abs_delta_mean
bag8,APSFailure,label_prop_k15_a05,test_time_variant,M8_label_prop,TabArena_IID,classification,3,False,50666,25334,170,0,170,0.0,0.5018079,0.0059871498851508,DAUC < 0.55,source::APSFailure,,0.0077953991909039,0.0078807457066963,-8.534651579243195e-05,True,near_perfect_baseline,-1.094831883555354,,-2.661869306845071,,False,abs_delta_mean
bag8,APSFailure,label_prop_k15_a08,test_time_variant,M8_label_prop,TabArena_IID,classification,3,False,50666,25334,170,0,170,0.0,0.5018079,0.0059871498851508,DAUC < 0.55,source::APSFailure,,0.0077953991909039,0.0079615942097232,-0.0001661950188193,True,near_perfect_baseline,-2.131962902083031,,-3.375208993532409,,False,abs_delta_mean
bag8,APSFailure,label_prop_v3_adaptive,test_time_variant,M8_label_prop,TabArena_IID,classification,3,False,50666,25334,170,0,170,0.0,0.5018079,0.0059871498851508,DAUC < 0.55,source::APSFailure,,0.0077953991909039,0.0080168179233734,-0.0002214187324695,True,near_perfect_baseline,-2.840377087140571,,-1.5657352793616264,,False,abs_delta_mean
bag8,APSFailure,label_prop_v3_t005_k10,test_time_variant,M8_label_prop,TabArena_IID,classification,3,False,50666,25334,170,0,170,0.0,0.5018079,0.0059871498851508,DAUC < 0.55,source::APSFailure,,0.0077953991909039,0.0081197976767544,-0.0003243984858505,True,near_perfect_baseline,-4.161409543068588,,-4.330500674424566,,False,abs_delta_mean
bag8,APSFailure,label_prop_v3_t005_k15,test_time_variant,M8_label_prop,TabArena_IID,classification,3,False,50666,25334,170,0,170,0.0,0.5018079,0.0059871498851508,DAUC < 0.55,source::APSFailure,,0.0077953991909039,0.0082998063449459,-0.000504407154042,True,near_perfect_baseline,-6.470575036498346,,-6.074945523477258,,False,abs_delta_mean
bag8,APSFailure,label_prop_v3_t01_k15,test_time_variant,M8_label_prop,TabArena_IID,classification,3,False,50666,25334,170,0,170,0.0,0.5018079,0.0059871498851508,DAUC < 0.55,source::APSFailure,,0.0077953991909039,0.0079443452193562,-0.0001489460284523,True,near_perfect_baseline,-1.910691483588352,,-1.952644687958136,,False,abs_delta_mean
bag8,APSFailure,label_prop_weighted_adaptive_a05,test_time_variant,M8_label_prop,TabArena_IID,classification,3,False,50666,25334,170,0,170,0.0,0.5018079,0.0059871498851508,DAUC < 0.55,source::APSFailure,,0.0077953991909039,0.0081583183969815,-0.0003629192060776,True,near_perfect_baseline,-4.655556401795873,,-6.696610873420736,,False,abs_delta_mean
bag8,APSFailure,label_prop_weighted_k10_a05,test_time_variant,M8_label_prop,TabArena_IID,classification,3,False,50666,25334,170,0,170,0.0,0.5018079,0.0059871498851508,DAUC < 0.55,source::APSFailure,,0.0077953991909039,0.0085021669442944,-0.0007067677533905,True,near_perfect_baseline,-9.066472878197752,,-10.32596800957081,,False,abs_delta_mean
bag8,APSFailure,label_prop_weighted_k15_a05,test_time_variant,M8_label_prop,TabArena_IID,classification,3,False,50666,25334,170,0,170,0.0,0.5018079,0.0059871498851508,DAUC < 0.55,source::APSFailure,,0.0077953991909039,0.00811916304415,-0.0003237638532461,True,near_perfect_baseline,-4.153268425611309,,-5.491297973557828,,False,abs_delta_mean
bag8,APSFailure,label_prop_weighted_k15_a08,test_time_variant,M8_label_prop,TabArena_IID,classification,3,False,50666,25334,170,0,170,0.0,0.5018079,0.0059871498851508,DAUC < 0.55,source::APSFailure,,0.0077953991909039,0.0077077997803614,8.759941054251967e-05,True,near_perfect_baseline,1.1237321963541715,,-1.0510219960755147,,False,abs_delta_mean
bag8,APSFailure,leaf_density_conf,test_time_variant,M18_leaf_density,TabArena_IID,classification,3,False,50666,25334,170,0,170,0.0,0.5018079,0.0059871498851508,DAUC < 0.55,source::APSFailure,,0.0077953991909039,0.0077595544325821,3.5844758321782834e-05,True,near_perfect_baseline,0.4598194068574276,,0.0065118259581618,,False,abs_delta_mean
bag8,APSFailure,leaf_density_conf_cumshift,test_time_variant,M18_leaf_density,TabArena_IID,classification,3,False,50666,25334,170,0,170,0.0,0.5018079,0.0059871498851508,DAUC < 0.55,source::APSFailure,,0.0077953991909039,0.0080409732603485,-0.0002455740694446,True,near_perfect_baseline,-3.1502436684860182,,-2.823681241802016,,False,abs_delta_mean
bag8,APSFailure,leaf_density_conf_deep,test_time_variant,M18_leaf_density,TabArena_IID,classification,3,False,50666,25334,170,0,170,0.0,0.5018079,0.0059871498851508,DAUC < 0.55,source::APSFailure,,0.0077953991909039,0.0079249320017712,-0.0001295328108673,True,near_perfect_baseline,-1.661657186439783,,-1.2103890356466096,,False,abs_delta_mean
bag8,APSFailure,leaf_density_conf_shallow,test_time_variant,M18_leaf_density,TabArena_IID,classification,3,False,50666,25334,170,0,170,0.0,0.5018079,0.0059871498851508,DAUC < 0.55,source::APSFailure,,0.0077953991909039,0.008225962736338,-0.0004305635454341,True,near_perfect_baseline,-5.523303359968769,,-5.932829319151576,,False,abs_delta_mean
bag8,APSFailure,leaf_density_embed_k10,test_time_variant,M18_leaf_density,TabArena_IID,classification,3,False,50666,25334,170,0,170,0.0,0.5018079,0.0059871498851508,DAUC < 0.55,source::APSFailure,,0.0077953991909039,0.0078504742222974,-5.507503139353295e-05,True,near_perfect_baseline,-0.7065068772590514,,0.40588454566816,,False,abs_delta_mean
bag8,APSFailure,leaf_density_embed_k10_cumshift,test_time_variant,M18_leaf_density,TabArena_IID,classification,2,False,50666,25334,170,0,170,0.0,0.5018079,0.0059871498851508,DAUC < 0.55,source::APSFailure,,0.0069729917007093,0.0071286043674624,-0.0001556126667531,True,near_perfect_baseline,-2.2316485295299446,,-2.275332597394619,,False,abs_delta_mean
bag8,APSFailure,leaf_density_embed_k20,test_time_variant,M18_leaf_density,TabArena_IID,classification,1,True,50666,25334,170,0,170,0.0,0.5018079,0.0059871498851508,DAUC < 0.55,source::APSFailure,,0.0053627177280738,0.0046180795042751,0.0007446382237986,True,near_perfect_baseline,13.885463706219014,,13.885463706219014,,False,abs_delta_mean
bag8,APSFailure,leaf_density_embed_k5,test_time_variant,M18_leaf_density,TabArena_IID,classification,3,False,50666,25334,170,0,170,0.0,0.5018079,0.0059871498851508,DAUC < 0.55,source::APSFailure,,0.0077953991909039,0.007673613984559,0.0001217852063448,True,near_perfect_baseline,1.5622703002424805,,1.439665105956937,,False,abs_delta_mean
bag8,APSFailure,nearest_test_k10_both,test_time_variant,M16_nearest_test_dist,TabArena_IID,classification,3,False,50666,25334,170,0,170,0.0,0.5018079,0.0059871498851508,DAUC < 0.55,source::APSFailure,,0.0077953991909039,0.0110159601080245,-0.0032205609171206,True,near_perfect_baseline,-41.313611250063474,,-48.43497812360178,,False,abs_delta_mean
bag8,APSFailure,nearest_test_k10_cumshift_both,test_time_variant,M16_nearest_test_dist,TabArena_IID,classification,3,False,50666,25334,170,0,170,0.0,0.5018079,0.0059871498851508,DAUC < 0.55,source::APSFailure,,0.0077953991909039,0.0113206048253973,-0.0035252056344933,True,near_perfect_baseline,-45.221617882080885,,-49.37665624493054,,False,abs_delta_mean
bag8,APSFailure,nearest_test_k10_filter_both,test_time_variant,M16_nearest_test_dist,TabArena_IID,classification,3,False,50666,25334,170,0,170,0.0,0.5018079,0.0059871498851508,DAUC < 0.55,source::APSFailure,,0.0077953991909039,0.0082051979603854,-0.0004097987694815,True,near_perfect_baseline,-5.256931164727582,,-7.134970628361915,,False,abs_delta_mean
bag8,APSFailure,nearest_test_k5_both,test_time_variant,M16_nearest_test_dist,TabArena_IID,classification,3,False,50666,25334,170,0,170,0.0,0.5018079,0.0059871498851508,DAUC < 0.55,source::APSFailure,,0.0077953991909039,0.010039080963895,-0.0022436817729911,True,near_perfect_baseline,-28.78212799684733,,-27.62185409066962,,False,abs_delta_mean
bag8,APSFailure,nearest_test_rel_k10_both,test_time_variant,M16_nearest_test_dist,TabArena_IID,classification,3,False,50666,25334,170,0,170,0.0,0.5018079,0.0059871498851508,DAUC < 0.55,source::APSFailure,,0.0077953991909039,0.0082162186143588,-0.0004208194234549,True,near_perfect_baseline,-5.398304989255088,,-6.22154144154631,,False,abs_delta_mean
bag8,APSFailure,nearest_test_rel_k10_cumshift_both,test_time_variant,M16_nearest_test_dist,TabArena_IID,classification,3,False,50666,25334,170,0,170,0.0,0.5018079,0.0059871498851508,DAUC < 0.55,source::APSFailure,,0.0077953991909039,0.0080845443327861,-0.0002891451418822,True,near_perfect_baseline,-3.70917684651211,,-4.441133591389346,,False,abs_delta_mean
bag8,APSFailure,nearest_test_rel_k5_both,test_time_variant,M16_nearest_test_dist,TabArena_IID,classification,3,False,50666,25334,170,0,170,0.0,0.5018079,0.0059871498851508,DAUC < 0.55,source::APSFailure,,0.0077953991909039,0.0078848127799554,-8.941358905156793e-05,True,near_perfect_baseline,-1.1470046223662222,,-1.5728607986837968,,False,abs_delta_mean
bag8,APSFailure,neighbor_consensus_k10_dist,test_time_variant,M19_neighbor_consensus,TabArena_IID,classification,3,False,50666,25334,170,0,170,0.0,0.5018079,0.0059871498851508,DAUC < 0.55,source::APSFailure,,0.0077953991909039,0.0078833551201443,-8.795592924041677e-05,True,near_perfect_baseline,-1.1283056465286423,,-1.425191060367809,,False,abs_delta_mean
bag8,APSFailure,neighbor_consensus_k10_dist_cumshift,test_time_variant,M19_neighbor_consensus,TabArena_IID,classification,3,False,50666,25334,170,0,170,0.0,0.5018079,0.0059871498851508,DAUC < 0.55,source::APSFailure,,0.0077953991909039,0.008276699624248,-0.0004813004333441,True,near_perfect_baseline,-6.174160188047352,,-8.06708206299975,,False,abs_delta_mean
bag8,APSFailure,neighbor_consensus_k10_uniform,test_time_variant,M19_neighbor_consensus,TabArena_IID,classification,3,False,50666,25334,170,0,170,0.0,0.5018079,0.0059871498851508,DAUC < 0.55,source::APSFailure,,0.0077953991909039,0.0084963988376521,-0.0007009996467481,True,near_perfect_baseline,-8.992479148035839,,-10.414666135157162,,False,abs_delta_mean
bag8,APSFailure,neighbor_consensus_k20_dist,test_time_variant,M19_neighbor_consensus,TabArena_IID,classification,3,False,50666,25334,170,0,170,0.0,0.5018079,0.0059871498851508,DAUC < 0.55,source::APSFailure,,0.0077953991909039,0.0074199501979777,0.0003754489929261,True,near_perfect_baseline,4.8162895027143655,,1.3264589386485082,,False,abs_delta_mean
bag8,APSFailure,neighbor_consensus_k5_dist,test_time_variant,M19_neighbor_consensus,TabArena_IID,classification,3,False,50666,25334,170,0,170,0.0,0.5018079,0.0059871498851508,DAUC < 0.55,source::APSFailure,,0.0077953991909039,0.0082703186216144,-0.0004749194307105,True,near_perfect_baseline,-6.092304179427583,,-8.05983035243439,,False,abs_delta_mean
bag8,APSFailure,neighbor_consensus_k5_dist_cumshift,test_time_variant,M19_neighbor_consensus,TabArena_IID,classification,3,False,50666,25334,170,0,170,0.0,0.5018079,0.0059871498851508,DAUC < 0.55,source::APSFailure,,0.0077953991909039,0.0089870612174253,-0.0011916620265213,True,near_perfect_baseline,-15.286735128483093,,-17.486015483503408,,False,abs_delta_mean
bag8,APSFailure,ot_disp_v2_selective,test_time_variant,M9_ot_displacement,TabArena_IID,classification,3,False,50666,25334,170,0,170,0.0,0.5018079,0.0059871498851508,DAUC < 0.55,source::APSFailure,,0.0077953991909039,0.0081514939929419,-0.0003560948020379,True,near_perfect_baseline,-4.568012404720636,,-6.257908827515915,,False,abs_delta_mean
bag8,APSFailure,ot_disp_v2_selective_abs,test_time_variant,M9_ot_displacement,TabArena_IID,classification,3,False,50666,25334,170,0,170,0.0,0.5018079,0.0059871498851508,DAUC < 0.55,source::APSFailure,,0.0077953991909039,0.0078988365286711,-0.0001034373377672,True,near_perfect_baseline,-1.3269023847804602,,-2.0504187846263715,,False,abs_delta_mean
bag8,APSFailure,ot_disp_v2_selective_and_summary,test_time_variant,M9_ot_displacement,TabArena_IID,classification,3,False,50666,25334,170,0,170,0.0,0.5018079,0.0059871498851508,DAUC < 0.55,source::APSFailure,,0.0077953991909039,0.0084814638722752,-0.0006860646813713,True,near_perfect_baseline,-8.800892225915868,,-10.45361071096522,,False,abs_delta_mean
bag8,APSFailure,ot_disp_v2_selective_and_summary_abs,test_time_variant,M9_ot_displacement,TabArena_IID,classification,3,False,50666,25334,170,0,170,0.0,0.5018079,0.0059871498851508,DAUC < 0.55,source::APSFailure,,0.0077953991909039,0.0079097261255298,-0.0001143269346259,True,near_perfect_baseline,-1.4665949982306814,,-2.253479945232373,,False,abs_delta_mean
bag8,APSFailure,ot_disp_v2_selective_and_summary_top10,test_time_variant,M9_ot_displacement,TabArena_IID,classification,3,False,50666,25334,170,0,170,0.0,0.5018079,0.0059871498851508,DAUC < 0.55,source::APSFailure,,0.0077953991909039,0.0082081583468266,-0.0004127591559226,True,near_perfect_baseline,-5.294907237134368,,-5.357211099664948,,False,abs_delta_mean
bag8,APSFailure,ot_disp_v2_selective_top10,test_time_variant,M9_ot_displacement,TabArena_IID,classification,3,False,50666,25334,170,0,170,0.0,0.5018079,0.0059871498851508,DAUC < 0.55,source::APSFailure,,0.0077953991909039,0.0079803258793164,-0.0001849266884125,True,near_perfect_baseline,-2.372254247457969,,-3.066092246729,,False,abs_delta_mean
bag8,APSFailure,ot_disp_v2_summary_only,test_time_variant,M9_ot_displacement,TabArena_IID,classification,3,False,50666,25334,170,0,170,0.0,0.5018079,0.0059871498851508,DAUC < 0.55,source::APSFailure,,0.0077953991909039,0.0077868605266567,8.538664247141151e-06,True,near_perfect_baseline,0.109534663178055,,0.0376270102922685,,False,abs_delta_mean
bag8,APSFailure,ot_displacement_mag,test_time_variant,M9_ot_displacement,TabArena_IID,classification,3,False,50666,25334,170,0,170,0.0,0.5018079,0.0059871498851508,DAUC < 0.55,source::APSFailure,,0.0077953991909039,0.0107300212121613,-0.0029346220212574,True,near_perfect_baseline,-37.64556438215154,,-38.06107284218714,,False,abs_delta_mean
bag8,APSFailure,ot_displacement_no_mag,test_time_variant,M9_ot_displacement,TabArena_IID,classification,3,False,50666,25334,170,0,170,0.0,0.5018079,0.0059871498851508,DAUC < 0.55,source::APSFailure,,0.0077953991909039,0.0102997736125391,-0.0025043744216352,True,near_perfect_baseline,-32.12631400015423,,-32.0954539240274,,False,abs_delta_mean
bag8,APSFailure,pca_train_only_10,train_only_version,baselines,TabArena_IID,classification,3,False,50666,25334,170,0,170,0.0,0.5018079,0.0059871498851508,DAUC < 0.55,source::APSFailure,,0.0077953991909039,0.0078881253505208,-9.272615961693673e-05,True,near_perfect_baseline,-1.1894985406922347,,-0.8845604276197058,,False,abs_delta_mean
bag8,APSFailure,pca_train_only_5,train_only_version,baselines,TabArena_IID,classification,3,False,50666,25334,170,0,170,0.0,0.5018079,0.0059871498851508,DAUC < 0.55,source::APSFailure,,0.0077953991909039,0.008007473060265,-0.0002120738693611,True,near_perfect_baseline,-2.720500440934846,,-2.894345032268133,,False,abs_delta_mean
bag8,APSFailure,pca_train_only_var90,train_only_version,baselines,TabArena_IID,classification,3,False,50666,25334,170,0,170,0.0,0.5018079,0.0059871498851508,DAUC < 0.55,source::APSFailure,,0.0077953991909039,0.0077590881471764,3.631104372751418e-05,True,near_perfect_baseline,0.4658009530786325,,1.1645604731158274,,False,abs_delta_mean
bag8,APSFailure,pca_train_only_var95,train_only_version,baselines,TabArena_IID,classification,3,False,50666,25334,170,0,170,0.0,0.5018079,0.0059871498851508,DAUC < 0.55,source::APSFailure,,0.0077953991909039,0.007591147697464,0.0002042514934399,True,near_perfect_baseline,2.6201543812950474,,3.2263598769259487,,False,abs_delta_mean
bag8,APSFailure,pseudo_label_lgbm_conf80_iter5,test_time_variant,M7_pseudo_label,TabArena_IID,classification,3,False,50666,25334,170,0,170,0.0,0.5018079,0.0059871498851508,DAUC < 0.55,source::APSFailure,,0.0077953991909039,0.0079686073589558,-0.0001732081680519,True,near_perfect_baseline,-2.221928137484372,,-1.946224019393881,,False,abs_delta_mean
bag8,APSFailure,pseudo_label_lgbm_conf90_iter1,test_time_variant,M7_pseudo_label,TabArena_IID,classification,3,False,50666,25334,170,0,170,0.0,0.5018079,0.0059871498851508,DAUC < 0.55,source::APSFailure,,0.0077953991909039,0.0077870752792927,8.323911611170706e-06,True,near_perfect_baseline,0.1067797993062889,,-0.438094805327082,,False,abs_delta_mean
bag8,APSFailure,pseudo_label_lgbm_conf90_iter3,test_time_variant,M7_pseudo_label,TabArena_IID,classification,3,False,50666,25334,170,0,170,0.0,0.5018079,0.0059871498851508,DAUC < 0.55,source::APSFailure,,0.0077953991909039,0.0078026272840036,-7.228093099757397e-06,True,near_perfect_baseline,-0.0927225524023315,,0.2908215155668092,,False,abs_delta_mean
bag8,APSFailure,pseudo_label_lgbm_conf95_iter3,test_time_variant,M7_pseudo_label,TabArena_IID,classification,3,False,50666,25334,170,0,170,0.0,0.5018079,0.0059871498851508,DAUC < 0.55,source::APSFailure,,0.0077953991909039,0.0079592629739253,-0.0001638637830213,True,near_perfect_baseline,-2.102057624099589,,-2.078634082236732,,False,abs_delta_mean
bag8,APSFailure,pseudo_label_v2_cal_iso_wfixed_conf90,test_time_variant,M7_pseudo_label,TabArena_IID,classification,3,False,50666,25334,170,0,170,0.0,0.5018079,0.0059871498851508,DAUC < 0.55,source::APSFailure,,0.0077953991909039,0.0077094514123515,8.594777855234585e-05,True,near_perfect_baseline,1.1025449299971,,0.6766419157554076,,False,abs_delta_mean
bag8,APSFailure,pseudo_label_v2_cal_iso_wprop_conf85,test_time_variant,M7_pseudo_label,TabArena_IID,classification,3,False,50666,25334,170,0,170,0.0,0.5018079,0.0059871498851508,DAUC < 0.55,source::APSFailure,,0.0077953991909039,0.0078361668139705,-4.076762306659543e-05,True,near_perfect_baseline,-0.522970306821033,,-0.7065135594044073,,False,abs_delta_mean
bag8,APSFailure,pseudo_label_v2_cal_iso_wprop_conf90,test_time_variant,M7_pseudo_label,TabArena_IID,classification,3,False,50666,25334,170,0,170,0.0,0.5018079,0.0059871498851508,DAUC < 0.55,source::APSFailure,,0.0077953991909039,0.0080294691739052,-0.0002340699830013,True,near_perfect_baseline,-3.0026683338356115,,-2.334185055470029,,False,abs_delta_mean
bag8,APSFailure,pseudo_label_v2_cal_iso_wquad_conf90,test_time_variant,M7_pseudo_label,TabArena_IID,classification,3,False,50666,25334,170,0,170,0.0,0.5018079,0.0059871498851508,DAUC < 0.55,source::APSFailure,,0.0077953991909039,0.008008116616992,-0.000212717426088,True,near_perfect_baseline,-2.728756037744565,,-2.3623236467096143,,False,abs_delta_mean
bag8,APSFailure,pseudo_label_v2_cal_platt_wprop_conf90,test_time_variant,M7_pseudo_label,TabArena_IID,classification,3,False,50666,25334,170,0,170,0.0,0.5018079,0.0059871498851508,DAUC < 0.55,source::APSFailure,,0.0077953991909039,0.0081704443672827,-0.0003750451763788,True,near_perfect_baseline,-4.811109311970312,,-5.828278784170475,,False,abs_delta_mean
bag8,APSFailure,target_enc_absolute,test_time_variant,M4_target_encoding,TabArena_IID,classification,3,False,50666,25334,170,0,170,0.0,0.5018079,0.0059871498851508,DAUC < 0.55,source::APSFailure,,0.0077953991909039,0.0077953991909039,0.0,True,near_perfect_baseline,0.0,,0.0,,False,abs_delta_mean
bag8,APSFailure,target_enc_diff,test_time_variant,M4_target_encoding,TabArena_IID,classification,3,False,50666,25334,170,0,170,0.0,0.5018079,0.0059871498851508,DAUC < 0.55,source::APSFailure,,0.0077953991909039,0.0077953991909039,0.0,True,near_perfect_baseline,0.0,,0.0,,False,abs_delta_mean
bag8,APSFailure,target_enc_inv_ratio,test_time_variant,M4_target_encoding,TabArena_IID,classification,3,False,50666,25334,170,0,170,0.0,0.5018079,0.0059871498851508,DAUC < 0.55,source::APSFailure,,0.0077953991909039,0.0077953991909039,0.0,True,near_perfect_baseline,0.0,,0.0,,False,abs_delta_mean
bag8,APSFailure,target_enc_oof_absolute,test_time_variant,M4_target_encoding,TabArena_IID,classification,3,False,50666,25334,170,0,170,0.0,0.5018079,0.0059871498851508,DAUC < 0.55,source::APSFailure,,0.0077953991909039,0.0077953991909039,0.0,True,near_perfect_baseline,0.0,,0.0,,False,abs_delta_mean
bag8,APSFailure,target_enc_oof_diff,test_time_variant,M4_target_encoding,TabArena_IID,classification,3,False,50666,25334,170,0,170,0.0,0.5018079,0.0059871498851508,DAUC < 0.55,source::APSFailure,,0.0077953991909039,0.0077953991909039,0.0,True,near_perfect_baseline,0.0,,0.0,,False,abs_delta_mean
bag8,APSFailure,target_enc_oof_inv_ratio,test_time_variant,M4_target_encoding,TabArena_IID,classification,3,False,50666,25334,170,0,170,0.0,0.5018079,0.0059871498851508,DAUC < 0.55,source::APSFailure,,0.0077953991909039,0.0077953991909039,0.0,True,near_perfect_baseline,0.0,,0.0,,False,abs_delta_mean
bag8,APSFailure,target_enc_oof_ratio,test_time_variant,M4_target_encoding,TabArena_IID,classification,3,False,50666,25334,170,0,170,0.0,0.5018079,0.0059871498851508,DAUC < 0.55,source::APSFailure,,0.0077953991909039,0.0077953991909039,0.0,True,near_perfect_baseline,0.0,,0.0,,False,abs_delta_mean
bag8,APSFailure,target_enc_oof_ratio_cap5,test_time_variant,M4_target_encoding,TabArena_IID,classification,3,False,50666,25334,170,0,170,0.0,0.5018079,0.0059871498851508,DAUC < 0.55,source::APSFailure,,0.0077953991909039,0.0077953991909039,0.0,True,near_perfect_baseline,0.0,,0.0,,False,abs_delta_mean
bag8,APSFailure,target_enc_ratio,test_time_variant,M4_target_encoding,TabArena_IID,classification,3,False,50666,25334,170,0,170,0.0,0.5018079,0.0059871498851508,DAUC < 0.55,source::APSFailure,,0.0077953991909039,0.0077953991909039,0.0,True,near_perfect_baseline,0.0,,0.0,,False,abs_delta_mean
bag8,APSFailure,target_enc_ratio__sel_combined_intersection,test_time_variant,selective,TabArena_IID,classification,3,False,50666,25334,170,0,170,0.0,0.5018079,0.0059871498851508,DAUC < 0.55,source::APSFailure,,0.0077953991909039,0.0079898989131166,-0.0001944997222127,True,near_perfect_baseline,-2.495057885421702,,-2.537956374277425,,False,abs_delta_mean
bag8,APSFailure,target_enc_ratio__sel_combined_union,test_time_variant,selective,TabArena_IID,classification,3,False,50666,25334,170,0,170,0.0,0.5018079,0.0059871498851508,DAUC < 0.55,source::APSFailure,,0.0077953991909039,0.0078615815677474,-6.618237684356358e-05,True,near_perfect_baseline,-0.8489927869350028,,-0.7682346908541916,,False,abs_delta_mean
bag8,APSFailure,target_enc_ratio_cap5,test_time_variant,M4_target_encoding,TabArena_IID,classification,3,False,50666,25334,170,0,170,0.0,0.5018079,0.0059871498851508,DAUC < 0.55,source::APSFailure,,0.0077953991909039,0.0077953991909039,0.0,True,near_perfect_baseline,0.0,,0.0,,False,abs_delta_mean
bag8,APSFailure,target_enc_standard_m10,train_only_version,baselines,TabArena_IID,classification,3,False,50666,25334,170,0,170,0.0,0.5018079,0.0059871498851508,DAUC < 0.55,source::APSFailure,,0.0077953991909039,0.0077953991909039,0.0,True,near_perfect_baseline,0.0,,0.0,,False,abs_delta_mean
bag8,APSFailure,target_enc_standard_m20,train_only_version,baselines,TabArena_IID,classification,3,False,50666,25334,170,0,170,0.0,0.5018079,0.0059871498851508,DAUC < 0.55,source::APSFailure,,0.0077953991909039,0.0077953991909039,0.0,True,near_perfect_baseline,0.0,,0.0,,False,abs_delta_mean
bag8,APSFailure,target_enc_standard_m5,train_only_version,baselines,TabArena_IID,classification,3,False,50666,25334,170,0,170,0.0,0.5018079,0.0059871498851508,DAUC < 0.55,source::APSFailure,,0.0077953991909039,0.0077953991909039,0.0,True,near_perfect_baseline,0.0,,0.0,,False,abs_delta_mean
bag8,APSFailure,targeted_groupby_top3,test_time_variant,M14_groupby,TabArena_IID,classification,3,False,50666,25334,170,0,170,0.0,0.5018079,0.0059871498851508,DAUC < 0.55,source::APSFailure,,0.0077953991909039,0.0076843287961022,0.0001110703948017,True,near_perfect_baseline,1.424819846702707,,0.6778323022264007,,False,abs_delta_mean
bag8,APSFailure,targeted_groupby_top3_shifted_agg,test_time_variant,M14_groupby,TabArena_IID,classification,3,False,50666,25334,170,0,170,0.0,0.5018079,0.0059871498851508,DAUC < 0.55,source::APSFailure,,0.0077953991909039,0.0075150962609248,0.000280302929979,True,near_perfect_baseline,3.595748249892325,,2.7223013955258373,,False,abs_delta_mean
bag8,APSFailure,targeted_groupby_top5,test_time_variant,M14_groupby,TabArena_IID,classification,3,False,50666,25334,170,0,170,0.0,0.5018079,0.0059871498851508,DAUC < 0.55,source::APSFailure,,0.0077953991909039,0.0076843287961022,0.0001110703948017,True,near_perfect_baseline,1.424819846702707,,0.6778323022264007,,False,abs_delta_mean
bag8,APSFailure,targeted_groupby_top5_shifted_agg,test_time_variant,M14_groupby,TabArena_IID,classification,3,False,50666,25334,170,0,170,0.0,0.5018079,0.0059871498851508,DAUC < 0.55,source::APSFailure,,0.0077953991909039,0.0075150962609248,0.000280302929979,True,near_perfect_baseline,3.595748249892325,,2.7223013955258373,,False,abs_delta_mean
bag8,APSFailure,tdda_k10_lam07_aug1,test_time_variant,M17_tdda,TabArena_IID,classification,3,False,50666,25334,170,0,170,0.0,0.5018079,0.0059871498851508,DAUC < 0.55,source::APSFailure,,0.0077953991909039,0.007744418164497,5.098102640691919e-05,True,near_perfect_baseline,0.6539886561089366,,1.8556941620203349,,False,abs_delta_mean
bag8,APSFailure,tdda_k5_lam06_aug1,test_time_variant,M17_tdda,TabArena_IID,classification,3,False,50666,25334,170,0,170,0.0,0.5018079,0.0059871498851508,DAUC < 0.55,source::APSFailure,,0.0077953991909039,0.0079076167179222,-0.0001122175270182,True,near_perfect_baseline,-1.4395353498923866,,-0.4708189048334086,,False,abs_delta_mean
bag8,APSFailure,tdda_k5_lam07_aug1,test_time_variant,M17_tdda,TabArena_IID,classification,3,False,50666,25334,170,0,170,0.0,0.5018079,0.0059871498851508,DAUC < 0.55,source::APSFailure,,0.0077953991909039,0.007744418164497,5.098102640691919e-05,True,near_perfect_baseline,0.6539886561089366,,1.8556941620203349,,False,abs_delta_mean
bag8,APSFailure,tdda_k5_lam07_aug1_cumshift,test_time_variant,M17_tdda,TabArena_IID,classification,3,False,50666,25334,170,0,170,0.0,0.5018079,0.0059871498851508,DAUC < 0.55,source::APSFailure,,0.0077953991909039,0.0081195623986364,-0.0003241632077325,True,near_perfect_baseline,-4.158391376682691,,-4.35516219792946,,False,abs_delta_mean
bag8,APSFailure,tdda_k5_lam07_aug2,test_time_variant,M17_tdda,TabArena_IID,classification,3,False,50666,25334,170,0,170,0.0,0.5018079,0.0059871498851508,DAUC < 0.55,source::APSFailure,,0.0077953991909039,0.0092869761498202,-0.0014915769589163,True,near_perfect_baseline,-19.134067703124384,,-18.980112467774017,,False,abs_delta_mean
bag8,APSFailure,tdda_k5_lam08_aug1,test_time_variant,M17_tdda,TabArena_IID,classification,3,False,50666,25334,170,0,170,0.0,0.5018079,0.0059871498851508,DAUC < 0.55,source::APSFailure,,0.0077953991909039,0.0075304470904149,0.0002649521004889,True,near_perfect_baseline,3.3988265898959056,,4.119221351112501,,False,abs_delta_mean
bag8,APSFailure,tdda_v2_k10_lam07_pfl_dw,test_time_variant,M17_tdda,TabArena_IID,classification,3,False,50666,25334,170,0,170,0.0,0.5018079,0.0059871498851508,DAUC < 0.55,source::APSFailure,,0.0077953991909039,0.0077365089058679,5.889028503599144e-05,True,near_perfect_baseline,0.7554492540254805,,2.053090230995185,,False,abs_delta_mean
bag8,APSFailure,tdda_v2_k5_lam06_pfl_dw,test_time_variant,M17_tdda,TabArena_IID,classification,3,False,50666,25334,170,0,170,0.0,0.5018079,0.0059871498851508,DAUC < 0.55,source::APSFailure,,0.0077953991909039,0.0076993037925432,9.609539836064052e-05,True,near_perfect_baseline,1.2327194029110098,,2.806314448975712,,False,abs_delta_mean
bag8,APSFailure,tdda_v2_k5_lam07_nopfl_dw,test_time_variant,M17_tdda,TabArena_IID,classification,3,False,50666,25334,170,0,170,0.0,0.5018079,0.0059871498851508,DAUC < 0.55,source::APSFailure,,0.0077953991909039,0.008335794207948,-0.000540395017044,True,near_perfect_baseline,-6.932230201561174,,-5.811166779171486,,False,abs_delta_mean
bag8,APSFailure,tdda_v2_k5_lam07_pfl_dw,test_time_variant,M17_tdda,TabArena_IID,classification,3,False,50666,25334,170,0,170,0.0,0.5018079,0.0059871498851508,DAUC < 0.55,source::APSFailure,,0.0077953991909039,0.007736596680988,5.880250991585623e-05,True,near_perfect_baseline,0.7543232678125075,,2.0520676001752185,,False,abs_delta_mean
bag8,APSFailure,tdda_v2_k5_lam07_pfl_dw_cumshift,test_time_variant,M17_tdda,TabArena_IID,classification,3,False,50666,25334,170,0,170,0.0,0.5018079,0.0059871498851508,DAUC < 0.55,source::APSFailure,,0.0077953991909039,0.0077475753915852,4.78237993186692e-05,True,near_perfect_baseline,0.6134874962461513,,2.0314199726892723,,False,abs_delta_mean
bag8,APSFailure,tdda_v2_k5_lam07_pfl_nodw,test_time_variant,M17_tdda,TabArena_IID,classification,3,False,50666,25334,170,0,170,0.0,0.5018079,0.0059871498851508,DAUC < 0.55,source::APSFailure,,0.0077953991909039,0.0075663754167705,0.0002290237741333,True,near_perfect_baseline,2.9379351656628474,,3.0318239575298005,,False,abs_delta_mean
bag8,APSFailure,train_only_scaling,train_only_version,baselines,TabArena_IID,classification,3,False,50666,25334,170,0,170,0.0,0.5018079,0.0059871498851508,DAUC < 0.55,source::APSFailure,,0.0077953991909039,0.0079116430908079,-0.000116243899904,True,near_perfect_baseline,-1.4911859810804582,,-1.054417795088927,,False,abs_delta_mean
bag8,NATICUSdroid,adversarial_lgbm_both_ratio,test_time_variant,M6_adversarial,TabArena_IID,classification,3,False,4994,2497,86,86,0,1.0,0.4909448935914827,0.0,DAUC < 0.55,source::NATICUSdroid,,0.0153741239802502,0.0162146849309582,-0.0008405609507079,True,near_perfect_baseline,-5.467374608060766,,-5.509085565597393,,False,abs_delta_mean
bag8,NATICUSdroid,adversarial_lgbm_cal_iso_both_ratio,test_time_variant,M6_adversarial,TabArena_IID,classification,3,False,4994,2497,86,86,0,1.0,0.4909448935914827,0.0,DAUC < 0.55,source::NATICUSdroid,,0.0153741239802502,0.0159585867141242,-0.0005844627338739,True,near_perfect_baseline,-3.801600238327693,,-3.829678293672686,,False,abs_delta_mean
bag8,NATICUSdroid,adversarial_lgbm_cal_iso_feature,test_time_variant,M6_adversarial,TabArena_IID,classification,3,False,4994,2497,86,86,0,1.0,0.4909448935914827,0.0,DAUC < 0.55,source::NATICUSdroid,,0.0153741239802502,0.0159844306251521,-0.0006103066449018,True,near_perfect_baseline,-3.9697002943769935,,-3.995003831759796,,False,abs_delta_mean
bag8,NATICUSdroid,adversarial_lgbm_cal_platt_feature,test_time_variant,M6_adversarial,TabArena_IID,classification,3,False,4994,2497,86,86,0,1.0,0.4909448935914827,0.0,DAUC < 0.55,source::NATICUSdroid,,0.0153741239802502,0.0166067654248253,-0.001232641444575,True,near_perfect_baseline,-8.017636947370281,,-8.123146696316912,,False,abs_delta_mean
bag8,NATICUSdroid,adversarial_lgbm_feature,test_time_variant,M6_adversarial,TabArena_IID,classification,3,False,4994,2497,86,86,0,1.0,0.4909448935914827,0.0,DAUC < 0.55,source::NATICUSdroid,,0.0153741239802502,0.0163601751496306,-0.0009860511693804,True,near_perfect_baseline,-6.413706372129763,,-6.502122555333703,,False,abs_delta_mean
bag8,NATICUSdroid,adversarial_logreg_feature,test_time_variant,M6_adversarial,TabArena_IID,classification,3,False,4994,2497,86,86,0,1.0,0.4909448935914827,0.0,DAUC < 0.55,source::NATICUSdroid,,0.0153741239802502,0.0160871999700557,-0.0007130759898054,True,near_perfect_baseline,-4.638156884395565,,-4.601208465703994,,False,abs_delta_mean
bag8,NATICUSdroid,adversarial_reweight_lgbm_cal_iso_ratio_hard,test_time_variant,M6_adversarial,TabArena_IID,classification,3,False,4994,2497,86,86,0,1.0,0.4909448935914827,0.0,DAUC < 0.55,source::NATICUSdroid,,0.0153741239802502,0.0154175827048963,-4.34587246460616e-05,True,near_perfect_baseline,-0.2826744775955306,,-0.2987117310812469,,False,abs_delta_mean
bag8,NATICUSdroid,adversarial_reweight_lgbm_cal_iso_ratio_hard_tempered,test_time_variant,M6_adversarial,TabArena_IID,classification,3,False,4994,2497,86,86,0,1.0,0.4909448935914827,0.0,DAUC < 0.55,source::NATICUSdroid,,0.0153741239802502,0.015323633027824,5.04909524261891e-05,True,near_perfect_baseline,0.3284151506196478,,0.3561360956598878,,False,abs_delta_mean
bag8,NATICUSdroid,adversarial_reweight_lgbm_cal_iso_ratio_winsorize,test_time_variant,M6_adversarial,TabArena_IID,classification,3,False,4994,2497,86,86,0,1.0,0.4909448935914827,0.0,DAUC < 0.55,source::NATICUSdroid,,0.0153741239802502,0.0153583955242175,1.572845603266722e-05,True,near_perfect_baseline,0.1023047300312702,,0.1011575787420516,,False,abs_delta_mean
bag8,NATICUSdroid,adversarial_reweight_lgbm_ratio_hard,test_time_variant,M6_adversarial,TabArena_IID,classification,3,False,4994,2497,86,86,0,1.0,0.4909448935914827,0.0,DAUC < 0.55,source::NATICUSdroid,,0.0153741239802502,0.0152434938677773,0.0001306301124729,True,near_perfect_baseline,0.8496751596432358,,0.8962026814279459,,False,abs_delta_mean
bag8,NATICUSdroid,adversarial_reweight_lgbm_ratio_hard_tempered,test_time_variant,M6_adversarial,TabArena_IID,classification,3,False,4994,2497,86,86,0,1.0,0.4909448935914827,0.0,DAUC < 0.55,source::NATICUSdroid,,0.0153741239802502,0.0153741440437412,-2.0063491016723372e-08,True,near_perfect_baseline,-0.0001305016860922,,0.0121833017952405,,False,abs_delta_mean
bag8,NATICUSdroid,adversarial_reweight_lgbm_ratio_normalize,test_time_variant,M6_adversarial,TabArena_IID,classification,3,False,4994,2497,86,86,0,1.0,0.4909448935914827,0.0,DAUC < 0.55,source::NATICUSdroid,,0.0153741239802502,0.0152620340259742,0.0001120899542759,True,near_perfect_baseline,0.7290818938365814,,0.8062028738548083,,False,abs_delta_mean
bag8,NATICUSdroid,adversarial_reweight_lgbm_ratio_winsorize,test_time_variant,M6_adversarial,TabArena_IID,classification,3,False,4994,2497,86,86,0,1.0,0.4909448935914827,0.0,DAUC < 0.55,source::NATICUSdroid,,0.0153741239802502,0.015326665600917,4.745837933317621e-05,True,near_perfect_baseline,0.3086899741028607,,0.3224304532039402,,False,abs_delta_mean
bag8,NATICUSdroid,adversarial_reweight_lgbm_ratio_winsorize_tempered,test_time_variant,M6_adversarial,TabArena_IID,classification,3,False,4994,2497,86,86,0,1.0,0.4909448935914827,0.0,DAUC < 0.55,source::NATICUSdroid,,0.0153741239802502,0.0152745312069042,9.959277334596156e-05,True,near_perfect_baseline,0.6477947847558699,,0.6597509561688858,,False,abs_delta_mean
bag8,NATICUSdroid,adversarial_reweight_lgbm_raw_hard,test_time_variant,M6_adversarial,TabArena_IID,classification,3,False,4994,2497,86,86,0,1.0,0.4909448935914827,0.0,DAUC < 0.55,source::NATICUSdroid,,0.0153741239802502,0.0153459130812842,2.821089896598572e-05,True,near_perfect_baseline,0.1834959767608594,,0.1758523366476191,,False,abs_delta_mean
bag8,NATICUSdroid,adversarial_rf_feature,test_time_variant,M6_adversarial,TabArena_IID,classification,3,False,4994,2497,86,86,0,1.0,0.4909448935914827,0.0,DAUC < 0.55,source::NATICUSdroid,,0.0153741239802502,0.0166793429303477,-0.0013052189500974,True,near_perfect_baseline,-8.489712661184422,,-8.8121636143208,,False,abs_delta_mean
bag8,NATICUSdroid,cluster_membership_k10_both,test_time_variant,M20_cluster_membership,TabArena_IID,classification,3,False,4994,2497,86,86,0,1.0,0.4909448935914827,0.0,DAUC < 0.55,source::NATICUSdroid,,0.0153741239802502,0.0158143778542407,-0.0004402538739904,True,near_perfect_baseline,-2.8636029900373208,,-3.261003059312477,,False,abs_delta_mean
bag8,NATICUSdroid,cluster_membership_k10_both_cumshift,test_time_variant,M20_cluster_membership,TabArena_IID,classification,3,False,4994,2497,86,86,0,1.0,0.4909448935914827,0.0,DAUC < 0.55,source::NATICUSdroid,,0.0153741239802502,0.0159795790681715,-0.0006054550879212,True,near_perfect_baseline,-3.938143654227395,,-4.073918972239132,,False,abs_delta_mean
bag8,NATICUSdroid,cluster_membership_k10_feature,test_time_variant,M20_cluster_membership,TabArena_IID,classification,3,False,4994,2497,86,86,0,1.0,0.4909448935914827,0.0,DAUC < 0.55,source::NATICUSdroid,,0.0153741239802502,0.0159022414546951,-0.0005281174744448,True,near_perfect_baseline,-3.435106124572111,,-3.811975112233287,,False,abs_delta_mean
bag8,NATICUSdroid,cluster_membership_k10_feature_cumshift,test_time_variant,M20_cluster_membership,TabArena_IID,classification,3,False,4994,2497,86,86,0,1.0,0.4909448935914827,0.0,DAUC < 0.55,source::NATICUSdroid,,0.0153741239802502,0.016022342607821,-0.0006482186275708,True,near_perfect_baseline,-4.216296345752858,,-4.344947411420221,,False,abs_delta_mean
bag8,NATICUSdroid,cluster_membership_k10_weight,test_time_variant,M20_cluster_membership,TabArena_IID,classification,3,False,4994,2497,86,86,0,1.0,0.4909448935914827,0.0,DAUC < 0.55,source::NATICUSdroid,,0.0153741239802502,0.0156397915433448,-0.0002656675630945,True,near_perfect_baseline,-1.728017566632453,,-1.705152756003998,,False,abs_delta_mean
bag8,NATICUSdroid,cluster_membership_k15_both,test_time_variant,M20_cluster_membership,TabArena_IID,classification,3,False,4994,2497,86,86,0,1.0,0.4909448935914827,0.0,DAUC < 0.55,source::NATICUSdroid,,0.0153741239802502,0.0156891777695816,-0.0003150537893313,True,near_perfect_baseline,-2.049247096849696,,-2.1394666988478703,,False,abs_delta_mean
bag8,NATICUSdroid,cluster_membership_k5_both,test_time_variant,M20_cluster_membership,TabArena_IID,classification,3,False,4994,2497,86,86,0,1.0,0.4909448935914827,0.0,DAUC < 0.55,source::NATICUSdroid,,0.0153741239802502,0.0158331653869902,-0.0004590414067399,True,near_perfect_baseline,-2.985805287700792,,-3.2674376209775846,,False,abs_delta_mean
bag8,NATICUSdroid,cluster_membership_k5_feature,test_time_variant,M20_cluster_membership,TabArena_IID,classification,3,False,4994,2497,86,86,0,1.0,0.4909448935914827,0.0,DAUC < 0.55,source::NATICUSdroid,,0.0153741239802502,0.0158011997309158,-0.0004270757506655,True,near_perfect_baseline,-2.7778867349721743,,-3.025771965788973,,False,abs_delta_mean
bag8,NATICUSdroid,freq_enc_train_only,train_only_version,baselines,TabArena_IID,classification,3,False,4994,2497,86,86,0,1.0,0.4909448935914827,0.0,DAUC < 0.55,source::NATICUSdroid,,0.0153741239802502,0.0153741239802502,0.0,True,near_perfect_baseline,0.0,,0.0,,False,abs_delta_mean
bag8,NATICUSdroid,freq_ratio_log,test_time_variant,M2_freq_ratio,TabArena_IID,classification,3,False,4994,2497,86,86,0,1.0,0.4909448935914827,0.0,DAUC < 0.55,source::NATICUSdroid,,0.0153741239802502,0.0153741239802502,0.0,True,near_perfect_baseline,0.0,,0.0,,False,abs_delta_mean
bag8,NATICUSdroid,freq_ratio_log__sel_combined_intersection,test_time_variant,selective,TabArena_IID,classification,3,False,4994,2497,86,86,0,1.0,0.4909448935914827,0.0,DAUC < 0.55,source::NATICUSdroid,,0.0153741239802502,0.0153741239802502,0.0,True,near_perfect_baseline,0.0,,0.0,,False,abs_delta_mean
bag8,NATICUSdroid,freq_ratio_log__sel_combined_union,test_time_variant,selective,TabArena_IID,classification,3,False,4994,2497,86,86,0,1.0,0.4909448935914827,0.0,DAUC < 0.55,source::NATICUSdroid,,0.0153741239802502,0.0153741239802502,3.700743415417188e-17,True,near_perfect_baseline,2.4823473858097865e-13,,2.370732031005772e-13,,False,abs_delta_mean
bag8,NATICUSdroid,freq_ratio_v2_both_gated,test_time_variant,M2_freq_ratio,TabArena_IID,classification,3,False,4994,2497,86,86,0,1.0,0.4909448935914827,0.0,DAUC < 0.55,source::NATICUSdroid,,0.0153741239802502,0.0153741239802502,0.0,True,near_perfect_baseline,0.0,,0.0,,False,abs_delta_mean
bag8,NATICUSdroid,freq_ratio_v2_diff_gated,test_time_variant,M2_freq_ratio,TabArena_IID,classification,3,False,4994,2497,86,86,0,1.0,0.4909448935914827,0.0,DAUC < 0.55,source::NATICUSdroid,,0.0153741239802502,0.0153741239802502,0.0,True,near_perfect_baseline,0.0,,0.0,,False,abs_delta_mean
bag8,NATICUSdroid,freq_ratio_v2_ratio_gated,test_time_variant,M2_freq_ratio,TabArena_IID,classification,3,False,4994,2497,86,86,0,1.0,0.4909448935914827,0.0,DAUC < 0.55,source::NATICUSdroid,,0.0153741239802502,0.0153741239802502,0.0,True,near_perfect_baseline,0.0,,0.0,,False,abs_delta_mean
bag8,NATICUSdroid,freq_ratio_v2_ratio_ungated,test_time_variant,M2_freq_ratio,TabArena_IID,classification,3,False,4994,2497,86,86,0,1.0,0.4909448935914827,0.0,DAUC < 0.55,source::NATICUSdroid,,0.0153741239802502,0.0153741239802502,0.0,True,near_perfect_baseline,0.0,,0.0,,False,abs_delta_mean
bag8,NATICUSdroid,groupby_shift_cohen_d,test_time_variant,M14_groupby,TabArena_IID,classification,3,False,4994,2497,86,86,0,1.0,0.4909448935914827,0.0,DAUC < 0.55,source::NATICUSdroid,,0.0153741239802502,0.0153741239802502,0.0,True,near_perfect_baseline,0.0,,0.0,,False,abs_delta_mean
bag8,NATICUSdroid,groupby_shift_cohen_d__sel_combined_intersection,test_time_variant,selective,TabArena_IID,classification,3,False,4994,2497,86,86,0,1.0,0.4909448935914827,0.0,DAUC < 0.55,source::NATICUSdroid,,0.0153741239802502,0.0153741239802502,0.0,True,near_perfect_baseline,0.0,,0.0,,False,abs_delta_mean
bag8,NATICUSdroid,groupby_shift_cohen_d__sel_combined_union,test_time_variant,selective,TabArena_IID,classification,3,False,4994,2497,86,86,0,1.0,0.4909448935914827,0.0,DAUC < 0.55,source::NATICUSdroid,,0.0153741239802502,0.0153741239802502,3.700743415417188e-17,True,near_perfect_baseline,2.4823473858097865e-13,,2.370732031005772e-13,,False,abs_delta_mean
bag8,NATICUSdroid,groupby_shift_cohen_d_min10,test_time_variant,M14_groupby,TabArena_IID,classification,3,False,4994,2497,86,86,0,1.0,0.4909448935914827,0.0,DAUC < 0.55,source::NATICUSdroid,,0.0153741239802502,0.0153741239802502,0.0,True,near_perfect_baseline,0.0,,0.0,,False,abs_delta_mean
bag8,NATICUSdroid,groupby_shift_ratio_log,test_time_variant,M14_groupby,TabArena_IID,classification,3,False,4994,2497,86,86,0,1.0,0.4909448935914827,0.0,DAUC < 0.55,source::NATICUSdroid,,0.0153741239802502,0.0153741239802502,0.0,True,near_perfect_baseline,0.0,,0.0,,False,abs_delta_mean
bag8,NATICUSdroid,groupby_shift_ratio_raw,test_time_variant,M14_groupby,TabArena_IID,classification,3,False,4994,2497,86,86,0,1.0,0.4909448935914827,0.0,DAUC < 0.55,source::NATICUSdroid,,0.0153741239802502,0.0153741239802502,0.0,True,near_perfect_baseline,0.0,,0.0,,False,abs_delta_mean
bag8,NATICUSdroid,groupby_train_only,train_only_version,baselines,TabArena_IID,classification,3,False,4994,2497,86,86,0,1.0,0.4909448935914827,0.0,DAUC < 0.55,source::NATICUSdroid,,0.0153741239802502,0.0153741239802502,0.0,True,near_perfect_baseline,0.0,,0.0,,False,abs_delta_mean
bag8,NATICUSdroid,joint_freq_combined,test_time_variant,M1_joint_freq,TabArena_IID,classification,3,False,4994,2497,86,86,0,1.0,0.4909448935914827,0.0,DAUC < 0.55,source::NATICUSdroid,,0.0153741239802502,0.0153741239802502,0.0,True,near_perfect_baseline,0.0,,0.0,,False,abs_delta_mean
bag8,NATICUSdroid,joint_freq_combined__sel_combined_intersection,test_time_variant,selective,TabArena_IID,classification,3,False,4994,2497,86,86,0,1.0,0.4909448935914827,0.0,DAUC < 0.55,source::NATICUSdroid,,0.0153741239802502,0.0153741239802502,0.0,True,near_perfect_baseline,0.0,,0.0,,False,abs_delta_mean
bag8,NATICUSdroid,joint_freq_combined__sel_combined_union,test_time_variant,selective,TabArena_IID,classification,3,False,4994,2497,86,86,0,1.0,0.4909448935914827,0.0,DAUC < 0.55,source::NATICUSdroid,,0.0153741239802502,0.0153741239802502,3.700743415417188e-17,True,near_perfect_baseline,2.4823473858097865e-13,,2.370732031005772e-13,,False,abs_delta_mean
bag8,NATICUSdroid,joint_freq_separate,test_time_variant,M1_joint_freq,TabArena_IID,classification,3,False,4994,2497,86,86,0,1.0,0.4909448935914827,0.0,DAUC < 0.55,source::NATICUSdroid,,0.0153741239802502,0.0153741239802502,0.0,True,near_perfect_baseline,0.0,,0.0,,False,abs_delta_mean
bag8,NATICUSdroid,joint_freq_separate__sel_combined_intersection,test_time_variant,selective,TabArena_IID,classification,3,False,4994,2497,86,86,0,1.0,0.4909448935914827,0.0,DAUC < 0.55,source::NATICUSdroid,,0.0153741239802502,0.0153741239802502,0.0,True,near_perfect_baseline,0.0,,0.0,,False,abs_delta_mean
bag8,NATICUSdroid,joint_freq_separate__sel_combined_union,test_time_variant,selective,TabArena_IID,classification,3,False,4994,2497,86,86,0,1.0,0.4909448935914827,0.0,DAUC < 0.55,source::NATICUSdroid,,0.0153741239802502,0.0153741239802502,3.700743415417188e-17,True,near_perfect_baseline,2.4823473858097865e-13,,2.370732031005772e-13,,False,abs_delta_mean
bag8,NATICUSdroid,joint_groupby_combined,test_time_variant,M14_groupby,TabArena_IID,classification,3,False,4994,2497,86,86,0,1.0,0.4909448935914827,0.0,DAUC < 0.55,source::NATICUSdroid,,0.0153741239802502,0.0153741239802502,0.0,True,near_perfect_baseline,0.0,,0.0,,False,abs_delta_mean
bag8,NATICUSdroid,joint_groupby_combined__sel_combined_intersection,test_time_variant,selective,TabArena_IID,classification,3,False,4994,2497,86,86,0,1.0,0.4909448935914827,0.0,DAUC < 0.55,source::NATICUSdroid,,0.0153741239802502,0.0153741239802502,0.0,True,near_perfect_baseline,0.0,,0.0,,False,abs_delta_mean
bag8,NATICUSdroid,joint_groupby_combined__sel_combined_union,test_time_variant,selective,TabArena_IID,classification,3,False,4994,2497,86,86,0,1.0,0.4909448935914827,0.0,DAUC < 0.55,source::NATICUSdroid,,0.0153741239802502,0.0153741239802502,3.700743415417188e-17,True,near_perfect_baseline,2.4823473858097865e-13,,2.370732031005772e-13,,False,abs_delta_mean
bag8,NATICUSdroid,joint_groupby_mean_only,test_time_variant,M14_groupby,TabArena_IID,classification,3,False,4994,2497,86,86,0,1.0,0.4909448935914827,0.0,DAUC < 0.55,source::NATICUSdroid,,0.0153741239802502,0.0153741239802502,0.0,True,near_perfect_baseline,0.0,,0.0,,False,abs_delta_mean
bag8,NATICUSdroid,joint_groupby_separate,test_time_variant,M14_groupby,TabArena_IID,classification,3,False,4994,2497,86,86,0,1.0,0.4909448935914827,0.0,DAUC < 0.55,source::NATICUSdroid,,0.0153741239802502,0.0153741239802502,0.0,True,near_perfect_baseline,0.0,,0.0,,False,abs_delta_mean
bag8,NATICUSdroid,joint_pca_10,test_time_variant,M3_joint_pca,TabArena_IID,classification,3,False,4994,2497,86,86,0,1.0,0.4909448935914827,0.0,DAUC < 0.55,source::NATICUSdroid,,0.0153741239802502,0.0153741239802502,0.0,True,near_perfect_baseline,0.0,,0.0,,False,abs_delta_mean
bag8,NATICUSdroid,joint_pca_5,test_time_variant,M3_joint_pca,TabArena_IID,classification,3,False,4994,2497,86,86,0,1.0,0.4909448935914827,0.0,DAUC < 0.55,source::NATICUSdroid,,0.0153741239802502,0.0153741239802502,0.0,True,near_perfect_baseline,0.0,,0.0,,False,abs_delta_mean
bag8,NATICUSdroid,joint_pca_var90,test_time_variant,M3_joint_pca,TabArena_IID,classification,3,False,4994,2497,86,86,0,1.0,0.4909448935914827,0.0,DAUC < 0.55,source::NATICUSdroid,,0.0153741239802502,0.0153741239802502,0.0,True,near_perfect_baseline,0.0,,0.0,,False,abs_delta_mean
bag8,NATICUSdroid,joint_pca_var95,test_time_variant,M3_joint_pca,TabArena_IID,classification,3,False,4994,2497,86,86,0,1.0,0.4909448935914827,0.0,DAUC < 0.55,source::NATICUSdroid,,0.0153741239802502,0.0153741239802502,0.0,True,near_perfect_baseline,0.0,,0.0,,False,abs_delta_mean
bag8,NATICUSdroid,joint_scaling,test_time_variant,M5_joint_scaling,TabArena_IID,classification,3,False,4994,2497,86,86,0,1.0,0.4909448935914827,0.0,DAUC < 0.55,source::NATICUSdroid,,0.0153741239802502,0.0153741239802502,0.0,True,near_perfect_baseline,0.0,,0.0,,False,abs_delta_mean
bag8,NATICUSdroid,joint_tsne_2d_p30,test_time_variant,M3b_joint_tsne,TabArena_IID,classification,3,False,4994,2497,86,86,0,1.0,0.4909448935914827,0.0,DAUC < 0.55,source::NATICUSdroid,,0.0153741239802502,0.0162978288113839,-0.0009237048311336,True,near_perfect_baseline,-6.008178627415036,,-6.702005480622231,,False,abs_delta_mean
bag8,NATICUSdroid,joint_tsne_2d_p50,test_time_variant,M3b_joint_tsne,TabArena_IID,classification,3,False,4994,2497,86,86,0,1.0,0.4909448935914827,0.0,DAUC < 0.55,source::NATICUSdroid,,0.0153741239802502,0.01568207709105,-0.0003079531107997,True,near_perfect_baseline,-2.0030611903178928,,-2.4439205955887355,,False,abs_delta_mean
bag8,NATICUSdroid,joint_tsne_3d_p30,test_time_variant,M3b_joint_tsne,TabArena_IID,classification,3,False,4994,2497,86,86,0,1.0,0.4909448935914827,0.0,DAUC < 0.55,source::NATICUSdroid,,0.0153741239802502,0.0166483470805389,-0.0012742231002886,True,near_perfect_baseline,-8.28810215089694,,-9.024067436335416,,False,abs_delta_mean
bag8,NATICUSdroid,label_prop_k10_a05,test_time_variant,M8_label_prop,TabArena_IID,classification,3,False,4994,2497,86,86,0,1.0,0.4909448935914827,0.0,DAUC < 0.55,source::NATICUSdroid,,0.0153741239802502,0.0156761506665127,-0.0003020266862625,True,near_perfect_baseline,-1.964513143321256,,-2.3835280580572653,,False,abs_delta_mean
bag8,NATICUSdroid,label_prop_k15_a05,test_time_variant,M8_label_prop,TabArena_IID,classification,3,False,4994,2497,86,86,0,1.0,0.4909448935914827,0.0,DAUC < 0.55,source::NATICUSdroid,,0.0153741239802502,0.015451237217449,-7.711323719883367e-05,True,near_perfect_baseline,-0.5015780885980501,,-0.8820589019083932,,False,abs_delta_mean
bag8,NATICUSdroid,label_prop_k15_a08,test_time_variant,M8_label_prop,TabArena_IID,classification,3,False,4994,2497,86,86,0,1.0,0.4909448935914827,0.0,DAUC < 0.55,source::NATICUSdroid,,0.0153741239802502,0.0153343492950991,3.977468515115046e-05,True,near_perfect_baseline,0.2587118797939018,,-0.1350288974348683,,False,abs_delta_mean
bag8,NATICUSdroid,label_prop_v3_adaptive,test_time_variant,M8_label_prop,TabArena_IID,classification,3,False,4994,2497,86,86,0,1.0,0.4909448935914827,0.0,DAUC < 0.55,source::NATICUSdroid,,0.0153741239802502,0.0165313518808667,-0.0011572279006164,True,near_perfect_baseline,-7.527114404066702,,-7.633352201417936,,False,abs_delta_mean
bag8,NATICUSdroid,label_prop_v3_t005_k10,test_time_variant,M8_label_prop,TabArena_IID,classification,3,False,4994,2497,86,86,0,1.0,0.4909448935914827,0.0,DAUC < 0.55,source::NATICUSdroid,,0.0153741239802502,0.0176981594691111,-0.0023240354888608,True,near_perfect_baseline,-15.116539269790966,,-14.798191683666431,,False,abs_delta_mean
bag8,NATICUSdroid,label_prop_v3_t005_k15,test_time_variant,M8_label_prop,TabArena_IID,classification,3,False,4994,2497,86,86,0,1.0,0.4909448935914827,0.0,DAUC < 0.55,source::NATICUSdroid,,0.0153741239802502,0.0174232444293074,-0.0020491204490572,True,near_perfect_baseline,-13.328372086042332,,-13.253662097309224,,False,abs_delta_mean
bag8,NATICUSdroid,label_prop_v3_t01_k15,test_time_variant,M8_label_prop,TabArena_IID,classification,3,False,4994,2497,86,86,0,1.0,0.4909448935914827,0.0,DAUC < 0.55,source::NATICUSdroid,,0.0153741239802502,0.0169233800729929,-0.0015492560927427,True,near_perfect_baseline,-10.07703655006898,,-9.89226069162818,,False,abs_delta_mean
bag8,NATICUSdroid,label_prop_weighted_adaptive_a05,test_time_variant,M8_label_prop,TabArena_IID,classification,3,False,4994,2497,86,86,0,1.0,0.4909448935914827,0.0,DAUC < 0.55,source::NATICUSdroid,,0.0153741239802502,0.0165973019072874,-0.0012231779270371,True,near_perfect_baseline,-7.956082106586749,,-8.437469665583423,,False,abs_delta_mean
bag8,NATICUSdroid,label_prop_weighted_k10_a05,test_time_variant,M8_label_prop,TabArena_IID,classification,3,False,4994,2497,86,86,0,1.0,0.4909448935914827,0.0,DAUC < 0.55,source::NATICUSdroid,,0.0153741239802502,0.0170472052819932,-0.0016730813017429,True,near_perfect_baseline,-10.88244965301582,,-11.083269255108643,,False,abs_delta_mean
bag8,NATICUSdroid,label_prop_weighted_k15_a05,test_time_variant,M8_label_prop,TabArena_IID,classification,3,False,4994,2497,86,86,0,1.0,0.4909448935914827,0.0,DAUC < 0.55,source::NATICUSdroid,,0.0153741239802502,0.0170773198397793,-0.001703195859529,True,near_perfect_baseline,-11.078327856058843,,-11.106549029415444,,False,abs_delta_mean
bag8,NATICUSdroid,label_prop_weighted_k15_a08,test_time_variant,M8_label_prop,TabArena_IID,classification,3,False,4994,2497,86,86,0,1.0,0.4909448935914827,0.0,DAUC < 0.55,source::NATICUSdroid,,0.0153741239802502,0.0171226700373934,-0.0017485460571432,True,near_perfect_baseline,-11.373305297846011,,-11.262477044575684,,False,abs_delta_mean
bag8,NATICUSdroid,leaf_density_conf,test_time_variant,M18_leaf_density,TabArena_IID,classification,3,False,4994,2497,86,86,0,1.0,0.4909448935914827,0.0,DAUC < 0.55,source::NATICUSdroid,,0.0153741239802502,0.015926111942494,-0.0005519879622437,True,near_perfect_baseline,-3.59037017623174,,-3.8011323418065577,,False,abs_delta_mean
bag8,NATICUSdroid,leaf_density_conf_cumshift,test_time_variant,M18_leaf_density,TabArena_IID,classification,3,False,4994,2497,86,86,0,1.0,0.4909448935914827,0.0,DAUC < 0.55,source::NATICUSdroid,,0.0153741239802502,0.0163572181861753,-0.000983094205925,True,near_perfect_baseline,-6.394472993635175,,-6.780156604167569,,False,abs_delta_mean
bag8,NATICUSdroid,leaf_density_conf_deep,test_time_variant,M18_leaf_density,TabArena_IID,classification,3,False,4994,2497,86,86,0,1.0,0.4909448935914827,0.0,DAUC < 0.55,source::NATICUSdroid,,0.0153741239802502,0.0163672951242218,-0.0009931711439716,True,near_perfect_baseline,-6.46001778863918,,-6.909950764404179,,False,abs_delta_mean
bag8,NATICUSdroid,leaf_density_conf_shallow,test_time_variant,M18_leaf_density,TabArena_IID,classification,3,False,4994,2497,86,86,0,1.0,0.4909448935914827,0.0,DAUC < 0.55,source::NATICUSdroid,,0.0153741239802502,0.0161261328333374,-0.0007520088530872,True,near_perfect_baseline,-4.891393188016695,,-5.062519436808664,,False,abs_delta_mean
bag8,NATICUSdroid,leaf_density_embed_k10,test_time_variant,M18_leaf_density,TabArena_IID,classification,3,False,4994,2497,86,86,0,1.0,0.4909448935914827,0.0,DAUC < 0.55,source::NATICUSdroid,,0.0153741239802502,0.0163465736516428,-0.0009724496713925,True,near_perfect_baseline,-6.325236303816684,,-6.195641048163708,,False,abs_delta_mean
bag8,NATICUSdroid,leaf_density_embed_k10_cumshift,test_time_variant,M18_leaf_density,TabArena_IID,classification,3,False,4994,2497,86,86,0,1.0,0.4909448935914827,0.0,DAUC < 0.55,source::NATICUSdroid,,0.0153741239802502,0.0166126962946702,-0.0012385723144199,True,near_perfect_baseline,-8.05621390858462,,-8.303261950385533,,False,abs_delta_mean
bag8,NATICUSdroid,leaf_density_embed_k20,test_time_variant,M18_leaf_density,TabArena_IID,classification,3,False,4994,2497,86,86,0,1.0,0.4909448935914827,0.0,DAUC < 0.55,source::NATICUSdroid,,0.0153741239802502,0.0162874744278874,-0.0009133504476371,True,near_perfect_baseline,-5.940829206336876,,-6.118165050783116,,False,abs_delta_mean
bag8,NATICUSdroid,leaf_density_embed_k5,test_time_variant,M18_leaf_density,TabArena_IID,classification,3,False,4994,2497,86,86,0,1.0,0.4909448935914827,0.0,DAUC < 0.55,source::NATICUSdroid,,0.0153741239802502,0.0161508470139823,-0.0007767230337321,True,near_perfect_baseline,-5.052144985495953,,-4.870921374722957,,False,abs_delta_mean
bag8,NATICUSdroid,nearest_test_k10_both,test_time_variant,M16_nearest_test_dist,TabArena_IID,classification,3,False,4994,2497,86,86,0,1.0,0.4909448935914827,0.0,DAUC < 0.55,source::NATICUSdroid,,0.0153741239802502,0.0157070434255164,-0.0003329194452662,True,near_perfect_baseline,-2.165453106101463,,-2.325600858789817,,False,abs_delta_mean
bag8,NATICUSdroid,nearest_test_k10_cumshift_both,test_time_variant,M16_nearest_test_dist,TabArena_IID,classification,3,False,4994,2497,86,86,0,1.0,0.4909448935914827,0.0,DAUC < 0.55,source::NATICUSdroid,,0.0153741239802502,0.0168057539658044,-0.0014316299855542,True,near_perfect_baseline,-9.31194510590212,,-9.543371656274129,,False,abs_delta_mean
bag8,NATICUSdroid,nearest_test_k10_filter_both,test_time_variant,M16_nearest_test_dist,TabArena_IID,classification,3,False,4994,2497,86,86,0,1.0,0.4909448935914827,0.0,DAUC < 0.55,source::NATICUSdroid,,0.0153741239802502,0.0156666497223252,-0.000292525742075,True,near_perfect_baseline,-1.902714863304088,,-2.0229662728442985,,False,abs_delta_mean
bag8,NATICUSdroid,nearest_test_k5_both,test_time_variant,M16_nearest_test_dist,TabArena_IID,classification,3,False,4994,2497,86,86,0,1.0,0.4909448935914827,0.0,DAUC < 0.55,source::NATICUSdroid,,0.0153741239802502,0.0154496499169131,-7.55259366628976e-05,True,near_perfect_baseline,-0.4912535944156415,,-0.5496795785079182,,False,abs_delta_mean
bag8,NATICUSdroid,nearest_test_rel_k10_both,test_time_variant,M16_nearest_test_dist,TabArena_IID,classification,3,False,4994,2497,86,86,0,1.0,0.4909448935914827,0.0,DAUC < 0.55,source::NATICUSdroid,,0.0153741239802502,0.0154426475853507,-6.852360510053075e-05,True,near_perfect_baseline,-0.4457073794159308,,-0.4999110466072208,,False,abs_delta_mean
bag8,NATICUSdroid,nearest_test_rel_k10_cumshift_both,test_time_variant,M16_nearest_test_dist,TabArena_IID,classification,3,False,4994,2497,86,86,0,1.0,0.4909448935914827,0.0,DAUC < 0.55,source::NATICUSdroid,,0.0153741239802502,0.016626551830702,-0.0012524278504517,True,near_perfect_baseline,-8.146336351005393,,-8.289117765234238,,False,abs_delta_mean
bag8,NATICUSdroid,nearest_test_rel_k5_both,test_time_variant,M16_nearest_test_dist,TabArena_IID,classification,3,False,4994,2497,86,86,0,1.0,0.4909448935914827,0.0,DAUC < 0.55,source::NATICUSdroid,,0.0153741239802502,0.0159834595803994,-0.0006093356001491,True,near_perfect_baseline,-3.9633841962762806,,-3.8296418889640944,,False,abs_delta_mean
bag8,NATICUSdroid,neighbor_consensus_k10_dist,test_time_variant,M19_neighbor_consensus,TabArena_IID,classification,3,False,4994,2497,86,86,0,1.0,0.4909448935914827,0.0,DAUC < 0.55,source::NATICUSdroid,,0.0153741239802502,0.0157578206034049,-0.0003836966231547,True,near_perfect_baseline,-2.4957299918202667,,-2.429529788981259,,False,abs_delta_mean
bag8,NATICUSdroid,neighbor_consensus_k10_dist_cumshift,test_time_variant,M19_neighbor_consensus,TabArena_IID,classification,3,False,4994,2497,86,86,0,1.0,0.4909448935914827,0.0,DAUC < 0.55,source::NATICUSdroid,,0.0153741239802502,0.0168044397627678,-0.0014303157825176,True,near_perfect_baseline,-9.303396956828353,,-9.451273254176463,,False,abs_delta_mean
bag8,NATICUSdroid,neighbor_consensus_k10_uniform,test_time_variant,M19_neighbor_consensus,TabArena_IID,classification,3,False,4994,2497,86,86,0,1.0,0.4909448935914827,0.0,DAUC < 0.55,source::NATICUSdroid,,0.0153741239802502,0.0166463481820608,-0.0012722242018105,True,near_perfect_baseline,-8.275100444388816,,-8.55173980474816,,False,abs_delta_mean
bag8,NATICUSdroid,neighbor_consensus_k20_dist,test_time_variant,M19_neighbor_consensus,TabArena_IID,classification,3,False,4994,2497,86,86,0,1.0,0.4909448935914827,0.0,DAUC < 0.55,source::NATICUSdroid,,0.0153741239802502,0.0156237676594602,-0.0002496436792099,True,near_perfect_baseline,-1.6237912451509051,,-1.5269677477987815,,False,abs_delta_mean
bag8,NATICUSdroid,neighbor_consensus_k5_dist,test_time_variant,M19_neighbor_consensus,TabArena_IID,classification,3,False,4994,2497,86,86,0,1.0,0.4909448935914827,0.0,DAUC < 0.55,source::NATICUSdroid,,0.0153741239802502,0.0163386704356221,-0.0009645464553718,True,near_perfect_baseline,-6.273830343835829,,-6.283267831695487,,False,abs_delta_mean
bag8,NATICUSdroid,neighbor_consensus_k5_dist_cumshift,test_time_variant,M19_neighbor_consensus,TabArena_IID,classification,3,False,4994,2497,86,86,0,1.0,0.4909448935914827,0.0,DAUC < 0.55,source::NATICUSdroid,,0.0153741239802502,0.017198108833243,-0.0018239848529927,True,near_perfect_baseline,-11.863992090449369,,-11.584782117767428,,False,abs_delta_mean
bag8,NATICUSdroid,ot_disp_v2_selective,test_time_variant,M9_ot_displacement,TabArena_IID,classification,3,False,4994,2497,86,86,0,1.0,0.4909448935914827,0.0,DAUC < 0.55,source::NATICUSdroid,,0.0153741239802502,0.0153741239802502,0.0,True,near_perfect_baseline,0.0,,0.0,,False,abs_delta_mean
bag8,NATICUSdroid,ot_disp_v2_selective_abs,test_time_variant,M9_ot_displacement,TabArena_IID,classification,3,False,4994,2497,86,86,0,1.0,0.4909448935914827,0.0,DAUC < 0.55,source::NATICUSdroid,,0.0153741239802502,0.0153741239802502,0.0,True,near_perfect_baseline,0.0,,0.0,,False,abs_delta_mean
bag8,NATICUSdroid,ot_disp_v2_selective_and_summary,test_time_variant,M9_ot_displacement,TabArena_IID,classification,3,False,4994,2497,86,86,0,1.0,0.4909448935914827,0.0,DAUC < 0.55,source::NATICUSdroid,,0.0153741239802502,0.0153741239802502,0.0,True,near_perfect_baseline,0.0,,0.0,,False,abs_delta_mean
bag8,NATICUSdroid,ot_disp_v2_selective_and_summary_abs,test_time_variant,M9_ot_displacement,TabArena_IID,classification,3,False,4994,2497,86,86,0,1.0,0.4909448935914827,0.0,DAUC < 0.55,source::NATICUSdroid,,0.0153741239802502,0.0153741239802502,0.0,True,near_perfect_baseline,0.0,,0.0,,False,abs_delta_mean
bag8,NATICUSdroid,ot_disp_v2_selective_and_summary_top10,test_time_variant,M9_ot_displacement,TabArena_IID,classification,3,False,4994,2497,86,86,0,1.0,0.4909448935914827,0.0,DAUC < 0.55,source::NATICUSdroid,,0.0153741239802502,0.0153741239802502,0.0,True,near_perfect_baseline,0.0,,0.0,,False,abs_delta_mean
bag8,NATICUSdroid,ot_disp_v2_selective_top10,test_time_variant,M9_ot_displacement,TabArena_IID,classification,3,False,4994,2497,86,86,0,1.0,0.4909448935914827,0.0,DAUC < 0.55,source::NATICUSdroid,,0.0153741239802502,0.0153741239802502,0.0,True,near_perfect_baseline,0.0,,0.0,,False,abs_delta_mean
bag8,NATICUSdroid,ot_disp_v2_summary_only,test_time_variant,M9_ot_displacement,TabArena_IID,classification,3,False,4994,2497,86,86,0,1.0,0.4909448935914827,0.0,DAUC < 0.55,source::NATICUSdroid,,0.0153741239802502,0.0153741239802502,0.0,True,near_perfect_baseline,0.0,,0.0,,False,abs_delta_mean
bag8,NATICUSdroid,ot_displacement_mag,test_time_variant,M9_ot_displacement,TabArena_IID,classification,3,False,4994,2497,86,86,0,1.0,0.4909448935914827,0.0,DAUC < 0.55,source::NATICUSdroid,,0.0153741239802502,0.0153741239802502,0.0,True,near_perfect_baseline,0.0,,0.0,,False,abs_delta_mean
bag8,NATICUSdroid,ot_displacement_no_mag,test_time_variant,M9_ot_displacement,TabArena_IID,classification,3,False,4994,2497,86,86,0,1.0,0.4909448935914827,0.0,DAUC < 0.55,source::NATICUSdroid,,0.0153741239802502,0.0153741239802502,0.0,True,near_perfect_baseline,0.0,,0.0,,False,abs_delta_mean
bag8,NATICUSdroid,pca_train_only_10,train_only_version,baselines,TabArena_IID,classification,3,False,4994,2497,86,86,0,1.0,0.4909448935914827,0.0,DAUC < 0.55,source::NATICUSdroid,,0.0153741239802502,0.0153741239802502,0.0,True,near_perfect_baseline,0.0,,0.0,,False,abs_delta_mean
bag8,NATICUSdroid,pca_train_only_5,train_only_version,baselines,TabArena_IID,classification,3,False,4994,2497,86,86,0,1.0,0.4909448935914827,0.0,DAUC < 0.55,source::NATICUSdroid,,0.0153741239802502,0.0153741239802502,0.0,True,near_perfect_baseline,0.0,,0.0,,False,abs_delta_mean
bag8,NATICUSdroid,pca_train_only_var90,train_only_version,baselines,TabArena_IID,classification,3,False,4994,2497,86,86,0,1.0,0.4909448935914827,0.0,DAUC < 0.55,source::NATICUSdroid,,0.0153741239802502,0.0153741239802502,0.0,True,near_perfect_baseline,0.0,,0.0,,False,abs_delta_mean
bag8,NATICUSdroid,pca_train_only_var95,train_only_version,baselines,TabArena_IID,classification,3,False,4994,2497,86,86,0,1.0,0.4909448935914827,0.0,DAUC < 0.55,source::NATICUSdroid,,0.0153741239802502,0.0153741239802502,0.0,True,near_perfect_baseline,0.0,,0.0,,False,abs_delta_mean
bag8,NATICUSdroid,pseudo_label_lgbm_conf80_iter5,test_time_variant,M7_pseudo_label,TabArena_IID,classification,3,False,4994,2497,86,86,0,1.0,0.4909448935914827,0.0,DAUC < 0.55,source::NATICUSdroid,,0.0153741239802502,0.0151568167336611,0.0002173072465891,True,near_perfect_baseline,1.4134610002382937,,1.3843840505003426,,False,abs_delta_mean
bag8,NATICUSdroid,pseudo_label_lgbm_conf90_iter1,test_time_variant,M7_pseudo_label,TabArena_IID,classification,3,False,4994,2497,86,86,0,1.0,0.4909448935914827,0.0,DAUC < 0.55,source::NATICUSdroid,,0.0153741239802502,0.0151460541469685,0.0002280698332816,True,near_perfect_baseline,1.483465552734342,,1.5885047042446134,,False,abs_delta_mean
bag8,NATICUSdroid,pseudo_label_lgbm_conf90_iter3,test_time_variant,M7_pseudo_label,TabArena_IID,classification,3,False,4994,2497,86,86,0,1.0,0.4909448935914827,0.0,DAUC < 0.55,source::NATICUSdroid,,0.0153741239802502,0.0151812831549614,0.0001928408252888,True,near_perfect_baseline,1.254320737471433,,1.3987815808308783,,False,abs_delta_mean
bag8,NATICUSdroid,pseudo_label_lgbm_conf95_iter3,test_time_variant,M7_pseudo_label,TabArena_IID,classification,3,False,4994,2497,86,86,0,1.0,0.4909448935914827,0.0,DAUC < 0.55,source::NATICUSdroid,,0.0153741239802502,0.0150520688014675,0.0003220551787826,True,near_perfect_baseline,2.0947871839489123,,2.1319370503300754,,False,abs_delta_mean
bag8,NATICUSdroid,pseudo_label_v2_cal_iso_wfixed_conf90,test_time_variant,M7_pseudo_label,TabArena_IID,classification,3,False,4994,2497,86,86,0,1.0,0.4909448935914827,0.0,DAUC < 0.55,source::NATICUSdroid,,0.0153741239802502,0.0152963775686732,7.774641157698436e-05,True,near_perfect_baseline,0.5056965305916498,,0.407699317356156,,False,abs_delta_mean
bag8,NATICUSdroid,pseudo_label_v2_cal_iso_wprop_conf85,test_time_variant,M7_pseudo_label,TabArena_IID,classification,3,False,4994,2497,86,86,0,1.0,0.4909448935914827,0.0,DAUC < 0.55,source::NATICUSdroid,,0.0153741239802502,0.0152425883389924,0.0001315356412577,True,near_perfect_baseline,0.8555651133473167,,0.967302429896012,,False,abs_delta_mean
bag8,NATICUSdroid,pseudo_label_v2_cal_iso_wprop_conf90,test_time_variant,M7_pseudo_label,TabArena_IID,classification,3,False,4994,2497,86,86,0,1.0,0.4909448935914827,0.0,DAUC < 0.55,source::NATICUSdroid,,0.0153741239802502,0.0154493295954704,-7.520561522015672e-05,True,near_perfect_baseline,-0.4891700842062025,,-0.5348799085432591,,False,abs_delta_mean
bag8,NATICUSdroid,pseudo_label_v2_cal_iso_wquad_conf90,test_time_variant,M7_pseudo_label,TabArena_IID,classification,3,False,4994,2497,86,86,0,1.0,0.4909448935914827,0.0,DAUC < 0.55,source::NATICUSdroid,,0.0153741239802502,0.0154485832609562,-7.445928070604069e-05,True,near_perfect_baseline,-0.4843155993908453,,-0.5950040092224208,,False,abs_delta_mean
bag8,NATICUSdroid,pseudo_label_v2_cal_platt_wprop_conf90,test_time_variant,M7_pseudo_label,TabArena_IID,classification,3,False,4994,2497,86,86,0,1.0,0.4909448935914827,0.0,DAUC < 0.55,source::NATICUSdroid,,0.0153741239802502,0.0152991757713282,7.494820892202843e-05,True,near_perfect_baseline,0.4874958015058823,,0.4891163667025051,,False,abs_delta_mean
bag8,NATICUSdroid,target_enc_absolute,test_time_variant,M4_target_encoding,TabArena_IID,classification,3,False,4994,2497,86,86,0,1.0,0.4909448935914827,0.0,DAUC < 0.55,source::NATICUSdroid,,0.0153741239802502,0.0153741239802502,0.0,True,near_perfect_baseline,0.0,,0.0,,False,abs_delta_mean
bag8,NATICUSdroid,target_enc_diff,test_time_variant,M4_target_encoding,TabArena_IID,classification,3,False,4994,2497,86,86,0,1.0,0.4909448935914827,0.0,DAUC < 0.55,source::NATICUSdroid,,0.0153741239802502,0.0153741239802502,0.0,True,near_perfect_baseline,0.0,,0.0,,False,abs_delta_mean
bag8,NATICUSdroid,target_enc_inv_ratio,test_time_variant,M4_target_encoding,TabArena_IID,classification,3,False,4994,2497,86,86,0,1.0,0.4909448935914827,0.0,DAUC < 0.55,source::NATICUSdroid,,0.0153741239802502,0.0153741239802502,0.0,True,near_perfect_baseline,0.0,,0.0,,False,abs_delta_mean
bag8,NATICUSdroid,target_enc_oof_absolute,test_time_variant,M4_target_encoding,TabArena_IID,classification,3,False,4994,2497,86,86,0,1.0,0.4909448935914827,0.0,DAUC < 0.55,source::NATICUSdroid,,0.0153741239802502,0.016017524910217,-0.0006434009299667,True,near_perfect_baseline,-4.184959941739031,,-4.512881420886283,,False,abs_delta_mean
bag8,NATICUSdroid,target_enc_oof_diff,test_time_variant,M4_target_encoding,TabArena_IID,classification,3,False,4994,2497,86,86,0,1.0,0.4909448935914827,0.0,DAUC < 0.55,source::NATICUSdroid,,0.0153741239802502,0.0159623137291216,-0.0005881897488713,True,near_perfect_baseline,-3.825842367519253,,-4.106133780700289,,False,abs_delta_mean
bag8,NATICUSdroid,target_enc_oof_inv_ratio,test_time_variant,M4_target_encoding,TabArena_IID,classification,3,False,4994,2497,86,86,0,1.0,0.4909448935914827,0.0,DAUC < 0.55,source::NATICUSdroid,,0.0153741239802502,0.0159971071876927,-0.0006229832074424,True,near_perfect_baseline,-4.0521541795991896,,-4.2924463073672,,False,abs_delta_mean
bag8,NATICUSdroid,target_enc_oof_ratio,test_time_variant,M4_target_encoding,TabArena_IID,classification,3,False,4994,2497,86,86,0,1.0,0.4909448935914827,0.0,DAUC < 0.55,source::NATICUSdroid,,0.0153741239802502,0.0160722916247833,-0.000698167644533,True,near_perfect_baseline,-4.541186512024733,,-4.8067991286469685,,False,abs_delta_mean
bag8,NATICUSdroid,target_enc_oof_ratio_cap5,test_time_variant,M4_target_encoding,TabArena_IID,classification,3,False,4994,2497,86,86,0,1.0,0.4909448935914827,0.0,DAUC < 0.55,source::NATICUSdroid,,0.0153741239802502,0.0160722916247833,-0.000698167644533,True,near_perfect_baseline,-4.541186512024733,,-4.8067991286469685,,False,abs_delta_mean
bag8,NATICUSdroid,target_enc_ratio,test_time_variant,M4_target_encoding,TabArena_IID,classification,3,False,4994,2497,86,86,0,1.0,0.4909448935914827,0.0,DAUC < 0.55,source::NATICUSdroid,,0.0153741239802502,0.0153741239802502,0.0,True,near_perfect_baseline,0.0,,0.0,,False,abs_delta_mean
bag8,NATICUSdroid,target_enc_ratio__sel_combined_intersection,test_time_variant,selective,TabArena_IID,classification,3,False,4994,2497,86,86,0,1.0,0.4909448935914827,0.0,DAUC < 0.55,source::NATICUSdroid,,0.0153741239802502,0.0153741239802502,0.0,True,near_perfect_baseline,0.0,,0.0,,False,abs_delta_mean
bag8,NATICUSdroid,target_enc_ratio__sel_combined_union,test_time_variant,selective,TabArena_IID,classification,3,False,4994,2497,86,86,0,1.0,0.4909448935914827,0.0,DAUC < 0.55,source::NATICUSdroid,,0.0153741239802502,0.0153741239802502,3.700743415417188e-17,True,near_perfect_baseline,2.4823473858097865e-13,,2.370732031005772e-13,,False,abs_delta_mean
bag8,NATICUSdroid,target_enc_ratio_cap5,test_time_variant,M4_target_encoding,TabArena_IID,classification,3,False,4994,2497,86,86,0,1.0,0.4909448935914827,0.0,DAUC < 0.55,source::NATICUSdroid,,0.0153741239802502,0.0153741239802502,0.0,True,near_perfect_baseline,0.0,,0.0,,False,abs_delta_mean
bag8,NATICUSdroid,target_enc_standard_m10,train_only_version,baselines,TabArena_IID,classification,3,False,4994,2497,86,86,0,1.0,0.4909448935914827,0.0,DAUC < 0.55,source::NATICUSdroid,,0.0153741239802502,0.0153741239802502,0.0,True,near_perfect_baseline,0.0,,0.0,,False,abs_delta_mean
bag8,NATICUSdroid,target_enc_standard_m20,train_only_version,baselines,TabArena_IID,classification,3,False,4994,2497,86,86,0,1.0,0.4909448935914827,0.0,DAUC < 0.55,source::NATICUSdroid,,0.0153741239802502,0.0153741239802502,0.0,True,near_perfect_baseline,0.0,,0.0,,False,abs_delta_mean
bag8,NATICUSdroid,target_enc_standard_m5,train_only_version,baselines,TabArena_IID,classification,3,False,4994,2497,86,86,0,1.0,0.4909448935914827,0.0,DAUC < 0.55,source::NATICUSdroid,,0.0153741239802502,0.0153741239802502,0.0,True,near_perfect_baseline,0.0,,0.0,,False,abs_delta_mean
bag8,NATICUSdroid,targeted_groupby_top3,test_time_variant,M14_groupby,TabArena_IID,classification,3,False,4994,2497,86,86,0,1.0,0.4909448935914827,0.0,DAUC < 0.55,source::NATICUSdroid,,0.0153741239802502,0.0153741239802502,0.0,True,near_perfect_baseline,0.0,,0.0,,False,abs_delta_mean
bag8,NATICUSdroid,targeted_groupby_top3_shifted_agg,test_time_variant,M14_groupby,TabArena_IID,classification,3,False,4994,2497,86,86,0,1.0,0.4909448935914827,0.0,DAUC < 0.55,source::NATICUSdroid,,0.0153741239802502,0.0153741239802502,0.0,True,near_perfect_baseline,0.0,,0.0,,False,abs_delta_mean
bag8,NATICUSdroid,targeted_groupby_top5,test_time_variant,M14_groupby,TabArena_IID,classification,3,False,4994,2497,86,86,0,1.0,0.4909448935914827,0.0,DAUC < 0.55,source::NATICUSdroid,,0.0153741239802502,0.0153741239802502,0.0,True,near_perfect_baseline,0.0,,0.0,,False,abs_delta_mean
bag8,NATICUSdroid,targeted_groupby_top5_shifted_agg,test_time_variant,M14_groupby,TabArena_IID,classification,3,False,4994,2497,86,86,0,1.0,0.4909448935914827,0.0,DAUC < 0.55,source::NATICUSdroid,,0.0153741239802502,0.0153741239802502,0.0,True,near_perfect_baseline,0.0,,0.0,,False,abs_delta_mean
bag8,NATICUSdroid,tdda_k10_lam07_aug1,test_time_variant,M17_tdda,TabArena_IID,classification,3,False,4994,2497,86,86,0,1.0,0.4909448935914827,0.0,DAUC < 0.55,source::NATICUSdroid,,0.0153741239802502,0.0173133024497715,-0.0019391784695212,True,near_perfect_baseline,-12.613261555665533,,-12.68604187470232,,False,abs_delta_mean
bag8,NATICUSdroid,tdda_k5_lam06_aug1,test_time_variant,M17_tdda,TabArena_IID,classification,3,False,4994,2497,86,86,0,1.0,0.4909448935914827,0.0,DAUC < 0.55,source::NATICUSdroid,,0.0153741239802502,0.0173133024497715,-0.0019391784695212,True,near_perfect_baseline,-12.613261555665533,,-12.68604187470232,,False,abs_delta_mean
bag8,NATICUSdroid,tdda_k5_lam07_aug1,test_time_variant,M17_tdda,TabArena_IID,classification,3,False,4994,2497,86,86,0,1.0,0.4909448935914827,0.0,DAUC < 0.55,source::NATICUSdroid,,0.0153741239802502,0.0173133024497715,-0.0019391784695212,True,near_perfect_baseline,-12.613261555665533,,-12.68604187470232,,False,abs_delta_mean
bag8,NATICUSdroid,tdda_k5_lam07_aug1_cumshift,test_time_variant,M17_tdda,TabArena_IID,classification,3,False,4994,2497,86,86,0,1.0,0.4909448935914827,0.0,DAUC < 0.55,source::NATICUSdroid,,0.0153741239802502,0.0173133024497715,-0.0019391784695212,True,near_perfect_baseline,-12.613261555665533,,-12.68604187470232,,False,abs_delta_mean
bag8,NATICUSdroid,tdda_k5_lam07_aug2,test_time_variant,M17_tdda,TabArena_IID,classification,3,False,4994,2497,86,86,0,1.0,0.4909448935914827,0.0,DAUC < 0.55,source::NATICUSdroid,,0.0153741239802502,0.0194980650762105,-0.0041239410959602,True,near_perfect_baseline,-26.82390945499017,,-27.28323390992509,,False,abs_delta_mean
bag8,NATICUSdroid,tdda_k5_lam08_aug1,test_time_variant,M17_tdda,TabArena_IID,classification,3,False,4994,2497,86,86,0,1.0,0.4909448935914827,0.0,DAUC < 0.55,source::NATICUSdroid,,0.0153741239802502,0.0173133024497715,-0.0019391784695212,True,near_perfect_baseline,-12.613261555665533,,-12.68604187470232,,False,abs_delta_mean
bag8,NATICUSdroid,tdda_v2_k10_lam07_pfl_dw,test_time_variant,M17_tdda,TabArena_IID,classification,3,False,4994,2497,86,86,0,1.0,0.4909448935914827,0.0,DAUC < 0.55,source::NATICUSdroid,,0.0153741239802502,0.0182108185263898,-0.0028366945461396,True,near_perfect_baseline,-18.45109711476029,,-18.71113095159205,,False,abs_delta_mean
bag8,NATICUSdroid,tdda_v2_k5_lam06_pfl_dw,test_time_variant,M17_tdda,TabArena_IID,classification,3,False,4994,2497,86,86,0,1.0,0.4909448935914827,0.0,DAUC < 0.55,source::NATICUSdroid,,0.0153741239802502,0.0182110535160714,-0.0028369295358212,True,near_perfect_baseline,-18.452625590021096,,-18.71263631822409,,False,abs_delta_mean
bag8,NATICUSdroid,tdda_v2_k5_lam07_nopfl_dw,test_time_variant,M17_tdda,TabArena_IID,classification,3,False,4994,2497,86,86,0,1.0,0.4909448935914827,0.0,DAUC < 0.55,source::NATICUSdroid,,0.0153741239802502,0.0182108185263898,-0.0028366945461396,True,near_perfect_baseline,-18.45109711476029,,-18.71113095159205,,False,abs_delta_mean
bag8,NATICUSdroid,tdda_v2_k5_lam07_pfl_dw,test_time_variant,M17_tdda,TabArena_IID,classification,3,False,4994,2497,86,86,0,1.0,0.4909448935914827,0.0,DAUC < 0.55,source::NATICUSdroid,,0.0153741239802502,0.0182108185263898,-0.0028366945461396,True,near_perfect_baseline,-18.45109711476029,,-18.71113095159205,,False,abs_delta_mean
bag8,NATICUSdroid,tdda_v2_k5_lam07_pfl_dw_cumshift,test_time_variant,M17_tdda,TabArena_IID,classification,3,False,4994,2497,86,86,0,1.0,0.4909448935914827,0.0,DAUC < 0.55,source::NATICUSdroid,,0.0153741239802502,0.0180307172031258,-0.0026565932228756,True,near_perfect_baseline,-17.279639648335827,,-17.55485412475547,,False,abs_delta_mean
bag8,NATICUSdroid,tdda_v2_k5_lam07_pfl_nodw,test_time_variant,M17_tdda,TabArena_IID,classification,3,False,4994,2497,86,86,0,1.0,0.4909448935914827,0.0,DAUC < 0.55,source::NATICUSdroid,,0.0153741239802502,0.0173133024497715,-0.0019391784695212,True,near_perfect_baseline,-12.613261555665533,,-12.68604187470232,,False,abs_delta_mean
bag8,NATICUSdroid,train_only_scaling,train_only_version,baselines,TabArena_IID,classification,3,False,4994,2497,86,86,0,1.0,0.4909448935914827,0.0,DAUC < 0.55,source::NATICUSdroid,,0.0153741239802502,0.0153741239802502,0.0,True,near_perfect_baseline,0.0,,0.0,,False,abs_delta_mean
bag8,SDSS17,adversarial_lgbm_both_ratio,test_time_variant,M6_adversarial,TabArena_IID,classification,3,False,52035,26018,11,2,9,0.1818181818181818,0.503639075,0.0056937685466399,DAUC < 0.55,source::SDSS17,,0.006966283496636,0.0069322168686409,3.4066627995062625e-05,True,near_perfect_baseline,0.4890215566379668,,0.4926511900077194,,False,abs_delta_mean
bag8,SDSS17,adversarial_lgbm_cal_iso_both_ratio,test_time_variant,M6_adversarial,TabArena_IID,classification,3,False,52035,26018,11,2,9,0.1818181818181818,0.503639075,0.0056937685466399,DAUC < 0.55,source::SDSS17,,0.006966283496636,0.006936307397417,2.99760992189535e-05,True,near_perfect_baseline,0.4303026030081727,,0.4199612506909202,,False,abs_delta_mean
bag8,SDSS17,adversarial_lgbm_cal_iso_feature,test_time_variant,M6_adversarial,TabArena_IID,classification,3,False,52035,26018,11,2,9,0.1818181818181818,0.503639075,0.0056937685466399,DAUC < 0.55,source::SDSS17,,0.006966283496636,0.0069498233861271,1.646011050889425e-05,True,near_perfect_baseline,0.2362825244887514,,0.2311141286284501,,False,abs_delta_mean
bag8,SDSS17,adversarial_lgbm_cal_platt_feature,test_time_variant,M6_adversarial,TabArena_IID,classification,3,False,52035,26018,11,2,9,0.1818181818181818,0.503639075,0.0056937685466399,DAUC < 0.55,source::SDSS17,,0.006966283496636,0.0078795181327493,-0.0009132346361133,True,near_perfect_baseline,-13.109352161082244,,-13.051578732421028,,False,abs_delta_mean
bag8,SDSS17,adversarial_lgbm_feature,test_time_variant,M6_adversarial,TabArena_IID,classification,3,False,52035,26018,11,2,9,0.1818181818181818,0.503639075,0.0056937685466399,DAUC < 0.55,source::SDSS17,,0.006966283496636,0.0069894609987662,-2.3177502130248644e-05,True,near_perfect_baseline,-0.3327097173326407,,-0.3398541194218383,,False,abs_delta_mean
bag8,SDSS17,adversarial_logreg_feature,test_time_variant,M6_adversarial,TabArena_IID,classification,3,False,52035,26018,11,2,9,0.1818181818181818,0.503639075,0.0056937685466399,DAUC < 0.55,source::SDSS17,,0.006966283496636,0.0069220906075365,4.419288909947768e-05,True,near_perfect_baseline,0.6343825817714543,,0.6180063785066536,,False,abs_delta_mean
bag8,SDSS17,adversarial_reweight_lgbm_cal_iso_ratio_hard,test_time_variant,M6_adversarial,TabArena_IID,classification,3,False,52035,26018,11,2,9,0.1818181818181818,0.503639075,0.0056937685466399,DAUC < 0.55,source::SDSS17,,0.006966283496636,0.0069758434114522,-9.559914816252103e-06,True,near_perfect_baseline,-0.1372312054321069,,-0.1411240809708688,,False,abs_delta_mean
bag8,SDSS17,adversarial_reweight_lgbm_cal_iso_ratio_hard_tempered,test_time_variant,M6_adversarial,TabArena_IID,classification,3,False,52035,26018,11,2,9,0.1818181818181818,0.503639075,0.0056937685466399,DAUC < 0.55,source::SDSS17,,0.006966283496636,0.0069530480084789,1.323548815701514e-05,True,near_perfect_baseline,0.1899935333295939,,0.1879462016214979,,False,abs_delta_mean
bag8,SDSS17,adversarial_reweight_lgbm_cal_iso_ratio_winsorize,test_time_variant,M6_adversarial,TabArena_IID,classification,3,False,52035,26018,11,2,9,0.1818181818181818,0.503639075,0.0056937685466399,DAUC < 0.55,source::SDSS17,,0.006966283496636,0.0069584892253104,7.794271325541521e-06,True,near_perfect_baseline,0.1118856464757129,,0.1112962092973682,,False,abs_delta_mean
bag8,SDSS17,adversarial_reweight_lgbm_ratio_hard,test_time_variant,M6_adversarial,TabArena_IID,classification,3,False,52035,26018,11,2,9,0.1818181818181818,0.503639075,0.0056937685466399,DAUC < 0.55,source::SDSS17,,0.006966283496636,0.0069435895465098,2.2693950126143985e-05,True,near_perfect_baseline,0.3257683976987599,,0.3237118737161148,,False,abs_delta_mean
bag8,SDSS17,adversarial_reweight_lgbm_ratio_hard_tempered,test_time_variant,M6_adversarial,TabArena_IID,classification,3,False,52035,26018,11,2,9,0.1818181818181818,0.503639075,0.0056937685466399,DAUC < 0.55,source::SDSS17,,0.006966283496636,0.0069522469977394,1.4036498896604264e-05,True,near_perfect_baseline,0.2014919275591211,,0.1931307751568032,,False,abs_delta_mean
bag8,SDSS17,adversarial_reweight_lgbm_ratio_normalize,test_time_variant,M6_adversarial,TabArena_IID,classification,3,False,52035,26018,11,2,9,0.1818181818181818,0.503639075,0.0056937685466399,DAUC < 0.55,source::SDSS17,,0.006966283496636,0.0069435895465098,2.2693950126143985e-05,True,near_perfect_baseline,0.3257683976987599,,0.3237118737161148,,False,abs_delta_mean
bag8,SDSS17,adversarial_reweight_lgbm_ratio_winsorize,test_time_variant,M6_adversarial,TabArena_IID,classification,3,False,52035,26018,11,2,9,0.1818181818181818,0.503639075,0.0056937685466399,DAUC < 0.55,source::SDSS17,,0.006966283496636,0.0069445066341876,2.177686244838236e-05,True,near_perfect_baseline,0.3126037356776952,,0.3107063388033102,,False,abs_delta_mean
bag8,SDSS17,adversarial_reweight_lgbm_ratio_winsorize_tempered,test_time_variant,M6_adversarial,TabArena_IID,classification,3,False,52035,26018,11,2,9,0.1818181818181818,0.503639075,0.0056937685466399,DAUC < 0.55,source::SDSS17,,0.006966283496636,0.0069480694118944,1.8214084741563497e-05,True,near_perfect_baseline,0.2614605729203959,,0.2577184792841853,,False,abs_delta_mean
bag8,SDSS17,adversarial_reweight_lgbm_raw_hard,test_time_variant,M6_adversarial,TabArena_IID,classification,3,False,52035,26018,11,2,9,0.1818181818181818,0.503639075,0.0056937685466399,DAUC < 0.55,source::SDSS17,,0.006966283496636,0.006940421881895,2.586161474094073e-05,True,near_perfect_baseline,0.3712397687149712,,0.368042248187533,,False,abs_delta_mean
bag8,SDSS17,adversarial_rf_feature,test_time_variant,M6_adversarial,TabArena_IID,classification,3,False,52035,26018,11,2,9,0.1818181818181818,0.503639075,0.0056937685466399,DAUC < 0.55,source::SDSS17,,0.006966283496636,0.006988036524331,-2.1753027695063192e-05,True,near_perfect_baseline,-0.3122615912138382,,-0.3121529368663234,,False,abs_delta_mean
bag8,SDSS17,cluster_membership_k10_both,test_time_variant,M20_cluster_membership,TabArena_IID,classification,3,False,52035,26018,11,2,9,0.1818181818181818,0.503639075,0.0056937685466399,DAUC < 0.55,source::SDSS17,,0.006966283496636,0.0069879427294698,-2.165923283381499e-05,True,near_perfect_baseline,-0.3109151794392827,,-0.333904008260724,,False,abs_delta_mean
bag8,SDSS17,cluster_membership_k10_both_cumshift,test_time_variant,M20_cluster_membership,TabArena_IID,classification,3,False,52035,26018,11,2,9,0.1818181818181818,0.503639075,0.0056937685466399,DAUC < 0.55,source::SDSS17,,0.006966283496636,0.0069562123388002,1.007115783580037e-05,True,near_perfect_baseline,0.1445700256193089,,0.1489246348038818,,False,abs_delta_mean
bag8,SDSS17,cluster_membership_k10_feature,test_time_variant,M20_cluster_membership,TabArena_IID,classification,3,False,52035,26018,11,2,9,0.1818181818181818,0.503639075,0.0056937685466399,DAUC < 0.55,source::SDSS17,,0.006966283496636,0.0069590542789702,7.229217665753278e-06,True,near_perfect_baseline,0.1037743822691759,,0.0933488425351676,,False,abs_delta_mean
bag8,SDSS17,cluster_membership_k10_feature_cumshift,test_time_variant,M20_cluster_membership,TabArena_IID,classification,3,False,52035,26018,11,2,9,0.1818181818181818,0.503639075,0.0056937685466399,DAUC < 0.55,source::SDSS17,,0.006966283496636,0.0069789213629498,-1.2637866313854516e-05,True,near_perfect_baseline,-0.1814147575239652,,-0.1941180501747356,,False,abs_delta_mean
bag8,SDSS17,cluster_membership_k10_weight,test_time_variant,M20_cluster_membership,TabArena_IID,classification,3,False,52035,26018,11,2,9,0.1818181818181818,0.503639075,0.0056937685466399,DAUC < 0.55,source::SDSS17,,0.006966283496636,0.0069562392184518,1.0044278184147734e-05,True,near_perfect_baseline,0.1441841720768133,,0.1380902010982527,,False,abs_delta_mean
bag8,SDSS17,cluster_membership_k15_both,test_time_variant,M20_cluster_membership,TabArena_IID,classification,3,False,52035,26018,11,2,9,0.1818181818181818,0.503639075,0.0056937685466399,DAUC < 0.55,source::SDSS17,,0.006966283496636,0.0069458716931308,2.041180350513076e-05,True,near_perfect_baseline,0.2930085104200515,,0.2952979728885583,,False,abs_delta_mean
bag8,SDSS17,cluster_membership_k5_both,test_time_variant,M20_cluster_membership,TabArena_IID,classification,3,False,52035,26018,11,2,9,0.1818181818181818,0.503639075,0.0056937685466399,DAUC < 0.55,source::SDSS17,,0.006966283496636,0.0069856035539826,-1.93200573466538e-05,True,near_perfect_baseline,-0.2773366509701019,,-0.2860212578273829,,False,abs_delta_mean
bag8,SDSS17,cluster_membership_k5_feature,test_time_variant,M20_cluster_membership,TabArena_IID,classification,3,False,52035,26018,11,2,9,0.1818181818181818,0.503639075,0.0056937685466399,DAUC < 0.55,source::SDSS17,,0.006966283496636,0.0069732019485195,-6.918451883534497e-06,True,near_perfect_baseline,-0.0993133840572926,,-0.1110817626250296,,False,abs_delta_mean
bag8,SDSS17,freq_enc_train_only,train_only_version,baselines,TabArena_IID,classification,3,False,52035,26018,11,2,9,0.1818181818181818,0.503639075,0.0056937685466399,DAUC < 0.55,source::SDSS17,,0.006966283496636,0.0069639503905714,2.3331060645300403e-06,True,near_perfect_baseline,0.033491402778214,,0.0320183697433625,,False,abs_delta_mean
bag8,SDSS17,freq_ratio_log,test_time_variant,M2_freq_ratio,TabArena_IID,classification,3,False,52035,26018,11,2,9,0.1818181818181818,0.503639075,0.0056937685466399,DAUC < 0.55,source::SDSS17,,0.006966283496636,0.0069486983340392,1.758516259675602e-05,True,near_perfect_baseline,0.2524324857759209,,0.2498239311852856,,False,abs_delta_mean
bag8,SDSS17,freq_ratio_log__sel_combined_intersection,test_time_variant,selective,TabArena_IID,classification,3,False,52035,26018,11,2,9,0.1818181818181818,0.503639075,0.0056937685466399,DAUC < 0.55,source::SDSS17,,0.006966283496636,0.0069735123029057,-7.228806269724923e-06,True,near_perfect_baseline,-0.1037684767382077,,-0.1122625430625996,,False,abs_delta_mean
bag8,SDSS17,freq_ratio_log__sel_combined_union,test_time_variant,selective,TabArena_IID,classification,3,False,52035,26018,11,2,9,0.1818181818181818,0.503639075,0.0056937685466399,DAUC < 0.55,source::SDSS17,,0.006966283496636,0.0069721656609827,-5.882164346789527e-06,True,near_perfect_baseline,-0.0844376251645473,,-0.0981558009531159,,False,abs_delta_mean
bag8,SDSS17,freq_ratio_v2_both_gated,test_time_variant,M2_freq_ratio,TabArena_IID,classification,3,False,52035,26018,11,2,9,0.1818181818181818,0.503639075,0.0056937685466399,DAUC < 0.55,source::SDSS17,,0.006966283496636,0.006966283496636,0.0,True,near_perfect_baseline,0.0,,0.0,,False,abs_delta_mean
bag8,SDSS17,freq_ratio_v2_diff_gated,test_time_variant,M2_freq_ratio,TabArena_IID,classification,3,False,52035,26018,11,2,9,0.1818181818181818,0.503639075,0.0056937685466399,DAUC < 0.55,source::SDSS17,,0.006966283496636,0.006966283496636,0.0,True,near_perfect_baseline,0.0,,0.0,,False,abs_delta_mean
bag8,SDSS17,freq_ratio_v2_ratio_gated,test_time_variant,M2_freq_ratio,TabArena_IID,classification,3,False,52035,26018,11,2,9,0.1818181818181818,0.503639075,0.0056937685466399,DAUC < 0.55,source::SDSS17,,0.006966283496636,0.006966283496636,0.0,True,near_perfect_baseline,0.0,,0.0,,False,abs_delta_mean
bag8,SDSS17,freq_ratio_v2_ratio_ungated,test_time_variant,M2_freq_ratio,TabArena_IID,classification,3,False,52035,26018,11,2,9,0.1818181818181818,0.503639075,0.0056937685466399,DAUC < 0.55,source::SDSS17,,0.006966283496636,0.006978995206741,-1.271171010504742e-05,True,near_perfect_baseline,-0.1824747745506706,,-0.1940931387147351,,False,abs_delta_mean
bag8,SDSS17,groupby_shift_cohen_d,test_time_variant,M14_groupby,TabArena_IID,classification,3,False,52035,26018,11,2,9,0.1818181818181818,0.503639075,0.0056937685466399,DAUC < 0.55,source::SDSS17,,0.006966283496636,0.0069535820017332,1.2701494902807772e-05,True,near_perfect_baseline,0.1823281367883154,,0.1784728633142404,,False,abs_delta_mean
bag8,SDSS17,groupby_shift_cohen_d__sel_combined_intersection,test_time_variant,selective,TabArena_IID,classification,3,False,52035,26018,11,2,9,0.1818181818181818,0.503639075,0.0056937685466399,DAUC < 0.55,source::SDSS17,,0.006966283496636,0.0069501890061342,1.609449050180937e-05,True,near_perfect_baseline,0.2310341017499736,,0.2312940164410971,,False,abs_delta_mean
bag8,SDSS17,groupby_shift_cohen_d__sel_combined_union,test_time_variant,selective,TabArena_IID,classification,3,False,52035,26018,11,2,9,0.1818181818181818,0.503639075,0.0056937685466399,DAUC < 0.55,source::SDSS17,,0.006966283496636,0.0069687533400941,-2.469843458160111e-06,True,near_perfect_baseline,-0.0354542484432696,,-0.042812436229078,,False,abs_delta_mean
bag8,SDSS17,groupby_shift_cohen_d_min10,test_time_variant,M14_groupby,TabArena_IID,classification,3,False,52035,26018,11,2,9,0.1818181818181818,0.503639075,0.0056937685466399,DAUC < 0.55,source::SDSS17,,0.006966283496636,0.0069535820017332,1.2701494902807772e-05,True,near_perfect_baseline,0.1823281367883154,,0.1784728633142404,,False,abs_delta_mean
bag8,SDSS17,groupby_shift_ratio_log,test_time_variant,M14_groupby,TabArena_IID,classification,3,False,52035,26018,11,2,9,0.1818181818181818,0.503639075,0.0056937685466399,DAUC < 0.55,source::SDSS17,,0.006966283496636,0.0069558125379168,1.0470958719199784e-05,True,near_perfect_baseline,0.150309109932953,,0.1450846736678256,,False,abs_delta_mean
bag8,SDSS17,groupby_shift_ratio_raw,test_time_variant,M14_groupby,TabArena_IID,classification,3,False,52035,26018,11,2,9,0.1818181818181818,0.503639075,0.0056937685466399,DAUC < 0.55,source::SDSS17,,0.006966283496636,0.0069551884924421,1.109500419386548e-05,True,near_perfect_baseline,0.1592671931773018,,0.1544150448362395,,False,abs_delta_mean
bag8,SDSS17,groupby_train_only,train_only_version,baselines,TabArena_IID,classification,3,False,52035,26018,11,2,9,0.1818181818181818,0.503639075,0.0056937685466399,DAUC < 0.55,source::SDSS17,,0.006966283496636,0.0069516179722178,1.4665524418126331e-05,True,near_perfect_baseline,0.2105214986614964,,0.2033214502251188,,False,abs_delta_mean
bag8,SDSS17,joint_freq_combined,test_time_variant,M1_joint_freq,TabArena_IID,classification,3,False,52035,26018,11,2,9,0.1818181818181818,0.503639075,0.0056937685466399,DAUC < 0.55,source::SDSS17,,0.006966283496636,0.0069745407877631,-8.257291127189426e-06,True,near_perfect_baseline,-0.1185322292895033,,-0.119794867829826,,False,abs_delta_mean
bag8,SDSS17,joint_freq_combined__sel_combined_intersection,test_time_variant,selective,TabArena_IID,classification,3,False,52035,26018,11,2,9,0.1818181818181818,0.503639075,0.0056937685466399,DAUC < 0.55,source::SDSS17,,0.006966283496636,0.006956858223598,9.425273037969952e-06,True,near_perfect_baseline,0.1352984420246702,,0.1403197612524053,,False,abs_delta_mean
bag8,SDSS17,joint_freq_combined__sel_combined_union,test_time_variant,selective,TabArena_IID,classification,3,False,52035,26018,11,2,9,0.1818181818181818,0.503639075,0.0056937685466399,DAUC < 0.55,source::SDSS17,,0.006966283496636,0.0069762902153578,-1.0006718721792632e-05,True,near_perfect_baseline,-0.1436450113841083,,-0.1419976159462962,,False,abs_delta_mean
bag8,SDSS17,joint_freq_separate,test_time_variant,M1_joint_freq,TabArena_IID,classification,3,False,52035,26018,11,2,9,0.1818181818181818,0.503639075,0.0056937685466399,DAUC < 0.55,source::SDSS17,,0.006966283496636,0.0069790125274973,-1.272903086132112e-05,True,near_perfect_baseline,-0.1827234115216187,,-0.1787426985172207,,False,abs_delta_mean
bag8,SDSS17,joint_freq_separate__sel_combined_intersection,test_time_variant,selective,TabArena_IID,classification,3,False,52035,26018,11,2,9,0.1818181818181818,0.503639075,0.0056937685466399,DAUC < 0.55,source::SDSS17,,0.006966283496636,0.0069855792728126,-1.929577617665324e-05,True,near_perfect_baseline,-0.2769880982588648,,-0.2844171166495306,,False,abs_delta_mean
bag8,SDSS17,joint_freq_separate__sel_combined_union,test_time_variant,selective,TabArena_IID,classification,3,False,52035,26018,11,2,9,0.1818181818181818,0.503639075,0.0056937685466399,DAUC < 0.55,source::SDSS17,,0.006966283496636,0.006971942740912,-5.659244276053539e-06,True,near_perfect_baseline,-0.0812376395360033,,-0.0809943391147076,,False,abs_delta_mean
bag8,SDSS17,joint_groupby_combined,test_time_variant,M14_groupby,TabArena_IID,classification,3,False,52035,26018,11,2,9,0.1818181818181818,0.503639075,0.0056937685466399,DAUC < 0.55,source::SDSS17,,0.006966283496636,0.006961564569637,4.718926998936723e-06,True,near_perfect_baseline,0.0677395199494174,,0.0605638627358386,,False,abs_delta_mean
bag8,SDSS17,joint_groupby_combined__sel_combined_intersection,test_time_variant,selective,TabArena_IID,classification,3,False,52035,26018,11,2,9,0.1818181818181818,0.503639075,0.0056937685466399,DAUC < 0.55,source::SDSS17,,0.006966283496636,0.0069501890061342,1.609449050180937e-05,True,near_perfect_baseline,0.2310341017499736,,0.2312940164410971,,False,abs_delta_mean
bag8,SDSS17,joint_groupby_combined__sel_combined_union,test_time_variant,selective,TabArena_IID,classification,3,False,52035,26018,11,2,9,0.1818181818181818,0.503639075,0.0056937685466399,DAUC < 0.55,source::SDSS17,,0.006966283496636,0.0069687533400941,-2.469843458160111e-06,True,near_perfect_baseline,-0.0354542484432696,,-0.042812436229078,,False,abs_delta_mean
bag8,SDSS17,joint_groupby_mean_only,test_time_variant,M14_groupby,TabArena_IID,classification,3,False,52035,26018,11,2,9,0.1818181818181818,0.503639075,0.0056937685466399,DAUC < 0.55,source::SDSS17,,0.006966283496636,0.0069726677878791,-6.384291243148136e-06,True,near_perfect_baseline,-0.0916455847114247,,-0.0964176204942751,,False,abs_delta_mean
bag8,SDSS17,joint_groupby_separate,test_time_variant,M14_groupby,TabArena_IID,classification,3,False,52035,26018,11,2,9,0.1818181818181818,0.503639075,0.0056937685466399,DAUC < 0.55,source::SDSS17,,0.006966283496636,0.0069744302968458,-8.146800209848001e-06,True,near_perfect_baseline,-0.1169461480254395,,-0.1166103001691971,,False,abs_delta_mean
bag8,SDSS17,joint_pca_10,test_time_variant,M3_joint_pca,TabArena_IID,classification,3,False,52035,26018,11,2,9,0.1818181818181818,0.503639075,0.0056937685466399,DAUC < 0.55,source::SDSS17,,0.006966283496636,0.0069594546061067,6.828890529238703e-06,True,near_perfect_baseline,0.09802774366758,,0.1566476641023051,,False,abs_delta_mean
bag8,SDSS17,joint_pca_5,test_time_variant,M3_joint_pca,TabArena_IID,classification,3,False,52035,26018,11,2,9,0.1818181818181818,0.503639075,0.0056937685466399,DAUC < 0.55,source::SDSS17,,0.006966283496636,0.0070490086066643,-8.272511002838101e-05,True,near_perfect_baseline,-1.1875070842053534,,-1.18026421571426,,False,abs_delta_mean
bag8,SDSS17,joint_pca_var90,test_time_variant,M3_joint_pca,TabArena_IID,classification,3,False,52035,26018,11,2,9,0.1818181818181818,0.503639075,0.0056937685466399,DAUC < 0.55,source::SDSS17,,0.006966283496636,0.0070490086066643,-8.272511002838101e-05,True,near_perfect_baseline,-1.1875070842053534,,-1.18026421571426,,False,abs_delta_mean
bag8,SDSS17,joint_pca_var95,test_time_variant,M3_joint_pca,TabArena_IID,classification,3,False,52035,26018,11,2,9,0.1818181818181818,0.503639075,0.0056937685466399,DAUC < 0.55,source::SDSS17,,0.006966283496636,0.0068483989358117,0.0001178845608242,True,near_perfect_baseline,1.6922159553399518,,1.6845626789711683,,False,abs_delta_mean
bag8,SDSS17,joint_scaling,test_time_variant,M5_joint_scaling,TabArena_IID,classification,3,False,52035,26018,11,2,9,0.1818181818181818,0.503639075,0.0056937685466399,DAUC < 0.55,source::SDSS17,,0.006966283496636,0.0070568625430719,-9.057904643594572e-05,True,near_perfect_baseline,-1.3002492143721396,,-1.295046472390264,,False,abs_delta_mean
bag8,SDSS17,joint_tsne_2d_p30,test_time_variant,M3b_joint_tsne,TabArena_IID,classification,3,False,52035,26018,11,2,9,0.1818181818181818,0.503639075,0.0056937685466399,DAUC < 0.55,source::SDSS17,,0.006966283496636,0.0070478566962852,-8.157319964926153e-05,True,near_perfect_baseline,-1.1709715760010715,,-1.1507851407437664,,False,abs_delta_mean
bag8,SDSS17,joint_tsne_2d_p50,test_time_variant,M3b_joint_tsne,TabArena_IID,classification,3,False,52035,26018,11,2,9,0.1818181818181818,0.503639075,0.0056937685466399,DAUC < 0.55,source::SDSS17,,0.006966283496636,0.0070589172247165,-9.263372808058594e-05,True,near_perfect_baseline,-1.329743874554026,,-1.3237063285438808,,False,abs_delta_mean
bag8,SDSS17,joint_tsne_3d_p30,test_time_variant,M3b_joint_tsne,TabArena_IID,classification,3,False,52035,26018,11,2,9,0.1818181818181818,0.503639075,0.0056937685466399,DAUC < 0.55,source::SDSS17,,0.006966283496636,0.0070380577391945,-7.177424255859026e-05,True,near_perfect_baseline,-1.030308953019916,,-1.035582626236721,,False,abs_delta_mean
bag8,SDSS17,label_prop_k10_a05,test_time_variant,M8_label_prop,TabArena_IID,classification,3,False,52035,26018,11,2,9,0.1818181818181818,0.503639075,0.0056937685466399,DAUC < 0.55,source::SDSS17,,0.006966283496636,0.0072053789031644,-0.0002390954065284,True,near_perfect_baseline,-3.43218025284074,,-3.436531002218492,,False,abs_delta_mean
bag8,SDSS17,label_prop_k15_a05,test_time_variant,M8_label_prop,TabArena_IID,classification,3,False,52035,26018,11,2,9,0.1818181818181818,0.503639075,0.0056937685466399,DAUC < 0.55,source::SDSS17,,0.006966283496636,0.007141331294796,-0.00017504779816,True,near_perfect_baseline,-2.5127860249235003,,-2.5403638267051334,,False,abs_delta_mean
bag8,SDSS17,label_prop_k15_a08,test_time_variant,M8_label_prop,TabArena_IID,classification,3,False,52035,26018,11,2,9,0.1818181818181818,0.503639075,0.0056937685466399,DAUC < 0.55,source::SDSS17,,0.006966283496636,0.0071876787170361,-0.0002213952204001,True,near_perfect_baseline,-3.1780966207741543,,-3.208735371925663,,False,abs_delta_mean
bag8,SDSS17,label_prop_v3_adaptive,test_time_variant,M8_label_prop,TabArena_IID,classification,3,False,52035,26018,11,2,9,0.1818181818181818,0.503639075,0.0056937685466399,DAUC < 0.55,source::SDSS17,,0.006966283496636,0.0077301901737303,-0.0007639066770943,True,near_perfect_baseline,-10.965770736480204,,-11.013563163636883,,False,abs_delta_mean
bag8,SDSS17,label_prop_v3_t005_k10,test_time_variant,M8_label_prop,TabArena_IID,classification,3,False,52035,26018,11,2,9,0.1818181818181818,0.503639075,0.0056937685466399,DAUC < 0.55,source::SDSS17,,0.006966283496636,0.0076203835773507,-0.0006541000807147,True,near_perfect_baseline,-9.38951280163406,,-9.371662611023384,,False,abs_delta_mean
bag8,SDSS17,label_prop_v3_t005_k15,test_time_variant,M8_label_prop,TabArena_IID,classification,3,False,52035,26018,11,2,9,0.1818181818181818,0.503639075,0.0056937685466399,DAUC < 0.55,source::SDSS17,,0.006966283496636,0.0076708382345456,-0.0007045547379096,True,near_perfect_baseline,-10.113782165912037,,-10.110321583713876,,False,abs_delta_mean
bag8,SDSS17,label_prop_v3_t01_k15,test_time_variant,M8_label_prop,TabArena_IID,classification,3,False,52035,26018,11,2,9,0.1818181818181818,0.503639075,0.0056937685466399,DAUC < 0.55,source::SDSS17,,0.006966283496636,0.0075247360439513,-0.0005584525473153,True,near_perfect_baseline,-8.01650618418067,,-8.012983237407619,,False,abs_delta_mean
bag8,SDSS17,label_prop_weighted_adaptive_a05,test_time_variant,M8_label_prop,TabArena_IID,classification,3,False,52035,26018,11,2,9,0.1818181818181818,0.503639075,0.0056937685466399,DAUC < 0.55,source::SDSS17,,0.006966283496636,0.0069329591666564,3.332432997960044e-05,True,near_perfect_baseline,0.4783659751385746,,0.4512932779387964,,False,abs_delta_mean
bag8,SDSS17,label_prop_weighted_k10_a05,test_time_variant,M8_label_prop,TabArena_IID,classification,3,False,52035,26018,11,2,9,0.1818181818181818,0.503639075,0.0056937685466399,DAUC < 0.55,source::SDSS17,,0.006966283496636,0.0071821023951518,-0.0002158188985158,True,near_perfect_baseline,-3.0980493202728883,,-3.123426656592334,,False,abs_delta_mean
bag8,SDSS17,label_prop_weighted_k15_a05,test_time_variant,M8_label_prop,TabArena_IID,classification,3,False,52035,26018,11,2,9,0.1818181818181818,0.503639075,0.0056937685466399,DAUC < 0.55,source::SDSS17,,0.006966283496636,0.0071104964175194,-0.0001442129208834,True,near_perfect_baseline,-2.070155786124384,,-2.092772260691926,,False,abs_delta_mean
bag8,SDSS17,label_prop_weighted_k15_a08,test_time_variant,M8_label_prop,TabArena_IID,classification,3,False,52035,26018,11,2,9,0.1818181818181818,0.503639075,0.0056937685466399,DAUC < 0.55,source::SDSS17,,0.006966283496636,0.0071749787067334,-0.0002086952100974,True,near_perfect_baseline,-2.995789795206862,,-3.0072013684710366,,False,abs_delta_mean
bag8,SDSS17,leaf_density_conf,test_time_variant,M18_leaf_density,TabArena_IID,classification,3,False,52035,26018,11,2,9,0.1818181818181818,0.503639075,0.0056937685466399,DAUC < 0.55,source::SDSS17,,0.006966283496636,0.0073077752299301,-0.0003414917332941,True,near_perfect_baseline,-4.902064830680867,,-4.849288714984097,,False,abs_delta_mean
bag8,SDSS17,leaf_density_conf_cumshift,test_time_variant,M18_leaf_density,TabArena_IID,classification,3,False,52035,26018,11,2,9,0.1818181818181818,0.503639075,0.0056937685466399,DAUC < 0.55,source::SDSS17,,0.006966283496636,0.0074098151505196,-0.0004435316538835,True,near_perfect_baseline,-6.366833249002449,,-6.343739220422857,,False,abs_delta_mean
bag8,SDSS17,leaf_density_conf_deep,test_time_variant,M18_leaf_density,TabArena_IID,classification,3,False,52035,26018,11,2,9,0.1818181818181818,0.503639075,0.0056937685466399,DAUC < 0.55,source::SDSS17,,0.006966283496636,0.0069156690893954,5.061440724052346e-05,True,near_perfect_baseline,0.7265625532605005,,0.7283277546548694,,False,abs_delta_mean
bag8,SDSS17,leaf_density_conf_shallow,test_time_variant,M18_leaf_density,TabArena_IID,classification,3,False,52035,26018,11,2,9,0.1818181818181818,0.503639075,0.0056937685466399,DAUC < 0.55,source::SDSS17,,0.006966283496636,0.0068394603035038,0.0001268231931321,True,near_perfect_baseline,1.8205287395125027,,1.821316991481944,,False,abs_delta_mean
bag8,SDSS17,leaf_density_embed_k10,test_time_variant,M18_leaf_density,TabArena_IID,classification,3,False,52035,26018,11,2,9,0.1818181818181818,0.503639075,0.0056937685466399,DAUC < 0.55,source::SDSS17,,0.006966283496636,0.0071762332165699,-0.0002099497199339,True,near_perfect_baseline,-3.013798103900261,,-2.998498186534732,,False,abs_delta_mean
bag8,SDSS17,leaf_density_embed_k10_cumshift,test_time_variant,M18_leaf_density,TabArena_IID,classification,3,False,52035,26018,11,2,9,0.1818181818181818,0.503639075,0.0056937685466399,DAUC < 0.55,source::SDSS17,,0.006966283496636,0.0072881273266389,-0.0003218438300029,True,near_perfect_baseline,-4.62002199821959,,-4.520077415876499,,False,abs_delta_mean
bag8,SDSS17,leaf_density_embed_k20,test_time_variant,M18_leaf_density,TabArena_IID,classification,1,True,52036,26017,11,2,9,0.1818181818181818,0.503639075,0.0056937685466399,DAUC < 0.55,source::SDSS17,,0.0072761929249576,0.0080215695299038,-0.0007453766049462,True,near_perfect_baseline,-10.24404675128326,,-10.24404675128326,,False,abs_delta_mean
bag8,SDSS17,leaf_density_embed_k5,test_time_variant,M18_leaf_density,TabArena_IID,classification,2,False,52035,26018,11,2,9,0.1818181818181818,0.503639075,0.0056937685466399,DAUC < 0.55,source::SDSS17,,0.0069784036298179,0.007239574893611,-0.000261171263793,True,near_perfect_baseline,-3.742564598543564,,-3.758788766822493,,False,abs_delta_mean
bag8,SDSS17,nearest_test_k10_both,test_time_variant,M16_nearest_test_dist,TabArena_IID,classification,3,False,52035,26018,11,2,9,0.1818181818181818,0.503639075,0.0056937685466399,DAUC < 0.55,source::SDSS17,,0.006966283496636,0.0069592921568656,6.99133977040874e-06,True,near_perfect_baseline,0.1003596792146832,,0.1258507064293711,,False,abs_delta_mean
bag8,SDSS17,nearest_test_k10_cumshift_both,test_time_variant,M16_nearest_test_dist,TabArena_IID,classification,3,False,52035,26018,11,2,9,0.1818181818181818,0.503639075,0.0056937685466399,DAUC < 0.55,source::SDSS17,,0.006966283496636,0.0069329673608658,3.331613577014133e-05,True,near_perfect_baseline,0.478248348437587,,0.4699072316461235,,False,abs_delta_mean
bag8,SDSS17,nearest_test_k10_filter_both,test_time_variant,M16_nearest_test_dist,TabArena_IID,classification,3,False,52035,26018,11,2,9,0.1818181818181818,0.503639075,0.0056937685466399,DAUC < 0.55,source::SDSS17,,0.006966283496636,0.0069592921568656,6.99133977040874e-06,True,near_perfect_baseline,0.1003596792146832,,0.1258507064293711,,False,abs_delta_mean
bag8,SDSS17,nearest_test_k5_both,test_time_variant,M16_nearest_test_dist,TabArena_IID,classification,3,False,52035,26018,11,2,9,0.1818181818181818,0.503639075,0.0056937685466399,DAUC < 0.55,source::SDSS17,,0.006966283496636,0.0069728068050874,-6.523308451448588e-06,True,near_perfect_baseline,-0.0936411567889548,,-0.0611434418689467,,False,abs_delta_mean
bag8,SDSS17,nearest_test_rel_k10_both,test_time_variant,M16_nearest_test_dist,TabArena_IID,classification,3,False,52035,26018,11,2,9,0.1818181818181818,0.503639075,0.0056937685466399,DAUC < 0.55,source::SDSS17,,0.006966283496636,0.0069311798023576,3.510369427831931e-05,True,near_perfect_baseline,0.5039084943251453,,0.5118697845718009,,False,abs_delta_mean
bag8,SDSS17,nearest_test_rel_k10_cumshift_both,test_time_variant,M16_nearest_test_dist,TabArena_IID,classification,3,False,52035,26018,11,2,9,0.1818181818181818,0.503639075,0.0056937685466399,DAUC < 0.55,source::SDSS17,,0.006966283496636,0.0069054312689508,6.085222768514864e-05,True,near_perfect_baseline,0.8735249967150194,,0.8656882951900374,,False,abs_delta_mean
bag8,SDSS17,nearest_test_rel_k5_both,test_time_variant,M16_nearest_test_dist,TabArena_IID,classification,3,False,52035,26018,11,2,9,0.1818181818181818,0.503639075,0.0056937685466399,DAUC < 0.55,source::SDSS17,,0.006966283496636,0.0068943941135956,7.188938304040586e-05,True,near_perfect_baseline,1.0319617781148476,,1.0108718379161388,,False,abs_delta_mean
bag8,SDSS17,neighbor_consensus_k10_dist,test_time_variant,M19_neighbor_consensus,TabArena_IID,classification,3,False,52035,26018,11,2,9,0.1818181818181818,0.503639075,0.0056937685466399,DAUC < 0.55,source::SDSS17,,0.006966283496636,0.0062151274137755,0.0007511560828604,True,near_perfect_baseline,10.782737785839489,,10.812606770204251,,False,abs_delta_mean
bag8,SDSS17,neighbor_consensus_k10_dist_cumshift,test_time_variant,M19_neighbor_consensus,TabArena_IID,classification,3,False,52035,26018,11,2,9,0.1818181818181818,0.503639075,0.0056937685466399,DAUC < 0.55,source::SDSS17,,0.006966283496636,0.0062657994725377,0.0007004840240982,True,near_perfect_baseline,10.055347653257884,,10.096514665195937,,False,abs_delta_mean
bag8,SDSS17,neighbor_consensus_k10_uniform,test_time_variant,M19_neighbor_consensus,TabArena_IID,classification,3,False,52035,26018,11,2,9,0.1818181818181818,0.503639075,0.0056937685466399,DAUC < 0.55,source::SDSS17,,0.006966283496636,0.0062241837034336,0.0007420997932023,True,near_perfect_baseline,10.652736047287563,,10.68028067794828,,False,abs_delta_mean
bag8,SDSS17,neighbor_consensus_k20_dist,test_time_variant,M19_neighbor_consensus,TabArena_IID,classification,3,False,52035,26018,11,2,9,0.1818181818181818,0.503639075,0.0056937685466399,DAUC < 0.55,source::SDSS17,,0.006966283496636,0.0063806879714713,0.0005855955251646,True,near_perfect_baseline,8.406139736451896,,8.403094465646637,,False,abs_delta_mean
bag8,SDSS17,neighbor_consensus_k5_dist,test_time_variant,M19_neighbor_consensus,TabArena_IID,classification,3,False,52035,26018,11,2,9,0.1818181818181818,0.503639075,0.0056937685466399,DAUC < 0.55,source::SDSS17,,0.006966283496636,0.0061584712559228,0.0008078122407132,True,near_perfect_baseline,11.596028802205636,,11.625118563693013,,False,abs_delta_mean
bag8,SDSS17,neighbor_consensus_k5_dist_cumshift,test_time_variant,M19_neighbor_consensus,TabArena_IID,classification,3,False,52035,26018,11,2,9,0.1818181818181818,0.503639075,0.0056937685466399,DAUC < 0.55,source::SDSS17,,0.006966283496636,0.0062127363259796,0.0007535471706563,True,near_perfect_baseline,10.817061508051292,,10.843920878162118,,False,abs_delta_mean
bag8,SDSS17,ot_disp_v2_selective,test_time_variant,M9_ot_displacement,TabArena_IID,classification,3,False,52035,26018,11,2,9,0.1818181818181818,0.503639075,0.0056937685466399,DAUC < 0.55,source::SDSS17,,0.006966283496636,0.0055993266238637,0.0013669568727722,True,near_perfect_baseline,19.62246976357359,,19.76625966756187,,False,abs_delta_mean
bag8,SDSS17,ot_disp_v2_selective_abs,test_time_variant,M9_ot_displacement,TabArena_IID,classification,3,False,52035,26018,11,2,9,0.1818181818181818,0.503639075,0.0056937685466399,DAUC < 0.55,source::SDSS17,,0.006966283496636,0.007321633822424,-0.000355350325788,True,near_perfect_baseline,-5.101002937356765,,-5.295226067439068,,False,abs_delta_mean
bag8,SDSS17,ot_disp_v2_selective_and_summary,test_time_variant,M9_ot_displacement,TabArena_IID,classification,3,False,52035,26018,11,2,9,0.1818181818181818,0.503639075,0.0056937685466399,DAUC < 0.55,source::SDSS17,,0.006966283496636,0.0056258843173591,0.0013403991792768,True,near_perfect_baseline,19.241237884219565,,19.41409609249017,,False,abs_delta_mean
bag8,SDSS17,ot_disp_v2_selective_and_summary_abs,test_time_variant,M9_ot_displacement,TabArena_IID,classification,3,False,52035,26018,11,2,9,0.1818181818181818,0.503639075,0.0056937685466399,DAUC < 0.55,source::SDSS17,,0.006966283496636,0.0073242098367795,-0.0003579263401435,True,near_perfect_baseline,-5.137981253797295,,-5.337814390311073,,False,abs_delta_mean
bag8,SDSS17,ot_disp_v2_selective_and_summary_top10,test_time_variant,M9_ot_displacement,TabArena_IID,classification,3,False,52035,26018,11,2,9,0.1818181818181818,0.503639075,0.0056937685466399,DAUC < 0.55,source::SDSS17,,0.006966283496636,0.0056258843173591,0.0013403991792768,True,near_perfect_baseline,19.241237884219565,,19.41409609249017,,False,abs_delta_mean
bag8,SDSS17,ot_disp_v2_selective_top10,test_time_variant,M9_ot_displacement,TabArena_IID,classification,3,False,52035,26018,11,2,9,0.1818181818181818,0.503639075,0.0056937685466399,DAUC < 0.55,source::SDSS17,,0.006966283496636,0.0055993266238637,0.0013669568727722,True,near_perfect_baseline,19.62246976357359,,19.76625966756187,,False,abs_delta_mean
bag8,SDSS17,ot_disp_v2_summary_only,test_time_variant,M9_ot_displacement,TabArena_IID,classification,3,False,52035,26018,11,2,9,0.1818181818181818,0.503639075,0.0056937685466399,DAUC < 0.55,source::SDSS17,,0.006966283496636,0.0069624294076865,3.85408894950275e-06,True,near_perfect_baseline,0.0553248938456847,,0.0563218309445973,,False,abs_delta_mean
bag8,SDSS17,ot_displacement_mag,test_time_variant,M9_ot_displacement,TabArena_IID,classification,3,False,52035,26018,11,2,9,0.1818181818181818,0.503639075,0.0056937685466399,DAUC < 0.55,source::SDSS17,,0.006966283496636,0.0079516701843895,-0.0009853866877535,True,near_perfect_baseline,-14.145084509256254,,-13.953078946484956,,False,abs_delta_mean
bag8,SDSS17,ot_displacement_no_mag,test_time_variant,M9_ot_displacement,TabArena_IID,classification,3,False,52035,26018,11,2,9,0.1818181818181818,0.503639075,0.0056937685466399,DAUC < 0.55,source::SDSS17,,0.006966283496636,0.0079618705431762,-0.0009955870465401,True,near_perfect_baseline,-14.29150919598612,,-14.099624928945358,,False,abs_delta_mean
bag8,SDSS17,pca_train_only_10,train_only_version,baselines,TabArena_IID,classification,3,False,52035,26018,11,2,9,0.1818181818181818,0.503639075,0.0056937685466399,DAUC < 0.55,source::SDSS17,,0.006966283496636,0.0066860882758695,0.0002801952207664,True,near_perfect_baseline,4.022162188802745,,3.968342811910963,,False,abs_delta_mean
bag8,SDSS17,pca_train_only_5,train_only_version,baselines,TabArena_IID,classification,3,False,52035,26018,11,2,9,0.1818181818181818,0.503639075,0.0056937685466399,DAUC < 0.55,source::SDSS17,,0.006966283496636,0.0069936110016657,-2.7327505029761667e-05,True,near_perfect_baseline,-0.3922824134699372,,-0.3862476390886506,,False,abs_delta_mean
bag8,SDSS17,pca_train_only_var90,train_only_version,baselines,TabArena_IID,classification,3,False,52035,26018,11,2,9,0.1818181818181818,0.503639075,0.0056937685466399,DAUC < 0.55,source::SDSS17,,0.006966283496636,0.0069936110016657,-2.7327505029761667e-05,True,near_perfect_baseline,-0.3922824134699372,,-0.3862476390886506,,False,abs_delta_mean
bag8,SDSS17,pca_train_only_var95,train_only_version,baselines,TabArena_IID,classification,3,False,52035,26018,11,2,9,0.1818181818181818,0.503639075,0.0056937685466399,DAUC < 0.55,source::SDSS17,,0.006966283496636,0.006874394673468,9.188882316794417e-05,True,near_perfect_baseline,1.3190508714197058,,1.352858987316921,,False,abs_delta_mean
bag8,SDSS17,pseudo_label_lgbm_conf80_iter5,test_time_variant,M7_pseudo_label,TabArena_IID,classification,3,False,52035,26018,11,2,9,0.1818181818181818,0.503639075,0.0056937685466399,DAUC < 0.55,source::SDSS17,,0.006966283496636,0.0070330194759083,-6.673597927238835e-05,True,near_perfect_baseline,-0.9579854064884756,,-0.9944751415033036,,False,abs_delta_mean
bag8,SDSS17,pseudo_label_lgbm_conf90_iter1,test_time_variant,M7_pseudo_label,TabArena_IID,classification,3,False,52035,26018,11,2,9,0.1818181818181818,0.503639075,0.0056937685466399,DAUC < 0.55,source::SDSS17,,0.006966283496636,0.0070994131051708,-0.0001331296085348,True,near_perfect_baseline,-1.911056427708275,,-1.93610486184324,,False,abs_delta_mean
bag8,SDSS17,pseudo_label_lgbm_conf90_iter3,test_time_variant,M7_pseudo_label,TabArena_IID,classification,3,False,52035,26018,11,2,9,0.1818181818181818,0.503639075,0.0056937685466399,DAUC < 0.55,source::SDSS17,,0.006966283496636,0.0070742467062679,-0.0001079632096319,True,near_perfect_baseline,-1.5497963825917087,,-1.5851242074823009,,False,abs_delta_mean
bag8,SDSS17,pseudo_label_lgbm_conf95_iter3,test_time_variant,M7_pseudo_label,TabArena_IID,classification,3,False,52035,26018,11,2,9,0.1818181818181818,0.503639075,0.0056937685466399,DAUC < 0.55,source::SDSS17,,0.006966283496636,0.0071234338854915,-0.0001571503888555,True,near_perfect_baseline,-2.25587128246275,,-2.2821103998626047,,False,abs_delta_mean
bag8,SDSS17,pseudo_label_v2_cal_iso_wfixed_conf90,test_time_variant,M7_pseudo_label,TabArena_IID,classification,3,False,52035,26018,11,2,9,0.1818181818181818,0.503639075,0.0056937685466399,DAUC < 0.55,source::SDSS17,,0.006966283496636,0.0071360397689378,-0.0001697562723018,True,near_perfect_baseline,-2.4368269305124213,,-2.447835480269019,,False,abs_delta_mean
bag8,SDSS17,pseudo_label_v2_cal_iso_wprop_conf85,test_time_variant,M7_pseudo_label,TabArena_IID,classification,3,False,52035,26018,11,2,9,0.1818181818181818,0.503639075,0.0056937685466399,DAUC < 0.55,source::SDSS17,,0.006966283496636,0.0070069958669683,-4.071237033235568e-05,True,near_perfect_baseline,-0.5844202342901339,,-0.6140673907213562,,False,abs_delta_mean
bag8,SDSS17,pseudo_label_v2_cal_iso_wprop_conf90,test_time_variant,M7_pseudo_label,TabArena_IID,classification,3,False,52035,26018,11,2,9,0.1818181818181818,0.503639075,0.0056937685466399,DAUC < 0.55,source::SDSS17,,0.006966283496636,0.0070127839201847,-4.6500423548700986e-05,True,near_perfect_baseline,-0.6675069076812027,,-0.6764574543305453,,False,abs_delta_mean
bag8,SDSS17,pseudo_label_v2_cal_iso_wquad_conf90,test_time_variant,M7_pseudo_label,TabArena_IID,classification,3,False,52035,26018,11,2,9,0.1818181818181818,0.503639075,0.0056937685466399,DAUC < 0.55,source::SDSS17,,0.006966283496636,0.0069982538700355,-3.19703733995258e-05,True,near_perfect_baseline,-0.4589301227112586,,-0.4781486106319337,,False,abs_delta_mean
bag8,SDSS17,pseudo_label_v2_cal_platt_wprop_conf90,test_time_variant,M7_pseudo_label,TabArena_IID,classification,3,False,52035,26018,11,2,9,0.1818181818181818,0.503639075,0.0056937685466399,DAUC < 0.55,source::SDSS17,,0.006966283496636,0.0069567323551863,9.551141449700337e-06,True,near_perfect_baseline,0.137105265014166,,0.0877253963861498,,False,abs_delta_mean
bag8,SDSS17,target_enc_absolute,test_time_variant,M4_target_encoding,TabArena_IID,classification,3,False,52035,26018,11,2,9,0.1818181818181818,0.503639075,0.0056937685466399,DAUC < 0.55,source::SDSS17,,0.006966283496636,0.0071147083615732,-0.0001484248649372,True,near_perfect_baseline,-2.1306176386439426,,-2.117830386066084,,False,abs_delta_mean
bag8,SDSS17,target_enc_diff,test_time_variant,M4_target_encoding,TabArena_IID,classification,3,False,52035,26018,11,2,9,0.1818181818181818,0.503639075,0.0056937685466399,DAUC < 0.55,source::SDSS17,,0.006966283496636,0.0071983936448,-0.000232110148164,True,near_perfect_baseline,-3.3319078713366928,,-3.32665620205508,,False,abs_delta_mean
bag8,SDSS17,target_enc_inv_ratio,test_time_variant,M4_target_encoding,TabArena_IID,classification,3,False,52035,26018,11,2,9,0.1818181818181818,0.503639075,0.0056937685466399,DAUC < 0.55,source::SDSS17,,0.006966283496636,0.0072628036146141,-0.0002965201179781,True,near_perfect_baseline,-4.256503745811611,,-4.244354385136069,,False,abs_delta_mean
bag8,SDSS17,target_enc_oof_absolute,test_time_variant,M4_target_encoding,TabArena_IID,classification,3,False,52035,26018,11,2,9,0.1818181818181818,0.503639075,0.0056937685466399,DAUC < 0.55,source::SDSS17,,0.006966283496636,0.0069574231332331,8.860363402899788e-06,True,near_perfect_baseline,0.1271892452722992,,0.1305733018240902,,False,abs_delta_mean
bag8,SDSS17,target_enc_oof_diff,test_time_variant,M4_target_encoding,TabArena_IID,classification,3,False,52035,26018,11,2,9,0.1818181818181818,0.503639075,0.0056937685466399,DAUC < 0.55,source::SDSS17,,0.006966283496636,0.0069643467784143,1.9367182216475007e-06,True,near_perfect_baseline,0.0278013121714514,,0.0345545298413544,,False,abs_delta_mean
bag8,SDSS17,target_enc_oof_inv_ratio,test_time_variant,M4_target_encoding,TabArena_IID,classification,3,False,52035,26018,11,2,9,0.1818181818181818,0.503639075,0.0056937685466399,DAUC < 0.55,source::SDSS17,,0.006966283496636,0.0069640358297452,2.2476668907200903e-06,True,near_perfect_baseline,0.0322649356978578,,0.0448668330474551,,False,abs_delta_mean
bag8,SDSS17,target_enc_oof_ratio,test_time_variant,M4_target_encoding,TabArena_IID,classification,3,False,52035,26018,11,2,9,0.1818181818181818,0.503639075,0.0056937685466399,DAUC < 0.55,source::SDSS17,,0.006966283496636,0.0069651632788797,1.1202177562600706e-06,True,near_perfect_baseline,0.0160805651507192,,0.027080782576039,,False,abs_delta_mean
bag8,SDSS17,target_enc_oof_ratio_cap5,test_time_variant,M4_target_encoding,TabArena_IID,classification,3,False,52035,26018,11,2,9,0.1818181818181818,0.503639075,0.0056937685466399,DAUC < 0.55,source::SDSS17,,0.006966283496636,0.0069456261183277,2.0657378308290106e-05,True,near_perfect_baseline,0.2965337014817981,,0.2975645547503291,,False,abs_delta_mean
bag8,SDSS17,target_enc_ratio,test_time_variant,M4_target_encoding,TabArena_IID,classification,3,False,52035,26018,11,2,9,0.1818181818181818,0.503639075,0.0056937685466399,DAUC < 0.55,source::SDSS17,,0.006966283496636,0.0071403134179123,-0.0001740299212763,True,near_perfect_baseline,-2.498174548314432,,-2.4928608885269354,,False,abs_delta_mean
bag8,SDSS17,target_enc_ratio__sel_combined_intersection,test_time_variant,selective,TabArena_IID,classification,3,False,52035,26018,11,2,9,0.1818181818181818,0.503639075,0.0056937685466399,DAUC < 0.55,source::SDSS17,,0.006966283496636,0.0071288568542391,-0.0001625733576031,True,near_perfect_baseline,-2.3337172206907346,,-2.320170288317513,,False,abs_delta_mean
bag8,SDSS17,target_enc_ratio__sel_combined_union,test_time_variant,selective,TabArena_IID,classification,3,False,52035,26018,11,2,9,0.1818181818181818,0.503639075,0.0056937685466399,DAUC < 0.55,source::SDSS17,,0.006966283496636,0.0071221237122237,-0.0001558402155877,True,near_perfect_baseline,-2.237063933200078,,-2.231325116951186,,False,abs_delta_mean
bag8,SDSS17,target_enc_ratio_cap5,test_time_variant,M4_target_encoding,TabArena_IID,classification,3,False,52035,26018,11,2,9,0.1818181818181818,0.503639075,0.0056937685466399,DAUC < 0.55,source::SDSS17,,0.006966283496636,0.0071018356551976,-0.0001355521585616,True,near_perfect_baseline,-1.9458317857300431,,-1.921538419750621,,False,abs_delta_mean
bag8,SDSS17,target_enc_standard_m10,train_only_version,baselines,TabArena_IID,classification,3,False,52035,26018,11,2,9,0.1818181818181818,0.503639075,0.0056937685466399,DAUC < 0.55,source::SDSS17,,0.006966283496636,0.0071750971556704,-0.0002088136590344,True,near_perfect_baseline,-2.997490112701644,,-2.9870884729272067,,False,abs_delta_mean
bag8,SDSS17,target_enc_standard_m20,train_only_version,baselines,TabArena_IID,classification,3,False,52035,26018,11,2,9,0.1818181818181818,0.503639075,0.0056937685466399,DAUC < 0.55,source::SDSS17,,0.006966283496636,0.0071502838245935,-0.0001840003279575,True,near_perfect_baseline,-2.6412983055656785,,-2.6218114688982115,,False,abs_delta_mean
bag8,SDSS17,target_enc_standard_m5,train_only_version,baselines,TabArena_IID,classification,3,False,52035,26018,11,2,9,0.1818181818181818,0.503639075,0.0056937685466399,DAUC < 0.55,source::SDSS17,,0.006966283496636,0.0072301877613727,-0.0002639042647367,True,near_perfect_baseline,-3.7883078525903775,,-3.78017290889535,,False,abs_delta_mean
bag8,SDSS17,targeted_groupby_top3,test_time_variant,M14_groupby,TabArena_IID,classification,3,False,52035,26018,11,2,9,0.1818181818181818,0.503639075,0.0056937685466399,DAUC < 0.55,source::SDSS17,,0.006966283496636,0.0069727952672613,-6.511770625309647e-06,True,near_perfect_baseline,-0.0934755329502966,,-0.1009890990515004,,False,abs_delta_mean
bag8,SDSS17,targeted_groupby_top3_shifted_agg,test_time_variant,M14_groupby,TabArena_IID,classification,3,False,52035,26018,11,2,9,0.1818181818181818,0.503639075,0.0056937685466399,DAUC < 0.55,source::SDSS17,,0.006966283496636,0.0069727952672613,-6.511770625309647e-06,True,near_perfect_baseline,-0.0934755329502966,,-0.1009890990515004,,False,abs_delta_mean
bag8,SDSS17,targeted_groupby_top5,test_time_variant,M14_groupby,TabArena_IID,classification,3,False,52035,26018,11,2,9,0.1818181818181818,0.503639075,0.0056937685466399,DAUC < 0.55,source::SDSS17,,0.006966283496636,0.0069727952672613,-6.511770625309647e-06,True,near_perfect_baseline,-0.0934755329502966,,-0.1009890990515004,,False,abs_delta_mean
bag8,SDSS17,targeted_groupby_top5_shifted_agg,test_time_variant,M14_groupby,TabArena_IID,classification,3,False,52035,26018,11,2,9,0.1818181818181818,0.503639075,0.0056937685466399,DAUC < 0.55,source::SDSS17,,0.006966283496636,0.0069727952672613,-6.511770625309647e-06,True,near_perfect_baseline,-0.0934755329502966,,-0.1009890990515004,,False,abs_delta_mean
bag8,SDSS17,tdda_k10_lam07_aug1,test_time_variant,M17_tdda,TabArena_IID,classification,3,False,52035,26018,11,2,9,0.1818181818181818,0.503639075,0.0056937685466399,DAUC < 0.55,source::SDSS17,,0.006966283496636,0.00788117968712,-0.000914896190484,True,near_perfect_baseline,-13.133203535656463,,-13.22977924038172,,False,abs_delta_mean
bag8,SDSS17,tdda_k5_lam06_aug1,test_time_variant,M17_tdda,TabArena_IID,classification,3,False,52035,26018,11,2,9,0.1818181818181818,0.503639075,0.0056937685466399,DAUC < 0.55,source::SDSS17,,0.006966283496636,0.0080964692405372,-0.0011301857439012,True,near_perfect_baseline,-16.22365418299476,,-16.3424637592535,,False,abs_delta_mean
bag8,SDSS17,tdda_k5_lam07_aug1,test_time_variant,M17_tdda,TabArena_IID,classification,3,False,52035,26018,11,2,9,0.1818181818181818,0.503639075,0.0056937685466399,DAUC < 0.55,source::SDSS17,,0.006966283496636,0.00788117968712,-0.000914896190484,True,near_perfect_baseline,-13.133203535656463,,-13.22977924038172,,False,abs_delta_mean
bag8,SDSS17,tdda_k5_lam07_aug1_cumshift,test_time_variant,M17_tdda,TabArena_IID,classification,3,False,52035,26018,11,2,9,0.1818181818181818,0.503639075,0.0056937685466399,DAUC < 0.55,source::SDSS17,,0.006966283496636,0.0077389465994354,-0.0007726631027994,True,near_perfect_baseline,-11.091467971013827,,-11.182263356048304,,False,abs_delta_mean
bag8,SDSS17,tdda_k5_lam07_aug2,test_time_variant,M17_tdda,TabArena_IID,classification,3,False,52035,26018,11,2,9,0.1818181818181818,0.503639075,0.0056937685466399,DAUC < 0.55,source::SDSS17,,0.006966283496636,0.0074938044840013,-0.0005275209873653,True,near_perfect_baseline,-7.57248807947761,,-7.704235317567114,,False,abs_delta_mean
bag8,SDSS17,tdda_k5_lam08_aug1,test_time_variant,M17_tdda,TabArena_IID,classification,3,False,52035,26018,11,2,9,0.1818181818181818,0.503639075,0.0056937685466399,DAUC < 0.55,source::SDSS17,,0.006966283496636,0.0076725524964676,-0.0007062689998316,True,near_perfect_baseline,-10.138390149822458,,-10.254914561190583,,False,abs_delta_mean
bag8,SDSS17,tdda_v2_k10_lam07_pfl_dw,test_time_variant,M17_tdda,TabArena_IID,classification,3,False,52035,26018,11,2,9,0.1818181818181818,0.503639075,0.0056937685466399,DAUC < 0.55,source::SDSS17,,0.006966283496636,0.0070139038705554,-4.762037391947693e-05,True,near_perfect_baseline,-0.6835836345516605,,-0.7769532555077402,,False,abs_delta_mean
bag8,SDSS17,tdda_v2_k5_lam06_pfl_dw,test_time_variant,M17_tdda,TabArena_IID,classification,3,False,52035,26018,11,2,9,0.1818181818181818,0.503639075,0.0056937685466399,DAUC < 0.55,source::SDSS17,,0.006966283496636,0.0069955708161371,-2.928731950109972e-05,True,near_perfect_baseline,-0.4204152689915958,,-0.5006889848183348,,False,abs_delta_mean
bag8,SDSS17,tdda_v2_k5_lam07_nopfl_dw,test_time_variant,M17_tdda,TabArena_IID,classification,3,False,52035,26018,11,2,9,0.1818181818181818,0.503639075,0.0056937685466399,DAUC < 0.55,source::SDSS17,,0.006966283496636,0.0076986569998981,-0.0007323735032621,True,near_perfect_baseline,-10.51311655082402,,-10.616857245584,,False,abs_delta_mean
bag8,SDSS17,tdda_v2_k5_lam07_pfl_dw,test_time_variant,M17_tdda,TabArena_IID,classification,3,False,52035,26018,11,2,9,0.1818181818181818,0.503639075,0.0056937685466399,DAUC < 0.55,source::SDSS17,,0.006966283496636,0.0070139038705554,-4.762037391947693e-05,True,near_perfect_baseline,-0.6835836345516605,,-0.7769532555077402,,False,abs_delta_mean
bag8,SDSS17,tdda_v2_k5_lam07_pfl_dw_cumshift,test_time_variant,M17_tdda,TabArena_IID,classification,3,False,52035,26018,11,2,9,0.1818181818181818,0.503639075,0.0056937685466399,DAUC < 0.55,source::SDSS17,,0.006966283496636,0.0070215116884941,-5.522819185814024e-05,True,near_perfect_baseline,-0.7927927694129753,,-0.8617247515382996,,False,abs_delta_mean
bag8,SDSS17,tdda_v2_k5_lam07_pfl_nodw,test_time_variant,M17_tdda,TabArena_IID,classification,3,False,52035,26018,11,2,9,0.1818181818181818,0.503639075,0.0056937685466399,DAUC < 0.55,source::SDSS17,,0.006966283496636,0.0071443948665553,-0.0001781113699193,True,near_perfect_baseline,-2.5567631579355607,,-2.6467142581926524,,False,abs_delta_mean
bag8,SDSS17,train_only_scaling,train_only_version,baselines,TabArena_IID,classification,3,False,52035,26018,11,2,9,0.1818181818181818,0.503639075,0.0056937685466399,DAUC < 0.55,source::SDSS17,,0.006966283496636,0.0070470814082617,-8.07979116257777e-05,True,near_perfect_baseline,-1.1598424276702792,,-1.1638072474972037,,False,abs_delta_mean
bag8,anneal,adversarial_lgbm_both_ratio,test_time_variant,M6_adversarial,TabArena_IID,classification,3,False,598,300,38,32,6,0.8421052631578947,0.43732935660019,0.0336531517590013,DAUC < 0.55,source::anneal,,0.0053118292297916,0.0036781254975632,0.0016337037322283,True,near_perfect_baseline,30.7559535812192,,,,False,abs_delta_mean
bag8,anneal,adversarial_lgbm_cal_iso_both_ratio,test_time_variant,M6_adversarial,TabArena_IID,classification,3,False,598,300,38,32,6,0.8421052631578947,0.43732935660019,0.0336531517590013,DAUC < 0.55,source::anneal,,0.0053118292297916,0.0032059949792221,0.0021058342505694,True,near_perfect_baseline,39.64423853761733,,53.04969261491101,,False,abs_delta_mean
bag8,anneal,adversarial_lgbm_cal_iso_feature,test_time_variant,M6_adversarial,TabArena_IID,classification,3,False,598,300,38,32,6,0.8421052631578947,0.43732935660019,0.0336531517590013,DAUC < 0.55,source::anneal,,0.0053118292297916,0.0038590117885956,0.0014528174411959,True,near_perfect_baseline,27.35060519355072,,27.30279336023124,,False,abs_delta_mean
bag8,anneal,adversarial_lgbm_cal_platt_feature,test_time_variant,M6_adversarial,TabArena_IID,classification,3,False,598,300,38,32,6,0.8421052631578947,0.43732935660019,0.0336531517590013,DAUC < 0.55,source::anneal,,0.0053118292297916,0.005302614710562,9.214519229527872e-06,True,near_perfect_baseline,0.1734716767219827,,2.759803033429829,,False,abs_delta_mean
bag8,anneal,adversarial_lgbm_feature,test_time_variant,M6_adversarial,TabArena_IID,classification,3,False,598,300,38,32,6,0.8421052631578947,0.43732935660019,0.0336531517590013,DAUC < 0.55,source::anneal,,0.0053118292297916,0.0064486775487757,-0.0011368483189841,True,near_perfect_baseline,-21.40220006712684,,,,False,abs_delta_mean
bag8,anneal,adversarial_logreg_feature,test_time_variant,M6_adversarial,TabArena_IID,classification,3,False,598,300,38,32,6,0.8421052631578947,0.43732935660019,0.0336531517590013,DAUC < 0.55,source::anneal,,0.0053118292297916,0.0068452245540862,-0.0015333953242946,True,near_perfect_baseline,-28.86755688030208,,,,False,abs_delta_mean
bag8,anneal,adversarial_reweight_lgbm_cal_iso_ratio_hard,test_time_variant,M6_adversarial,TabArena_IID,classification,3,False,598,300,38,32,6,0.8421052631578947,0.43732935660019,0.0336531517590013,DAUC < 0.55,source::anneal,,0.0053118292297916,0.0039344557051563,0.0013773735246352,True,near_perfect_baseline,25.93030508040818,,21.54681910787298,,False,abs_delta_mean
bag8,anneal,adversarial_reweight_lgbm_cal_iso_ratio_hard_tempered,test_time_variant,M6_adversarial,TabArena_IID,classification,3,False,598,300,38,32,6,0.8421052631578947,0.43732935660019,0.0336531517590013,DAUC < 0.55,source::anneal,,0.0053118292297916,0.0035571825591181,0.0017546466706734,True,near_perfect_baseline,33.032814022567706,,19.2385390517982,,False,abs_delta_mean
bag8,anneal,adversarial_reweight_lgbm_cal_iso_ratio_winsorize,test_time_variant,M6_adversarial,TabArena_IID,classification,3,False,598,300,38,32,6,0.8421052631578947,0.43732935660019,0.0336531517590013,DAUC < 0.55,source::anneal,,0.0053118292297916,0.0035304367357867,0.0017813924940048,True,near_perfect_baseline,33.53632838973581,,13.030443092549476,,False,abs_delta_mean
bag8,anneal,adversarial_reweight_lgbm_ratio_hard,test_time_variant,M6_adversarial,TabArena_IID,classification,3,False,598,300,38,32,6,0.8421052631578947,0.43732935660019,0.0336531517590013,DAUC < 0.55,source::anneal,,0.0053118292297916,0.0020061113614902,0.0033057178683013,True,near_perfect_baseline,62.23313524013818,,52.312075446505474,,False,abs_delta_mean
bag8,anneal,adversarial_reweight_lgbm_ratio_hard_tempered,test_time_variant,M6_adversarial,TabArena_IID,classification,3,False,598,300,38,32,6,0.8421052631578947,0.43732935660019,0.0336531517590013,DAUC < 0.55,source::anneal,,0.0053118292297916,0.0030950382515407,0.0022167909782508,True,near_perfect_baseline,41.73309950963591,,33.59435399698218,,False,abs_delta_mean
bag8,anneal,adversarial_reweight_lgbm_ratio_normalize,test_time_variant,M6_adversarial,TabArena_IID,classification,3,False,598,300,38,32,6,0.8421052631578947,0.43732935660019,0.0336531517590013,DAUC < 0.55,source::anneal,,0.0053118292297916,0.0021586481208234,0.0031531811089681,True,near_perfect_baseline,59.36149248329398,,50.94671225756278,,False,abs_delta_mean
bag8,anneal,adversarial_reweight_lgbm_ratio_winsorize,test_time_variant,M6_adversarial,TabArena_IID,classification,3,False,598,300,38,32,6,0.8421052631578947,0.43732935660019,0.0336531517590013,DAUC < 0.55,source::anneal,,0.0053118292297916,0.0022598379964234,0.0030519912333681,True,near_perfect_baseline,57.45650135457934,,48.13595791938748,,False,abs_delta_mean
bag8,anneal,adversarial_reweight_lgbm_ratio_winsorize_tempered,test_time_variant,M6_adversarial,TabArena_IID,classification,3,False,598,300,38,32,6,0.8421052631578947,0.43732935660019,0.0336531517590013,DAUC < 0.55,source::anneal,,0.0053118292297916,0.0037163169428363,0.0015955122869552,True,near_perfect_baseline,30.036965006455976,,12.803027454834725,,False,abs_delta_mean
bag8,anneal,adversarial_reweight_lgbm_raw_hard,test_time_variant,M6_adversarial,TabArena_IID,classification,3,False,598,300,38,32,6,0.8421052631578947,0.43732935660019,0.0336531517590013,DAUC < 0.55,source::anneal,,0.0053118292297916,0.0025347733395954,0.0027770558901961,True,near_perfect_baseline,52.280594312424505,,40.73460546912514,,False,abs_delta_mean
bag8,anneal,adversarial_rf_feature,test_time_variant,M6_adversarial,TabArena_IID,classification,3,False,598,300,38,32,6,0.8421052631578947,0.43732935660019,0.0336531517590013,DAUC < 0.55,source::anneal,,0.0053118292297916,0.00549326523348,-0.0001814360036883,True,near_perfect_baseline,-3.415697226688082,,,,False,abs_delta_mean
bag8,anneal,cluster_membership_k10_both,test_time_variant,M20_cluster_membership,TabArena_IID,classification,3,False,598,300,38,32,6,0.8421052631578947,0.43732935660019,0.0336531517590013,DAUC < 0.55,source::anneal,,0.0053118292297916,0.0038997504895715,0.00141207874022,True,near_perfect_baseline,26.583662221298795,,,,False,abs_delta_mean
bag8,anneal,cluster_membership_k10_both_cumshift,test_time_variant,M20_cluster_membership,TabArena_IID,classification,3,False,598,300,38,32,6,0.8421052631578947,0.43732935660019,0.0336531517590013,DAUC < 0.55,source::anneal,,0.0053118292297916,0.0066278230693478,-0.0013159938395561,True,near_perfect_baseline,-24.774776873010065,,-11.647531888516308,,False,abs_delta_mean
bag8,anneal,cluster_membership_k10_feature,test_time_variant,M20_cluster_membership,TabArena_IID,classification,3,False,598,300,38,32,6,0.8421052631578947,0.43732935660019,0.0336531517590013,DAUC < 0.55,source::anneal,,0.0053118292297916,0.0051190551156206,0.0001927741141709,True,near_perfect_baseline,3.6291474336143184,,,,False,abs_delta_mean
bag8,anneal,cluster_membership_k10_feature_cumshift,test_time_variant,M20_cluster_membership,TabArena_IID,classification,3,False,598,300,38,32,6,0.8421052631578947,0.43732935660019,0.0336531517590013,DAUC < 0.55,source::anneal,,0.0053118292297916,0.0061725750038423,-0.0008607457740507,True,near_perfect_baseline,-16.204319393839995,,-2.902691113927188,,False,abs_delta_mean
bag8,anneal,cluster_membership_k10_weight,test_time_variant,M20_cluster_membership,TabArena_IID,classification,3,False,598,300,38,32,6,0.8421052631578947,0.43732935660019,0.0336531517590013,DAUC < 0.55,source::anneal,,0.0053118292297916,0.0043242209683435,0.000987608261448,True,near_perfect_baseline,18.592620709811584,,16.138399685569905,,False,abs_delta_mean
bag8,anneal,cluster_membership_k15_both,test_time_variant,M20_cluster_membership,TabArena_IID,classification,3,False,598,300,38,32,6,0.8421052631578947,0.43732935660019,0.0336531517590013,DAUC < 0.55,source::anneal,,0.0053118292297916,0.003636837581064,0.0016749916487275,True,near_perfect_baseline,31.53323603351695,,,,False,abs_delta_mean
bag8,anneal,cluster_membership_k5_both,test_time_variant,M20_cluster_membership,TabArena_IID,classification,3,False,598,300,38,32,6,0.8421052631578947,0.43732935660019,0.0336531517590013,DAUC < 0.55,source::anneal,,0.0053118292297916,0.0025905916447433,0.0027212375850482,True,near_perfect_baseline,51.229764123178285,,47.80821680417685,,False,abs_delta_mean
bag8,anneal,cluster_membership_k5_feature,test_time_variant,M20_cluster_membership,TabArena_IID,classification,3,False,598,300,38,32,6,0.8421052631578947,0.43732935660019,0.0336531517590013,DAUC < 0.55,source::anneal,,0.0053118292297916,0.0022728793078918,0.0030389499218997,True,near_perfect_baseline,57.21098684527894,,,,False,abs_delta_mean
bag8,anneal,freq_enc_train_only,train_only_version,baselines,TabArena_IID,classification,3,False,598,300,38,32,6,0.8421052631578947,0.43732935660019,0.0336531517590013,DAUC < 0.55,source::anneal,,0.0053118292297916,0.0034327166410603,0.0018791125887312,True,near_perfect_baseline,35.37599774842513,,57.675032966607965,,False,abs_delta_mean
bag8,anneal,freq_ratio_log,test_time_variant,M2_freq_ratio,TabArena_IID,classification,3,False,598,300,38,32,6,0.8421052631578947,0.43732935660019,0.0336531517590013,DAUC < 0.55,source::anneal,,0.0053118292297916,0.0044523150434937,0.0008595141862978,True,near_perfect_baseline,16.181133638055126,,51.137441638481455,,False,abs_delta_mean
bag8,anneal,freq_ratio_log__sel_combined_intersection,test_time_variant,selective,TabArena_IID,classification,3,False,598,300,38,32,6,0.8421052631578947,0.43732935660019,0.0336531517590013,DAUC < 0.55,source::anneal,,0.0053118292297916,0.0044523150434937,0.0008595141862978,True,near_perfect_baseline,16.181133638055126,,51.137441638481455,,False,abs_delta_mean
bag8,anneal,freq_ratio_log__sel_combined_union,test_time_variant,selective,TabArena_IID,classification,3,False,598,300,38,32,6,0.8421052631578947,0.43732935660019,0.0336531517590013,DAUC < 0.55,source::anneal,,0.0053118292297916,0.0044523150434937,0.0008595141862978,True,near_perfect_baseline,16.181133638055126,,51.137441638481455,,False,abs_delta_mean
bag8,anneal,freq_ratio_v2_both_gated,test_time_variant,M2_freq_ratio,TabArena_IID,classification,3,False,598,300,38,32,6,0.8421052631578947,0.43732935660019,0.0336531517590013,DAUC < 0.55,source::anneal,,0.0053118292297916,0.0052856618888041,2.616734098744485e-05,True,near_perfect_baseline,0.492623912694423,,2.005706332030431,,False,abs_delta_mean
bag8,anneal,freq_ratio_v2_diff_gated,test_time_variant,M2_freq_ratio,TabArena_IID,classification,3,False,598,300,38,32,6,0.8421052631578947,0.43732935660019,0.0336531517590013,DAUC < 0.55,source::anneal,,0.0053118292297916,0.0052856618888041,2.616734098744485e-05,True,near_perfect_baseline,0.492623912694423,,2.005706332030431,,False,abs_delta_mean
bag8,anneal,freq_ratio_v2_ratio_gated,test_time_variant,M2_freq_ratio,TabArena_IID,classification,3,False,598,300,38,32,6,0.8421052631578947,0.43732935660019,0.0336531517590013,DAUC < 0.55,source::anneal,,0.0053118292297916,0.0053118292297916,0.0,True,near_perfect_baseline,0.0,,0.0,,False,abs_delta_mean
bag8,anneal,freq_ratio_v2_ratio_ungated,test_time_variant,M2_freq_ratio,TabArena_IID,classification,3,False,598,300,38,32,6,0.8421052631578947,0.43732935660019,0.0336531517590013,DAUC < 0.55,source::anneal,,0.0053118292297916,0.0050698816332825,0.000241947596509,True,near_perfect_baseline,4.554882810465282,,44.51048942556,,False,abs_delta_mean
bag8,anneal,groupby_shift_cohen_d,test_time_variant,M14_groupby,TabArena_IID,classification,3,False,598,300,38,32,6,0.8421052631578947,0.43732935660019,0.0336531517590013,DAUC < 0.55,source::anneal,,0.0053118292297916,0.0033109351761028,0.0020008940536887,True,near_perfect_baseline,37.66864421142712,,63.656773306064295,,False,abs_delta_mean
bag8,anneal,groupby_shift_cohen_d__sel_combined_intersection,test_time_variant,selective,TabArena_IID,classification,3,False,598,300,38,32,6,0.8421052631578947,0.43732935660019,0.0336531517590013,DAUC < 0.55,source::anneal,,0.0053118292297916,0.0026334734240796,0.0026783558057119,True,near_perfect_baseline,50.42247575826302,,70.92644548550518,,False,abs_delta_mean
bag8,anneal,groupby_shift_cohen_d__sel_combined_union,test_time_variant,selective,TabArena_IID,classification,3,False,598,300,38,32,6,0.8421052631578947,0.43732935660019,0.0336531517590013,DAUC < 0.55,source::anneal,,0.0053118292297916,0.0026212901882122,0.0026905390415793,True,near_perfect_baseline,50.651836216596536,,71.05718073450764,,False,abs_delta_mean
bag8,anneal,groupby_shift_cohen_d_min10,test_time_variant,M14_groupby,TabArena_IID,classification,3,False,598,300,38,32,6,0.8421052631578947,0.43732935660019,0.0336531517590013,DAUC < 0.55,source::anneal,,0.0053118292297916,0.0018624903529359,0.0034493388768556,True,near_perfect_baseline,64.93693090715219,,71.66548302043012,,False,abs_delta_mean
bag8,anneal,groupby_shift_ratio_log,test_time_variant,M14_groupby,TabArena_IID,classification,3,False,598,300,38,32,6,0.8421052631578947,0.43732935660019,0.0336531517590013,DAUC < 0.55,source::anneal,,0.0053118292297916,0.002933391545841,0.0023784376839505,True,near_perfect_baseline,44.77624526426712,,63.80526983213896,,False,abs_delta_mean
bag8,anneal,groupby_shift_ratio_raw,test_time_variant,M14_groupby,TabArena_IID,classification,3,False,598,300,38,32,6,0.8421052631578947,0.43732935660019,0.0336531517590013,DAUC < 0.55,source::anneal,,0.0053118292297916,0.0026926803402175,0.002619148889574,True,near_perfect_baseline,49.30785189562205,,66.38828141851229,,False,abs_delta_mean
bag8,anneal,groupby_train_only,train_only_version,baselines,TabArena_IID,classification,3,False,598,300,38,32,6,0.8421052631578947,0.43732935660019,0.0336531517590013,DAUC < 0.55,source::anneal,,0.0053118292297916,0.0025397933858933,0.0027720358438982,True,near_perfect_baseline,52.18608739059504,,69.07244799261319,,False,abs_delta_mean
bag8,anneal,joint_freq_combined,test_time_variant,M1_joint_freq,TabArena_IID,classification,3,False,598,300,38,32,6,0.8421052631578947,0.43732935660019,0.0336531517590013,DAUC < 0.55,source::anneal,,0.0053118292297916,0.0034643792375858,0.0018474499922058,True,near_perfect_baseline,34.77992066921701,,55.24811957215493,,False,abs_delta_mean
bag8,anneal,joint_freq_combined__sel_combined_intersection,test_time_variant,selective,TabArena_IID,classification,3,False,598,300,38,32,6,0.8421052631578947,0.43732935660019,0.0336531517590013,DAUC < 0.55,source::anneal,,0.0053118292297916,0.0034643792375858,0.0018474499922058,True,near_perfect_baseline,34.77992066921701,,55.24811957215493,,False,abs_delta_mean
bag8,anneal,joint_freq_combined__sel_combined_union,test_time_variant,selective,TabArena_IID,classification,3,False,598,300,38,32,6,0.8421052631578947,0.43732935660019,0.0336531517590013,DAUC < 0.55,source::anneal,,0.0053118292297916,0.0034643792375858,0.0018474499922058,True,near_perfect_baseline,34.77992066921701,,55.24811957215493,,False,abs_delta_mean
bag8,anneal,joint_freq_separate,test_time_variant,M1_joint_freq,TabArena_IID,classification,3,False,598,300,38,32,6,0.8421052631578947,0.43732935660019,0.0336531517590013,DAUC < 0.55,source::anneal,,0.0053118292297916,0.0037126851876461,0.0015991440421454,True,near_perfect_baseline,30.10533608980925,,52.08297673238184,,False,abs_delta_mean
bag8,anneal,joint_freq_separate__sel_combined_intersection,test_time_variant,selective,TabArena_IID,classification,3,False,598,300,38,32,6,0.8421052631578947,0.43732935660019,0.0336531517590013,DAUC < 0.55,source::anneal,,0.0053118292297916,0.0037126851876461,0.0015991440421454,True,near_perfect_baseline,30.10533608980925,,52.08297673238184,,False,abs_delta_mean
bag8,anneal,joint_freq_separate__sel_combined_union,test_time_variant,selective,TabArena_IID,classification,3,False,598,300,38,32,6,0.8421052631578947,0.43732935660019,0.0336531517590013,DAUC < 0.55,source::anneal,,0.0053118292297916,0.0037126851876461,0.0015991440421454,True,near_perfect_baseline,30.10533608980925,,52.08297673238184,,False,abs_delta_mean
bag8,anneal,joint_groupby_combined,test_time_variant,M14_groupby,TabArena_IID,classification,3,False,598,300,38,32,6,0.8421052631578947,0.43732935660019,0.0336531517590013,DAUC < 0.55,source::anneal,,0.0053118292297916,0.0023943242670077,0.0029175049627838,True,near_perfect_baseline,54.92467540976144,,70.09049957914483,,False,abs_delta_mean
bag8,anneal,joint_groupby_combined__sel_combined_intersection,test_time_variant,selective,TabArena_IID,classification,3,False,598,300,38,32,6,0.8421052631578947,0.43732935660019,0.0336531517590013,DAUC < 0.55,source::anneal,,0.0053118292297916,0.0027486448961204,0.0025631843336711,True,near_perfect_baseline,48.25426840334924,,62.92848531159696,,False,abs_delta_mean
bag8,anneal,joint_groupby_combined__sel_combined_union,test_time_variant,selective,TabArena_IID,classification,3,False,598,300,38,32,6,0.8421052631578947,0.43732935660019,0.0336531517590013,DAUC < 0.55,source::anneal,,0.0053118292297916,0.0023943242670077,0.0029175049627838,True,near_perfect_baseline,54.92467540976144,,70.09049957914483,,False,abs_delta_mean
bag8,anneal,joint_groupby_mean_only,test_time_variant,M14_groupby,TabArena_IID,classification,3,False,598,300,38,32,6,0.8421052631578947,0.43732935660019,0.0336531517590013,DAUC < 0.55,source::anneal,,0.0053118292297916,0.0015305538167123,0.0037812754130792,True,near_perfect_baseline,71.18593707553389,,79.9023447307762,,False,abs_delta_mean
bag8,anneal,joint_groupby_separate,test_time_variant,M14_groupby,TabArena_IID,classification,3,False,598,300,38,32,6,0.8421052631578947,0.43732935660019,0.0336531517590013,DAUC < 0.55,source::anneal,,0.0053118292297916,0.0026731936654924,0.0026386355642991,True,near_perfect_baseline,49.674706210437904,,67.64096304392817,,False,abs_delta_mean
bag8,anneal,joint_pca_10,test_time_variant,M3_joint_pca,TabArena_IID,classification,3,False,598,300,38,32,6,0.8421052631578947,0.43732935660019,0.0336531517590013,DAUC < 0.55,source::anneal,,0.0053118292297916,0.0040388264400104,0.0012730027897811,True,near_perfect_baseline,23.965431393040017,,,,False,abs_delta_mean
bag8,anneal,joint_pca_5,test_time_variant,M3_joint_pca,TabArena_IID,classification,3,False,598,300,38,32,6,0.8421052631578947,0.43732935660019,0.0336531517590013,DAUC < 0.55,source::anneal,,0.0053118292297916,0.0049462776832721,0.0003655515465194,True,near_perfect_baseline,6.881839206525489,,,,False,abs_delta_mean
bag8,anneal,joint_pca_var90,test_time_variant,M3_joint_pca,TabArena_IID,classification,3,False,598,300,38,32,6,0.8421052631578947,0.43732935660019,0.0336531517590013,DAUC < 0.55,source::anneal,,0.0053118292297916,0.0040388264400104,0.0012730027897811,True,near_perfect_baseline,23.965431393040017,,,,False,abs_delta_mean
bag8,anneal,joint_pca_var95,test_time_variant,M3_joint_pca,TabArena_IID,classification,3,False,598,300,38,32,6,0.8421052631578947,0.43732935660019,0.0336531517590013,DAUC < 0.55,source::anneal,,0.0053118292297916,0.0040388264400104,0.0012730027897811,True,near_perfect_baseline,23.965431393040017,,,,False,abs_delta_mean
bag8,anneal,joint_scaling,test_time_variant,M5_joint_scaling,TabArena_IID,classification,3,False,598,300,38,32,6,0.8421052631578947,0.43732935660019,0.0336531517590013,DAUC < 0.55,source::anneal,,0.0053118292297916,0.0031052924080681,0.0022065368217234,True,near_perfect_baseline,41.54005571843382,,23.773881326055285,,False,abs_delta_mean
bag8,anneal,joint_tsne_2d_p30,test_time_variant,M3b_joint_tsne,TabArena_IID,classification,3,False,598,300,38,32,6,0.8421052631578947,0.43732935660019,0.0336531517590013,DAUC < 0.55,source::anneal,,0.0053118292297916,0.0067684573844379,-0.0014566281546463,True,near_perfect_baseline,-27.422345328362432,,-5.192145105606505,,False,abs_delta_mean
bag8,anneal,joint_tsne_2d_p50,test_time_variant,M3b_joint_tsne,TabArena_IID,classification,3,False,598,300,38,32,6,0.8421052631578947,0.43732935660019,0.0336531517590013,DAUC < 0.55,source::anneal,,0.0053118292297916,0.0030220211267521,0.0022898081030394,True,near_perfect_baseline,43.10771306797651,,50.52431843283704,,False,abs_delta_mean
bag8,anneal,joint_tsne_3d_p30,test_time_variant,M3b_joint_tsne,TabArena_IID,classification,3,False,598,300,38,32,6,0.8421052631578947,0.43732935660019,0.0336531517590013,DAUC < 0.55,source::anneal,,0.0053118292297916,0.0082653878085746,-0.002953558578783,True,near_perfect_baseline,-55.60341741067114,,-48.85619015032909,,False,abs_delta_mean
bag8,anneal,label_prop_k10_a05,test_time_variant,M8_label_prop,TabArena_IID,classification,3,False,598,300,38,32,6,0.8421052631578947,0.43732935660019,0.0336531517590013,DAUC < 0.55,source::anneal,,0.0053118292297916,0.0079654958531557,-0.0026536666233641,True,near_perfect_baseline,-49.957679521791206,,,,False,abs_delta_mean
bag8,anneal,label_prop_k15_a05,test_time_variant,M8_label_prop,TabArena_IID,classification,3,False,598,300,38,32,6,0.8421052631578947,0.43732935660019,0.0336531517590013,DAUC < 0.55,source::anneal,,0.0053118292297916,0.0080016214002334,-0.0026897921704418,True,near_perfect_baseline,-50.63777569045348,,,,False,abs_delta_mean
bag8,anneal,label_prop_k15_a08,test_time_variant,M8_label_prop,TabArena_IID,classification,3,False,598,300,38,32,6,0.8421052631578947,0.43732935660019,0.0336531517590013,DAUC < 0.55,source::anneal,,0.0053118292297916,0.00882482624896,-0.0035129970191684,True,near_perfect_baseline,-66.13535313721353,,,,False,abs_delta_mean
bag8,anneal,label_prop_v3_adaptive,test_time_variant,M8_label_prop,TabArena_IID,classification,3,False,598,300,38,32,6,0.8421052631578947,0.43732935660019,0.0336531517590013,DAUC < 0.55,source::anneal,,0.0053118292297916,0.023141860459702,-0.0178300312299104,True,near_perfect_baseline,-335.6664994030678,,,,False,abs_delta_mean
bag8,anneal,label_prop_v3_t005_k10,test_time_variant,M8_label_prop,TabArena_IID,classification,3,False,598,300,38,32,6,0.8421052631578947,0.43732935660019,0.0336531517590013,DAUC < 0.55,source::anneal,,0.0053118292297916,0.022905967582926,-0.0175941383531344,True,near_perfect_baseline,-331.22560217969834,,,,False,abs_delta_mean
bag8,anneal,label_prop_v3_t005_k15,test_time_variant,M8_label_prop,TabArena_IID,classification,3,False,598,300,38,32,6,0.8421052631578947,0.43732935660019,0.0336531517590013,DAUC < 0.55,source::anneal,,0.0053118292297916,0.0240029713242867,-0.0186911420944951,True,near_perfect_baseline,-351.8776919571349,,,,False,abs_delta_mean
bag8,anneal,label_prop_v3_t01_k15,test_time_variant,M8_label_prop,TabArena_IID,classification,3,False,598,300,38,32,6,0.8421052631578947,0.43732935660019,0.0336531517590013,DAUC < 0.55,source::anneal,,0.0053118292297916,0.0221901800570018,-0.0168783508272102,True,near_perfect_baseline,-317.7502531999217,,,,False,abs_delta_mean
bag8,anneal,label_prop_weighted_adaptive_a05,test_time_variant,M8_label_prop,TabArena_IID,classification,3,False,598,300,38,32,6,0.8421052631578947,0.43732935660019,0.0336531517590013,DAUC < 0.55,source::anneal,,0.0053118292297916,0.006940619346998,-0.0016287901172064,True,near_perfect_baseline,-30.66345032463286,,,,False,abs_delta_mean
bag8,anneal,label_prop_weighted_k10_a05,test_time_variant,M8_label_prop,TabArena_IID,classification,3,False,598,300,38,32,6,0.8421052631578947,0.43732935660019,0.0336531517590013,DAUC < 0.55,source::anneal,,0.0053118292297916,0.0098252419859711,-0.0045134127561795,True,near_perfect_baseline,-84.96908618345388,,,,False,abs_delta_mean
bag8,anneal,label_prop_weighted_k15_a05,test_time_variant,M8_label_prop,TabArena_IID,classification,3,False,598,300,38,32,6,0.8421052631578947,0.43732935660019,0.0336531517590013,DAUC < 0.55,source::anneal,,0.0053118292297916,0.0092714189503391,-0.0039595897205475,True,near_perfect_baseline,-74.5428655413106,,,,False,abs_delta_mean
bag8,anneal,label_prop_weighted_k15_a08,test_time_variant,M8_label_prop,TabArena_IID,classification,3,False,598,300,38,32,6,0.8421052631578947,0.43732935660019,0.0336531517590013,DAUC < 0.55,source::anneal,,0.0053118292297916,0.0100332760547698,-0.0047214468249782,True,near_perfect_baseline,-88.88551609486677,,,,False,abs_delta_mean
bag8,anneal,leaf_density_conf,test_time_variant,M18_leaf_density,TabArena_IID,classification,3,False,598,300,38,32,6,0.8421052631578947,0.43732935660019,0.0336531517590013,DAUC < 0.55,source::anneal,,0.0053118292297916,0.0082035906512109,-0.0028917614214193,True,near_perfect_baseline,-54.44002990910887,,,,False,abs_delta_mean
bag8,anneal,leaf_density_conf_cumshift,test_time_variant,M18_leaf_density,TabArena_IID,classification,3,False,598,300,38,32,6,0.8421052631578947,0.43732935660019,0.0336531517590013,DAUC < 0.55,source::anneal,,0.0053118292297916,0.0066527879919124,-0.0013409587621208,True,near_perfect_baseline,-25.244764168999087,,,,False,abs_delta_mean
bag8,anneal,leaf_density_conf_deep,test_time_variant,M18_leaf_density,TabArena_IID,classification,3,False,598,300,38,32,6,0.8421052631578947,0.43732935660019,0.0336531517590013,DAUC < 0.55,source::anneal,,0.0053118292297916,0.0091952068804517,-0.0038833776506601,True,near_perfect_baseline,-73.1081042455228,,,,False,abs_delta_mean
bag8,anneal,leaf_density_conf_shallow,test_time_variant,M18_leaf_density,TabArena_IID,classification,3,False,598,300,38,32,6,0.8421052631578947,0.43732935660019,0.0336531517590013,DAUC < 0.55,source::anneal,,0.0053118292297916,0.0086567973716121,-0.0033449681418205,True,near_perfect_baseline,-62.97205721637506,,,,False,abs_delta_mean
bag8,anneal,leaf_density_embed_k10,test_time_variant,M18_leaf_density,TabArena_IID,classification,3,False,598,300,38,32,6,0.8421052631578947,0.43732935660019,0.0336531517590013,DAUC < 0.55,source::anneal,,0.0053118292297916,0.0040068096848803,0.0013050195449112,True,near_perfect_baseline,24.568175828996083,,,,False,abs_delta_mean
bag8,anneal,leaf_density_embed_k10_cumshift,test_time_variant,M18_leaf_density,TabArena_IID,classification,3,False,598,300,38,32,6,0.8421052631578947,0.43732935660019,0.0336531517590013,DAUC < 0.55,source::anneal,,0.0053118292297916,0.0056069781912827,-0.0002951489614911,True,near_perfect_baseline,-5.556446729043136,,,,False,abs_delta_mean
bag8,anneal,leaf_density_embed_k20,test_time_variant,M18_leaf_density,TabArena_IID,classification,3,False,598,300,38,32,6,0.8421052631578947,0.43732935660019,0.0336531517590013,DAUC < 0.55,source::anneal,,0.0053118292297916,0.006184129379368,-0.0008723001495763,True,near_perfect_baseline,-16.42184098622881,,,,False,abs_delta_mean
bag8,anneal,leaf_density_embed_k5,test_time_variant,M18_leaf_density,TabArena_IID,classification,3,False,598,300,38,32,6,0.8421052631578947,0.43732935660019,0.0336531517590013,DAUC < 0.55,source::anneal,,0.0053118292297916,0.002265600375212,0.0030462288545795,True,near_perfect_baseline,57.34801935074731,,61.77200485254994,,False,abs_delta_mean
bag8,anneal,nearest_test_k10_both,test_time_variant,M16_nearest_test_dist,TabArena_IID,classification,3,False,598,300,38,32,6,0.8421052631578947,0.43732935660019,0.0336531517590013,DAUC < 0.55,source::anneal,,0.0053118292297916,0.0053892804966707,-7.745126687915456e-05,True,near_perfect_baseline,-1.4580903023908565,,19.218989812794195,,False,abs_delta_mean
bag8,anneal,nearest_test_k10_cumshift_both,test_time_variant,M16_nearest_test_dist,TabArena_IID,classification,3,False,598,300,38,32,6,0.8421052631578947,0.43732935660019,0.0336531517590013,DAUC < 0.55,source::anneal,,0.0053118292297916,0.00504665742728,0.0002651718025115,True,near_perfect_baseline,4.992099539351172,,,,False,abs_delta_mean
bag8,anneal,nearest_test_k10_filter_both,test_time_variant,M16_nearest_test_dist,TabArena_IID,classification,3,False,598,300,38,32,6,0.8421052631578947,0.43732935660019,0.0336531517590013,DAUC < 0.55,source::anneal,,0.0053118292297916,0.0055421662656823,-0.0002303370358907,True,near_perfect_baseline,-4.336303482779273,,7.500414542536141,,False,abs_delta_mean
bag8,anneal,nearest_test_k5_both,test_time_variant,M16_nearest_test_dist,TabArena_IID,classification,3,False,598,300,38,32,6,0.8421052631578947,0.43732935660019,0.0336531517590013,DAUC < 0.55,source::anneal,,0.0053118292297916,0.0035808814924721,0.0017309477373194,True,near_perfect_baseline,32.58666012098731,,17.65406163246413,,False,abs_delta_mean
bag8,anneal,nearest_test_rel_k10_both,test_time_variant,M16_nearest_test_dist,TabArena_IID,classification,3,False,598,300,38,32,6,0.8421052631578947,0.43732935660019,0.0336531517590013,DAUC < 0.55,source::anneal,,0.0053118292297916,0.0047428510800086,0.0005689781497829,True,near_perfect_baseline,10.71152940293692,,4.098540806443465,,False,abs_delta_mean
bag8,anneal,nearest_test_rel_k10_cumshift_both,test_time_variant,M16_nearest_test_dist,TabArena_IID,classification,3,False,598,300,38,32,6,0.8421052631578947,0.43732935660019,0.0336531517590013,DAUC < 0.55,source::anneal,,0.0053118292297916,0.0038907933712178,0.0014210358585737,True,near_perfect_baseline,26.752288093219818,,,,False,abs_delta_mean
bag8,anneal,nearest_test_rel_k5_both,test_time_variant,M16_nearest_test_dist,TabArena_IID,classification,3,False,598,300,38,32,6,0.8421052631578947,0.43732935660019,0.0336531517590013,DAUC < 0.55,source::anneal,,0.0053118292297916,0.0068619238615707,-0.0015500946317791,True,near_perfect_baseline,-29.181936480287515,,5.109666567748761,,False,abs_delta_mean
bag8,anneal,neighbor_consensus_k10_dist,test_time_variant,M19_neighbor_consensus,TabArena_IID,classification,3,False,598,300,38,32,6,0.8421052631578947,0.43732935660019,0.0336531517590013,DAUC < 0.55,source::anneal,,0.0053118292297916,0.0116856950853114,-0.0063738658555198,True,near_perfect_baseline,-119.99380213075747,,,,False,abs_delta_mean
bag8,anneal,neighbor_consensus_k10_dist_cumshift,test_time_variant,M19_neighbor_consensus,TabArena_IID,classification,3,False,598,300,38,32,6,0.8421052631578947,0.43732935660019,0.0336531517590013,DAUC < 0.55,source::anneal,,0.0053118292297916,0.0096626963486502,-0.0043508671188586,True,near_perfect_baseline,-81.90901722624287,,,,False,abs_delta_mean
bag8,anneal,neighbor_consensus_k10_uniform,test_time_variant,M19_neighbor_consensus,TabArena_IID,classification,3,False,598,300,38,32,6,0.8421052631578947,0.43732935660019,0.0336531517590013,DAUC < 0.55,source::anneal,,0.0053118292297916,0.0123177021502678,-0.0070058729204762,True,near_perfect_baseline,-131.89190799251395,,,,False,abs_delta_mean
bag8,anneal,neighbor_consensus_k20_dist,test_time_variant,M19_neighbor_consensus,TabArena_IID,classification,3,False,598,300,38,32,6,0.8421052631578947,0.43732935660019,0.0336531517590013,DAUC < 0.55,source::anneal,,0.0053118292297916,0.0274131546865419,-0.0221013254567503,True,near_perfect_baseline,-416.0774848105842,,,,False,abs_delta_mean
bag8,anneal,neighbor_consensus_k5_dist,test_time_variant,M19_neighbor_consensus,TabArena_IID,classification,3,False,598,300,38,32,6,0.8421052631578947,0.43732935660019,0.0336531517590013,DAUC < 0.55,source::anneal,,0.0053118292297916,0.0106443682898318,-0.0053325390600402,True,near_perfect_baseline,-100.38988132623784,,,,False,abs_delta_mean
bag8,anneal,neighbor_consensus_k5_dist_cumshift,test_time_variant,M19_neighbor_consensus,TabArena_IID,classification,3,False,598,300,38,32,6,0.8421052631578947,0.43732935660019,0.0336531517590013,DAUC < 0.55,source::anneal,,0.0053118292297916,0.0106698863466688,-0.0053580571168772,True,near_perfect_baseline,-100.87028187627584,,,,False,abs_delta_mean
bag8,anneal,ot_disp_v2_selective,test_time_variant,M9_ot_displacement,TabArena_IID,classification,3,False,598,300,38,32,6,0.8421052631578947,0.43732935660019,0.0336531517590013,DAUC < 0.55,source::anneal,,0.0053118292297916,0.0062882965166029,-0.0009764672868113,True,near_perfect_baseline,-18.382881763871065,,,,False,abs_delta_mean
bag8,anneal,ot_disp_v2_selective_abs,test_time_variant,M9_ot_displacement,TabArena_IID,classification,3,False,598,300,38,32,6,0.8421052631578947,0.43732935660019,0.0336531517590013,DAUC < 0.55,source::anneal,,0.0053118292297916,0.0055615368346624,-0.0002497076048708,True,near_perfect_baseline,-4.700972001704585,,-36.7054062030132,,False,abs_delta_mean
bag8,anneal,ot_disp_v2_selective_and_summary,test_time_variant,M9_ot_displacement,TabArena_IID,classification,3,False,598,300,38,32,6,0.8421052631578947,0.43732935660019,0.0336531517590013,DAUC < 0.55,source::anneal,,0.0053118292297916,0.0107081706159738,-0.0053963413861822,True,near_perfect_baseline,-101.5910179475766,,,,False,abs_delta_mean
bag8,anneal,ot_disp_v2_selective_and_summary_abs,test_time_variant,M9_ot_displacement,TabArena_IID,classification,3,False,598,300,38,32,6,0.8421052631578947,0.43732935660019,0.0336531517590013,DAUC < 0.55,source::anneal,,0.0053118292297916,0.0050757834788662,0.0002360457509253,True,near_perfect_baseline,4.443775217801123,,-8.696185489323941,,False,abs_delta_mean
bag8,anneal,ot_disp_v2_selective_and_summary_top10,test_time_variant,M9_ot_displacement,TabArena_IID,classification,3,False,598,300,38,32,6,0.8421052631578947,0.43732935660019,0.0336531517590013,DAUC < 0.55,source::anneal,,0.0053118292297916,0.0107081706159738,-0.0053963413861822,True,near_perfect_baseline,-101.5910179475766,,,,False,abs_delta_mean
bag8,anneal,ot_disp_v2_selective_top10,test_time_variant,M9_ot_displacement,TabArena_IID,classification,3,False,598,300,38,32,6,0.8421052631578947,0.43732935660019,0.0336531517590013,DAUC < 0.55,source::anneal,,0.0053118292297916,0.0062882965166029,-0.0009764672868113,True,near_perfect_baseline,-18.382881763871065,,,,False,abs_delta_mean
bag8,anneal,ot_disp_v2_summary_only,test_time_variant,M9_ot_displacement,TabArena_IID,classification,3,False,598,300,38,32,6,0.8421052631578947,0.43732935660019,0.0336531517590013,DAUC < 0.55,source::anneal,,0.0053118292297916,0.0054643187718178,-0.0001524895420262,True,near_perfect_baseline,-2.8707538482413884,,,,False,abs_delta_mean
bag8,anneal,ot_displacement_mag,test_time_variant,M9_ot_displacement,TabArena_IID,classification,3,False,598,300,38,32,6,0.8421052631578947,0.43732935660019,0.0336531517590013,DAUC < 0.55,source::anneal,,0.0053118292297916,0.0085340981138279,-0.0032222688840363,True,near_perfect_baseline,-60.66213247150591,,,,False,abs_delta_mean
bag8,anneal,ot_displacement_no_mag,test_time_variant,M9_ot_displacement,TabArena_IID,classification,3,False,598,300,38,32,6,0.8421052631578947,0.43732935660019,0.0336531517590013,DAUC < 0.55,source::anneal,,0.0053118292297916,0.0108191560522839,-0.0055073268224923,True,near_perfect_baseline,-103.68041938555314,,,,False,abs_delta_mean
bag8,anneal,pca_train_only_10,train_only_version,baselines,TabArena_IID,classification,3,False,598,300,38,32,6,0.8421052631578947,0.43732935660019,0.0336531517590013,DAUC < 0.55,source::anneal,,0.0053118292297916,0.004441910188009,0.0008699190417825,True,near_perfect_baseline,16.377014473725225,,,,False,abs_delta_mean
bag8,anneal,pca_train_only_5,train_only_version,baselines,TabArena_IID,classification,3,False,598,300,38,32,6,0.8421052631578947,0.43732935660019,0.0336531517590013,DAUC < 0.55,source::anneal,,0.0053118292297916,0.0049835974149109,0.0003282318148806,True,near_perfect_baseline,6.179261431067723,,,,False,abs_delta_mean
bag8,anneal,pca_train_only_var90,train_only_version,baselines,TabArena_IID,classification,3,False,598,300,38,32,6,0.8421052631578947,0.43732935660019,0.0336531517590013,DAUC < 0.55,source::anneal,,0.0053118292297916,0.004441910188009,0.0008699190417825,True,near_perfect_baseline,16.377014473725225,,,,False,abs_delta_mean
bag8,anneal,pca_train_only_var95,train_only_version,baselines,TabArena_IID,classification,3,False,598,300,38,32,6,0.8421052631578947,0.43732935660019,0.0336531517590013,DAUC < 0.55,source::anneal,,0.0053118292297916,0.004441910188009,0.0008699190417825,True,near_perfect_baseline,16.377014473725225,,,,False,abs_delta_mean
bag8,anneal,pseudo_label_lgbm_conf80_iter5,test_time_variant,M7_pseudo_label,TabArena_IID,classification,3,False,598,300,38,32,6,0.8421052631578947,0.43732935660019,0.0336531517590013,DAUC < 0.55,source::anneal,,0.0053118292297916,0.0123342366788762,-0.0070224074490846,True,near_perfect_baseline,-132.20318548079857,,,,False,abs_delta_mean
bag8,anneal,pseudo_label_lgbm_conf90_iter1,test_time_variant,M7_pseudo_label,TabArena_IID,classification,3,False,598,300,38,32,6,0.8421052631578947,0.43732935660019,0.0336531517590013,DAUC < 0.55,source::anneal,,0.0053118292297916,0.0128180040030241,-0.0075061747732325,True,near_perfect_baseline,-141.31054385434405,,,,False,abs_delta_mean
bag8,anneal,pseudo_label_lgbm_conf90_iter3,test_time_variant,M7_pseudo_label,TabArena_IID,classification,3,False,598,300,38,32,6,0.8421052631578947,0.43732935660019,0.0336531517590013,DAUC < 0.55,source::anneal,,0.0053118292297916,0.0066717916819702,-0.0013599624521786,True,near_perfect_baseline,-25.602525859665327,,,,False,abs_delta_mean
bag8,anneal,pseudo_label_lgbm_conf95_iter3,test_time_variant,M7_pseudo_label,TabArena_IID,classification,3,False,598,300,38,32,6,0.8421052631578947,0.43732935660019,0.0336531517590013,DAUC < 0.55,source::anneal,,0.0053118292297916,0.0064161842534331,-0.0011043550236415,True,near_perfect_baseline,-20.79048432972528,,,,False,abs_delta_mean
bag8,anneal,pseudo_label_v2_cal_iso_wfixed_conf90,test_time_variant,M7_pseudo_label,TabArena_IID,classification,3,False,598,300,38,32,6,0.8421052631578947,0.43732935660019,0.0336531517590013,DAUC < 0.55,source::anneal,,0.0053118292297916,0.0126078003253166,-0.007295971095525,True,near_perfect_baseline,-137.3532690886459,,-123.44398389303817,,False,abs_delta_mean
bag8,anneal,pseudo_label_v2_cal_iso_wprop_conf85,test_time_variant,M7_pseudo_label,TabArena_IID,classification,3,False,598,300,38,32,6,0.8421052631578947,0.43732935660019,0.0336531517590013,DAUC < 0.55,source::anneal,,0.0053118292297916,0.0124352079687386,-0.007123378738947,True,near_perfect_baseline,-134.1040615348713,,-121.77264079105971,,False,abs_delta_mean
bag8,anneal,pseudo_label_v2_cal_iso_wprop_conf90,test_time_variant,M7_pseudo_label,TabArena_IID,classification,3,False,598,300,38,32,6,0.8421052631578947,0.43732935660019,0.0336531517590013,DAUC < 0.55,source::anneal,,0.0053118292297916,0.013757697508838,-0.0084458682790464,True,near_perfect_baseline,-159.001125858441,,-84.49763477207053,,False,abs_delta_mean
bag8,anneal,pseudo_label_v2_cal_iso_wquad_conf90,test_time_variant,M7_pseudo_label,TabArena_IID,classification,3,False,598,300,38,32,6,0.8421052631578947,0.43732935660019,0.0336531517590013,DAUC < 0.55,source::anneal,,0.0053118292297916,0.0124906407925483,-0.0071788115627567,True,near_perfect_baseline,-135.1476346885202,,-84.0614270828785,,False,abs_delta_mean
bag8,anneal,pseudo_label_v2_cal_platt_wprop_conf90,test_time_variant,M7_pseudo_label,TabArena_IID,classification,3,False,598,300,38,32,6,0.8421052631578947,0.43732935660019,0.0336531517590013,DAUC < 0.55,source::anneal,,0.0053118292297916,0.0245116382430427,-0.0191998090132511,True,near_perfect_baseline,-361.4538077686733,,,,False,abs_delta_mean
bag8,anneal,target_enc_absolute,test_time_variant,M4_target_encoding,TabArena_IID,classification,3,False,598,300,38,32,6,0.8421052631578947,0.43732935660019,0.0336531517590013,DAUC < 0.55,source::anneal,,0.0053118292297916,0.0014753695993915,0.0038364596304,True,near_perfect_baseline,72.22482998668501,,73.73242874070964,,False,abs_delta_mean
bag8,anneal,target_enc_diff,test_time_variant,M4_target_encoding,TabArena_IID,classification,3,False,598,300,38,32,6,0.8421052631578947,0.43732935660019,0.0336531517590013,DAUC < 0.55,source::anneal,,0.0053118292297916,0.0015898622536255,0.003721966976166,True,near_perfect_baseline,70.069401992278,,70.95962781773338,,False,abs_delta_mean
bag8,anneal,target_enc_inv_ratio,test_time_variant,M4_target_encoding,TabArena_IID,classification,3,False,598,300,38,32,6,0.8421052631578947,0.43732935660019,0.0336531517590013,DAUC < 0.55,source::anneal,,0.0053118292297916,0.0016885364854025,0.003623292744389,True,near_perfect_baseline,68.21177013876294,,73.26066782687616,,False,abs_delta_mean
bag8,anneal,target_enc_oof_absolute,test_time_variant,M4_target_encoding,TabArena_IID,classification,3,False,598,300,38,32,6,0.8421052631578947,0.43732935660019,0.0336531517590013,DAUC < 0.55,source::anneal,,0.0053118292297916,0.0011785203763829,0.0041333088534086,True,near_perfect_baseline,77.81328567994582,,,,False,abs_delta_mean
bag8,anneal,target_enc_oof_diff,test_time_variant,M4_target_encoding,TabArena_IID,classification,3,False,598,300,38,32,6,0.8421052631578947,0.43732935660019,0.0336531517590013,DAUC < 0.55,source::anneal,,0.0053118292297916,0.0016513504158673,0.0036604788139242,True,near_perfect_baseline,68.91183160396696,,,,False,abs_delta_mean
bag8,anneal,target_enc_oof_inv_ratio,test_time_variant,M4_target_encoding,TabArena_IID,classification,3,False,598,300,38,32,6,0.8421052631578947,0.43732935660019,0.0336531517590013,DAUC < 0.55,source::anneal,,0.0053118292297916,0.0014610249614572,0.0038508042683343,True,near_perfect_baseline,72.49488079806737,,,,False,abs_delta_mean
bag8,anneal,target_enc_oof_ratio,test_time_variant,M4_target_encoding,TabArena_IID,classification,3,False,598,300,38,32,6,0.8421052631578947,0.43732935660019,0.0336531517590013,DAUC < 0.55,source::anneal,,0.0053118292297916,0.0010043377156876,0.0043074915141039,True,near_perfect_baseline,81.09243215021414,,,,False,abs_delta_mean
bag8,anneal,target_enc_oof_ratio_cap5,test_time_variant,M4_target_encoding,TabArena_IID,classification,3,False,598,300,38,32,6,0.8421052631578947,0.43732935660019,0.0336531517590013,DAUC < 0.55,source::anneal,,0.0053118292297916,0.0010043377156876,0.0043074915141039,True,near_perfect_baseline,81.09243215021414,,,,False,abs_delta_mean
bag8,anneal,target_enc_ratio,test_time_variant,M4_target_encoding,TabArena_IID,classification,3,False,598,300,38,32,6,0.8421052631578947,0.43732935660019,0.0336531517590013,DAUC < 0.55,source::anneal,,0.0053118292297916,0.0012825653047834,0.0040292639250081,True,near_perfect_baseline,75.85454559438482,,73.714213267292,,False,abs_delta_mean
bag8,anneal,target_enc_ratio__sel_combined_intersection,test_time_variant,selective,TabArena_IID,classification,3,False,598,300,38,32,6,0.8421052631578947,0.43732935660019,0.0336531517590013,DAUC < 0.55,source::anneal,,0.0053118292297916,0.0012982822064652,0.0040135470233263,True,near_perfect_baseline,75.55866067410919,,73.04492518122612,,False,abs_delta_mean
bag8,anneal,target_enc_ratio__sel_combined_union,test_time_variant,selective,TabArena_IID,classification,3,False,598,300,38,32,6,0.8421052631578947,0.43732935660019,0.0336531517590013,DAUC < 0.55,source::anneal,,0.0053118292297916,0.0012825653047834,0.0040292639250081,True,near_perfect_baseline,75.85454559438482,,73.714213267292,,False,abs_delta_mean
bag8,anneal,target_enc_ratio_cap5,test_time_variant,M4_target_encoding,TabArena_IID,classification,3,False,598,300,38,32,6,0.8421052631578947,0.43732935660019,0.0336531517590013,DAUC < 0.55,source::anneal,,0.0053118292297916,0.0012825653047834,0.0040292639250081,True,near_perfect_baseline,75.85454559438482,,73.714213267292,,False,abs_delta_mean
bag8,anneal,target_enc_standard_m10,train_only_version,baselines,TabArena_IID,classification,3,False,598,300,38,32,6,0.8421052631578947,0.43732935660019,0.0336531517590013,DAUC < 0.55,source::anneal,,0.0053118292297916,0.0015898622536255,0.003721966976166,True,near_perfect_baseline,70.069401992278,,70.95962781773338,,False,abs_delta_mean
bag8,anneal,target_enc_standard_m20,train_only_version,baselines,TabArena_IID,classification,3,False,598,300,38,32,6,0.8421052631578947,0.43732935660019,0.0336531517590013,DAUC < 0.55,source::anneal,,0.0053118292297916,0.0009439615773525,0.004367867652439,True,near_perfect_baseline,82.22906768052208,,80.20693944877684,,False,abs_delta_mean
bag8,anneal,target_enc_standard_m5,train_only_version,baselines,TabArena_IID,classification,3,False,598,300,38,32,6,0.8421052631578947,0.43732935660019,0.0336531517590013,DAUC < 0.55,source::anneal,,0.0053118292297916,0.0015863857861015,0.00372544344369,True,near_perfect_baseline,70.13484964455768,,71.22609634922601,,False,abs_delta_mean
bag8,anneal,targeted_groupby_top3,test_time_variant,M14_groupby,TabArena_IID,classification,3,False,598,300,38,32,6,0.8421052631578947,0.43732935660019,0.0336531517590013,DAUC < 0.55,source::anneal,,0.0053118292297916,0.0033824716283327,0.0019293576014588,True,near_perfect_baseline,36.32190565611434,,44.6062518924094,,False,abs_delta_mean
bag8,anneal,targeted_groupby_top3_shifted_agg,test_time_variant,M14_groupby,TabArena_IID,classification,3,False,598,300,38,32,6,0.8421052631578947,0.43732935660019,0.0336531517590013,DAUC < 0.55,source::anneal,,0.0053118292297916,0.0033824716283327,0.0019293576014588,True,near_perfect_baseline,36.32190565611434,,44.6062518924094,,False,abs_delta_mean
bag8,anneal,targeted_groupby_top5,test_time_variant,M14_groupby,TabArena_IID,classification,3,False,598,300,38,32,6,0.8421052631578947,0.43732935660019,0.0336531517590013,DAUC < 0.55,source::anneal,,0.0053118292297916,0.0026570909446304,0.0026547382851611,True,near_perfect_baseline,49.977854526497126,,57.50492853346341,,False,abs_delta_mean
bag8,anneal,targeted_groupby_top5_shifted_agg,test_time_variant,M14_groupby,TabArena_IID,classification,3,False,598,300,38,32,6,0.8421052631578947,0.43732935660019,0.0336531517590013,DAUC < 0.55,source::anneal,,0.0053118292297916,0.0026570909446304,0.0026547382851611,True,near_perfect_baseline,49.977854526497126,,57.50492853346341,,False,abs_delta_mean
bag8,anneal,tdda_k10_lam07_aug1,test_time_variant,M17_tdda,TabArena_IID,classification,3,False,598,300,38,32,6,0.8421052631578947,0.43732935660019,0.0336531517590013,DAUC < 0.55,source::anneal,,0.0053118292297916,0.0043126255482037,0.0009992036815879,True,near_perfect_baseline,18.81091500426686,,-73.15601310075098,,False,abs_delta_mean
bag8,anneal,tdda_k5_lam06_aug1,test_time_variant,M17_tdda,TabArena_IID,classification,3,False,598,300,38,32,6,0.8421052631578947,0.43732935660019,0.0336531517590013,DAUC < 0.55,source::anneal,,0.0053118292297916,0.0039422869201812,0.0013695423096103,True,near_perfect_baseline,25.78287535919244,,-49.07979022084229,,False,abs_delta_mean
bag8,anneal,tdda_k5_lam07_aug1,test_time_variant,M17_tdda,TabArena_IID,classification,3,False,598,300,38,32,6,0.8421052631578947,0.43732935660019,0.0336531517590013,DAUC < 0.55,source::anneal,,0.0053118292297916,0.0043126255482037,0.0009992036815879,True,near_perfect_baseline,18.81091500426686,,-73.15601310075098,,False,abs_delta_mean
bag8,anneal,tdda_k5_lam07_aug1_cumshift,test_time_variant,M17_tdda,TabArena_IID,classification,3,False,598,300,38,32,6,0.8421052631578947,0.43732935660019,0.0336531517590013,DAUC < 0.55,source::anneal,,0.0053118292297916,0.0043247845635496,0.0009870446662419,True,near_perfect_baseline,18.58201051920205,,-58.1668339745075,,False,abs_delta_mean
bag8,anneal,tdda_k5_lam07_aug2,test_time_variant,M17_tdda,TabArena_IID,classification,3,False,598,300,38,32,6,0.8421052631578947,0.43732935660019,0.0336531517590013,DAUC < 0.55,source::anneal,,0.0053118292297916,0.0021767264203889,0.0031351028094026,True,near_perfect_baseline,59.021152107437366,,33.75379879037995,,False,abs_delta_mean
bag8,anneal,tdda_k5_lam08_aug1,test_time_variant,M17_tdda,TabArena_IID,classification,3,False,598,300,38,32,6,0.8421052631578947,0.43732935660019,0.0336531517590013,DAUC < 0.55,source::anneal,,0.0053118292297916,0.0045424680032144,0.0007693612265771,True,near_perfect_baseline,14.483922454852207,,-54.14603679833925,,False,abs_delta_mean
bag8,anneal,tdda_v2_k10_lam07_pfl_dw,test_time_variant,M17_tdda,TabArena_IID,classification,3,False,598,300,38,32,6,0.8421052631578947,0.43732935660019,0.0336531517590013,DAUC < 0.55,source::anneal,,0.0053118292297916,0.0021555166582081,0.0031563125715834,True,near_perfect_baseline,59.42044510544835,,,,False,abs_delta_mean
bag8,anneal,tdda_v2_k5_lam06_pfl_dw,test_time_variant,M17_tdda,TabArena_IID,classification,3,False,598,300,38,32,6,0.8421052631578947,0.43732935660019,0.0336531517590013,DAUC < 0.55,source::anneal,,0.0053118292297916,0.0022778244883859,0.0030340047414056,True,near_perfect_baseline,57.11788934006548,,,,False,abs_delta_mean
bag8,anneal,tdda_v2_k5_lam07_nopfl_dw,test_time_variant,M17_tdda,TabArena_IID,classification,3,False,598,300,38,32,6,0.8421052631578947,0.43732935660019,0.0336531517590013,DAUC < 0.55,source::anneal,,0.0053118292297916,0.0044063951778513,0.0009054340519402,True,near_perfect_baseline,17.04561673146513,,-64.72326411914257,,False,abs_delta_mean
bag8,anneal,tdda_v2_k5_lam07_pfl_dw,test_time_variant,M17_tdda,TabArena_IID,classification,3,False,598,300,38,32,6,0.8421052631578947,0.43732935660019,0.0336531517590013,DAUC < 0.55,source::anneal,,0.0053118292297916,0.0021555166582081,0.0031563125715834,True,near_perfect_baseline,59.42044510544835,,,,False,abs_delta_mean
bag8,anneal,tdda_v2_k5_lam07_pfl_dw_cumshift,test_time_variant,M17_tdda,TabArena_IID,classification,3,False,598,300,38,32,6,0.8421052631578947,0.43732935660019,0.0336531517590013,DAUC < 0.55,source::anneal,,0.0053118292297916,0.0033730602688903,0.0019387689609012,True,near_perfect_baseline,36.49908302826494,,8.116549987334977,,False,abs_delta_mean
bag8,anneal,tdda_v2_k5_lam07_pfl_nodw,test_time_variant,M17_tdda,TabArena_IID,classification,3,False,598,300,38,32,6,0.8421052631578947,0.43732935660019,0.0336531517590013,DAUC < 0.55,source::anneal,,0.0053118292297916,0.0022802057974167,0.0030316234323748,True,near_perfect_baseline,57.073059039095234,,,,False,abs_delta_mean
bag8,anneal,train_only_scaling,train_only_version,baselines,TabArena_IID,classification,3,False,598,300,38,32,6,0.8421052631578947,0.43732935660019,0.0336531517590013,DAUC < 0.55,source::anneal,,0.0053118292297916,0.0030267903851057,0.0022850388446858,True,near_perfect_baseline,43.01792745651706,,29.791000322146576,,False,abs_delta_mean
bag8,customer_satisfaction_in_airline,adversarial_lgbm_both_ratio,test_time_variant,M6_adversarial,TabArena_IID,classification,3,False,86586,43294,21,16,5,0.7619047619047619,0.4966771,0.0063438979047851,DAUC < 0.55,source::customer_satisfaction_in_airline,,0.0056408237053047,0.005758784472046,-0.0001179607667412,True,near_perfect_baseline,-2.091197543194613,,-2.071107833126018,,False,abs_delta_mean
bag8,customer_satisfaction_in_airline,adversarial_lgbm_cal_iso_both_ratio,test_time_variant,M6_adversarial,TabArena_IID,classification,3,False,86586,43294,21,16,5,0.7619047619047619,0.4966771,0.0063438979047851,DAUC < 0.55,source::customer_satisfaction_in_airline,,0.0056408237053047,0.005653034604056,-1.2210898751289593e-05,True,near_perfect_baseline,-0.2164736816682712,,-0.2069778861020736,,False,abs_delta_mean
bag8,customer_satisfaction_in_airline,adversarial_lgbm_cal_iso_feature,test_time_variant,M6_adversarial,TabArena_IID,classification,3,False,86586,43294,21,16,5,0.7619047619047619,0.4966771,0.0063438979047851,DAUC < 0.55,source::customer_satisfaction_in_airline,,0.0056408237053047,0.0056407919357042,3.1769600579896945e-08,True,near_perfect_baseline,0.0005632085354791,,0.0046819702448162,,False,abs_delta_mean
bag8,customer_satisfaction_in_airline,adversarial_lgbm_cal_platt_feature,test_time_variant,M6_adversarial,TabArena_IID,classification,3,False,86586,43294,21,16,5,0.7619047619047619,0.4966771,0.0063438979047851,DAUC < 0.55,source::customer_satisfaction_in_airline,,0.0056408237053047,0.005812815238785,-0.0001719915334802,True,near_perfect_baseline,-3.049049969749279,,-3.038775637854228,,False,abs_delta_mean
bag8,customer_satisfaction_in_airline,adversarial_lgbm_feature,test_time_variant,M6_adversarial,TabArena_IID,classification,3,False,86586,43294,21,16,5,0.7619047619047619,0.4966771,0.0063438979047851,DAUC < 0.55,source::customer_satisfaction_in_airline,,0.0056408237053047,0.0057904203117184,-0.0001495966064136,True,near_perfect_baseline,-2.652034777704294,,-2.6320100380133886,,False,abs_delta_mean
bag8,customer_satisfaction_in_airline,adversarial_logreg_feature,test_time_variant,M6_adversarial,TabArena_IID,classification,3,False,86586,43294,21,16,5,0.7619047619047619,0.4966771,0.0063438979047851,DAUC < 0.55,source::customer_satisfaction_in_airline,,0.0056408237053047,0.0057304431462589,-8.961944095416581e-05,True,near_perfect_baseline,-1.5887651455918694,,-1.5404554489344384,,False,abs_delta_mean
bag8,customer_satisfaction_in_airline,adversarial_reweight_lgbm_cal_iso_ratio_hard,test_time_variant,M6_adversarial,TabArena_IID,classification,3,False,86586,43294,21,16,5,0.7619047619047619,0.4966771,0.0063438979047851,DAUC < 0.55,source::customer_satisfaction_in_airline,,0.0056408237053047,0.0056481943380841,-7.370632779335473e-06,True,near_perfect_baseline,-0.1306658949898383,,-0.1248050687090888,,False,abs_delta_mean
bag8,customer_satisfaction_in_airline,adversarial_reweight_lgbm_cal_iso_ratio_hard_tempered,test_time_variant,M6_adversarial,TabArena_IID,classification,3,False,86586,43294,21,16,5,0.7619047619047619,0.4966771,0.0063438979047851,DAUC < 0.55,source::customer_satisfaction_in_airline,,0.0056408237053047,0.0056240154538782,1.6808251426544036e-05,True,near_perfect_baseline,0.2979751239298044,,0.3132837935711925,,False,abs_delta_mean
bag8,customer_satisfaction_in_airline,adversarial_reweight_lgbm_cal_iso_ratio_winsorize,test_time_variant,M6_adversarial,TabArena_IID,classification,3,False,86586,43294,21,16,5,0.7619047619047619,0.4966771,0.0063438979047851,DAUC < 0.55,source::customer_satisfaction_in_airline,,0.0056408237053047,0.0056553336973046,-1.4509991999885528e-05,True,near_perfect_baseline,-0.2572317937580727,,-0.2449189392522864,,False,abs_delta_mean
bag8,customer_satisfaction_in_airline,adversarial_reweight_lgbm_ratio_hard,test_time_variant,M6_adversarial,TabArena_IID,classification,3,False,86586,43294,21,16,5,0.7619047619047619,0.4966771,0.0063438979047851,DAUC < 0.55,source::customer_satisfaction_in_airline,,0.0056408237053047,0.0056202713706311,2.055233467361065e-05,True,near_perfect_baseline,0.3643498848276726,,0.3612901447161265,,False,abs_delta_mean
bag8,customer_satisfaction_in_airline,adversarial_reweight_lgbm_ratio_hard_tempered,test_time_variant,M6_adversarial,TabArena_IID,classification,3,False,86586,43294,21,16,5,0.7619047619047619,0.4966771,0.0063438979047851,DAUC < 0.55,source::customer_satisfaction_in_airline,,0.0056408237053047,0.0056489421975191,-8.118492214307752e-06,True,near_perfect_baseline,-0.1439238777604975,,-0.133716648719043,,False,abs_delta_mean
bag8,customer_satisfaction_in_airline,adversarial_reweight_lgbm_ratio_normalize,test_time_variant,M6_adversarial,TabArena_IID,classification,3,False,86586,43294,21,16,5,0.7619047619047619,0.4966771,0.0063438979047851,DAUC < 0.55,source::customer_satisfaction_in_airline,,0.0056408237053047,0.0056202713706311,2.055233467361065e-05,True,near_perfect_baseline,0.3643498848276726,,0.3612901447161265,,False,abs_delta_mean
bag8,customer_satisfaction_in_airline,adversarial_reweight_lgbm_ratio_winsorize,test_time_variant,M6_adversarial,TabArena_IID,classification,3,False,86586,43294,21,16,5,0.7619047619047619,0.4966771,0.0063438979047851,DAUC < 0.55,source::customer_satisfaction_in_airline,,0.0056408237053047,0.0056204137326354,2.0409972669388488e-05,True,near_perfect_baseline,0.3618261044073112,,0.3822257091584748,,False,abs_delta_mean
bag8,customer_satisfaction_in_airline,adversarial_reweight_lgbm_ratio_winsorize_tempered,test_time_variant,M6_adversarial,TabArena_IID,classification,3,False,86586,43294,21,16,5,0.7619047619047619,0.4966771,0.0063438979047851,DAUC < 0.55,source::customer_satisfaction_in_airline,,0.0056408237053047,0.0056187317581602,2.209194714453133e-05,True,near_perfect_baseline,0.3916439920601565,,0.4093035427376821,,False,abs_delta_mean
bag8,customer_satisfaction_in_airline,adversarial_reweight_lgbm_raw_hard,test_time_variant,M6_adversarial,TabArena_IID,classification,3,False,86586,43294,21,16,5,0.7619047619047619,0.4966771,0.0063438979047851,DAUC < 0.55,source::customer_satisfaction_in_airline,,0.0056408237053047,0.0056251327647298,1.5690940574926888e-05,True,near_perfect_baseline,0.2781675406762027,,0.2778670127935831,,False,abs_delta_mean
bag8,customer_satisfaction_in_airline,adversarial_rf_feature,test_time_variant,M6_adversarial,TabArena_IID,classification,3,False,86586,43294,21,16,5,0.7619047619047619,0.4966771,0.0063438979047851,DAUC < 0.55,source::customer_satisfaction_in_airline,,0.0056408237053047,0.0057741880104876,-0.0001333643051828,True,near_perfect_baseline,-2.36427004547921,,-2.3724340691007835,,False,abs_delta_mean
bag8,customer_satisfaction_in_airline,cluster_membership_k10_both,test_time_variant,M20_cluster_membership,TabArena_IID,classification,3,False,86586,43294,21,16,5,0.7619047619047619,0.4966771,0.0063438979047851,DAUC < 0.55,source::customer_satisfaction_in_airline,,0.0056408237053047,0.0058430644227458,-0.000202240717441,True,near_perfect_baseline,-3.585304700285124,,-3.569516592249682,,False,abs_delta_mean
bag8,customer_satisfaction_in_airline,cluster_membership_k10_both_cumshift,test_time_variant,M20_cluster_membership,TabArena_IID,classification,3,False,86586,43294,21,16,5,0.7619047619047619,0.4966771,0.0063438979047851,DAUC < 0.55,source::customer_satisfaction_in_airline,,0.0056408237053047,0.005791821960561,-0.0001509982552562,True,near_perfect_baseline,-2.676883078515913,,-2.664469967809143,,False,abs_delta_mean
bag8,customer_satisfaction_in_airline,cluster_membership_k10_feature,test_time_variant,M20_cluster_membership,TabArena_IID,classification,3,False,86586,43294,21,16,5,0.7619047619047619,0.4966771,0.0063438979047851,DAUC < 0.55,source::customer_satisfaction_in_airline,,0.0056408237053047,0.0058645285619796,-0.0002237048566748,True,near_perfect_baseline,-3.965818971873033,,-3.952444112331816,,False,abs_delta_mean
bag8,customer_satisfaction_in_airline,cluster_membership_k10_feature_cumshift,test_time_variant,M20_cluster_membership,TabArena_IID,classification,3,False,86586,43294,21,16,5,0.7619047619047619,0.4966771,0.0063438979047851,DAUC < 0.55,source::customer_satisfaction_in_airline,,0.0056408237053047,0.0058108850990993,-0.0001700613937945,True,near_perfect_baseline,-3.014832632237784,,-2.995099376626378,,False,abs_delta_mean
bag8,customer_satisfaction_in_airline,cluster_membership_k10_weight,test_time_variant,M20_cluster_membership,TabArena_IID,classification,3,False,86586,43294,21,16,5,0.7619047619047619,0.4966771,0.0063438979047851,DAUC < 0.55,source::customer_satisfaction_in_airline,,0.0056408237053047,0.0056857257157165,-4.490201041177736e-05,True,near_perfect_baseline,-0.7960186802071212,,-0.7972848748742095,,False,abs_delta_mean
bag8,customer_satisfaction_in_airline,cluster_membership_k15_both,test_time_variant,M20_cluster_membership,TabArena_IID,classification,3,False,86586,43294,21,16,5,0.7619047619047619,0.4966771,0.0063438979047851,DAUC < 0.55,source::customer_satisfaction_in_airline,,0.0056408237053047,0.0058042998949227,-0.0001634761896179,True,near_perfect_baseline,-2.898090742743999,,-2.913461506288636,,False,abs_delta_mean
bag8,customer_satisfaction_in_airline,cluster_membership_k5_both,test_time_variant,M20_cluster_membership,TabArena_IID,classification,3,False,86586,43294,21,16,5,0.7619047619047619,0.4966771,0.0063438979047851,DAUC < 0.55,source::customer_satisfaction_in_airline,,0.0056408237053047,0.0057872243635422,-0.0001464006582374,True,near_perfect_baseline,-2.595377304554646,,-2.57582789707654,,False,abs_delta_mean
bag8,customer_satisfaction_in_airline,cluster_membership_k5_feature,test_time_variant,M20_cluster_membership,TabArena_IID,classification,3,False,86586,43294,21,16,5,0.7619047619047619,0.4966771,0.0063438979047851,DAUC < 0.55,source::customer_satisfaction_in_airline,,0.0056408237053047,0.0057738400193742,-0.0001330163140694,True,near_perfect_baseline,-2.358100891264331,,-2.351510049080697,,False,abs_delta_mean
bag8,customer_satisfaction_in_airline,freq_enc_train_only,train_only_version,baselines,TabArena_IID,classification,3,False,86586,43294,21,16,5,0.7619047619047619,0.4966771,0.0063438979047851,DAUC < 0.55,source::customer_satisfaction_in_airline,,0.0056408237053047,0.0054304669663108,0.0002103567389939,True,near_perfect_baseline,3.7291847783882814,,3.755012368000018,,False,abs_delta_mean
bag8,customer_satisfaction_in_airline,freq_ratio_log,test_time_variant,M2_freq_ratio,TabArena_IID,classification,3,False,86586,43294,21,16,5,0.7619047619047619,0.4966771,0.0063438979047851,DAUC < 0.55,source::customer_satisfaction_in_airline,,0.0056408237053047,0.0054396460539086,0.0002011776513961,True,near_perfect_baseline,3.5664587639383725,,3.573208468706319,,False,abs_delta_mean
bag8,customer_satisfaction_in_airline,freq_ratio_log__sel_combined_intersection,test_time_variant,selective,TabArena_IID,classification,3,False,86586,43294,21,16,5,0.7619047619047619,0.4966771,0.0063438979047851,DAUC < 0.55,source::customer_satisfaction_in_airline,,0.0056408237053047,0.0055750720445912,6.575166071357923e-05,True,near_perfect_baseline,1.1656393489437344,,1.1902261981257414,,False,abs_delta_mean
bag8,customer_satisfaction_in_airline,freq_ratio_log__sel_combined_union,test_time_variant,selective,TabArena_IID,classification,3,False,86586,43294,21,16,5,0.7619047619047619,0.4966771,0.0063438979047851,DAUC < 0.55,source::customer_satisfaction_in_airline,,0.0056408237053047,0.005458699255841,0.0001821244494637,True,near_perfect_baseline,3.228685365444719,,3.22493766464793,,False,abs_delta_mean
bag8,customer_satisfaction_in_airline,freq_ratio_v2_both_gated,test_time_variant,M2_freq_ratio,TabArena_IID,classification,3,False,86586,43294,21,16,5,0.7619047619047619,0.4966771,0.0063438979047851,DAUC < 0.55,source::customer_satisfaction_in_airline,,0.0056408237053047,0.0056180662164747,2.275748882999788e-05,True,near_perfect_baseline,0.4034426533946717,,0.4238139485644173,,False,abs_delta_mean
bag8,customer_satisfaction_in_airline,freq_ratio_v2_diff_gated,test_time_variant,M2_freq_ratio,TabArena_IID,classification,3,False,86586,43294,21,16,5,0.7619047619047619,0.4966771,0.0063438979047851,DAUC < 0.55,source::customer_satisfaction_in_airline,,0.0056408237053047,0.0056181738881668,2.264981713799112e-05,True,near_perfect_baseline,0.4015338596150415,,0.4218087728054009,,False,abs_delta_mean
bag8,customer_satisfaction_in_airline,freq_ratio_v2_ratio_gated,test_time_variant,M2_freq_ratio,TabArena_IID,classification,3,False,86586,43294,21,16,5,0.7619047619047619,0.4966771,0.0063438979047851,DAUC < 0.55,source::customer_satisfaction_in_airline,,0.0056408237053047,0.0056261107274929,1.4712977811859318e-05,True,near_perfect_baseline,0.260830307425187,,0.2740005836393215,,False,abs_delta_mean
bag8,customer_satisfaction_in_airline,freq_ratio_v2_ratio_ungated,test_time_variant,M2_freq_ratio,TabArena_IID,classification,3,False,86586,43294,21,16,5,0.7619047619047619,0.4966771,0.0063438979047851,DAUC < 0.55,source::customer_satisfaction_in_airline,,0.0056408237053047,0.0054226744453017,0.000218149260003,True,near_perfect_baseline,3.86732986882544,,3.861941919450262,,False,abs_delta_mean
bag8,customer_satisfaction_in_airline,groupby_shift_cohen_d,test_time_variant,M14_groupby,TabArena_IID,classification,3,False,86586,43294,21,16,5,0.7619047619047619,0.4966771,0.0063438979047851,DAUC < 0.55,source::customer_satisfaction_in_airline,,0.0056408237053047,0.0053889846590056,0.0002518390462991,True,near_perfect_baseline,4.464579278772829,,4.463656269564166,,False,abs_delta_mean
bag8,customer_satisfaction_in_airline,groupby_shift_cohen_d__sel_combined_intersection,test_time_variant,selective,TabArena_IID,classification,3,False,86586,43294,21,16,5,0.7619047619047619,0.4966771,0.0063438979047851,DAUC < 0.55,source::customer_satisfaction_in_airline,,0.0056408237053047,0.0056082566075185,3.256709778624393e-05,True,near_perfect_baseline,0.5773464920666871,,0.6064988281078647,,False,abs_delta_mean
bag8,customer_satisfaction_in_airline,groupby_shift_cohen_d__sel_combined_union,test_time_variant,selective,TabArena_IID,classification,3,False,86586,43294,21,16,5,0.7619047619047619,0.4966771,0.0063438979047851,DAUC < 0.55,source::customer_satisfaction_in_airline,,0.0056408237053047,0.0054383803497084,0.0002024433555963,True,near_perfect_baseline,3.588897050725483,,3.591914780782034,,False,abs_delta_mean
bag8,customer_satisfaction_in_airline,groupby_shift_cohen_d_min10,test_time_variant,M14_groupby,TabArena_IID,classification,3,False,86586,43294,21,16,5,0.7619047619047619,0.4966771,0.0063438979047851,DAUC < 0.55,source::customer_satisfaction_in_airline,,0.0056408237053047,0.0053993104451406,0.0002415132601641,True,near_perfect_baseline,4.2815246989029,,4.282855377230276,,False,abs_delta_mean
bag8,customer_satisfaction_in_airline,groupby_shift_ratio_log,test_time_variant,M14_groupby,TabArena_IID,classification,3,False,86586,43294,21,16,5,0.7619047619047619,0.4966771,0.0063438979047851,DAUC < 0.55,source::customer_satisfaction_in_airline,,0.0056408237053047,0.0053861500136821,0.0002546736916226,True,near_perfect_baseline,4.514831608425323,,4.526127244501974,,False,abs_delta_mean
bag8,customer_satisfaction_in_airline,groupby_shift_ratio_raw,test_time_variant,M14_groupby,TabArena_IID,classification,3,False,86586,43294,21,16,5,0.7619047619047619,0.4966771,0.0063438979047851,DAUC < 0.55,source::customer_satisfaction_in_airline,,0.0056408237053047,0.0053836146809993,0.0002572090243054,True,near_perfect_baseline,4.559777751316633,,4.569284168977947,,False,abs_delta_mean
bag8,customer_satisfaction_in_airline,groupby_train_only,train_only_version,baselines,TabArena_IID,classification,3,False,86586,43294,21,16,5,0.7619047619047619,0.4966771,0.0063438979047851,DAUC < 0.55,source::customer_satisfaction_in_airline,,0.0056408237053047,0.0053581653585689,0.0002826583467358,True,near_perfect_baseline,5.010940981368582,,5.005816398428409,,False,abs_delta_mean
bag8,customer_satisfaction_in_airline,joint_freq_combined,test_time_variant,M1_joint_freq,TabArena_IID,classification,3,False,86586,43294,21,16,5,0.7619047619047619,0.4966771,0.0063438979047851,DAUC < 0.55,source::customer_satisfaction_in_airline,,0.0056408237053047,0.0054327676657514,0.0002080560395533,True,near_perfect_baseline,3.6883981918749766,,3.714200895865618,,False,abs_delta_mean
bag8,customer_satisfaction_in_airline,joint_freq_combined__sel_combined_intersection,test_time_variant,selective,TabArena_IID,classification,3,False,86586,43294,21,16,5,0.7619047619047619,0.4966771,0.0063438979047851,DAUC < 0.55,source::customer_satisfaction_in_airline,,0.0056408237053047,0.0055700929129708,7.073079233392103e-05,True,near_perfect_baseline,1.2539089329702533,,1.261446798013551,,False,abs_delta_mean
bag8,customer_satisfaction_in_airline,joint_freq_combined__sel_combined_union,test_time_variant,selective,TabArena_IID,classification,3,False,86586,43294,21,16,5,0.7619047619047619,0.4966771,0.0063438979047851,DAUC < 0.55,source::customer_satisfaction_in_airline,,0.0056408237053047,0.0054483654707437,0.000192458234561,True,near_perfect_baseline,3.4118817501786203,,3.412130640000115,,False,abs_delta_mean
bag8,customer_satisfaction_in_airline,joint_freq_separate,test_time_variant,M1_joint_freq,TabArena_IID,classification,3,False,86586,43294,21,16,5,0.7619047619047619,0.4966771,0.0063438979047851,DAUC < 0.55,source::customer_satisfaction_in_airline,,0.0056408237053047,0.0054219703152555,0.0002188533900492,True,near_perfect_baseline,3.879812621044234,,3.908146892150536,,False,abs_delta_mean
bag8,customer_satisfaction_in_airline,joint_freq_separate__sel_combined_intersection,test_time_variant,selective,TabArena_IID,classification,3,False,86586,43294,21,16,5,0.7619047619047619,0.4966771,0.0063438979047851,DAUC < 0.55,source::customer_satisfaction_in_airline,,0.0056408237053047,0.0055712307937672,6.959291153751934e-05,True,near_perfect_baseline,1.2337366876414193,,1.2645767518576472,,False,abs_delta_mean
bag8,customer_satisfaction_in_airline,joint_freq_separate__sel_combined_union,test_time_variant,selective,TabArena_IID,classification,3,False,86586,43294,21,16,5,0.7619047619047619,0.4966771,0.0063438979047851,DAUC < 0.55,source::customer_satisfaction_in_airline,,0.0056408237053047,0.0054538833932676,0.0001869403120371,True,near_perfect_baseline,3.3140605309352,,3.323587654426241,,False,abs_delta_mean
bag8,customer_satisfaction_in_airline,joint_groupby_combined,test_time_variant,M14_groupby,TabArena_IID,classification,3,False,86586,43294,21,16,5,0.7619047619047619,0.4966771,0.0063438979047851,DAUC < 0.55,source::customer_satisfaction_in_airline,,0.0056408237053047,0.005338869282852,0.0003019544224527,True,near_perfect_baseline,5.353020023809039,,5.341114634146245,,False,abs_delta_mean
bag8,customer_satisfaction_in_airline,joint_groupby_combined__sel_combined_intersection,test_time_variant,selective,TabArena_IID,classification,3,False,86586,43294,21,16,5,0.7619047619047619,0.4966771,0.0063438979047851,DAUC < 0.55,source::customer_satisfaction_in_airline,,0.0056408237053047,0.0056214506966613,1.9373008643445527e-05,True,near_perfect_baseline,0.3434429022347571,,0.3607845905181094,,False,abs_delta_mean
bag8,customer_satisfaction_in_airline,joint_groupby_combined__sel_combined_union,test_time_variant,selective,TabArena_IID,classification,3,False,86586,43294,21,16,5,0.7619047619047619,0.4966771,0.0063438979047851,DAUC < 0.55,source::customer_satisfaction_in_airline,,0.0056408237053047,0.0054067989928469,0.0002340247124578,True,near_perfect_baseline,4.14876841901176,,4.133487329518334,,False,abs_delta_mean
bag8,customer_satisfaction_in_airline,joint_groupby_mean_only,test_time_variant,M14_groupby,TabArena_IID,classification,3,False,86586,43294,21,16,5,0.7619047619047619,0.4966771,0.0063438979047851,DAUC < 0.55,source::customer_satisfaction_in_airline,,0.0056408237053047,0.0053765305800141,0.0002642931252906,True,near_perfect_baseline,4.685364037207702,,4.67861156556328,,False,abs_delta_mean
bag8,customer_satisfaction_in_airline,joint_groupby_separate,test_time_variant,M14_groupby,TabArena_IID,classification,3,False,86586,43294,21,16,5,0.7619047619047619,0.4966771,0.0063438979047851,DAUC < 0.55,source::customer_satisfaction_in_airline,,0.0056408237053047,0.0053481387741346,0.0002926849311701,True,near_perfect_baseline,5.188691341212005,,5.188162555854629,,False,abs_delta_mean
bag8,customer_satisfaction_in_airline,joint_pca_10,test_time_variant,M3_joint_pca,TabArena_IID,classification,3,False,86586,43294,21,16,5,0.7619047619047619,0.4966771,0.0063438979047851,DAUC < 0.55,source::customer_satisfaction_in_airline,,0.0056408237053047,0.0058856290341219,-0.0002448053288171,True,near_perfect_baseline,-4.339886186957976,,-4.354394556576875,,False,abs_delta_mean
bag8,customer_satisfaction_in_airline,joint_pca_5,test_time_variant,M3_joint_pca,TabArena_IID,classification,3,False,86586,43294,21,16,5,0.7619047619047619,0.4966771,0.0063438979047851,DAUC < 0.55,source::customer_satisfaction_in_airline,,0.0056408237053047,0.0058856290341219,-0.0002448053288171,True,near_perfect_baseline,-4.339886186957976,,-4.354394556576875,,False,abs_delta_mean
bag8,customer_satisfaction_in_airline,joint_pca_var90,test_time_variant,M3_joint_pca,TabArena_IID,classification,3,False,86586,43294,21,16,5,0.7619047619047619,0.4966771,0.0063438979047851,DAUC < 0.55,source::customer_satisfaction_in_airline,,0.0056408237053047,0.0058186995456982,-0.0001778758403934,True,near_perfect_baseline,-3.1533664174998632,,-3.160883606608252,,False,abs_delta_mean
bag8,customer_satisfaction_in_airline,joint_pca_var95,test_time_variant,M3_joint_pca,TabArena_IID,classification,3,False,86586,43294,21,16,5,0.7619047619047619,0.4966771,0.0063438979047851,DAUC < 0.55,source::customer_satisfaction_in_airline,,0.0056408237053047,0.0058186995456982,-0.0001778758403934,True,near_perfect_baseline,-3.1533664174998632,,-3.160883606608252,,False,abs_delta_mean
bag8,customer_satisfaction_in_airline,joint_scaling,test_time_variant,M5_joint_scaling,TabArena_IID,classification,3,False,86586,43294,21,16,5,0.7619047619047619,0.4966771,0.0063438979047851,DAUC < 0.55,source::customer_satisfaction_in_airline,,0.0056408237053047,0.0056256027478533,1.5220957451396918e-05,True,near_perfect_baseline,0.26983572340831,,0.2745096604995812,,False,abs_delta_mean
bag8,customer_satisfaction_in_airline,joint_tsne_2d_p30,test_time_variant,M3b_joint_tsne,TabArena_IID,classification,3,False,86586,43294,21,16,5,0.7619047619047619,0.4966771,0.0063438979047851,DAUC < 0.55,source::customer_satisfaction_in_airline,,0.0056408237053047,0.0059448770514085,-0.0003040533461038,True,near_perfect_baseline,-5.3902295478205,,-5.389115162940118,,False,abs_delta_mean
bag8,customer_satisfaction_in_airline,joint_tsne_2d_p50,test_time_variant,M3b_joint_tsne,TabArena_IID,classification,3,False,86586,43294,21,16,5,0.7619047619047619,0.4966771,0.0063438979047851,DAUC < 0.55,source::customer_satisfaction_in_airline,,0.0056408237053047,0.0059070214273314,-0.0002661977220266,True,near_perfect_baseline,-4.71912855167391,,-4.749976833341268,,False,abs_delta_mean
bag8,customer_satisfaction_in_airline,joint_tsne_3d_p30,test_time_variant,M3b_joint_tsne,TabArena_IID,classification,3,False,86586,43294,21,16,5,0.7619047619047619,0.4966771,0.0063438979047851,DAUC < 0.55,source::customer_satisfaction_in_airline,,0.0056408237053047,0.005937378543277,-0.0002965548379722,True,near_perfect_baseline,-5.257296690435156,,-5.282145897531677,,False,abs_delta_mean
bag8,customer_satisfaction_in_airline,label_prop_k10_a05,test_time_variant,M8_label_prop,TabArena_IID,classification,3,False,86586,43294,21,16,5,0.7619047619047619,0.4966771,0.0063438979047851,DAUC < 0.55,source::customer_satisfaction_in_airline,,0.0056408237053047,0.0060353627352368,-0.000394539029932,True,near_perfect_baseline,-6.99435136682241,,-7.03970732242464,,False,abs_delta_mean
bag8,customer_satisfaction_in_airline,label_prop_k15_a05,test_time_variant,M8_label_prop,TabArena_IID,classification,3,False,86586,43294,21,16,5,0.7619047619047619,0.4966771,0.0063438979047851,DAUC < 0.55,source::customer_satisfaction_in_airline,,0.0056408237053047,0.0060063692977721,-0.0003655455924673,True,near_perfect_baseline,-6.480358393821206,,-6.5664709091597615,,False,abs_delta_mean
bag8,customer_satisfaction_in_airline,label_prop_k15_a08,test_time_variant,M8_label_prop,TabArena_IID,classification,3,False,86586,43294,21,16,5,0.7619047619047619,0.4966771,0.0063438979047851,DAUC < 0.55,source::customer_satisfaction_in_airline,,0.0056408237053047,0.0060343866335367,-0.000393562928232,True,near_perfect_baseline,-6.977047126324605,,-7.033181202786878,,False,abs_delta_mean
bag8,customer_satisfaction_in_airline,label_prop_v3_adaptive,test_time_variant,M8_label_prop,TabArena_IID,classification,3,False,86586,43294,21,16,5,0.7619047619047619,0.4966771,0.0063438979047851,DAUC < 0.55,source::customer_satisfaction_in_airline,,0.0056408237053047,0.0062214423316676,-0.0005806186263628,True,near_perfect_baseline,-10.29315321123752,,-10.32487528751147,,False,abs_delta_mean
bag8,customer_satisfaction_in_airline,label_prop_v3_t005_k10,test_time_variant,M8_label_prop,TabArena_IID,classification,3,False,86586,43294,21,16,5,0.7619047619047619,0.4966771,0.0063438979047851,DAUC < 0.55,source::customer_satisfaction_in_airline,,0.0056408237053047,0.0061372248508802,-0.0004964011455754,True,near_perfect_baseline,-8.800153514966429,,-8.870583589717876,,False,abs_delta_mean
bag8,customer_satisfaction_in_airline,label_prop_v3_t005_k15,test_time_variant,M8_label_prop,TabArena_IID,classification,3,False,86586,43294,21,16,5,0.7619047619047619,0.4966771,0.0063438979047851,DAUC < 0.55,source::customer_satisfaction_in_airline,,0.0056408237053047,0.0061692142621089,-0.0005283905568042,True,near_perfect_baseline,-9.367258833267378,,-9.427564246306906,,False,abs_delta_mean
bag8,customer_satisfaction_in_airline,label_prop_v3_t01_k15,test_time_variant,M8_label_prop,TabArena_IID,classification,3,False,86586,43294,21,16,5,0.7619047619047619,0.4966771,0.0063438979047851,DAUC < 0.55,source::customer_satisfaction_in_airline,,0.0056408237053047,0.0061853558706285,-0.0005445321653237,True,near_perfect_baseline,-9.653415773509574,,-9.631942908757948,,False,abs_delta_mean
bag8,customer_satisfaction_in_airline,label_prop_weighted_adaptive_a05,test_time_variant,M8_label_prop,TabArena_IID,classification,3,False,86586,43294,21,16,5,0.7619047619047619,0.4966771,0.0063438979047851,DAUC < 0.55,source::customer_satisfaction_in_airline,,0.0056408237053047,0.0062287762503939,-0.0005879525450891,True,near_perfect_baseline,-10.423168242897145,,-10.471060281914577,,False,abs_delta_mean
bag8,customer_satisfaction_in_airline,label_prop_weighted_k10_a05,test_time_variant,M8_label_prop,TabArena_IID,classification,3,False,86586,43294,21,16,5,0.7619047619047619,0.4966771,0.0063438979047851,DAUC < 0.55,source::customer_satisfaction_in_airline,,0.0056408237053047,0.0061127092223988,-0.000471885517094,True,near_perfect_baseline,-8.365542724730902,,-8.383545646988159,,False,abs_delta_mean
bag8,customer_satisfaction_in_airline,label_prop_weighted_k15_a05,test_time_variant,M8_label_prop,TabArena_IID,classification,3,False,86586,43294,21,16,5,0.7619047619047619,0.4966771,0.0063438979047851,DAUC < 0.55,source::customer_satisfaction_in_airline,,0.0056408237053047,0.006145146083639,-0.0005043223783342,True,near_perfect_baseline,-8.940580395376596,,-8.943817157613937,,False,abs_delta_mean
bag8,customer_satisfaction_in_airline,label_prop_weighted_k15_a08,test_time_variant,M8_label_prop,TabArena_IID,classification,3,False,86586,43294,21,16,5,0.7619047619047619,0.4966771,0.0063438979047851,DAUC < 0.55,source::customer_satisfaction_in_airline,,0.0056408237053047,0.0060768197528459,-0.0004359960475411,True,near_perfect_baseline,-7.72929753381745,,-7.727111551656928,,False,abs_delta_mean
bag8,customer_satisfaction_in_airline,leaf_density_conf,test_time_variant,M18_leaf_density,TabArena_IID,classification,3,False,86586,43294,21,16,5,0.7619047619047619,0.4966771,0.0063438979047851,DAUC < 0.55,source::customer_satisfaction_in_airline,,0.0056408237053047,0.0057586256892506,-0.0001178019839458,True,near_perfect_baseline,-2.088382656509812,,-2.080963263430386,,False,abs_delta_mean
bag8,customer_satisfaction_in_airline,leaf_density_conf_cumshift,test_time_variant,M18_leaf_density,TabArena_IID,classification,3,False,86586,43294,21,16,5,0.7619047619047619,0.4966771,0.0063438979047851,DAUC < 0.55,source::customer_satisfaction_in_airline,,0.0056408237053047,0.0058457524278116,-0.0002049287225068,True,near_perfect_baseline,-3.63295740503572,,-3.657705267561082,,False,abs_delta_mean
bag8,customer_satisfaction_in_airline,leaf_density_conf_deep,test_time_variant,M18_leaf_density,TabArena_IID,classification,3,False,86586,43294,21,16,5,0.7619047619047619,0.4966771,0.0063438979047851,DAUC < 0.55,source::customer_satisfaction_in_airline,,0.0056408237053047,0.005826927786791,-0.0001861040814862,True,near_perfect_baseline,-3.299235913209742,,-3.3232442064362844,,False,abs_delta_mean
bag8,customer_satisfaction_in_airline,leaf_density_conf_shallow,test_time_variant,M18_leaf_density,TabArena_IID,classification,3,False,86586,43294,21,16,5,0.7619047619047619,0.4966771,0.0063438979047851,DAUC < 0.55,source::customer_satisfaction_in_airline,,0.0056408237053047,0.0057828268237975,-0.0001420031184927,True,near_perfect_baseline,-2.517418127413359,,-2.5101030453325026,,False,abs_delta_mean
bag8,customer_satisfaction_in_airline,leaf_density_embed_k10,test_time_variant,M18_leaf_density,TabArena_IID,classification,3,False,86586,43294,21,16,5,0.7619047619047619,0.4966771,0.0063438979047851,DAUC < 0.55,source::customer_satisfaction_in_airline,,0.0056408237053047,0.0060254887541311,-0.0003846650488263,True,near_perfect_baseline,-6.819306344649094,,-6.821543266369914,,False,abs_delta_mean
bag8,customer_satisfaction_in_airline,leaf_density_embed_k10_cumshift,test_time_variant,M18_leaf_density,TabArena_IID,classification,3,False,86586,43294,21,16,5,0.7619047619047619,0.4966771,0.0063438979047851,DAUC < 0.55,source::customer_satisfaction_in_airline,,0.0056408237053047,0.0060418350879748,-0.00040101138267,True,near_perfect_baseline,-7.109092636468867,,-7.088388925564446,,False,abs_delta_mean
bag8,customer_satisfaction_in_airline,leaf_density_embed_k20,test_time_variant,M18_leaf_density,TabArena_IID,classification,3,False,86586,43294,21,16,5,0.7619047619047619,0.4966771,0.0063438979047851,DAUC < 0.55,source::customer_satisfaction_in_airline,,0.0056408237053047,0.0062959467778282,-0.0006551230725234,True,near_perfect_baseline,-11.613961129601872,,-11.626832297888232,,False,abs_delta_mean
bag8,customer_satisfaction_in_airline,leaf_density_embed_k5,test_time_variant,M18_leaf_density,TabArena_IID,classification,3,False,86586,43294,21,16,5,0.7619047619047619,0.4966771,0.0063438979047851,DAUC < 0.55,source::customer_satisfaction_in_airline,,0.0056408237053047,0.0058854787435048,-0.0002446550382,True,near_perfect_baseline,-4.337221848823131,,-4.364941495462538,,False,abs_delta_mean
bag8,customer_satisfaction_in_airline,nearest_test_k10_both,test_time_variant,M16_nearest_test_dist,TabArena_IID,classification,3,False,86586,43294,21,16,5,0.7619047619047619,0.4966771,0.0063438979047851,DAUC < 0.55,source::customer_satisfaction_in_airline,,0.0056408237053047,0.006132778707437,-0.0004919550021322,True,near_perfect_baseline,-8.721332695959994,,-8.685584883340292,,False,abs_delta_mean
bag8,customer_satisfaction_in_airline,nearest_test_k10_cumshift_both,test_time_variant,M16_nearest_test_dist,TabArena_IID,classification,3,False,86586,43294,21,16,5,0.7619047619047619,0.4966771,0.0063438979047851,DAUC < 0.55,source::customer_satisfaction_in_airline,,0.0056408237053047,0.0061080398118904,-0.0004672161065856,True,near_perfect_baseline,-8.282763847881165,,-8.306386523202757,,False,abs_delta_mean
bag8,customer_satisfaction_in_airline,nearest_test_k10_filter_both,test_time_variant,M16_nearest_test_dist,TabArena_IID,classification,3,False,86586,43294,21,16,5,0.7619047619047619,0.4966771,0.0063438979047851,DAUC < 0.55,source::customer_satisfaction_in_airline,,0.0056408237053047,0.005955478564213,-0.0003146548589082,True,near_perfect_baseline,-5.578172184540609,,-5.637115012135368,,False,abs_delta_mean
bag8,customer_satisfaction_in_airline,nearest_test_k5_both,test_time_variant,M16_nearest_test_dist,TabArena_IID,classification,3,False,86586,43294,21,16,5,0.7619047619047619,0.4966771,0.0063438979047851,DAUC < 0.55,source::customer_satisfaction_in_airline,,0.0056408237053047,0.0060733087809557,-0.0004324850756509,True,near_perfect_baseline,-7.667055349455612,,-7.639076895455724,,False,abs_delta_mean
bag8,customer_satisfaction_in_airline,nearest_test_rel_k10_both,test_time_variant,M16_nearest_test_dist,TabArena_IID,classification,3,False,86586,43294,21,16,5,0.7619047619047619,0.4966771,0.0063438979047851,DAUC < 0.55,source::customer_satisfaction_in_airline,,0.0056408237053047,0.0061834582241724,-0.0005426345188676,True,near_perfect_baseline,-9.619774472961584,,-9.57025344884548,,False,abs_delta_mean
bag8,customer_satisfaction_in_airline,nearest_test_rel_k10_cumshift_both,test_time_variant,M16_nearest_test_dist,TabArena_IID,classification,3,False,86586,43294,21,16,5,0.7619047619047619,0.4966771,0.0063438979047851,DAUC < 0.55,source::customer_satisfaction_in_airline,,0.0056408237053047,0.0061244654455117,-0.0004836417402069,True,near_perfect_baseline,-8.573955958810036,,-8.543888337858517,,False,abs_delta_mean
bag8,customer_satisfaction_in_airline,nearest_test_rel_k5_both,test_time_variant,M16_nearest_test_dist,TabArena_IID,classification,3,False,86586,43294,21,16,5,0.7619047619047619,0.4966771,0.0063438979047851,DAUC < 0.55,source::customer_satisfaction_in_airline,,0.0056408237053047,0.0060395539818591,-0.0003987302765543,True,near_perfect_baseline,-7.068653398604442,,-7.029813333333618,,False,abs_delta_mean
bag8,customer_satisfaction_in_airline,neighbor_consensus_k10_dist,test_time_variant,M19_neighbor_consensus,TabArena_IID,classification,3,False,86586,43294,21,16,5,0.7619047619047619,0.4966771,0.0063438979047851,DAUC < 0.55,source::customer_satisfaction_in_airline,,0.0056408237053047,0.0065228703941598,-0.000882046688855,True,near_perfect_baseline,-15.636841974435669,,-15.591928340690105,,False,abs_delta_mean
bag8,customer_satisfaction_in_airline,neighbor_consensus_k10_dist_cumshift,test_time_variant,M19_neighbor_consensus,TabArena_IID,classification,3,False,86586,43294,21,16,5,0.7619047619047619,0.4966771,0.0063438979047851,DAUC < 0.55,source::customer_satisfaction_in_airline,,0.0056408237053047,0.0065120388213821,-0.0008712151160773,True,near_perfect_baseline,-15.444820855827706,,-15.40212270914052,,False,abs_delta_mean
bag8,customer_satisfaction_in_airline,neighbor_consensus_k10_uniform,test_time_variant,M19_neighbor_consensus,TabArena_IID,classification,3,False,86586,43294,21,16,5,0.7619047619047619,0.4966771,0.0063438979047851,DAUC < 0.55,source::customer_satisfaction_in_airline,,0.0056408237053047,0.0065773770537494,-0.0009365533484446,True,near_perfect_baseline,-16.603130985354262,,-16.551633158569974,,False,abs_delta_mean
bag8,customer_satisfaction_in_airline,neighbor_consensus_k20_dist,test_time_variant,M19_neighbor_consensus,TabArena_IID,classification,3,False,86586,43294,21,16,5,0.7619047619047619,0.4966771,0.0063438979047851,DAUC < 0.55,source::customer_satisfaction_in_airline,,0.0056408237053047,0.0065507440626968,-0.000909920357392,True,near_perfect_baseline,-16.130983787638993,,-16.07074456636273,,False,abs_delta_mean
bag8,customer_satisfaction_in_airline,neighbor_consensus_k5_dist,test_time_variant,M19_neighbor_consensus,TabArena_IID,classification,3,False,86586,43294,21,16,5,0.7619047619047619,0.4966771,0.0063438979047851,DAUC < 0.55,source::customer_satisfaction_in_airline,,0.0056408237053047,0.0065861469929017,-0.0009453232875969,True,near_perfect_baseline,-16.7586036540719,,-16.73411972614607,,False,abs_delta_mean
bag8,customer_satisfaction_in_airline,neighbor_consensus_k5_dist_cumshift,test_time_variant,M19_neighbor_consensus,TabArena_IID,classification,3,False,86586,43294,21,16,5,0.7619047619047619,0.4966771,0.0063438979047851,DAUC < 0.55,source::customer_satisfaction_in_airline,,0.0056408237053047,0.0065809609508378,-0.000940137245533,True,near_perfect_baseline,-16.666665980873194,,-16.676450892088752,,False,abs_delta_mean
bag8,customer_satisfaction_in_airline,ot_disp_v2_selective,test_time_variant,M9_ot_displacement,TabArena_IID,classification,3,False,86586,43294,21,16,5,0.7619047619047619,0.4966771,0.0063438979047851,DAUC < 0.55,source::customer_satisfaction_in_airline,,0.0056408237053047,0.0057352324548662,-9.440874956149574e-05,True,near_perfect_baseline,-1.6736695648316626,,-1.6926374976825764,,False,abs_delta_mean
bag8,customer_satisfaction_in_airline,ot_disp_v2_selective_abs,test_time_variant,M9_ot_displacement,TabArena_IID,classification,3,False,86586,43294,21,16,5,0.7619047619047619,0.4966771,0.0063438979047851,DAUC < 0.55,source::customer_satisfaction_in_airline,,0.0056408237053047,0.005684241429817,-4.341772451225504e-05,True,near_perfect_baseline,-0.7697053973061425,,-0.7821813962313623,,False,abs_delta_mean
bag8,customer_satisfaction_in_airline,ot_disp_v2_selective_and_summary,test_time_variant,M9_ot_displacement,TabArena_IID,classification,3,False,86586,43294,21,16,5,0.7619047619047619,0.4966771,0.0063438979047851,DAUC < 0.55,source::customer_satisfaction_in_airline,,0.0056408237053047,0.0057603930214744,-0.0001195693161696,True,near_perfect_baseline,-2.119713758421893,,-2.128406450615698,,False,abs_delta_mean
bag8,customer_satisfaction_in_airline,ot_disp_v2_selective_and_summary_abs,test_time_variant,M9_ot_displacement,TabArena_IID,classification,3,False,86586,43294,21,16,5,0.7619047619047619,0.4966771,0.0063438979047851,DAUC < 0.55,source::customer_satisfaction_in_airline,,0.0056408237053047,0.0057032071264521,-6.238342114731991e-05,True,near_perfect_baseline,-1.1059275099956238,,-1.116448942137161,,False,abs_delta_mean
bag8,customer_satisfaction_in_airline,ot_disp_v2_selective_and_summary_top10,test_time_variant,M9_ot_displacement,TabArena_IID,classification,3,False,86586,43294,21,16,5,0.7619047619047619,0.4966771,0.0063438979047851,DAUC < 0.55,source::customer_satisfaction_in_airline,,0.0056408237053047,0.0057603930214744,-0.0001195693161696,True,near_perfect_baseline,-2.119713758421893,,-2.128406450615698,,False,abs_delta_mean
bag8,customer_satisfaction_in_airline,ot_disp_v2_selective_top10,test_time_variant,M9_ot_displacement,TabArena_IID,classification,3,False,86586,43294,21,16,5,0.7619047619047619,0.4966771,0.0063438979047851,DAUC < 0.55,source::customer_satisfaction_in_airline,,0.0056408237053047,0.0057352324548662,-9.440874956149574e-05,True,near_perfect_baseline,-1.6736695648316626,,-1.6926374976825764,,False,abs_delta_mean
bag8,customer_satisfaction_in_airline,ot_disp_v2_summary_only,test_time_variant,M9_ot_displacement,TabArena_IID,classification,3,False,86586,43294,21,16,5,0.7619047619047619,0.4966771,0.0063438979047851,DAUC < 0.55,source::customer_satisfaction_in_airline,,0.0056408237053047,0.0056800618286273,-3.923812332251586e-05,True,near_perfect_baseline,-0.6956098146732576,,-0.7002587159777814,,False,abs_delta_mean
bag8,customer_satisfaction_in_airline,ot_displacement_mag,test_time_variant,M9_ot_displacement,TabArena_IID,classification,3,False,86586,43294,21,16,5,0.7619047619047619,0.4966771,0.0063438979047851,DAUC < 0.55,source::customer_satisfaction_in_airline,,0.0056408237053047,0.0058936249318376,-0.0002528012265328,True,near_perfect_baseline,-4.481636720806399,,-4.508545645712354,,False,abs_delta_mean
bag8,customer_satisfaction_in_airline,ot_displacement_no_mag,test_time_variant,M9_ot_displacement,TabArena_IID,classification,3,False,86586,43294,21,16,5,0.7619047619047619,0.4966771,0.0063438979047851,DAUC < 0.55,source::customer_satisfaction_in_airline,,0.0056408237053047,0.0059743195478558,-0.000333495842551,True,near_perfect_baseline,-5.9121833968571,,-5.898504317925216,,False,abs_delta_mean
bag8,customer_satisfaction_in_airline,pca_train_only_10,train_only_version,baselines,TabArena_IID,classification,3,False,86586,43294,21,16,5,0.7619047619047619,0.4966771,0.0063438979047851,DAUC < 0.55,source::customer_satisfaction_in_airline,,0.0056408237053047,0.0058650987814553,-0.0002242750761505,True,near_perfect_baseline,-3.9759277699037385,,-3.992010476588289,,False,abs_delta_mean
bag8,customer_satisfaction_in_airline,pca_train_only_5,train_only_version,baselines,TabArena_IID,classification,3,False,86586,43294,21,16,5,0.7619047619047619,0.4966771,0.0063438979047851,DAUC < 0.55,source::customer_satisfaction_in_airline,,0.0056408237053047,0.0058650987814553,-0.0002242750761505,True,near_perfect_baseline,-3.9759277699037385,,-3.992010476588289,,False,abs_delta_mean
bag8,customer_satisfaction_in_airline,pca_train_only_var90,train_only_version,baselines,TabArena_IID,classification,3,False,86586,43294,21,16,5,0.7619047619047619,0.4966771,0.0063438979047851,DAUC < 0.55,source::customer_satisfaction_in_airline,,0.0056408237053047,0.0058157027059337,-0.0001748790006289,True,near_perfect_baseline,-3.1002387198255588,,-3.1015111912621705,,False,abs_delta_mean
bag8,customer_satisfaction_in_airline,pca_train_only_var95,train_only_version,baselines,TabArena_IID,classification,3,False,86586,43294,21,16,5,0.7619047619047619,0.4966771,0.0063438979047851,DAUC < 0.55,source::customer_satisfaction_in_airline,,0.0056408237053047,0.0058157027059337,-0.0001748790006289,True,near_perfect_baseline,-3.1002387198255588,,-3.1015111912621705,,False,abs_delta_mean
bag8,customer_satisfaction_in_airline,pseudo_label_lgbm_conf80_iter5,test_time_variant,M7_pseudo_label,TabArena_IID,classification,3,False,86586,43294,21,16,5,0.7619047619047619,0.4966771,0.0063438979047851,DAUC < 0.55,source::customer_satisfaction_in_airline,,0.0056408237053047,0.0057489102583092,-0.0001080865530044,True,near_perfect_baseline,-1.916148396958046,,-1.907295490634224,,False,abs_delta_mean
bag8,customer_satisfaction_in_airline,pseudo_label_lgbm_conf90_iter1,test_time_variant,M7_pseudo_label,TabArena_IID,classification,3,False,86586,43294,21,16,5,0.7619047619047619,0.4966771,0.0063438979047851,DAUC < 0.55,source::customer_satisfaction_in_airline,,0.0056408237053047,0.0056714532299324,-3.0629524627660366e-05,True,near_perfect_baseline,-0.5429973746361859,,-0.5328898489822524,,False,abs_delta_mean
bag8,customer_satisfaction_in_airline,pseudo_label_lgbm_conf90_iter3,test_time_variant,M7_pseudo_label,TabArena_IID,classification,3,False,86586,43294,21,16,5,0.7619047619047619,0.4966771,0.0063438979047851,DAUC < 0.55,source::customer_satisfaction_in_airline,,0.0056408237053047,0.0056993841780269,-5.856047272219852e-05,True,near_perfect_baseline,-1.0381546345284134,,-1.024951675516209,,False,abs_delta_mean
bag8,customer_satisfaction_in_airline,pseudo_label_lgbm_conf95_iter3,test_time_variant,M7_pseudo_label,TabArena_IID,classification,3,False,86586,43294,21,16,5,0.7619047619047619,0.4966771,0.0063438979047851,DAUC < 0.55,source::customer_satisfaction_in_airline,,0.0056408237053047,0.0056469808547513,-6.157149446517352e-06,True,near_perfect_baseline,-0.109153374900318,,-0.0979547778747718,,False,abs_delta_mean
bag8,customer_satisfaction_in_airline,pseudo_label_v2_cal_iso_wfixed_conf90,test_time_variant,M7_pseudo_label,TabArena_IID,classification,3,False,86586,43294,21,16,5,0.7619047619047619,0.4966771,0.0063438979047851,DAUC < 0.55,source::customer_satisfaction_in_airline,,0.0056408237053047,0.0056887746114277,-4.795090612293625e-05,True,near_perfect_baseline,-0.8500692208806739,,-0.8413473396813608,,False,abs_delta_mean
bag8,customer_satisfaction_in_airline,pseudo_label_v2_cal_iso_wprop_conf85,test_time_variant,M7_pseudo_label,TabArena_IID,classification,3,False,86586,43294,21,16,5,0.7619047619047619,0.4966771,0.0063438979047851,DAUC < 0.55,source::customer_satisfaction_in_airline,,0.0056408237053047,0.0058050617286913,-0.0001642380233865,True,near_perfect_baseline,-2.9115964612068725,,-2.9034770795423253,,False,abs_delta_mean
bag8,customer_satisfaction_in_airline,pseudo_label_v2_cal_iso_wprop_conf90,test_time_variant,M7_pseudo_label,TabArena_IID,classification,3,False,86586,43294,21,16,5,0.7619047619047619,0.4966771,0.0063438979047851,DAUC < 0.55,source::customer_satisfaction_in_airline,,0.0056408237053047,0.0057493653290791,-0.0001085416237743,True,near_perfect_baseline,-1.9242158494028256,,-1.9126010117913133,,False,abs_delta_mean
bag8,customer_satisfaction_in_airline,pseudo_label_v2_cal_iso_wquad_conf90,test_time_variant,M7_pseudo_label,TabArena_IID,classification,3,False,86586,43294,21,16,5,0.7619047619047619,0.4966771,0.0063438979047851,DAUC < 0.55,source::customer_satisfaction_in_airline,,0.0056408237053047,0.0057457228410146,-0.0001048991357098,True,near_perfect_baseline,-1.85964215848818,,-1.842817291584341,,False,abs_delta_mean
bag8,customer_satisfaction_in_airline,pseudo_label_v2_cal_platt_wprop_conf90,test_time_variant,M7_pseudo_label,TabArena_IID,classification,3,False,86586,43294,21,16,5,0.7619047619047619,0.4966771,0.0063438979047851,DAUC < 0.55,source::customer_satisfaction_in_airline,,0.0056408237053047,0.0059121336383641,-0.0002713099330593,True,near_perfect_baseline,-4.809757355192676,,-4.817091281480457,,False,abs_delta_mean
bag8,customer_satisfaction_in_airline,target_enc_absolute,test_time_variant,M4_target_encoding,TabArena_IID,classification,3,False,86586,43294,21,16,5,0.7619047619047619,0.4966771,0.0063438979047851,DAUC < 0.55,source::customer_satisfaction_in_airline,,0.0056408237053047,0.0054480912281517,0.000192732477153,True,near_perfect_baseline,3.4167434974398825,,3.42225131815792,,False,abs_delta_mean
bag8,customer_satisfaction_in_airline,target_enc_diff,test_time_variant,M4_target_encoding,TabArena_IID,classification,3,False,86586,43294,21,16,5,0.7619047619047619,0.4966771,0.0063438979047851,DAUC < 0.55,source::customer_satisfaction_in_airline,,0.0056408237053047,0.0054301762579554,0.0002106474473493,True,near_perfect_baseline,3.73433842917717,,3.7237538594614654,,False,abs_delta_mean
bag8,customer_satisfaction_in_airline,target_enc_inv_ratio,test_time_variant,M4_target_encoding,TabArena_IID,classification,3,False,86586,43294,21,16,5,0.7619047619047619,0.4966771,0.0063438979047851,DAUC < 0.55,source::customer_satisfaction_in_airline,,0.0056408237053047,0.0054535568977993,0.0001872668075054,True,near_perfect_baseline,3.319848612346447,,3.3126275330591493,,False,abs_delta_mean
bag8,customer_satisfaction_in_airline,target_enc_oof_absolute,test_time_variant,M4_target_encoding,TabArena_IID,classification,3,False,86586,43294,21,16,5,0.7619047619047619,0.4966771,0.0063438979047851,DAUC < 0.55,source::customer_satisfaction_in_airline,,0.0056408237053047,0.0056744476665862,-3.362396128140747e-05,True,near_perfect_baseline,-0.5960824701858136,,-0.6367538416195241,,False,abs_delta_mean
bag8,customer_satisfaction_in_airline,target_enc_oof_diff,test_time_variant,M4_target_encoding,TabArena_IID,classification,3,False,86586,43294,21,16,5,0.7619047619047619,0.4966771,0.0063438979047851,DAUC < 0.55,source::customer_satisfaction_in_airline,,0.0056408237053047,0.0056555786226526,-1.475491734785154e-05,True,near_perfect_baseline,-0.2615738076333759,,-0.2972443336875864,,False,abs_delta_mean
bag8,customer_satisfaction_in_airline,target_enc_oof_inv_ratio,test_time_variant,M4_target_encoding,TabArena_IID,classification,3,False,86586,43294,21,16,5,0.7619047619047619,0.4966771,0.0063438979047851,DAUC < 0.55,source::customer_satisfaction_in_airline,,0.0056408237053047,0.0056634994488127,-2.2675743507930928e-05,True,near_perfect_baseline,-0.4019934798991553,,-0.4536880035535009,,False,abs_delta_mean
bag8,customer_satisfaction_in_airline,target_enc_oof_ratio,test_time_variant,M4_target_encoding,TabArena_IID,classification,3,False,86586,43294,21,16,5,0.7619047619047619,0.4966771,0.0063438979047851,DAUC < 0.55,source::customer_satisfaction_in_airline,,0.0056408237053047,0.0056785464429047,-3.772273759994338e-05,True,near_perfect_baseline,-0.6687451969907838,,-0.700579482542972,,False,abs_delta_mean
bag8,customer_satisfaction_in_airline,target_enc_oof_ratio_cap5,test_time_variant,M4_target_encoding,TabArena_IID,classification,3,False,86586,43294,21,16,5,0.7619047619047619,0.4966771,0.0063438979047851,DAUC < 0.55,source::customer_satisfaction_in_airline,,0.0056408237053047,0.0056785464429047,-3.772273759994338e-05,True,near_perfect_baseline,-0.6687451969907838,,-0.700579482542972,,False,abs_delta_mean
bag8,customer_satisfaction_in_airline,target_enc_ratio,test_time_variant,M4_target_encoding,TabArena_IID,classification,3,False,86586,43294,21,16,5,0.7619047619047619,0.4966771,0.0063438979047851,DAUC < 0.55,source::customer_satisfaction_in_airline,,0.0056408237053047,0.0054471508602368,0.0001936728450679,True,near_perfect_baseline,3.4334142527067115,,3.4340634918540265,,False,abs_delta_mean
bag8,customer_satisfaction_in_airline,target_enc_ratio__sel_combined_intersection,test_time_variant,selective,TabArena_IID,classification,3,False,86586,43294,21,16,5,0.7619047619047619,0.4966771,0.0063438979047851,DAUC < 0.55,source::customer_satisfaction_in_airline,,0.0056408237053047,0.0055800712340046,6.075247130014431e-05,True,near_perfect_baseline,1.0770141822197057,,1.0860310545583032,,False,abs_delta_mean
bag8,customer_satisfaction_in_airline,target_enc_ratio__sel_combined_union,test_time_variant,selective,TabArena_IID,classification,3,False,86586,43294,21,16,5,0.7619047619047619,0.4966771,0.0063438979047851,DAUC < 0.55,source::customer_satisfaction_in_airline,,0.0056408237053047,0.0054411664622751,0.0001996572430296,True,near_perfect_baseline,3.539505105289661,,3.5386918982236764,,False,abs_delta_mean
bag8,customer_satisfaction_in_airline,target_enc_ratio_cap5,test_time_variant,M4_target_encoding,TabArena_IID,classification,3,False,86586,43294,21,16,5,0.7619047619047619,0.4966771,0.0063438979047851,DAUC < 0.55,source::customer_satisfaction_in_airline,,0.0056408237053047,0.0054471508602368,0.0001936728450679,True,near_perfect_baseline,3.4334142527067115,,3.4340634918540265,,False,abs_delta_mean
bag8,customer_satisfaction_in_airline,target_enc_standard_m10,train_only_version,baselines,TabArena_IID,classification,3,False,86586,43294,21,16,5,0.7619047619047619,0.4966771,0.0063438979047851,DAUC < 0.55,source::customer_satisfaction_in_airline,,0.0056408237053047,0.0054301762579554,0.0002106474473493,True,near_perfect_baseline,3.73433842917717,,3.7237538594614654,,False,abs_delta_mean
bag8,customer_satisfaction_in_airline,target_enc_standard_m20,train_only_version,baselines,TabArena_IID,classification,3,False,86586,43294,21,16,5,0.7619047619047619,0.4966771,0.0063438979047851,DAUC < 0.55,source::customer_satisfaction_in_airline,,0.0056408237053047,0.0054339951001132,0.0002068286051915,True,near_perfect_baseline,3.6666383492372994,,3.6621363118750345,,False,abs_delta_mean
bag8,customer_satisfaction_in_airline,target_enc_standard_m5,train_only_version,baselines,TabArena_IID,classification,3,False,86586,43294,21,16,5,0.7619047619047619,0.4966771,0.0063438979047851,DAUC < 0.55,source::customer_satisfaction_in_airline,,0.0056408237053047,0.0054464373079553,0.0001943863973494,True,near_perfect_baseline,3.446064041437712,,3.435423508754396,,False,abs_delta_mean
bag8,customer_satisfaction_in_airline,targeted_groupby_top3,test_time_variant,M14_groupby,TabArena_IID,classification,3,False,86586,43294,21,16,5,0.7619047619047619,0.4966771,0.0063438979047851,DAUC < 0.55,source::customer_satisfaction_in_airline,,0.0056408237053047,0.0057939608329877,-0.0001531371276829,True,near_perfect_baseline,-2.7148008107201465,,-2.698534281478084,,False,abs_delta_mean
bag8,customer_satisfaction_in_airline,targeted_groupby_top3_shifted_agg,test_time_variant,M14_groupby,TabArena_IID,classification,3,False,86586,43294,21,16,5,0.7619047619047619,0.4966771,0.0063438979047851,DAUC < 0.55,source::customer_satisfaction_in_airline,,0.0056408237053047,0.0057365194997409,-9.569579443617177e-05,True,near_perfect_baseline,-1.6964861771194326,,-1.67423650314368,,False,abs_delta_mean
bag8,customer_satisfaction_in_airline,targeted_groupby_top5,test_time_variant,M14_groupby,TabArena_IID,classification,3,False,86586,43294,21,16,5,0.7619047619047619,0.4966771,0.0063438979047851,DAUC < 0.55,source::customer_satisfaction_in_airline,,0.0056408237053047,0.0057982733722491,-0.0001574496669443,True,near_perfect_baseline,-2.7912531071701294,,-2.78729805456212,,False,abs_delta_mean
bag8,customer_satisfaction_in_airline,targeted_groupby_top5_shifted_agg,test_time_variant,M14_groupby,TabArena_IID,classification,3,False,86586,43294,21,16,5,0.7619047619047619,0.4966771,0.0063438979047851,DAUC < 0.55,source::customer_satisfaction_in_airline,,0.0056408237053047,0.0056929750023174,-5.215129701267399e-05,True,near_perfect_baseline,-0.924533361388864,,-0.9041567183722412,,False,abs_delta_mean
bag8,customer_satisfaction_in_airline,tdda_k10_lam07_aug1,test_time_variant,M17_tdda,TabArena_IID,classification,3,False,86586,43294,21,16,5,0.7619047619047619,0.4966771,0.0063438979047851,DAUC < 0.55,source::customer_satisfaction_in_airline,,0.0056408237053047,0.0057104477491244,-6.962404381967897e-05,True,near_perfect_baseline,-1.2342885978550098,,-1.2311924044880256,,False,abs_delta_mean
bag8,customer_satisfaction_in_airline,tdda_k5_lam06_aug1,test_time_variant,M17_tdda,TabArena_IID,classification,3,False,86586,43294,21,16,5,0.7619047619047619,0.4966771,0.0063438979047851,DAUC < 0.55,source::customer_satisfaction_in_airline,,0.0056408237053047,0.0056539948614124,-1.3171156107623837e-05,True,near_perfect_baseline,-0.2334970351092141,,-0.2384013093018545,,False,abs_delta_mean
bag8,customer_satisfaction_in_airline,tdda_k5_lam07_aug1,test_time_variant,M17_tdda,TabArena_IID,classification,3,False,86586,43294,21,16,5,0.7619047619047619,0.4966771,0.0063438979047851,DAUC < 0.55,source::customer_satisfaction_in_airline,,0.0056408237053047,0.0057104477491244,-6.962404381967897e-05,True,near_perfect_baseline,-1.2342885978550098,,-1.2311924044880256,,False,abs_delta_mean
bag8,customer_satisfaction_in_airline,tdda_k5_lam07_aug1_cumshift,test_time_variant,M17_tdda,TabArena_IID,classification,3,False,86586,43294,21,16,5,0.7619047619047619,0.4966771,0.0063438979047851,DAUC < 0.55,source::customer_satisfaction_in_airline,,0.0056408237053047,0.0057656417067549,-0.0001248180014501,True,near_perfect_baseline,-2.2127619647592502,,-2.2124238478997804,,False,abs_delta_mean
bag8,customer_satisfaction_in_airline,tdda_k5_lam07_aug2,test_time_variant,M17_tdda,TabArena_IID,classification,3,False,86586,43294,21,16,5,0.7619047619047619,0.4966771,0.0063438979047851,DAUC < 0.55,source::customer_satisfaction_in_airline,,0.0056408237053047,0.0057743108191819,-0.0001334871138771,True,near_perfect_baseline,-2.366447186633427,,-2.3564978672915284,,False,abs_delta_mean
bag8,customer_satisfaction_in_airline,tdda_k5_lam08_aug1,test_time_variant,M17_tdda,TabArena_IID,classification,3,False,86586,43294,21,16,5,0.7619047619047619,0.4966771,0.0063438979047851,DAUC < 0.55,source::customer_satisfaction_in_airline,,0.0056408237053047,0.0058396363451732,-0.0001988126398684,True,near_perfect_baseline,-3.52453205870442,,-3.495591694653786,,False,abs_delta_mean
bag8,customer_satisfaction_in_airline,tdda_v2_k10_lam07_pfl_dw,test_time_variant,M17_tdda,TabArena_IID,classification,3,False,86586,43294,21,16,5,0.7619047619047619,0.4966771,0.0063438979047851,DAUC < 0.55,source::customer_satisfaction_in_airline,,0.0056408237053047,0.006154655135062,-0.0005138314297572,True,near_perfect_baseline,-9.109155977946829,,-9.103546848080542,,False,abs_delta_mean
bag8,customer_satisfaction_in_airline,tdda_v2_k5_lam06_pfl_dw,test_time_variant,M17_tdda,TabArena_IID,classification,3,False,86586,43294,21,16,5,0.7619047619047619,0.4966771,0.0063438979047851,DAUC < 0.55,source::customer_satisfaction_in_airline,,0.0056408237053047,0.0061665467384363,-0.0005257230331315,True,near_perfect_baseline,-9.31996922075596,,-9.310796092970422,,False,abs_delta_mean
bag8,customer_satisfaction_in_airline,tdda_v2_k5_lam07_nopfl_dw,test_time_variant,M17_tdda,TabArena_IID,classification,3,False,86586,43294,21,16,5,0.7619047619047619,0.4966771,0.0063438979047851,DAUC < 0.55,source::customer_satisfaction_in_airline,,0.0056408237053047,0.0058075336240399,-0.0001667099187352,True,near_perfect_baseline,-2.9554179929152258,,-2.9438362761328665,,False,abs_delta_mean
bag8,customer_satisfaction_in_airline,tdda_v2_k5_lam07_pfl_dw,test_time_variant,M17_tdda,TabArena_IID,classification,3,False,86586,43294,21,16,5,0.7619047619047619,0.4966771,0.0063438979047851,DAUC < 0.55,source::customer_satisfaction_in_airline,,0.0056408237053047,0.006154655135062,-0.0005138314297572,True,near_perfect_baseline,-9.109155977946829,,-9.103546848080542,,False,abs_delta_mean
bag8,customer_satisfaction_in_airline,tdda_v2_k5_lam07_pfl_dw_cumshift,test_time_variant,M17_tdda,TabArena_IID,classification,3,False,86586,43294,21,16,5,0.7619047619047619,0.4966771,0.0063438979047851,DAUC < 0.55,source::customer_satisfaction_in_airline,,0.0056408237053047,0.0061338203910031,-0.0004929966856983,True,near_perfect_baseline,-8.739799565703965,,-8.727729204577736,,False,abs_delta_mean
bag8,customer_satisfaction_in_airline,tdda_v2_k5_lam07_pfl_nodw,test_time_variant,M17_tdda,TabArena_IID,classification,3,False,86586,43294,21,16,5,0.7619047619047619,0.4966771,0.0063438979047851,DAUC < 0.55,source::customer_satisfaction_in_airline,,0.0056408237053047,0.0060959340667679,-0.0004551103614631,True,near_perfect_baseline,-8.06815432000072,,-8.062264076791381,,False,abs_delta_mean
bag8,customer_satisfaction_in_airline,train_only_scaling,train_only_version,baselines,TabArena_IID,classification,3,False,86586,43294,21,16,5,0.7619047619047619,0.4966771,0.0063438979047851,DAUC < 0.55,source::customer_satisfaction_in_airline,,0.0056408237053047,0.0056232336836212,1.7590021683555612e-05,True,near_perfect_baseline,0.3118342746115863,,0.3155286405704778,,False,abs_delta_mean
bag8,splice,adversarial_lgbm_both_ratio,test_time_variant,M6_adversarial,TabArena_IID,classification,3,False,2126,1064,60,60,0,1.0,0.4935215615848055,0.0,DAUC < 0.55,source::splice,,0.0052733804611511,0.0067214053489125,-0.0014480248877613,True,near_perfect_baseline,-27.45913932114201,,-27.602764775029936,,False,abs_delta_mean
bag8,splice,adversarial_lgbm_cal_iso_both_ratio,test_time_variant,M6_adversarial,TabArena_IID,classification,3,False,2126,1064,60,60,0,1.0,0.4935215615848055,0.0,DAUC < 0.55,source::splice,,0.0052733804611511,0.0056669725505931,-0.0003935920894419,True,near_perfect_baseline,-7.463752944464229,,-6.299210156211018,,False,abs_delta_mean
bag8,splice,adversarial_lgbm_cal_iso_feature,test_time_variant,M6_adversarial,TabArena_IID,classification,3,False,2126,1064,60,60,0,1.0,0.4935215615848055,0.0,DAUC < 0.55,source::splice,,0.0052733804611511,0.0056834005775305,-0.0004100201163794,True,near_perfect_baseline,-7.775280380394366,,-6.399567898892028,,False,abs_delta_mean
bag8,splice,adversarial_lgbm_cal_platt_feature,test_time_variant,M6_adversarial,TabArena_IID,classification,3,False,2126,1064,60,60,0,1.0,0.4935215615848055,0.0,DAUC < 0.55,source::splice,,0.0052733804611511,0.0070068531946104,-0.0017334727334592,True,near_perfect_baseline,-32.87213479531201,,-35.49665774662884,,False,abs_delta_mean
bag8,splice,adversarial_lgbm_feature,test_time_variant,M6_adversarial,TabArena_IID,classification,3,False,2126,1064,60,60,0,1.0,0.4935215615848055,0.0,DAUC < 0.55,source::splice,,0.0052733804611511,0.0064676539265545,-0.0011942734654034,True,near_perfect_baseline,-22.64720845009391,,-22.68276340191333,,False,abs_delta_mean
bag8,splice,adversarial_logreg_feature,test_time_variant,M6_adversarial,TabArena_IID,classification,3,False,2126,1064,60,60,0,1.0,0.4935215615848055,0.0,DAUC < 0.55,source::splice,,0.0052733804611511,0.0061717834581492,-0.000898402996998,True,near_perfect_baseline,-17.036567029756473,,-15.039980966433369,,False,abs_delta_mean
bag8,splice,adversarial_reweight_lgbm_cal_iso_ratio_hard,test_time_variant,M6_adversarial,TabArena_IID,classification,3,False,2126,1064,60,60,0,1.0,0.4935215615848055,0.0,DAUC < 0.55,source::splice,,0.0052733804611511,0.0052528469675636,2.0533493587548968e-05,True,near_perfect_baseline,0.3893800900355789,,0.3188846795514594,,False,abs_delta_mean
bag8,splice,adversarial_reweight_lgbm_cal_iso_ratio_hard_tempered,test_time_variant,M6_adversarial,TabArena_IID,classification,3,False,2126,1064,60,60,0,1.0,0.4935215615848055,0.0,DAUC < 0.55,source::splice,,0.0052733804611511,0.0052876906189988,-1.4310157847733745e-05,True,near_perfect_baseline,-0.2713659284240102,,-0.5766388081376491,,False,abs_delta_mean
bag8,splice,adversarial_reweight_lgbm_cal_iso_ratio_winsorize,test_time_variant,M6_adversarial,TabArena_IID,classification,3,False,2126,1064,60,60,0,1.0,0.4935215615848055,0.0,DAUC < 0.55,source::splice,,0.0052733804611511,0.0052871914581842,-1.3810997033088707e-05,True,near_perfect_baseline,-0.261900258000227,,-0.3675896096439099,,False,abs_delta_mean
bag8,splice,adversarial_reweight_lgbm_ratio_hard,test_time_variant,M6_adversarial,TabArena_IID,classification,3,False,2126,1064,60,60,0,1.0,0.4935215615848055,0.0,DAUC < 0.55,source::splice,,0.0052733804611511,0.0051364567140274,0.0001369237471237,True,near_perfect_baseline,2.5965080299526666,,3.111034305040466,,False,abs_delta_mean
bag8,splice,adversarial_reweight_lgbm_ratio_hard_tempered,test_time_variant,M6_adversarial,TabArena_IID,classification,3,False,2126,1064,60,60,0,1.0,0.4935215615848055,0.0,DAUC < 0.55,source::splice,,0.0052733804611511,0.0052170098852345,5.6370575916638486e-05,True,near_perfect_baseline,1.0689647055037954,,1.3269055988504168,,False,abs_delta_mean
bag8,splice,adversarial_reweight_lgbm_ratio_normalize,test_time_variant,M6_adversarial,TabArena_IID,classification,3,False,2126,1064,60,60,0,1.0,0.4935215615848055,0.0,DAUC < 0.55,source::splice,,0.0052733804611511,0.0051420512964294,0.0001313291647216,True,near_perfect_baseline,2.4904170235611875,,3.107090043335712,,False,abs_delta_mean
bag8,splice,adversarial_reweight_lgbm_ratio_winsorize,test_time_variant,M6_adversarial,TabArena_IID,classification,3,False,2126,1064,60,60,0,1.0,0.4935215615848055,0.0,DAUC < 0.55,source::splice,,0.0052733804611511,0.0051349927818356,0.0001383876793155,True,near_perfect_baseline,2.6242688221532395,,3.5532080595249784,,False,abs_delta_mean
bag8,splice,adversarial_reweight_lgbm_ratio_winsorize_tempered,test_time_variant,M6_adversarial,TabArena_IID,classification,3,False,2126,1064,60,60,0,1.0,0.4935215615848055,0.0,DAUC < 0.55,source::splice,,0.0052733804611511,0.0052347718951992,3.8608565951947504e-05,True,near_perfect_baseline,0.732140725221246,,1.0632923811074393,,False,abs_delta_mean
bag8,splice,adversarial_reweight_lgbm_raw_hard,test_time_variant,M6_adversarial,TabArena_IID,classification,3,False,2126,1064,60,60,0,1.0,0.4935215615848055,0.0,DAUC < 0.55,source::splice,,0.0052733804611511,0.0051868065740263,8.657388712481524e-05,True,near_perfect_baseline,1.641715172318844,,2.315651198927369,,False,abs_delta_mean
bag8,splice,adversarial_rf_feature,test_time_variant,M6_adversarial,TabArena_IID,classification,3,False,2126,1064,60,60,0,1.0,0.4935215615848055,0.0,DAUC < 0.55,source::splice,,0.0052733804611511,0.0062209519483741,-0.0009475714872229,True,near_perfect_baseline,-17.968957373808248,,-16.766970295885816,,False,abs_delta_mean
bag8,splice,cluster_membership_k10_both,test_time_variant,M20_cluster_membership,TabArena_IID,classification,3,False,2126,1064,60,60,0,1.0,0.4935215615848055,0.0,DAUC < 0.55,source::splice,,0.0052733804611511,0.0072384833399773,-0.0019651028788261,True,near_perfect_baseline,-37.26457617277978,,-36.95488346658701,,False,abs_delta_mean
bag8,splice,cluster_membership_k10_both_cumshift,test_time_variant,M20_cluster_membership,TabArena_IID,classification,3,False,2126,1064,60,60,0,1.0,0.4935215615848055,0.0,DAUC < 0.55,source::splice,,0.0052733804611511,0.006371883661431,-0.0010985032002799,True,near_perfect_baseline,-20.83110081611929,,-18.723044715938386,,False,abs_delta_mean
bag8,splice,cluster_membership_k10_feature,test_time_variant,M20_cluster_membership,TabArena_IID,classification,3,False,2126,1064,60,60,0,1.0,0.4935215615848055,0.0,DAUC < 0.55,source::splice,,0.0052733804611511,0.0071756699512978,-0.0019022894901467,True,near_perfect_baseline,-36.073435325989735,,-36.49505385623692,,False,abs_delta_mean
bag8,splice,cluster_membership_k10_feature_cumshift,test_time_variant,M20_cluster_membership,TabArena_IID,classification,3,False,2126,1064,60,60,0,1.0,0.4935215615848055,0.0,DAUC < 0.55,source::splice,,0.0052733804611511,0.0062626564387508,-0.0009892759775997,True,near_perfect_baseline,-18.75980663423937,,-16.66822002247834,,False,abs_delta_mean
bag8,splice,cluster_membership_k10_weight,test_time_variant,M20_cluster_membership,TabArena_IID,classification,3,False,2126,1064,60,60,0,1.0,0.4935215615848055,0.0,DAUC < 0.55,source::splice,,0.0052733804611511,0.0065663825283297,-0.0012930020671786,True,near_perfect_baseline,-24.519415519212263,,-26.098629971692688,,False,abs_delta_mean
bag8,splice,cluster_membership_k15_both,test_time_variant,M20_cluster_membership,TabArena_IID,classification,3,False,2126,1064,60,60,0,1.0,0.4935215615848055,0.0,DAUC < 0.55,source::splice,,0.0052733804611511,0.0071464395460182,-0.0018730590848671,True,near_perfect_baseline,-35.519134237817646,,-34.72089986108101,,False,abs_delta_mean
bag8,splice,cluster_membership_k5_both,test_time_variant,M20_cluster_membership,TabArena_IID,classification,3,False,2126,1064,60,60,0,1.0,0.4935215615848055,0.0,DAUC < 0.55,source::splice,,0.0052733804611511,0.0080028211348835,-0.0027294406737323,True,near_perfect_baseline,-51.75884224246837,,-49.26702454010641,,False,abs_delta_mean
bag8,splice,cluster_membership_k5_feature,test_time_variant,M20_cluster_membership,TabArena_IID,classification,3,False,2126,1064,60,60,0,1.0,0.4935215615848055,0.0,DAUC < 0.55,source::splice,,0.0052733804611511,0.0080248558751337,-0.0027514754139826,True,near_perfect_baseline,-52.17669072528819,,-50.2451127581654,,False,abs_delta_mean
bag8,splice,freq_enc_train_only,train_only_version,baselines,TabArena_IID,classification,3,False,2126,1064,60,60,0,1.0,0.4935215615848055,0.0,DAUC < 0.55,source::splice,,0.0052733804611511,0.0053279423511464,-5.45618899953452e-05,True,near_perfect_baseline,-1.0346662903862256,,-2.795338701500075,,False,abs_delta_mean
bag8,splice,freq_ratio_log,test_time_variant,M2_freq_ratio,TabArena_IID,classification,3,False,2126,1064,60,60,0,1.0,0.4935215615848055,0.0,DAUC < 0.55,source::splice,,0.0052733804611511,0.0057079268817725,-0.0004345464206214,True,near_perfect_baseline,-8.240376809955523,,-12.72427845064144,,False,abs_delta_mean
bag8,splice,freq_ratio_log__sel_combined_intersection,test_time_variant,selective,TabArena_IID,classification,3,False,2126,1064,60,60,0,1.0,0.4935215615848055,0.0,DAUC < 0.55,source::splice,,0.0052733804611511,0.005600031760349,-0.0003266512991978,True,near_perfect_baseline,-6.194343488096716,,-8.94431960889756,,False,abs_delta_mean
bag8,splice,freq_ratio_log__sel_combined_union,test_time_variant,selective,TabArena_IID,classification,3,False,2126,1064,60,60,0,1.0,0.4935215615848055,0.0,DAUC < 0.55,source::splice,,0.0052733804611511,0.0056067534478404,-0.0003333729866893,True,near_perfect_baseline,-6.32180797773368,,-11.004857338839187,,False,abs_delta_mean
bag8,splice,freq_ratio_v2_both_gated,test_time_variant,M2_freq_ratio,TabArena_IID,classification,3,False,2126,1064,60,60,0,1.0,0.4935215615848055,0.0,DAUC < 0.55,source::splice,,0.0052733804611511,0.0055919109871254,-0.0003185305259743,True,near_perfect_baseline,-6.04034790057173,,-4.812002759064178,,False,abs_delta_mean
bag8,splice,freq_ratio_v2_diff_gated,test_time_variant,M2_freq_ratio,TabArena_IID,classification,3,False,2126,1064,60,60,0,1.0,0.4935215615848055,0.0,DAUC < 0.55,source::splice,,0.0052733804611511,0.0056436249094236,-0.0003702444482725,True,near_perfect_baseline,-7.021007700849797,,-5.65725093508334,,False,abs_delta_mean
bag8,splice,freq_ratio_v2_ratio_gated,test_time_variant,M2_freq_ratio,TabArena_IID,classification,3,False,2126,1064,60,60,0,1.0,0.4935215615848055,0.0,DAUC < 0.55,source::splice,,0.0052733804611511,0.0057025529212931,-0.000429172460142,True,near_perfect_baseline,-8.138469494164765,,-7.3049488534062545,,False,abs_delta_mean
bag8,splice,freq_ratio_v2_ratio_ungated,test_time_variant,M2_freq_ratio,TabArena_IID,classification,3,False,2126,1064,60,60,0,1.0,0.4935215615848055,0.0,DAUC < 0.55,source::splice,,0.0052733804611511,0.0056645083800755,-0.0003911279189244,True,near_perfect_baseline,-7.417024464778801,,-11.853421217812215,,False,abs_delta_mean
bag8,splice,groupby_shift_cohen_d,test_time_variant,M14_groupby,TabArena_IID,classification,3,False,2126,1064,60,60,0,1.0,0.4935215615848055,0.0,DAUC < 0.55,source::splice,,0.0052733804611511,0.0052733804611511,0.0,True,near_perfect_baseline,0.0,,0.0,,False,abs_delta_mean
bag8,splice,groupby_shift_cohen_d__sel_combined_intersection,test_time_variant,selective,TabArena_IID,classification,3,False,2126,1064,60,60,0,1.0,0.4935215615848055,0.0,DAUC < 0.55,source::splice,,0.0052733804611511,0.0052733804611511,0.0,True,near_perfect_baseline,0.0,,0.0,,False,abs_delta_mean
bag8,splice,groupby_shift_cohen_d__sel_combined_union,test_time_variant,selective,TabArena_IID,classification,3,False,2126,1064,60,60,0,1.0,0.4935215615848055,0.0,DAUC < 0.55,source::splice,,0.0052733804611511,0.0052733804611511,0.0,True,near_perfect_baseline,0.0,,0.0,,False,abs_delta_mean
bag8,splice,groupby_shift_cohen_d_min10,test_time_variant,M14_groupby,TabArena_IID,classification,3,False,2126,1064,60,60,0,1.0,0.4935215615848055,0.0,DAUC < 0.55,source::splice,,0.0052733804611511,0.0052733804611511,0.0,True,near_perfect_baseline,0.0,,0.0,,False,abs_delta_mean
bag8,splice,groupby_shift_ratio_log,test_time_variant,M14_groupby,TabArena_IID,classification,3,False,2126,1064,60,60,0,1.0,0.4935215615848055,0.0,DAUC < 0.55,source::splice,,0.0052733804611511,0.0052733804611511,0.0,True,near_perfect_baseline,0.0,,0.0,,False,abs_delta_mean
bag8,splice,groupby_shift_ratio_raw,test_time_variant,M14_groupby,TabArena_IID,classification,3,False,2126,1064,60,60,0,1.0,0.4935215615848055,0.0,DAUC < 0.55,source::splice,,0.0052733804611511,0.0052733804611511,0.0,True,near_perfect_baseline,0.0,,0.0,,False,abs_delta_mean
bag8,splice,groupby_train_only,train_only_version,baselines,TabArena_IID,classification,3,False,2126,1064,60,60,0,1.0,0.4935215615848055,0.0,DAUC < 0.55,source::splice,,0.0052733804611511,0.0052733804611511,0.0,True,near_perfect_baseline,0.0,,0.0,,False,abs_delta_mean
bag8,splice,joint_freq_combined,test_time_variant,M1_joint_freq,TabArena_IID,classification,3,False,2126,1064,60,60,0,1.0,0.4935215615848055,0.0,DAUC < 0.55,source::splice,,0.0052733804611511,0.0052764926488766,-3.1121877255291253e-06,True,near_perfect_baseline,-0.0590169389153035,,-0.765819773788864,,False,abs_delta_mean
bag8,splice,joint_freq_combined__sel_combined_intersection,test_time_variant,selective,TabArena_IID,classification,3,False,2126,1064,60,60,0,1.0,0.4935215615848055,0.0,DAUC < 0.55,source::splice,,0.0052733804611511,0.0054059660019252,-0.0001325855407741,True,near_perfect_baseline,-2.514241893807296,,-3.584211308199187,,False,abs_delta_mean
bag8,splice,joint_freq_combined__sel_combined_union,test_time_variant,selective,TabArena_IID,classification,3,False,2126,1064,60,60,0,1.0,0.4935215615848055,0.0,DAUC < 0.55,source::splice,,0.0052733804611511,0.0052285018414754,4.487861967568859e-05,True,near_perfect_baseline,0.8510408078140529,,0.1155062316630666,,False,abs_delta_mean
bag8,splice,joint_freq_separate,test_time_variant,M1_joint_freq,TabArena_IID,classification,3,False,2126,1064,60,60,0,1.0,0.4935215615848055,0.0,DAUC < 0.55,source::splice,,0.0052733804611511,0.0051666782743073,0.0001067021868437,True,near_perfect_baseline,2.0234115029224222,,1.6386306023144552,,False,abs_delta_mean
bag8,splice,joint_freq_separate__sel_combined_intersection,test_time_variant,selective,TabArena_IID,classification,3,False,2126,1064,60,60,0,1.0,0.4935215615848055,0.0,DAUC < 0.55,source::splice,,0.0052733804611511,0.0051736400072214,9.974045392968645e-05,True,near_perfect_baseline,1.891394991589772,,-0.1803328770793057,,False,abs_delta_mean
bag8,splice,joint_freq_separate__sel_combined_union,test_time_variant,selective,TabArena_IID,classification,3,False,2126,1064,60,60,0,1.0,0.4935215615848055,0.0,DAUC < 0.55,source::splice,,0.0052733804611511,0.0051684342288136,0.0001049462323374,True,near_perfect_baseline,1.99011304248979,,2.332071270691086,,False,abs_delta_mean
bag8,splice,joint_groupby_combined,test_time_variant,M14_groupby,TabArena_IID,classification,3,False,2126,1064,60,60,0,1.0,0.4935215615848055,0.0,DAUC < 0.55,source::splice,,0.0052733804611511,0.0052733804611511,0.0,True,near_perfect_baseline,0.0,,0.0,,False,abs_delta_mean
bag8,splice,joint_groupby_combined__sel_combined_intersection,test_time_variant,selective,TabArena_IID,classification,3,False,2126,1064,60,60,0,1.0,0.4935215615848055,0.0,DAUC < 0.55,source::splice,,0.0052733804611511,0.0052733804611511,0.0,True,near_perfect_baseline,0.0,,0.0,,False,abs_delta_mean
bag8,splice,joint_groupby_combined__sel_combined_union,test_time_variant,selective,TabArena_IID,classification,3,False,2126,1064,60,60,0,1.0,0.4935215615848055,0.0,DAUC < 0.55,source::splice,,0.0052733804611511,0.0052733804611511,0.0,True,near_perfect_baseline,0.0,,0.0,,False,abs_delta_mean
bag8,splice,joint_groupby_mean_only,test_time_variant,M14_groupby,TabArena_IID,classification,3,False,2126,1064,60,60,0,1.0,0.4935215615848055,0.0,DAUC < 0.55,source::splice,,0.0052733804611511,0.0052733804611511,0.0,True,near_perfect_baseline,0.0,,0.0,,False,abs_delta_mean
bag8,splice,joint_groupby_separate,test_time_variant,M14_groupby,TabArena_IID,classification,3,False,2126,1064,60,60,0,1.0,0.4935215615848055,0.0,DAUC < 0.55,source::splice,,0.0052733804611511,0.0052733804611511,0.0,True,near_perfect_baseline,0.0,,0.0,,False,abs_delta_mean
bag8,splice,joint_pca_10,test_time_variant,M3_joint_pca,TabArena_IID,classification,3,False,2126,1064,60,60,0,1.0,0.4935215615848055,0.0,DAUC < 0.55,source::splice,,0.0052733804611511,0.0052733804611511,0.0,True,near_perfect_baseline,0.0,,0.0,,False,abs_delta_mean
bag8,splice,joint_pca_5,test_time_variant,M3_joint_pca,TabArena_IID,classification,3,False,2126,1064,60,60,0,1.0,0.4935215615848055,0.0,DAUC < 0.55,source::splice,,0.0052733804611511,0.0052733804611511,0.0,True,near_perfect_baseline,0.0,,0.0,,False,abs_delta_mean
bag8,splice,joint_pca_var90,test_time_variant,M3_joint_pca,TabArena_IID,classification,3,False,2126,1064,60,60,0,1.0,0.4935215615848055,0.0,DAUC < 0.55,source::splice,,0.0052733804611511,0.0052733804611511,0.0,True,near_perfect_baseline,0.0,,0.0,,False,abs_delta_mean
bag8,splice,joint_pca_var95,test_time_variant,M3_joint_pca,TabArena_IID,classification,3,False,2126,1064,60,60,0,1.0,0.4935215615848055,0.0,DAUC < 0.55,source::splice,,0.0052733804611511,0.0052733804611511,0.0,True,near_perfect_baseline,0.0,,0.0,,False,abs_delta_mean
bag8,splice,joint_scaling,test_time_variant,M5_joint_scaling,TabArena_IID,classification,3,False,2126,1064,60,60,0,1.0,0.4935215615848055,0.0,DAUC < 0.55,source::splice,,0.0052733804611511,0.0052733804611511,0.0,True,near_perfect_baseline,0.0,,0.0,,False,abs_delta_mean
bag8,splice,joint_tsne_2d_p30,test_time_variant,M3b_joint_tsne,TabArena_IID,classification,3,False,2126,1064,60,60,0,1.0,0.4935215615848055,0.0,DAUC < 0.55,source::splice,,0.0052733804611511,0.0076238837999877,-0.0023505033388365,True,near_perfect_baseline,-44.57298987153816,,-45.45224209530922,,False,abs_delta_mean
bag8,splice,joint_tsne_2d_p50,test_time_variant,M3b_joint_tsne,TabArena_IID,classification,3,False,2126,1064,60,60,0,1.0,0.4935215615848055,0.0,DAUC < 0.55,source::splice,,0.0052733804611511,0.0068940197727116,-0.0016206393115604,True,near_perfect_baseline,-30.732455651543933,,-32.26773684083984,,False,abs_delta_mean
bag8,splice,joint_tsne_3d_p30,test_time_variant,M3b_joint_tsne,TabArena_IID,classification,3,False,2126,1064,60,60,0,1.0,0.4935215615848055,0.0,DAUC < 0.55,source::splice,,0.0052733804611511,0.0084182086432095,-0.0031448281820584,True,near_perfect_baseline,-59.6359053784629,,-59.11054881262621,,False,abs_delta_mean
bag8,splice,label_prop_k10_a05,test_time_variant,M8_label_prop,TabArena_IID,classification,3,False,2126,1064,60,60,0,1.0,0.4935215615848055,0.0,DAUC < 0.55,source::splice,,0.0052733804611511,0.0068035818519569,-0.0015302013908058,True,near_perfect_baseline,-29.017466160061712,,-27.585709894008023,,False,abs_delta_mean
bag8,splice,label_prop_k15_a05,test_time_variant,M8_label_prop,TabArena_IID,classification,3,False,2126,1064,60,60,0,1.0,0.4935215615848055,0.0,DAUC < 0.55,source::splice,,0.0052733804611511,0.0067164017990313,-0.0014430213378802,True,near_perfect_baseline,-27.36425616378238,,-25.396589241906543,,False,abs_delta_mean
bag8,splice,label_prop_k15_a08,test_time_variant,M8_label_prop,TabArena_IID,classification,3,False,2126,1064,60,60,0,1.0,0.4935215615848055,0.0,DAUC < 0.55,source::splice,,0.0052733804611511,0.0066168009718795,-0.0013434205107284,True,near_perfect_baseline,-25.47550893824912,,-24.25894175545824,,False,abs_delta_mean
bag8,splice,label_prop_v3_adaptive,test_time_variant,M8_label_prop,TabArena_IID,classification,3,False,2126,1064,60,60,0,1.0,0.4935215615848055,0.0,DAUC < 0.55,source::splice,,0.0052733804611511,0.0072869038345335,-0.0020135233733823,True,near_perfect_baseline,-38.18278214924849,,-38.159377958737686,,False,abs_delta_mean
bag8,splice,label_prop_v3_t005_k10,test_time_variant,M8_label_prop,TabArena_IID,classification,3,False,2126,1064,60,60,0,1.0,0.4935215615848055,0.0,DAUC < 0.55,source::splice,,0.0052733804611511,0.0072217126795556,-0.0019483322184045,True,near_perfect_baseline,-36.94655132050161,,-35.673311786638244,,False,abs_delta_mean
bag8,splice,label_prop_v3_t005_k15,test_time_variant,M8_label_prop,TabArena_IID,classification,3,False,2126,1064,60,60,0,1.0,0.4935215615848055,0.0,DAUC < 0.55,source::splice,,0.0052733804611511,0.0076902387456452,-0.002416858284494,True,near_perfect_baseline,-45.83128985854537,,-45.66045923209138,,False,abs_delta_mean
bag8,splice,label_prop_v3_t01_k15,test_time_variant,M8_label_prop,TabArena_IID,classification,3,False,2126,1064,60,60,0,1.0,0.4935215615848055,0.0,DAUC < 0.55,source::splice,,0.0052733804611511,0.007284770086356,-0.0020113896252049,True,near_perfect_baseline,-38.14231952393326,,-38.51288268893829,,False,abs_delta_mean
bag8,splice,label_prop_weighted_adaptive_a05,test_time_variant,M8_label_prop,TabArena_IID,classification,3,False,2126,1064,60,60,0,1.0,0.4935215615848055,0.0,DAUC < 0.55,source::splice,,0.0052733804611511,0.0069257106947973,-0.0016523302336461,True,near_perfect_baseline,-31.333415933457964,,-30.436248608509363,,False,abs_delta_mean
bag8,splice,label_prop_weighted_k10_a05,test_time_variant,M8_label_prop,TabArena_IID,classification,3,False,2126,1064,60,60,0,1.0,0.4935215615848055,0.0,DAUC < 0.55,source::splice,,0.0052733804611511,0.0075421580926111,-0.00226877763146,True,near_perfect_baseline,-43.02321154663643,,-43.149247295742384,,False,abs_delta_mean
bag8,splice,label_prop_weighted_k15_a05,test_time_variant,M8_label_prop,TabArena_IID,classification,3,False,2126,1064,60,60,0,1.0,0.4935215615848055,0.0,DAUC < 0.55,source::splice,,0.0052733804611511,0.0077333204682038,-0.0024599400070526,True,near_perfect_baseline,-46.64825580431713,,-43.78765708650343,,False,abs_delta_mean
bag8,splice,label_prop_weighted_k15_a08,test_time_variant,M8_label_prop,TabArena_IID,classification,3,False,2126,1064,60,60,0,1.0,0.4935215615848055,0.0,DAUC < 0.55,source::splice,,0.0052733804611511,0.0073792725316155,-0.0021058920704644,True,near_perfect_baseline,-39.93438527674034,,-38.08656516926,,False,abs_delta_mean
bag8,splice,leaf_density_conf,test_time_variant,M18_leaf_density,TabArena_IID,classification,3,False,2126,1064,60,60,0,1.0,0.4935215615848055,0.0,DAUC < 0.55,source::splice,,0.0052733804611511,0.0075454588695883,-0.0022720784084372,True,near_perfect_baseline,-43.0858047352278,,-41.37992520524124,,False,abs_delta_mean
bag8,splice,leaf_density_conf_cumshift,test_time_variant,M18_leaf_density,TabArena_IID,classification,3,False,2126,1064,60,60,0,1.0,0.4935215615848055,0.0,DAUC < 0.55,source::splice,,0.0052733804611511,0.0069794668268244,-0.0017060863656733,True,near_perfect_baseline,-32.35280250006601,,-29.042453018511782,,False,abs_delta_mean
bag8,splice,leaf_density_conf_deep,test_time_variant,M18_leaf_density,TabArena_IID,classification,3,False,2126,1064,60,60,0,1.0,0.4935215615848055,0.0,DAUC < 0.55,source::splice,,0.0052733804611511,0.0078844289773486,-0.0026110485161974,True,near_perfect_baseline,-49.513751860556695,,-48.6769413281747,,False,abs_delta_mean
bag8,splice,leaf_density_conf_shallow,test_time_variant,M18_leaf_density,TabArena_IID,classification,3,False,2126,1064,60,60,0,1.0,0.4935215615848055,0.0,DAUC < 0.55,source::splice,,0.0052733804611511,0.0078448291146911,-0.00257144865354,True,near_perfect_baseline,-48.76281300929912,,-45.76317440139096,,False,abs_delta_mean
bag8,splice,leaf_density_embed_k10,test_time_variant,M18_leaf_density,TabArena_IID,classification,3,False,2126,1064,60,60,0,1.0,0.4935215615848055,0.0,DAUC < 0.55,source::splice,,0.0052733804611511,0.0063467109972806,-0.0010733305361295,True,near_perfect_baseline,-20.353747354979,,-16.170055441367882,,False,abs_delta_mean
bag8,splice,leaf_density_embed_k10_cumshift,test_time_variant,M18_leaf_density,TabArena_IID,classification,3,False,2126,1064,60,60,0,1.0,0.4935215615848055,0.0,DAUC < 0.55,source::splice,,0.0052733804611511,0.0065941553419418,-0.0013207748807906,True,near_perfect_baseline,-25.04607605161017,,-22.44826405161741,,False,abs_delta_mean
bag8,splice,leaf_density_embed_k20,test_time_variant,M18_leaf_density,TabArena_IID,classification,3,False,2126,1064,60,60,0,1.0,0.4935215615848055,0.0,DAUC < 0.55,source::splice,,0.0052733804611511,0.0066596569332897,-0.0013862764721385,True,near_perfect_baseline,-26.288193737418524,,-22.72972181961709,,False,abs_delta_mean
bag8,splice,leaf_density_embed_k5,test_time_variant,M18_leaf_density,TabArena_IID,classification,3,False,2126,1064,60,60,0,1.0,0.4935215615848055,0.0,DAUC < 0.55,source::splice,,0.0052733804611511,0.0060400394523873,-0.0007666589912361,True,near_perfect_baseline,-14.538283305825097,,-12.092926836077291,,False,abs_delta_mean
bag8,splice,nearest_test_k10_both,test_time_variant,M16_nearest_test_dist,TabArena_IID,classification,3,False,2126,1064,60,60,0,1.0,0.4935215615848055,0.0,DAUC < 0.55,source::splice,,0.0052733804611511,0.0071953883918952,-0.001922007930744,True,near_perfect_baseline,-36.44735942918319,,-34.3185732373513,,False,abs_delta_mean
bag8,splice,nearest_test_k10_cumshift_both,test_time_variant,M16_nearest_test_dist,TabArena_IID,classification,3,False,2126,1064,60,60,0,1.0,0.4935215615848055,0.0,DAUC < 0.55,source::splice,,0.0052733804611511,0.0067119637156815,-0.0014385832545304,True,near_perfect_baseline,-27.280096043295764,,-24.504377283199428,,False,abs_delta_mean
bag8,splice,nearest_test_k10_filter_both,test_time_variant,M16_nearest_test_dist,TabArena_IID,classification,3,False,2126,1064,60,60,0,1.0,0.4935215615848055,0.0,DAUC < 0.55,source::splice,,0.0052733804611511,0.0068511026595107,-0.0015777221983596,True,near_perfect_baseline,-29.91861122069009,,-25.678609810124986,,False,abs_delta_mean
bag8,splice,nearest_test_k5_both,test_time_variant,M16_nearest_test_dist,TabArena_IID,classification,3,False,2126,1064,60,60,0,1.0,0.4935215615848055,0.0,DAUC < 0.55,source::splice,,0.0052733804611511,0.0074104467738532,-0.002137066312702,True,near_perfect_baseline,-40.52554767185416,,-39.47742931990595,,False,abs_delta_mean
bag8,splice,nearest_test_rel_k10_both,test_time_variant,M16_nearest_test_dist,TabArena_IID,classification,3,False,2126,1064,60,60,0,1.0,0.4935215615848055,0.0,DAUC < 0.55,source::splice,,0.0052733804611511,0.007134488527908,-0.0018611080667569,True,near_perfect_baseline,-35.29250507274503,,-34.2868050446909,,False,abs_delta_mean
bag8,splice,nearest_test_rel_k10_cumshift_both,test_time_variant,M16_nearest_test_dist,TabArena_IID,classification,3,False,2126,1064,60,60,0,1.0,0.4935215615848055,0.0,DAUC < 0.55,source::splice,,0.0052733804611511,0.0064281990336273,-0.0011548185724762,True,near_perfect_baseline,-21.899018684196072,,-21.917731334830176,,False,abs_delta_mean
bag8,splice,nearest_test_rel_k5_both,test_time_variant,M16_nearest_test_dist,TabArena_IID,classification,3,False,2126,1064,60,60,0,1.0,0.4935215615848055,0.0,DAUC < 0.55,source::splice,,0.0052733804611511,0.0072933022391703,-0.0020199217780192,True,near_perfect_baseline,-38.30411617177917,,-38.83428547095591,,False,abs_delta_mean
bag8,splice,neighbor_consensus_k10_dist,test_time_variant,M19_neighbor_consensus,TabArena_IID,classification,3,False,2126,1064,60,60,0,1.0,0.4935215615848055,0.0,DAUC < 0.55,source::splice,,0.0052733804611511,0.0060264276135457,-0.0007530471523945,True,near_perfect_baseline,-14.280159718083352,,-14.161445037165851,,False,abs_delta_mean
bag8,splice,neighbor_consensus_k10_dist_cumshift,test_time_variant,M19_neighbor_consensus,TabArena_IID,classification,3,False,2126,1064,60,60,0,1.0,0.4935215615848055,0.0,DAUC < 0.55,source::splice,,0.0052733804611511,0.0064187800524373,-0.0011453995912861,True,near_perfect_baseline,-21.720404960808096,,-21.178708537470907,,False,abs_delta_mean
bag8,splice,neighbor_consensus_k10_uniform,test_time_variant,M19_neighbor_consensus,TabArena_IID,classification,3,False,2126,1064,60,60,0,1.0,0.4935215615848055,0.0,DAUC < 0.55,source::splice,,0.0052733804611511,0.0060587961963836,-0.0007854157352324,True,near_perfect_baseline,-14.89397059473774,,-14.786668065261075,,False,abs_delta_mean
bag8,splice,neighbor_consensus_k20_dist,test_time_variant,M19_neighbor_consensus,TabArena_IID,classification,3,False,2126,1064,60,60,0,1.0,0.4935215615848055,0.0,DAUC < 0.55,source::splice,,0.0052733804611511,0.0061938347384903,-0.0009204542773391,True,near_perfect_baseline,-17.45472916509906,,-18.701522004746927,,False,abs_delta_mean
bag8,splice,neighbor_consensus_k5_dist,test_time_variant,M19_neighbor_consensus,TabArena_IID,classification,3,False,2126,1064,60,60,0,1.0,0.4935215615848055,0.0,DAUC < 0.55,source::splice,,0.0052733804611511,0.0066161746055237,-0.0013427941443725,True,near_perfect_baseline,-25.46363104776745,,-25.553409609379766,,False,abs_delta_mean
bag8,splice,neighbor_consensus_k5_dist_cumshift,test_time_variant,M19_neighbor_consensus,TabArena_IID,classification,3,False,2126,1064,60,60,0,1.0,0.4935215615848055,0.0,DAUC < 0.55,source::splice,,0.0052733804611511,0.0066215505560942,-0.0013481700949431,True,near_perfect_baseline,-25.56557610199078,,-24.666068232816347,,False,abs_delta_mean
bag8,splice,ot_disp_v2_selective,test_time_variant,M9_ot_displacement,TabArena_IID,classification,3,False,2126,1064,60,60,0,1.0,0.4935215615848055,0.0,DAUC < 0.55,source::splice,,0.0052733804611511,0.006572022438592,-0.0012986419774408,True,near_perfect_baseline,-24.62636608543454,,-27.620006818316284,,False,abs_delta_mean
bag8,splice,ot_disp_v2_selective_abs,test_time_variant,M9_ot_displacement,TabArena_IID,classification,3,False,2126,1064,60,60,0,1.0,0.4935215615848055,0.0,DAUC < 0.55,source::splice,,0.0052733804611511,0.0052733804611511,0.0,True,near_perfect_baseline,0.0,,0.0,,False,abs_delta_mean
bag8,splice,ot_disp_v2_selective_and_summary,test_time_variant,M9_ot_displacement,TabArena_IID,classification,3,False,2126,1064,60,60,0,1.0,0.4935215615848055,0.0,DAUC < 0.55,source::splice,,0.0052733804611511,0.006572022438592,-0.0012986419774408,True,near_perfect_baseline,-24.62636608543454,,-27.620006818316284,,False,abs_delta_mean
bag8,splice,ot_disp_v2_selective_and_summary_abs,test_time_variant,M9_ot_displacement,TabArena_IID,classification,3,False,2126,1064,60,60,0,1.0,0.4935215615848055,0.0,DAUC < 0.55,source::splice,,0.0052733804611511,0.0052733804611511,0.0,True,near_perfect_baseline,0.0,,0.0,,False,abs_delta_mean
bag8,splice,ot_disp_v2_selective_and_summary_top10,test_time_variant,M9_ot_displacement,TabArena_IID,classification,3,False,2126,1064,60,60,0,1.0,0.4935215615848055,0.0,DAUC < 0.55,source::splice,,0.0052733804611511,0.006572022438592,-0.0012986419774408,True,near_perfect_baseline,-24.62636608543454,,-27.620006818316284,,False,abs_delta_mean
bag8,splice,ot_disp_v2_selective_top10,test_time_variant,M9_ot_displacement,TabArena_IID,classification,3,False,2126,1064,60,60,0,1.0,0.4935215615848055,0.0,DAUC < 0.55,source::splice,,0.0052733804611511,0.006572022438592,-0.0012986419774408,True,near_perfect_baseline,-24.62636608543454,,-27.620006818316284,,False,abs_delta_mean
bag8,splice,ot_disp_v2_summary_only,test_time_variant,M9_ot_displacement,TabArena_IID,classification,3,False,2126,1064,60,60,0,1.0,0.4935215615848055,0.0,DAUC < 0.55,source::splice,,0.0052733804611511,0.0052733804611511,0.0,True,near_perfect_baseline,0.0,,0.0,,False,abs_delta_mean
bag8,splice,ot_displacement_mag,test_time_variant,M9_ot_displacement,TabArena_IID,classification,3,False,2126,1064,60,60,0,1.0,0.4935215615848055,0.0,DAUC < 0.55,source::splice,,0.0052733804611511,0.0052733804611511,0.0,True,near_perfect_baseline,0.0,,0.0,,False,abs_delta_mean
bag8,splice,ot_displacement_no_mag,test_time_variant,M9_ot_displacement,TabArena_IID,classification,3,False,2126,1064,60,60,0,1.0,0.4935215615848055,0.0,DAUC < 0.55,source::splice,,0.0052733804611511,0.0052733804611511,0.0,True,near_perfect_baseline,0.0,,0.0,,False,abs_delta_mean
bag8,splice,pca_train_only_10,train_only_version,baselines,TabArena_IID,classification,3,False,2126,1064,60,60,0,1.0,0.4935215615848055,0.0,DAUC < 0.55,source::splice,,0.0052733804611511,0.0052733804611511,0.0,True,near_perfect_baseline,0.0,,0.0,,False,abs_delta_mean
bag8,splice,pca_train_only_5,train_only_version,baselines,TabArena_IID,classification,3,False,2126,1064,60,60,0,1.0,0.4935215615848055,0.0,DAUC < 0.55,source::splice,,0.0052733804611511,0.0052733804611511,0.0,True,near_perfect_baseline,0.0,,0.0,,False,abs_delta_mean
bag8,splice,pca_train_only_var90,train_only_version,baselines,TabArena_IID,classification,3,False,2126,1064,60,60,0,1.0,0.4935215615848055,0.0,DAUC < 0.55,source::splice,,0.0052733804611511,0.0052733804611511,0.0,True,near_perfect_baseline,0.0,,0.0,,False,abs_delta_mean
bag8,splice,pca_train_only_var95,train_only_version,baselines,TabArena_IID,classification,3,False,2126,1064,60,60,0,1.0,0.4935215615848055,0.0,DAUC < 0.55,source::splice,,0.0052733804611511,0.0052733804611511,0.0,True,near_perfect_baseline,0.0,,0.0,,False,abs_delta_mean
bag8,splice,pseudo_label_lgbm_conf80_iter5,test_time_variant,M7_pseudo_label,TabArena_IID,classification,3,False,2126,1064,60,60,0,1.0,0.4935215615848055,0.0,DAUC < 0.55,source::splice,,0.0052733804611511,0.0054066586004304,-0.0001332781392793,True,near_perfect_baseline,-2.527375755669085,,-2.944419867221422,,False,abs_delta_mean
bag8,splice,pseudo_label_lgbm_conf90_iter1,test_time_variant,M7_pseudo_label,TabArena_IID,classification,3,False,2126,1064,60,60,0,1.0,0.4935215615848055,0.0,DAUC < 0.55,source::splice,,0.0052733804611511,0.0053819157468652,-0.0001085352857141,True,near_perfect_baseline,-2.0581728648956235,,-3.1509600568286924,,False,abs_delta_mean
bag8,splice,pseudo_label_lgbm_conf90_iter3,test_time_variant,M7_pseudo_label,TabArena_IID,classification,3,False,2126,1064,60,60,0,1.0,0.4935215615848055,0.0,DAUC < 0.55,source::splice,,0.0052733804611511,0.0054705287679481,-0.0001971483067969,True,near_perfect_baseline,-3.73855647718536,,-5.074754342792798,,False,abs_delta_mean
bag8,splice,pseudo_label_lgbm_conf95_iter3,test_time_variant,M7_pseudo_label,TabArena_IID,classification,3,False,2126,1064,60,60,0,1.0,0.4935215615848055,0.0,DAUC < 0.55,source::splice,,0.0052733804611511,0.0054840011927757,-0.0002106207316245,True,near_perfect_baseline,-3.994036333547829,,-4.734751637891074,,False,abs_delta_mean
bag8,splice,pseudo_label_v2_cal_iso_wfixed_conf90,test_time_variant,M7_pseudo_label,TabArena_IID,classification,3,False,2126,1064,60,60,0,1.0,0.4935215615848055,0.0,DAUC < 0.55,source::splice,,0.0052733804611511,0.0052856146466364,-1.2234185485275145e-05,True,near_perfect_baseline,-0.2319989155988929,,-1.0088489895498391,,False,abs_delta_mean
bag8,splice,pseudo_label_v2_cal_iso_wprop_conf85,test_time_variant,M7_pseudo_label,TabArena_IID,classification,3,False,2126,1064,60,60,0,1.0,0.4935215615848055,0.0,DAUC < 0.55,source::splice,,0.0052733804611511,0.0052703254197722,3.055041378911364e-06,True,near_perfect_baseline,0.0579332631396133,,-0.1939084367347485,,False,abs_delta_mean
bag8,splice,pseudo_label_v2_cal_iso_wprop_conf90,test_time_variant,M7_pseudo_label,TabArena_IID,classification,3,False,2126,1064,60,60,0,1.0,0.4935215615848055,0.0,DAUC < 0.55,source::splice,,0.0052733804611511,0.0053839745150181,-0.000110594053867,True,near_perfect_baseline,-2.097213631402996,,-2.64151339935565,,False,abs_delta_mean
bag8,splice,pseudo_label_v2_cal_iso_wquad_conf90,test_time_variant,M7_pseudo_label,TabArena_IID,classification,3,False,2126,1064,60,60,0,1.0,0.4935215615848055,0.0,DAUC < 0.55,source::splice,,0.0052733804611511,0.0053710909507678,-9.771048961674617e-05,True,near_perfect_baseline,-1.8529004371403903,,-2.4892833071731544,,False,abs_delta_mean
bag8,splice,pseudo_label_v2_cal_platt_wprop_conf90,test_time_variant,M7_pseudo_label,TabArena_IID,classification,3,False,2126,1064,60,60,0,1.0,0.4935215615848055,0.0,DAUC < 0.55,source::splice,,0.0052733804611511,0.0055306730791282,-0.000257292617977,True,near_perfect_baseline,-4.879083158754184,,-5.44492307795776,,False,abs_delta_mean
bag8,splice,target_enc_absolute,test_time_variant,M4_target_encoding,TabArena_IID,classification,3,False,2126,1064,60,60,0,1.0,0.4935215615848055,0.0,DAUC < 0.55,source::splice,,0.0052733804611511,0.0052048856111328,6.849485001832652e-05,True,near_perfect_baseline,1.2988793530625526,,0.1267149341014549,,False,abs_delta_mean
bag8,splice,target_enc_diff,test_time_variant,M4_target_encoding,TabArena_IID,classification,3,False,2126,1064,60,60,0,1.0,0.4935215615848055,0.0,DAUC < 0.55,source::splice,,0.0052733804611511,0.0053869672994353,-0.0001135868382841,True,near_perfect_baseline,-2.1539663053134994,,-3.664316015028492,,False,abs_delta_mean
bag8,splice,target_enc_inv_ratio,test_time_variant,M4_target_encoding,TabArena_IID,classification,3,False,2126,1064,60,60,0,1.0,0.4935215615848055,0.0,DAUC < 0.55,source::splice,,0.0052733804611511,0.005404934778945,-0.0001315543177939,True,near_perfect_baseline,-2.494686639112691,,-3.4730282643102988,,False,abs_delta_mean
bag8,splice,target_enc_oof_absolute,test_time_variant,M4_target_encoding,TabArena_IID,classification,3,False,2126,1064,60,60,0,1.0,0.4935215615848055,0.0,DAUC < 0.55,source::splice,,0.0052733804611511,0.006202265060591,-0.0009288845994398,True,near_perfect_baseline,-17.614594780007888,,-18.23382762228681,,False,abs_delta_mean
bag8,splice,target_enc_oof_diff,test_time_variant,M4_target_encoding,TabArena_IID,classification,3,False,2126,1064,60,60,0,1.0,0.4935215615848055,0.0,DAUC < 0.55,source::splice,,0.0052733804611511,0.0061381128326264,-0.0008647323714752,True,near_perfect_baseline,-16.398065298828996,,-16.790325389867373,,False,abs_delta_mean
bag8,splice,target_enc_oof_inv_ratio,test_time_variant,M4_target_encoding,TabArena_IID,classification,3,False,2126,1064,60,60,0,1.0,0.4935215615848055,0.0,DAUC < 0.55,source::splice,,0.0052733804611511,0.0061424121883533,-0.0008690317272022,True,near_perfect_baseline,-16.47959470408739,,-16.805688825037063,,False,abs_delta_mean
bag8,splice,target_enc_oof_ratio,test_time_variant,M4_target_encoding,TabArena_IID,classification,3,False,2126,1064,60,60,0,1.0,0.4935215615848055,0.0,DAUC < 0.55,source::splice,,0.0052733804611511,0.0061925733351074,-0.0009191928739563,True,near_perfect_baseline,-17.43080896074153,,-17.814344793234575,,False,abs_delta_mean
bag8,splice,target_enc_oof_ratio_cap5,test_time_variant,M4_target_encoding,TabArena_IID,classification,3,False,2126,1064,60,60,0,1.0,0.4935215615848055,0.0,DAUC < 0.55,source::splice,,0.0052733804611511,0.0061925733351074,-0.0009191928739563,True,near_perfect_baseline,-17.43080896074153,,-17.814344793234575,,False,abs_delta_mean
bag8,splice,target_enc_ratio,test_time_variant,M4_target_encoding,TabArena_IID,classification,3,False,2126,1064,60,60,0,1.0,0.4935215615848055,0.0,DAUC < 0.55,source::splice,,0.0052733804611511,0.0052416216253023,3.175883584875342e-05,True,near_perfect_baseline,0.6022481420166854,,-0.6442271980965101,,False,abs_delta_mean
bag8,splice,target_enc_ratio__sel_combined_intersection,test_time_variant,selective,TabArena_IID,classification,3,False,2126,1064,60,60,0,1.0,0.4935215615848055,0.0,DAUC < 0.55,source::splice,,0.0052733804611511,0.005401158074948,-0.0001277776137968,True,near_perfect_baseline,-2.42306836645288,,-3.828863998443604,,False,abs_delta_mean
bag8,splice,target_enc_ratio__sel_combined_union,test_time_variant,selective,TabArena_IID,classification,3,False,2126,1064,60,60,0,1.0,0.4935215615848055,0.0,DAUC < 0.55,source::splice,,0.0052733804611511,0.0054165067537176,-0.0001431262925664,True,near_perfect_baseline,-2.714127941666455,,-4.150030638966276,,False,abs_delta_mean
bag8,splice,target_enc_ratio_cap5,test_time_variant,M4_target_encoding,TabArena_IID,classification,3,False,2126,1064,60,60,0,1.0,0.4935215615848055,0.0,DAUC < 0.55,source::splice,,0.0052733804611511,0.0052416216253023,3.175883584875342e-05,True,near_perfect_baseline,0.6022481420166854,,-0.6442271980965101,,False,abs_delta_mean
bag8,splice,target_enc_standard_m10,train_only_version,baselines,TabArena_IID,classification,3,False,2126,1064,60,60,0,1.0,0.4935215615848055,0.0,DAUC < 0.55,source::splice,,0.0052733804611511,0.0053869672994353,-0.0001135868382841,True,near_perfect_baseline,-2.1539663053134994,,-3.664316015028492,,False,abs_delta_mean
bag8,splice,target_enc_standard_m20,train_only_version,baselines,TabArena_IID,classification,3,False,2126,1064,60,60,0,1.0,0.4935215615848055,0.0,DAUC < 0.55,source::splice,,0.0052733804611511,0.0054214361991844,-0.0001480557380332,True,near_perfect_baseline,-2.8076058445625582,,-4.4828962903772505,,False,abs_delta_mean
bag8,splice,target_enc_standard_m5,train_only_version,baselines,TabArena_IID,classification,3,False,2126,1064,60,60,0,1.0,0.4935215615848055,0.0,DAUC < 0.55,source::splice,,0.0052733804611511,0.0053516289064451,-7.824844529398985e-05,True,near_perfect_baseline,-1.4838384195952434,,-3.2571051986558643,,False,abs_delta_mean
bag8,splice,targeted_groupby_top3,test_time_variant,M14_groupby,TabArena_IID,classification,3,False,2126,1064,60,60,0,1.0,0.4935215615848055,0.0,DAUC < 0.55,source::splice,,0.0052733804611511,0.0052733804611511,0.0,True,near_perfect_baseline,0.0,,0.0,,False,abs_delta_mean
bag8,splice,targeted_groupby_top3_shifted_agg,test_time_variant,M14_groupby,TabArena_IID,classification,3,False,2126,1064,60,60,0,1.0,0.4935215615848055,0.0,DAUC < 0.55,source::splice,,0.0052733804611511,0.0052733804611511,0.0,True,near_perfect_baseline,0.0,,0.0,,False,abs_delta_mean
bag8,splice,targeted_groupby_top5,test_time_variant,M14_groupby,TabArena_IID,classification,3,False,2126,1064,60,60,0,1.0,0.4935215615848055,0.0,DAUC < 0.55,source::splice,,0.0052733804611511,0.0052733804611511,0.0,True,near_perfect_baseline,0.0,,0.0,,False,abs_delta_mean
bag8,splice,targeted_groupby_top5_shifted_agg,test_time_variant,M14_groupby,TabArena_IID,classification,3,False,2126,1064,60,60,0,1.0,0.4935215615848055,0.0,DAUC < 0.55,source::splice,,0.0052733804611511,0.0052733804611511,0.0,True,near_perfect_baseline,0.0,,0.0,,False,abs_delta_mean
bag8,splice,tdda_k10_lam07_aug1,test_time_variant,M17_tdda,TabArena_IID,classification,3,False,2126,1064,60,60,0,1.0,0.4935215615848055,0.0,DAUC < 0.55,source::splice,,0.0052733804611511,0.0054778483813537,-0.0002044679202026,True,near_perfect_baseline,-3.877359536429244,,-4.9363323890063455,,False,abs_delta_mean
bag8,splice,tdda_k5_lam06_aug1,test_time_variant,M17_tdda,TabArena_IID,classification,3,False,2126,1064,60,60,0,1.0,0.4935215615848055,0.0,DAUC < 0.55,source::splice,,0.0052733804611511,0.0054778483813537,-0.0002044679202026,True,near_perfect_baseline,-3.877359536429244,,-4.9363323890063455,,False,abs_delta_mean
bag8,splice,tdda_k5_lam07_aug1,test_time_variant,M17_tdda,TabArena_IID,classification,3,False,2126,1064,60,60,0,1.0,0.4935215615848055,0.0,DAUC < 0.55,source::splice,,0.0052733804611511,0.0054778483813537,-0.0002044679202026,True,near_perfect_baseline,-3.877359536429244,,-4.9363323890063455,,False,abs_delta_mean
bag8,splice,tdda_k5_lam07_aug1_cumshift,test_time_variant,M17_tdda,TabArena_IID,classification,3,False,2126,1064,60,60,0,1.0,0.4935215615848055,0.0,DAUC < 0.55,source::splice,,0.0052733804611511,0.0054778483813537,-0.0002044679202026,True,near_perfect_baseline,-3.877359536429244,,-4.9363323890063455,,False,abs_delta_mean
bag8,splice,tdda_k5_lam07_aug2,test_time_variant,M17_tdda,TabArena_IID,classification,3,False,2126,1064,60,60,0,1.0,0.4935215615848055,0.0,DAUC < 0.55,source::splice,,0.0052733804611511,0.0055024610674828,-0.0002290806063317,True,near_perfect_baseline,-4.344094040233746,,-4.967774943467878,,False,abs_delta_mean
bag8,splice,tdda_k5_lam08_aug1,test_time_variant,M17_tdda,TabArena_IID,classification,3,False,2126,1064,60,60,0,1.0,0.4935215615848055,0.0,DAUC < 0.55,source::splice,,0.0052733804611511,0.0054778483813537,-0.0002044679202026,True,near_perfect_baseline,-3.877359536429244,,-4.9363323890063455,,False,abs_delta_mean
bag8,splice,tdda_v2_k10_lam07_pfl_dw,test_time_variant,M17_tdda,TabArena_IID,classification,3,False,2126,1064,60,60,0,1.0,0.4935215615848055,0.0,DAUC < 0.55,source::splice,,0.0052733804611511,0.005585352479896,-0.0003119720187448,True,near_perfect_baseline,-5.915977825668759,,-7.271878752431811,,False,abs_delta_mean
bag8,splice,tdda_v2_k5_lam06_pfl_dw,test_time_variant,M17_tdda,TabArena_IID,classification,3,False,2126,1064,60,60,0,1.0,0.4935215615848055,0.0,DAUC < 0.55,source::splice,,0.0052733804611511,0.0055846176959453,-0.0003112372347942,True,near_perfect_baseline,-5.902043994114973,,-7.260013942356632,,False,abs_delta_mean
bag8,splice,tdda_v2_k5_lam07_nopfl_dw,test_time_variant,M17_tdda,TabArena_IID,classification,3,False,2126,1064,60,60,0,1.0,0.4935215615848055,0.0,DAUC < 0.55,source::splice,,0.0052733804611511,0.0055851555246662,-0.0003117750635151,True,near_perfect_baseline,-5.912242930544669,,-7.269326012735189,,False,abs_delta_mean
bag8,splice,tdda_v2_k5_lam07_pfl_dw,test_time_variant,M17_tdda,TabArena_IID,classification,3,False,2126,1064,60,60,0,1.0,0.4935215615848055,0.0,DAUC < 0.55,source::splice,,0.0052733804611511,0.005585352479896,-0.0003119720187448,True,near_perfect_baseline,-5.915977825668759,,-7.271878752431811,,False,abs_delta_mean
bag8,splice,tdda_v2_k5_lam07_pfl_dw_cumshift,test_time_variant,M17_tdda,TabArena_IID,classification,3,False,2126,1064,60,60,0,1.0,0.4935215615848055,0.0,DAUC < 0.55,source::splice,,0.0052733804611511,0.0056191024683869,-0.0003457220072357,True,near_perfect_baseline,-6.55598452989886,,-8.037147587431278,,False,abs_delta_mean
bag8,splice,tdda_v2_k5_lam07_pfl_nodw,test_time_variant,M17_tdda,TabArena_IID,classification,3,False,2126,1064,60,60,0,1.0,0.4935215615848055,0.0,DAUC < 0.55,source::splice,,0.0052733804611511,0.0054778483813537,-0.0002044679202026,True,near_perfect_baseline,-3.877359536429244,,-4.9363323890063455,,False,abs_delta_mean
bag8,splice,train_only_scaling,train_only_version,baselines,TabArena_IID,classification,3,False,2126,1064,60,60,0,1.0,0.4935215615848055,0.0,DAUC < 0.55,source::splice,,0.0052733804611511,0.0052733804611511,0.0,True,near_perfect_baseline,0.0,,0.0,,False,abs_delta_mean
tabicl,NATICUSdroid,adversarial_lgbm_both_ratio,test_time_variant,M6_adversarial,TabArena_IID,classification,3,False,4994,2497,86,86,0,1.0,0.4909448935914827,0.0,DAUC < 0.55,source::NATICUSdroid,,0.0123802364223213,0.0125843904391762,-0.0002041540168549,True,near_perfect_baseline,-1.649031649240816,,-1.558696237177731,,False,abs_delta_mean
tabicl,NATICUSdroid,adversarial_lgbm_cal_iso_both_ratio,test_time_variant,M6_adversarial,TabArena_IID,classification,3,False,4994,2497,86,86,0,1.0,0.4909448935914827,0.0,DAUC < 0.55,source::NATICUSdroid,,0.0123802364223213,0.0127965452515895,-0.0004163088292682,True,near_perfect_baseline,-3.362688845889945,,-3.292739980914833,,False,abs_delta_mean
tabicl,NATICUSdroid,adversarial_lgbm_cal_iso_feature,test_time_variant,M6_adversarial,TabArena_IID,classification,3,False,4994,2497,86,86,0,1.0,0.4909448935914827,0.0,DAUC < 0.55,source::NATICUSdroid,,0.0123802364223213,0.0127967802412711,-0.0004165438189498,True,near_perfect_baseline,-3.364586949234552,,-3.294599684849961,,False,abs_delta_mean
tabicl,NATICUSdroid,adversarial_lgbm_cal_platt_feature,test_time_variant,M6_adversarial,TabArena_IID,classification,3,False,4994,2497,86,86,0,1.0,0.4909448935914827,0.0,DAUC < 0.55,source::NATICUSdroid,,0.0123802364223213,0.0127891632020344,-0.0004089267797131,True,near_perfect_baseline,-3.3030611513673045,,-3.1932632671170573,,False,abs_delta_mean
tabicl,NATICUSdroid,adversarial_lgbm_feature,test_time_variant,M6_adversarial,TabArena_IID,classification,3,False,4994,2497,86,86,0,1.0,0.4909448935914827,0.0,DAUC < 0.55,source::NATICUSdroid,,0.0123802364223213,0.0125843904391762,-0.0002041540168549,True,near_perfect_baseline,-1.649031649240816,,-1.558696237177731,,False,abs_delta_mean
tabicl,NATICUSdroid,adversarial_logreg_feature,test_time_variant,M6_adversarial,TabArena_IID,classification,3,False,4994,2497,86,86,0,1.0,0.4909448935914827,0.0,DAUC < 0.55,source::NATICUSdroid,,0.0123802364223213,0.012543518582607,-0.0001632821602856,True,near_perfect_baseline,-1.3188937166922592,,-1.2311604709534132,,False,abs_delta_mean
tabicl,NATICUSdroid,adversarial_rf_feature,test_time_variant,M6_adversarial,TabArena_IID,classification,3,False,4994,2497,86,86,0,1.0,0.4909448935914827,0.0,DAUC < 0.55,source::NATICUSdroid,,0.0123802364223213,0.0125823156590238,-0.0002020792367024,True,near_perfect_baseline,-1.632272840429052,,-1.600030756437574,,False,abs_delta_mean
tabicl,NATICUSdroid,cluster_membership_k10_both,test_time_variant,M20_cluster_membership,TabArena_IID,classification,3,False,4994,2497,86,86,0,1.0,0.4909448935914827,0.0,DAUC < 0.55,source::NATICUSdroid,,0.0123802364223213,0.012739769396687,-0.0003595329743657,True,near_perfect_baseline,-2.904088113515197,,-3.1342041063080024,,False,abs_delta_mean
tabicl,NATICUSdroid,cluster_membership_k10_both_cumshift,test_time_variant,M20_cluster_membership,TabArena_IID,classification,3,False,4994,2497,86,86,0,1.0,0.4909448935914827,0.0,DAUC < 0.55,source::NATICUSdroid,,0.0123802364223213,0.0127399658694196,-0.0003597294470983,True,near_perfect_baseline,-2.9056751004345105,,-2.961488184150881,,False,abs_delta_mean
tabicl,NATICUSdroid,cluster_membership_k10_feature,test_time_variant,M20_cluster_membership,TabArena_IID,classification,3,False,4994,2497,86,86,0,1.0,0.4909448935914827,0.0,DAUC < 0.55,source::NATICUSdroid,,0.0123802364223213,0.0127400042625199,-0.0003597678401985,True,near_perfect_baseline,-2.9059852164848565,,-3.1362862684245605,,False,abs_delta_mean
tabicl,NATICUSdroid,cluster_membership_k10_feature_cumshift,test_time_variant,M20_cluster_membership,TabArena_IID,classification,3,False,4994,2497,86,86,0,1.0,0.4909448935914827,0.0,DAUC < 0.55,source::NATICUSdroid,,0.0123802364223213,0.0127397310035867,-0.0003594945812654,True,near_perfect_baseline,-2.903777997464249,,-2.9594060220337366,,False,abs_delta_mean
tabicl,NATICUSdroid,cluster_membership_k10_weight,test_time_variant,M20_cluster_membership,TabArena_IID,classification,3,False,4994,2497,86,86,0,1.0,0.4909448935914827,0.0,DAUC < 0.55,source::NATICUSdroid,,0.0123802364223213,0.0127905840388105,-0.0004103476164891,True,near_perfect_baseline,-3.3145378043773377,,-3.248081935689702,,False,abs_delta_mean
tabicl,NATICUSdroid,cluster_membership_k15_both,test_time_variant,M20_cluster_membership,TabArena_IID,classification,3,False,4994,2497,86,86,0,1.0,0.4909448935914827,0.0,DAUC < 0.55,source::NATICUSdroid,,0.0123802364223213,0.0124726260079889,-9.238958566759604e-05,True,near_perfect_baseline,-0.7462667312315544,,-0.966156844590811,,False,abs_delta_mean
tabicl,NATICUSdroid,cluster_membership_k5_both,test_time_variant,M20_cluster_membership,TabArena_IID,classification,3,False,4994,2497,86,86,0,1.0,0.4909448935914827,0.0,DAUC < 0.55,source::NATICUSdroid,,0.0123802364223213,0.0123626839046044,1.755251771695665e-05,True,near_perfect_baseline,0.1417785340941449,,-0.1037899559820534,,False,abs_delta_mean
tabicl,NATICUSdroid,cluster_membership_k5_feature,test_time_variant,M20_cluster_membership,TabArena_IID,classification,3,False,4994,2497,86,86,0,1.0,0.4909448935914827,0.0,DAUC < 0.55,source::NATICUSdroid,,0.0123802364223213,0.0123626839046044,1.755251771695665e-05,True,near_perfect_baseline,0.1417785340941449,,-0.1037899559820534,,False,abs_delta_mean
tabicl,NATICUSdroid,freq_enc_train_only,train_only_version,baselines,TabArena_IID,classification,3,False,4994,2497,86,86,0,1.0,0.4909448935914827,0.0,DAUC < 0.55,source::NATICUSdroid,,0.0123802364223213,0.0128768133868218,-0.0004965769645005,True,near_perfect_baseline,-4.011045892509811,,-4.177507996139079,,False,abs_delta_mean
tabicl,NATICUSdroid,freq_ratio_log,test_time_variant,M2_freq_ratio,TabArena_IID,classification,3,False,4994,2497,86,86,0,1.0,0.4909448935914827,0.0,DAUC < 0.55,source::NATICUSdroid,,0.0123802364223213,0.0127079459676103,-0.0003277095452889,True,near_perfect_baseline,-2.647037860263148,,-2.8474709919645704,,False,abs_delta_mean
tabicl,NATICUSdroid,freq_ratio_log__sel_combined_intersection,test_time_variant,selective,TabArena_IID,classification,3,False,4994,2497,86,86,0,1.0,0.4909448935914827,0.0,DAUC < 0.55,source::NATICUSdroid,,0.0123802364223213,0.0125327804184496,-0.0001525439961282,True,near_perfect_baseline,-1.2321573750661587,,-1.25819535760007,,False,abs_delta_mean
tabicl,NATICUSdroid,freq_ratio_log__sel_combined_union,test_time_variant,selective,TabArena_IID,classification,3,False,4994,2497,86,86,0,1.0,0.4909448935914827,0.0,DAUC < 0.55,source::NATICUSdroid,,0.0123802364223213,0.0128233275113105,-0.0004430910889892,True,near_perfect_baseline,-3.5790196073341964,,-3.633976219556146,,False,abs_delta_mean
tabicl,NATICUSdroid,freq_ratio_v2_both_gated,test_time_variant,M2_freq_ratio,TabArena_IID,classification,3,False,4994,2497,86,86,0,1.0,0.4909448935914827,0.0,DAUC < 0.55,source::NATICUSdroid,,0.0123802364223213,0.012203213124627,0.0001770232976943,True,near_perfect_baseline,1.429886244943932,,1.4574784142137582,,False,abs_delta_mean
tabicl,NATICUSdroid,freq_ratio_v2_diff_gated,test_time_variant,M2_freq_ratio,TabArena_IID,classification,3,False,4994,2497,86,86,0,1.0,0.4909448935914827,0.0,DAUC < 0.55,source::NATICUSdroid,,0.0123802364223213,0.0120742022789033,0.000306034143418,True,near_perfect_baseline,2.471957182225309,,2.48361464763328,,False,abs_delta_mean
tabicl,NATICUSdroid,freq_ratio_v2_ratio_gated,test_time_variant,M2_freq_ratio,TabArena_IID,classification,3,False,4994,2497,86,86,0,1.0,0.4909448935914827,0.0,DAUC < 0.55,source::NATICUSdroid,,0.0123802364223213,0.0120745548253499,0.0003056815969713,True,near_perfect_baseline,2.4691095270219687,,2.480783205168619,,False,abs_delta_mean
tabicl,NATICUSdroid,freq_ratio_v2_ratio_ungated,test_time_variant,M2_freq_ratio,TabArena_IID,classification,3,False,4994,2497,86,86,0,1.0,0.4909448935914827,0.0,DAUC < 0.55,source::NATICUSdroid,,0.0123802364223213,0.0127071236894977,-0.0003268872671763,True,near_perfect_baseline,-2.6403959991184025,,-2.8410876878795697,,False,abs_delta_mean
tabicl,NATICUSdroid,groupby_shift_cohen_d,test_time_variant,M14_groupby,TabArena_IID,classification,3,False,4994,2497,86,86,0,1.0,0.4909448935914827,0.0,DAUC < 0.55,source::NATICUSdroid,,0.0123802364223213,0.0123802364223213,0.0,True,near_perfect_baseline,0.0,,0.0,,False,abs_delta_mean
tabicl,NATICUSdroid,groupby_shift_cohen_d__sel_combined_intersection,test_time_variant,selective,TabArena_IID,classification,3,False,4994,2497,86,86,0,1.0,0.4909448935914827,0.0,DAUC < 0.55,source::NATICUSdroid,,0.0123802364223213,0.012228005217204,0.0001522312051173,True,near_perfect_baseline,1.229630840028876,,1.0256332527796277,,False,abs_delta_mean
tabicl,NATICUSdroid,groupby_shift_cohen_d__sel_combined_union,test_time_variant,selective,TabArena_IID,classification,3,False,4994,2497,86,86,0,1.0,0.4909448935914827,0.0,DAUC < 0.55,source::NATICUSdroid,,0.0123802364223213,0.0123677245033949,1.2511918926409274e-05,True,near_perfect_baseline,0.1010636509642893,,-0.0735583320570763,,False,abs_delta_mean
tabicl,NATICUSdroid,groupby_shift_cohen_d_min10,test_time_variant,M14_groupby,TabArena_IID,classification,3,False,4994,2497,86,86,0,1.0,0.4909448935914827,0.0,DAUC < 0.55,source::NATICUSdroid,,0.0123802364223213,0.0123803538552378,-1.174329164651174e-07,True,near_perfect_baseline,-0.0009485514852847,,-0.0008879654050087,,False,abs_delta_mean
tabicl,NATICUSdroid,groupby_shift_ratio_log,test_time_variant,M14_groupby,TabArena_IID,classification,3,False,4994,2497,86,86,0,1.0,0.4909448935914827,0.0,DAUC < 0.55,source::NATICUSdroid,,0.0123802364223213,0.0123802364223213,0.0,True,near_perfect_baseline,0.0,,0.0,,False,abs_delta_mean
tabicl,NATICUSdroid,groupby_shift_ratio_raw,test_time_variant,M14_groupby,TabArena_IID,classification,3,False,4994,2497,86,86,0,1.0,0.4909448935914827,0.0,DAUC < 0.55,source::NATICUSdroid,,0.0123802364223213,0.0123802364223214,-1.1102230246251563e-16,True,near_perfect_baseline,-8.967704547414315e-13,,-9.842488773185545e-13,,False,abs_delta_mean
tabicl,NATICUSdroid,groupby_train_only,train_only_version,baselines,TabArena_IID,classification,3,False,4994,2497,86,86,0,1.0,0.4909448935914827,0.0,DAUC < 0.55,source::NATICUSdroid,,0.0123802364223213,0.0123802364223213,0.0,True,near_perfect_baseline,0.0,,0.0,,False,abs_delta_mean
tabicl,NATICUSdroid,joint_freq_combined,test_time_variant,M1_joint_freq,TabArena_IID,classification,3,False,4994,2497,86,86,0,1.0,0.4909448935914827,0.0,DAUC < 0.55,source::NATICUSdroid,,0.0123802364223213,0.0128763436551561,-0.0004961072328347,True,near_perfect_baseline,-4.007251686569289,,-4.173956134519604,,False,abs_delta_mean
tabicl,NATICUSdroid,joint_freq_combined__sel_combined_intersection,test_time_variant,selective,TabArena_IID,classification,3,False,4994,2497,86,86,0,1.0,0.4909448935914827,0.0,DAUC < 0.55,source::NATICUSdroid,,0.0123802364223213,0.0125587296252204,-0.000178493202899,True,near_perfect_baseline,-1.441759242798205,,-1.556208709083338,,False,abs_delta_mean
tabicl,NATICUSdroid,joint_freq_combined__sel_combined_union,test_time_variant,selective,TabArena_IID,classification,3,False,4994,2497,86,86,0,1.0,0.4909448935914827,0.0,DAUC < 0.55,source::NATICUSdroid,,0.0123802364223213,0.0128198260734928,-0.0004395896511714,True,near_perfect_baseline,-3.550737127918769,,-3.614870461159864,,False,abs_delta_mean
tabicl,NATICUSdroid,joint_freq_separate,test_time_variant,M1_joint_freq,TabArena_IID,classification,3,False,4994,2497,86,86,0,1.0,0.4909448935914827,0.0,DAUC < 0.55,source::NATICUSdroid,,0.0123802364223213,0.0130183175498264,-0.0006380811275051,True,near_perfect_baseline,-5.154030228006492,,-5.316091558669462,,False,abs_delta_mean
tabicl,NATICUSdroid,joint_freq_separate__sel_combined_intersection,test_time_variant,selective,TabArena_IID,classification,3,False,4994,2497,86,86,0,1.0,0.4909448935914827,0.0,DAUC < 0.55,source::NATICUSdroid,,0.0123802364223213,0.012616258997862,-0.0002360225755407,True,near_perfect_baseline,-1.9064464319531595,,-2.170402916992981,,False,abs_delta_mean
tabicl,NATICUSdroid,joint_freq_separate__sel_combined_union,test_time_variant,selective,TabArena_IID,classification,3,False,4994,2497,86,86,0,1.0,0.4909448935914827,0.0,DAUC < 0.55,source::NATICUSdroid,,0.0123802364223213,0.0128096045796621,-0.0004293681573408,True,near_perfect_baseline,-3.4681741341115884,,-3.578141396003909,,False,abs_delta_mean
tabicl,NATICUSdroid,joint_groupby_combined,test_time_variant,M14_groupby,TabArena_IID,classification,3,False,4994,2497,86,86,0,1.0,0.4909448935914827,0.0,DAUC < 0.55,source::NATICUSdroid,,0.0123802364223213,0.0123802364223213,0.0,True,near_perfect_baseline,0.0,,0.0,,False,abs_delta_mean
tabicl,NATICUSdroid,joint_groupby_combined__sel_combined_intersection,test_time_variant,selective,TabArena_IID,classification,3,False,4994,2497,86,86,0,1.0,0.4909448935914827,0.0,DAUC < 0.55,source::NATICUSdroid,,0.0123802364223213,0.0122280050933553,0.000152231328966,True,near_perfect_baseline,1.2296318404029272,,1.025410794597282,,False,abs_delta_mean
tabicl,NATICUSdroid,joint_groupby_combined__sel_combined_union,test_time_variant,selective,TabArena_IID,classification,3,False,4994,2497,86,86,0,1.0,0.4909448935914827,0.0,DAUC < 0.55,source::NATICUSdroid,,0.0123802364223213,0.0123676071324028,1.2629289918556866e-05,True,near_perfect_baseline,0.1020117022626957,,-0.0724060219070206,,False,abs_delta_mean
tabicl,NATICUSdroid,joint_groupby_mean_only,test_time_variant,M14_groupby,TabArena_IID,classification,3,False,4994,2497,86,86,0,1.0,0.4909448935914827,0.0,DAUC < 0.55,source::NATICUSdroid,,0.0123802364223213,0.0123802364223213,0.0,True,near_perfect_baseline,0.0,,0.0,,False,abs_delta_mean
tabicl,NATICUSdroid,joint_groupby_separate,test_time_variant,M14_groupby,TabArena_IID,classification,3,False,4994,2497,86,86,0,1.0,0.4909448935914827,0.0,DAUC < 0.55,source::NATICUSdroid,,0.0123802364223213,0.0123802364223214,-1.1102230246251563e-16,True,near_perfect_baseline,-8.967704547414315e-13,,-9.842488773185545e-13,,False,abs_delta_mean
tabicl,NATICUSdroid,joint_pca_10,test_time_variant,M3_joint_pca,TabArena_IID,classification,3,False,4994,2497,86,86,0,1.0,0.4909448935914827,0.0,DAUC < 0.55,source::NATICUSdroid,,0.0123802364223213,0.0123802364223214,-1.1102230246251563e-16,True,near_perfect_baseline,-8.967704547414315e-13,,-9.842488773185545e-13,,False,abs_delta_mean
tabicl,NATICUSdroid,joint_pca_5,test_time_variant,M3_joint_pca,TabArena_IID,classification,3,False,4994,2497,86,86,0,1.0,0.4909448935914827,0.0,DAUC < 0.55,source::NATICUSdroid,,0.0123802364223213,0.0123802364223214,-1.1102230246251563e-16,True,near_perfect_baseline,-8.967704547414315e-13,,-9.842488773185545e-13,,False,abs_delta_mean
tabicl,NATICUSdroid,joint_pca_var90,test_time_variant,M3_joint_pca,TabArena_IID,classification,3,False,4994,2497,86,86,0,1.0,0.4909448935914827,0.0,DAUC < 0.55,source::NATICUSdroid,,0.0123802364223213,0.0123802364223214,-1.1102230246251563e-16,True,near_perfect_baseline,-8.967704547414315e-13,,-9.842488773185545e-13,,False,abs_delta_mean
tabicl,NATICUSdroid,joint_pca_var95,test_time_variant,M3_joint_pca,TabArena_IID,classification,3,False,4994,2497,86,86,0,1.0,0.4909448935914827,0.0,DAUC < 0.55,source::NATICUSdroid,,0.0123802364223213,0.0123802364223213,0.0,True,near_perfect_baseline,0.0,,0.0,,False,abs_delta_mean
tabicl,NATICUSdroid,joint_scaling,test_time_variant,M5_joint_scaling,TabArena_IID,classification,3,False,4994,2497,86,86,0,1.0,0.4909448935914827,0.0,DAUC < 0.55,source::NATICUSdroid,,0.0123802364223213,0.0123803538552378,-1.174329164651174e-07,True,near_perfect_baseline,-0.0009485514852847,,-0.0008879654050087,,False,abs_delta_mean
tabicl,NATICUSdroid,joint_tsne_2d_p30,test_time_variant,M3b_joint_tsne,TabArena_IID,classification,3,False,4994,2497,86,86,0,1.0,0.4909448935914827,0.0,DAUC < 0.55,source::NATICUSdroid,,0.0123802364223213,0.0130173666924136,-0.0006371302700923,True,near_perfect_baseline,-5.146349781685672,,-5.241106255989218,,False,abs_delta_mean
tabicl,NATICUSdroid,joint_tsne_2d_p50,test_time_variant,M3b_joint_tsne,TabArena_IID,classification,3,False,4994,2497,86,86,0,1.0,0.4909448935914827,0.0,DAUC < 0.55,source::NATICUSdroid,,0.0123802364223213,0.0131374886764621,-0.0007572522541407,True,near_perfect_baseline,-6.116621915034315,,-6.154161244387282,,False,abs_delta_mean
tabicl,NATICUSdroid,joint_tsne_3d_p30,test_time_variant,M3b_joint_tsne,TabArena_IID,classification,3,False,4994,2497,86,86,0,1.0,0.4909448935914827,0.0,DAUC < 0.55,source::NATICUSdroid,,0.0123802364223213,0.0137820560092758,-0.0014018195869545,True,near_perfect_baseline,-11.323043754051843,,-11.603157633698975,,False,abs_delta_mean
tabicl,NATICUSdroid,label_prop_k10_a05,test_time_variant,M8_label_prop,TabArena_IID,classification,3,False,4994,2497,86,86,0,1.0,0.4909448935914827,0.0,DAUC < 0.55,source::NATICUSdroid,,0.0123802364223213,0.0128540150905867,-0.0004737786682653,True,near_perfect_baseline,-3.82689515856996,,-3.871102183150228,,False,abs_delta_mean
tabicl,NATICUSdroid,label_prop_k15_a05,test_time_variant,M8_label_prop,TabArena_IID,classification,3,False,4994,2497,86,86,0,1.0,0.4909448935914827,0.0,DAUC < 0.55,source::NATICUSdroid,,0.0123802364223213,0.0125912884282003,-0.0002110520058789,True,near_perfect_baseline,-1.7047493979873645,,-1.7416950136355478,,False,abs_delta_mean
tabicl,NATICUSdroid,label_prop_k15_a08,test_time_variant,M8_label_prop,TabArena_IID,classification,3,False,4994,2497,86,86,0,1.0,0.4909448935914827,0.0,DAUC < 0.55,source::NATICUSdroid,,0.0123802364223213,0.0128085602540582,-0.0004283238317369,True,near_perfect_baseline,-3.459738708742813,,-3.5293494390959013,,False,abs_delta_mean
tabicl,NATICUSdroid,label_prop_v3_adaptive,test_time_variant,M8_label_prop,TabArena_IID,classification,3,False,4994,2497,86,86,0,1.0,0.4909448935914827,0.0,DAUC < 0.55,source::NATICUSdroid,,0.0123802364223213,0.0136806006329572,-0.0013003642106358,True,near_perfect_baseline,-10.503549094517634,,-10.640337740397085,,False,abs_delta_mean
tabicl,NATICUSdroid,label_prop_v3_t005_k10,test_time_variant,M8_label_prop,TabArena_IID,classification,3,False,4994,2497,86,86,0,1.0,0.4909448935914827,0.0,DAUC < 0.55,source::NATICUSdroid,,0.0123802364223213,0.0145644883850958,-0.0021842519627744,True,near_perfect_baseline,-17.64305533645808,,-17.666770632578544,,False,abs_delta_mean
tabicl,NATICUSdroid,label_prop_v3_t005_k15,test_time_variant,M8_label_prop,TabArena_IID,classification,3,False,4994,2497,86,86,0,1.0,0.4909448935914827,0.0,DAUC < 0.55,source::NATICUSdroid,,0.0123802364223213,0.0144333164985932,-0.0020530800762718,True,near_perfect_baseline,-16.583528829628605,,-16.376032924541985,,False,abs_delta_mean
tabicl,NATICUSdroid,label_prop_v3_t01_k15,test_time_variant,M8_label_prop,TabArena_IID,classification,3,False,4994,2497,86,86,0,1.0,0.4909448935914827,0.0,DAUC < 0.55,source::NATICUSdroid,,0.0123802364223213,0.0148800452457354,-0.0024998088234141,True,near_perfect_baseline,-20.19193122117612,,-19.92420235330859,,False,abs_delta_mean
tabicl,NATICUSdroid,label_prop_weighted_adaptive_a05,test_time_variant,M8_label_prop,TabArena_IID,classification,3,False,4994,2497,86,86,0,1.0,0.4909448935914827,0.0,DAUC < 0.55,source::NATICUSdroid,,0.0123802364223213,0.0132141254698256,-0.0008338890475042,True,near_perfect_baseline,-6.7356471965330655,,-6.679001573562208,,False,abs_delta_mean
tabicl,NATICUSdroid,label_prop_weighted_k10_a05,test_time_variant,M8_label_prop,TabArena_IID,classification,3,False,4994,2497,86,86,0,1.0,0.4909448935914827,0.0,DAUC < 0.55,source::NATICUSdroid,,0.0123802364223213,0.0138207287172485,-0.0014404922949271,True,near_perfect_baseline,-11.635418305340025,,-11.483062540014645,,False,abs_delta_mean
tabicl,NATICUSdroid,label_prop_weighted_k15_a05,test_time_variant,M8_label_prop,TabArena_IID,classification,3,False,4994,2497,86,86,0,1.0,0.4909448935914827,0.0,DAUC < 0.55,source::NATICUSdroid,,0.0123802364223213,0.0136618217320323,-0.001281585309711,True,near_perfect_baseline,-10.35186458475325,,-10.065070200069313,,False,abs_delta_mean
tabicl,NATICUSdroid,label_prop_weighted_k15_a08,test_time_variant,M8_label_prop,TabArena_IID,classification,3,False,4994,2497,86,86,0,1.0,0.4909448935914827,0.0,DAUC < 0.55,source::NATICUSdroid,,0.0123802364223213,0.0138194723139744,-0.001439235891653,True,near_perfect_baseline,-11.625269845882332,,-11.38099736670206,,False,abs_delta_mean
tabicl,NATICUSdroid,leaf_density_conf,test_time_variant,M18_leaf_density,TabArena_IID,classification,3,False,4994,2497,86,86,0,1.0,0.4909448935914827,0.0,DAUC < 0.55,source::NATICUSdroid,,0.0123802364223213,0.0130567710212428,-0.0006765345989214,True,near_perfect_baseline,-5.464633920089416,,-5.681597466484245,,False,abs_delta_mean
tabicl,NATICUSdroid,leaf_density_conf_cumshift,test_time_variant,M18_leaf_density,TabArena_IID,classification,3,False,4994,2497,86,86,0,1.0,0.4909448935914827,0.0,DAUC < 0.55,source::NATICUSdroid,,0.0123802364223213,0.0129575259642439,-0.0005772895419225,True,near_perfect_baseline,-4.66299287210505,,-4.897134285358418,,False,abs_delta_mean
tabicl,NATICUSdroid,leaf_density_conf_deep,test_time_variant,M18_leaf_density,TabArena_IID,classification,3,False,4994,2497,86,86,0,1.0,0.4909448935914827,0.0,DAUC < 0.55,source::NATICUSdroid,,0.0123802364223213,0.0128587626522357,-0.0004785262299143,True,near_perfect_baseline,-3.865243066373016,,-4.111181012796639,,False,abs_delta_mean
tabicl,NATICUSdroid,leaf_density_conf_shallow,test_time_variant,M18_leaf_density,TabArena_IID,classification,3,False,4994,2497,86,86,0,1.0,0.4909448935914827,0.0,DAUC < 0.55,source::NATICUSdroid,,0.0123802364223213,0.0134377060633757,-0.0010574696410544,True,near_perfect_baseline,-8.541594885440373,,-8.739986181604772,,False,abs_delta_mean
tabicl,NATICUSdroid,leaf_density_embed_k10,test_time_variant,M18_leaf_density,TabArena_IID,classification,3,False,4994,2497,86,86,0,1.0,0.4909448935914827,0.0,DAUC < 0.55,source::NATICUSdroid,,0.0123802364223213,0.0130040271455407,-0.0006237907232194,True,near_perfect_baseline,-5.038601056880784,,-5.181860912420465,,False,abs_delta_mean
tabicl,NATICUSdroid,leaf_density_embed_k10_cumshift,test_time_variant,M18_leaf_density,TabArena_IID,classification,3,False,4994,2497,86,86,0,1.0,0.4909448935914827,0.0,DAUC < 0.55,source::NATICUSdroid,,0.0123802364223213,0.0132601154544779,-0.0008798790321566,True,near_perfect_baseline,-7.107126246557079,,-7.124598091578887,,False,abs_delta_mean
tabicl,NATICUSdroid,leaf_density_embed_k20,test_time_variant,M18_leaf_density,TabArena_IID,classification,3,False,4994,2497,86,86,0,1.0,0.4909448935914827,0.0,DAUC < 0.55,source::NATICUSdroid,,0.0123802364223213,0.0134906493355012,-0.0011104129131799,True,near_perfect_baseline,-8.969238351360309,,-9.342749411590344,,False,abs_delta_mean
tabicl,NATICUSdroid,leaf_density_embed_k5,test_time_variant,M18_leaf_density,TabArena_IID,classification,3,False,4994,2497,86,86,0,1.0,0.4909448935914827,0.0,DAUC < 0.55,source::NATICUSdroid,,0.0123802364223213,0.0129466457964469,-0.0005664093741255,True,near_perfect_baseline,-4.575109511675923,,-4.697499399056917,,False,abs_delta_mean
tabicl,NATICUSdroid,nearest_test_k10_both,test_time_variant,M16_nearest_test_dist,TabArena_IID,classification,3,False,4994,2497,86,86,0,1.0,0.4909448935914827,0.0,DAUC < 0.55,source::NATICUSdroid,,0.0123802364223213,0.0121475158881753,0.000232720534146,True,near_perfect_baseline,1.879774555245434,,1.480783552005161,,False,abs_delta_mean
tabicl,NATICUSdroid,nearest_test_k10_cumshift_both,test_time_variant,M16_nearest_test_dist,TabArena_IID,classification,3,False,4994,2497,86,86,0,1.0,0.4909448935914827,0.0,DAUC < 0.55,source::NATICUSdroid,,0.0123802364223213,0.0132902975584895,-0.0009100611361681,True,near_perfect_baseline,-7.350918876858791,,-7.380853896101267,,False,abs_delta_mean
tabicl,NATICUSdroid,nearest_test_k10_filter_both,test_time_variant,M16_nearest_test_dist,TabArena_IID,classification,3,False,4994,2497,86,86,0,1.0,0.4909448935914827,0.0,DAUC < 0.55,source::NATICUSdroid,,0.0123802364223213,0.0121475158881753,0.000232720534146,True,near_perfect_baseline,1.879774555245434,,1.480783552005161,,False,abs_delta_mean
tabicl,NATICUSdroid,nearest_test_k5_both,test_time_variant,M16_nearest_test_dist,TabArena_IID,classification,3,False,4994,2497,86,86,0,1.0,0.4909448935914827,0.0,DAUC < 0.55,source::NATICUSdroid,,0.0123802364223213,0.01181120362041,0.0005690328019113,True,near_perfect_baseline,4.596299961488173,,4.139222125090939,,False,abs_delta_mean
tabicl,NATICUSdroid,nearest_test_rel_k10_both,test_time_variant,M16_nearest_test_dist,TabArena_IID,classification,3,False,4994,2497,86,86,0,1.0,0.4909448935914827,0.0,DAUC < 0.55,source::NATICUSdroid,,0.0123802364223213,0.0127429272781829,-0.0003626908558616,True,near_perfect_baseline,-2.929595554473232,,-3.3487283512982207,,False,abs_delta_mean
tabicl,NATICUSdroid,nearest_test_rel_k10_cumshift_both,test_time_variant,M16_nearest_test_dist,TabArena_IID,classification,3,False,4994,2497,86,86,0,1.0,0.4909448935914827,0.0,DAUC < 0.55,source::NATICUSdroid,,0.0123802364223213,0.0132975971004645,-0.0009173606781431,True,near_perfect_baseline,-7.409880125464836,,-7.566150315182969,,False,abs_delta_mean
tabicl,NATICUSdroid,nearest_test_rel_k5_both,test_time_variant,M16_nearest_test_dist,TabArena_IID,classification,3,False,4994,2497,86,86,0,1.0,0.4909448935914827,0.0,DAUC < 0.55,source::NATICUSdroid,,0.0123802364223213,0.0127689414811874,-0.000388705058866,True,near_perfect_baseline,-3.139722422143905,,-3.4388279703962223,,False,abs_delta_mean
tabicl,NATICUSdroid,neighbor_consensus_k10_dist,test_time_variant,M19_neighbor_consensus,TabArena_IID,classification,3,False,4994,2497,86,86,0,1.0,0.4909448935914827,0.0,DAUC < 0.55,source::NATICUSdroid,,0.0123802364223213,0.0143902542115154,-0.0020100177891941,True,near_perfect_baseline,-16.235697935219413,,-16.00058262426694,,False,abs_delta_mean
tabicl,NATICUSdroid,neighbor_consensus_k10_dist_cumshift,test_time_variant,M19_neighbor_consensus,TabArena_IID,classification,3,False,4994,2497,86,86,0,1.0,0.4909448935914827,0.0,DAUC < 0.55,source::NATICUSdroid,,0.0123802364223213,0.0150234481622902,-0.0026432117399688,True,near_perfect_baseline,-21.35025252993693,,-21.31595265235526,,False,abs_delta_mean
tabicl,NATICUSdroid,neighbor_consensus_k10_uniform,test_time_variant,M19_neighbor_consensus,TabArena_IID,classification,3,False,4994,2497,86,86,0,1.0,0.4909448935914827,0.0,DAUC < 0.55,source::NATICUSdroid,,0.0123802364223213,0.0149487486659173,-0.0025685122435959,True,near_perfect_baseline,-20.746875552109618,,-20.694133622160763,,False,abs_delta_mean
tabicl,NATICUSdroid,neighbor_consensus_k20_dist,test_time_variant,M19_neighbor_consensus,TabArena_IID,classification,3,False,4994,2497,86,86,0,1.0,0.4909448935914827,0.0,DAUC < 0.55,source::NATICUSdroid,,0.0123802364223213,0.0140127320553727,-0.0016324956330513,True,near_perfect_baseline,-13.186304181622749,,-13.012257616166403,,False,abs_delta_mean
tabicl,NATICUSdroid,neighbor_consensus_k5_dist,test_time_variant,M19_neighbor_consensus,TabArena_IID,classification,3,False,4994,2497,86,86,0,1.0,0.4909448935914827,0.0,DAUC < 0.55,source::NATICUSdroid,,0.0123802364223213,0.0147347488613874,-0.002354512439066,True,near_perfect_baseline,-19.018315634271136,,-18.80347136230493,,False,abs_delta_mean
tabicl,NATICUSdroid,neighbor_consensus_k5_dist_cumshift,test_time_variant,M19_neighbor_consensus,TabArena_IID,classification,3,False,4994,2497,86,86,0,1.0,0.4909448935914827,0.0,DAUC < 0.55,source::NATICUSdroid,,0.0123802364223213,0.0148084172220439,-0.0024281807997225,True,near_perfect_baseline,-19.613363726597168,,-19.564871819585445,,False,abs_delta_mean
tabicl,NATICUSdroid,ot_disp_v2_selective,test_time_variant,M9_ot_displacement,TabArena_IID,classification,3,False,4994,2497,86,86,0,1.0,0.4909448935914827,0.0,DAUC < 0.55,source::NATICUSdroid,,0.0123802364223213,0.0123803538552379,-1.174329165761397e-07,True,near_perfect_baseline,-0.0009485514861815,,-0.000887965405993,,False,abs_delta_mean
tabicl,NATICUSdroid,ot_disp_v2_selective_abs,test_time_variant,M9_ot_displacement,TabArena_IID,classification,3,False,4994,2497,86,86,0,1.0,0.4909448935914827,0.0,DAUC < 0.55,source::NATICUSdroid,,0.0123802364223213,0.0123802364223214,-1.1102230246251563e-16,True,near_perfect_baseline,-8.967704547414315e-13,,-9.842488773185545e-13,,False,abs_delta_mean
tabicl,NATICUSdroid,ot_disp_v2_selective_and_summary,test_time_variant,M9_ot_displacement,TabArena_IID,classification,3,False,4994,2497,86,86,0,1.0,0.4909448935914827,0.0,DAUC < 0.55,source::NATICUSdroid,,0.0123802364223213,0.0123802364223214,-1.1102230246251563e-16,True,near_perfect_baseline,-8.967704547414315e-13,,-9.842488773185545e-13,,False,abs_delta_mean
tabicl,NATICUSdroid,ot_disp_v2_selective_and_summary_abs,test_time_variant,M9_ot_displacement,TabArena_IID,classification,3,False,4994,2497,86,86,0,1.0,0.4909448935914827,0.0,DAUC < 0.55,source::NATICUSdroid,,0.0123802364223213,0.0123802364223213,0.0,True,near_perfect_baseline,0.0,,0.0,,False,abs_delta_mean
tabicl,NATICUSdroid,ot_disp_v2_selective_and_summary_top10,test_time_variant,M9_ot_displacement,TabArena_IID,classification,3,False,4994,2497,86,86,0,1.0,0.4909448935914827,0.0,DAUC < 0.55,source::NATICUSdroid,,0.0123802364223213,0.0123802364223213,0.0,True,near_perfect_baseline,0.0,,0.0,,False,abs_delta_mean
tabicl,NATICUSdroid,ot_disp_v2_selective_top10,test_time_variant,M9_ot_displacement,TabArena_IID,classification,3,False,4994,2497,86,86,0,1.0,0.4909448935914827,0.0,DAUC < 0.55,source::NATICUSdroid,,0.0123802364223213,0.0123802364223214,-1.1102230246251563e-16,True,near_perfect_baseline,-8.967704547414315e-13,,-9.842488773185545e-13,,False,abs_delta_mean
tabicl,NATICUSdroid,ot_disp_v2_summary_only,test_time_variant,M9_ot_displacement,TabArena_IID,classification,3,False,4994,2497,86,86,0,1.0,0.4909448935914827,0.0,DAUC < 0.55,source::NATICUSdroid,,0.0123802364223213,0.0123802364223213,0.0,True,near_perfect_baseline,0.0,,0.0,,False,abs_delta_mean
tabicl,NATICUSdroid,ot_displacement_mag,test_time_variant,M9_ot_displacement,TabArena_IID,classification,3,False,4994,2497,86,86,0,1.0,0.4909448935914827,0.0,DAUC < 0.55,source::NATICUSdroid,,0.0123802364223213,0.0122832368333366,9.699958898468086e-05,True,near_perfect_baseline,0.7835035267161146,,0.8599329543788498,,False,abs_delta_mean
tabicl,NATICUSdroid,ot_displacement_no_mag,test_time_variant,M9_ot_displacement,TabArena_IID,classification,3,False,4994,2497,86,86,0,1.0,0.4909448935914827,0.0,DAUC < 0.55,source::NATICUSdroid,,0.0123802364223213,0.0122367333984238,0.0001435030238975,True,near_perfect_baseline,1.1591299148278478,,1.2722010535735278,,False,abs_delta_mean
tabicl,NATICUSdroid,pca_train_only_10,train_only_version,baselines,TabArena_IID,classification,3,False,4994,2497,86,86,0,1.0,0.4909448935914827,0.0,DAUC < 0.55,source::NATICUSdroid,,0.0123802364223213,0.0123802364223213,0.0,True,near_perfect_baseline,0.0,,0.0,,False,abs_delta_mean
tabicl,NATICUSdroid,pca_train_only_5,train_only_version,baselines,TabArena_IID,classification,3,False,4994,2497,86,86,0,1.0,0.4909448935914827,0.0,DAUC < 0.55,source::NATICUSdroid,,0.0123802364223213,0.0123803538552378,-1.174329164651174e-07,True,near_perfect_baseline,-0.0009485514852847,,-0.0008879654050087,,False,abs_delta_mean
tabicl,NATICUSdroid,pca_train_only_var90,train_only_version,baselines,TabArena_IID,classification,3,False,4994,2497,86,86,0,1.0,0.4909448935914827,0.0,DAUC < 0.55,source::NATICUSdroid,,0.0123802364223213,0.0123802364223213,0.0,True,near_perfect_baseline,0.0,,0.0,,False,abs_delta_mean
tabicl,NATICUSdroid,pca_train_only_var95,train_only_version,baselines,TabArena_IID,classification,3,False,4994,2497,86,86,0,1.0,0.4909448935914827,0.0,DAUC < 0.55,source::NATICUSdroid,,0.0123802364223213,0.0123802364223213,0.0,True,near_perfect_baseline,0.0,,0.0,,False,abs_delta_mean
tabicl,NATICUSdroid,pseudo_label_lgbm_conf80_iter5,test_time_variant,M7_pseudo_label,TabArena_IID,classification,3,False,4994,2497,86,86,0,1.0,0.4909448935914827,0.0,DAUC < 0.55,source::NATICUSdroid,,0.0123802364223213,0.0154479257503067,-0.0030676893279853,True,near_perfect_baseline,-24.77892362745488,,-25.182910333594062,,False,abs_delta_mean
tabicl,NATICUSdroid,pseudo_label_lgbm_conf90_iter1,test_time_variant,M7_pseudo_label,TabArena_IID,classification,3,False,4994,2497,86,86,0,1.0,0.4909448935914827,0.0,DAUC < 0.55,source::NATICUSdroid,,0.0123802364223213,0.0137142787630284,-0.0013340423407071,True,near_perfect_baseline,-10.775580491353557,,-10.723550429775411,,False,abs_delta_mean
tabicl,NATICUSdroid,pseudo_label_lgbm_conf90_iter3,test_time_variant,M7_pseudo_label,TabArena_IID,classification,3,False,4994,2497,86,86,0,1.0,0.4909448935914827,0.0,DAUC < 0.55,source::NATICUSdroid,,0.0123802364223213,0.0141554163684309,-0.0017751799461095,True,near_perfect_baseline,-14.338821049563776,,-14.28523199867801,,False,abs_delta_mean
tabicl,NATICUSdroid,pseudo_label_lgbm_conf95_iter3,test_time_variant,M7_pseudo_label,TabArena_IID,classification,3,False,4994,2497,86,86,0,1.0,0.4909448935914827,0.0,DAUC < 0.55,source::NATICUSdroid,,0.0123802364223213,0.0134061650336974,-0.001025928611376,True,near_perfect_baseline,-8.28682568231331,,-8.188449864971481,,False,abs_delta_mean
tabicl,NATICUSdroid,pseudo_label_v2_cal_iso_wfixed_conf90,test_time_variant,M7_pseudo_label,TabArena_IID,classification,3,False,4994,2497,86,86,0,1.0,0.4909448935914827,0.0,DAUC < 0.55,source::NATICUSdroid,,0.0123802364223213,0.013730798720769,-0.0013505622984476,True,near_perfect_baseline,-10.909018635642942,,-10.936298899542358,,False,abs_delta_mean
tabicl,NATICUSdroid,pseudo_label_v2_cal_iso_wprop_conf85,test_time_variant,M7_pseudo_label,TabArena_IID,classification,3,False,4994,2497,86,86,0,1.0,0.4909448935914827,0.0,DAUC < 0.55,source::NATICUSdroid,,0.0123802364223213,0.0145478025695932,-0.0021675661472718,True,near_perfect_baseline,-17.508277494311397,,-17.247970679306338,,False,abs_delta_mean
tabicl,NATICUSdroid,pseudo_label_v2_cal_iso_wprop_conf90,test_time_variant,M7_pseudo_label,TabArena_IID,classification,3,False,4994,2497,86,86,0,1.0,0.4909448935914827,0.0,DAUC < 0.55,source::NATICUSdroid,,0.0123802364223213,0.0137304464220197,-0.0013502099996983,True,near_perfect_baseline,-10.906172981187687,,-10.93378811898152,,False,abs_delta_mean
tabicl,NATICUSdroid,pseudo_label_v2_cal_iso_wquad_conf90,test_time_variant,M7_pseudo_label,TabArena_IID,classification,3,False,4994,2497,86,86,0,1.0,0.4909448935914827,0.0,DAUC < 0.55,source::NATICUSdroid,,0.0123802364223213,0.0137303289891033,-0.0013500925667819,True,near_perfect_baseline,-10.905224429703008,,-10.93274703792344,,False,abs_delta_mean
tabicl,NATICUSdroid,pseudo_label_v2_cal_platt_wprop_conf90,test_time_variant,M7_pseudo_label,TabArena_IID,classification,3,False,4994,2497,86,86,0,1.0,0.4909448935914827,0.0,DAUC < 0.55,source::NATICUSdroid,,0.0123802364223213,0.0149194005680606,-0.0025391641457392,True,near_perfect_baseline,-20.509819514926384,,-20.41943030505812,,False,abs_delta_mean
tabicl,NATICUSdroid,target_enc_absolute,test_time_variant,M4_target_encoding,TabArena_IID,classification,3,False,4994,2497,86,86,0,1.0,0.4909448935914827,0.0,DAUC < 0.55,source::NATICUSdroid,,0.0123802364223213,0.0125943016189701,-0.0002140651966487,True,near_perfect_baseline,-1.7290881154967386,,-1.869054738972836,,False,abs_delta_mean
tabicl,NATICUSdroid,target_enc_diff,test_time_variant,M4_target_encoding,TabArena_IID,classification,3,False,4994,2497,86,86,0,1.0,0.4909448935914827,0.0,DAUC < 0.55,source::NATICUSdroid,,0.0123802364223213,0.0125943016189701,-0.0002140651966487,True,near_perfect_baseline,-1.7290881154967386,,-1.869054738972836,,False,abs_delta_mean
tabicl,NATICUSdroid,target_enc_inv_ratio,test_time_variant,M4_target_encoding,TabArena_IID,classification,3,False,4994,2497,86,86,0,1.0,0.4909448935914827,0.0,DAUC < 0.55,source::NATICUSdroid,,0.0123802364223213,0.0125943016189702,-0.0002140651966488,True,near_perfect_baseline,-1.7290881154973412,,-1.8690547389734224,,False,abs_delta_mean
tabicl,NATICUSdroid,target_enc_oof_absolute,test_time_variant,M4_target_encoding,TabArena_IID,classification,3,False,4994,2497,86,86,0,1.0,0.4909448935914827,0.0,DAUC < 0.55,source::NATICUSdroid,,0.0123802364223213,0.0155705029512534,-0.003190266528932,True,near_perfect_baseline,-25.769027505646825,,-26.35714468018189,,False,abs_delta_mean
tabicl,NATICUSdroid,target_enc_oof_diff,test_time_variant,M4_target_encoding,TabArena_IID,classification,3,False,4994,2497,86,86,0,1.0,0.4909448935914827,0.0,DAUC < 0.55,source::NATICUSdroid,,0.0123802364223213,0.0155928238747878,-0.0032125874524664,True,near_perfect_baseline,-25.94932231402493,,-26.51916674227961,,False,abs_delta_mean
tabicl,NATICUSdroid,target_enc_oof_inv_ratio,test_time_variant,M4_target_encoding,TabArena_IID,classification,3,False,4994,2497,86,86,0,1.0,0.4909448935914827,0.0,DAUC < 0.55,source::NATICUSdroid,,0.0123802364223213,0.0156215917192508,-0.0032413552969295,True,near_perfect_baseline,-26.1816914181494,,-26.74525826097211,,False,abs_delta_mean
tabicl,NATICUSdroid,target_enc_oof_ratio,test_time_variant,M4_target_encoding,TabArena_IID,classification,3,False,4994,2497,86,86,0,1.0,0.4909448935914827,0.0,DAUC < 0.55,source::NATICUSdroid,,0.0123802364223213,0.0156080839614905,-0.0032278475391691,True,near_perfect_baseline,-26.072583988375538,,-26.62949489472188,,False,abs_delta_mean
tabicl,NATICUSdroid,target_enc_oof_ratio_cap5,test_time_variant,M4_target_encoding,TabArena_IID,classification,3,False,4994,2497,86,86,0,1.0,0.4909448935914827,0.0,DAUC < 0.55,source::NATICUSdroid,,0.0123802364223213,0.0156043241265848,-0.0032240877042635,True,near_perfect_baseline,-26.042214334861523,,-26.599739631759547,,False,abs_delta_mean
tabicl,NATICUSdroid,target_enc_ratio,test_time_variant,M4_target_encoding,TabArena_IID,classification,3,False,4994,2497,86,86,0,1.0,0.4909448935914827,0.0,DAUC < 0.55,source::NATICUSdroid,,0.0123802364223213,0.0125947715983333,-0.0002145351760119,True,near_perfect_baseline,-1.732884322185952,,-1.872774146843091,,False,abs_delta_mean
tabicl,NATICUSdroid,target_enc_ratio__sel_combined_intersection,test_time_variant,selective,TabArena_IID,classification,3,False,4994,2497,86,86,0,1.0,0.4909448935914827,0.0,DAUC < 0.55,source::NATICUSdroid,,0.0123802364223213,0.0126040847391979,-0.0002238483168765,True,near_perfect_baseline,-1.8081101946723663,,-1.9137996299290727,,False,abs_delta_mean
tabicl,NATICUSdroid,target_enc_ratio__sel_combined_union,test_time_variant,selective,TabArena_IID,classification,3,False,4994,2497,86,86,0,1.0,0.4909448935914827,0.0,DAUC < 0.55,source::NATICUSdroid,,0.0123802364223213,0.0127122635906145,-0.0003320271682931,True,near_perfect_baseline,-2.681912985882321,,-2.802536720370297,,False,abs_delta_mean
tabicl,NATICUSdroid,target_enc_ratio_cap5,test_time_variant,M4_target_encoding,TabArena_IID,classification,3,False,4994,2497,86,86,0,1.0,0.4909448935914827,0.0,DAUC < 0.55,source::NATICUSdroid,,0.0123802364223213,0.0125948890312497,-0.0002146526089283,True,near_perfect_baseline,-1.7338328736709283,,-1.87366211224782,,False,abs_delta_mean
tabicl,NATICUSdroid,target_enc_standard_m10,train_only_version,baselines,TabArena_IID,classification,3,False,4994,2497,86,86,0,1.0,0.4909448935914827,0.0,DAUC < 0.55,source::NATICUSdroid,,0.0123802364223213,0.0125947714744846,-0.0002145350521632,True,near_perfect_baseline,-1.7328833218119009,,-1.8729966050254367,,False,abs_delta_mean
tabicl,NATICUSdroid,target_enc_standard_m20,train_only_version,baselines,TabArena_IID,classification,3,False,4994,2497,86,86,0,1.0,0.4909448935914827,0.0,DAUC < 0.55,source::NATICUSdroid,,0.0123802364223213,0.0125945366086518,-0.0002143001863304,True,near_perfect_baseline,-1.7309862188419478,,-1.8709144429085496,,False,abs_delta_mean
tabicl,NATICUSdroid,target_enc_standard_m5,train_only_version,baselines,TabArena_IID,classification,3,False,4994,2497,86,86,0,1.0,0.4909448935914827,0.0,DAUC < 0.55,source::NATICUSdroid,,0.0123802364223213,0.0125944191138109,-0.0002141826914896,True,near_perfect_baseline,-1.7300371671694903,,-1.8699845909408392,,False,abs_delta_mean
tabicl,NATICUSdroid,targeted_groupby_top3,test_time_variant,M14_groupby,TabArena_IID,classification,3,False,4994,2497,86,86,0,1.0,0.4909448935914827,0.0,DAUC < 0.55,source::NATICUSdroid,,0.0123802364223213,0.0123802364223214,-1.1102230246251563e-16,True,near_perfect_baseline,-8.967704547414315e-13,,-9.842488773185545e-13,,False,abs_delta_mean
tabicl,NATICUSdroid,targeted_groupby_top3_shifted_agg,test_time_variant,M14_groupby,TabArena_IID,classification,3,False,4994,2497,86,86,0,1.0,0.4909448935914827,0.0,DAUC < 0.55,source::NATICUSdroid,,0.0123802364223213,0.0123802364223213,0.0,True,near_perfect_baseline,0.0,,0.0,,False,abs_delta_mean
tabicl,NATICUSdroid,targeted_groupby_top5,test_time_variant,M14_groupby,TabArena_IID,classification,3,False,4994,2497,86,86,0,1.0,0.4909448935914827,0.0,DAUC < 0.55,source::NATICUSdroid,,0.0123802364223213,0.0123802364223213,0.0,True,near_perfect_baseline,0.0,,0.0,,False,abs_delta_mean
tabicl,NATICUSdroid,targeted_groupby_top5_shifted_agg,test_time_variant,M14_groupby,TabArena_IID,classification,3,False,4994,2497,86,86,0,1.0,0.4909448935914827,0.0,DAUC < 0.55,source::NATICUSdroid,,0.0123802364223213,0.0123802364223214,-1.1102230246251563e-16,True,near_perfect_baseline,-8.967704547414315e-13,,-9.842488773185545e-13,,False,abs_delta_mean
tabicl,NATICUSdroid,tdda_k10_lam07_aug1,test_time_variant,M17_tdda,TabArena_IID,classification,3,False,4994,2497,86,86,0,1.0,0.4909448935914827,0.0,DAUC < 0.55,source::NATICUSdroid,,0.0123802364223213,0.0141507298266109,-0.0017704934042895,True,near_perfect_baseline,-14.300966022727788,,-14.132977964893591,,False,abs_delta_mean
tabicl,NATICUSdroid,tdda_k5_lam06_aug1,test_time_variant,M17_tdda,TabArena_IID,classification,3,False,4994,2497,86,86,0,1.0,0.4909448935914827,0.0,DAUC < 0.55,source::NATICUSdroid,,0.0123802364223213,0.0141502599710964,-0.001770023548775,True,near_perfect_baseline,-14.297170816413216,,-14.129342330149006,,False,abs_delta_mean
tabicl,NATICUSdroid,tdda_k5_lam07_aug1,test_time_variant,M17_tdda,TabArena_IID,classification,3,False,4994,2497,86,86,0,1.0,0.4909448935914827,0.0,DAUC < 0.55,source::NATICUSdroid,,0.0123802364223213,0.0141504948369293,-0.0017702584146079,True,near_perfect_baseline,-14.299067919383182,,-14.131118260958464,,False,abs_delta_mean
tabicl,NATICUSdroid,tdda_k5_lam07_aug1_cumshift,test_time_variant,M17_tdda,TabArena_IID,classification,3,False,4994,2497,86,86,0,1.0,0.4909448935914827,0.0,DAUC < 0.55,source::NATICUSdroid,,0.0123802364223213,0.0141507298266109,-0.0017704934042895,True,near_perfect_baseline,-14.300966022727788,,-14.132977964893591,,False,abs_delta_mean
tabicl,NATICUSdroid,tdda_k5_lam07_aug2,test_time_variant,M17_tdda,TabArena_IID,classification,3,False,4994,2497,86,86,0,1.0,0.4909448935914827,0.0,DAUC < 0.55,source::NATICUSdroid,,0.0123802364223213,0.0179012232744147,-0.0055209868520934,True,near_perfect_baseline,-44.59516493674683,,-44.92777295140672,,False,abs_delta_mean
tabicl,NATICUSdroid,tdda_k5_lam08_aug1,test_time_variant,M17_tdda,TabArena_IID,classification,3,False,4994,2497,86,86,0,1.0,0.4909448935914827,0.0,DAUC < 0.55,source::NATICUSdroid,,0.0123802364223213,0.0141507298266109,-0.0017704934042895,True,near_perfect_baseline,-14.300966022727788,,-14.132977964893591,,False,abs_delta_mean
tabicl,NATICUSdroid,tdda_v2_k10_lam07_pfl_dw,test_time_variant,M17_tdda,TabArena_IID,classification,3,False,4994,2497,86,86,0,1.0,0.4909448935914827,0.0,DAUC < 0.55,source::NATICUSdroid,,0.0123802364223213,0.0141507298266109,-0.0017704934042895,True,near_perfect_baseline,-14.300966022727788,,-14.132977964893591,,False,abs_delta_mean
tabicl,NATICUSdroid,tdda_v2_k5_lam06_pfl_dw,test_time_variant,M17_tdda,TabArena_IID,classification,3,False,4994,2497,86,86,0,1.0,0.4909448935914827,0.0,DAUC < 0.55,source::NATICUSdroid,,0.0123802364223213,0.0141507298266109,-0.0017704934042895,True,near_perfect_baseline,-14.300966022727788,,-14.132977964893591,,False,abs_delta_mean
tabicl,NATICUSdroid,tdda_v2_k5_lam07_nopfl_dw,test_time_variant,M17_tdda,TabArena_IID,classification,3,False,4994,2497,86,86,0,1.0,0.4909448935914827,0.0,DAUC < 0.55,source::NATICUSdroid,,0.0123802364223213,0.0141504948369293,-0.0017702584146079,True,near_perfect_baseline,-14.299067919383182,,-14.131118260958464,,False,abs_delta_mean
tabicl,NATICUSdroid,tdda_v2_k5_lam07_pfl_dw,test_time_variant,M17_tdda,TabArena_IID,classification,3,False,4994,2497,86,86,0,1.0,0.4909448935914827,0.0,DAUC < 0.55,source::NATICUSdroid,,0.0123802364223213,0.0141504948369293,-0.0017702584146079,True,near_perfect_baseline,-14.299067919383182,,-14.131118260958464,,False,abs_delta_mean
tabicl,NATICUSdroid,tdda_v2_k5_lam07_pfl_dw_cumshift,test_time_variant,M17_tdda,TabArena_IID,classification,3,False,4994,2497,86,86,0,1.0,0.4909448935914827,0.0,DAUC < 0.55,source::NATICUSdroid,,0.0123802364223213,0.0141507298266109,-0.0017704934042895,True,near_perfect_baseline,-14.300966022727788,,-14.132977964893591,,False,abs_delta_mean
tabicl,NATICUSdroid,tdda_v2_k5_lam07_pfl_nodw,test_time_variant,M17_tdda,TabArena_IID,classification,3,False,4994,2497,86,86,0,1.0,0.4909448935914827,0.0,DAUC < 0.55,source::NATICUSdroid,,0.0123802364223213,0.0141507298266109,-0.0017704934042895,True,near_perfect_baseline,-14.300966022727788,,-14.132977964893591,,False,abs_delta_mean
tabicl,NATICUSdroid,train_only_scaling,train_only_version,baselines,TabArena_IID,classification,3,False,4994,2497,86,86,0,1.0,0.4909448935914827,0.0,DAUC < 0.55,source::NATICUSdroid,,0.0123802364223213,0.0123803538552379,-1.174329165761397e-07,True,near_perfect_baseline,-0.0009485514861815,,-0.000887965405993,,False,abs_delta_mean
tabicl,anneal,adversarial_lgbm_both_ratio,test_time_variant,M6_adversarial,TabArena_IID,classification,3,False,598,300,38,32,6,0.8421052631578947,0.43732935660019,0.0336531517590013,DAUC < 0.55,source::anneal,,0.0009034408074849,8.122157244920084e-06,0.00089531865024,True,near_perfect_baseline,99.10097516321731,,99.53416149068578,,False,abs_delta_mean
tabicl,anneal,adversarial_lgbm_cal_iso_both_ratio,test_time_variant,M6_adversarial,TabArena_IID,classification,3,False,598,300,38,32,6,0.8421052631578947,0.43732935660019,0.0336531517590013,DAUC < 0.55,source::anneal,,0.0009034408074849,0.0001268474849727,0.0007765933225121,True,near_perfect_baseline,85.9595134598902,,38.27358378990132,,False,abs_delta_mean
tabicl,anneal,adversarial_lgbm_cal_iso_feature,test_time_variant,M6_adversarial,TabArena_IID,classification,3,False,598,300,38,32,6,0.8421052631578947,0.43732935660019,0.0336531517590013,DAUC < 0.55,source::anneal,,0.0009034408074849,0.0001268474849727,0.0007765933225121,True,near_perfect_baseline,85.9595134598902,,38.27358378990132,,False,abs_delta_mean
tabicl,anneal,adversarial_lgbm_cal_platt_feature,test_time_variant,M6_adversarial,TabArena_IID,classification,3,False,598,300,38,32,6,0.8421052631578947,0.43732935660019,0.0336531517590013,DAUC < 0.55,source::anneal,,0.0009034408074849,4.061078622534057e-06,0.0008993797288624,True,near_perfect_baseline,99.55048758160046,,99.76708074533865,,False,abs_delta_mean
tabicl,anneal,adversarial_lgbm_feature,test_time_variant,M6_adversarial,TabArena_IID,classification,3,False,598,300,38,32,6,0.8421052631578947,0.43732935660019,0.0336531517590013,DAUC < 0.55,source::anneal,,0.0009034408074849,8.122157244920084e-06,0.00089531865024,True,near_perfect_baseline,99.10097516321731,,99.53416149068578,,False,abs_delta_mean
tabicl,anneal,adversarial_logreg_feature,test_time_variant,M6_adversarial,TabArena_IID,classification,3,False,598,300,38,32,6,0.8421052631578947,0.43732935660019,0.0336531517590013,DAUC < 0.55,source::anneal,,0.0009034408074849,1.224043415785451e-05,0.0008912003733271,True,near_perfect_baseline,98.64513158400165,,93.03078311231708,,False,abs_delta_mean
tabicl,anneal,adversarial_rf_feature,test_time_variant,M6_adversarial,TabArena_IID,classification,3,False,598,300,38,32,6,0.8421052631578947,0.43732935660019,0.0336531517590013,DAUC < 0.55,source::anneal,,0.0009034408074849,4.737949820732279e-05,0.0008560613092776,True,near_perfect_baseline,94.7556610444442,,37.5409182473063,,False,abs_delta_mean
tabicl,anneal,cluster_membership_k10_both,test_time_variant,M20_cluster_membership,TabArena_IID,classification,3,False,598,300,38,32,6,0.8421052631578947,0.43732935660019,0.0336531517590013,DAUC < 0.55,source::anneal,,0.0009034408074849,2.0419789693323e-05,0.0008830210177916,True,near_perfect_baseline,97.73977558638644,,86.294485479287,,False,abs_delta_mean
tabicl,anneal,cluster_membership_k10_both_cumshift,test_time_variant,M20_cluster_membership,TabArena_IID,classification,3,False,598,300,38,32,6,0.8421052631578947,0.43732935660019,0.0336531517590013,DAUC < 0.55,source::anneal,,0.0009034408074849,8.179355535468483e-06,0.0008952614519495,True,near_perfect_baseline,99.0946440023848,,93.26370236696994,,False,abs_delta_mean
tabicl,anneal,cluster_membership_k10_feature,test_time_variant,M20_cluster_membership,TabArena_IID,classification,3,False,598,300,38,32,6,0.8421052631578947,0.43732935660019,0.0336531517590013,DAUC < 0.55,source::anneal,,0.0009034408074849,2.0419789693323e-05,0.0008830210177916,True,near_perfect_baseline,97.73977558638644,,86.294485479287,,False,abs_delta_mean
tabicl,anneal,cluster_membership_k10_feature_cumshift,test_time_variant,M20_cluster_membership,TabArena_IID,classification,3,False,598,300,38,32,6,0.8421052631578947,0.43732935660019,0.0336531517590013,DAUC < 0.55,source::anneal,,0.0009034408074849,8.179355535468483e-06,0.0008952614519495,True,near_perfect_baseline,99.0946440023848,,93.26370236696994,,False,abs_delta_mean
tabicl,anneal,cluster_membership_k10_weight,test_time_variant,M20_cluster_membership,TabArena_IID,classification,3,False,598,300,38,32,6,0.8421052631578947,0.43732935660019,0.0336531517590013,DAUC < 0.55,source::anneal,,0.0009034408074849,1.2183235867454142e-05,0.0008912575716175,True,near_perfect_baseline,98.65146274481776,,99.30124223602442,,False,abs_delta_mean
tabicl,anneal,cluster_membership_k15_both,test_time_variant,M20_cluster_membership,TabArena_IID,classification,3,False,598,300,38,32,6,0.8421052631578947,0.43732935660019,0.0336531517590013,DAUC < 0.55,source::anneal,,0.0009034408074849,0.0001818346034226,0.0007216062040623,True,near_perfect_baseline,79.87310270732473,,52.94468310774531,,False,abs_delta_mean
tabicl,anneal,cluster_membership_k5_both,test_time_variant,M20_cluster_membership,TabArena_IID,classification,3,False,598,300,38,32,6,0.8421052631578947,0.43732935660019,0.0336531517590013,DAUC < 0.55,source::anneal,,0.0009034408074849,2.0476987983723365e-05,0.0008829638195012,True,near_perfect_baseline,97.73344442557033,,80.02402635557966,,False,abs_delta_mean
tabicl,anneal,cluster_membership_k5_feature,test_time_variant,M20_cluster_membership,TabArena_IID,classification,3,False,598,300,38,32,6,0.8421052631578947,0.43732935660019,0.0336531517590013,DAUC < 0.55,source::anneal,,0.0009034408074849,2.0476987983723365e-05,0.0008829638195012,True,near_perfect_baseline,97.73344442557033,,80.02402635557966,,False,abs_delta_mean
tabicl,anneal,freq_enc_train_only,train_only_version,baselines,TabArena_IID,classification,3,False,598,300,38,32,6,0.8421052631578947,0.43732935660019,0.0336531517590013,DAUC < 0.55,source::anneal,,0.0009034408074849,0.0008392895819796,6.415122550533041e-05,True,near_perfect_baseline,7.100766865282066,,51.86335403726751,,False,abs_delta_mean
tabicl,anneal,freq_ratio_log,test_time_variant,M2_freq_ratio,TabArena_IID,classification,3,False,598,300,38,32,6,0.8421052631578947,0.43732935660019,0.0336531517590013,DAUC < 0.55,source::anneal,,0.0009034408074849,0.000236650127001,0.0006667906804839,True,near_perfect_baseline,73.8056854372281,,86.42715979672197,,False,abs_delta_mean
tabicl,anneal,freq_ratio_log__sel_combined_intersection,test_time_variant,selective,TabArena_IID,classification,3,False,598,300,38,32,6,0.8421052631578947,0.43732935660019,0.0336531517590013,DAUC < 0.55,source::anneal,,0.0009034408074849,0.0005522980262499,0.000351142781235,True,near_perfect_baseline,38.867270365234695,,55.7891212782706,,False,abs_delta_mean
tabicl,anneal,freq_ratio_log__sel_combined_union,test_time_variant,selective,TabArena_IID,classification,3,False,598,300,38,32,6,0.8421052631578947,0.43732935660019,0.0336531517590013,DAUC < 0.55,source::anneal,,0.0009034408074849,0.0001145498525245,0.0007888909549604,True,near_perfect_baseline,87.32071303670469,,51.5132598012916,,False,abs_delta_mean
tabicl,anneal,freq_ratio_v2_both_gated,test_time_variant,M2_freq_ratio,TabArena_IID,classification,3,False,598,300,38,32,6,0.8421052631578947,0.43732935660019,0.0336531517590013,DAUC < 0.55,source::anneal,,0.0009034408074849,3.978475377038512e-05,0.0008636560537145,True,near_perfect_baseline,95.59630764508648,,49.534161490685776,,False,abs_delta_mean
tabicl,anneal,freq_ratio_v2_diff_gated,test_time_variant,M2_freq_ratio,TabArena_IID,classification,3,False,598,300,38,32,6,0.8421052631578947,0.43732935660019,0.0336531517590013,DAUC < 0.55,source::anneal,,0.0009034408074849,3.160539823506466e-05,0.0008718354092499,True,near_perfect_baseline,96.5016636426853,,56.27045912370734,,False,abs_delta_mean
tabicl,anneal,freq_ratio_v2_ratio_gated,test_time_variant,M2_freq_ratio,TabArena_IID,classification,3,False,598,300,38,32,6,0.8421052631578947,0.43732935660019,0.0336531517590013,DAUC < 0.55,source::anneal,,0.0009034408074849,3.160539823506466e-05,0.0008718354092499,True,near_perfect_baseline,96.5016636426853,,56.27045912370734,,False,abs_delta_mean
tabicl,anneal,freq_ratio_v2_ratio_ungated,test_time_variant,M2_freq_ratio,TabArena_IID,classification,3,False,598,300,38,32,6,0.8421052631578947,0.43732935660019,0.0336531517590013,DAUC < 0.55,source::anneal,,0.0009034408074849,8.700553291200268e-05,0.0008164352745729,True,near_perfect_baseline,90.36953697561984,,95.00988142292287,,False,abs_delta_mean
tabicl,anneal,groupby_shift_cohen_d,test_time_variant,M14_groupby,TabArena_IID,classification,3,False,598,300,38,32,6,0.8421052631578947,0.43732935660019,0.0336531517590013,DAUC < 0.55,source::anneal,,0.0009034408074849,8.706273120240304e-05,0.0008163780762825,True,near_perfect_baseline,90.36320581480372,,88.73942229921555,,False,abs_delta_mean
tabicl,anneal,groupby_shift_cohen_d__sel_combined_intersection,test_time_variant,selective,TabArena_IID,classification,3,False,598,300,38,32,6,0.8421052631578947,0.43732935660019,0.0336531517590013,DAUC < 0.55,source::anneal,,0.0009034408074849,0.0001064276952795,0.0007970131122054,True,near_perfect_baseline,88.21973787349557,,51.97909831061006,,False,abs_delta_mean
tabicl,anneal,groupby_shift_cohen_d__sel_combined_union,test_time_variant,selective,TabArena_IID,classification,3,False,598,300,38,32,6,0.8421052631578947,0.43732935660019,0.0336531517590013,DAUC < 0.55,source::anneal,,0.0009034408074849,0.000102366616657,0.0008010741908279,True,near_perfect_baseline,88.66925029189511,,52.212017565271424,,False,abs_delta_mean
tabicl,anneal,groupby_shift_cohen_d_min10,test_time_variant,M14_groupby,TabArena_IID,classification,3,False,598,300,38,32,6,0.8421052631578947,0.43732935660019,0.0336531517590013,DAUC < 0.55,source::anneal,,0.0009034408074849,7.894057395740894e-05,0.0008245002335275,True,near_perfect_baseline,91.2622306515946,,89.20526080853402,,False,abs_delta_mean
tabicl,anneal,groupby_shift_ratio_log,test_time_variant,M14_groupby,TabArena_IID,classification,3,False,598,300,38,32,6,0.8421052631578947,0.43732935660019,0.0336531517590013,DAUC < 0.55,source::anneal,,0.0009034408074849,7.888337566700858e-05,0.0008245574318179,True,near_perfect_baseline,91.26856181241074,,95.47571993224136,,False,abs_delta_mean
tabicl,anneal,groupby_shift_ratio_raw,test_time_variant,M14_groupby,TabArena_IID,classification,3,False,598,300,38,32,6,0.8421052631578947,0.43732935660019,0.0336531517590013,DAUC < 0.55,source::anneal,,0.0009034408074849,7.888337566700858e-05,0.0008245574318179,True,near_perfect_baseline,91.26856181241074,,95.47571993224136,,False,abs_delta_mean
tabicl,anneal,groupby_train_only,train_only_version,baselines,TabArena_IID,classification,3,False,598,300,38,32,6,0.8421052631578947,0.43732935660019,0.0336531517590013,DAUC < 0.55,source::anneal,,0.0009034408074849,0.0003033502668005,0.0006000905406844,True,near_perfect_baseline,66.42278450482927,,82.60163749294315,,False,abs_delta_mean
tabicl,anneal,joint_freq_combined,test_time_variant,M1_joint_freq,TabArena_IID,classification,3,False,598,300,38,32,6,0.8421052631578947,0.43732935660019,0.0336531517590013,DAUC < 0.55,source::anneal,,0.0009034408074849,0.0008392895819796,6.415122550533041e-05,True,near_perfect_baseline,7.100766865282066,,51.86335403726751,,False,abs_delta_mean
tabicl,anneal,joint_freq_combined__sel_combined_intersection,test_time_variant,selective,TabArena_IID,classification,3,False,598,300,38,32,6,0.8421052631578947,0.43732935660019,0.0336531517590013,DAUC < 0.55,source::anneal,,0.0009034408074849,0.0006271203232944,0.0002763204841905,True,near_perfect_baseline,30.58534459604497,,51.49776046517332,,False,abs_delta_mean
tabicl,anneal,joint_freq_combined__sel_combined_union,test_time_variant,selective,TabArena_IID,classification,3,False,598,300,38,32,6,0.8421052631578947,0.43732935660019,0.0336531517590013,DAUC < 0.55,source::anneal,,0.0009034408074849,0.0005757812672399,0.000327659540245,True,near_perfect_baseline,36.26795884471908,,12.525418911300662,,False,abs_delta_mean
tabicl,anneal,joint_freq_separate,test_time_variant,M1_joint_freq,TabArena_IID,classification,3,False,598,300,38,32,6,0.8421052631578947,0.43732935660019,0.0336531517590013,DAUC < 0.55,source::anneal,,0.0009034408074849,0.0001222017952518,0.0007812390122331,True,near_perfect_baseline,86.47373527524628,,33.249557434204775,,False,abs_delta_mean
tabicl,anneal,joint_freq_separate__sel_combined_intersection,test_time_variant,selective,TabArena_IID,classification,3,False,598,300,38,32,6,0.8421052631578947,0.43732935660019,0.0336531517590013,DAUC < 0.55,source::anneal,,0.0009034408074849,0.0001187253277278,0.0007847154797571,True,near_perfect_baseline,86.8585382966729,,38.73942229921555,,False,abs_delta_mean
tabicl,anneal,joint_freq_separate__sel_combined_union,test_time_variant,selective,TabArena_IID,classification,3,False,598,300,38,32,6,0.8421052631578947,0.43732935660019,0.0336531517590013,DAUC < 0.55,source::anneal,,0.0009034408074849,9.11238098249371e-05,0.00081231699766,True,near_perfect_baseline,89.9136933964042,,88.5065030445542,,False,abs_delta_mean
tabicl,anneal,joint_groupby_combined,test_time_variant,M14_groupby,TabArena_IID,classification,3,False,598,300,38,32,6,0.8421052631578947,0.43732935660019,0.0336531517590013,DAUC < 0.55,source::anneal,,0.0009034408074849,0.0003822336424675,0.0005212071650173,True,near_perfect_baseline,57.6913463172359,,78.0773574251824,,False,abs_delta_mean
tabicl,anneal,joint_groupby_combined__sel_combined_intersection,test_time_variant,selective,TabArena_IID,classification,3,False,598,300,38,32,6,0.8421052631578947,0.43732935660019,0.0336531517590013,DAUC < 0.55,source::anneal,,0.0009034408074849,0.0001140796380068,0.0007893611694781,True,near_perfect_baseline,87.37276011203717,,33.71539594352325,,False,abs_delta_mean
tabicl,anneal,joint_groupby_combined__sel_combined_union,test_time_variant,selective,TabArena_IID,classification,3,False,598,300,38,32,6,0.8421052631578947,0.43732935660019,0.0336531517590013,DAUC < 0.55,source::anneal,,0.0009034408074849,7.888337566700858e-05,0.0008245574318179,True,near_perfect_baseline,91.26856181241074,,95.47571993224136,,False,abs_delta_mean
tabicl,anneal,joint_groupby_mean_only,test_time_variant,M14_groupby,TabArena_IID,classification,3,False,598,300,38,32,6,0.8421052631578947,0.43732935660019,0.0336531517590013,DAUC < 0.55,source::anneal,,0.0009034408074849,7.482229704447452e-05,0.0008286185104405,True,near_perfect_baseline,91.71807423081026,,95.70863918690272,,False,abs_delta_mean
tabicl,anneal,joint_groupby_separate,test_time_variant,M14_groupby,TabArena_IID,classification,3,False,598,300,38,32,6,0.8421052631578947,0.43732935660019,0.0336531517590013,DAUC < 0.55,source::anneal,,0.0009034408074849,0.0007871162841922,0.0001163245232927,True,near_perfect_baseline,12.875721611087236,,54.855703302912175,,False,abs_delta_mean
tabicl,anneal,joint_pca_10,test_time_variant,M3_joint_pca,TabArena_IID,classification,3,False,598,300,38,32,6,0.8421052631578947,0.43732935660019,0.0336531517590013,DAUC < 0.55,source::anneal,,0.0009034408074849,0.0001034786405637,0.0007999621669212,True,near_perfect_baseline,88.54616265875721,,68.99636790944808,,False,abs_delta_mean
tabicl,anneal,joint_pca_5,test_time_variant,M3_joint_pca,TabArena_IID,classification,3,False,598,300,38,32,6,0.8421052631578947,0.43732935660019,0.0336531517590013,DAUC < 0.55,source::anneal,,0.0009034408074849,0.0002612453918977,0.0006421954155872,True,near_perfect_baseline,71.08328628358277,,59.94780777393292,,False,abs_delta_mean
tabicl,anneal,joint_pca_var90,test_time_variant,M3_joint_pca,TabArena_IID,classification,3,False,598,300,38,32,6,0.8421052631578947,0.43732935660019,0.0336531517590013,DAUC < 0.55,source::anneal,,0.0009034408074849,0.0001034786405637,0.0007999621669212,True,near_perfect_baseline,88.54616265875721,,68.99636790944808,,False,abs_delta_mean
tabicl,anneal,joint_pca_var95,test_time_variant,M3_joint_pca,TabArena_IID,classification,3,False,598,300,38,32,6,0.8421052631578947,0.43732935660019,0.0336531517590013,DAUC < 0.55,source::anneal,,0.0009034408074849,0.0001034786405637,0.0007999621669212,True,near_perfect_baseline,88.54616265875721,,68.99636790944808,,False,abs_delta_mean
tabicl,anneal,joint_scaling,test_time_variant,M5_joint_scaling,TabArena_IID,classification,3,False,598,300,38,32,6,0.8421052631578947,0.43732935660019,0.0336531517590013,DAUC < 0.55,source::anneal,,0.0009034408074849,0.0009034408074849,0.0,True,near_perfect_baseline,0.0,,0.0,,False,abs_delta_mean
tabicl,anneal,joint_tsne_2d_p30,test_time_variant,M3b_joint_tsne,TabArena_IID,classification,3,False,598,300,38,32,6,0.8421052631578947,0.43732935660019,0.0336531517590013,DAUC < 0.55,source::anneal,,0.0009034408074849,0.0002922661790341,0.0006111746284508,True,near_perfect_baseline,67.64965932325737,,10.961321287524624,,False,abs_delta_mean
tabicl,anneal,joint_tsne_2d_p50,test_time_variant,M3b_joint_tsne,TabArena_IID,classification,3,False,598,300,38,32,6,0.8421052631578947,0.43732935660019,0.0336531517590013,DAUC < 0.55,source::anneal,,0.0009034408074849,3.160539823506466e-05,0.0008718354092499,True,near_perfect_baseline,96.5016636426853,,56.27045912370734,,False,abs_delta_mean
tabicl,anneal,joint_tsne_3d_p30,test_time_variant,M3b_joint_tsne,TabArena_IID,classification,3,False,598,300,38,32,6,0.8421052631578947,0.43732935660019,0.0336531517590013,DAUC < 0.55,source::anneal,,0.0009034408074849,5.973432894605205e-05,0.0008437064785389,True,near_perfect_baseline,93.3881303068054,,18.03078311231707,,False,abs_delta_mean
tabicl,anneal,label_prop_k10_a05,test_time_variant,M8_label_prop,TabArena_IID,classification,3,False,598,300,38,32,6,0.8421052631578947,0.43732935660019,0.0336531517590013,DAUC < 0.55,source::anneal,,0.0009034408074849,0.0,0.0009034408074849,True,near_perfect_baseline,100.0,,100.0,,False,abs_delta_mean
tabicl,anneal,label_prop_k15_a05,test_time_variant,M8_label_prop,TabArena_IID,classification,3,False,598,300,38,32,6,0.8421052631578947,0.43732935660019,0.0336531517590013,DAUC < 0.55,source::anneal,,0.0009034408074849,0.0,0.0009034408074849,True,near_perfect_baseline,100.0,,100.0,,False,abs_delta_mean
tabicl,anneal,label_prop_k15_a08,test_time_variant,M8_label_prop,TabArena_IID,classification,3,False,598,300,38,32,6,0.8421052631578947,0.43732935660019,0.0336531517590013,DAUC < 0.55,source::anneal,,0.0009034408074849,0.0,0.0009034408074849,True,near_perfect_baseline,100.0,,100.0,,False,abs_delta_mean
tabicl,anneal,label_prop_v3_adaptive,test_time_variant,M8_label_prop,TabArena_IID,classification,3,False,598,300,38,32,6,0.8421052631578947,0.43732935660019,0.0336531517590013,DAUC < 0.55,source::anneal,,0.0009034408074849,0.0026703405698134,-0.0017668997623284,True,near_perfect_baseline,-195.5744911774796,,,,False,abs_delta_mean
tabicl,anneal,label_prop_v3_t005_k10,test_time_variant,M8_label_prop,TabArena_IID,classification,3,False,598,300,38,32,6,0.8421052631578947,0.43732935660019,0.0336531517590013,DAUC < 0.55,source::anneal,,0.0009034408074849,0.0015541587683502,-0.0006507179608652,True,near_perfect_baseline,-72.02662924611109,,,,False,abs_delta_mean
tabicl,anneal,label_prop_v3_t005_k15,test_time_variant,M8_label_prop,TabArena_IID,classification,3,False,598,300,38,32,6,0.8421052631578947,0.43732935660019,0.0336531517590013,DAUC < 0.55,source::anneal,,0.0009034408074849,0.0024057331069726,-0.0015022922994876,True,near_perfect_baseline,-166.28563676128022,,,,False,abs_delta_mean
tabicl,anneal,label_prop_v3_t01_k15,test_time_variant,M8_label_prop,TabArena_IID,classification,3,False,598,300,38,32,6,0.8421052631578947,0.43732935660019,0.0336531517590013,DAUC < 0.55,source::anneal,,0.0009034408074849,0.001920802533911,-0.001017361726426,True,near_perfect_baseline,-112.60967160186549,,,,False,abs_delta_mean
tabicl,anneal,label_prop_weighted_adaptive_a05,test_time_variant,M8_label_prop,TabArena_IID,classification,3,False,598,300,38,32,6,0.8421052631578947,0.43732935660019,0.0336531517590013,DAUC < 0.55,source::anneal,,0.0009034408074849,0.0002488905611589,0.000654550246326,True,near_perfect_baseline,72.45081702122975,,79.45794290903905,,False,abs_delta_mean
tabicl,anneal,label_prop_weighted_k10_a05,test_time_variant,M8_label_prop,TabArena_IID,classification,3,False,598,300,38,32,6,0.8421052631578947,0.43732935660019,0.0336531517590013,DAUC < 0.55,source::anneal,,0.0009034408074849,0.0007663798372965,0.0001370609701884,True,near_perfect_baseline,15.170996157455678,,,,False,abs_delta_mean
tabicl,anneal,label_prop_weighted_k15_a05,test_time_variant,M8_label_prop,TabArena_IID,classification,3,False,598,300,38,32,6,0.8421052631578947,0.43732935660019,0.0336531517590013,DAUC < 0.55,source::anneal,,0.0009034408074849,0.0004734146505829,0.000430026156902,True,near_perfect_baseline,47.598708552823965,,60.31340134602924,,False,abs_delta_mean
tabicl,anneal,label_prop_weighted_k15_a08,test_time_variant,M8_label_prop,TabArena_IID,classification,3,False,598,300,38,32,6,0.8421052631578947,0.43732935660019,0.0336531517590013,DAUC < 0.55,source::anneal,,0.0009034408074849,0.0006353568771202,0.0002680839303647,True,near_perfect_baseline,29.673657437613645,,38.49100370843591,,False,abs_delta_mean
tabicl,anneal,leaf_density_conf,test_time_variant,M18_leaf_density,TabArena_IID,classification,3,False,598,300,38,32,6,0.8421052631578947,0.43732935660019,0.0336531517590013,DAUC < 0.55,source::anneal,,0.0009034408074849,3.984195206093352e-05,0.000863598855424,True,near_perfect_baseline,95.58997648425397,,43.26370236696994,,False,abs_delta_mean
tabicl,anneal,leaf_density_conf_cumshift,test_time_variant,M18_leaf_density,TabArena_IID,classification,3,False,598,300,38,32,6,0.8421052631578947,0.43732935660019,0.0336531517590013,DAUC < 0.55,source::anneal,,0.0009034408074849,0.0001262056755837,0.0007772351319011,True,near_perfect_baseline,86.03055401768745,,39.287097303376136,,False,abs_delta_mean
tabicl,anneal,leaf_density_conf_deep,test_time_variant,M18_leaf_density,TabArena_IID,classification,3,False,598,300,38,32,6,0.8421052631578947,0.43732935660019,0.0336531517590013,DAUC < 0.55,source::anneal,,0.0009034408074849,3.566647685745069e-05,0.0008677743306275,True,near_perfect_baseline,96.05215122430216,,56.03753986905448,,False,abs_delta_mean
tabicl,anneal,leaf_density_conf_shallow,test_time_variant,M18_leaf_density,TabArena_IID,classification,3,False,598,300,38,32,6,0.8421052631578947,0.43732935660019,0.0336531517590013,DAUC < 0.55,source::anneal,,0.0009034408074849,0.0001619422265373,0.0007414985809475,True,near_perfect_baseline,82.07494888478558,,78.17760236240454,,False,abs_delta_mean
tabicl,anneal,leaf_density_embed_k10,test_time_variant,M18_leaf_density,TabArena_IID,classification,3,False,598,300,38,32,6,0.8421052631578947,0.43732935660019,0.0336531517590013,DAUC < 0.55,source::anneal,,0.0009034408074849,0.0002139674144657,0.0006894733930192,True,near_perfect_baseline,76.31638811386142,,20.74254696540104,,False,abs_delta_mean
tabicl,anneal,leaf_density_embed_k10_cumshift,test_time_variant,M18_leaf_density,TabArena_IID,classification,3,False,598,300,38,32,6,0.8421052631578947,0.43732935660019,0.0336531517590013,DAUC < 0.55,source::anneal,,0.0009034408074849,7.203196139452898e-05,0.0008314088460904,True,near_perfect_baseline,92.02693072996637,,4.791107100801419,,False,abs_delta_mean
tabicl,anneal,leaf_density_embed_k20,test_time_variant,M18_leaf_density,TabArena_IID,classification,3,False,598,300,38,32,6,0.8421052631578947,0.43732935660019,0.0336531517590013,DAUC < 0.55,source::anneal,,0.0009034408074849,0.0007124292212012,0.0001910115862837,True,near_perfect_baseline,21.14267860176335,,,,False,abs_delta_mean
tabicl,anneal,leaf_density_embed_k5,test_time_variant,M18_leaf_density,TabArena_IID,classification,3,False,598,300,38,32,6,0.8421052631578947,0.43732935660019,0.0336531517590013,DAUC < 0.55,source::anneal,,0.0009034408074849,0.0001863658965627,0.0007170749109222,True,near_perfect_baseline,79.3715432136009,,70.50962771074393,,False,abs_delta_mean
tabicl,anneal,nearest_test_k10_both,test_time_variant,M16_nearest_test_dist,TabArena_IID,classification,3,False,598,300,38,32,6,0.8421052631578947,0.43732935660019,0.0336531517590013,DAUC < 0.55,source::anneal,,0.0009034408074849,0.0001151916619135,0.0007882491455714,True,near_perfect_baseline,87.24967247890744,,50.499746287816784,,False,abs_delta_mean
tabicl,anneal,nearest_test_k10_cumshift_both,test_time_variant,M16_nearest_test_dist,TabArena_IID,classification,3,False,598,300,38,32,6,0.8421052631578947,0.43732935660019,0.0336531517590013,DAUC < 0.55,source::anneal,,0.0009034408074849,0.0001781293427368,0.0007253114647481,True,near_perfect_baseline,80.28323037203222,,83.51638446748133,,False,abs_delta_mean
tabicl,anneal,nearest_test_k10_filter_both,test_time_variant,M16_nearest_test_dist,TabArena_IID,classification,3,False,598,300,38,32,6,0.8421052631578947,0.43732935660019,0.0336531517590013,DAUC < 0.55,source::anneal,,0.0009034408074849,0.0001151916619135,0.0007882491455714,True,near_perfect_baseline,87.24967247890744,,50.499746287816784,,False,abs_delta_mean
tabicl,anneal,nearest_test_k5_both,test_time_variant,M16_nearest_test_dist,TabArena_IID,classification,3,False,598,300,38,32,6,0.8421052631578947,0.43732935660019,0.0336531517590013,DAUC < 0.55,source::anneal,,0.0009034408074849,0.0001740682641144,0.0007293725433705,True,near_perfect_baseline,80.73274279042359,,83.74930372213845,,False,abs_delta_mean
tabicl,anneal,nearest_test_rel_k10_both,test_time_variant,M16_nearest_test_dist,TabArena_IID,classification,3,False,598,300,38,32,6,0.8421052631578947,0.43732935660019,0.0336531517590013,DAUC < 0.55,source::anneal,,0.0009034408074849,0.000107012306378,0.0007964285011069,True,near_perfect_baseline,88.15502847652265,,57.23604392084684,,False,abs_delta_mean
tabicl,anneal,nearest_test_rel_k10_cumshift_both,test_time_variant,M16_nearest_test_dist,TabArena_IID,classification,3,False,598,300,38,32,6,0.8421052631578947,0.43732935660019,0.0336531517590013,DAUC < 0.55,source::anneal,,0.0009034408074849,0.0001262628738744,0.0007771779336105,True,near_perfect_baseline,86.02422285684673,,33.01663817954342,,False,abs_delta_mean
tabicl,anneal,nearest_test_rel_k5_both,test_time_variant,M16_nearest_test_dist,TabArena_IID,classification,3,False,598,300,38,32,6,0.8421052631578947,0.43732935660019,0.0336531517590013,DAUC < 0.55,source::anneal,,0.0009034408074849,0.0001028368311747,0.0008006039763102,True,near_perfect_baseline,88.61720321655443,,70.00988142292289,,False,abs_delta_mean
tabicl,anneal,neighbor_consensus_k10_dist,test_time_variant,M19_neighbor_consensus,TabArena_IID,classification,3,False,598,300,38,32,6,0.8421052631578947,0.43732935660019,0.0336531517590013,DAUC < 0.55,source::anneal,,0.0009034408074849,0.0063375289839337,-0.0054340881764487,True,near_perfect_baseline,-601.4880146466129,,,,False,abs_delta_mean
tabicl,anneal,neighbor_consensus_k10_dist_cumshift,test_time_variant,M19_neighbor_consensus,TabArena_IID,classification,3,False,598,300,38,32,6,0.8421052631578947,0.43732935660019,0.0336531517590013,DAUC < 0.55,source::anneal,,0.0009034408074849,0.0035159670290631,-0.0026125262215781,True,near_perfect_baseline,-289.175140189976,,-167.66375883224026,,False,abs_delta_mean
tabicl,anneal,neighbor_consensus_k10_uniform,test_time_variant,M19_neighbor_consensus,TabArena_IID,classification,3,False,598,300,38,32,6,0.8421052631578947,0.43732935660019,0.0336531517590013,DAUC < 0.55,source::anneal,,0.0009034408074849,0.0063309318668225,-0.0054274910593375,True,near_perfect_baseline,-600.7577933574598,,,,False,abs_delta_mean
tabicl,anneal,neighbor_consensus_k20_dist,test_time_variant,M19_neighbor_consensus,TabArena_IID,classification,3,False,598,300,38,32,6,0.8421052631578947,0.43732935660019,0.0336531517590013,DAUC < 0.55,source::anneal,,0.0009034408074849,0.0031529968298974,-0.0022495560224124,True,near_perfect_baseline,-248.9987173232511,,-80.83709768491943,,False,abs_delta_mean
tabicl,anneal,neighbor_consensus_k5_dist,test_time_variant,M19_neighbor_consensus,TabArena_IID,classification,3,False,598,300,38,32,6,0.8421052631578947,0.43732935660019,0.0336531517590013,DAUC < 0.55,source::anneal,,0.0009034408074849,0.0039025950660338,-0.0029991542585489,True,near_perfect_baseline,-331.9702003386384,,,,False,abs_delta_mean
tabicl,anneal,neighbor_consensus_k5_dist_cumshift,test_time_variant,M19_neighbor_consensus,TabArena_IID,classification,3,False,598,300,38,32,6,0.8421052631578947,0.43732935660019,0.0336531517590013,DAUC < 0.55,source::anneal,,0.0009034408074849,0.0034486538334293,-0.0025452130259443,True,near_perfect_baseline,-281.7243813714555,,-157.5358967305776,,False,abs_delta_mean
tabicl,anneal,ot_disp_v2_selective,test_time_variant,M9_ot_displacement,TabArena_IID,classification,3,False,598,300,38,32,6,0.8421052631578947,0.43732935660019,0.0336531517590013,DAUC < 0.55,source::anneal,,0.0009034408074849,0.0013005081208894,-0.0003970673134044,True,near_perfect_baseline,-43.95056213033205,,,,False,abs_delta_mean
tabicl,anneal,ot_disp_v2_selective_abs,test_time_variant,M9_ot_displacement,TabArena_IID,classification,3,False,598,300,38,32,6,0.8421052631578947,0.43732935660019,0.0336531517590013,DAUC < 0.55,source::anneal,,0.0009034408074849,0.0007410855647204,0.0001623552427645,True,near_perfect_baseline,17.970767029722573,,-2.245925343884492,,False,abs_delta_mean
tabicl,anneal,ot_disp_v2_selective_and_summary,test_time_variant,M9_ot_displacement,TabArena_IID,classification,3,False,598,300,38,32,6,0.8421052631578947,0.43732935660019,0.0336531517590013,DAUC < 0.55,source::anneal,,0.0009034408074849,0.0004812547576498,0.0004221860498351,True,near_perfect_baseline,46.73090326862891,,,,False,abs_delta_mean
tabicl,anneal,ot_disp_v2_selective_and_summary_abs,test_time_variant,M9_ot_displacement,TabArena_IID,classification,3,False,598,300,38,32,6,0.8421052631578947,0.43732935660019,0.0336531517590013,DAUC < 0.55,source::anneal,,0.0009034408074849,7.898489644223942e-05,0.0008244559110427,True,near_perfect_baseline,91.2573246871459,,-6.18862262875259,,False,abs_delta_mean
tabicl,anneal,ot_disp_v2_selective_and_summary_top10,test_time_variant,M9_ot_displacement,TabArena_IID,classification,3,False,598,300,38,32,6,0.8421052631578947,0.43732935660019,0.0336531517590013,DAUC < 0.55,source::anneal,,0.0009034408074849,0.0004812547576498,0.0004221860498351,True,near_perfect_baseline,46.73090326862891,,,,False,abs_delta_mean
tabicl,anneal,ot_disp_v2_selective_top10,test_time_variant,M9_ot_displacement,TabArena_IID,classification,3,False,598,300,38,32,6,0.8421052631578947,0.43732935660019,0.0336531517590013,DAUC < 0.55,source::anneal,,0.0009034408074849,0.0013005081208894,-0.0003970673134044,True,near_perfect_baseline,-43.95056213033205,,,,False,abs_delta_mean
tabicl,anneal,ot_disp_v2_summary_only,test_time_variant,M9_ot_displacement,TabArena_IID,classification,3,False,598,300,38,32,6,0.8421052631578947,0.43732935660019,0.0336531517590013,DAUC < 0.55,source::anneal,,0.0009034408074849,0.0001385033080321,0.0007649374994527,True,near_perfect_baseline,84.66935444085658,,26.04742129197737,,False,abs_delta_mean
tabicl,anneal,ot_displacement_mag,test_time_variant,M9_ot_displacement,TabArena_IID,classification,3,False,598,300,38,32,6,0.8421052631578947,0.43732935660019,0.0336531517590013,DAUC < 0.55,source::anneal,,0.0009034408074849,0.0024792846610447,-0.0015758438535597,True,near_perfect_baseline,-174.42690661124698,,,,False,abs_delta_mean
tabicl,anneal,ot_displacement_no_mag,test_time_variant,M9_ot_displacement,TabArena_IID,classification,3,False,598,300,38,32,6,0.8421052631578947,0.43732935660019,0.0336531517590013,DAUC < 0.55,source::anneal,,0.0009034408074849,0.0026739698137234,-0.0017705290062384,True,near_perfect_baseline,-195.9762047020357,,-59.6301429181698,,False,abs_delta_mean
tabicl,anneal,pca_train_only_10,train_only_version,baselines,TabArena_IID,classification,3,False,598,300,38,32,6,0.8421052631578947,0.43732935660019,0.0336531517590013,DAUC < 0.55,source::anneal,,0.0009034408074849,0.0001035358388542,0.0007999049686307,True,near_perfect_baseline,88.53983149793288,,62.72590878562384,,False,abs_delta_mean
tabicl,anneal,pca_train_only_5,train_only_version,baselines,TabArena_IID,classification,3,False,598,300,38,32,6,0.8421052631578947,0.43732935660019,0.0336531517590013,DAUC < 0.55,source::anneal,,0.0009034408074849,0.0005644812621173,0.0003389595453676,True,near_perfect_baseline,37.51873311005656,,55.09036351429714,,False,abs_delta_mean
tabicl,anneal,pca_train_only_var90,train_only_version,baselines,TabArena_IID,classification,3,False,598,300,38,32,6,0.8421052631578947,0.43732935660019,0.0336531517590013,DAUC < 0.55,source::anneal,,0.0009034408074849,0.0001035358388542,0.0007999049686307,True,near_perfect_baseline,88.53983149793288,,62.72590878562384,,False,abs_delta_mean
tabicl,anneal,pca_train_only_var95,train_only_version,baselines,TabArena_IID,classification,3,False,598,300,38,32,6,0.8421052631578947,0.43732935660019,0.0336531517590013,DAUC < 0.55,source::anneal,,0.0009034408074849,0.0001035358388542,0.0007999049686307,True,near_perfect_baseline,88.53983149793288,,62.72590878562384,,False,abs_delta_mean
tabicl,anneal,pseudo_label_lgbm_conf80_iter5,test_time_variant,M7_pseudo_label,TabArena_IID,classification,3,False,598,300,38,32,6,0.8421052631578947,0.43732935660019,0.0336531517590013,DAUC < 0.55,source::anneal,,0.0009034408074849,0.0026736139957868,-0.0017701731883018,True,near_perfect_baseline,-195.9368199483642,,-89.96892502325507,,False,abs_delta_mean
tabicl,anneal,pseudo_label_lgbm_conf90_iter1,test_time_variant,M7_pseudo_label,TabArena_IID,classification,3,False,598,300,38,32,6,0.8421052631578947,0.43732935660019,0.0336531517590013,DAUC < 0.55,source::anneal,,0.0009034408074849,0.0026817361530317,-0.0017782953455468,True,near_perfect_baseline,-196.8358447851469,,-90.43476353256928,,False,abs_delta_mean
tabicl,anneal,pseudo_label_lgbm_conf90_iter3,test_time_variant,M7_pseudo_label,TabArena_IID,classification,3,False,598,300,38,32,6,0.8421052631578947,0.43732935660019,0.0336531517590013,DAUC < 0.55,source::anneal,,0.0009034408074849,0.0026069138559872,-0.0017034730485022,True,near_perfect_baseline,-188.5539190159489,,-86.14340271946776,,False,abs_delta_mean
tabicl,anneal,pseudo_label_lgbm_conf95_iter3,test_time_variant,M7_pseudo_label,TabArena_IID,classification,3,False,598,300,38,32,6,0.8421052631578947,0.43732935660019,0.0336531517590013,DAUC < 0.55,source::anneal,,0.0009034408074849,0.0026186268773369,-0.0017151860698519,True,near_perfect_baseline,-189.8504091957864,,-104.6400243410927,,False,abs_delta_mean
tabicl,anneal,pseudo_label_v2_cal_iso_wfixed_conf90,test_time_variant,M7_pseudo_label,TabArena_IID,classification,3,False,598,300,38,32,6,0.8421052631578947,0.43732935660019,0.0336531517590013,DAUC < 0.55,source::anneal,,0.0009034408074849,0.0028566803338238,-0.0019532395263388,True,near_perfect_baseline,-216.20005540555155,,-88.91086460957997,,False,abs_delta_mean
tabicl,anneal,pseudo_label_v2_cal_iso_wprop_conf85,test_time_variant,M7_pseudo_label,TabArena_IID,classification,3,False,598,300,38,32,6,0.8421052631578947,0.43732935660019,0.0336531517590013,DAUC < 0.55,source::anneal,,0.0009034408074849,0.0028607986107368,-0.0019573578032519,True,near_perfect_baseline,-216.65589898477532,,-95.41424298806557,,False,abs_delta_mean
tabicl,anneal,pseudo_label_v2_cal_iso_wprop_conf90,test_time_variant,M7_pseudo_label,TabArena_IID,classification,3,False,598,300,38,32,6,0.8421052631578947,0.43732935660019,0.0336531517590013,DAUC < 0.55,source::anneal,,0.0009034408074849,0.0028566803338238,-0.0019532395263388,True,near_perfect_baseline,-216.20005540555155,,-88.91086460957997,,False,abs_delta_mean
tabicl,anneal,pseudo_label_v2_cal_iso_wquad_conf90,test_time_variant,M7_pseudo_label,TabArena_IID,classification,3,False,598,300,38,32,6,0.8421052631578947,0.43732935660019,0.0336531517590013,DAUC < 0.55,source::anneal,,0.0009034408074849,0.0028566803338238,-0.0019532395263388,True,near_perfect_baseline,-216.20005540555155,,-88.91086460957997,,False,abs_delta_mean
tabicl,anneal,pseudo_label_v2_cal_platt_wprop_conf90,test_time_variant,M7_pseudo_label,TabArena_IID,classification,3,False,598,300,38,32,6,0.8421052631578947,0.43732935660019,0.0336531517590013,DAUC < 0.55,source::anneal,,0.0009034408074849,0.0028679803389466,-0.0019645395314616,True,near_perfect_baseline,-217.45082967090545,,,,False,abs_delta_mean
tabicl,anneal,target_enc_absolute,test_time_variant,M4_target_encoding,TabArena_IID,classification,3,False,598,300,38,32,6,0.8421052631578947,0.43732935660019,0.0336531517590013,DAUC < 0.55,source::anneal,,0.0009034408074849,0.000535939315179,0.0003675014923059,True,near_perfect_baseline,40.67798236045691,,69.26171654432648,,False,abs_delta_mean
tabicl,anneal,target_enc_diff,test_time_variant,M4_target_encoding,TabArena_IID,classification,3,False,598,300,38,32,6,0.8421052631578947,0.43732935660019,0.0336531517590013,DAUC < 0.55,source::anneal,,0.0009034408074849,0.0007604062063126,0.0001430346011723,True,near_perfect_baseline,15.832205052875432,,56.38763410502828,,False,abs_delta_mean
tabicl,anneal,target_enc_inv_ratio,test_time_variant,M4_target_encoding,TabArena_IID,classification,3,False,598,300,38,32,6,0.8421052631578947,0.43732935660019,0.0336531517590013,DAUC < 0.55,source::anneal,,0.0009034408074849,0.000535939315179,0.0003675014923059,True,near_perfect_baseline,40.67798236045691,,69.26171654432648,,False,abs_delta_mean
tabicl,anneal,target_enc_oof_absolute,test_time_variant,M4_target_encoding,TabArena_IID,classification,3,False,598,300,38,32,6,0.8421052631578947,0.43732935660019,0.0336531517590013,DAUC < 0.55,source::anneal,,0.0009034408074849,0.0005225479820858,0.0003808928253991,True,near_perfect_baseline,42.160241406345314,,13.62515642415638,,False,abs_delta_mean
tabicl,anneal,target_enc_oof_diff,test_time_variant,M4_target_encoding,TabArena_IID,classification,3,False,598,300,38,32,6,0.8421052631578947,0.43732935660019,0.0336531517590013,DAUC < 0.55,source::anneal,,0.0009034408074849,0.000518429705173,0.0003850111023119,True,near_perfect_baseline,42.61608498555278,,20.128534802408204,,False,abs_delta_mean
tabicl,anneal,target_enc_oof_inv_ratio,test_time_variant,M4_target_encoding,TabArena_IID,classification,3,False,598,300,38,32,6,0.8421052631578947,0.43732935660019,0.0336531517590013,DAUC < 0.55,source::anneal,,0.0009034408074849,0.0005224907837955,0.0003809500236894,True,near_perfect_baseline,42.166572567153246,,19.895615547746843,,False,abs_delta_mean
tabicl,anneal,target_enc_oof_ratio,test_time_variant,M4_target_encoding,TabArena_IID,classification,3,False,598,300,38,32,6,0.8421052631578947,0.43732935660019,0.0336531517590013,DAUC < 0.55,source::anneal,,0.0009034408074849,0.0005225479820858,0.0003808928253991,True,near_perfect_baseline,42.160241406345314,,13.62515642415638,,False,abs_delta_mean
tabicl,anneal,target_enc_oof_ratio_cap5,test_time_variant,M4_target_encoding,TabArena_IID,classification,3,False,598,300,38,32,6,0.8421052631578947,0.43732935660019,0.0336531517590013,DAUC < 0.55,source::anneal,,0.0009034408074849,0.0005266090607084,0.0003768317467765,True,near_perfect_baseline,41.71072898794577,,13.39223716949502,,False,abs_delta_mean
tabicl,anneal,target_enc_ratio,test_time_variant,M4_target_encoding,TabArena_IID,classification,3,False,598,300,38,32,6,0.8421052631578947,0.43732935660019,0.0336531517590013,DAUC < 0.55,source::anneal,,0.0009034408074849,0.0006107616122235,0.0002926791952613,True,near_perfect_baseline,32.39605659126308,,64.97035573122707,,False,abs_delta_mean
tabicl,anneal,target_enc_ratio__sel_combined_intersection,test_time_variant,selective,TabArena_IID,classification,3,False,598,300,38,32,6,0.8421052631578947,0.43732935660019,0.0336531517590013,DAUC < 0.55,source::anneal,,0.0009034408074849,0.0001069551080877,0.0007964856993972,True,near_perfect_baseline,88.16135963733058,,63.50650304443731,,False,abs_delta_mean
tabicl,anneal,target_enc_ratio__sel_combined_union,test_time_variant,selective,TabArena_IID,classification,3,False,598,300,38,32,6,0.8421052631578947,0.43732935660019,0.0336531517590013,DAUC < 0.55,source::anneal,,0.0009034408074849,0.0003713211495726,0.0005321196579123,True,near_perfect_baseline,58.89922765318696,,-12.374336151598309,,False,abs_delta_mean
tabicl,anneal,target_enc_ratio_cap5,test_time_variant,M4_target_encoding,TabArena_IID,classification,3,False,598,300,38,32,6,0.8421052631578947,0.43732935660019,0.0336531517590013,DAUC < 0.55,source::anneal,,0.0009034408074849,0.0006107616122235,0.0002926791952613,True,near_perfect_baseline,32.39605659126308,,64.97035573122707,,False,abs_delta_mean
tabicl,anneal,target_enc_standard_m10,train_only_version,baselines,TabArena_IID,classification,3,False,598,300,38,32,6,0.8421052631578947,0.43732935660019,0.0336531517590013,DAUC < 0.55,source::anneal,,0.0009034408074849,0.0007604062063126,0.0001430346011723,True,near_perfect_baseline,15.832205052875432,,56.38763410502828,,False,abs_delta_mean
tabicl,anneal,target_enc_standard_m20,train_only_version,baselines,TabArena_IID,classification,3,False,598,300,38,32,6,0.8421052631578947,0.43732935660019,0.0336531517590013,DAUC < 0.55,source::anneal,,0.0009034408074849,0.0004611170181345,0.0004423237893504,True,near_perfect_baseline,48.95990812965482,,73.55307735742801,,False,abs_delta_mean
tabicl,anneal,target_enc_standard_m5,train_only_version,baselines,TabArena_IID,classification,3,False,598,300,38,32,6,0.8421052631578947,0.43732935660019,0.0336531517590013,DAUC < 0.55,source::anneal,,0.0009034408074849,0.0006107616122235,0.0002926791952613,True,near_perfect_baseline,32.39605659126308,,64.97035573122707,,False,abs_delta_mean
tabicl,anneal,targeted_groupby_top3,test_time_variant,M14_groupby,TabArena_IID,classification,3,False,598,300,38,32,6,0.8421052631578947,0.43732935660019,0.0336531517590013,DAUC < 0.55,source::anneal,,0.0009034408074849,0.0002967974721742,0.0006066433353107,True,near_perfect_baseline,67.14809982952944,,28.526265890408464,,False,abs_delta_mean
tabicl,anneal,targeted_groupby_top3_shifted_agg,test_time_variant,M14_groupby,TabArena_IID,classification,3,False,598,300,38,32,6,0.8421052631578947,0.43732935660019,0.0336531517590013,DAUC < 0.55,source::anneal,,0.0009034408074849,0.0002967974721742,0.0006066433353107,True,near_perfect_baseline,67.14809982952944,,28.526265890408464,,False,abs_delta_mean
tabicl,anneal,targeted_groupby_top5,test_time_variant,M14_groupby,TabArena_IID,classification,3,False,598,300,38,32,6,0.8421052631578947,0.43732935660019,0.0336531517590013,DAUC < 0.55,source::anneal,,0.0009034408074849,0.0010446074263922,-0.0001411666189072,True,near_perfect_baseline,-15.625441947908838,,-38.45566522195711,,False,abs_delta_mean
tabicl,anneal,targeted_groupby_top5_shifted_agg,test_time_variant,M14_groupby,TabArena_IID,classification,3,False,598,300,38,32,6,0.8421052631578947,0.43732935660019,0.0336531517590013,DAUC < 0.55,source::anneal,,0.0009034408074849,0.0010446074263922,-0.0001411666189072,True,near_perfect_baseline,-15.625441947908838,,-38.45566522195711,,False,abs_delta_mean
tabicl,anneal,tdda_k10_lam07_aug1,test_time_variant,M17_tdda,TabArena_IID,classification,3,False,598,300,38,32,6,0.8421052631578947,0.43732935660019,0.0336531517590013,DAUC < 0.55,source::anneal,,0.0009034408074849,8.706273120240304e-05,0.0008163780762825,True,near_perfect_baseline,90.36320581480372,,88.73942229921555,,False,abs_delta_mean
tabicl,anneal,tdda_k5_lam06_aug1,test_time_variant,M17_tdda,TabArena_IID,classification,3,False,598,300,38,32,6,0.8421052631578947,0.43732935660019,0.0336531517590013,DAUC < 0.55,source::anneal,,0.0009034408074849,0.0001740682641144,0.0007293725433705,True,near_perfect_baseline,80.73274279042359,,83.74930372213845,,False,abs_delta_mean
tabicl,anneal,tdda_k5_lam07_aug1,test_time_variant,M17_tdda,TabArena_IID,classification,3,False,598,300,38,32,6,0.8421052631578947,0.43732935660019,0.0336531517590013,DAUC < 0.55,source::anneal,,0.0009034408074849,8.706273120240304e-05,0.0008163780762825,True,near_perfect_baseline,90.36320581480372,,88.73942229921555,,False,abs_delta_mean
tabicl,anneal,tdda_k5_lam07_aug1_cumshift,test_time_variant,M17_tdda,TabArena_IID,classification,3,False,598,300,38,32,6,0.8421052631578947,0.43732935660019,0.0336531517590013,DAUC < 0.55,source::anneal,,0.0009034408074849,8.706273120240304e-05,0.0008163780762825,True,near_perfect_baseline,90.36320581480372,,88.73942229921555,,False,abs_delta_mean
tabicl,anneal,tdda_k5_lam07_aug2,test_time_variant,M17_tdda,TabArena_IID,classification,3,False,598,300,38,32,6,0.8421052631578947,0.43732935660019,0.0336531517590013,DAUC < 0.55,source::anneal,,0.0009034408074849,9.924596706985718e-05,0.0008041948404151,True,near_perfect_baseline,89.0146685596215,,88.04066453523996,,False,abs_delta_mean
tabicl,anneal,tdda_k5_lam08_aug1,test_time_variant,M17_tdda,TabArena_IID,classification,3,False,598,300,38,32,6,0.8421052631578947,0.43732935660019,0.0336531517590013,DAUC < 0.55,source::anneal,,0.0009034408074849,8.706273120240304e-05,0.0008163780762825,True,near_perfect_baseline,90.36320581480372,,88.73942229921555,,False,abs_delta_mean
tabicl,anneal,tdda_v2_k10_lam07_pfl_dw,test_time_variant,M17_tdda,TabArena_IID,classification,3,False,598,300,38,32,6,0.8421052631578947,0.43732935660019,0.0336531517590013,DAUC < 0.55,source::anneal,,0.0009034408074849,0.0004147794697378,0.0004886613377471,True,near_perfect_baseline,54.08891580926853,,69.94354426420753,,False,abs_delta_mean
tabicl,anneal,tdda_v2_k5_lam06_pfl_dw,test_time_variant,M17_tdda,TabArena_IID,classification,3,False,598,300,38,32,6,0.8421052631578947,0.43732935660019,0.0336531517590013,DAUC < 0.55,source::anneal,,0.0009034408074849,0.0004107183911153,0.0004927224163695,True,near_perfect_baseline,54.53842822765988,,70.17646351886465,,False,abs_delta_mean
tabicl,anneal,tdda_v2_k5_lam07_nopfl_dw,test_time_variant,M17_tdda,TabArena_IID,classification,3,False,598,300,38,32,6,0.8421052631578947,0.43732935660019,0.0336531517590013,DAUC < 0.55,source::anneal,,0.0009034408074849,8.706273120240304e-05,0.0008163780762825,True,near_perfect_baseline,90.36320581480372,,88.73942229921555,,False,abs_delta_mean
tabicl,anneal,tdda_v2_k5_lam07_pfl_dw,test_time_variant,M17_tdda,TabArena_IID,classification,3,False,598,300,38,32,6,0.8421052631578947,0.43732935660019,0.0336531517590013,DAUC < 0.55,source::anneal,,0.0009034408074849,0.0004147794697378,0.0004886613377471,True,near_perfect_baseline,54.08891580926853,,69.94354426420753,,False,abs_delta_mean
tabicl,anneal,tdda_v2_k5_lam07_pfl_dw_cumshift,test_time_variant,M17_tdda,TabArena_IID,classification,3,False,598,300,38,32,6,0.8421052631578947,0.43732935660019,0.0336531517590013,DAUC < 0.55,source::anneal,,0.0009034408074849,0.0004107183911153,0.0004927224163695,True,near_perfect_baseline,54.53842822765988,,70.17646351886465,,False,abs_delta_mean
tabicl,anneal,tdda_v2_k5_lam07_pfl_nodw,test_time_variant,M17_tdda,TabArena_IID,classification,3,False,598,300,38,32,6,0.8421052631578947,0.43732935660019,0.0336531517590013,DAUC < 0.55,source::anneal,,0.0009034408074849,0.0004147794697378,0.0004886613377471,True,near_perfect_baseline,54.08891580926853,,69.94354426420753,,False,abs_delta_mean
tabicl,anneal,train_only_scaling,train_only_version,baselines,TabArena_IID,classification,3,False,598,300,38,32,6,0.8421052631578947,0.43732935660019,0.0336531517590013,DAUC < 0.55,source::anneal,,0.0009034408074849,0.0009034408074849,0.0,True,near_perfect_baseline,0.0,,0.0,,False,abs_delta_mean
tabicl,hazelnut-spread-contaminant-detection,adversarial_lgbm_both_ratio,test_time_variant,M6_adversarial,TabArena_IID,classification,3,False,1600,800,30,0,30,0.0,0.5092881944444444,0.0430034722222222,DAUC < 0.55,source::hazelnut-spread-contaminant-detection,,0.0064104166666666,0.0063770833333333,3.333333333332966e-05,True,near_perfect_baseline,0.5199870003249337,,2.700746117044913,,False,abs_delta_mean
tabicl,hazelnut-spread-contaminant-detection,adversarial_lgbm_cal_iso_both_ratio,test_time_variant,M6_adversarial,TabArena_IID,classification,3,False,1600,800,30,0,30,0.0,0.5092881944444444,0.0430034722222222,DAUC < 0.55,source::hazelnut-spread-contaminant-detection,,0.0064104166666666,0.0063145833333333,9.583333333336903e-05,True,near_perfect_baseline,1.494962625934915,,4.409748988479694,,False,abs_delta_mean
tabicl,hazelnut-spread-contaminant-detection,adversarial_lgbm_cal_iso_feature,test_time_variant,M6_adversarial,TabArena_IID,classification,3,False,1600,800,30,0,30,0.0,0.5092881944444444,0.0430034722222222,DAUC < 0.55,source::hazelnut-spread-contaminant-detection,,0.0064104166666666,0.0063145833333333,9.583333333336903e-05,True,near_perfect_baseline,1.494962625934915,,4.409748988479694,,False,abs_delta_mean
tabicl,hazelnut-spread-contaminant-detection,adversarial_lgbm_cal_platt_feature,test_time_variant,M6_adversarial,TabArena_IID,classification,3,False,1600,800,30,0,30,0.0,0.5092881944444444,0.0430034722222222,DAUC < 0.55,source::hazelnut-spread-contaminant-detection,,0.0064104166666666,0.0063333333333333,7.708333333337573e-05,True,near_perfect_baseline,1.2024699382522075,,4.4883574823876335,,False,abs_delta_mean
tabicl,hazelnut-spread-contaminant-detection,adversarial_lgbm_feature,test_time_variant,M6_adversarial,TabArena_IID,classification,3,False,1600,800,30,0,30,0.0,0.5092881944444444,0.0430034722222222,DAUC < 0.55,source::hazelnut-spread-contaminant-detection,,0.0064104166666666,0.006375,3.541666666665814e-05,True,near_perfect_baseline,0.5524861878451744,,2.730192524583124,,False,abs_delta_mean
tabicl,hazelnut-spread-contaminant-detection,adversarial_logreg_feature,test_time_variant,M6_adversarial,TabArena_IID,classification,3,False,1600,800,30,0,30,0.0,0.5092881944444444,0.0430034722222222,DAUC < 0.55,source::hazelnut-spread-contaminant-detection,,0.0064104166666666,0.0059375,0.0004729166666666,True,near_perfect_baseline,7.377315567110944,,9.916516170997747,,False,abs_delta_mean
tabicl,hazelnut-spread-contaminant-detection,adversarial_rf_feature,test_time_variant,M6_adversarial,TabArena_IID,classification,3,False,1600,800,30,0,30,0.0,0.5092881944444444,0.0430034722222222,DAUC < 0.55,source::hazelnut-spread-contaminant-detection,,0.0064104166666666,0.00650625,-9.583333333333204e-05,True,near_perfect_baseline,-1.4949626259343196,,-1.139302336598905,,False,abs_delta_mean
tabicl,hazelnut-spread-contaminant-detection,cluster_membership_k10_both,test_time_variant,M20_cluster_membership,TabArena_IID,classification,3,False,1600,800,30,0,30,0.0,0.5092881944444444,0.0430034722222222,DAUC < 0.55,source::hazelnut-spread-contaminant-detection,,0.0064104166666666,0.0070416666666666,-0.0006312499999999,True,near_perfect_baseline,-9.847253818654082,,-11.77365023310189,,False,abs_delta_mean
tabicl,hazelnut-spread-contaminant-detection,cluster_membership_k10_both_cumshift,test_time_variant,M20_cluster_membership,TabArena_IID,classification,3,False,1600,800,30,0,30,0.0,0.5092881944444444,0.0430034722222222,DAUC < 0.55,source::hazelnut-spread-contaminant-detection,,0.0064104166666666,0.00673125,-0.0003208333333333,True,near_perfect_baseline,-5.00487487812792,,-5.169913817104523,,False,abs_delta_mean
tabicl,hazelnut-spread-contaminant-detection,cluster_membership_k10_feature,test_time_variant,M20_cluster_membership,TabArena_IID,classification,3,False,1600,800,30,0,30,0.0,0.5092881944444444,0.0430034722222222,DAUC < 0.55,source::hazelnut-spread-contaminant-detection,,0.0064104166666666,0.0070416666666666,-0.0006312499999999,True,near_perfect_baseline,-9.847253818654082,,-11.77365023310189,,False,abs_delta_mean
tabicl,hazelnut-spread-contaminant-detection,cluster_membership_k10_feature_cumshift,test_time_variant,M20_cluster_membership,TabArena_IID,classification,3,False,1600,800,30,0,30,0.0,0.5092881944444444,0.0430034722222222,DAUC < 0.55,source::hazelnut-spread-contaminant-detection,,0.0064104166666666,0.00673125,-0.0003208333333333,True,near_perfect_baseline,-5.00487487812792,,-5.169913817104523,,False,abs_delta_mean
tabicl,hazelnut-spread-contaminant-detection,cluster_membership_k10_weight,test_time_variant,M20_cluster_membership,TabArena_IID,classification,3,False,1600,800,30,0,30,0.0,0.5092881944444444,0.0430034722222222,DAUC < 0.55,source::hazelnut-spread-contaminant-detection,,0.0064104166666666,0.006175,0.0002354166666666,True,near_perfect_baseline,3.6724081897953584,,5.285907230920476,,False,abs_delta_mean
tabicl,hazelnut-spread-contaminant-detection,cluster_membership_k15_both,test_time_variant,M20_cluster_membership,TabArena_IID,classification,3,False,1600,800,30,0,30,0.0,0.5092881944444444,0.0430034722222222,DAUC < 0.55,source::hazelnut-spread-contaminant-detection,,0.0064104166666666,0.0071708333333333,-0.0007604166666666,True,near_perfect_baseline,-11.862203444913916,,-10.939885990000358,,False,abs_delta_mean
tabicl,hazelnut-spread-contaminant-detection,cluster_membership_k5_both,test_time_variant,M20_cluster_membership,TabArena_IID,classification,3,False,1600,800,30,0,30,0.0,0.5092881944444444,0.0430034722222222,DAUC < 0.55,source::hazelnut-spread-contaminant-detection,,0.0064104166666666,0.0069166666666666,-0.0005062499999999,True,near_perfect_baseline,-7.897302567435283,,-5.090995564425808,,False,abs_delta_mean
tabicl,hazelnut-spread-contaminant-detection,cluster_membership_k5_feature,test_time_variant,M20_cluster_membership,TabArena_IID,classification,3,False,1600,800,30,0,30,0.0,0.5092881944444444,0.0430034722222222,DAUC < 0.55,source::hazelnut-spread-contaminant-detection,,0.0064104166666666,0.0069166666666666,-0.0005062499999999,True,near_perfect_baseline,-7.897302567435283,,-5.090995564425808,,False,abs_delta_mean
tabicl,hazelnut-spread-contaminant-detection,freq_enc_train_only,train_only_version,baselines,TabArena_IID,classification,3,False,1600,800,30,0,30,0.0,0.5092881944444444,0.0430034722222222,DAUC < 0.55,source::hazelnut-spread-contaminant-detection,,0.0064104166666666,0.0064104166666666,0.0,True,near_perfect_baseline,0.0,,0.0,,False,abs_delta_mean
tabicl,hazelnut-spread-contaminant-detection,freq_ratio_log,test_time_variant,M2_freq_ratio,TabArena_IID,classification,3,False,1600,800,30,0,30,0.0,0.5092881944444444,0.0430034722222222,DAUC < 0.55,source::hazelnut-spread-contaminant-detection,,0.0064104166666666,0.0064104166666666,0.0,True,near_perfect_baseline,0.0,,0.0,,False,abs_delta_mean
tabicl,hazelnut-spread-contaminant-detection,freq_ratio_log__sel_combined_intersection,test_time_variant,selective,TabArena_IID,classification,3,False,1600,800,30,0,30,0.0,0.5092881944444444,0.0430034722222222,DAUC < 0.55,source::hazelnut-spread-contaminant-detection,,0.0064104166666666,0.0063479166666666,6.250000000000237e-05,True,near_perfect_baseline,0.9749756256093997,,-1.152916051845974,,False,abs_delta_mean
tabicl,hazelnut-spread-contaminant-detection,freq_ratio_log__sel_combined_union,test_time_variant,selective,TabArena_IID,classification,3,False,1600,800,30,0,30,0.0,0.5092881944444444,0.0430034722222222,DAUC < 0.55,source::hazelnut-spread-contaminant-detection,,0.0064104166666666,0.0064979166666666,-8.749999999998111e-05,True,near_perfect_baseline,-1.364965875852802,,-0.2442298907697511,,False,abs_delta_mean
tabicl,hazelnut-spread-contaminant-detection,freq_ratio_v2_both_gated,test_time_variant,M2_freq_ratio,TabArena_IID,classification,3,False,1600,800,30,0,30,0.0,0.5092881944444444,0.0430034722222222,DAUC < 0.55,source::hazelnut-spread-contaminant-detection,,0.0064104166666666,0.0064104166666666,0.0,True,near_perfect_baseline,0.0,,0.0,,False,abs_delta_mean
tabicl,hazelnut-spread-contaminant-detection,freq_ratio_v2_diff_gated,test_time_variant,M2_freq_ratio,TabArena_IID,classification,3,False,1600,800,30,0,30,0.0,0.5092881944444444,0.0430034722222222,DAUC < 0.55,source::hazelnut-spread-contaminant-detection,,0.0064104166666666,0.0064104166666666,0.0,True,near_perfect_baseline,0.0,,0.0,,False,abs_delta_mean
tabicl,hazelnut-spread-contaminant-detection,freq_ratio_v2_ratio_gated,test_time_variant,M2_freq_ratio,TabArena_IID,classification,3,False,1600,800,30,0,30,0.0,0.5092881944444444,0.0430034722222222,DAUC < 0.55,source::hazelnut-spread-contaminant-detection,,0.0064104166666666,0.0064104166666666,0.0,True,near_perfect_baseline,0.0,,0.0,,False,abs_delta_mean
tabicl,hazelnut-spread-contaminant-detection,freq_ratio_v2_ratio_ungated,test_time_variant,M2_freq_ratio,TabArena_IID,classification,3,False,1600,800,30,0,30,0.0,0.5092881944444444,0.0430034722222222,DAUC < 0.55,source::hazelnut-spread-contaminant-detection,,0.0064104166666666,0.0064104166666666,0.0,True,near_perfect_baseline,0.0,,0.0,,False,abs_delta_mean
tabicl,hazelnut-spread-contaminant-detection,groupby_shift_cohen_d,test_time_variant,M14_groupby,TabArena_IID,classification,3,False,1600,800,30,0,30,0.0,0.5092881944444444,0.0430034722222222,DAUC < 0.55,source::hazelnut-spread-contaminant-detection,,0.0064104166666666,0.0064104166666666,0.0,True,near_perfect_baseline,0.0,,0.0,,False,abs_delta_mean
tabicl,hazelnut-spread-contaminant-detection,groupby_shift_cohen_d__sel_combined_intersection,test_time_variant,selective,TabArena_IID,classification,3,False,1600,800,30,0,30,0.0,0.5092881944444444,0.0430034722222222,DAUC < 0.55,source::hazelnut-spread-contaminant-detection,,0.0064104166666666,0.0063479166666666,6.250000000000237e-05,True,near_perfect_baseline,0.9749756256093997,,-1.152916051845974,,False,abs_delta_mean
tabicl,hazelnut-spread-contaminant-detection,groupby_shift_cohen_d__sel_combined_union,test_time_variant,selective,TabArena_IID,classification,3,False,1600,800,30,0,30,0.0,0.5092881944444444,0.0430034722222222,DAUC < 0.55,source::hazelnut-spread-contaminant-detection,,0.0064104166666666,0.0064979166666666,-8.749999999998111e-05,True,near_perfect_baseline,-1.364965875852802,,-0.2442298907697511,,False,abs_delta_mean
tabicl,hazelnut-spread-contaminant-detection,groupby_shift_cohen_d_min10,test_time_variant,M14_groupby,TabArena_IID,classification,3,False,1600,800,30,0,30,0.0,0.5092881944444444,0.0430034722222222,DAUC < 0.55,source::hazelnut-spread-contaminant-detection,,0.0064104166666666,0.0064104166666666,0.0,True,near_perfect_baseline,0.0,,0.0,,False,abs_delta_mean
tabicl,hazelnut-spread-contaminant-detection,groupby_shift_ratio_log,test_time_variant,M14_groupby,TabArena_IID,classification,3,False,1600,800,30,0,30,0.0,0.5092881944444444,0.0430034722222222,DAUC < 0.55,source::hazelnut-spread-contaminant-detection,,0.0064104166666666,0.0064104166666666,0.0,True,near_perfect_baseline,0.0,,0.0,,False,abs_delta_mean
tabicl,hazelnut-spread-contaminant-detection,groupby_shift_ratio_raw,test_time_variant,M14_groupby,TabArena_IID,classification,3,False,1600,800,30,0,30,0.0,0.5092881944444444,0.0430034722222222,DAUC < 0.55,source::hazelnut-spread-contaminant-detection,,0.0064104166666666,0.0064104166666666,0.0,True,near_perfect_baseline,0.0,,0.0,,False,abs_delta_mean
tabicl,hazelnut-spread-contaminant-detection,groupby_train_only,train_only_version,baselines,TabArena_IID,classification,3,False,1600,800,30,0,30,0.0,0.5092881944444444,0.0430034722222222,DAUC < 0.55,source::hazelnut-spread-contaminant-detection,,0.0064104166666666,0.0064104166666666,0.0,True,near_perfect_baseline,0.0,,0.0,,False,abs_delta_mean
tabicl,hazelnut-spread-contaminant-detection,joint_freq_combined,test_time_variant,M1_joint_freq,TabArena_IID,classification,3,False,1600,800,30,0,30,0.0,0.5092881944444444,0.0430034722222222,DAUC < 0.55,source::hazelnut-spread-contaminant-detection,,0.0064104166666666,0.0064104166666666,0.0,True,near_perfect_baseline,0.0,,0.0,,False,abs_delta_mean
tabicl,hazelnut-spread-contaminant-detection,joint_freq_combined__sel_combined_intersection,test_time_variant,selective,TabArena_IID,classification,3,False,1600,800,30,0,30,0.0,0.5092881944444444,0.0430034722222222,DAUC < 0.55,source::hazelnut-spread-contaminant-detection,,0.0064104166666666,0.0063479166666666,6.250000000000237e-05,True,near_perfect_baseline,0.9749756256093997,,-1.152916051845974,,False,abs_delta_mean
tabicl,hazelnut-spread-contaminant-detection,joint_freq_combined__sel_combined_union,test_time_variant,selective,TabArena_IID,classification,3,False,1600,800,30,0,30,0.0,0.5092881944444444,0.0430034722222222,DAUC < 0.55,source::hazelnut-spread-contaminant-detection,,0.0064104166666666,0.0064979166666666,-8.749999999998111e-05,True,near_perfect_baseline,-1.364965875852802,,-0.2442298907697511,,False,abs_delta_mean
tabicl,hazelnut-spread-contaminant-detection,joint_freq_separate,test_time_variant,M1_joint_freq,TabArena_IID,classification,3,False,1600,800,30,0,30,0.0,0.5092881944444444,0.0430034722222222,DAUC < 0.55,source::hazelnut-spread-contaminant-detection,,0.0064104166666666,0.0064104166666666,0.0,True,near_perfect_baseline,0.0,,0.0,,False,abs_delta_mean
tabicl,hazelnut-spread-contaminant-detection,joint_freq_separate__sel_combined_intersection,test_time_variant,selective,TabArena_IID,classification,3,False,1600,800,30,0,30,0.0,0.5092881944444444,0.0430034722222222,DAUC < 0.55,source::hazelnut-spread-contaminant-detection,,0.0064104166666666,0.0063479166666666,6.250000000000237e-05,True,near_perfect_baseline,0.9749756256093997,,-1.152916051845974,,False,abs_delta_mean
tabicl,hazelnut-spread-contaminant-detection,joint_freq_separate__sel_combined_union,test_time_variant,selective,TabArena_IID,classification,3,False,1600,800,30,0,30,0.0,0.5092881944444444,0.0430034722222222,DAUC < 0.55,source::hazelnut-spread-contaminant-detection,,0.0064104166666666,0.0064979166666666,-8.749999999998111e-05,True,near_perfect_baseline,-1.364965875852802,,-0.2442298907697511,,False,abs_delta_mean
tabicl,hazelnut-spread-contaminant-detection,joint_groupby_combined,test_time_variant,M14_groupby,TabArena_IID,classification,3,False,1600,800,30,0,30,0.0,0.5092881944444444,0.0430034722222222,DAUC < 0.55,source::hazelnut-spread-contaminant-detection,,0.0064104166666666,0.0064104166666666,0.0,True,near_perfect_baseline,0.0,,0.0,,False,abs_delta_mean
tabicl,hazelnut-spread-contaminant-detection,joint_groupby_combined__sel_combined_intersection,test_time_variant,selective,TabArena_IID,classification,3,False,1600,800,30,0,30,0.0,0.5092881944444444,0.0430034722222222,DAUC < 0.55,source::hazelnut-spread-contaminant-detection,,0.0064104166666666,0.0063479166666666,6.250000000000237e-05,True,near_perfect_baseline,0.9749756256093997,,-1.152916051845974,,False,abs_delta_mean
tabicl,hazelnut-spread-contaminant-detection,joint_groupby_combined__sel_combined_union,test_time_variant,selective,TabArena_IID,classification,3,False,1600,800,30,0,30,0.0,0.5092881944444444,0.0430034722222222,DAUC < 0.55,source::hazelnut-spread-contaminant-detection,,0.0064104166666666,0.0064979166666666,-8.749999999998111e-05,True,near_perfect_baseline,-1.364965875852802,,-0.2442298907697511,,False,abs_delta_mean
tabicl,hazelnut-spread-contaminant-detection,joint_groupby_mean_only,test_time_variant,M14_groupby,TabArena_IID,classification,3,False,1600,800,30,0,30,0.0,0.5092881944444444,0.0430034722222222,DAUC < 0.55,source::hazelnut-spread-contaminant-detection,,0.0064104166666666,0.0064104166666666,0.0,True,near_perfect_baseline,0.0,,0.0,,False,abs_delta_mean
tabicl,hazelnut-spread-contaminant-detection,joint_groupby_separate,test_time_variant,M14_groupby,TabArena_IID,classification,3,False,1600,800,30,0,30,0.0,0.5092881944444444,0.0430034722222222,DAUC < 0.55,source::hazelnut-spread-contaminant-detection,,0.0064104166666666,0.0064104166666666,0.0,True,near_perfect_baseline,0.0,,0.0,,False,abs_delta_mean
tabicl,hazelnut-spread-contaminant-detection,joint_pca_10,test_time_variant,M3_joint_pca,TabArena_IID,classification,3,False,1600,800,30,0,30,0.0,0.5092881944444444,0.0430034722222222,DAUC < 0.55,source::hazelnut-spread-contaminant-detection,,0.0064104166666666,0.0060520833333333,0.0003583333333333,True,near_perfect_baseline,5.589860253493903,,10.139349809668078,,False,abs_delta_mean
tabicl,hazelnut-spread-contaminant-detection,joint_pca_5,test_time_variant,M3_joint_pca,TabArena_IID,classification,3,False,1600,800,30,0,30,0.0,0.5092881944444444,0.0430034722222222,DAUC < 0.55,source::hazelnut-spread-contaminant-detection,,0.0064104166666666,0.0066708333333333,-0.0002604166666666,True,near_perfect_baseline,-4.062398440038761,,0.7083338639429227,,False,abs_delta_mean
tabicl,hazelnut-spread-contaminant-detection,joint_pca_var90,test_time_variant,M3_joint_pca,TabArena_IID,classification,3,False,1600,800,30,0,30,0.0,0.5092881944444444,0.0430034722222222,DAUC < 0.55,source::hazelnut-spread-contaminant-detection,,0.0064104166666666,0.0060520833333333,0.0003583333333333,True,near_perfect_baseline,5.589860253493903,,10.139349809668078,,False,abs_delta_mean
tabicl,hazelnut-spread-contaminant-detection,joint_pca_var95,test_time_variant,M3_joint_pca,TabArena_IID,classification,3,False,1600,800,30,0,30,0.0,0.5092881944444444,0.0430034722222222,DAUC < 0.55,source::hazelnut-spread-contaminant-detection,,0.0064104166666666,0.0065416666666667,-0.00013125,True,near_perfect_baseline,-2.047448813780076,,-1.702129636931372,,False,abs_delta_mean
tabicl,hazelnut-spread-contaminant-detection,joint_scaling,test_time_variant,M5_joint_scaling,TabArena_IID,classification,3,False,1600,800,30,0,30,0.0,0.5092881944444444,0.0430034722222222,DAUC < 0.55,source::hazelnut-spread-contaminant-detection,,0.0064104166666666,0.0064124999999999,-2.0833333332914705e-06,True,near_perfect_baseline,-0.0324991875196588,,-0.0599386873471267,,False,abs_delta_mean
tabicl,hazelnut-spread-contaminant-detection,joint_tsne_2d_p30,test_time_variant,M3b_joint_tsne,TabArena_IID,classification,3,False,1600,800,30,0,30,0.0,0.5092881944444444,0.0430034722222222,DAUC < 0.55,source::hazelnut-spread-contaminant-detection,,0.0064104166666666,0.0064291666666666,-1.874999999999331e-05,True,near_perfect_baseline,-0.292492687682694,,-0.1056932648590201,,False,abs_delta_mean
tabicl,hazelnut-spread-contaminant-detection,joint_tsne_2d_p50,test_time_variant,M3b_joint_tsne,TabArena_IID,classification,3,False,1600,800,30,0,30,0.0,0.5092881944444444,0.0430034722222222,DAUC < 0.55,source::hazelnut-spread-contaminant-detection,,0.0064104166666666,0.0063354166666666,7.500000000001024e-05,True,near_perfect_baseline,1.1699707507313986,,-0.5563029605693046,,False,abs_delta_mean
tabicl,hazelnut-spread-contaminant-detection,joint_tsne_3d_p30,test_time_variant,M3b_joint_tsne,TabArena_IID,classification,3,False,1600,800,30,0,30,0.0,0.5092881944444444,0.0430034722222222,DAUC < 0.55,source::hazelnut-spread-contaminant-detection,,0.0064104166666666,0.0066020833333333,-0.0001916666666666,True,near_perfect_baseline,-2.9899252518680712,,-1.5905698738691274,,False,abs_delta_mean
tabicl,hazelnut-spread-contaminant-detection,label_prop_k10_a05,test_time_variant,M8_label_prop,TabArena_IID,classification,3,False,1600,800,30,0,30,0.0,0.5092881944444444,0.0430034722222222,DAUC < 0.55,source::hazelnut-spread-contaminant-detection,,0.0064104166666666,0.0075729166666666,-0.0011624999999999,True,near_perfect_baseline,-18.13454663633336,,-16.274589767582345,,False,abs_delta_mean
tabicl,hazelnut-spread-contaminant-detection,label_prop_k15_a05,test_time_variant,M8_label_prop,TabArena_IID,classification,3,False,1600,800,30,0,30,0.0,0.5092881944444444,0.0430034722222222,DAUC < 0.55,source::hazelnut-spread-contaminant-detection,,0.0064104166666666,0.0076104166666666,-0.0011999999999999,True,near_perfect_baseline,-18.719532011699343,,-17.73098894970025,,False,abs_delta_mean
tabicl,hazelnut-spread-contaminant-detection,label_prop_k15_a08,test_time_variant,M8_label_prop,TabArena_IID,classification,3,False,1600,800,30,0,30,0.0,0.5092881944444444,0.0430034722222222,DAUC < 0.55,source::hazelnut-spread-contaminant-detection,,0.0064104166666666,0.00791875,-0.0015083333333333,True,near_perfect_baseline,-23.529411764705834,,-23.906560230207987,,False,abs_delta_mean
tabicl,hazelnut-spread-contaminant-detection,label_prop_v3_adaptive,test_time_variant,M8_label_prop,TabArena_IID,classification,3,False,1600,800,30,0,30,0.0,0.5092881944444444,0.0430034722222222,DAUC < 0.55,source::hazelnut-spread-contaminant-detection,,0.0064104166666666,0.0080166666666666,-0.0016062499999999,True,near_perfect_baseline,-25.05687357815984,,-26.1715273980348,,False,abs_delta_mean
tabicl,hazelnut-spread-contaminant-detection,label_prop_v3_t005_k10,test_time_variant,M8_label_prop,TabArena_IID,classification,3,False,1600,800,30,0,30,0.0,0.5092881944444444,0.0430034722222222,DAUC < 0.55,source::hazelnut-spread-contaminant-detection,,0.0064104166666666,0.0079833333333333,-0.0015729166666666,True,near_perfect_baseline,-24.536886577835475,,-24.10372351411921,,False,abs_delta_mean
tabicl,hazelnut-spread-contaminant-detection,label_prop_v3_t005_k15,test_time_variant,M8_label_prop,TabArena_IID,classification,3,False,1600,800,30,0,30,0.0,0.5092881944444444,0.0430034722222222,DAUC < 0.55,source::hazelnut-spread-contaminant-detection,,0.0064104166666666,0.0084999999999999,-0.0020895833333333,True,near_perfect_baseline,-32.59668508287252,,-32.11167202645901,,False,abs_delta_mean
tabicl,hazelnut-spread-contaminant-detection,label_prop_v3_t01_k15,test_time_variant,M8_label_prop,TabArena_IID,classification,3,False,1600,800,30,0,30,0.0,0.5092881944444444,0.0430034722222222,DAUC < 0.55,source::hazelnut-spread-contaminant-detection,,0.0064104166666666,0.00861875,-0.0022083333333333,True,near_perfect_baseline,-34.449138771530606,,-34.02603294546533,,False,abs_delta_mean
tabicl,hazelnut-spread-contaminant-detection,label_prop_weighted_adaptive_a05,test_time_variant,M8_label_prop,TabArena_IID,classification,3,False,1600,800,30,0,30,0.0,0.5092881944444444,0.0430034722222222,DAUC < 0.55,source::hazelnut-spread-contaminant-detection,,0.0064104166666666,0.0063479166666666,6.250000000000237e-05,True,near_perfect_baseline,0.9749756256093997,,2.945554603095528,,False,abs_delta_mean
tabicl,hazelnut-spread-contaminant-detection,label_prop_weighted_k10_a05,test_time_variant,M8_label_prop,TabArena_IID,classification,3,False,1600,800,30,0,30,0.0,0.5092881944444444,0.0430034722222222,DAUC < 0.55,source::hazelnut-spread-contaminant-detection,,0.0064104166666666,0.0074083333333333,-0.0009979166666666,True,near_perfect_baseline,-15.56711082222892,,-15.776450978524672,,False,abs_delta_mean
tabicl,hazelnut-spread-contaminant-detection,label_prop_weighted_k15_a05,test_time_variant,M8_label_prop,TabArena_IID,classification,3,False,1600,800,30,0,30,0.0,0.5092881944444444,0.0430034722222222,DAUC < 0.55,source::hazelnut-spread-contaminant-detection,,0.0064104166666666,0.0071416666666666,-0.0007312499999999,True,near_perfect_baseline,-11.407214819628882,,-10.843433361073007,,False,abs_delta_mean
tabicl,hazelnut-spread-contaminant-detection,label_prop_weighted_k15_a08,test_time_variant,M8_label_prop,TabArena_IID,classification,3,False,1600,800,30,0,30,0.0,0.5092881944444444,0.0430034722222222,DAUC < 0.55,source::hazelnut-spread-contaminant-detection,,0.0064104166666666,0.0072499999999999,-0.0008395833333333,True,near_perfect_baseline,-13.0971725706852,,-14.084094941239265,,False,abs_delta_mean
tabicl,hazelnut-spread-contaminant-detection,leaf_density_conf,test_time_variant,M18_leaf_density,TabArena_IID,classification,3,False,1600,800,30,0,30,0.0,0.5092881944444444,0.0430034722222222,DAUC < 0.55,source::hazelnut-spread-contaminant-detection,,0.0064104166666666,0.0072645833333333,-0.0008541666666666,True,near_perfect_baseline,-13.324666883328009,,-9.86981023214785,,False,abs_delta_mean
tabicl,hazelnut-spread-contaminant-detection,leaf_density_conf_cumshift,test_time_variant,M18_leaf_density,TabArena_IID,classification,3,False,1600,800,30,0,30,0.0,0.5092881944444444,0.0430034722222222,DAUC < 0.55,source::hazelnut-spread-contaminant-detection,,0.0064104166666666,0.0078291666666667,-0.00141875,True,near_perfect_baseline,-22.13194670133279,,-20.238964511330384,,False,abs_delta_mean
tabicl,hazelnut-spread-contaminant-detection,leaf_density_conf_deep,test_time_variant,M18_leaf_density,TabArena_IID,classification,3,False,1600,800,30,0,30,0.0,0.5092881944444444,0.0430034722222222,DAUC < 0.55,source::hazelnut-spread-contaminant-detection,,0.0064104166666666,0.0071552083333333,-0.0007447916666666,True,near_perfect_baseline,-11.618459538510995,,-6.457231600959235,,False,abs_delta_mean
tabicl,hazelnut-spread-contaminant-detection,leaf_density_conf_shallow,test_time_variant,M18_leaf_density,TabArena_IID,classification,3,False,1600,800,30,0,30,0.0,0.5092881944444444,0.0430034722222222,DAUC < 0.55,source::hazelnut-spread-contaminant-detection,,0.0064104166666666,0.0072937499999999,-0.0008833333333333,True,near_perfect_baseline,-13.779655508611892,,-12.69389603934403,,False,abs_delta_mean
tabicl,hazelnut-spread-contaminant-detection,leaf_density_embed_k10,test_time_variant,M18_leaf_density,TabArena_IID,classification,3,False,1600,800,30,0,30,0.0,0.5092881944444444,0.0430034722222222,DAUC < 0.55,source::hazelnut-spread-contaminant-detection,,0.0064104166666666,0.0070729166666666,-0.0006625,True,near_perfect_baseline,-10.334741631459355,,-14.88290467315197,,False,abs_delta_mean
tabicl,hazelnut-spread-contaminant-detection,leaf_density_embed_k10_cumshift,test_time_variant,M18_leaf_density,TabArena_IID,classification,3,False,1600,800,30,0,30,0.0,0.5092881944444444,0.0430034722222222,DAUC < 0.55,source::hazelnut-spread-contaminant-detection,,0.0064104166666666,0.0079208333333333,-0.0015104166666666,True,near_perfect_baseline,-23.56191095222609,,-23.91363117443685,,False,abs_delta_mean
tabicl,hazelnut-spread-contaminant-detection,leaf_density_embed_k20,test_time_variant,M18_leaf_density,TabArena_IID,classification,3,False,1600,800,30,0,30,0.0,0.5092881944444444,0.0430034722222222,DAUC < 0.55,source::hazelnut-spread-contaminant-detection,,0.0064104166666666,0.0075958333333333,-0.0011854166666666,True,near_perfect_baseline,-18.492037699057686,,-24.792684098373627,,False,abs_delta_mean
tabicl,hazelnut-spread-contaminant-detection,leaf_density_embed_k5,test_time_variant,M18_leaf_density,TabArena_IID,classification,3,False,1600,800,30,0,30,0.0,0.5092881944444444,0.0430034722222222,DAUC < 0.55,source::hazelnut-spread-contaminant-detection,,0.0064104166666666,0.0077499999999999,-0.0013395833333333,True,near_perfect_baseline,-20.89697757556036,,-26.61508726020604,,False,abs_delta_mean
tabicl,hazelnut-spread-contaminant-detection,nearest_test_k10_both,test_time_variant,M16_nearest_test_dist,TabArena_IID,classification,3,False,1600,800,30,0,30,0.0,0.5092881944444444,0.0430034722222222,DAUC < 0.55,source::hazelnut-spread-contaminant-detection,,0.0064104166666666,0.00921875,-0.0028083333333333,True,near_perfect_baseline,-43.808904777380576,,-57.17003350172255,,False,abs_delta_mean
tabicl,hazelnut-spread-contaminant-detection,nearest_test_k10_cumshift_both,test_time_variant,M16_nearest_test_dist,TabArena_IID,classification,3,False,1600,800,30,0,30,0.0,0.5092881944444444,0.0430034722222222,DAUC < 0.55,source::hazelnut-spread-contaminant-detection,,0.0064104166666666,0.0101916666666666,-0.0037812499999999,True,near_perfect_baseline,-58.98602534936609,,-75.6960387548349,,False,abs_delta_mean
tabicl,hazelnut-spread-contaminant-detection,nearest_test_k10_filter_both,test_time_variant,M16_nearest_test_dist,TabArena_IID,classification,3,False,1600,800,30,0,30,0.0,0.5092881944444444,0.0430034722222222,DAUC < 0.55,source::hazelnut-spread-contaminant-detection,,0.0064104166666666,0.008175,-0.0017645833333333,True,near_perfect_baseline,-27.52681182970414,,-22.04606112420818,,False,abs_delta_mean
tabicl,hazelnut-spread-contaminant-detection,nearest_test_k5_both,test_time_variant,M16_nearest_test_dist,TabArena_IID,classification,3,False,1600,800,30,0,30,0.0,0.5092881944444444,0.0430034722222222,DAUC < 0.55,source::hazelnut-spread-contaminant-detection,,0.0064104166666666,0.0090583333333333,-0.0026479166666666,True,near_perfect_baseline,-41.30646733831602,,-57.186291006040186,,False,abs_delta_mean
tabicl,hazelnut-spread-contaminant-detection,nearest_test_rel_k10_both,test_time_variant,M16_nearest_test_dist,TabArena_IID,classification,3,False,1600,800,30,0,30,0.0,0.5092881944444444,0.0430034722222222,DAUC < 0.55,source::hazelnut-spread-contaminant-detection,,0.0064104166666666,0.0106583333333333,-0.0042479166666666,True,near_perfect_baseline,-66.2658433539163,,-79.53531796743438,,False,abs_delta_mean
tabicl,hazelnut-spread-contaminant-detection,nearest_test_rel_k10_cumshift_both,test_time_variant,M16_nearest_test_dist,TabArena_IID,classification,3,False,1600,800,30,0,30,0.0,0.5092881944444444,0.0430034722222222,DAUC < 0.55,source::hazelnut-spread-contaminant-detection,,0.0064104166666666,0.0113270833333333,-0.0049166666666666,True,near_perfect_baseline,-76.69808254793637,,-90.81125958237357,,False,abs_delta_mean
tabicl,hazelnut-spread-contaminant-detection,nearest_test_rel_k5_both,test_time_variant,M16_nearest_test_dist,TabArena_IID,classification,3,False,1600,800,30,0,30,0.0,0.5092881944444444,0.0430034722222222,DAUC < 0.55,source::hazelnut-spread-contaminant-detection,,0.0064104166666666,0.0098854166666666,-0.003475,True,near_perfect_baseline,-54.20864478388038,,-72.93261491968386,,False,abs_delta_mean
tabicl,hazelnut-spread-contaminant-detection,neighbor_consensus_k10_dist,test_time_variant,M19_neighbor_consensus,TabArena_IID,classification,3,False,1600,800,30,0,30,0.0,0.5092881944444444,0.0430034722222222,DAUC < 0.55,source::hazelnut-spread-contaminant-detection,,0.0064104166666666,0.0126072916666666,-0.0061968749999999,True,near_perfect_baseline,-96.66883327916769,,-113.1953966650961,,False,abs_delta_mean
tabicl,hazelnut-spread-contaminant-detection,neighbor_consensus_k10_dist_cumshift,test_time_variant,M19_neighbor_consensus,TabArena_IID,classification,3,False,1600,800,30,0,30,0.0,0.5092881944444444,0.0430034722222222,DAUC < 0.55,source::hazelnut-spread-contaminant-detection,,0.0064104166666666,0.0124125,-0.0060020833333333,True,near_perfect_baseline,-93.6301592460187,,-115.797236319751,,False,abs_delta_mean
tabicl,hazelnut-spread-contaminant-detection,neighbor_consensus_k10_uniform,test_time_variant,M19_neighbor_consensus,TabArena_IID,classification,3,False,1600,800,30,0,30,0.0,0.5092881944444444,0.0430034722222222,DAUC < 0.55,source::hazelnut-spread-contaminant-detection,,0.0064104166666666,0.0126520833333333,-0.0062416666666666,True,near_perfect_baseline,-97.3675658108545,,-113.94476008768372,,False,abs_delta_mean
tabicl,hazelnut-spread-contaminant-detection,neighbor_consensus_k20_dist,test_time_variant,M19_neighbor_consensus,TabArena_IID,classification,3,False,1600,800,30,0,30,0.0,0.5092881944444444,0.0430034722222222,DAUC < 0.55,source::hazelnut-spread-contaminant-detection,,0.0064104166666666,0.0123895833333333,-0.0059791666666666,True,near_perfect_baseline,-93.27266818329493,,-107.91183438519896,,False,abs_delta_mean
tabicl,hazelnut-spread-contaminant-detection,neighbor_consensus_k5_dist,test_time_variant,M19_neighbor_consensus,TabArena_IID,classification,3,False,1600,800,30,0,30,0.0,0.5092881944444444,0.0430034722222222,DAUC < 0.55,source::hazelnut-spread-contaminant-detection,,0.0064104166666666,0.0122208333333333,-0.0058104166666666,True,near_perfect_baseline,-90.64023399415002,,-105.74128087847964,,False,abs_delta_mean
tabicl,hazelnut-spread-contaminant-detection,neighbor_consensus_k5_dist_cumshift,test_time_variant,M19_neighbor_consensus,TabArena_IID,classification,3,False,1600,800,30,0,30,0.0,0.5092881944444444,0.0430034722222222,DAUC < 0.55,source::hazelnut-spread-contaminant-detection,,0.0064104166666666,0.0123625,-0.0059520833333333,True,near_perfect_baseline,-92.85017874553132,,-101.26416621852728,,False,abs_delta_mean
tabicl,hazelnut-spread-contaminant-detection,ot_disp_v2_selective,test_time_variant,M9_ot_displacement,TabArena_IID,classification,3,False,1600,800,30,0,30,0.0,0.5092881944444444,0.0430034722222222,DAUC < 0.55,source::hazelnut-spread-contaminant-detection,,0.0064104166666666,0.0083,-0.0018895833333333,True,near_perfect_baseline,-29.476763080922915,,-28.434228901718257,,False,abs_delta_mean
tabicl,hazelnut-spread-contaminant-detection,ot_disp_v2_selective_abs,test_time_variant,M9_ot_displacement,TabArena_IID,classification,3,False,1600,800,30,0,30,0.0,0.5092881944444444,0.0430034722222222,DAUC < 0.55,source::hazelnut-spread-contaminant-detection,,0.0064104166666666,0.0060083333333333,0.0004020833333333,True,near_perfect_baseline,6.272343191420595,,7.032745248311561,,False,abs_delta_mean
tabicl,hazelnut-spread-contaminant-detection,ot_disp_v2_selective_and_summary,test_time_variant,M9_ot_displacement,TabArena_IID,classification,3,False,1600,800,30,0,30,0.0,0.5092881944444444,0.0430034722222222,DAUC < 0.55,source::hazelnut-spread-contaminant-detection,,0.0064104166666666,0.0083145833333333,-0.0019041666666666,True,near_perfect_baseline,-29.704257393564585,,-32.2107409193652,,False,abs_delta_mean
tabicl,hazelnut-spread-contaminant-detection,ot_disp_v2_selective_and_summary_abs,test_time_variant,M9_ot_displacement,TabArena_IID,classification,3,False,1600,800,30,0,30,0.0,0.5092881944444444,0.0430034722222222,DAUC < 0.55,source::hazelnut-spread-contaminant-detection,,0.0064104166666666,0.0067166666666667,-0.00030625,True,near_perfect_baseline,-4.777380565486262,,-5.56739846287005,,False,abs_delta_mean
tabicl,hazelnut-spread-contaminant-detection,ot_disp_v2_selective_and_summary_top10,test_time_variant,M9_ot_displacement,TabArena_IID,classification,3,False,1600,800,30,0,30,0.0,0.5092881944444444,0.0430034722222222,DAUC < 0.55,source::hazelnut-spread-contaminant-detection,,0.0064104166666666,0.0083145833333333,-0.0019041666666666,True,near_perfect_baseline,-29.704257393564585,,-32.2107409193652,,False,abs_delta_mean
tabicl,hazelnut-spread-contaminant-detection,ot_disp_v2_selective_top10,test_time_variant,M9_ot_displacement,TabArena_IID,classification,3,False,1600,800,30,0,30,0.0,0.5092881944444444,0.0430034722222222,DAUC < 0.55,source::hazelnut-spread-contaminant-detection,,0.0064104166666666,0.0083,-0.0018895833333333,True,near_perfect_baseline,-29.476763080922915,,-28.434228901718257,,False,abs_delta_mean
tabicl,hazelnut-spread-contaminant-detection,ot_disp_v2_summary_only,test_time_variant,M9_ot_displacement,TabArena_IID,classification,3,False,1600,800,30,0,30,0.0,0.5092881944444444,0.0430034722222222,DAUC < 0.55,source::hazelnut-spread-contaminant-detection,,0.0064104166666666,0.0069333333333333,-0.0005229166666666,True,near_perfect_baseline,-8.157296067597748,,-9.000808757007098,,False,abs_delta_mean
tabicl,hazelnut-spread-contaminant-detection,ot_displacement_mag,test_time_variant,M9_ot_displacement,TabArena_IID,classification,3,False,1600,800,30,0,30,0.0,0.5092881944444444,0.0430034722222222,DAUC < 0.55,source::hazelnut-spread-contaminant-detection,,0.0064104166666666,0.0202499999999999,-0.0138395833333333,True,near_perfect_baseline,-215.89210269743185,,-206.9709280343831,,False,abs_delta_mean
tabicl,hazelnut-spread-contaminant-detection,ot_displacement_no_mag,test_time_variant,M9_ot_displacement,TabArena_IID,classification,3,False,1600,800,30,0,30,0.0,0.5092881944444444,0.0430034722222222,DAUC < 0.55,source::hazelnut-spread-contaminant-detection,,0.0064104166666666,0.0163020833333333,-0.0098916666666666,True,near_perfect_baseline,-154.30614234644054,,-152.34333272641643,,False,abs_delta_mean
tabicl,hazelnut-spread-contaminant-detection,pca_train_only_10,train_only_version,baselines,TabArena_IID,classification,3,False,1600,800,30,0,30,0.0,0.5092881944444444,0.0430034722222222,DAUC < 0.55,source::hazelnut-spread-contaminant-detection,,0.0064104166666666,0.0056624999999999,0.0007479166666667,True,near_perfect_baseline,11.667208319792516,,14.052989395902918,,False,abs_delta_mean
tabicl,hazelnut-spread-contaminant-detection,pca_train_only_5,train_only_version,baselines,TabArena_IID,classification,3,False,1600,800,30,0,30,0.0,0.5092881944444444,0.0430034722222222,DAUC < 0.55,source::hazelnut-spread-contaminant-detection,,0.0064104166666666,0.0065416666666666,-0.0001312499999999,True,near_perfect_baseline,-2.047448813779494,,1.8394574322877093,,False,abs_delta_mean
tabicl,hazelnut-spread-contaminant-detection,pca_train_only_var90,train_only_version,baselines,TabArena_IID,classification,3,False,1600,800,30,0,30,0.0,0.5092881944444444,0.0430034722222222,DAUC < 0.55,source::hazelnut-spread-contaminant-detection,,0.0064104166666666,0.0056624999999999,0.0007479166666667,True,near_perfect_baseline,11.667208319792516,,14.052989395902918,,False,abs_delta_mean
tabicl,hazelnut-spread-contaminant-detection,pca_train_only_var95,train_only_version,baselines,TabArena_IID,classification,3,False,1600,800,30,0,30,0.0,0.5092881944444444,0.0430034722222222,DAUC < 0.55,source::hazelnut-spread-contaminant-detection,,0.0064104166666666,0.0065499999999999,-0.0001395833333333,True,near_perfect_baseline,-2.177445563860444,,0.8158969675204327,,False,abs_delta_mean
tabicl,hazelnut-spread-contaminant-detection,pseudo_label_lgbm_conf80_iter5,test_time_variant,M7_pseudo_label,TabArena_IID,classification,3,False,1600,800,30,0,30,0.0,0.5092881944444444,0.0430034722222222,DAUC < 0.55,source::hazelnut-spread-contaminant-detection,,0.0064104166666666,0.0190447916666666,-0.012634375,True,near_perfect_baseline,-197.0913227169319,,-241.25632833107105,,False,abs_delta_mean
tabicl,hazelnut-spread-contaminant-detection,pseudo_label_lgbm_conf90_iter1,test_time_variant,M7_pseudo_label,TabArena_IID,classification,3,False,1600,800,30,0,30,0.0,0.5092881944444444,0.0430034722222222,DAUC < 0.55,source::hazelnut-spread-contaminant-detection,,0.0064104166666666,0.0170541666666666,-0.0106437499999999,True,near_perfect_baseline,-166.03834904127348,,-197.7728601834129,,False,abs_delta_mean
tabicl,hazelnut-spread-contaminant-detection,pseudo_label_lgbm_conf90_iter3,test_time_variant,M7_pseudo_label,TabArena_IID,classification,3,False,1600,800,30,0,30,0.0,0.5092881944444444,0.0430034722222222,DAUC < 0.55,source::hazelnut-spread-contaminant-detection,,0.0064104166666666,0.0182843749999999,-0.0118739583333333,True,near_perfect_baseline,-185.2291192720174,,-224.98493155526285,,False,abs_delta_mean
tabicl,hazelnut-spread-contaminant-detection,pseudo_label_lgbm_conf95_iter3,test_time_variant,M7_pseudo_label,TabArena_IID,classification,3,False,1600,800,30,0,30,0.0,0.5092881944444444,0.0430034722222222,DAUC < 0.55,source::hazelnut-spread-contaminant-detection,,0.0064104166666666,0.0172770833333333,-0.0108666666666666,True,near_perfect_baseline,-169.51576210594683,,-209.74636352703888,,False,abs_delta_mean
tabicl,hazelnut-spread-contaminant-detection,pseudo_label_v2_cal_iso_wfixed_conf90,test_time_variant,M7_pseudo_label,TabArena_IID,classification,3,False,1600,800,30,0,30,0.0,0.5092881944444444,0.0430034722222222,DAUC < 0.55,source::hazelnut-spread-contaminant-detection,,0.0064104166666666,0.0155385416666666,-0.009128125,True,near_perfect_baseline,-142.3951901202468,,-175.45983665029186,,False,abs_delta_mean
tabicl,hazelnut-spread-contaminant-detection,pseudo_label_v2_cal_iso_wprop_conf85,test_time_variant,M7_pseudo_label,TabArena_IID,classification,3,False,1600,800,30,0,30,0.0,0.5092881944444444,0.0430034722222222,DAUC < 0.55,source::hazelnut-spread-contaminant-detection,,0.0064104166666666,0.0176124999999999,-0.0112020833333333,True,near_perfect_baseline,-174.748131296717,,-216.12676671178232,,False,abs_delta_mean
tabicl,hazelnut-spread-contaminant-detection,pseudo_label_v2_cal_iso_wprop_conf90,test_time_variant,M7_pseudo_label,TabArena_IID,classification,3,False,1600,800,30,0,30,0.0,0.5092881944444444,0.0430034722222222,DAUC < 0.55,source::hazelnut-spread-contaminant-detection,,0.0064104166666666,0.0155385416666666,-0.009128125,True,near_perfect_baseline,-142.3951901202468,,-175.45983665029186,,False,abs_delta_mean
tabicl,hazelnut-spread-contaminant-detection,pseudo_label_v2_cal_iso_wquad_conf90,test_time_variant,M7_pseudo_label,TabArena_IID,classification,3,False,1600,800,30,0,30,0.0,0.5092881944444444,0.0430034722222222,DAUC < 0.55,source::hazelnut-spread-contaminant-detection,,0.0064104166666666,0.0155385416666666,-0.009128125,True,near_perfect_baseline,-142.3951901202468,,-175.45983665029186,,False,abs_delta_mean
tabicl,hazelnut-spread-contaminant-detection,pseudo_label_v2_cal_platt_wprop_conf90,test_time_variant,M7_pseudo_label,TabArena_IID,classification,3,False,1600,800,30,0,30,0.0,0.5092881944444444,0.0430034722222222,DAUC < 0.55,source::hazelnut-spread-contaminant-detection,,0.0064104166666666,0.0193218749999999,-0.0129114583333332,True,near_perfect_baseline,-201.41371465713257,,-259.2947975576945,,False,abs_delta_mean
tabicl,hazelnut-spread-contaminant-detection,target_enc_absolute,test_time_variant,M4_target_encoding,TabArena_IID,classification,3,False,1600,800,30,0,30,0.0,0.5092881944444444,0.0430034722222222,DAUC < 0.55,source::hazelnut-spread-contaminant-detection,,0.0064104166666666,0.0064104166666666,0.0,True,near_perfect_baseline,0.0,,0.0,,False,abs_delta_mean
tabicl,hazelnut-spread-contaminant-detection,target_enc_diff,test_time_variant,M4_target_encoding,TabArena_IID,classification,3,False,1600,800,30,0,30,0.0,0.5092881944444444,0.0430034722222222,DAUC < 0.55,source::hazelnut-spread-contaminant-detection,,0.0064104166666666,0.0064104166666666,0.0,True,near_perfect_baseline,0.0,,0.0,,False,abs_delta_mean
tabicl,hazelnut-spread-contaminant-detection,target_enc_inv_ratio,test_time_variant,M4_target_encoding,TabArena_IID,classification,3,False,1600,800,30,0,30,0.0,0.5092881944444444,0.0430034722222222,DAUC < 0.55,source::hazelnut-spread-contaminant-detection,,0.0064104166666666,0.0064104166666666,0.0,True,near_perfect_baseline,0.0,,0.0,,False,abs_delta_mean
tabicl,hazelnut-spread-contaminant-detection,target_enc_oof_absolute,test_time_variant,M4_target_encoding,TabArena_IID,classification,3,False,1600,800,30,0,30,0.0,0.5092881944444444,0.0430034722222222,DAUC < 0.55,source::hazelnut-spread-contaminant-detection,,0.0064104166666666,0.0064104166666666,0.0,True,near_perfect_baseline,0.0,,0.0,,False,abs_delta_mean
tabicl,hazelnut-spread-contaminant-detection,target_enc_oof_diff,test_time_variant,M4_target_encoding,TabArena_IID,classification,3,False,1600,800,30,0,30,0.0,0.5092881944444444,0.0430034722222222,DAUC < 0.55,source::hazelnut-spread-contaminant-detection,,0.0064104166666666,0.0064104166666666,0.0,True,near_perfect_baseline,0.0,,0.0,,False,abs_delta_mean
tabicl,hazelnut-spread-contaminant-detection,target_enc_oof_inv_ratio,test_time_variant,M4_target_encoding,TabArena_IID,classification,3,False,1600,800,30,0,30,0.0,0.5092881944444444,0.0430034722222222,DAUC < 0.55,source::hazelnut-spread-contaminant-detection,,0.0064104166666666,0.0064104166666666,0.0,True,near_perfect_baseline,0.0,,0.0,,False,abs_delta_mean
tabicl,hazelnut-spread-contaminant-detection,target_enc_oof_ratio,test_time_variant,M4_target_encoding,TabArena_IID,classification,3,False,1600,800,30,0,30,0.0,0.5092881944444444,0.0430034722222222,DAUC < 0.55,source::hazelnut-spread-contaminant-detection,,0.0064104166666666,0.0064104166666666,0.0,True,near_perfect_baseline,0.0,,0.0,,False,abs_delta_mean
tabicl,hazelnut-spread-contaminant-detection,target_enc_oof_ratio_cap5,test_time_variant,M4_target_encoding,TabArena_IID,classification,3,False,1600,800,30,0,30,0.0,0.5092881944444444,0.0430034722222222,DAUC < 0.55,source::hazelnut-spread-contaminant-detection,,0.0064104166666666,0.0064104166666666,0.0,True,near_perfect_baseline,0.0,,0.0,,False,abs_delta_mean
tabicl,hazelnut-spread-contaminant-detection,target_enc_ratio,test_time_variant,M4_target_encoding,TabArena_IID,classification,3,False,1600,800,30,0,30,0.0,0.5092881944444444,0.0430034722222222,DAUC < 0.55,source::hazelnut-spread-contaminant-detection,,0.0064104166666666,0.0064104166666666,0.0,True,near_perfect_baseline,0.0,,0.0,,False,abs_delta_mean
tabicl,hazelnut-spread-contaminant-detection,target_enc_ratio__sel_combined_intersection,test_time_variant,selective,TabArena_IID,classification,3,False,1600,800,30,0,30,0.0,0.5092881944444444,0.0430034722222222,DAUC < 0.55,source::hazelnut-spread-contaminant-detection,,0.0064104166666666,0.0063479166666666,6.250000000000237e-05,True,near_perfect_baseline,0.9749756256093997,,-1.152916051845974,,False,abs_delta_mean
tabicl,hazelnut-spread-contaminant-detection,target_enc_ratio__sel_combined_union,test_time_variant,selective,TabArena_IID,classification,3,False,1600,800,30,0,30,0.0,0.5092881944444444,0.0430034722222222,DAUC < 0.55,source::hazelnut-spread-contaminant-detection,,0.0064104166666666,0.0064979166666666,-8.749999999998111e-05,True,near_perfect_baseline,-1.364965875852802,,-0.2442298907697511,,False,abs_delta_mean
tabicl,hazelnut-spread-contaminant-detection,target_enc_ratio_cap5,test_time_variant,M4_target_encoding,TabArena_IID,classification,3,False,1600,800,30,0,30,0.0,0.5092881944444444,0.0430034722222222,DAUC < 0.55,source::hazelnut-spread-contaminant-detection,,0.0064104166666666,0.0064104166666666,0.0,True,near_perfect_baseline,0.0,,0.0,,False,abs_delta_mean
tabicl,hazelnut-spread-contaminant-detection,target_enc_standard_m10,train_only_version,baselines,TabArena_IID,classification,3,False,1600,800,30,0,30,0.0,0.5092881944444444,0.0430034722222222,DAUC < 0.55,source::hazelnut-spread-contaminant-detection,,0.0064104166666666,0.0064104166666666,0.0,True,near_perfect_baseline,0.0,,0.0,,False,abs_delta_mean
tabicl,hazelnut-spread-contaminant-detection,target_enc_standard_m20,train_only_version,baselines,TabArena_IID,classification,3,False,1600,800,30,0,30,0.0,0.5092881944444444,0.0430034722222222,DAUC < 0.55,source::hazelnut-spread-contaminant-detection,,0.0064104166666666,0.0064104166666666,0.0,True,near_perfect_baseline,0.0,,0.0,,False,abs_delta_mean
tabicl,hazelnut-spread-contaminant-detection,target_enc_standard_m5,train_only_version,baselines,TabArena_IID,classification,3,False,1600,800,30,0,30,0.0,0.5092881944444444,0.0430034722222222,DAUC < 0.55,source::hazelnut-spread-contaminant-detection,,0.0064104166666666,0.0064104166666666,0.0,True,near_perfect_baseline,0.0,,0.0,,False,abs_delta_mean
tabicl,hazelnut-spread-contaminant-detection,targeted_groupby_top3,test_time_variant,M14_groupby,TabArena_IID,classification,3,False,1600,800,30,0,30,0.0,0.5092881944444444,0.0430034722222222,DAUC < 0.55,source::hazelnut-spread-contaminant-detection,,0.0064104166666666,0.0064104166666666,0.0,True,near_perfect_baseline,0.0,,0.0,,False,abs_delta_mean
tabicl,hazelnut-spread-contaminant-detection,targeted_groupby_top3_shifted_agg,test_time_variant,M14_groupby,TabArena_IID,classification,3,False,1600,800,30,0,30,0.0,0.5092881944444444,0.0430034722222222,DAUC < 0.55,source::hazelnut-spread-contaminant-detection,,0.0064104166666666,0.0064104166666666,0.0,True,near_perfect_baseline,0.0,,0.0,,False,abs_delta_mean
tabicl,hazelnut-spread-contaminant-detection,targeted_groupby_top5,test_time_variant,M14_groupby,TabArena_IID,classification,3,False,1600,800,30,0,30,0.0,0.5092881944444444,0.0430034722222222,DAUC < 0.55,source::hazelnut-spread-contaminant-detection,,0.0064104166666666,0.0064104166666666,0.0,True,near_perfect_baseline,0.0,,0.0,,False,abs_delta_mean
tabicl,hazelnut-spread-contaminant-detection,targeted_groupby_top5_shifted_agg,test_time_variant,M14_groupby,TabArena_IID,classification,3,False,1600,800,30,0,30,0.0,0.5092881944444444,0.0430034722222222,DAUC < 0.55,source::hazelnut-spread-contaminant-detection,,0.0064104166666666,0.0064104166666666,0.0,True,near_perfect_baseline,0.0,,0.0,,False,abs_delta_mean
tabicl,hazelnut-spread-contaminant-detection,tdda_k10_lam07_aug1,test_time_variant,M17_tdda,TabArena_IID,classification,3,False,1600,800,30,0,30,0.0,0.5092881944444444,0.0430034722222222,DAUC < 0.55,source::hazelnut-spread-contaminant-detection,,0.0064104166666666,0.0118958333333333,-0.0054854166666666,True,near_perfect_baseline,-85.57036074098106,,-107.28185925946916,,False,abs_delta_mean
tabicl,hazelnut-spread-contaminant-detection,tdda_k5_lam06_aug1,test_time_variant,M17_tdda,TabArena_IID,classification,3,False,1600,800,30,0,30,0.0,0.5092881944444444,0.0430034722222222,DAUC < 0.55,source::hazelnut-spread-contaminant-detection,,0.0064104166666666,0.0136145833333333,-0.0072041666666666,True,near_perfect_baseline,-112.38219044523828,,-142.04515453376976,,False,abs_delta_mean
tabicl,hazelnut-spread-contaminant-detection,tdda_k5_lam07_aug1,test_time_variant,M17_tdda,TabArena_IID,classification,3,False,1600,800,30,0,30,0.0,0.5092881944444444,0.0430034722222222,DAUC < 0.55,source::hazelnut-spread-contaminant-detection,,0.0064104166666666,0.0118958333333333,-0.0054854166666666,True,near_perfect_baseline,-85.57036074098106,,-107.28185925946916,,False,abs_delta_mean
tabicl,hazelnut-spread-contaminant-detection,tdda_k5_lam07_aug1_cumshift,test_time_variant,M17_tdda,TabArena_IID,classification,3,False,1600,800,30,0,30,0.0,0.5092881944444444,0.0430034722222222,DAUC < 0.55,source::hazelnut-spread-contaminant-detection,,0.0064104166666666,0.0127802083333333,-0.0063697916666666,True,near_perfect_baseline,-99.36626584335306,,-138.63104212979954,,False,abs_delta_mean
tabicl,hazelnut-spread-contaminant-detection,tdda_k5_lam07_aug2,test_time_variant,M17_tdda,TabArena_IID,classification,3,False,1600,800,30,0,30,0.0,0.5092881944444444,0.0430034722222222,DAUC < 0.55,source::hazelnut-spread-contaminant-detection,,0.0064104166666666,0.0171739583333333,-0.0107635416666666,True,near_perfect_baseline,-167.9070523236911,,-226.39833345949285,,False,abs_delta_mean
tabicl,hazelnut-spread-contaminant-detection,tdda_k5_lam08_aug1,test_time_variant,M17_tdda,TabArena_IID,classification,3,False,1600,800,30,0,30,0.0,0.5092881944444444,0.0430034722222222,DAUC < 0.55,source::hazelnut-spread-contaminant-detection,,0.0064104166666666,0.0087416666666666,-0.0023312499999999,True,near_perfect_baseline,-36.366590835228585,,-47.31493441589128,,False,abs_delta_mean
tabicl,hazelnut-spread-contaminant-detection,tdda_v2_k10_lam07_pfl_dw,test_time_variant,M17_tdda,TabArena_IID,classification,3,False,1600,800,30,0,30,0.0,0.5092881944444444,0.0430034722222222,DAUC < 0.55,source::hazelnut-spread-contaminant-detection,,0.0064104166666666,0.0065104166666666,-9.9999999999989e-05,True,near_perfect_baseline,-1.559961000974801,,-8.085472079201617,,False,abs_delta_mean
tabicl,hazelnut-spread-contaminant-detection,tdda_v2_k5_lam06_pfl_dw,test_time_variant,M17_tdda,TabArena_IID,classification,3,False,1600,800,30,0,30,0.0,0.5092881944444444,0.0430034722222222,DAUC < 0.55,source::hazelnut-spread-contaminant-detection,,0.0064104166666666,0.0064854166666666,-7.499999999997324e-05,True,near_perfect_baseline,-1.169970750730803,,-7.462855490246995,,False,abs_delta_mean
tabicl,hazelnut-spread-contaminant-detection,tdda_v2_k5_lam07_nopfl_dw,test_time_variant,M17_tdda,TabArena_IID,classification,3,False,1600,800,30,0,30,0.0,0.5092881944444444,0.0430034722222222,DAUC < 0.55,source::hazelnut-spread-contaminant-detection,,0.0064104166666666,0.0118958333333333,-0.0054854166666666,True,near_perfect_baseline,-85.57036074098106,,-107.28185925946916,,False,abs_delta_mean
tabicl,hazelnut-spread-contaminant-detection,tdda_v2_k5_lam07_pfl_dw,test_time_variant,M17_tdda,TabArena_IID,classification,3,False,1600,800,30,0,30,0.0,0.5092881944444444,0.0430034722222222,DAUC < 0.55,source::hazelnut-spread-contaminant-detection,,0.0064104166666666,0.0065104166666666,-9.9999999999989e-05,True,near_perfect_baseline,-1.559961000974801,,-8.085472079201617,,False,abs_delta_mean
tabicl,hazelnut-spread-contaminant-detection,tdda_v2_k5_lam07_pfl_dw_cumshift,test_time_variant,M17_tdda,TabArena_IID,classification,3,False,1600,800,30,0,30,0.0,0.5092881944444444,0.0430034722222222,DAUC < 0.55,source::hazelnut-spread-contaminant-detection,,0.0064104166666666,0.0065416666666666,-0.0001312499999999,True,near_perfect_baseline,-2.047448813779494,,-8.236598308337738,,False,abs_delta_mean
tabicl,hazelnut-spread-contaminant-detection,tdda_v2_k5_lam07_pfl_nodw,test_time_variant,M17_tdda,TabArena_IID,classification,3,False,1600,800,30,0,30,0.0,0.5092881944444444,0.0430034722222222,DAUC < 0.55,source::hazelnut-spread-contaminant-detection,,0.0064104166666666,0.0065104166666666,-9.9999999999989e-05,True,near_perfect_baseline,-1.559961000974801,,-8.085472079201617,,False,abs_delta_mean
tabicl,hazelnut-spread-contaminant-detection,train_only_scaling,train_only_version,baselines,TabArena_IID,classification,3,False,1600,800,30,0,30,0.0,0.5092881944444444,0.0430034722222222,DAUC < 0.55,source::hazelnut-spread-contaminant-detection,,0.0064104166666666,0.0064124999999999,-2.0833333332914705e-06,True,near_perfect_baseline,-0.0324991875196588,,-0.0599386873471267,,False,abs_delta_mean
tabicl,polish_companies_bankruptcy,adversarial_lgbm_both_ratio,test_time_variant,M6_adversarial,TabArena_IID,classification,3,False,3940,1970,64,0,64,0.0,0.4797271737327021,0.028469599510753,DAUC < 0.55,source::polish_companies_bankruptcy,,0.0154634559544191,0.0178398307546725,-0.0023763748002534,True,near_perfect_baseline,-15.367682407207017,,-14.890901406503664,,False,abs_delta_mean
tabicl,polish_companies_bankruptcy,adversarial_lgbm_cal_iso_both_ratio,test_time_variant,M6_adversarial,TabArena_IID,classification,3,False,3940,1970,64,0,64,0.0,0.4797271737327021,0.028469599510753,DAUC < 0.55,source::polish_companies_bankruptcy,,0.0154634559544191,0.0172521616846227,-0.0017887057302036,True,near_perfect_baseline,-11.567308986271511,,-11.187526650508907,,False,abs_delta_mean
tabicl,polish_companies_bankruptcy,adversarial_lgbm_cal_iso_feature,test_time_variant,M6_adversarial,TabArena_IID,classification,3,False,3940,1970,64,0,64,0.0,0.4797271737327021,0.028469599510753,DAUC < 0.55,source::polish_companies_bankruptcy,,0.0154634559544191,0.0172521616846227,-0.0017887057302036,True,near_perfect_baseline,-11.567308986271511,,-11.187526650508907,,False,abs_delta_mean
tabicl,polish_companies_bankruptcy,adversarial_lgbm_cal_platt_feature,test_time_variant,M6_adversarial,TabArena_IID,classification,3,False,3940,1970,64,0,64,0.0,0.4797271737327021,0.028469599510753,DAUC < 0.55,source::polish_companies_bankruptcy,,0.0154634559544191,0.0178228906983187,-0.0023594347438996,True,near_perfect_baseline,-15.258133439603746,,-15.252380061195764,,False,abs_delta_mean
tabicl,polish_companies_bankruptcy,adversarial_lgbm_feature,test_time_variant,M6_adversarial,TabArena_IID,classification,3,False,3940,1970,64,0,64,0.0,0.4797271737327021,0.028469599510753,DAUC < 0.55,source::polish_companies_bankruptcy,,0.0154634559544191,0.0178398307546725,-0.0023763748002534,True,near_perfect_baseline,-15.367682407207017,,-14.890901406503664,,False,abs_delta_mean
tabicl,polish_companies_bankruptcy,adversarial_logreg_feature,test_time_variant,M6_adversarial,TabArena_IID,classification,3,False,3940,1970,64,0,64,0.0,0.4797271737327021,0.028469599510753,DAUC < 0.55,source::polish_companies_bankruptcy,,0.0154634559544191,0.017476362884926,-0.0020129069305068,True,near_perfect_baseline,-13.017186691256088,,-12.67315890104942,,False,abs_delta_mean
tabicl,polish_companies_bankruptcy,adversarial_rf_feature,test_time_variant,M6_adversarial,TabArena_IID,classification,3,False,3940,1970,64,0,64,0.0,0.4797271737327021,0.028469599510753,DAUC < 0.55,source::polish_companies_bankruptcy,,0.0154634559544191,0.0179303184636412,-0.002466862509222,True,near_perfect_baseline,-15.952853724895242,,-15.382264648363966,,False,abs_delta_mean
tabicl,polish_companies_bankruptcy,cluster_membership_k10_both,test_time_variant,M20_cluster_membership,TabArena_IID,classification,3,False,3940,1970,64,0,64,0.0,0.4797271737327021,0.028469599510753,DAUC < 0.55,source::polish_companies_bankruptcy,,0.0154634559544191,0.0178798595374688,-0.0024164035830496,True,near_perfect_baseline,-15.626542929164149,,-16.99511106476712,,False,abs_delta_mean
tabicl,polish_companies_bankruptcy,cluster_membership_k10_both_cumshift,test_time_variant,M20_cluster_membership,TabArena_IID,classification,3,False,3940,1970,64,0,64,0.0,0.4797271737327021,0.028469599510753,DAUC < 0.55,source::polish_companies_bankruptcy,,0.0154634559544191,0.0181297233198001,-0.002666267365381,True,near_perfect_baseline,-17.24237695144132,,-18.700715602602,,False,abs_delta_mean
tabicl,polish_companies_bankruptcy,cluster_membership_k10_feature,test_time_variant,M20_cluster_membership,TabArena_IID,classification,3,False,3940,1970,64,0,64,0.0,0.4797271737327021,0.028469599510753,DAUC < 0.55,source::polish_companies_bankruptcy,,0.0154634559544191,0.0178798595374688,-0.0024164035830496,True,near_perfect_baseline,-15.626542929164149,,-16.99511106476712,,False,abs_delta_mean
tabicl,polish_companies_bankruptcy,cluster_membership_k10_feature_cumshift,test_time_variant,M20_cluster_membership,TabArena_IID,classification,3,False,3940,1970,64,0,64,0.0,0.4797271737327021,0.028469599510753,DAUC < 0.55,source::polish_companies_bankruptcy,,0.0154634559544191,0.0181297233198001,-0.002666267365381,True,near_perfect_baseline,-17.24237695144132,,-18.700715602602,,False,abs_delta_mean
tabicl,polish_companies_bankruptcy,cluster_membership_k10_weight,test_time_variant,M20_cluster_membership,TabArena_IID,classification,3,False,3940,1970,64,0,64,0.0,0.4797271737327021,0.028469599510753,DAUC < 0.55,source::polish_companies_bankruptcy,,0.0154634559544191,0.0173410512663317,-0.0018775953119126,True,near_perfect_baseline,-12.142145439203045,,-12.060191199713236,,False,abs_delta_mean
tabicl,polish_companies_bankruptcy,cluster_membership_k15_both,test_time_variant,M20_cluster_membership,TabArena_IID,classification,3,False,3940,1970,64,0,64,0.0,0.4797271737327021,0.028469599510753,DAUC < 0.55,source::polish_companies_bankruptcy,,0.0154634559544191,0.0186090526724946,-0.0031455967180755,True,near_perfect_baseline,-20.34213262124389,,-22.415506406298107,,False,abs_delta_mean
tabicl,polish_companies_bankruptcy,cluster_membership_k5_both,test_time_variant,M20_cluster_membership,TabArena_IID,classification,3,False,3940,1970,64,0,64,0.0,0.4797271737327021,0.028469599510753,DAUC < 0.55,source::polish_companies_bankruptcy,,0.0154634559544191,0.0179533531899127,-0.0024898972354936,True,near_perfect_baseline,-16.10181606772142,,-17.456643729078284,,False,abs_delta_mean
tabicl,polish_companies_bankruptcy,cluster_membership_k5_feature,test_time_variant,M20_cluster_membership,TabArena_IID,classification,3,False,3940,1970,64,0,64,0.0,0.4797271737327021,0.028469599510753,DAUC < 0.55,source::polish_companies_bankruptcy,,0.0154634559544191,0.0179533531899127,-0.0024898972354936,True,near_perfect_baseline,-16.10181606772142,,-17.456643729078284,,False,abs_delta_mean
tabicl,polish_companies_bankruptcy,freq_enc_train_only,train_only_version,baselines,TabArena_IID,classification,3,False,3940,1970,64,0,64,0.0,0.4797271737327021,0.028469599510753,DAUC < 0.55,source::polish_companies_bankruptcy,,0.0154634559544191,0.0154634559544191,0.0,True,near_perfect_baseline,0.0,,0.0,,False,abs_delta_mean
tabicl,polish_companies_bankruptcy,freq_ratio_log,test_time_variant,M2_freq_ratio,TabArena_IID,classification,3,False,3940,1970,64,0,64,0.0,0.4797271737327021,0.028469599510753,DAUC < 0.55,source::polish_companies_bankruptcy,,0.0154634559544191,0.0154634559544191,0.0,True,near_perfect_baseline,0.0,,0.0,,False,abs_delta_mean
tabicl,polish_companies_bankruptcy,freq_ratio_log__sel_combined_intersection,test_time_variant,selective,TabArena_IID,classification,3,False,3940,1970,64,0,64,0.0,0.4797271737327021,0.028469599510753,DAUC < 0.55,source::polish_companies_bankruptcy,,0.0154634559544191,0.0159846652734546,-0.0005212093190355,True,near_perfect_baseline,-3.3705875360067394,,-2.2779649893463194,,False,abs_delta_mean
tabicl,polish_companies_bankruptcy,freq_ratio_log__sel_combined_union,test_time_variant,selective,TabArena_IID,classification,3,False,3940,1970,64,0,64,0.0,0.4797271737327021,0.028469599510753,DAUC < 0.55,source::polish_companies_bankruptcy,,0.0154634559544191,0.0167303563148201,-0.001266900360401,True,near_perfect_baseline,-8.192866873584943,,-7.010658629077788,,False,abs_delta_mean
tabicl,polish_companies_bankruptcy,freq_ratio_v2_both_gated,test_time_variant,M2_freq_ratio,TabArena_IID,classification,3,False,3940,1970,64,0,64,0.0,0.4797271737327021,0.028469599510753,DAUC < 0.55,source::polish_companies_bankruptcy,,0.0154634559544191,0.0154634559544191,0.0,True,near_perfect_baseline,0.0,,0.0,,False,abs_delta_mean
tabicl,polish_companies_bankruptcy,freq_ratio_v2_diff_gated,test_time_variant,M2_freq_ratio,TabArena_IID,classification,3,False,3940,1970,64,0,64,0.0,0.4797271737327021,0.028469599510753,DAUC < 0.55,source::polish_companies_bankruptcy,,0.0154634559544191,0.0154634559544191,0.0,True,near_perfect_baseline,0.0,,0.0,,False,abs_delta_mean
tabicl,polish_companies_bankruptcy,freq_ratio_v2_ratio_gated,test_time_variant,M2_freq_ratio,TabArena_IID,classification,3,False,3940,1970,64,0,64,0.0,0.4797271737327021,0.028469599510753,DAUC < 0.55,source::polish_companies_bankruptcy,,0.0154634559544191,0.0154634559544191,0.0,True,near_perfect_baseline,0.0,,0.0,,False,abs_delta_mean
tabicl,polish_companies_bankruptcy,freq_ratio_v2_ratio_ungated,test_time_variant,M2_freq_ratio,TabArena_IID,classification,3,False,3940,1970,64,0,64,0.0,0.4797271737327021,0.028469599510753,DAUC < 0.55,source::polish_companies_bankruptcy,,0.0154634559544191,0.0154634559544191,0.0,True,near_perfect_baseline,0.0,,0.0,,False,abs_delta_mean
tabicl,polish_companies_bankruptcy,groupby_shift_cohen_d,test_time_variant,M14_groupby,TabArena_IID,classification,3,False,3940,1970,64,0,64,0.0,0.4797271737327021,0.028469599510753,DAUC < 0.55,source::polish_companies_bankruptcy,,0.0154634559544191,0.0154634559544191,0.0,True,near_perfect_baseline,0.0,,0.0,,False,abs_delta_mean
tabicl,polish_companies_bankruptcy,groupby_shift_cohen_d__sel_combined_intersection,test_time_variant,selective,TabArena_IID,classification,3,False,3940,1970,64,0,64,0.0,0.4797271737327021,0.028469599510753,DAUC < 0.55,source::polish_companies_bankruptcy,,0.0154634559544191,0.0159846652734546,-0.0005212093190355,True,near_perfect_baseline,-3.3705875360067394,,-2.2779649893463194,,False,abs_delta_mean
tabicl,polish_companies_bankruptcy,groupby_shift_cohen_d__sel_combined_union,test_time_variant,selective,TabArena_IID,classification,3,False,3940,1970,64,0,64,0.0,0.4797271737327021,0.028469599510753,DAUC < 0.55,source::polish_companies_bankruptcy,,0.0154634559544191,0.0167303563148201,-0.001266900360401,True,near_perfect_baseline,-8.192866873584943,,-7.010658629077788,,False,abs_delta_mean
tabicl,polish_companies_bankruptcy,groupby_shift_cohen_d_min10,test_time_variant,M14_groupby,TabArena_IID,classification,3,False,3940,1970,64,0,64,0.0,0.4797271737327021,0.028469599510753,DAUC < 0.55,source::polish_companies_bankruptcy,,0.0154634559544191,0.0154634559544191,0.0,True,near_perfect_baseline,0.0,,0.0,,False,abs_delta_mean
tabicl,polish_companies_bankruptcy,groupby_shift_ratio_log,test_time_variant,M14_groupby,TabArena_IID,classification,3,False,3940,1970,64,0,64,0.0,0.4797271737327021,0.028469599510753,DAUC < 0.55,source::polish_companies_bankruptcy,,0.0154634559544191,0.0154634559544191,0.0,True,near_perfect_baseline,0.0,,0.0,,False,abs_delta_mean
tabicl,polish_companies_bankruptcy,groupby_shift_ratio_raw,test_time_variant,M14_groupby,TabArena_IID,classification,3,False,3940,1970,64,0,64,0.0,0.4797271737327021,0.028469599510753,DAUC < 0.55,source::polish_companies_bankruptcy,,0.0154634559544191,0.0154634559544191,-7.401486830834377e-17,True,near_perfect_baseline,-4.823831728617278e-13,,-5.850389595360307e-13,,False,abs_delta_mean
tabicl,polish_companies_bankruptcy,groupby_train_only,train_only_version,baselines,TabArena_IID,classification,3,False,3940,1970,64,0,64,0.0,0.4797271737327021,0.028469599510753,DAUC < 0.55,source::polish_companies_bankruptcy,,0.0154634559544191,0.0154634559544191,0.0,True,near_perfect_baseline,0.0,,0.0,,False,abs_delta_mean
tabicl,polish_companies_bankruptcy,joint_freq_combined,test_time_variant,M1_joint_freq,TabArena_IID,classification,3,False,3940,1970,64,0,64,0.0,0.4797271737327021,0.028469599510753,DAUC < 0.55,source::polish_companies_bankruptcy,,0.0154634559544191,0.0154634559544191,-7.401486830834377e-17,True,near_perfect_baseline,-4.823831728617278e-13,,-5.850389595360307e-13,,False,abs_delta_mean
tabicl,polish_companies_bankruptcy,joint_freq_combined__sel_combined_intersection,test_time_variant,selective,TabArena_IID,classification,3,False,3940,1970,64,0,64,0.0,0.4797271737327021,0.028469599510753,DAUC < 0.55,source::polish_companies_bankruptcy,,0.0154634559544191,0.0159846652734546,-0.0005212093190355,True,near_perfect_baseline,-3.3705875360067394,,-2.2779649893463194,,False,abs_delta_mean
tabicl,polish_companies_bankruptcy,joint_freq_combined__sel_combined_union,test_time_variant,selective,TabArena_IID,classification,3,False,3940,1970,64,0,64,0.0,0.4797271737327021,0.028469599510753,DAUC < 0.55,source::polish_companies_bankruptcy,,0.0154634559544191,0.0167303563148201,-0.001266900360401,True,near_perfect_baseline,-8.192866873584943,,-7.010658629077788,,False,abs_delta_mean
tabicl,polish_companies_bankruptcy,joint_freq_separate,test_time_variant,M1_joint_freq,TabArena_IID,classification,3,False,3940,1970,64,0,64,0.0,0.4797271737327021,0.028469599510753,DAUC < 0.55,source::polish_companies_bankruptcy,,0.0154634559544191,0.0154634559544191,0.0,True,near_perfect_baseline,0.0,,0.0,,False,abs_delta_mean
tabicl,polish_companies_bankruptcy,joint_freq_separate__sel_combined_intersection,test_time_variant,selective,TabArena_IID,classification,3,False,3940,1970,64,0,64,0.0,0.4797271737327021,0.028469599510753,DAUC < 0.55,source::polish_companies_bankruptcy,,0.0154634559544191,0.0159846652734546,-0.0005212093190355,True,near_perfect_baseline,-3.3705875360067394,,-2.2779649893463194,,False,abs_delta_mean
tabicl,polish_companies_bankruptcy,joint_freq_separate__sel_combined_union,test_time_variant,selective,TabArena_IID,classification,3,False,3940,1970,64,0,64,0.0,0.4797271737327021,0.028469599510753,DAUC < 0.55,source::polish_companies_bankruptcy,,0.0154634559544191,0.0167303563148201,-0.001266900360401,True,near_perfect_baseline,-8.192866873584943,,-7.010658629077788,,False,abs_delta_mean
tabicl,polish_companies_bankruptcy,joint_groupby_combined,test_time_variant,M14_groupby,TabArena_IID,classification,3,False,3940,1970,64,0,64,0.0,0.4797271737327021,0.028469599510753,DAUC < 0.55,source::polish_companies_bankruptcy,,0.0154634559544191,0.0154634559544191,0.0,True,near_perfect_baseline,0.0,,0.0,,False,abs_delta_mean
tabicl,polish_companies_bankruptcy,joint_groupby_combined__sel_combined_intersection,test_time_variant,selective,TabArena_IID,classification,3,False,3940,1970,64,0,64,0.0,0.4797271737327021,0.028469599510753,DAUC < 0.55,source::polish_companies_bankruptcy,,0.0154634559544191,0.0159846652734546,-0.0005212093190355,True,near_perfect_baseline,-3.3705875360067394,,-2.2779649893463194,,False,abs_delta_mean
tabicl,polish_companies_bankruptcy,joint_groupby_combined__sel_combined_union,test_time_variant,selective,TabArena_IID,classification,3,False,3940,1970,64,0,64,0.0,0.4797271737327021,0.028469599510753,DAUC < 0.55,source::polish_companies_bankruptcy,,0.0154634559544191,0.0167303563148201,-0.001266900360401,True,near_perfect_baseline,-8.192866873584943,,-7.010658629077788,,False,abs_delta_mean
tabicl,polish_companies_bankruptcy,joint_groupby_mean_only,test_time_variant,M14_groupby,TabArena_IID,classification,3,False,3940,1970,64,0,64,0.0,0.4797271737327021,0.028469599510753,DAUC < 0.55,source::polish_companies_bankruptcy,,0.0154634559544191,0.0154634559544191,0.0,True,near_perfect_baseline,0.0,,0.0,,False,abs_delta_mean
tabicl,polish_companies_bankruptcy,joint_groupby_separate,test_time_variant,M14_groupby,TabArena_IID,classification,3,False,3940,1970,64,0,64,0.0,0.4797271737327021,0.028469599510753,DAUC < 0.55,source::polish_companies_bankruptcy,,0.0154634559544191,0.0154634559544191,0.0,True,near_perfect_baseline,0.0,,0.0,,False,abs_delta_mean
tabicl,polish_companies_bankruptcy,joint_pca_10,test_time_variant,M3_joint_pca,TabArena_IID,classification,3,False,3940,1970,64,0,64,0.0,0.4797271737327021,0.028469599510753,DAUC < 0.55,source::polish_companies_bankruptcy,,0.0154634559544191,0.0202659228156,-0.0048024668611809,True,near_perfect_baseline,-31.05687936342916,,-30.14794187143333,,False,abs_delta_mean
tabicl,polish_companies_bankruptcy,joint_pca_5,test_time_variant,M3_joint_pca,TabArena_IID,classification,3,False,3940,1970,64,0,64,0.0,0.4797271737327021,0.028469599510753,DAUC < 0.55,source::polish_companies_bankruptcy,,0.0154634559544191,0.0177397802577871,-0.002276324303368,True,near_perfect_baseline,-14.720669881802902,,-14.174843242181732,,False,abs_delta_mean
tabicl,polish_companies_bankruptcy,joint_pca_var90,test_time_variant,M3_joint_pca,TabArena_IID,classification,3,False,3940,1970,64,0,64,0.0,0.4797271737327021,0.028469599510753,DAUC < 0.55,source::polish_companies_bankruptcy,,0.0154634559544191,0.0189812344093683,-0.0035177784549492,True,near_perfect_baseline,-22.74897969327439,,-23.032924235364685,,False,abs_delta_mean
tabicl,polish_companies_bankruptcy,joint_pca_var95,test_time_variant,M3_joint_pca,TabArena_IID,classification,3,False,3940,1970,64,0,64,0.0,0.4797271737327021,0.028469599510753,DAUC < 0.55,source::polish_companies_bankruptcy,,0.0154634559544191,0.020698712354945,-0.0052352564005259,True,near_perfect_baseline,-33.85566859024052,,-35.71842107150032,,False,abs_delta_mean
tabicl,polish_companies_bankruptcy,joint_scaling,test_time_variant,M5_joint_scaling,TabArena_IID,classification,3,False,3940,1970,64,0,64,0.0,0.4797271737327021,0.028469599510753,DAUC < 0.55,source::polish_companies_bankruptcy,,0.0154634559544191,0.0154634559544191,0.0,True,near_perfect_baseline,0.0,,0.0,,False,abs_delta_mean
tabicl,polish_companies_bankruptcy,joint_tsne_2d_p30,test_time_variant,M3b_joint_tsne,TabArena_IID,classification,3,False,3940,1970,64,0,64,0.0,0.4797271737327021,0.028469599510753,DAUC < 0.55,source::polish_companies_bankruptcy,,0.0154634559544191,0.0499217008400493,-0.0344582448856302,True,near_perfect_baseline,-222.83663488421425,,-229.60086819070617,,False,abs_delta_mean
tabicl,polish_companies_bankruptcy,joint_tsne_2d_p50,test_time_variant,M3b_joint_tsne,TabArena_IID,classification,3,False,3940,1970,64,0,64,0.0,0.4797271737327021,0.028469599510753,DAUC < 0.55,source::polish_companies_bankruptcy,,0.0154634559544191,0.0498964807805604,-0.0344330248261413,True,near_perfect_baseline,-222.6735402980932,,-228.29706819727195,,False,abs_delta_mean
tabicl,polish_companies_bankruptcy,joint_tsne_3d_p30,test_time_variant,M3b_joint_tsne,TabArena_IID,classification,3,False,3940,1970,64,0,64,0.0,0.4797271737327021,0.028469599510753,DAUC < 0.55,source::polish_companies_bankruptcy,,0.0154634559544191,0.0516840589305732,-0.0362206029761541,True,near_perfect_baseline,-234.2335573814796,,-241.0254137045026,,False,abs_delta_mean
tabicl,polish_companies_bankruptcy,label_prop_k10_a05,test_time_variant,M8_label_prop,TabArena_IID,classification,3,False,3940,1970,64,0,64,0.0,0.4797271737327021,0.028469599510753,DAUC < 0.55,source::polish_companies_bankruptcy,,0.0154634559544191,0.0181184184662555,-0.0026549625118364,True,near_perfect_baseline,-17.16927004973748,,-16.610137685872196,,False,abs_delta_mean
tabicl,polish_companies_bankruptcy,label_prop_k15_a05,test_time_variant,M8_label_prop,TabArena_IID,classification,3,False,3940,1970,64,0,64,0.0,0.4797271737327021,0.028469599510753,DAUC < 0.55,source::polish_companies_bankruptcy,,0.0154634559544191,0.0181492372317395,-0.0026857812773204,True,near_perfect_baseline,-17.368570681982277,,-16.952127688465715,,False,abs_delta_mean
tabicl,polish_companies_bankruptcy,label_prop_k15_a08,test_time_variant,M8_label_prop,TabArena_IID,classification,3,False,3940,1970,64,0,64,0.0,0.4797271737327021,0.028469599510753,DAUC < 0.55,source::polish_companies_bankruptcy,,0.0154634559544191,0.0181292362006872,-0.0026657802462681,True,near_perfect_baseline,-17.239226820485012,,-16.874150509997218,,False,abs_delta_mean
tabicl,polish_companies_bankruptcy,label_prop_v3_adaptive,test_time_variant,M8_label_prop,TabArena_IID,classification,3,False,3940,1970,64,0,64,0.0,0.4797271737327021,0.028469599510753,DAUC < 0.55,source::polish_companies_bankruptcy,,0.0154634559544191,0.0192264112514745,-0.0037629552970554,True,near_perfect_baseline,-24.33450393073394,,-25.91495965579125,,False,abs_delta_mean
tabicl,polish_companies_bankruptcy,label_prop_v3_t005_k10,test_time_variant,M8_label_prop,TabArena_IID,classification,3,False,3940,1970,64,0,64,0.0,0.4797271737327021,0.028469599510753,DAUC < 0.55,source::polish_companies_bankruptcy,,0.0154634559544191,0.0189940835762643,-0.0035306276218452,True,near_perfect_baseline,-22.83207345274128,,-23.99497008588719,,False,abs_delta_mean
tabicl,polish_companies_bankruptcy,label_prop_v3_t005_k15,test_time_variant,M8_label_prop,TabArena_IID,classification,3,False,3940,1970,64,0,64,0.0,0.4797271737327021,0.028469599510753,DAUC < 0.55,source::polish_companies_bankruptcy,,0.0154634559544191,0.0188626728220861,-0.003399216867667,True,near_perfect_baseline,-21.98225854354113,,-23.09463782440179,,False,abs_delta_mean
tabicl,polish_companies_bankruptcy,label_prop_v3_t01_k15,test_time_variant,M8_label_prop,TabArena_IID,classification,3,False,3940,1970,64,0,64,0.0,0.4797271737327021,0.028469599510753,DAUC < 0.55,source::polish_companies_bankruptcy,,0.0154634559544191,0.0186044022290835,-0.0031409462746644,True,near_perfect_baseline,-20.31205885620169,,-21.629928748847863,,False,abs_delta_mean
tabicl,polish_companies_bankruptcy,label_prop_weighted_adaptive_a05,test_time_variant,M8_label_prop,TabArena_IID,classification,3,False,3940,1970,64,0,64,0.0,0.4797271737327021,0.028469599510753,DAUC < 0.55,source::polish_companies_bankruptcy,,0.0154634559544191,0.0182287988334097,-0.0027653428789906,True,near_perfect_baseline,-17.883084396799084,,-17.59933513280124,,False,abs_delta_mean
tabicl,polish_companies_bankruptcy,label_prop_weighted_k10_a05,test_time_variant,M8_label_prop,TabArena_IID,classification,3,False,3940,1970,64,0,64,0.0,0.4797271737327021,0.028469599510753,DAUC < 0.55,source::polish_companies_bankruptcy,,0.0154634559544191,0.0182794201326196,-0.0028159641782005,True,near_perfect_baseline,-18.21044523618133,,-17.907890354475366,,False,abs_delta_mean
tabicl,polish_companies_bankruptcy,label_prop_weighted_k15_a05,test_time_variant,M8_label_prop,TabArena_IID,classification,3,False,3940,1970,64,0,64,0.0,0.4797271737327021,0.028469599510753,DAUC < 0.55,source::polish_companies_bankruptcy,,0.0154634559544191,0.0183758132315141,-0.002912357277095,True,near_perfect_baseline,-18.833805881943206,,-18.6014233689616,,False,abs_delta_mean
tabicl,polish_companies_bankruptcy,label_prop_weighted_k15_a08,test_time_variant,M8_label_prop,TabArena_IID,classification,3,False,3940,1970,64,0,64,0.0,0.4797271737327021,0.028469599510753,DAUC < 0.55,source::polish_companies_bankruptcy,,0.0154634559544191,0.0183604084574395,-0.0028969525030204,True,near_perfect_baseline,-18.73418536942605,,-18.30809666529476,,False,abs_delta_mean
tabicl,polish_companies_bankruptcy,leaf_density_conf,test_time_variant,M18_leaf_density,TabArena_IID,classification,3,False,3940,1970,64,0,64,0.0,0.4797271737327021,0.028469599510753,DAUC < 0.55,source::polish_companies_bankruptcy,,0.0154634559544191,0.0164309092477977,-0.0009674532933786,True,near_perfect_baseline,-6.256384706176544,,-7.451743286194133,,False,abs_delta_mean
tabicl,polish_companies_bankruptcy,leaf_density_conf_cumshift,test_time_variant,M18_leaf_density,TabArena_IID,classification,3,False,3940,1970,64,0,64,0.0,0.4797271737327021,0.028469599510753,DAUC < 0.55,source::polish_companies_bankruptcy,,0.0154634559544191,0.0169396938603321,-0.001476237905913,True,near_perfect_baseline,-9.546623408535003,,-10.785667749445388,,False,abs_delta_mean
tabicl,polish_companies_bankruptcy,leaf_density_conf_deep,test_time_variant,M18_leaf_density,TabArena_IID,classification,3,False,3940,1970,64,0,64,0.0,0.4797271737327021,0.028469599510753,DAUC < 0.55,source::polish_companies_bankruptcy,,0.0154634559544191,0.0163302903521495,-0.0008668343977304,True,near_perfect_baseline,-5.605696425725181,,-6.88933251611546,,False,abs_delta_mean
tabicl,polish_companies_bankruptcy,leaf_density_conf_shallow,test_time_variant,M18_leaf_density,TabArena_IID,classification,3,False,3940,1970,64,0,64,0.0,0.4797271737327021,0.028469599510753,DAUC < 0.55,source::polish_companies_bankruptcy,,0.0154634559544191,0.015631726330091,-0.0001682703756719,True,near_perfect_baseline,-1.0881809096747137,,-2.39628568656725,,False,abs_delta_mean
tabicl,polish_companies_bankruptcy,leaf_density_embed_k10,test_time_variant,M18_leaf_density,TabArena_IID,classification,3,False,3940,1970,64,0,64,0.0,0.4797271737327021,0.028469599510753,DAUC < 0.55,source::polish_companies_bankruptcy,,0.0154634559544191,0.0155332286188416,-6.977266442254049e-05,True,near_perfect_baseline,-0.451210031109514,,-0.7085672456237919,,False,abs_delta_mean
tabicl,polish_companies_bankruptcy,leaf_density_embed_k10_cumshift,test_time_variant,M18_leaf_density,TabArena_IID,classification,3,False,3940,1970,64,0,64,0.0,0.4797271737327021,0.028469599510753,DAUC < 0.55,source::polish_companies_bankruptcy,,0.0154634559544191,0.015581926485929,-0.0001184705315099,True,near_perfect_baseline,-0.7661323048300143,,-1.9099933959280493,,False,abs_delta_mean
tabicl,polish_companies_bankruptcy,leaf_density_embed_k20,test_time_variant,M18_leaf_density,TabArena_IID,classification,3,False,3940,1970,64,0,64,0.0,0.4797271737327021,0.028469599510753,DAUC < 0.55,source::polish_companies_bankruptcy,,0.0154634559544191,0.0161819660760464,-0.0007185101216273,True,near_perfect_baseline,-4.646504143350783,,-4.855399423749273,,False,abs_delta_mean
tabicl,polish_companies_bankruptcy,leaf_density_embed_k5,test_time_variant,M18_leaf_density,TabArena_IID,classification,3,False,3940,1970,64,0,64,0.0,0.4797271737327021,0.028469599510753,DAUC < 0.55,source::polish_companies_bankruptcy,,0.0154634559544191,0.0166557147848902,-0.0011922588304711,True,near_perfect_baseline,-7.710170572383702,,-7.930370218804183,,False,abs_delta_mean
tabicl,polish_companies_bankruptcy,nearest_test_k10_both,test_time_variant,M16_nearest_test_dist,TabArena_IID,classification,3,False,3940,1970,64,0,64,0.0,0.4797271737327021,0.028469599510753,DAUC < 0.55,source::polish_companies_bankruptcy,,0.0154634559544191,0.016393824035761,-0.0009303680813419,True,near_perfect_baseline,-6.016559843312836,,-5.693018160402552,,False,abs_delta_mean
tabicl,polish_companies_bankruptcy,nearest_test_k10_cumshift_both,test_time_variant,M16_nearest_test_dist,TabArena_IID,classification,3,False,3940,1970,64,0,64,0.0,0.4797271737327021,0.028469599510753,DAUC < 0.55,source::polish_companies_bankruptcy,,0.0154634559544191,0.0164589108775337,-0.0009954549231146,True,near_perfect_baseline,-6.437467316807345,,-6.128114509966484,,False,abs_delta_mean
tabicl,polish_companies_bankruptcy,nearest_test_k10_filter_both,test_time_variant,M16_nearest_test_dist,TabArena_IID,classification,3,False,3940,1970,64,0,64,0.0,0.4797271737327021,0.028469599510753,DAUC < 0.55,source::polish_companies_bankruptcy,,0.0154634559544191,0.0157536382589083,-0.0002901823044892,True,near_perfect_baseline,-1.876568248033159,,-1.411183019575983,,False,abs_delta_mean
tabicl,polish_companies_bankruptcy,nearest_test_k5_both,test_time_variant,M16_nearest_test_dist,TabArena_IID,classification,3,False,3940,1970,64,0,64,0.0,0.4797271737327021,0.028469599510753,DAUC < 0.55,source::polish_companies_bankruptcy,,0.0154634559544191,0.0164085426346087,-0.0009450866801896,True,near_perfect_baseline,-6.111742956913725,,-5.446365763567736,,False,abs_delta_mean
tabicl,polish_companies_bankruptcy,nearest_test_rel_k10_both,test_time_variant,M16_nearest_test_dist,TabArena_IID,classification,3,False,3940,1970,64,0,64,0.0,0.4797271737327021,0.028469599510753,DAUC < 0.55,source::polish_companies_bankruptcy,,0.0154634559544191,0.0161436262900197,-0.0006801703356006,True,near_perfect_baseline,-4.398566126521664,,-3.96208432413277,,False,abs_delta_mean
tabicl,polish_companies_bankruptcy,nearest_test_rel_k10_cumshift_both,test_time_variant,M16_nearest_test_dist,TabArena_IID,classification,3,False,3940,1970,64,0,64,0.0,0.4797271737327021,0.028469599510753,DAUC < 0.55,source::polish_companies_bankruptcy,,0.0154634559544191,0.0163221998152687,-0.0008587438608496,True,near_perfect_baseline,-5.55337605888981,,-5.406622329818565,,False,abs_delta_mean
tabicl,polish_companies_bankruptcy,nearest_test_rel_k5_both,test_time_variant,M16_nearest_test_dist,TabArena_IID,classification,3,False,3940,1970,64,0,64,0.0,0.4797271737327021,0.028469599510753,DAUC < 0.55,source::polish_companies_bankruptcy,,0.0154634559544191,0.0164640580299173,-0.0010006020754982,True,near_perfect_baseline,-6.470753229082171,,-5.535018795273087,,False,abs_delta_mean
tabicl,polish_companies_bankruptcy,neighbor_consensus_k10_dist,test_time_variant,M19_neighbor_consensus,TabArena_IID,classification,3,False,3940,1970,64,0,64,0.0,0.4797271737327021,0.028469599510753,DAUC < 0.55,source::polish_companies_bankruptcy,,0.0154634559544191,0.0203724192629076,-0.0049089633084885,True,near_perfect_baseline,-31.74557694579059,,-33.40828479417419,,False,abs_delta_mean
tabicl,polish_companies_bankruptcy,neighbor_consensus_k10_dist_cumshift,test_time_variant,M19_neighbor_consensus,TabArena_IID,classification,3,False,3940,1970,64,0,64,0.0,0.4797271737327021,0.028469599510753,DAUC < 0.55,source::polish_companies_bankruptcy,,0.0154634559544191,0.0188005923960535,-0.0033371364416344,True,near_perfect_baseline,-21.58079313881183,,-22.10541531913441,,False,abs_delta_mean
tabicl,polish_companies_bankruptcy,neighbor_consensus_k10_uniform,test_time_variant,M19_neighbor_consensus,TabArena_IID,classification,3,False,3940,1970,64,0,64,0.0,0.4797271737327021,0.028469599510753,DAUC < 0.55,source::polish_companies_bankruptcy,,0.0154634559544191,0.0186601240352158,-0.0031966680807966,True,near_perfect_baseline,-20.67240395820549,,-22.06078491479785,,False,abs_delta_mean
tabicl,polish_companies_bankruptcy,neighbor_consensus_k20_dist,test_time_variant,M19_neighbor_consensus,TabArena_IID,classification,3,False,3940,1970,64,0,64,0.0,0.4797271737327021,0.028469599510753,DAUC < 0.55,source::polish_companies_bankruptcy,,0.0154634559544191,0.0195987818958149,-0.0041353259413958,True,near_perfect_baseline,-26.742572640846745,,-28.15697501439433,,False,abs_delta_mean
tabicl,polish_companies_bankruptcy,neighbor_consensus_k5_dist,test_time_variant,M19_neighbor_consensus,TabArena_IID,classification,3,False,3940,1970,64,0,64,0.0,0.4797271737327021,0.028469599510753,DAUC < 0.55,source::polish_companies_bankruptcy,,0.0154634559544191,0.0196307839180238,-0.0041673279636047,True,near_perfect_baseline,-26.94952522830978,,-28.992729516431783,,False,abs_delta_mean
tabicl,polish_companies_bankruptcy,neighbor_consensus_k5_dist_cumshift,test_time_variant,M19_neighbor_consensus,TabArena_IID,classification,3,False,3940,1970,64,0,64,0.0,0.4797271737327021,0.028469599510753,DAUC < 0.55,source::polish_companies_bankruptcy,,0.0154634559544191,0.0193732359970621,-0.003909780042643,True,near_perfect_baseline,-25.2839989596613,,-26.73500694728382,,False,abs_delta_mean
tabicl,polish_companies_bankruptcy,ot_disp_v2_selective,test_time_variant,M9_ot_displacement,TabArena_IID,classification,3,False,3940,1970,64,0,64,0.0,0.4797271737327021,0.028469599510753,DAUC < 0.55,source::polish_companies_bankruptcy,,0.0154634559544191,0.0323405039222605,-0.0168770479678413,True,near_perfect_baseline,-109.14150121156008,,-124.20237787567872,,False,abs_delta_mean
tabicl,polish_companies_bankruptcy,ot_disp_v2_selective_abs,test_time_variant,M9_ot_displacement,TabArena_IID,classification,3,False,3940,1970,64,0,64,0.0,0.4797271737327021,0.028469599510753,DAUC < 0.55,source::polish_companies_bankruptcy,,0.0154634559544191,0.019189262449407,-0.0037258064949879,True,near_perfect_baseline,-24.09426784006328,,-25.47939597060845,,False,abs_delta_mean
tabicl,polish_companies_bankruptcy,ot_disp_v2_selective_and_summary,test_time_variant,M9_ot_displacement,TabArena_IID,classification,3,False,3940,1970,64,0,64,0.0,0.4797271737327021,0.028469599510753,DAUC < 0.55,source::polish_companies_bankruptcy,,0.0154634559544191,0.033478978577249,-0.0180155226228299,True,near_perfect_baseline,-116.503857067485,,-131.71158306928257,,False,abs_delta_mean
tabicl,polish_companies_bankruptcy,ot_disp_v2_selective_and_summary_abs,test_time_variant,M9_ot_displacement,TabArena_IID,classification,3,False,3940,1970,64,0,64,0.0,0.4797271737327021,0.028469599510753,DAUC < 0.55,source::polish_companies_bankruptcy,,0.0154634559544191,0.0191629225369616,-0.0036994665825425,True,near_perfect_baseline,-23.92393132199734,,-24.97275880969526,,False,abs_delta_mean
tabicl,polish_companies_bankruptcy,ot_disp_v2_selective_and_summary_top10,test_time_variant,M9_ot_displacement,TabArena_IID,classification,3,False,3940,1970,64,0,64,0.0,0.4797271737327021,0.028469599510753,DAUC < 0.55,source::polish_companies_bankruptcy,,0.0154634559544191,0.030468477663347,-0.0150050217089278,True,near_perfect_baseline,-97.03537005671608,,-107.91554907494822,,False,abs_delta_mean
tabicl,polish_companies_bankruptcy,ot_disp_v2_selective_top10,test_time_variant,M9_ot_displacement,TabArena_IID,classification,3,False,3940,1970,64,0,64,0.0,0.4797271737327021,0.028469599510753,DAUC < 0.55,source::polish_companies_bankruptcy,,0.0154634559544191,0.0250445523026561,-0.009581096348237,True,near_perfect_baseline,-61.959605772983366,,-66.53266850625208,,False,abs_delta_mean
tabicl,polish_companies_bankruptcy,ot_disp_v2_summary_only,test_time_variant,M9_ot_displacement,TabArena_IID,classification,3,False,3940,1970,64,0,64,0.0,0.4797271737327021,0.028469599510753,DAUC < 0.55,source::polish_companies_bankruptcy,,0.0154634559544191,0.0185930249406985,-0.0031295689862794,True,near_perfect_baseline,-20.23848352854831,,-21.719411190441544,,False,abs_delta_mean
tabicl,polish_companies_bankruptcy,ot_displacement_mag,test_time_variant,M9_ot_displacement,TabArena_IID,classification,3,False,3940,1970,64,0,64,0.0,0.4797271737327021,0.028469599510753,DAUC < 0.55,source::polish_companies_bankruptcy,,0.0154634559544191,0.0589024695351701,-0.043439013580751,True,near_perfect_baseline,-280.9140059556809,,-299.060472372288,,False,abs_delta_mean
tabicl,polish_companies_bankruptcy,ot_displacement_no_mag,test_time_variant,M9_ot_displacement,TabArena_IID,classification,3,False,3940,1970,64,0,64,0.0,0.4797271737327021,0.028469599510753,DAUC < 0.55,source::polish_companies_bankruptcy,,0.0154634559544191,0.0500135131364353,-0.0345500571820162,True,near_perfect_baseline,-223.4303721228796,,-240.3352904698557,,False,abs_delta_mean
tabicl,polish_companies_bankruptcy,pca_train_only_10,train_only_version,baselines,TabArena_IID,classification,3,False,3940,1970,64,0,64,0.0,0.4797271737327021,0.028469599510753,DAUC < 0.55,source::polish_companies_bankruptcy,,0.0154634559544191,0.0192786397090162,-0.0038151837545971,True,near_perfect_baseline,-24.672258037549813,,-23.49401934335005,,False,abs_delta_mean
tabicl,polish_companies_bankruptcy,pca_train_only_5,train_only_version,baselines,TabArena_IID,classification,3,False,3940,1970,64,0,64,0.0,0.4797271737327021,0.028469599510753,DAUC < 0.55,source::polish_companies_bankruptcy,,0.0154634559544191,0.0178511448255519,-0.0023876888711328,True,near_perfect_baseline,-15.440848916121633,,-14.025757191460592,,False,abs_delta_mean
tabicl,polish_companies_bankruptcy,pca_train_only_var90,train_only_version,baselines,TabArena_IID,classification,3,False,3940,1970,64,0,64,0.0,0.4797271737327021,0.028469599510753,DAUC < 0.55,source::polish_companies_bankruptcy,,0.0154634559544191,0.0204509158499733,-0.0049874598955542,True,near_perfect_baseline,-32.2532033605911,,-33.58570599833465,,False,abs_delta_mean
tabicl,polish_companies_bankruptcy,pca_train_only_var95,train_only_version,baselines,TabArena_IID,classification,3,False,3940,1970,64,0,64,0.0,0.4797271737327021,0.028469599510753,DAUC < 0.55,source::polish_companies_bankruptcy,,0.0154634559544191,0.0194048133726136,-0.0039413574181944,True,near_perfect_baseline,-25.488205416772587,,-26.364714212328675,,False,abs_delta_mean
tabicl,polish_companies_bankruptcy,pseudo_label_lgbm_conf80_iter5,test_time_variant,M7_pseudo_label,TabArena_IID,classification,3,False,3940,1970,64,0,64,0.0,0.4797271737327021,0.028469599510753,DAUC < 0.55,source::polish_companies_bankruptcy,,0.0154634559544191,0.022637042090603,-0.0071735861361839,True,near_perfect_baseline,-46.39057502623697,,-46.47009162328515,,False,abs_delta_mean
tabicl,polish_companies_bankruptcy,pseudo_label_lgbm_conf90_iter1,test_time_variant,M7_pseudo_label,TabArena_IID,classification,3,False,3940,1970,64,0,64,0.0,0.4797271737327021,0.028469599510753,DAUC < 0.55,source::polish_companies_bankruptcy,,0.0154634559544191,0.0236718578696937,-0.0082084019152746,True,near_perfect_baseline,-53.08258347597149,,-52.98171985815264,,False,abs_delta_mean
tabicl,polish_companies_bankruptcy,pseudo_label_lgbm_conf90_iter3,test_time_variant,M7_pseudo_label,TabArena_IID,classification,3,False,3940,1970,64,0,64,0.0,0.4797271737327021,0.028469599510753,DAUC < 0.55,source::polish_companies_bankruptcy,,0.0154634559544191,0.0236884095899416,-0.0082249536355224,True,near_perfect_baseline,-53.18962112846433,,-52.32417073683735,,False,abs_delta_mean
tabicl,polish_companies_bankruptcy,pseudo_label_lgbm_conf95_iter3,test_time_variant,M7_pseudo_label,TabArena_IID,classification,3,False,3940,1970,64,0,64,0.0,0.4797271737327021,0.028469599510753,DAUC < 0.55,source::polish_companies_bankruptcy,,0.0154634559544191,0.0237288445847258,-0.0082653886303067,True,near_perfect_baseline,-53.4511085663531,,-53.463016990216886,,False,abs_delta_mean
tabicl,polish_companies_bankruptcy,pseudo_label_v2_cal_iso_wfixed_conf90,test_time_variant,M7_pseudo_label,TabArena_IID,classification,3,False,3940,1970,64,0,64,0.0,0.4797271737327021,0.028469599510753,DAUC < 0.55,source::polish_companies_bankruptcy,,0.0154634559544191,0.022264462986551,-0.0068010070321318,True,near_perfect_baseline,-43.98115823641815,,-44.643349874628775,,False,abs_delta_mean
tabicl,polish_companies_bankruptcy,pseudo_label_v2_cal_iso_wprop_conf85,test_time_variant,M7_pseudo_label,TabArena_IID,classification,3,False,3940,1970,64,0,64,0.0,0.4797271737327021,0.028469599510753,DAUC < 0.55,source::polish_companies_bankruptcy,,0.0154634559544191,0.0226259893620306,-0.0071625334076115,True,near_perfect_baseline,-46.31909858135348,,-46.34889708656644,,False,abs_delta_mean
tabicl,polish_companies_bankruptcy,pseudo_label_v2_cal_iso_wprop_conf90,test_time_variant,M7_pseudo_label,TabArena_IID,classification,3,False,3940,1970,64,0,64,0.0,0.4797271737327021,0.028469599510753,DAUC < 0.55,source::polish_companies_bankruptcy,,0.0154634559544191,0.022264462986551,-0.0068010070321318,True,near_perfect_baseline,-43.98115823641815,,-44.643349874628775,,False,abs_delta_mean
tabicl,polish_companies_bankruptcy,pseudo_label_v2_cal_iso_wquad_conf90,test_time_variant,M7_pseudo_label,TabArena_IID,classification,3,False,3940,1970,64,0,64,0.0,0.4797271737327021,0.028469599510753,DAUC < 0.55,source::polish_companies_bankruptcy,,0.0154634559544191,0.0222657903679063,-0.0068023344134872,True,near_perfect_baseline,-43.98974222540008,,-44.653841953109634,,False,abs_delta_mean
tabicl,polish_companies_bankruptcy,pseudo_label_v2_cal_platt_wprop_conf90,test_time_variant,M7_pseudo_label,TabArena_IID,classification,3,False,3940,1970,64,0,64,0.0,0.4797271737327021,0.028469599510753,DAUC < 0.55,source::polish_companies_bankruptcy,,0.0154634559544191,0.0225818967829932,-0.0071184408285741,True,near_perfect_baseline,-46.03395805929052,,-45.85795518294915,,False,abs_delta_mean
tabicl,polish_companies_bankruptcy,target_enc_absolute,test_time_variant,M4_target_encoding,TabArena_IID,classification,3,False,3940,1970,64,0,64,0.0,0.4797271737327021,0.028469599510753,DAUC < 0.55,source::polish_companies_bankruptcy,,0.0154634559544191,0.0154634559544191,0.0,True,near_perfect_baseline,0.0,,0.0,,False,abs_delta_mean
tabicl,polish_companies_bankruptcy,target_enc_diff,test_time_variant,M4_target_encoding,TabArena_IID,classification,3,False,3940,1970,64,0,64,0.0,0.4797271737327021,0.028469599510753,DAUC < 0.55,source::polish_companies_bankruptcy,,0.0154634559544191,0.0154634559544191,-7.401486830834377e-17,True,near_perfect_baseline,-4.823831728617278e-13,,-5.850389595360307e-13,,False,abs_delta_mean
tabicl,polish_companies_bankruptcy,target_enc_inv_ratio,test_time_variant,M4_target_encoding,TabArena_IID,classification,3,False,3940,1970,64,0,64,0.0,0.4797271737327021,0.028469599510753,DAUC < 0.55,source::polish_companies_bankruptcy,,0.0154634559544191,0.0154634559544191,-7.401486830834377e-17,True,near_perfect_baseline,-4.823831728617278e-13,,-5.850389595360307e-13,,False,abs_delta_mean
tabicl,polish_companies_bankruptcy,target_enc_oof_absolute,test_time_variant,M4_target_encoding,TabArena_IID,classification,3,False,3940,1970,64,0,64,0.0,0.4797271737327021,0.028469599510753,DAUC < 0.55,source::polish_companies_bankruptcy,,0.0154634559544191,0.0154634559544191,0.0,True,near_perfect_baseline,0.0,,0.0,,False,abs_delta_mean
tabicl,polish_companies_bankruptcy,target_enc_oof_diff,test_time_variant,M4_target_encoding,TabArena_IID,classification,3,False,3940,1970,64,0,64,0.0,0.4797271737327021,0.028469599510753,DAUC < 0.55,source::polish_companies_bankruptcy,,0.0154634559544191,0.0154634559544191,0.0,True,near_perfect_baseline,0.0,,0.0,,False,abs_delta_mean
tabicl,polish_companies_bankruptcy,target_enc_oof_inv_ratio,test_time_variant,M4_target_encoding,TabArena_IID,classification,3,False,3940,1970,64,0,64,0.0,0.4797271737327021,0.028469599510753,DAUC < 0.55,source::polish_companies_bankruptcy,,0.0154634559544191,0.0154634559544191,0.0,True,near_perfect_baseline,0.0,,0.0,,False,abs_delta_mean
tabicl,polish_companies_bankruptcy,target_enc_oof_ratio,test_time_variant,M4_target_encoding,TabArena_IID,classification,3,False,3940,1970,64,0,64,0.0,0.4797271737327021,0.028469599510753,DAUC < 0.55,source::polish_companies_bankruptcy,,0.0154634559544191,0.0154634559544191,0.0,True,near_perfect_baseline,0.0,,0.0,,False,abs_delta_mean
tabicl,polish_companies_bankruptcy,target_enc_oof_ratio_cap5,test_time_variant,M4_target_encoding,TabArena_IID,classification,3,False,3940,1970,64,0,64,0.0,0.4797271737327021,0.028469599510753,DAUC < 0.55,source::polish_companies_bankruptcy,,0.0154634559544191,0.0154634559544191,0.0,True,near_perfect_baseline,0.0,,0.0,,False,abs_delta_mean
tabicl,polish_companies_bankruptcy,target_enc_ratio,test_time_variant,M4_target_encoding,TabArena_IID,classification,3,False,3940,1970,64,0,64,0.0,0.4797271737327021,0.028469599510753,DAUC < 0.55,source::polish_companies_bankruptcy,,0.0154634559544191,0.0154634559544191,0.0,True,near_perfect_baseline,0.0,,0.0,,False,abs_delta_mean
tabicl,polish_companies_bankruptcy,target_enc_ratio__sel_combined_intersection,test_time_variant,selective,TabArena_IID,classification,3,False,3940,1970,64,0,64,0.0,0.4797271737327021,0.028469599510753,DAUC < 0.55,source::polish_companies_bankruptcy,,0.0154634559544191,0.0159846652734546,-0.0005212093190355,True,near_perfect_baseline,-3.3705875360067394,,-2.2779649893463194,,False,abs_delta_mean
tabicl,polish_companies_bankruptcy,target_enc_ratio__sel_combined_union,test_time_variant,selective,TabArena_IID,classification,3,False,3940,1970,64,0,64,0.0,0.4797271737327021,0.028469599510753,DAUC < 0.55,source::polish_companies_bankruptcy,,0.0154634559544191,0.0167303563148201,-0.001266900360401,True,near_perfect_baseline,-8.192866873584943,,-7.010658629077788,,False,abs_delta_mean
tabicl,polish_companies_bankruptcy,target_enc_ratio_cap5,test_time_variant,M4_target_encoding,TabArena_IID,classification,3,False,3940,1970,64,0,64,0.0,0.4797271737327021,0.028469599510753,DAUC < 0.55,source::polish_companies_bankruptcy,,0.0154634559544191,0.0154634559544191,0.0,True,near_perfect_baseline,0.0,,0.0,,False,abs_delta_mean
tabicl,polish_companies_bankruptcy,target_enc_standard_m10,train_only_version,baselines,TabArena_IID,classification,3,False,3940,1970,64,0,64,0.0,0.4797271737327021,0.028469599510753,DAUC < 0.55,source::polish_companies_bankruptcy,,0.0154634559544191,0.0154634559544191,0.0,True,near_perfect_baseline,0.0,,0.0,,False,abs_delta_mean
tabicl,polish_companies_bankruptcy,target_enc_standard_m20,train_only_version,baselines,TabArena_IID,classification,3,False,3940,1970,64,0,64,0.0,0.4797271737327021,0.028469599510753,DAUC < 0.55,source::polish_companies_bankruptcy,,0.0154634559544191,0.0154634559544191,-7.401486830834377e-17,True,near_perfect_baseline,-4.823831728617278e-13,,-5.850389595360307e-13,,False,abs_delta_mean
tabicl,polish_companies_bankruptcy,target_enc_standard_m5,train_only_version,baselines,TabArena_IID,classification,3,False,3940,1970,64,0,64,0.0,0.4797271737327021,0.028469599510753,DAUC < 0.55,source::polish_companies_bankruptcy,,0.0154634559544191,0.0154634559544191,0.0,True,near_perfect_baseline,0.0,,0.0,,False,abs_delta_mean
tabicl,polish_companies_bankruptcy,targeted_groupby_top3,test_time_variant,M14_groupby,TabArena_IID,classification,3,False,3940,1970,64,0,64,0.0,0.4797271737327021,0.028469599510753,DAUC < 0.55,source::polish_companies_bankruptcy,,0.0154634559544191,0.0154634559544191,0.0,True,near_perfect_baseline,0.0,,0.0,,False,abs_delta_mean
tabicl,polish_companies_bankruptcy,targeted_groupby_top3_shifted_agg,test_time_variant,M14_groupby,TabArena_IID,classification,3,False,3940,1970,64,0,64,0.0,0.4797271737327021,0.028469599510753,DAUC < 0.55,source::polish_companies_bankruptcy,,0.0154634559544191,0.0154634559544191,0.0,True,near_perfect_baseline,0.0,,0.0,,False,abs_delta_mean
tabicl,polish_companies_bankruptcy,targeted_groupby_top5,test_time_variant,M14_groupby,TabArena_IID,classification,3,False,3940,1970,64,0,64,0.0,0.4797271737327021,0.028469599510753,DAUC < 0.55,source::polish_companies_bankruptcy,,0.0154634559544191,0.0154634559544191,0.0,True,near_perfect_baseline,0.0,,0.0,,False,abs_delta_mean
tabicl,polish_companies_bankruptcy,targeted_groupby_top5_shifted_agg,test_time_variant,M14_groupby,TabArena_IID,classification,3,False,3940,1970,64,0,64,0.0,0.4797271737327021,0.028469599510753,DAUC < 0.55,source::polish_companies_bankruptcy,,0.0154634559544191,0.0154634559544191,-7.401486830834377e-17,True,near_perfect_baseline,-4.823831728617278e-13,,-5.850389595360307e-13,,False,abs_delta_mean
tabicl,polish_companies_bankruptcy,tdda_k10_lam07_aug1,test_time_variant,M17_tdda,TabArena_IID,classification,3,False,3940,1970,64,0,64,0.0,0.4797271737327021,0.028469599510753,DAUC < 0.55,source::polish_companies_bankruptcy,,0.0154634559544191,0.0285505743504491,-0.01308711839603,True,near_perfect_baseline,-84.6325584307045,,-86.00385745913756,,False,abs_delta_mean
tabicl,polish_companies_bankruptcy,tdda_k5_lam06_aug1,test_time_variant,M17_tdda,TabArena_IID,classification,3,False,3940,1970,64,0,64,0.0,0.4797271737327021,0.028469599510753,DAUC < 0.55,source::polish_companies_bankruptcy,,0.0154634559544191,0.0270544522586351,-0.011590996304216,True,near_perfect_baseline,-74.95734678187223,,-77.20458629421483,,False,abs_delta_mean
tabicl,polish_companies_bankruptcy,tdda_k5_lam07_aug1,test_time_variant,M17_tdda,TabArena_IID,classification,3,False,3940,1970,64,0,64,0.0,0.4797271737327021,0.028469599510753,DAUC < 0.55,source::polish_companies_bankruptcy,,0.0154634559544191,0.0285505743504491,-0.01308711839603,True,near_perfect_baseline,-84.6325584307045,,-86.00385745913756,,False,abs_delta_mean
tabicl,polish_companies_bankruptcy,tdda_k5_lam07_aug1_cumshift,test_time_variant,M17_tdda,TabArena_IID,classification,3,False,3940,1970,64,0,64,0.0,0.4797271737327021,0.028469599510753,DAUC < 0.55,source::polish_companies_bankruptcy,,0.0154634559544191,0.0286423173784578,-0.0131788614240387,True,near_perfect_baseline,-85.22584772049306,,-87.03355124536655,,False,abs_delta_mean
tabicl,polish_companies_bankruptcy,tdda_k5_lam07_aug2,test_time_variant,M17_tdda,TabArena_IID,classification,3,False,3940,1970,64,0,64,0.0,0.4797271737327021,0.028469599510753,DAUC < 0.55,source::polish_companies_bankruptcy,,0.0154634559544191,0.04304514144353,-0.0275816854891109,True,near_perfect_baseline,-178.36689010795627,,-175.58942613362322,,False,abs_delta_mean
tabicl,polish_companies_bankruptcy,tdda_k5_lam08_aug1,test_time_variant,M17_tdda,TabArena_IID,classification,3,False,3940,1970,64,0,64,0.0,0.4797271737327021,0.028469599510753,DAUC < 0.55,source::polish_companies_bankruptcy,,0.0154634559544191,0.0301126952360685,-0.0146492392816494,True,near_perfect_baseline,-94.734575018872,,-95.53409042118729,,False,abs_delta_mean
tabicl,polish_companies_bankruptcy,tdda_v2_k10_lam07_pfl_dw,test_time_variant,M17_tdda,TabArena_IID,classification,3,False,3940,1970,64,0,64,0.0,0.4797271737327021,0.028469599510753,DAUC < 0.55,source::polish_companies_bankruptcy,,0.0154634559544191,0.0344578390461674,-0.0189943830917483,True,near_perfect_baseline,-122.8340103773515,,-121.7652434774634,,False,abs_delta_mean
tabicl,polish_companies_bankruptcy,tdda_v2_k5_lam06_pfl_dw,test_time_variant,M17_tdda,TabArena_IID,classification,3,False,3940,1970,64,0,64,0.0,0.4797271737327021,0.028469599510753,DAUC < 0.55,source::polish_companies_bankruptcy,,0.0154634559544191,0.0345404618087985,-0.0190770058543793,True,near_perfect_baseline,-123.368320190595,,-122.37018203914624,,False,abs_delta_mean
tabicl,polish_companies_bankruptcy,tdda_v2_k5_lam07_nopfl_dw,test_time_variant,M17_tdda,TabArena_IID,classification,3,False,3940,1970,64,0,64,0.0,0.4797271737327021,0.028469599510753,DAUC < 0.55,source::polish_companies_bankruptcy,,0.0154634559544191,0.0285505743504491,-0.01308711839603,True,near_perfect_baseline,-84.6325584307045,,-86.00385745913756,,False,abs_delta_mean
tabicl,polish_companies_bankruptcy,tdda_v2_k5_lam07_pfl_dw,test_time_variant,M17_tdda,TabArena_IID,classification,3,False,3940,1970,64,0,64,0.0,0.4797271737327021,0.028469599510753,DAUC < 0.55,source::polish_companies_bankruptcy,,0.0154634559544191,0.0344578390461674,-0.0189943830917483,True,near_perfect_baseline,-122.8340103773515,,-121.7652434774634,,False,abs_delta_mean
tabicl,polish_companies_bankruptcy,tdda_v2_k5_lam07_pfl_dw_cumshift,test_time_variant,M17_tdda,TabArena_IID,classification,3,False,3940,1970,64,0,64,0.0,0.4797271737327021,0.028469599510753,DAUC < 0.55,source::polish_companies_bankruptcy,,0.0154634559544191,0.0342418098486577,-0.0187783538942386,True,near_perfect_baseline,-121.43697986782948,,-120.32882528218651,,False,abs_delta_mean
tabicl,polish_companies_bankruptcy,tdda_v2_k5_lam07_pfl_nodw,test_time_variant,M17_tdda,TabArena_IID,classification,3,False,3940,1970,64,0,64,0.0,0.4797271737327021,0.028469599510753,DAUC < 0.55,source::polish_companies_bankruptcy,,0.0154634559544191,0.0344578390461674,-0.0189943830917483,True,near_perfect_baseline,-122.8340103773515,,-121.7652434774634,,False,abs_delta_mean
tabicl,polish_companies_bankruptcy,train_only_scaling,train_only_version,baselines,TabArena_IID,classification,3,False,3940,1970,64,0,64,0.0,0.4797271737327021,0.028469599510753,DAUC < 0.55,source::polish_companies_bankruptcy,,0.0154634559544191,0.0154634559544191,0.0,True,near_perfect_baseline,0.0,,0.0,,False,abs_delta_mean
tabicl,splice,adversarial_lgbm_both_ratio,test_time_variant,M6_adversarial,TabArena_IID,classification,3,False,2126,1064,60,60,0,1.0,0.4935215615848055,0.0,DAUC < 0.55,source::splice,,0.004302219973416,0.0042867157779187,1.5504195497340056e-05,True,near_perfect_baseline,0.3603766332996068,,-0.7845979885558734,,False,abs_delta_mean
tabicl,splice,adversarial_lgbm_cal_iso_both_ratio,test_time_variant,M6_adversarial,TabArena_IID,classification,3,False,2126,1064,60,60,0,1.0,0.4935215615848055,0.0,DAUC < 0.55,source::splice,,0.004302219973416,0.0043285647588701,-2.6344785454083624e-05,True,near_perfect_baseline,-0.612353287764724,,-1.9509846948863023,,False,abs_delta_mean
tabicl,splice,adversarial_lgbm_cal_iso_feature,test_time_variant,M6_adversarial,TabArena_IID,classification,3,False,2126,1064,60,60,0,1.0,0.4935215615848055,0.0,DAUC < 0.55,source::splice,,0.004302219973416,0.0043285647588701,-2.6344785454083624e-05,True,near_perfect_baseline,-0.612353287764724,,-1.9509846948863023,,False,abs_delta_mean
tabicl,splice,adversarial_lgbm_cal_platt_feature,test_time_variant,M6_adversarial,TabArena_IID,classification,3,False,2126,1064,60,60,0,1.0,0.4935215615848055,0.0,DAUC < 0.55,source::splice,,0.004302219973416,0.0043612862371013,-5.906626368527383e-05,True,near_perfect_baseline,-1.3729252351170245,,-3.6203304294159833,,False,abs_delta_mean
tabicl,splice,adversarial_lgbm_feature,test_time_variant,M6_adversarial,TabArena_IID,classification,3,False,2126,1064,60,60,0,1.0,0.4935215615848055,0.0,DAUC < 0.55,source::splice,,0.004302219973416,0.0042867157779187,1.5504195497340056e-05,True,near_perfect_baseline,0.3603766332996068,,-0.7845979885558734,,False,abs_delta_mean
tabicl,splice,adversarial_logreg_feature,test_time_variant,M6_adversarial,TabArena_IID,classification,3,False,2126,1064,60,60,0,1.0,0.4935215615848055,0.0,DAUC < 0.55,source::splice,,0.004302219973416,0.0043408505636845,-3.863059026846619e-05,True,near_perfect_baseline,-0.8979222472855768,,-2.552286212509406,,False,abs_delta_mean
tabicl,splice,adversarial_rf_feature,test_time_variant,M6_adversarial,TabArena_IID,classification,3,False,2126,1064,60,60,0,1.0,0.4935215615848055,0.0,DAUC < 0.55,source::splice,,0.004302219973416,0.0042618511115145,4.036886190147045e-05,True,near_perfect_baseline,0.9383263094614922,,0.1524203694301734,,False,abs_delta_mean
tabicl,splice,cluster_membership_k10_both,test_time_variant,M20_cluster_membership,TabArena_IID,classification,3,False,2126,1064,60,60,0,1.0,0.4935215615848055,0.0,DAUC < 0.55,source::splice,,0.004302219973416,0.0048895622425315,-0.0005873422691154,True,near_perfect_baseline,-13.652074341728676,,-18.981204187132416,,False,abs_delta_mean
tabicl,splice,cluster_membership_k10_both_cumshift,test_time_variant,M20_cluster_membership,TabArena_IID,classification,3,False,2126,1064,60,60,0,1.0,0.4935215615848055,0.0,DAUC < 0.55,source::splice,,0.004302219973416,0.0047060664398126,-0.0004038464663966,True,near_perfect_baseline,-9.386932069769252,,-11.269057794215804,,False,abs_delta_mean
tabicl,splice,cluster_membership_k10_feature,test_time_variant,M20_cluster_membership,TabArena_IID,classification,3,False,2126,1064,60,60,0,1.0,0.4935215615848055,0.0,DAUC < 0.55,source::splice,,0.004302219973416,0.0048895622425315,-0.0005873422691154,True,near_perfect_baseline,-13.652074341728676,,-18.981204187132416,,False,abs_delta_mean
tabicl,splice,cluster_membership_k10_feature_cumshift,test_time_variant,M20_cluster_membership,TabArena_IID,classification,3,False,2126,1064,60,60,0,1.0,0.4935215615848055,0.0,DAUC < 0.55,source::splice,,0.004302219973416,0.0047060664398126,-0.0004038464663966,True,near_perfect_baseline,-9.386932069769252,,-11.269057794215804,,False,abs_delta_mean
tabicl,splice,cluster_membership_k10_weight,test_time_variant,M20_cluster_membership,TabArena_IID,classification,3,False,2126,1064,60,60,0,1.0,0.4935215615848055,0.0,DAUC < 0.55,source::splice,,0.004302219973416,0.0049439439353706,-0.0006417239619545,True,near_perfect_baseline,-14.916112284351469,,-18.619858820142987,,False,abs_delta_mean
tabicl,splice,cluster_membership_k15_both,test_time_variant,M20_cluster_membership,TabArena_IID,classification,3,False,2126,1064,60,60,0,1.0,0.4935215615848055,0.0,DAUC < 0.55,source::splice,,0.004302219973416,0.004527716545763,-0.0002254965723469,True,near_perfect_baseline,-5.241400340761508,,-10.5041944986138,,False,abs_delta_mean
tabicl,splice,cluster_membership_k5_both,test_time_variant,M20_cluster_membership,TabArena_IID,classification,3,False,2126,1064,60,60,0,1.0,0.4935215615848055,0.0,DAUC < 0.55,source::splice,,0.004302219973416,0.0046932225446106,-0.0003910025711946,True,near_perfect_baseline,-9.088390961193817,,-10.775398554940566,,False,abs_delta_mean
tabicl,splice,cluster_membership_k5_feature,test_time_variant,M20_cluster_membership,TabArena_IID,classification,3,False,2126,1064,60,60,0,1.0,0.4935215615848055,0.0,DAUC < 0.55,source::splice,,0.004302219973416,0.0046932225446106,-0.0003910025711946,True,near_perfect_baseline,-9.088390961193817,,-10.775398554940566,,False,abs_delta_mean
tabicl,splice,freq_enc_train_only,train_only_version,baselines,TabArena_IID,classification,3,False,2126,1064,60,60,0,1.0,0.4935215615848055,0.0,DAUC < 0.55,source::splice,,0.004302219973416,0.0043195319678607,-1.7311994444657586e-05,True,near_perfect_baseline,-0.4023967754236296,,-2.209917723591554,,False,abs_delta_mean
tabicl,splice,freq_ratio_log,test_time_variant,M2_freq_ratio,TabArena_IID,classification,3,False,2126,1064,60,60,0,1.0,0.4935215615848055,0.0,DAUC < 0.55,source::splice,,0.004302219973416,0.0042122078787741,9.00120946419151e-05,True,near_perfect_baseline,2.0922243678405783,,1.6357872639089086,,False,abs_delta_mean
tabicl,splice,freq_ratio_log__sel_combined_intersection,test_time_variant,selective,TabArena_IID,classification,3,False,2126,1064,60,60,0,1.0,0.4935215615848055,0.0,DAUC < 0.55,source::splice,,0.004302219973416,0.0043438313155483,-4.161134213228242e-05,True,near_perfect_baseline,-0.9672062885999232,,-2.11568972480522,,False,abs_delta_mean
tabicl,splice,freq_ratio_log__sel_combined_union,test_time_variant,selective,TabArena_IID,classification,3,False,2126,1064,60,60,0,1.0,0.4935215615848055,0.0,DAUC < 0.55,source::splice,,0.004302219973416,0.0041263795916901,0.0001758403817259,True,near_perfect_baseline,4.087201091819746,,4.838439937459595,,False,abs_delta_mean
tabicl,splice,freq_ratio_v2_both_gated,test_time_variant,M2_freq_ratio,TabArena_IID,classification,3,False,2126,1064,60,60,0,1.0,0.4935215615848055,0.0,DAUC < 0.55,source::splice,,0.004302219973416,0.0040584255112778,0.0002437944621382,True,near_perfect_baseline,5.666713084051709,,5.617961349616767,,False,abs_delta_mean
tabicl,splice,freq_ratio_v2_diff_gated,test_time_variant,M2_freq_ratio,TabArena_IID,classification,3,False,2126,1064,60,60,0,1.0,0.4935215615848055,0.0,DAUC < 0.55,source::splice,,0.004302219973416,0.0041841875519392,0.0001180324214767,True,near_perfect_baseline,2.7435236274789427,,1.7922766986487435,,False,abs_delta_mean
tabicl,splice,freq_ratio_v2_ratio_gated,test_time_variant,M2_freq_ratio,TabArena_IID,classification,3,False,2126,1064,60,60,0,1.0,0.4935215615848055,0.0,DAUC < 0.55,source::splice,,0.004302219973416,0.0042267370020483,7.54829713677611e-05,True,near_perfect_baseline,1.754512131740816,,0.1338612932176041,,False,abs_delta_mean
tabicl,splice,freq_ratio_v2_ratio_ungated,test_time_variant,M2_freq_ratio,TabArena_IID,classification,3,False,2126,1064,60,60,0,1.0,0.4935215615848055,0.0,DAUC < 0.55,source::splice,,0.004302219973416,0.0043666171758562,-6.439720244022507e-05,True,near_perfect_baseline,-1.4968365829302803,,-2.6833319522455,,False,abs_delta_mean
tabicl,splice,groupby_shift_cohen_d,test_time_variant,M14_groupby,TabArena_IID,classification,3,False,2126,1064,60,60,0,1.0,0.4935215615848055,0.0,DAUC < 0.55,source::splice,,0.004302219973416,0.004302219973416,0.0,True,near_perfect_baseline,0.0,,0.0,,False,abs_delta_mean
tabicl,splice,groupby_shift_cohen_d__sel_combined_intersection,test_time_variant,selective,TabArena_IID,classification,3,False,2126,1064,60,60,0,1.0,0.4935215615848055,0.0,DAUC < 0.55,source::splice,,0.004302219973416,0.0042936936552397,8.526318176308815e-06,True,near_perfect_baseline,0.1981841521120316,,-0.2334582737157572,,False,abs_delta_mean
tabicl,splice,groupby_shift_cohen_d__sel_combined_union,test_time_variant,selective,TabArena_IID,classification,3,False,2126,1064,60,60,0,1.0,0.4935215615848055,0.0,DAUC < 0.55,source::splice,,0.004302219973416,0.0041744470350277,0.0001277729383883,True,near_perfect_baseline,2.969930388911855,,1.974027147530795,,False,abs_delta_mean
tabicl,splice,groupby_shift_cohen_d_min10,test_time_variant,M14_groupby,TabArena_IID,classification,3,False,2126,1064,60,60,0,1.0,0.4935215615848055,0.0,DAUC < 0.55,source::splice,,0.004302219973416,0.004302219973416,0.0,True,near_perfect_baseline,0.0,,0.0,,False,abs_delta_mean
tabicl,splice,groupby_shift_ratio_log,test_time_variant,M14_groupby,TabArena_IID,classification,3,False,2126,1064,60,60,0,1.0,0.4935215615848055,0.0,DAUC < 0.55,source::splice,,0.004302219973416,0.004302219973416,0.0,True,near_perfect_baseline,0.0,,0.0,,False,abs_delta_mean
tabicl,splice,groupby_shift_ratio_raw,test_time_variant,M14_groupby,TabArena_IID,classification,3,False,2126,1064,60,60,0,1.0,0.4935215615848055,0.0,DAUC < 0.55,source::splice,,0.004302219973416,0.004302219973416,0.0,True,near_perfect_baseline,0.0,,0.0,,False,abs_delta_mean
tabicl,splice,groupby_train_only,train_only_version,baselines,TabArena_IID,classification,3,False,2126,1064,60,60,0,1.0,0.4935215615848055,0.0,DAUC < 0.55,source::splice,,0.004302219973416,0.004302219973416,0.0,True,near_perfect_baseline,0.0,,0.0,,False,abs_delta_mean
tabicl,splice,joint_freq_combined,test_time_variant,M1_joint_freq,TabArena_IID,classification,3,False,2126,1064,60,60,0,1.0,0.4935215615848055,0.0,DAUC < 0.55,source::splice,,0.004302219973416,0.0041492121532666,0.0001530078201494,True,near_perfect_baseline,3.556485281898719,,2.679762911630536,,False,abs_delta_mean
tabicl,splice,joint_freq_combined__sel_combined_intersection,test_time_variant,selective,TabArena_IID,classification,3,False,2126,1064,60,60,0,1.0,0.4935215615848055,0.0,DAUC < 0.55,source::splice,,0.004302219973416,0.0043840742390084,-8.185426559237374e-05,True,near_perfect_baseline,-1.90260530837942,,-4.130457178785605,,False,abs_delta_mean
tabicl,splice,joint_freq_combined__sel_combined_union,test_time_variant,selective,TabArena_IID,classification,3,False,2126,1064,60,60,0,1.0,0.4935215615848055,0.0,DAUC < 0.55,source::splice,,0.004302219973416,0.0039309599279824,0.0003712600454336,True,near_perfect_baseline,8.629499368411292,,7.586727929000489,,False,abs_delta_mean
tabicl,splice,joint_freq_separate,test_time_variant,M1_joint_freq,TabArena_IID,classification,3,False,2126,1064,60,60,0,1.0,0.4935215615848055,0.0,DAUC < 0.55,source::splice,,0.004302219973416,0.0042197552150225,8.246475839353747e-05,True,near_perfect_baseline,1.916795489377504,,0.6024567116814251,,False,abs_delta_mean
tabicl,splice,joint_freq_separate__sel_combined_intersection,test_time_variant,selective,TabArena_IID,classification,3,False,2126,1064,60,60,0,1.0,0.4935215615848055,0.0,DAUC < 0.55,source::splice,,0.004302219973416,0.0044215848735969,-0.0001193649001809,True,near_perfect_baseline,-2.7744955143733523,,-5.170941545173583,,False,abs_delta_mean
tabicl,splice,joint_freq_separate__sel_combined_union,test_time_variant,selective,TabArena_IID,classification,3,False,2126,1064,60,60,0,1.0,0.4935215615848055,0.0,DAUC < 0.55,source::splice,,0.004302219973416,0.004286536840526,1.5683132890057887e-05,True,near_perfect_baseline,0.3645358207382732,,-1.8233950095511429,,False,abs_delta_mean
tabicl,splice,joint_groupby_combined,test_time_variant,M14_groupby,TabArena_IID,classification,3,False,2126,1064,60,60,0,1.0,0.4935215615848055,0.0,DAUC < 0.55,source::splice,,0.004302219973416,0.004302219973416,0.0,True,near_perfect_baseline,0.0,,0.0,,False,abs_delta_mean
tabicl,splice,joint_groupby_combined__sel_combined_intersection,test_time_variant,selective,TabArena_IID,classification,3,False,2126,1064,60,60,0,1.0,0.4935215615848055,0.0,DAUC < 0.55,source::splice,,0.004302219973416,0.0042936936552398,8.5263181762348e-06,True,near_perfect_baseline,0.1981841521102978,,-0.2334582737182821,,False,abs_delta_mean
tabicl,splice,joint_groupby_combined__sel_combined_union,test_time_variant,selective,TabArena_IID,classification,3,False,2126,1064,60,60,0,1.0,0.4935215615848055,0.0,DAUC < 0.55,source::splice,,0.004302219973416,0.0041744470350277,0.0001277729383883,True,near_perfect_baseline,2.969930388911855,,1.974027147530795,,False,abs_delta_mean
tabicl,splice,joint_groupby_mean_only,test_time_variant,M14_groupby,TabArena_IID,classification,3,False,2126,1064,60,60,0,1.0,0.4935215615848055,0.0,DAUC < 0.55,source::splice,,0.004302219973416,0.004302219973416,0.0,True,near_perfect_baseline,0.0,,0.0,,False,abs_delta_mean
tabicl,splice,joint_groupby_separate,test_time_variant,M14_groupby,TabArena_IID,classification,3,False,2126,1064,60,60,0,1.0,0.4935215615848055,0.0,DAUC < 0.55,source::splice,,0.004302219973416,0.004302219973416,0.0,True,near_perfect_baseline,0.0,,0.0,,False,abs_delta_mean
tabicl,splice,joint_pca_10,test_time_variant,M3_joint_pca,TabArena_IID,classification,3,False,2126,1064,60,60,0,1.0,0.4935215615848055,0.0,DAUC < 0.55,source::splice,,0.004302219973416,0.004302219973416,0.0,True,near_perfect_baseline,0.0,,0.0,,False,abs_delta_mean
tabicl,splice,joint_pca_5,test_time_variant,M3_joint_pca,TabArena_IID,classification,3,False,2126,1064,60,60,0,1.0,0.4935215615848055,0.0,DAUC < 0.55,source::splice,,0.004302219973416,0.004302219973416,0.0,True,near_perfect_baseline,0.0,,0.0,,False,abs_delta_mean
tabicl,splice,joint_pca_var90,test_time_variant,M3_joint_pca,TabArena_IID,classification,3,False,2126,1064,60,60,0,1.0,0.4935215615848055,0.0,DAUC < 0.55,source::splice,,0.004302219973416,0.004302219973416,0.0,True,near_perfect_baseline,0.0,,0.0,,False,abs_delta_mean
tabicl,splice,joint_pca_var95,test_time_variant,M3_joint_pca,TabArena_IID,classification,3,False,2126,1064,60,60,0,1.0,0.4935215615848055,0.0,DAUC < 0.55,source::splice,,0.004302219973416,0.004302219973416,0.0,True,near_perfect_baseline,0.0,,0.0,,False,abs_delta_mean
tabicl,splice,joint_scaling,test_time_variant,M5_joint_scaling,TabArena_IID,classification,3,False,2126,1064,60,60,0,1.0,0.4935215615848055,0.0,DAUC < 0.55,source::splice,,0.004302219973416,0.004302219973416,0.0,True,near_perfect_baseline,0.0,,0.0,,False,abs_delta_mean
tabicl,splice,joint_tsne_2d_p30,test_time_variant,M3b_joint_tsne,TabArena_IID,classification,3,False,2126,1064,60,60,0,1.0,0.4935215615848055,0.0,DAUC < 0.55,source::splice,,0.004302219973416,0.004730791578961,-0.0004285716055449,True,near_perfect_baseline,-9.961638600377244,,-10.182239136621476,,False,abs_delta_mean
tabicl,splice,joint_tsne_2d_p50,test_time_variant,M3b_joint_tsne,TabArena_IID,classification,3,False,2126,1064,60,60,0,1.0,0.4935215615848055,0.0,DAUC < 0.55,source::splice,,0.004302219973416,0.0045042421729543,-0.0002020221995382,True,near_perfect_baseline,-4.6957663900628654,,-6.36245213266735,,False,abs_delta_mean
tabicl,splice,joint_tsne_3d_p30,test_time_variant,M3b_joint_tsne,TabArena_IID,classification,3,False,2126,1064,60,60,0,1.0,0.4935215615848055,0.0,DAUC < 0.55,source::splice,,0.004302219973416,0.0045169516155273,-0.0002147316421112,True,near_perfect_baseline,-4.991182306765558,,-6.762614712983699,,False,abs_delta_mean
tabicl,splice,label_prop_k10_a05,test_time_variant,M8_label_prop,TabArena_IID,classification,3,False,2126,1064,60,60,0,1.0,0.4935215615848055,0.0,DAUC < 0.55,source::splice,,0.004302219973416,0.0044859624316793,-0.0001837424582633,True,near_perfect_baseline,-4.270875487508492,,-4.327411880088722,,False,abs_delta_mean
tabicl,splice,label_prop_k15_a05,test_time_variant,M8_label_prop,TabArena_IID,classification,3,False,2126,1064,60,60,0,1.0,0.4935215615848055,0.0,DAUC < 0.55,source::splice,,0.004302219973416,0.0044130603029262,-0.0001108403295101,True,near_perfect_baseline,-2.576351980954904,,-3.09696614383451,,False,abs_delta_mean
tabicl,splice,label_prop_k15_a08,test_time_variant,M8_label_prop,TabArena_IID,classification,3,False,2126,1064,60,60,0,1.0,0.4935215615848055,0.0,DAUC < 0.55,source::splice,,0.004302219973416,0.0044217453213153,-0.0001195253478992,True,near_perfect_baseline,-2.778224931264223,,-3.3334926275857537,,False,abs_delta_mean
tabicl,splice,label_prop_v3_adaptive,test_time_variant,M8_label_prop,TabArena_IID,classification,3,False,2126,1064,60,60,0,1.0,0.4935215615848055,0.0,DAUC < 0.55,source::splice,,0.004302219973416,0.0049199844284632,-0.0006177644550472,True,near_perfect_baseline,-14.359201966994858,,-16.198063075288776,,False,abs_delta_mean
tabicl,splice,label_prop_v3_t005_k10,test_time_variant,M8_label_prop,TabArena_IID,classification,3,False,2126,1064,60,60,0,1.0,0.4935215615848055,0.0,DAUC < 0.55,source::splice,,0.004302219973416,0.0047075563699567,-0.0004053363965406,True,near_perfect_baseline,-9.421563728616196,,-10.257086584167494,,False,abs_delta_mean
tabicl,splice,label_prop_v3_t005_k15,test_time_variant,M8_label_prop,TabArena_IID,classification,3,False,2126,1064,60,60,0,1.0,0.4935215615848055,0.0,DAUC < 0.55,source::splice,,0.004302219973416,0.0046571360243349,-0.0003549160509188,True,near_perfect_baseline,-8.2496026031196,,-9.162747452353107,,False,abs_delta_mean
tabicl,splice,label_prop_v3_t01_k15,test_time_variant,M8_label_prop,TabArena_IID,classification,3,False,2126,1064,60,60,0,1.0,0.4935215615848055,0.0,DAUC < 0.55,source::splice,,0.004302219973416,0.0044232995115839,-0.0001210795381679,True,near_perfect_baseline,-2.81435024048212,,-4.355590404204782,,False,abs_delta_mean
tabicl,splice,label_prop_weighted_adaptive_a05,test_time_variant,M8_label_prop,TabArena_IID,classification,3,False,2126,1064,60,60,0,1.0,0.4935215615848055,0.0,DAUC < 0.55,source::splice,,0.004302219973416,0.0044537147074738,-0.0001514947340578,True,near_perfect_baseline,-3.5213153905172483,,-3.984513874655374,,False,abs_delta_mean
tabicl,splice,label_prop_weighted_k10_a05,test_time_variant,M8_label_prop,TabArena_IID,classification,3,False,2126,1064,60,60,0,1.0,0.4935215615848055,0.0,DAUC < 0.55,source::splice,,0.004302219973416,0.0045766127284679,-0.0002743927550519,True,near_perfect_baseline,-6.377934107215062,,-5.693979314442873,,False,abs_delta_mean
tabicl,splice,label_prop_weighted_k15_a05,test_time_variant,M8_label_prop,TabArena_IID,classification,3,False,2126,1064,60,60,0,1.0,0.4935215615848055,0.0,DAUC < 0.55,source::splice,,0.004302219973416,0.0045523311751995,-0.0002501112017834,True,near_perfect_baseline,-5.813538204204459,,-4.891931482961113,,False,abs_delta_mean
tabicl,splice,label_prop_weighted_k15_a08,test_time_variant,M8_label_prop,TabArena_IID,classification,3,False,2126,1064,60,60,0,1.0,0.4935215615848055,0.0,DAUC < 0.55,source::splice,,0.004302219973416,0.0045044215299708,-0.0002022015565547,True,near_perfect_baseline,-4.699935331158546,,-3.826966179827894,,False,abs_delta_mean
tabicl,splice,leaf_density_conf,test_time_variant,M18_leaf_density,TabArena_IID,classification,3,False,2126,1064,60,60,0,1.0,0.4935215615848055,0.0,DAUC < 0.55,source::splice,,0.004302219973416,0.004349532881064,-4.731290764795985e-05,True,near_perfect_baseline,-1.0997324158297874,,-3.3713455492690017,,False,abs_delta_mean
tabicl,splice,leaf_density_conf_cumshift,test_time_variant,M18_leaf_density,TabArena_IID,classification,3,False,2126,1064,60,60,0,1.0,0.4935215615848055,0.0,DAUC < 0.55,source::splice,,0.004302219973416,0.004187603950334,0.000114616023082,True,near_perfect_baseline,2.664113499315167,,1.805097658319612,,False,abs_delta_mean
tabicl,splice,leaf_density_conf_deep,test_time_variant,M18_leaf_density,TabArena_IID,classification,3,False,2126,1064,60,60,0,1.0,0.4935215615848055,0.0,DAUC < 0.55,source::splice,,0.004302219973416,0.0045966072611572,-0.0002943872877411,True,near_perfect_baseline,-6.842683302114813,,-9.326265326794324,,False,abs_delta_mean
tabicl,splice,leaf_density_conf_shallow,test_time_variant,M18_leaf_density,TabArena_IID,classification,3,False,2126,1064,60,60,0,1.0,0.4935215615848055,0.0,DAUC < 0.55,source::splice,,0.004302219973416,0.004398407124701,-9.618715128493586e-05,True,near_perfect_baseline,-2.235756234671591,,-3.958989922025168,,False,abs_delta_mean
tabicl,splice,leaf_density_embed_k10,test_time_variant,M18_leaf_density,TabArena_IID,classification,3,False,2126,1064,60,60,0,1.0,0.4935215615848055,0.0,DAUC < 0.55,source::splice,,0.004302219973416,0.0043383108228096,-3.609084939359963e-05,True,near_perfect_baseline,-0.838888983283266,,-4.143666516064092,,False,abs_delta_mean
tabicl,splice,leaf_density_embed_k10_cumshift,test_time_variant,M18_leaf_density,TabArena_IID,classification,3,False,2126,1064,60,60,0,1.0,0.4935215615848055,0.0,DAUC < 0.55,source::splice,,0.004302219973416,0.0041008971708086,0.0002013228026074,True,near_perfect_baseline,4.679509738029757,,3.479542172020542,,False,abs_delta_mean
tabicl,splice,leaf_density_embed_k20,test_time_variant,M18_leaf_density,TabArena_IID,classification,3,False,2126,1064,60,60,0,1.0,0.4935215615848055,0.0,DAUC < 0.55,source::splice,,0.004302219973416,0.0044081692562304,-0.0001059492828144,True,near_perfect_baseline,-2.4626654022594785,,-6.694472604799075,,False,abs_delta_mean
tabicl,splice,leaf_density_embed_k5,test_time_variant,M18_leaf_density,TabArena_IID,classification,3,False,2126,1064,60,60,0,1.0,0.4935215615848055,0.0,DAUC < 0.55,source::splice,,0.004302219973416,0.0042513473068535,5.08726665625255e-05,True,near_perfect_baseline,1.182474789222158,,-1.1643672629789803,,False,abs_delta_mean
tabicl,splice,nearest_test_k10_both,test_time_variant,M16_nearest_test_dist,TabArena_IID,classification,3,False,2126,1064,60,60,0,1.0,0.4935215615848055,0.0,DAUC < 0.55,source::splice,,0.004302219973416,0.0040779585766728,0.0002242613967432,True,near_perfect_baseline,5.2126901490150095,,4.365875560993144,,False,abs_delta_mean
tabicl,splice,nearest_test_k10_cumshift_both,test_time_variant,M16_nearest_test_dist,TabArena_IID,classification,3,False,2126,1064,60,60,0,1.0,0.4935215615848055,0.0,DAUC < 0.55,source::splice,,0.004302219973416,0.0040641245000176,0.0002380954733983,True,near_perfect_baseline,5.534246850918603,,5.109146962506979,,False,abs_delta_mean
tabicl,splice,nearest_test_k10_filter_both,test_time_variant,M16_nearest_test_dist,TabArena_IID,classification,3,False,2126,1064,60,60,0,1.0,0.4935215615848055,0.0,DAUC < 0.55,source::splice,,0.004302219973416,0.0040344950761108,0.0002677248973051,True,near_perfect_baseline,6.222947663287875,,5.848655474543147,,False,abs_delta_mean
tabicl,splice,nearest_test_k5_both,test_time_variant,M16_nearest_test_dist,TabArena_IID,classification,3,False,2126,1064,60,60,0,1.0,0.4935215615848055,0.0,DAUC < 0.55,source::splice,,0.004302219973416,0.0042000362358357,0.0001021837375803,True,near_perfect_baseline,2.375139769973432,,1.543532190810632,,False,abs_delta_mean
tabicl,splice,nearest_test_rel_k10_both,test_time_variant,M16_nearest_test_dist,TabArena_IID,classification,3,False,2126,1064,60,60,0,1.0,0.4935215615848055,0.0,DAUC < 0.55,source::splice,,0.004302219973416,0.0040847724400833,0.0002174475333326,True,near_perfect_baseline,5.054309976623912,,4.811760446350752,,False,abs_delta_mean
tabicl,splice,nearest_test_rel_k10_cumshift_both,test_time_variant,M16_nearest_test_dist,TabArena_IID,classification,3,False,2126,1064,60,60,0,1.0,0.4935215615848055,0.0,DAUC < 0.55,source::splice,,0.004302219973416,0.0042935007901449,8.719183271166386e-06,True,near_perfect_baseline,0.2026670724659191,,-2.5217310262033243,,False,abs_delta_mean
tabicl,splice,nearest_test_rel_k5_both,test_time_variant,M16_nearest_test_dist,TabArena_IID,classification,3,False,2126,1064,60,60,0,1.0,0.4935215615848055,0.0,DAUC < 0.55,source::splice,,0.004302219973416,0.0041051454490581,0.0001970745243579,True,near_perfect_baseline,4.580763549416213,,3.4380973532298498,,False,abs_delta_mean
tabicl,splice,neighbor_consensus_k10_dist,test_time_variant,M19_neighbor_consensus,TabArena_IID,classification,3,False,2126,1064,60,60,0,1.0,0.4935215615848055,0.0,DAUC < 0.55,source::splice,,0.004302219973416,0.004055498614052,0.000246721359364,True,near_perfect_baseline,5.734745338187795,,2.49297315245371,,False,abs_delta_mean
tabicl,splice,neighbor_consensus_k10_dist_cumshift,test_time_variant,M19_neighbor_consensus,TabArena_IID,classification,3,False,2126,1064,60,60,0,1.0,0.4935215615848055,0.0,DAUC < 0.55,source::splice,,0.004302219973416,0.0044012182154238,-9.899824200780098e-05,True,near_perfect_baseline,-2.3010967040161425,,-4.7142208616703645,,False,abs_delta_mean
tabicl,splice,neighbor_consensus_k10_uniform,test_time_variant,M19_neighbor_consensus,TabArena_IID,classification,3,False,2126,1064,60,60,0,1.0,0.4935215615848055,0.0,DAUC < 0.55,source::splice,,0.004302219973416,0.0041946470549016,0.0001075729185143,True,near_perfect_baseline,2.500404888152672,,-1.254764128634731,,False,abs_delta_mean
tabicl,splice,neighbor_consensus_k20_dist,test_time_variant,M19_neighbor_consensus,TabArena_IID,classification,3,False,2126,1064,60,60,0,1.0,0.4935215615848055,0.0,DAUC < 0.55,source::splice,,0.004302219973416,0.0040582144728708,0.0002440055005452,True,near_perfect_baseline,5.671618421488568,,1.3991612708718588,,False,abs_delta_mean
tabicl,splice,neighbor_consensus_k5_dist,test_time_variant,M19_neighbor_consensus,TabArena_IID,classification,3,False,2126,1064,60,60,0,1.0,0.4935215615848055,0.0,DAUC < 0.55,source::splice,,0.004302219973416,0.0043281067966191,-2.5886823203073263e-05,True,near_perfect_baseline,-0.60170849847361,,-3.957750727729264,,False,abs_delta_mean
tabicl,splice,neighbor_consensus_k5_dist_cumshift,test_time_variant,M19_neighbor_consensus,TabArena_IID,classification,3,False,2126,1064,60,60,0,1.0,0.4935215615848055,0.0,DAUC < 0.55,source::splice,,0.004302219973416,0.0043704489648758,-6.822899145975114e-05,True,near_perfect_baseline,-1.5859019734310722,,-4.864509415286714,,False,abs_delta_mean
tabicl,splice,ot_disp_v2_selective,test_time_variant,M9_ot_displacement,TabArena_IID,classification,3,False,2126,1064,60,60,0,1.0,0.4935215615848055,0.0,DAUC < 0.55,source::splice,,0.004302219973416,0.004302219973416,0.0,True,near_perfect_baseline,0.0,,0.0,,False,abs_delta_mean
tabicl,splice,ot_disp_v2_selective_abs,test_time_variant,M9_ot_displacement,TabArena_IID,classification,3,False,2126,1064,60,60,0,1.0,0.4935215615848055,0.0,DAUC < 0.55,source::splice,,0.004302219973416,0.004302219973416,0.0,True,near_perfect_baseline,0.0,,0.0,,False,abs_delta_mean
tabicl,splice,ot_disp_v2_selective_and_summary,test_time_variant,M9_ot_displacement,TabArena_IID,classification,3,False,2126,1064,60,60,0,1.0,0.4935215615848055,0.0,DAUC < 0.55,source::splice,,0.004302219973416,0.004302219973416,0.0,True,near_perfect_baseline,0.0,,0.0,,False,abs_delta_mean
tabicl,splice,ot_disp_v2_selective_and_summary_abs,test_time_variant,M9_ot_displacement,TabArena_IID,classification,3,False,2126,1064,60,60,0,1.0,0.4935215615848055,0.0,DAUC < 0.55,source::splice,,0.004302219973416,0.004302219973416,0.0,True,near_perfect_baseline,0.0,,0.0,,False,abs_delta_mean
tabicl,splice,ot_disp_v2_selective_and_summary_top10,test_time_variant,M9_ot_displacement,TabArena_IID,classification,3,False,2126,1064,60,60,0,1.0,0.4935215615848055,0.0,DAUC < 0.55,source::splice,,0.004302219973416,0.004302219973416,0.0,True,near_perfect_baseline,0.0,,0.0,,False,abs_delta_mean
tabicl,splice,ot_disp_v2_selective_top10,test_time_variant,M9_ot_displacement,TabArena_IID,classification,3,False,2126,1064,60,60,0,1.0,0.4935215615848055,0.0,DAUC < 0.55,source::splice,,0.004302219973416,0.004302219973416,0.0,True,near_perfect_baseline,0.0,,0.0,,False,abs_delta_mean
tabicl,splice,ot_disp_v2_summary_only,test_time_variant,M9_ot_displacement,TabArena_IID,classification,3,False,2126,1064,60,60,0,1.0,0.4935215615848055,0.0,DAUC < 0.55,source::splice,,0.004302219973416,0.004302219973416,0.0,True,near_perfect_baseline,0.0,,0.0,,False,abs_delta_mean
tabicl,splice,ot_displacement_mag,test_time_variant,M9_ot_displacement,TabArena_IID,classification,3,False,2126,1064,60,60,0,1.0,0.4935215615848055,0.0,DAUC < 0.55,source::splice,,0.004302219973416,0.0042883751718622,1.38448015537899e-05,True,near_perfect_baseline,0.3218059894505368,,-0.0153668703380744,,False,abs_delta_mean
tabicl,splice,ot_displacement_no_mag,test_time_variant,M9_ot_displacement,TabArena_IID,classification,3,False,2126,1064,60,60,0,1.0,0.4935215615848055,0.0,DAUC < 0.55,source::splice,,0.004302219973416,0.0042198964814748,8.232349194118675e-05,True,near_perfect_baseline,1.91351191826252,,1.5295751094738197,,False,abs_delta_mean
tabicl,splice,pca_train_only_10,train_only_version,baselines,TabArena_IID,classification,3,False,2126,1064,60,60,0,1.0,0.4935215615848055,0.0,DAUC < 0.55,source::splice,,0.004302219973416,0.004302219973416,0.0,True,near_perfect_baseline,0.0,,0.0,,False,abs_delta_mean
tabicl,splice,pca_train_only_5,train_only_version,baselines,TabArena_IID,classification,3,False,2126,1064,60,60,0,1.0,0.4935215615848055,0.0,DAUC < 0.55,source::splice,,0.004302219973416,0.004302219973416,0.0,True,near_perfect_baseline,0.0,,0.0,,False,abs_delta_mean
tabicl,splice,pca_train_only_var90,train_only_version,baselines,TabArena_IID,classification,3,False,2126,1064,60,60,0,1.0,0.4935215615848055,0.0,DAUC < 0.55,source::splice,,0.004302219973416,0.004302219973416,0.0,True,near_perfect_baseline,0.0,,0.0,,False,abs_delta_mean
tabicl,splice,pca_train_only_var95,train_only_version,baselines,TabArena_IID,classification,3,False,2126,1064,60,60,0,1.0,0.4935215615848055,0.0,DAUC < 0.55,source::splice,,0.004302219973416,0.004302219973416,0.0,True,near_perfect_baseline,0.0,,0.0,,False,abs_delta_mean
tabicl,splice,pseudo_label_lgbm_conf80_iter5,test_time_variant,M7_pseudo_label,TabArena_IID,classification,3,False,2126,1064,60,60,0,1.0,0.4935215615848055,0.0,DAUC < 0.55,source::splice,,0.004302219973416,0.0066009919096778,-0.0022987719362617,True,near_perfect_baseline,-53.43222686115859,,-60.42922392736002,,False,abs_delta_mean
tabicl,splice,pseudo_label_lgbm_conf90_iter1,test_time_variant,M7_pseudo_label,TabArena_IID,classification,3,False,2126,1064,60,60,0,1.0,0.4935215615848055,0.0,DAUC < 0.55,source::splice,,0.004302219973416,0.0063124035249586,-0.0020101835515425,True,near_perfect_baseline,-46.7243321811464,,-55.27198495771389,,False,abs_delta_mean
tabicl,splice,pseudo_label_lgbm_conf90_iter3,test_time_variant,M7_pseudo_label,TabArena_IID,classification,3,False,2126,1064,60,60,0,1.0,0.4935215615848055,0.0,DAUC < 0.55,source::splice,,0.004302219973416,0.0064374142359165,-0.0021351942625004,True,near_perfect_baseline,-49.630057869986025,,-58.05102728216872,,False,abs_delta_mean
tabicl,splice,pseudo_label_lgbm_conf95_iter3,test_time_variant,M7_pseudo_label,TabArena_IID,classification,3,False,2126,1064,60,60,0,1.0,0.4935215615848055,0.0,DAUC < 0.55,source::splice,,0.004302219973416,0.0065108625132669,-0.0022086425398509,True,near_perfect_baseline,-51.33727595284234,,-57.82617094898819,,False,abs_delta_mean
tabicl,splice,pseudo_label_v2_cal_iso_wfixed_conf90,test_time_variant,M7_pseudo_label,TabArena_IID,classification,3,False,2126,1064,60,60,0,1.0,0.4935215615848055,0.0,DAUC < 0.55,source::splice,,0.004302219973416,0.0054030024065386,-0.0011007824331225,True,near_perfect_baseline,-25.586381912697288,,-31.81499483394188,,False,abs_delta_mean
tabicl,splice,pseudo_label_v2_cal_iso_wprop_conf85,test_time_variant,M7_pseudo_label,TabArena_IID,classification,3,False,2126,1064,60,60,0,1.0,0.4935215615848055,0.0,DAUC < 0.55,source::splice,,0.004302219973416,0.0056370735242912,-0.0013348535508751,True,near_perfect_baseline,-31.027087390309383,,-37.7547436101953,,False,abs_delta_mean
tabicl,splice,pseudo_label_v2_cal_iso_wprop_conf90,test_time_variant,M7_pseudo_label,TabArena_IID,classification,3,False,2126,1064,60,60,0,1.0,0.4935215615848055,0.0,DAUC < 0.55,source::splice,,0.004302219973416,0.0054030024065386,-0.0011007824331225,True,near_perfect_baseline,-25.586381912697288,,-31.81499483394188,,False,abs_delta_mean
tabicl,splice,pseudo_label_v2_cal_iso_wquad_conf90,test_time_variant,M7_pseudo_label,TabArena_IID,classification,3,False,2126,1064,60,60,0,1.0,0.4935215615848055,0.0,DAUC < 0.55,source::splice,,0.004302219973416,0.0054030024065386,-0.0011007824331225,True,near_perfect_baseline,-25.586381912697288,,-31.81499483394188,,False,abs_delta_mean
tabicl,splice,pseudo_label_v2_cal_platt_wprop_conf90,test_time_variant,M7_pseudo_label,TabArena_IID,classification,3,False,2126,1064,60,60,0,1.0,0.4935215615848055,0.0,DAUC < 0.55,source::splice,,0.004302219973416,0.0063496135665643,-0.0020473935931482,True,near_perfect_baseline,-47.589235459817736,,-54.9982832806261,,False,abs_delta_mean
tabicl,splice,target_enc_absolute,test_time_variant,M4_target_encoding,TabArena_IID,classification,3,False,2126,1064,60,60,0,1.0,0.4935215615848055,0.0,DAUC < 0.55,source::splice,,0.004302219973416,0.0043924660929284,-9.024611951239753e-05,True,near_perfect_baseline,-2.097663998355254,,-4.599670160760809,,False,abs_delta_mean
tabicl,splice,target_enc_diff,test_time_variant,M4_target_encoding,TabArena_IID,classification,3,False,2126,1064,60,60,0,1.0,0.4935215615848055,0.0,DAUC < 0.55,source::splice,,0.004302219973416,0.0044118343404818,-0.0001096143670658,True,near_perfect_baseline,-2.5478559381696577,,-5.090995212318706,,False,abs_delta_mean
tabicl,splice,target_enc_inv_ratio,test_time_variant,M4_target_encoding,TabArena_IID,classification,3,False,2126,1064,60,60,0,1.0,0.4935215615848055,0.0,DAUC < 0.55,source::splice,,0.004302219973416,0.0044545041268672,-0.0001522841534511,True,near_perfect_baseline,-3.5396645079090003,,-6.431855389947742,,False,abs_delta_mean
tabicl,splice,target_enc_oof_absolute,test_time_variant,M4_target_encoding,TabArena_IID,classification,3,False,2126,1064,60,60,0,1.0,0.4935215615848055,0.0,DAUC < 0.55,source::splice,,0.004302219973416,0.0043084024951373,-6.182521721243006e-06,True,near_perfect_baseline,-0.1437053837192321,,-1.0236974153890095,,False,abs_delta_mean
tabicl,splice,target_enc_oof_diff,test_time_variant,M4_target_encoding,TabArena_IID,classification,3,False,2126,1064,60,60,0,1.0,0.4935215615848055,0.0,DAUC < 0.55,source::splice,,0.004302219973416,0.004330394470915,-2.817449749899688e-05,True,near_perfect_baseline,-0.6548827738490872,,-1.641041479102663,,False,abs_delta_mean
tabicl,splice,target_enc_oof_inv_ratio,test_time_variant,M4_target_encoding,TabArena_IID,classification,3,False,2126,1064,60,60,0,1.0,0.4935215615848055,0.0,DAUC < 0.55,source::splice,,0.004302219973416,0.0043671245622218,-6.490458880581418e-05,True,near_perfect_baseline,-1.5086301771380224,,-2.4253803678928407,,False,abs_delta_mean
tabicl,splice,target_enc_oof_ratio,test_time_variant,M4_target_encoding,TabArena_IID,classification,3,False,2126,1064,60,60,0,1.0,0.4935215615848055,0.0,DAUC < 0.55,source::splice,,0.004302219973416,0.0043162364848138,-1.401651139780006e-05,True,near_perfect_baseline,-0.325797181092786,,-1.3691958616871132,,False,abs_delta_mean
tabicl,splice,target_enc_oof_ratio_cap5,test_time_variant,M4_target_encoding,TabArena_IID,classification,3,False,2126,1064,60,60,0,1.0,0.4935215615848055,0.0,DAUC < 0.55,source::splice,,0.004302219973416,0.0043162364848138,-1.401651139780006e-05,True,near_perfect_baseline,-0.325797181092786,,-1.3691958616871132,,False,abs_delta_mean
tabicl,splice,target_enc_ratio,test_time_variant,M4_target_encoding,TabArena_IID,classification,3,False,2126,1064,60,60,0,1.0,0.4935215615848055,0.0,DAUC < 0.55,source::splice,,0.004302219973416,0.0044185510137888,-0.0001163310403727,True,near_perfect_baseline,-2.703977041890216,,-5.415151442764464,,False,abs_delta_mean
tabicl,splice,target_enc_ratio__sel_combined_intersection,test_time_variant,selective,TabArena_IID,classification,3,False,2126,1064,60,60,0,1.0,0.4935215615848055,0.0,DAUC < 0.55,source::splice,,0.004302219973416,0.0043501949230493,-4.79749496333041e-05,True,near_perfect_baseline,-1.1151207964666467,,-3.904742490806683,,False,abs_delta_mean
tabicl,splice,target_enc_ratio__sel_combined_union,test_time_variant,selective,TabArena_IID,classification,3,False,2126,1064,60,60,0,1.0,0.4935215615848055,0.0,DAUC < 0.55,source::splice,,0.004302219973416,0.00430766800848,-5.448035063970735e-06,True,near_perfect_baseline,-0.126633112617086,,-2.091177389803111,,False,abs_delta_mean
tabicl,splice,target_enc_ratio_cap5,test_time_variant,M4_target_encoding,TabArena_IID,classification,3,False,2126,1064,60,60,0,1.0,0.4935215615848055,0.0,DAUC < 0.55,source::splice,,0.004302219973416,0.0044185510137888,-0.0001163310403727,True,near_perfect_baseline,-2.703977041890216,,-5.415151442764464,,False,abs_delta_mean
tabicl,splice,target_enc_standard_m10,train_only_version,baselines,TabArena_IID,classification,3,False,2126,1064,60,60,0,1.0,0.4935215615848055,0.0,DAUC < 0.55,source::splice,,0.004302219973416,0.0044083580974397,-0.0001061381240236,True,near_perfect_baseline,-2.467054792165824,,-5.00909013377894,,False,abs_delta_mean
tabicl,splice,target_enc_standard_m20,train_only_version,baselines,TabArena_IID,classification,3,False,2126,1064,60,60,0,1.0,0.4935215615848055,0.0,DAUC < 0.55,source::splice,,0.004302219973416,0.0042936171285004,8.602844915661656e-06,True,near_perfect_baseline,0.199962925392464,,-1.6005624348112883,,False,abs_delta_mean
tabicl,splice,target_enc_standard_m5,train_only_version,baselines,TabArena_IID,classification,3,False,2126,1064,60,60,0,1.0,0.4935215615848055,0.0,DAUC < 0.55,source::splice,,0.004302219973416,0.0043521734596959,-4.99534862798597e-05,True,near_perfect_baseline,-1.1611095338808337,,-4.130402646846595,,False,abs_delta_mean
tabicl,splice,targeted_groupby_top3,test_time_variant,M14_groupby,TabArena_IID,classification,3,False,2126,1064,60,60,0,1.0,0.4935215615848055,0.0,DAUC < 0.55,source::splice,,0.004302219973416,0.004302219973416,0.0,True,near_perfect_baseline,0.0,,0.0,,False,abs_delta_mean
tabicl,splice,targeted_groupby_top3_shifted_agg,test_time_variant,M14_groupby,TabArena_IID,classification,3,False,2126,1064,60,60,0,1.0,0.4935215615848055,0.0,DAUC < 0.55,source::splice,,0.004302219973416,0.004302219973416,0.0,True,near_perfect_baseline,0.0,,0.0,,False,abs_delta_mean
tabicl,splice,targeted_groupby_top5,test_time_variant,M14_groupby,TabArena_IID,classification,3,False,2126,1064,60,60,0,1.0,0.4935215615848055,0.0,DAUC < 0.55,source::splice,,0.004302219973416,0.004302219973416,0.0,True,near_perfect_baseline,0.0,,0.0,,False,abs_delta_mean
tabicl,splice,targeted_groupby_top5_shifted_agg,test_time_variant,M14_groupby,TabArena_IID,classification,3,False,2126,1064,60,60,0,1.0,0.4935215615848055,0.0,DAUC < 0.55,source::splice,,0.004302219973416,0.004302219973416,0.0,True,near_perfect_baseline,0.0,,0.0,,False,abs_delta_mean
tabicl,splice,tdda_k10_lam07_aug1,test_time_variant,M17_tdda,TabArena_IID,classification,3,False,2126,1064,60,60,0,1.0,0.4935215615848055,0.0,DAUC < 0.55,source::splice,,0.004302219973416,0.0066220205682367,-0.0023198005948207,True,near_perfect_baseline,-53.92101308522246,,-64.81957661824885,,False,abs_delta_mean
tabicl,splice,tdda_k5_lam06_aug1,test_time_variant,M17_tdda,TabArena_IID,classification,3,False,2126,1064,60,60,0,1.0,0.4935215615848055,0.0,DAUC < 0.55,source::splice,,0.004302219973416,0.0066220205682367,-0.0023198005948207,True,near_perfect_baseline,-53.92101308522246,,-64.81957661824885,,False,abs_delta_mean
tabicl,splice,tdda_k5_lam07_aug1,test_time_variant,M17_tdda,TabArena_IID,classification,3,False,2126,1064,60,60,0,1.0,0.4935215615848055,0.0,DAUC < 0.55,source::splice,,0.004302219973416,0.0066220205682367,-0.0023198005948207,True,near_perfect_baseline,-53.92101308522246,,-64.81957661824885,,False,abs_delta_mean
tabicl,splice,tdda_k5_lam07_aug1_cumshift,test_time_variant,M17_tdda,TabArena_IID,classification,3,False,2126,1064,60,60,0,1.0,0.4935215615848055,0.0,DAUC < 0.55,source::splice,,0.004302219973416,0.0066220205682367,-0.0023198005948207,True,near_perfect_baseline,-53.92101308522246,,-64.81957661824885,,False,abs_delta_mean
tabicl,splice,tdda_k5_lam07_aug2,test_time_variant,M17_tdda,TabArena_IID,classification,3,False,2126,1064,60,60,0,1.0,0.4935215615848055,0.0,DAUC < 0.55,source::splice,,0.004302219973416,0.0056619087504392,-0.0013596887770231,True,near_perfect_baseline,-31.60435276264054,,-38.04914694553524,,False,abs_delta_mean
tabicl,splice,tdda_k5_lam08_aug1,test_time_variant,M17_tdda,TabArena_IID,classification,3,False,2126,1064,60,60,0,1.0,0.4935215615848055,0.0,DAUC < 0.55,source::splice,,0.004302219973416,0.0066220205682367,-0.0023198005948207,True,near_perfect_baseline,-53.92101308522246,,-64.81957661824885,,False,abs_delta_mean
tabicl,splice,tdda_v2_k10_lam07_pfl_dw,test_time_variant,M17_tdda,TabArena_IID,classification,3,False,2126,1064,60,60,0,1.0,0.4935215615848055,0.0,DAUC < 0.55,source::splice,,0.004302219973416,0.0066220205682367,-0.0023198005948207,True,near_perfect_baseline,-53.92101308522246,,-64.81957661824885,,False,abs_delta_mean
tabicl,splice,tdda_v2_k5_lam06_pfl_dw,test_time_variant,M17_tdda,TabArena_IID,classification,3,False,2126,1064,60,60,0,1.0,0.4935215615848055,0.0,DAUC < 0.55,source::splice,,0.004302219973416,0.0066220205682367,-0.0023198005948207,True,near_perfect_baseline,-53.92101308522246,,-64.81957661824885,,False,abs_delta_mean
tabicl,splice,tdda_v2_k5_lam07_nopfl_dw,test_time_variant,M17_tdda,TabArena_IID,classification,3,False,2126,1064,60,60,0,1.0,0.4935215615848055,0.0,DAUC < 0.55,source::splice,,0.004302219973416,0.0066220205682367,-0.0023198005948207,True,near_perfect_baseline,-53.92101308522246,,-64.81957661824885,,False,abs_delta_mean
tabicl,splice,tdda_v2_k5_lam07_pfl_dw,test_time_variant,M17_tdda,TabArena_IID,classification,3,False,2126,1064,60,60,0,1.0,0.4935215615848055,0.0,DAUC < 0.55,source::splice,,0.004302219973416,0.0066220205682367,-0.0023198005948207,True,near_perfect_baseline,-53.92101308522246,,-64.81957661824885,,False,abs_delta_mean
tabicl,splice,tdda_v2_k5_lam07_pfl_dw_cumshift,test_time_variant,M17_tdda,TabArena_IID,classification,3,False,2126,1064,60,60,0,1.0,0.4935215615848055,0.0,DAUC < 0.55,source::splice,,0.004302219973416,0.0066220205682367,-0.0023198005948207,True,near_perfect_baseline,-53.92101308522246,,-64.81957661824885,,False,abs_delta_mean
tabicl,splice,tdda_v2_k5_lam07_pfl_nodw,test_time_variant,M17_tdda,TabArena_IID,classification,3,False,2126,1064,60,60,0,1.0,0.4935215615848055,0.0,DAUC < 0.55,source::splice,,0.004302219973416,0.0066220205682367,-0.0023198005948207,True,near_perfect_baseline,-53.92101308522246,,-64.81957661824885,,False,abs_delta_mean
tabicl,splice,train_only_scaling,train_only_version,baselines,TabArena_IID,classification,3,False,2126,1064,60,60,0,1.0,0.4935215615848055,0.0,DAUC < 0.55,source::splice,,0.004302219973416,0.004302219973416,0.0,True,near_perfect_baseline,0.0,,0.0,,False,abs_delta_mean
tabicl,website_phishing,adversarial_lgbm_both_ratio,test_time_variant,M6_adversarial,TabArena_IID,classification,3,False,902,451,9,9,0,1.0,0.4974870109756609,0.0,DAUC < 0.55,source::website_phishing,,0.0200714767488947,0.0212523628773494,-0.0011808861284546,True,near_perfect_baseline,-5.883404311641928,,-6.0584285268040885,,False,abs_delta_mean
tabicl,website_phishing,adversarial_lgbm_cal_iso_both_ratio,test_time_variant,M6_adversarial,TabArena_IID,classification,3,False,902,451,9,9,0,1.0,0.4974870109756609,0.0,DAUC < 0.55,source::website_phishing,,0.0200714767488947,0.0203395154290971,-0.0002680386802023,True,near_perfect_baseline,-1.3354208240661871,,-1.339694338718803,,False,abs_delta_mean
tabicl,website_phishing,adversarial_lgbm_cal_iso_feature,test_time_variant,M6_adversarial,TabArena_IID,classification,3,False,902,451,9,9,0,1.0,0.4974870109756609,0.0,DAUC < 0.55,source::website_phishing,,0.0200714767488947,0.0203395154290971,-0.0002680386802023,True,near_perfect_baseline,-1.3354208240661871,,-1.339694338718803,,False,abs_delta_mean
tabicl,website_phishing,adversarial_lgbm_cal_platt_feature,test_time_variant,M6_adversarial,TabArena_IID,classification,3,False,902,451,9,9,0,1.0,0.4974870109756609,0.0,DAUC < 0.55,source::website_phishing,,0.0200714767488947,0.0207196935778279,-0.0006482168289331,True,near_perfect_baseline,-3.2295422855164424,,-3.4257765584794857,,False,abs_delta_mean
tabicl,website_phishing,adversarial_lgbm_feature,test_time_variant,M6_adversarial,TabArena_IID,classification,3,False,902,451,9,9,0,1.0,0.4974870109756609,0.0,DAUC < 0.55,source::website_phishing,,0.0200714767488947,0.0212523628773494,-0.0011808861284546,True,near_perfect_baseline,-5.883404311641928,,-6.0584285268040885,,False,abs_delta_mean
tabicl,website_phishing,adversarial_logreg_feature,test_time_variant,M6_adversarial,TabArena_IID,classification,3,False,902,451,9,9,0,1.0,0.4974870109756609,0.0,DAUC < 0.55,source::website_phishing,,0.0200714767488947,0.0196064518010536,0.0004650249478411,True,near_perfect_baseline,2.31684471281756,,2.283134226509808,,False,abs_delta_mean
tabicl,website_phishing,adversarial_rf_feature,test_time_variant,M6_adversarial,TabArena_IID,classification,3,False,902,451,9,9,0,1.0,0.4974870109756609,0.0,DAUC < 0.55,source::website_phishing,,0.0200714767488947,0.0204147019320754,-0.0003432251831806,True,near_perfect_baseline,-1.7100146016888058,,-1.8447220450311512,,False,abs_delta_mean
tabicl,website_phishing,cluster_membership_k10_both,test_time_variant,M20_cluster_membership,TabArena_IID,classification,3,False,902,451,9,9,0,1.0,0.4974870109756609,0.0,DAUC < 0.55,source::website_phishing,,0.0200714767488947,0.0225763822962925,-0.0025049055473977,True,near_perfect_baseline,-12.47992650832554,,-12.795275388485772,,False,abs_delta_mean
tabicl,website_phishing,cluster_membership_k10_both_cumshift,test_time_variant,M20_cluster_membership,TabArena_IID,classification,3,False,902,451,9,9,0,1.0,0.4974870109756609,0.0,DAUC < 0.55,source::website_phishing,,0.0200714767488947,0.0210406463868434,-0.0009691696379486,True,near_perfect_baseline,-4.828591588319736,,-4.823584886478714,,False,abs_delta_mean
tabicl,website_phishing,cluster_membership_k10_feature,test_time_variant,M20_cluster_membership,TabArena_IID,classification,3,False,902,451,9,9,0,1.0,0.4974870109756609,0.0,DAUC < 0.55,source::website_phishing,,0.0200714767488947,0.0225763822962925,-0.0025049055473977,True,near_perfect_baseline,-12.47992650832554,,-12.795275388485772,,False,abs_delta_mean
tabicl,website_phishing,cluster_membership_k10_feature_cumshift,test_time_variant,M20_cluster_membership,TabArena_IID,classification,3,False,902,451,9,9,0,1.0,0.4974870109756609,0.0,DAUC < 0.55,source::website_phishing,,0.0200714767488947,0.0210406463868434,-0.0009691696379486,True,near_perfect_baseline,-4.828591588319736,,-4.823584886478714,,False,abs_delta_mean
tabicl,website_phishing,cluster_membership_k10_weight,test_time_variant,M20_cluster_membership,TabArena_IID,classification,3,False,902,451,9,9,0,1.0,0.4974870109756609,0.0,DAUC < 0.55,source::website_phishing,,0.0200714767488947,0.0209229034243055,-0.0008514266754107,True,near_perfect_baseline,-4.241973254198505,,-4.209762994299544,,False,abs_delta_mean
tabicl,website_phishing,cluster_membership_k15_both,test_time_variant,M20_cluster_membership,TabArena_IID,classification,3,False,902,451,9,9,0,1.0,0.4974870109756609,0.0,DAUC < 0.55,source::website_phishing,,0.0200714767488947,0.0216884166810766,-0.0016169399321818,True,near_perfect_baseline,-8.055909151133509,,-8.346298149188545,,False,abs_delta_mean
tabicl,website_phishing,cluster_membership_k5_both,test_time_variant,M20_cluster_membership,TabArena_IID,classification,3,False,902,451,9,9,0,1.0,0.4974870109756609,0.0,DAUC < 0.55,source::website_phishing,,0.0200714767488947,0.0216827443307954,-0.0016112675819006,True,near_perfect_baseline,-8.02764839906156,,-8.47298726785934,,False,abs_delta_mean
tabicl,website_phishing,cluster_membership_k5_feature,test_time_variant,M20_cluster_membership,TabArena_IID,classification,3,False,902,451,9,9,0,1.0,0.4974870109756609,0.0,DAUC < 0.55,source::website_phishing,,0.0200714767488947,0.0216827443307954,-0.0016112675819006,True,near_perfect_baseline,-8.02764839906156,,-8.47298726785934,,False,abs_delta_mean
tabicl,website_phishing,freq_enc_train_only,train_only_version,baselines,TabArena_IID,classification,3,False,902,451,9,9,0,1.0,0.4974870109756609,0.0,DAUC < 0.55,source::website_phishing,,0.0200714767488947,0.0201107625654315,-3.928581653670863e-05,True,near_perfect_baseline,-0.1957295769922336,,-0.2169115980046236,,False,abs_delta_mean
tabicl,website_phishing,freq_ratio_log,test_time_variant,M2_freq_ratio,TabArena_IID,classification,3,False,902,451,9,9,0,1.0,0.4974870109756609,0.0,DAUC < 0.55,source::website_phishing,,0.0200714767488947,0.0200888821847613,-1.7405435866553926e-05,True,near_perfect_baseline,-0.0867172659207109,,-0.151456815721285,,False,abs_delta_mean
tabicl,website_phishing,freq_ratio_log__sel_combined_intersection,test_time_variant,selective,TabArena_IID,classification,3,False,902,451,9,9,0,1.0,0.4974870109756609,0.0,DAUC < 0.55,source::website_phishing,,0.0200714767488947,0.019425642552509,0.0006458341963857,True,near_perfect_baseline,3.2176715468698776,,3.155846018432713,,False,abs_delta_mean
tabicl,website_phishing,freq_ratio_log__sel_combined_union,test_time_variant,selective,TabArena_IID,classification,3,False,902,451,9,9,0,1.0,0.4974870109756609,0.0,DAUC < 0.55,source::website_phishing,,0.0200714767488947,0.0202758964252882,-0.0002044196763934,True,near_perfect_baseline,-1.0184585765702951,,-1.0956992386434783,,False,abs_delta_mean
tabicl,website_phishing,freq_ratio_v2_both_gated,test_time_variant,M2_freq_ratio,TabArena_IID,classification,3,False,902,451,9,9,0,1.0,0.4974870109756609,0.0,DAUC < 0.55,source::website_phishing,,0.0200714767488947,0.0196674501111021,0.0004040266377926,True,near_perfect_baseline,2.012939271221893,,1.962859072985996,,False,abs_delta_mean
tabicl,website_phishing,freq_ratio_v2_diff_gated,test_time_variant,M2_freq_ratio,TabArena_IID,classification,3,False,902,451,9,9,0,1.0,0.4974870109756609,0.0,DAUC < 0.55,source::website_phishing,,0.0200714767488947,0.0195029788031534,0.0005684979457413,True,near_perfect_baseline,2.832367308363096,,2.7506673964778336,,False,abs_delta_mean
tabicl,website_phishing,freq_ratio_v2_ratio_gated,test_time_variant,M2_freq_ratio,TabArena_IID,classification,3,False,902,451,9,9,0,1.0,0.4974870109756609,0.0,DAUC < 0.55,source::website_phishing,,0.0200714767488947,0.0195858416629558,0.0004856350859389,True,near_perfect_baseline,2.419528428398702,,2.34713349640839,,False,abs_delta_mean
tabicl,website_phishing,freq_ratio_v2_ratio_ungated,test_time_variant,M2_freq_ratio,TabArena_IID,classification,3,False,902,451,9,9,0,1.0,0.4974870109756609,0.0,DAUC < 0.55,source::website_phishing,,0.0200714767488947,0.0201040136925695,-3.253694367473988e-05,True,near_perfect_baseline,-0.1621053800963116,,-0.2291937413272079,,False,abs_delta_mean
tabicl,website_phishing,groupby_shift_cohen_d,test_time_variant,M14_groupby,TabArena_IID,classification,3,False,902,451,9,9,0,1.0,0.4974870109756609,0.0,DAUC < 0.55,source::website_phishing,,0.0200714767488947,0.020072609518562,-1.1327696672151315e-06,True,near_perfect_baseline,-0.0056436787456368,,-0.0055602085788922,,False,abs_delta_mean
tabicl,website_phishing,groupby_shift_cohen_d__sel_combined_intersection,test_time_variant,selective,TabArena_IID,classification,3,False,902,451,9,9,0,1.0,0.4974870109756609,0.0,DAUC < 0.55,source::website_phishing,,0.0200714767488947,0.0197802195494593,0.0002912571994354,True,near_perfect_baseline,1.451100001655309,,1.3660508813387204,,False,abs_delta_mean
tabicl,website_phishing,groupby_shift_cohen_d__sel_combined_union,test_time_variant,selective,TabArena_IID,classification,3,False,902,451,9,9,0,1.0,0.4974870109756609,0.0,DAUC < 0.55,source::website_phishing,,0.0200714767488947,0.0197115973343787,0.000359879414516,True,near_perfect_baseline,1.792989220565641,,1.6552101570855615,,False,abs_delta_mean
tabicl,website_phishing,groupby_shift_cohen_d_min10,test_time_variant,M14_groupby,TabArena_IID,classification,3,False,902,451,9,9,0,1.0,0.4974870109756609,0.0,DAUC < 0.55,source::website_phishing,,0.0200714767488947,0.0200714767488947,0.0,True,near_perfect_baseline,0.0,,0.0,,False,abs_delta_mean
tabicl,website_phishing,groupby_shift_ratio_log,test_time_variant,M14_groupby,TabArena_IID,classification,3,False,902,451,9,9,0,1.0,0.4974870109756609,0.0,DAUC < 0.55,source::website_phishing,,0.0200714767488947,0.0200714767488947,0.0,True,near_perfect_baseline,0.0,,0.0,,False,abs_delta_mean
tabicl,website_phishing,groupby_shift_ratio_raw,test_time_variant,M14_groupby,TabArena_IID,classification,3,False,902,451,9,9,0,1.0,0.4974870109756609,0.0,DAUC < 0.55,source::website_phishing,,0.0200714767488947,0.0200714767488947,0.0,True,near_perfect_baseline,0.0,,0.0,,False,abs_delta_mean
tabicl,website_phishing,groupby_train_only,train_only_version,baselines,TabArena_IID,classification,3,False,902,451,9,9,0,1.0,0.4974870109756609,0.0,DAUC < 0.55,source::website_phishing,,0.0200714767488947,0.020078754809225,-7.278060330258758e-06,True,near_perfect_baseline,-0.0362607117618207,,-0.0392966762011167,,False,abs_delta_mean
tabicl,website_phishing,joint_freq_combined,test_time_variant,M1_joint_freq,TabArena_IID,classification,3,False,902,451,9,9,0,1.0,0.4974870109756609,0.0,DAUC < 0.55,source::website_phishing,,0.0200714767488947,0.0199822518076775,8.922494121721414e-05,True,near_perfect_baseline,0.4445360066599343,,0.3920534980243382,,False,abs_delta_mean
tabicl,website_phishing,joint_freq_combined__sel_combined_intersection,test_time_variant,selective,TabArena_IID,classification,3,False,902,451,9,9,0,1.0,0.4974870109756609,0.0,DAUC < 0.55,source::website_phishing,,0.0200714767488947,0.0194440558938034,0.0006274208550913,True,near_perfect_baseline,3.12593270012327,,3.073536989409005,,False,abs_delta_mean
tabicl,website_phishing,joint_freq_combined__sel_combined_union,test_time_variant,selective,TabArena_IID,classification,3,False,902,451,9,9,0,1.0,0.4974870109756609,0.0,DAUC < 0.55,source::website_phishing,,0.0200714767488947,0.0199652412075177,0.000106235541377,True,near_perfect_baseline,0.5292861243153665,,0.3895309982301387,,False,abs_delta_mean
tabicl,website_phishing,joint_freq_separate,test_time_variant,M1_joint_freq,TabArena_IID,classification,3,False,902,451,9,9,0,1.0,0.4974870109756609,0.0,DAUC < 0.55,source::website_phishing,,0.0200714767488947,0.0201069201217935,-3.544337289873578e-05,True,near_perfect_baseline,-0.1765857756365007,,-0.3300390581288799,,False,abs_delta_mean
tabicl,website_phishing,joint_freq_separate__sel_combined_intersection,test_time_variant,selective,TabArena_IID,classification,3,False,902,451,9,9,0,1.0,0.4974870109756609,0.0,DAUC < 0.55,source::website_phishing,,0.0200714767488947,0.0200683676841704,3.10906472433814e-06,True,near_perfect_baseline,0.015489965004739,,-0.0836530615521415,,False,abs_delta_mean
tabicl,website_phishing,joint_freq_separate__sel_combined_union,test_time_variant,selective,TabArena_IID,classification,3,False,902,451,9,9,0,1.0,0.4974870109756609,0.0,DAUC < 0.55,source::website_phishing,,0.0200714767488947,0.0201395918366083,-6.811508771353836e-05,True,near_perfect_baseline,-0.3393626117584448,,-0.3346577776128285,,False,abs_delta_mean
tabicl,website_phishing,joint_groupby_combined,test_time_variant,M14_groupby,TabArena_IID,classification,3,False,902,451,9,9,0,1.0,0.4974870109756609,0.0,DAUC < 0.55,source::website_phishing,,0.0200714767488947,0.0200714767488947,0.0,True,near_perfect_baseline,0.0,,0.0,,False,abs_delta_mean
tabicl,website_phishing,joint_groupby_combined__sel_combined_intersection,test_time_variant,selective,TabArena_IID,classification,3,False,902,451,9,9,0,1.0,0.4974870109756609,0.0,DAUC < 0.55,source::website_phishing,,0.0200714767488947,0.0197950901848692,0.0002763865640255,True,near_perfect_baseline,1.3770116044939515,,1.292722180019881,,False,abs_delta_mean
tabicl,website_phishing,joint_groupby_combined__sel_combined_union,test_time_variant,selective,TabArena_IID,classification,3,False,902,451,9,9,0,1.0,0.4974870109756609,0.0,DAUC < 0.55,source::website_phishing,,0.0200714767488947,0.0197115973343787,0.000359879414516,True,near_perfect_baseline,1.792989220565641,,1.6552101570855615,,False,abs_delta_mean
tabicl,website_phishing,joint_groupby_mean_only,test_time_variant,M14_groupby,TabArena_IID,classification,3,False,902,451,9,9,0,1.0,0.4974870109756609,0.0,DAUC < 0.55,source::website_phishing,,0.0200714767488947,0.0200714767488947,0.0,True,near_perfect_baseline,0.0,,0.0,,False,abs_delta_mean
tabicl,website_phishing,joint_groupby_separate,test_time_variant,M14_groupby,TabArena_IID,classification,3,False,902,451,9,9,0,1.0,0.4974870109756609,0.0,DAUC < 0.55,source::website_phishing,,0.0200714767488947,0.0200714767488947,0.0,True,near_perfect_baseline,0.0,,0.0,,False,abs_delta_mean
tabicl,website_phishing,joint_pca_10,test_time_variant,M3_joint_pca,TabArena_IID,classification,3,False,902,451,9,9,0,1.0,0.4974870109756609,0.0,DAUC < 0.55,source::website_phishing,,0.0200714767488947,0.0200714767488947,0.0,True,near_perfect_baseline,0.0,,0.0,,False,abs_delta_mean
tabicl,website_phishing,joint_pca_5,test_time_variant,M3_joint_pca,TabArena_IID,classification,3,False,902,451,9,9,0,1.0,0.4974870109756609,0.0,DAUC < 0.55,source::website_phishing,,0.0200714767488947,0.0200714767488947,0.0,True,near_perfect_baseline,0.0,,0.0,,False,abs_delta_mean
tabicl,website_phishing,joint_pca_var90,test_time_variant,M3_joint_pca,TabArena_IID,classification,3,False,902,451,9,9,0,1.0,0.4974870109756609,0.0,DAUC < 0.55,source::website_phishing,,0.0200714767488947,0.0200714767488947,0.0,True,near_perfect_baseline,0.0,,0.0,,False,abs_delta_mean
tabicl,website_phishing,joint_pca_var95,test_time_variant,M3_joint_pca,TabArena_IID,classification,3,False,902,451,9,9,0,1.0,0.4974870109756609,0.0,DAUC < 0.55,source::website_phishing,,0.0200714767488947,0.020072609518562,-1.1327696672151315e-06,True,near_perfect_baseline,-0.0056436787456368,,-0.0055602085788922,,False,abs_delta_mean
tabicl,website_phishing,joint_scaling,test_time_variant,M5_joint_scaling,TabArena_IID,classification,3,False,902,451,9,9,0,1.0,0.4974870109756609,0.0,DAUC < 0.55,source::website_phishing,,0.0200714767488947,0.020078754809225,-7.278060330258758e-06,True,near_perfect_baseline,-0.0362607117618207,,-0.0392966762011167,,False,abs_delta_mean
tabicl,website_phishing,joint_tsne_2d_p30,test_time_variant,M3b_joint_tsne,TabArena_IID,classification,3,False,902,451,9,9,0,1.0,0.4974870109756609,0.0,DAUC < 0.55,source::website_phishing,,0.0200714767488947,0.0240413673077968,-0.003969890558902,True,near_perfect_baseline,-19.77876669747613,,-20.412008914381392,,False,abs_delta_mean
tabicl,website_phishing,joint_tsne_2d_p50,test_time_variant,M3b_joint_tsne,TabArena_IID,classification,3,False,902,451,9,9,0,1.0,0.4974870109756609,0.0,DAUC < 0.55,source::website_phishing,,0.0200714767488947,0.0232984109682953,-0.0032269342194005,True,near_perfect_baseline,-16.07721374850117,,-16.474692246366377,,False,abs_delta_mean
tabicl,website_phishing,joint_tsne_3d_p30,test_time_variant,M3b_joint_tsne,TabArena_IID,classification,3,False,902,451,9,9,0,1.0,0.4974870109756609,0.0,DAUC < 0.55,source::website_phishing,,0.0200714767488947,0.0248970835148643,-0.0048256067659695,True,near_perfect_baseline,-24.042111232474333,,-24.478074042097926,,False,abs_delta_mean
tabicl,website_phishing,label_prop_k10_a05,test_time_variant,M8_label_prop,TabArena_IID,classification,3,False,902,451,9,9,0,1.0,0.4974870109756609,0.0,DAUC < 0.55,source::website_phishing,,0.0200714767488947,0.0223458014163251,-0.0022743246674303,True,near_perfect_baseline,-11.331127728584372,,-11.670470513542565,,False,abs_delta_mean
tabicl,website_phishing,label_prop_k15_a05,test_time_variant,M8_label_prop,TabArena_IID,classification,3,False,902,451,9,9,0,1.0,0.4974870109756609,0.0,DAUC < 0.55,source::website_phishing,,0.0200714767488947,0.021142098114237,-0.0010706213653422,True,near_perfect_baseline,-5.334043821171163,,-5.615597106825656,,False,abs_delta_mean
tabicl,website_phishing,label_prop_k15_a08,test_time_variant,M8_label_prop,TabArena_IID,classification,3,False,902,451,9,9,0,1.0,0.4974870109756609,0.0,DAUC < 0.55,source::website_phishing,,0.0200714767488947,0.0214005193111374,-0.0013290425622426,True,near_perfect_baseline,-6.6215484733368575,,-7.036334764631292,,False,abs_delta_mean
tabicl,website_phishing,label_prop_v3_adaptive,test_time_variant,M8_label_prop,TabArena_IID,classification,3,False,902,451,9,9,0,1.0,0.4974870109756609,0.0,DAUC < 0.55,source::website_phishing,,0.0200714767488947,0.0248070828864588,-0.004735606137564,True,near_perfect_baseline,-23.59371060141269,,-24.60561572234708,,False,abs_delta_mean
tabicl,website_phishing,label_prop_v3_t005_k10,test_time_variant,M8_label_prop,TabArena_IID,classification,3,False,902,451,9,9,0,1.0,0.4974870109756609,0.0,DAUC < 0.55,source::website_phishing,,0.0200714767488947,0.0292819852965913,-0.0092105085476965,True,near_perfect_baseline,-45.88854453972195,,-46.48346629658974,,False,abs_delta_mean
tabicl,website_phishing,label_prop_v3_t005_k15,test_time_variant,M8_label_prop,TabArena_IID,classification,3,False,902,451,9,9,0,1.0,0.4974870109756609,0.0,DAUC < 0.55,source::website_phishing,,0.0200714767488947,0.0289701898953507,-0.0088987131464559,True,near_perfect_baseline,-44.33511922308352,,-45.78825937440168,,False,abs_delta_mean
tabicl,website_phishing,label_prop_v3_t01_k15,test_time_variant,M8_label_prop,TabArena_IID,classification,3,False,902,451,9,9,0,1.0,0.4974870109756609,0.0,DAUC < 0.55,source::website_phishing,,0.0200714767488947,0.0288252125743532,-0.0087537358254584,True,near_perfect_baseline,-43.61281401947885,,-45.108279824827214,,False,abs_delta_mean
tabicl,website_phishing,label_prop_weighted_adaptive_a05,test_time_variant,M8_label_prop,TabArena_IID,classification,3,False,902,451,9,9,0,1.0,0.4974870109756609,0.0,DAUC < 0.55,source::website_phishing,,0.0200714767488947,0.020891179335032,-0.0008197025861372,True,near_perfect_baseline,-4.083917672785797,,-4.541284760905832,,False,abs_delta_mean
tabicl,website_phishing,label_prop_weighted_k10_a05,test_time_variant,M8_label_prop,TabArena_IID,classification,3,False,902,451,9,9,0,1.0,0.4974870109756609,0.0,DAUC < 0.55,source::website_phishing,,0.0200714767488947,0.0255351916645956,-0.0054637149157008,True,near_perfect_baseline,-27.22129011260573,,-27.732167811755613,,False,abs_delta_mean
tabicl,website_phishing,label_prop_weighted_k15_a05,test_time_variant,M8_label_prop,TabArena_IID,classification,3,False,902,451,9,9,0,1.0,0.4974870109756609,0.0,DAUC < 0.55,source::website_phishing,,0.0200714767488947,0.0234409153344824,-0.0033694385855876,True,near_perfect_baseline,-16.787198210381547,,-17.00418835582933,,False,abs_delta_mean
tabicl,website_phishing,label_prop_weighted_k15_a08,test_time_variant,M8_label_prop,TabArena_IID,classification,3,False,902,451,9,9,0,1.0,0.4974870109756609,0.0,DAUC < 0.55,source::website_phishing,,0.0200714767488947,0.0244237606771739,-0.0043522839282791,True,near_perfect_baseline,-21.683924818929025,,-22.17616245776634,,False,abs_delta_mean
tabicl,website_phishing,leaf_density_conf,test_time_variant,M18_leaf_density,TabArena_IID,classification,3,False,902,451,9,9,0,1.0,0.4974870109756609,0.0,DAUC < 0.55,source::website_phishing,,0.0200714767488947,0.0200819841758669,-1.0507426972135766e-05,True,near_perfect_baseline,-0.0523500443120767,,-0.3144772487345291,,False,abs_delta_mean
tabicl,website_phishing,leaf_density_conf_cumshift,test_time_variant,M18_leaf_density,TabArena_IID,classification,3,False,902,451,9,9,0,1.0,0.4974870109756609,0.0,DAUC < 0.55,source::website_phishing,,0.0200714767488947,0.0210957279859636,-0.0010242512370688,True,near_perfect_baseline,-5.103018825584291,,-6.048675062373001,,False,abs_delta_mean
tabicl,website_phishing,leaf_density_conf_deep,test_time_variant,M18_leaf_density,TabArena_IID,classification,3,False,902,451,9,9,0,1.0,0.4974870109756609,0.0,DAUC < 0.55,source::website_phishing,,0.0200714767488947,0.0215560393755324,-0.0014845626266376,True,near_perfect_baseline,-7.396379674552014,,-7.832536731595465,,False,abs_delta_mean
tabicl,website_phishing,leaf_density_conf_shallow,test_time_variant,M18_leaf_density,TabArena_IID,classification,3,False,902,451,9,9,0,1.0,0.4974870109756609,0.0,DAUC < 0.55,source::website_phishing,,0.0200714767488947,0.0193438221220441,0.0007276546268506,True,near_perfect_baseline,3.6253168411770273,,3.659620848301927,,False,abs_delta_mean
tabicl,website_phishing,leaf_density_embed_k10,test_time_variant,M18_leaf_density,TabArena_IID,classification,3,False,902,451,9,9,0,1.0,0.4974870109756609,0.0,DAUC < 0.55,source::website_phishing,,0.0200714767488947,0.0205234917966329,-0.0004520150477381,True,near_perfect_baseline,-2.2520268607691056,,-2.600850549690357,,False,abs_delta_mean
tabicl,website_phishing,leaf_density_embed_k10_cumshift,test_time_variant,M18_leaf_density,TabArena_IID,classification,3,False,902,451,9,9,0,1.0,0.4974870109756609,0.0,DAUC < 0.55,source::website_phishing,,0.0200714767488947,0.0200001124999685,7.136424892624967e-05,True,near_perfect_baseline,0.3555505647096024,,-0.2452089219005183,,False,abs_delta_mean
tabicl,website_phishing,leaf_density_embed_k20,test_time_variant,M18_leaf_density,TabArena_IID,classification,3,False,902,451,9,9,0,1.0,0.4974870109756609,0.0,DAUC < 0.55,source::website_phishing,,0.0200714767488947,0.0245985183554301,-0.0045270416065353,True,near_perfect_baseline,-22.5546015530953,,-23.67207692507341,,False,abs_delta_mean
tabicl,website_phishing,leaf_density_embed_k5,test_time_variant,M18_leaf_density,TabArena_IID,classification,3,False,902,451,9,9,0,1.0,0.4974870109756609,0.0,DAUC < 0.55,source::website_phishing,,0.0200714767488947,0.0192486375091194,0.0008228392397753,True,near_perfect_baseline,4.099545091123595,,3.553936914171451,,False,abs_delta_mean
tabicl,website_phishing,nearest_test_k10_both,test_time_variant,M16_nearest_test_dist,TabArena_IID,classification,3,False,902,451,9,9,0,1.0,0.4974870109756609,0.0,DAUC < 0.55,source::website_phishing,,0.0200714767488947,0.025353025922202,-0.0052815491733072,True,near_perfect_baseline,-26.31370496243151,,-26.881468325910305,,False,abs_delta_mean
tabicl,website_phishing,nearest_test_k10_cumshift_both,test_time_variant,M16_nearest_test_dist,TabArena_IID,classification,3,False,902,451,9,9,0,1.0,0.4974870109756609,0.0,DAUC < 0.55,source::website_phishing,,0.0200714767488947,0.0274424884862497,-0.0073710117373549,True,near_perfect_baseline,-36.72381374609533,,-37.95258851713732,,False,abs_delta_mean
tabicl,website_phishing,nearest_test_k10_filter_both,test_time_variant,M16_nearest_test_dist,TabArena_IID,classification,3,False,902,451,9,9,0,1.0,0.4974870109756609,0.0,DAUC < 0.55,source::website_phishing,,0.0200714767488947,0.0253518931525349,-0.0052804164036401,True,near_perfect_baseline,-26.3080612836866,,-26.87590811733214,,False,abs_delta_mean
tabicl,website_phishing,nearest_test_k5_both,test_time_variant,M16_nearest_test_dist,TabArena_IID,classification,3,False,902,451,9,9,0,1.0,0.4974870109756609,0.0,DAUC < 0.55,source::website_phishing,,0.0200714767488947,0.0275502513614795,-0.0074787746125847,True,near_perfect_baseline,-37.26070934465033,,-37.81887918334038,,False,abs_delta_mean
tabicl,website_phishing,nearest_test_rel_k10_both,test_time_variant,M16_nearest_test_dist,TabArena_IID,classification,3,False,902,451,9,9,0,1.0,0.4974870109756609,0.0,DAUC < 0.55,source::website_phishing,,0.0200714767488947,0.028890535342107,-0.0088190585932122,True,near_perfect_baseline,-43.93826475023984,,-45.39967824158623,,False,abs_delta_mean
tabicl,website_phishing,nearest_test_rel_k10_cumshift_both,test_time_variant,M16_nearest_test_dist,TabArena_IID,classification,3,False,902,451,9,9,0,1.0,0.4974870109756609,0.0,DAUC < 0.55,source::website_phishing,,0.0200714767488947,0.0241312475176344,-0.0040597707687396,True,near_perfect_baseline,-20.226567379817684,,-20.314410864558152,,False,abs_delta_mean
tabicl,website_phishing,nearest_test_rel_k5_both,test_time_variant,M16_nearest_test_dist,TabArena_IID,classification,3,False,902,451,9,9,0,1.0,0.4974870109756609,0.0,DAUC < 0.55,source::website_phishing,,0.0200714767488947,0.0246501507240535,-0.0045786739751587,True,near_perfect_baseline,-22.81184405333246,,-23.371956814399027,,False,abs_delta_mean
tabicl,website_phishing,neighbor_consensus_k10_dist,test_time_variant,M19_neighbor_consensus,TabArena_IID,classification,3,False,902,451,9,9,0,1.0,0.4974870109756609,0.0,DAUC < 0.55,source::website_phishing,,0.0200714767488947,0.0295889799261126,-0.0095175031772178,True,near_perfect_baseline,-47.41805147815983,,-49.35679128948117,,False,abs_delta_mean
tabicl,website_phishing,neighbor_consensus_k10_dist_cumshift,test_time_variant,M19_neighbor_consensus,TabArena_IID,classification,3,False,902,451,9,9,0,1.0,0.4974870109756609,0.0,DAUC < 0.55,source::website_phishing,,0.0200714767488947,0.026533465939837,-0.0064619891909422,True,near_perfect_baseline,-32.19488666322522,,-33.12293047382744,,False,abs_delta_mean
tabicl,website_phishing,neighbor_consensus_k10_uniform,test_time_variant,M19_neighbor_consensus,TabArena_IID,classification,3,False,902,451,9,9,0,1.0,0.4974870109756609,0.0,DAUC < 0.55,source::website_phishing,,0.0200714767488947,0.0289055667653234,-0.0088340900164286,True,near_perfect_baseline,-44.01315422351832,,-45.4998701725197,,False,abs_delta_mean
tabicl,website_phishing,neighbor_consensus_k20_dist,test_time_variant,M19_neighbor_consensus,TabArena_IID,classification,3,False,902,451,9,9,0,1.0,0.4974870109756609,0.0,DAUC < 0.55,source::website_phishing,,0.0200714767488947,0.0259313216286173,-0.0058598448797225,True,near_perfect_baseline,-29.19488661961657,,-30.704878675390347,,False,abs_delta_mean
tabicl,website_phishing,neighbor_consensus_k5_dist,test_time_variant,M19_neighbor_consensus,TabArena_IID,classification,3,False,902,451,9,9,0,1.0,0.4974870109756609,0.0,DAUC < 0.55,source::website_phishing,,0.0200714767488947,0.0291523456994737,-0.0090808689505789,True,near_perfect_baseline,-45.242654858860895,,-46.678994348134175,,False,abs_delta_mean
tabicl,website_phishing,neighbor_consensus_k5_dist_cumshift,test_time_variant,M19_neighbor_consensus,TabArena_IID,classification,3,False,902,451,9,9,0,1.0,0.4974870109756609,0.0,DAUC < 0.55,source::website_phishing,,0.0200714767488947,0.0279571825313491,-0.0078857057824544,True,near_perfect_baseline,-39.288119559457,,-39.58336009878895,,False,abs_delta_mean
tabicl,website_phishing,ot_disp_v2_selective,test_time_variant,M9_ot_displacement,TabArena_IID,classification,3,False,902,451,9,9,0,1.0,0.4974870109756609,0.0,DAUC < 0.55,source::website_phishing,,0.0200714767488947,0.0200714767488947,0.0,True,near_perfect_baseline,0.0,,0.0,,False,abs_delta_mean
tabicl,website_phishing,ot_disp_v2_selective_abs,test_time_variant,M9_ot_displacement,TabArena_IID,classification,3,False,902,451,9,9,0,1.0,0.4974870109756609,0.0,DAUC < 0.55,source::website_phishing,,0.0200714767488947,0.0200714767488947,0.0,True,near_perfect_baseline,0.0,,0.0,,False,abs_delta_mean
tabicl,website_phishing,ot_disp_v2_selective_and_summary,test_time_variant,M9_ot_displacement,TabArena_IID,classification,3,False,902,451,9,9,0,1.0,0.4974870109756609,0.0,DAUC < 0.55,source::website_phishing,,0.0200714767488947,0.0200714767488947,0.0,True,near_perfect_baseline,0.0,,0.0,,False,abs_delta_mean
tabicl,website_phishing,ot_disp_v2_selective_and_summary_abs,test_time_variant,M9_ot_displacement,TabArena_IID,classification,3,False,902,451,9,9,0,1.0,0.4974870109756609,0.0,DAUC < 0.55,source::website_phishing,,0.0200714767488947,0.0200714767488947,0.0,True,near_perfect_baseline,0.0,,0.0,,False,abs_delta_mean
tabicl,website_phishing,ot_disp_v2_selective_and_summary_top10,test_time_variant,M9_ot_displacement,TabArena_IID,classification,3,False,902,451,9,9,0,1.0,0.4974870109756609,0.0,DAUC < 0.55,source::website_phishing,,0.0200714767488947,0.0200714767488947,0.0,True,near_perfect_baseline,0.0,,0.0,,False,abs_delta_mean
tabicl,website_phishing,ot_disp_v2_selective_top10,test_time_variant,M9_ot_displacement,TabArena_IID,classification,3,False,902,451,9,9,0,1.0,0.4974870109756609,0.0,DAUC < 0.55,source::website_phishing,,0.0200714767488947,0.0200714767488947,0.0,True,near_perfect_baseline,0.0,,0.0,,False,abs_delta_mean
tabicl,website_phishing,ot_disp_v2_summary_only,test_time_variant,M9_ot_displacement,TabArena_IID,classification,3,False,902,451,9,9,0,1.0,0.4974870109756609,0.0,DAUC < 0.55,source::website_phishing,,0.0200714767488947,0.0200703419893957,1.1347594990699743e-06,True,near_perfect_baseline,0.0056535924748716,,0.0053223031557182,,False,abs_delta_mean
tabicl,website_phishing,ot_displacement_mag,test_time_variant,M9_ot_displacement,TabArena_IID,classification,3,False,902,451,9,9,0,1.0,0.4974870109756609,0.0,DAUC < 0.55,source::website_phishing,,0.0200714767488947,0.0200703419893957,1.1347594990699743e-06,True,near_perfect_baseline,0.0056535924748716,,0.0053223031557182,,False,abs_delta_mean
tabicl,website_phishing,ot_displacement_no_mag,test_time_variant,M9_ot_displacement,TabArena_IID,classification,3,False,902,451,9,9,0,1.0,0.4974870109756609,0.0,DAUC < 0.55,source::website_phishing,,0.0200714767488947,0.0200714767488947,0.0,True,near_perfect_baseline,0.0,,0.0,,False,abs_delta_mean
tabicl,website_phishing,pca_train_only_10,train_only_version,baselines,TabArena_IID,classification,3,False,902,451,9,9,0,1.0,0.4974870109756609,0.0,DAUC < 0.55,source::website_phishing,,0.0200714767488947,0.0200714747590629,1.989831854842805e-09,True,near_perfect_baseline,9.913729217519444e-06,,-0.000237905423174,,False,abs_delta_mean
tabicl,website_phishing,pca_train_only_5,train_only_version,baselines,TabArena_IID,classification,3,False,902,451,9,9,0,1.0,0.4974870109756609,0.0,DAUC < 0.55,source::website_phishing,,0.0200714767488947,0.020072609518562,-1.1327696672151315e-06,True,near_perfect_baseline,-0.0056436787456368,,-0.0055602085788922,,False,abs_delta_mean
tabicl,website_phishing,pca_train_only_var90,train_only_version,baselines,TabArena_IID,classification,3,False,902,451,9,9,0,1.0,0.4974870109756609,0.0,DAUC < 0.55,source::website_phishing,,0.0200714767488947,0.0200714767488947,0.0,True,near_perfect_baseline,0.0,,0.0,,False,abs_delta_mean
tabicl,website_phishing,pca_train_only_var95,train_only_version,baselines,TabArena_IID,classification,3,False,902,451,9,9,0,1.0,0.4974870109756609,0.0,DAUC < 0.55,source::website_phishing,,0.0200714767488947,0.020078754809225,-7.278060330258758e-06,True,near_perfect_baseline,-0.0362607117618207,,-0.0392966762011167,,False,abs_delta_mean
tabicl,website_phishing,pseudo_label_lgbm_conf80_iter5,test_time_variant,M7_pseudo_label,TabArena_IID,classification,3,False,902,451,9,9,0,1.0,0.4974870109756609,0.0,DAUC < 0.55,source::website_phishing,,0.0200714767488947,0.0213378128427078,-0.001266336093813,True,near_perfect_baseline,-6.309132654540695,,-6.523166345652562,,False,abs_delta_mean
tabicl,website_phishing,pseudo_label_lgbm_conf90_iter1,test_time_variant,M7_pseudo_label,TabArena_IID,classification,3,False,902,451,9,9,0,1.0,0.4974870109756609,0.0,DAUC < 0.55,source::website_phishing,,0.0200714767488947,0.0200909184623653,-1.9441713470532324e-05,True,near_perfect_baseline,-0.0968623968916572,,-0.478620384473563,,False,abs_delta_mean
tabicl,website_phishing,pseudo_label_lgbm_conf90_iter3,test_time_variant,M7_pseudo_label,TabArena_IID,classification,3,False,902,451,9,9,0,1.0,0.4974870109756609,0.0,DAUC < 0.55,source::website_phishing,,0.0200714767488947,0.0205035796093188,-0.000432102860424,True,near_perfect_baseline,-2.152820471706688,,-2.4890119181787127,,False,abs_delta_mean
tabicl,website_phishing,pseudo_label_lgbm_conf95_iter3,test_time_variant,M7_pseudo_label,TabArena_IID,classification,3,False,902,451,9,9,0,1.0,0.4974870109756609,0.0,DAUC < 0.55,source::website_phishing,,0.0200714767488947,0.0202323055239485,-0.0001608287750537,True,near_perfect_baseline,-0.8012802299790968,,-1.1639307228571087,,False,abs_delta_mean
tabicl,website_phishing,pseudo_label_v2_cal_iso_wfixed_conf90,test_time_variant,M7_pseudo_label,TabArena_IID,classification,3,False,902,451,9,9,0,1.0,0.4974870109756609,0.0,DAUC < 0.55,source::website_phishing,,0.0200714767488947,0.0196174593291353,0.0004540174197594,True,near_perfect_baseline,2.26200306753452,,2.317663882146334,,False,abs_delta_mean
tabicl,website_phishing,pseudo_label_v2_cal_iso_wprop_conf85,test_time_variant,M7_pseudo_label,TabArena_IID,classification,3,False,902,451,9,9,0,1.0,0.4974870109756609,0.0,DAUC < 0.55,source::website_phishing,,0.0200714767488947,0.0204143730892145,-0.0003428963403197,True,near_perfect_baseline,-1.7083762426131104,,-1.974450937557632,,False,abs_delta_mean
tabicl,website_phishing,pseudo_label_v2_cal_iso_wprop_conf90,test_time_variant,M7_pseudo_label,TabArena_IID,classification,3,False,902,451,9,9,0,1.0,0.4974870109756609,0.0,DAUC < 0.55,source::website_phishing,,0.0200714767488947,0.0196272787609977,0.000444197987897,True,near_perfect_baseline,2.213080748637308,,2.2716083142204035,,False,abs_delta_mean
tabicl,website_phishing,pseudo_label_v2_cal_iso_wquad_conf90,test_time_variant,M7_pseudo_label,TabArena_IID,classification,3,False,902,451,9,9,0,1.0,0.4974870109756609,0.0,DAUC < 0.55,source::website_phishing,,0.0200714767488947,0.0196174593291353,0.0004540174197594,True,near_perfect_baseline,2.26200306753452,,2.317663882146334,,False,abs_delta_mean
tabicl,website_phishing,pseudo_label_v2_cal_platt_wprop_conf90,test_time_variant,M7_pseudo_label,TabArena_IID,classification,3,False,902,451,9,9,0,1.0,0.4974870109756609,0.0,DAUC < 0.55,source::website_phishing,,0.0200714767488947,0.0210891072275733,-0.0010176304786785,True,near_perfect_baseline,-5.070032919897645,,-5.321063742553911,,False,abs_delta_mean
tabicl,website_phishing,target_enc_absolute,test_time_variant,M4_target_encoding,TabArena_IID,classification,3,False,902,451,9,9,0,1.0,0.4974870109756609,0.0,DAUC < 0.55,source::website_phishing,,0.0200714767488947,0.0203709473052112,-0.0002994705563164,True,near_perfect_baseline,-1.492020542698213,,-1.499640602091797,,False,abs_delta_mean
tabicl,website_phishing,target_enc_diff,test_time_variant,M4_target_encoding,TabArena_IID,classification,3,False,902,451,9,9,0,1.0,0.4974870109756609,0.0,DAUC < 0.55,source::website_phishing,,0.0200714767488947,0.0204098173767154,-0.0003383406278206,True,near_perfect_baseline,-1.6856787970983198,,-1.6910036172543046,,False,abs_delta_mean
tabicl,website_phishing,target_enc_inv_ratio,test_time_variant,M4_target_encoding,TabArena_IID,classification,3,False,902,451,9,9,0,1.0,0.4974870109756609,0.0,DAUC < 0.55,source::website_phishing,,0.0200714767488947,0.0204207844222272,-0.0003493076733324,True,near_perfect_baseline,-1.7403187503466466,,-1.746192351099315,,False,abs_delta_mean
tabicl,website_phishing,target_enc_oof_absolute,test_time_variant,M4_target_encoding,TabArena_IID,classification,3,False,902,451,9,9,0,1.0,0.4974870109756609,0.0,DAUC < 0.55,source::website_phishing,,0.0200714767488947,0.0216069279198902,-0.0015354511709954,True,near_perfect_baseline,-7.649916297663314,,-7.854628917746775,,False,abs_delta_mean
tabicl,website_phishing,target_enc_oof_diff,test_time_variant,M4_target_encoding,TabArena_IID,classification,3,False,902,451,9,9,0,1.0,0.4974870109756609,0.0,DAUC < 0.55,source::website_phishing,,0.0200714767488947,0.0213386470091944,-0.0012671702602996,True,near_perfect_baseline,-6.313288634177808,,-6.430244592400039,,False,abs_delta_mean
tabicl,website_phishing,target_enc_oof_inv_ratio,test_time_variant,M4_target_encoding,TabArena_IID,classification,3,False,902,451,9,9,0,1.0,0.4974870109756609,0.0,DAUC < 0.55,source::website_phishing,,0.0200714767488947,0.0214249287898231,-0.0013534520409283,True,near_perfect_baseline,-6.743161242497287,,-6.871445927663532,,False,abs_delta_mean
tabicl,website_phishing,target_enc_oof_ratio,test_time_variant,M4_target_encoding,TabArena_IID,classification,3,False,902,451,9,9,0,1.0,0.4974870109756609,0.0,DAUC < 0.55,source::website_phishing,,0.0200714767488947,0.021250587581961,-0.0011791108330662,True,near_perfect_baseline,-5.874559444816183,,-6.062429925024877,,False,abs_delta_mean
tabicl,website_phishing,target_enc_oof_ratio_cap5,test_time_variant,M4_target_encoding,TabArena_IID,classification,3,False,902,451,9,9,0,1.0,0.4974870109756609,0.0,DAUC < 0.55,source::website_phishing,,0.0200714767488947,0.0212363531190847,-0.0011648763701899,True,near_perfect_baseline,-5.803640582918896,,-5.9951807343390895,,False,abs_delta_mean
tabicl,website_phishing,target_enc_ratio,test_time_variant,M4_target_encoding,TabArena_IID,classification,3,False,902,451,9,9,0,1.0,0.4974870109756609,0.0,DAUC < 0.55,source::website_phishing,,0.0200714767488947,0.0203988553812575,-0.0003273786323627,True,near_perfect_baseline,-1.6310640042010056,,-1.6403275500233203,,False,abs_delta_mean
tabicl,website_phishing,target_enc_ratio__sel_combined_intersection,test_time_variant,selective,TabArena_IID,classification,3,False,902,451,9,9,0,1.0,0.4974870109756609,0.0,DAUC < 0.55,source::website_phishing,,0.0200714767488947,0.0194880142514895,0.0005834624974052,True,near_perfect_baseline,2.906923614563588,,2.875547000763461,,False,abs_delta_mean
tabicl,website_phishing,target_enc_ratio__sel_combined_union,test_time_variant,selective,TabArena_IID,classification,3,False,902,451,9,9,0,1.0,0.4974870109756609,0.0,DAUC < 0.55,source::website_phishing,,0.0200714767488947,0.0199027069376592,0.0001687698112355,True,near_perfect_baseline,0.8408440163469791,,0.7994428558768468,,False,abs_delta_mean
tabicl,website_phishing,target_enc_ratio_cap5,test_time_variant,M4_target_encoding,TabArena_IID,classification,3,False,902,451,9,9,0,1.0,0.4974870109756609,0.0,DAUC < 0.55,source::website_phishing,,0.0200714767488947,0.0203999901407566,-0.0003285133918618,True,near_perfect_baseline,-1.6367175966758771,,-1.645649853179039,,False,abs_delta_mean
tabicl,website_phishing,target_enc_standard_m10,train_only_version,baselines,TabArena_IID,classification,3,False,902,451,9,9,0,1.0,0.4974870109756609,0.0,DAUC < 0.55,source::website_phishing,,0.0200714767488947,0.0204032528540218,-0.000331776105127,True,near_perfect_baseline,-1.652973068587456,,-1.6602143796434714,,False,abs_delta_mean
tabicl,website_phishing,target_enc_standard_m20,train_only_version,baselines,TabArena_IID,classification,3,False,902,451,9,9,0,1.0,0.4974870109756609,0.0,DAUC < 0.55,source::website_phishing,,0.0200714767488947,0.0204453792071622,-0.0003739024582674,True,near_perfect_baseline,-1.8628547512728173,,-1.852755733190916,,False,abs_delta_mean
tabicl,website_phishing,target_enc_standard_m5,train_only_version,baselines,TabArena_IID,classification,3,False,902,451,9,9,0,1.0,0.4974870109756609,0.0,DAUC < 0.55,source::website_phishing,,0.0200714767488947,0.0203869820421298,-0.000315505293235,True,near_perfect_baseline,-1.5719087199324753,,-1.5782070216536486,,False,abs_delta_mean
tabicl,website_phishing,targeted_groupby_top3,test_time_variant,M14_groupby,TabArena_IID,classification,3,False,902,451,9,9,0,1.0,0.4974870109756609,0.0,DAUC < 0.55,source::website_phishing,,0.0200714767488947,0.0200714767488947,0.0,True,near_perfect_baseline,0.0,,0.0,,False,abs_delta_mean
tabicl,website_phishing,targeted_groupby_top3_shifted_agg,test_time_variant,M14_groupby,TabArena_IID,classification,3,False,902,451,9,9,0,1.0,0.4974870109756609,0.0,DAUC < 0.55,source::website_phishing,,0.0200714767488947,0.0200714767488947,0.0,True,near_perfect_baseline,0.0,,0.0,,False,abs_delta_mean
tabicl,website_phishing,targeted_groupby_top5,test_time_variant,M14_groupby,TabArena_IID,classification,3,False,902,451,9,9,0,1.0,0.4974870109756609,0.0,DAUC < 0.55,source::website_phishing,,0.0200714767488947,0.0200714767488947,0.0,True,near_perfect_baseline,0.0,,0.0,,False,abs_delta_mean
tabicl,website_phishing,targeted_groupby_top5_shifted_agg,test_time_variant,M14_groupby,TabArena_IID,classification,3,False,902,451,9,9,0,1.0,0.4974870109756609,0.0,DAUC < 0.55,source::website_phishing,,0.0200714767488947,0.0200714767488947,0.0,True,near_perfect_baseline,0.0,,0.0,,False,abs_delta_mean
tabicl,website_phishing,tdda_k10_lam07_aug1,test_time_variant,M17_tdda,TabArena_IID,classification,3,False,902,451,9,9,0,1.0,0.4974870109756609,0.0,DAUC < 0.55,source::website_phishing,,0.0200714767488947,0.0219148169947281,-0.0018433402458333,True,near_perfect_baseline,-9.18387953659114,,-9.262106862541517,,False,abs_delta_mean
tabicl,website_phishing,tdda_k5_lam06_aug1,test_time_variant,M17_tdda,TabArena_IID,classification,3,False,902,451,9,9,0,1.0,0.4974870109756609,0.0,DAUC < 0.55,source::website_phishing,,0.0200714767488947,0.0219170438515109,-0.0018455671026161,True,near_perfect_baseline,-9.194974170088262,,-9.2730374060984,,False,abs_delta_mean
tabicl,website_phishing,tdda_k5_lam07_aug1,test_time_variant,M17_tdda,TabArena_IID,classification,3,False,902,451,9,9,0,1.0,0.4974870109756609,0.0,DAUC < 0.55,source::website_phishing,,0.0200714767488947,0.0219170438515109,-0.0018455671026161,True,near_perfect_baseline,-9.194974170088262,,-9.2730374060984,,False,abs_delta_mean
tabicl,website_phishing,tdda_k5_lam07_aug1_cumshift,test_time_variant,M17_tdda,TabArena_IID,classification,3,False,902,451,9,9,0,1.0,0.4974870109756609,0.0,DAUC < 0.55,source::website_phishing,,0.0200714767488947,0.0219170438515109,-0.0018455671026161,True,near_perfect_baseline,-9.194974170088262,,-9.2730374060984,,False,abs_delta_mean
tabicl,website_phishing,tdda_k5_lam07_aug2,test_time_variant,M17_tdda,TabArena_IID,classification,3,False,902,451,9,9,0,1.0,0.4974870109756609,0.0,DAUC < 0.55,source::website_phishing,,0.0200714767488947,0.026965450605429,-0.0068939738565342,True,near_perfect_baseline,-34.347118265295904,,-34.25056703060934,,False,abs_delta_mean
tabicl,website_phishing,tdda_k5_lam08_aug1,test_time_variant,M17_tdda,TabArena_IID,classification,3,False,902,451,9,9,0,1.0,0.4974870109756609,0.0,DAUC < 0.55,source::website_phishing,,0.0200714767488947,0.0219170438515109,-0.0018455671026161,True,near_perfect_baseline,-9.194974170088262,,-9.2730374060984,,False,abs_delta_mean
tabicl,website_phishing,tdda_v2_k10_lam07_pfl_dw,test_time_variant,M17_tdda,TabArena_IID,classification,3,False,902,451,9,9,0,1.0,0.4974870109756609,0.0,DAUC < 0.55,source::website_phishing,,0.0200714767488947,0.0219170438515109,-0.0018455671026161,True,near_perfect_baseline,-9.194974170088262,,-9.2730374060984,,False,abs_delta_mean
tabicl,website_phishing,tdda_v2_k5_lam06_pfl_dw,test_time_variant,M17_tdda,TabArena_IID,classification,3,False,902,451,9,9,0,1.0,0.4974870109756609,0.0,DAUC < 0.55,source::website_phishing,,0.0200714767488947,0.0219170438515109,-0.0018455671026161,True,near_perfect_baseline,-9.194974170088262,,-9.2730374060984,,False,abs_delta_mean
tabicl,website_phishing,tdda_v2_k5_lam07_nopfl_dw,test_time_variant,M17_tdda,TabArena_IID,classification,3,False,902,451,9,9,0,1.0,0.4974870109756609,0.0,DAUC < 0.55,source::website_phishing,,0.0200714767488947,0.0219148169947281,-0.0018433402458333,True,near_perfect_baseline,-9.18387953659114,,-9.262106862541517,,False,abs_delta_mean
tabicl,website_phishing,tdda_v2_k5_lam07_pfl_dw,test_time_variant,M17_tdda,TabArena_IID,classification,3,False,902,451,9,9,0,1.0,0.4974870109756609,0.0,DAUC < 0.55,source::website_phishing,,0.0200714767488947,0.0219148169947281,-0.0018433402458333,True,near_perfect_baseline,-9.18387953659114,,-9.262106862541517,,False,abs_delta_mean
tabicl,website_phishing,tdda_v2_k5_lam07_pfl_dw_cumshift,test_time_variant,M17_tdda,TabArena_IID,classification,3,False,902,451,9,9,0,1.0,0.4974870109756609,0.0,DAUC < 0.55,source::website_phishing,,0.0200714767488947,0.0219170438515109,-0.0018455671026161,True,near_perfect_baseline,-9.194974170088262,,-9.2730374060984,,False,abs_delta_mean
tabicl,website_phishing,tdda_v2_k5_lam07_pfl_nodw,test_time_variant,M17_tdda,TabArena_IID,classification,3,False,902,451,9,9,0,1.0,0.4974870109756609,0.0,DAUC < 0.55,source::website_phishing,,0.0200714767488947,0.0219170438515109,-0.0018455671026161,True,near_perfect_baseline,-9.194974170088262,,-9.2730374060984,,False,abs_delta_mean
tabicl,website_phishing,train_only_scaling,train_only_version,baselines,TabArena_IID,classification,3,False,902,451,9,9,0,1.0,0.4974870109756609,0.0,DAUC < 0.55,source::website_phishing,,0.0200714767488947,0.0200714767488947,0.0,True,near_perfect_baseline,0.0,,0.0,,False,abs_delta_mean
tabpfn,NATICUSdroid,adversarial_lgbm_both_ratio,test_time_variant,M6_adversarial,TabArena_IID,classification,3,False,4994,2497,86,86,0,1.0,0.4909448935914827,0.0,DAUC < 0.55,source::NATICUSdroid,,0.0150456938233939,0.0155083484657519,-0.000462654642358,True,near_perfect_baseline,-3.0749970575545222,,-3.0506357528956265,,False,abs_delta_mean
tabpfn,NATICUSdroid,adversarial_lgbm_cal_iso_both_ratio,test_time_variant,M6_adversarial,TabArena_IID,classification,3,False,4994,2497,86,86,0,1.0,0.4909448935914827,0.0,DAUC < 0.55,source::NATICUSdroid,,0.0150456938233939,0.0154148335330848,-0.0003691397096909,True,near_perfect_baseline,-2.4534575409008794,,-2.418449027222856,,False,abs_delta_mean
tabpfn,NATICUSdroid,adversarial_lgbm_cal_iso_feature,test_time_variant,M6_adversarial,TabArena_IID,classification,3,False,4994,2497,86,86,0,1.0,0.4909448935914827,0.0,DAUC < 0.55,source::NATICUSdroid,,0.0150456938233939,0.0154061399056551,-0.0003604460822611,True,near_perfect_baseline,-2.395676041876847,,-2.36076793441484,,False,abs_delta_mean
tabpfn,NATICUSdroid,adversarial_lgbm_cal_platt_feature,test_time_variant,M6_adversarial,TabArena_IID,classification,3,False,4994,2497,86,86,0,1.0,0.4909448935914827,0.0,DAUC < 0.55,source::NATICUSdroid,,0.0150456938233939,0.0158769706757599,-0.000831276852366,True,near_perfect_baseline,-5.525015078224588,,-5.502873444172771,,False,abs_delta_mean
tabpfn,NATICUSdroid,adversarial_lgbm_feature,test_time_variant,M6_adversarial,TabArena_IID,classification,3,False,4994,2497,86,86,0,1.0,0.4909448935914827,0.0,DAUC < 0.55,source::NATICUSdroid,,0.0150456938233939,0.0155015380996903,-0.0004558442762964,True,near_perfect_baseline,-3.029732504509959,,-3.0029918195193503,,False,abs_delta_mean
tabpfn,NATICUSdroid,adversarial_logreg_feature,test_time_variant,M6_adversarial,TabArena_IID,classification,3,False,4994,2497,86,86,0,1.0,0.4909448935914827,0.0,DAUC < 0.55,source::NATICUSdroid,,0.0150456938233939,0.0155036071208776,-0.0004579132974836,True,near_perfect_baseline,-3.043484088262451,,-3.008720345013622,,False,abs_delta_mean
tabpfn,NATICUSdroid,adversarial_rf_feature,test_time_variant,M6_adversarial,TabArena_IID,classification,3,False,4994,2497,86,86,0,1.0,0.4909448935914827,0.0,DAUC < 0.55,source::NATICUSdroid,,0.0150456938233939,0.015510332873931,-0.0004646390505371,True,near_perfect_baseline,-3.088186267719017,,-3.096614291382521,,False,abs_delta_mean
tabpfn,NATICUSdroid,cluster_membership_k10_both,test_time_variant,M20_cluster_membership,TabArena_IID,classification,3,False,4994,2497,86,86,0,1.0,0.4909448935914827,0.0,DAUC < 0.55,source::NATICUSdroid,,0.0150456938233939,0.0155438462741243,-0.0004981524507304,True,near_perfect_baseline,-3.3109304002710003,,-3.340531892207008,,False,abs_delta_mean
tabpfn,NATICUSdroid,cluster_membership_k10_both_cumshift,test_time_variant,M20_cluster_membership,TabArena_IID,classification,3,False,4994,2497,86,86,0,1.0,0.4909448935914827,0.0,DAUC < 0.55,source::NATICUSdroid,,0.0150456938233939,0.0155656939982291,-0.0005200001748352,True,near_perfect_baseline,-3.4561395502195564,,-3.413423396081837,,False,abs_delta_mean
tabpfn,NATICUSdroid,cluster_membership_k10_feature,test_time_variant,M20_cluster_membership,TabArena_IID,classification,3,False,4994,2497,86,86,0,1.0,0.4909448935914827,0.0,DAUC < 0.55,source::NATICUSdroid,,0.0150456938233939,0.0155602924556188,-0.0005145986322249,True,near_perfect_baseline,-3.4202386295062333,,-3.4545369082959425,,False,abs_delta_mean
tabpfn,NATICUSdroid,cluster_membership_k10_feature_cumshift,test_time_variant,M20_cluster_membership,TabArena_IID,classification,3,False,4994,2497,86,86,0,1.0,0.4909448935914827,0.0,DAUC < 0.55,source::NATICUSdroid,,0.0150456938233939,0.0155342076720956,-0.0004885138487016,True,near_perfect_baseline,-3.2468682031937863,,-3.200054368060416,,False,abs_delta_mean
tabpfn,NATICUSdroid,cluster_membership_k10_weight,test_time_variant,M20_cluster_membership,TabArena_IID,classification,3,False,4994,2497,86,86,0,1.0,0.4909448935914827,0.0,DAUC < 0.55,source::NATICUSdroid,,0.0150456938233939,0.0155852290044703,-0.0005395351810764,True,near_perfect_baseline,-3.5859774059574887,,-3.5299335990015863,,False,abs_delta_mean
tabpfn,NATICUSdroid,cluster_membership_k15_both,test_time_variant,M20_cluster_membership,TabArena_IID,classification,3,False,4994,2497,86,86,0,1.0,0.4909448935914827,0.0,DAUC < 0.55,source::NATICUSdroid,,0.0150456938233939,0.0155504448102132,-0.0005047509868193,True,near_perfect_baseline,-3.354787042353142,,-3.410632945507928,,False,abs_delta_mean
tabpfn,NATICUSdroid,cluster_membership_k5_both,test_time_variant,M20_cluster_membership,TabArena_IID,classification,3,False,4994,2497,86,86,0,1.0,0.4909448935914827,0.0,DAUC < 0.55,source::NATICUSdroid,,0.0150456938233939,0.0155085355635679,-0.0004628417401739,True,near_perfect_baseline,-3.0762405882161152,,-3.2164688351039974,,False,abs_delta_mean
tabpfn,NATICUSdroid,cluster_membership_k5_feature,test_time_variant,M20_cluster_membership,TabArena_IID,classification,3,False,4994,2497,86,86,0,1.0,0.4909448935914827,0.0,DAUC < 0.55,source::NATICUSdroid,,0.0150456938233939,0.0155384882024113,-0.0004927943790174,True,near_perfect_baseline,-3.275318405397844,,-3.412989351427552,,False,abs_delta_mean
tabpfn,NATICUSdroid,freq_enc_train_only,train_only_version,baselines,TabArena_IID,classification,3,False,4994,2497,86,86,0,1.0,0.4909448935914827,0.0,DAUC < 0.55,source::NATICUSdroid,,0.0150456938233939,0.0158144801643686,-0.0007687863409746,True,near_perfect_baseline,-5.1096768949222025,,-5.059527357468319,,False,abs_delta_mean
tabpfn,NATICUSdroid,freq_ratio_log,test_time_variant,M2_freq_ratio,TabArena_IID,classification,3,False,4994,2497,86,86,0,1.0,0.4909448935914827,0.0,DAUC < 0.55,source::NATICUSdroid,,0.0150456938233939,0.0156632006836052,-0.0006175068602112,True,near_perfect_baseline,-4.1042099318222345,,-4.035842638865133,,False,abs_delta_mean
tabpfn,NATICUSdroid,freq_ratio_log__sel_combined_intersection,test_time_variant,selective,TabArena_IID,classification,3,False,4994,2497,86,86,0,1.0,0.4909448935914827,0.0,DAUC < 0.55,source::NATICUSdroid,,0.0150456938233939,0.0151838430726981,-0.0001381492493042,True,near_perfect_baseline,-0.9181979304234812,,-0.8127560781820712,,False,abs_delta_mean
tabpfn,NATICUSdroid,freq_ratio_log__sel_combined_union,test_time_variant,selective,TabArena_IID,classification,3,False,4994,2497,86,86,0,1.0,0.4909448935914827,0.0,DAUC < 0.55,source::NATICUSdroid,,0.0150456938233939,0.0155404980239152,-0.0004948042005212,True,near_perfect_baseline,-3.288676523191844,,-3.2553401332030525,,False,abs_delta_mean
tabpfn,NATICUSdroid,freq_ratio_v2_both_gated,test_time_variant,M2_freq_ratio,TabArena_IID,classification,3,False,4994,2497,86,86,0,1.0,0.4909448935914827,0.0,DAUC < 0.55,source::NATICUSdroid,,0.0150456938233939,0.0154305034462625,-0.0003848096228686,True,near_perfect_baseline,-2.557606364887778,,-2.555357237836928,,False,abs_delta_mean
tabpfn,NATICUSdroid,freq_ratio_v2_diff_gated,test_time_variant,M2_freq_ratio,TabArena_IID,classification,3,False,4994,2497,86,86,0,1.0,0.4909448935914827,0.0,DAUC < 0.55,source::NATICUSdroid,,0.0150456938233939,0.0153943943228093,-0.0003487004994154,True,near_perfect_baseline,-2.3176099654059947,,-2.284832004467247,,False,abs_delta_mean
tabpfn,NATICUSdroid,freq_ratio_v2_ratio_gated,test_time_variant,M2_freq_ratio,TabArena_IID,classification,3,False,4994,2497,86,86,0,1.0,0.4909448935914827,0.0,DAUC < 0.55,source::NATICUSdroid,,0.0150456938233939,0.0153943943228093,-0.0003487004994154,True,near_perfect_baseline,-2.3176099654059947,,-2.284832004467247,,False,abs_delta_mean
tabpfn,NATICUSdroid,freq_ratio_v2_ratio_ungated,test_time_variant,M2_freq_ratio,TabArena_IID,classification,3,False,4994,2497,86,86,0,1.0,0.4909448935914827,0.0,DAUC < 0.55,source::NATICUSdroid,,0.0150456938233939,0.0156632006836052,-0.0006175068602112,True,near_perfect_baseline,-4.1042099318222345,,-4.035842638865133,,False,abs_delta_mean
tabpfn,NATICUSdroid,groupby_shift_cohen_d,test_time_variant,M14_groupby,TabArena_IID,classification,3,False,4994,2497,86,86,0,1.0,0.4909448935914827,0.0,DAUC < 0.55,source::NATICUSdroid,,0.0150456938233939,0.0150456938233939,0.0,True,near_perfect_baseline,0.0,,0.0,,False,abs_delta_mean
tabpfn,NATICUSdroid,groupby_shift_cohen_d__sel_combined_intersection,test_time_variant,selective,TabArena_IID,classification,3,False,4994,2497,86,86,0,1.0,0.4909448935914827,0.0,DAUC < 0.55,source::NATICUSdroid,,0.0150456938233939,0.0151531287796858,-0.0001074349562918,True,near_perfect_baseline,-0.7140578397576525,,-0.7163073104573261,,False,abs_delta_mean
tabpfn,NATICUSdroid,groupby_shift_cohen_d__sel_combined_union,test_time_variant,selective,TabArena_IID,classification,3,False,4994,2497,86,86,0,1.0,0.4909448935914827,0.0,DAUC < 0.55,source::NATICUSdroid,,0.0150456938233939,0.0151773143253574,-0.0001316205019635,True,near_perfect_baseline,-0.8748051336714894,,-0.8332959133876584,,False,abs_delta_mean
tabpfn,NATICUSdroid,groupby_shift_cohen_d_min10,test_time_variant,M14_groupby,TabArena_IID,classification,3,False,4994,2497,86,86,0,1.0,0.4909448935914827,0.0,DAUC < 0.55,source::NATICUSdroid,,0.0150456938233939,0.0150456938233939,0.0,True,near_perfect_baseline,0.0,,0.0,,False,abs_delta_mean
tabpfn,NATICUSdroid,groupby_shift_ratio_log,test_time_variant,M14_groupby,TabArena_IID,classification,3,False,4994,2497,86,86,0,1.0,0.4909448935914827,0.0,DAUC < 0.55,source::NATICUSdroid,,0.0150456938233939,0.0150456938233939,0.0,True,near_perfect_baseline,0.0,,0.0,,False,abs_delta_mean
tabpfn,NATICUSdroid,groupby_shift_ratio_raw,test_time_variant,M14_groupby,TabArena_IID,classification,3,False,4994,2497,86,86,0,1.0,0.4909448935914827,0.0,DAUC < 0.55,source::NATICUSdroid,,0.0150456938233939,0.0150456938233939,0.0,True,near_perfect_baseline,0.0,,0.0,,False,abs_delta_mean
tabpfn,NATICUSdroid,groupby_train_only,train_only_version,baselines,TabArena_IID,classification,3,False,4994,2497,86,86,0,1.0,0.4909448935914827,0.0,DAUC < 0.55,source::NATICUSdroid,,0.0150456938233939,0.0150478087305283,-2.114907134457648e-06,True,near_perfect_baseline,-0.0140565610285694,,-0.0146437898130106,,False,abs_delta_mean
tabpfn,NATICUSdroid,joint_freq_combined,test_time_variant,M1_joint_freq,TabArena_IID,classification,3,False,4994,2497,86,86,0,1.0,0.4909448935914827,0.0,DAUC < 0.55,source::NATICUSdroid,,0.0150456938233939,0.0158144801643686,-0.0007687863409746,True,near_perfect_baseline,-5.1096768949222025,,-5.059527357468319,,False,abs_delta_mean
tabpfn,NATICUSdroid,joint_freq_combined__sel_combined_intersection,test_time_variant,selective,TabArena_IID,classification,3,False,4994,2497,86,86,0,1.0,0.4909448935914827,0.0,DAUC < 0.55,source::NATICUSdroid,,0.0150456938233939,0.0153252058999852,-0.0002795120765912,True,near_perfect_baseline,-1.8577546497501407,,-1.8386916573487413,,False,abs_delta_mean
tabpfn,NATICUSdroid,joint_freq_combined__sel_combined_union,test_time_variant,selective,TabArena_IID,classification,3,False,4994,2497,86,86,0,1.0,0.4909448935914827,0.0,DAUC < 0.55,source::NATICUSdroid,,0.0150456938233939,0.0155600486970181,-0.0005143548736242,True,near_perfect_baseline,-3.418618507472581,,-3.32699437250017,,False,abs_delta_mean
tabpfn,NATICUSdroid,joint_freq_separate,test_time_variant,M1_joint_freq,TabArena_IID,classification,3,False,4994,2497,86,86,0,1.0,0.4909448935914827,0.0,DAUC < 0.55,source::NATICUSdroid,,0.0150456938233939,0.0163213225270674,-0.0012756287036735,True,near_perfect_baseline,-8.478364099700718,,-8.476264259013586,,False,abs_delta_mean
tabpfn,NATICUSdroid,joint_freq_separate__sel_combined_intersection,test_time_variant,selective,TabArena_IID,classification,3,False,4994,2497,86,86,0,1.0,0.4909448935914827,0.0,DAUC < 0.55,source::NATICUSdroid,,0.0150456938233939,0.0153483645207967,-0.0003026706974028,True,near_perfect_baseline,-2.011676569758557,,-2.017693556464074,,False,abs_delta_mean
tabpfn,NATICUSdroid,joint_freq_separate__sel_combined_union,test_time_variant,selective,TabArena_IID,classification,3,False,4994,2497,86,86,0,1.0,0.4909448935914827,0.0,DAUC < 0.55,source::NATICUSdroid,,0.0150456938233939,0.0156000712521167,-0.0005543774287228,True,near_perfect_baseline,-3.684625217222419,,-3.680714037480172,,False,abs_delta_mean
tabpfn,NATICUSdroid,joint_groupby_combined,test_time_variant,M14_groupby,TabArena_IID,classification,3,False,4994,2497,86,86,0,1.0,0.4909448935914827,0.0,DAUC < 0.55,source::NATICUSdroid,,0.0150456938233939,0.0150456938233939,0.0,True,near_perfect_baseline,0.0,,0.0,,False,abs_delta_mean
tabpfn,NATICUSdroid,joint_groupby_combined__sel_combined_intersection,test_time_variant,selective,TabArena_IID,classification,3,False,4994,2497,86,86,0,1.0,0.4909448935914827,0.0,DAUC < 0.55,source::NATICUSdroid,,0.0150456938233939,0.0151531287796858,-0.0001074349562918,True,near_perfect_baseline,-0.7140578397576525,,-0.7163073104573261,,False,abs_delta_mean
tabpfn,NATICUSdroid,joint_groupby_combined__sel_combined_union,test_time_variant,selective,TabArena_IID,classification,3,False,4994,2497,86,86,0,1.0,0.4909448935914827,0.0,DAUC < 0.55,source::NATICUSdroid,,0.0150456938233939,0.0151773143253574,-0.0001316205019635,True,near_perfect_baseline,-0.8748051336714894,,-0.8332959133876584,,False,abs_delta_mean
tabpfn,NATICUSdroid,joint_groupby_mean_only,test_time_variant,M14_groupby,TabArena_IID,classification,3,False,4994,2497,86,86,0,1.0,0.4909448935914827,0.0,DAUC < 0.55,source::NATICUSdroid,,0.0150456938233939,0.0150456938233939,0.0,True,near_perfect_baseline,0.0,,0.0,,False,abs_delta_mean
tabpfn,NATICUSdroid,joint_groupby_separate,test_time_variant,M14_groupby,TabArena_IID,classification,3,False,4994,2497,86,86,0,1.0,0.4909448935914827,0.0,DAUC < 0.55,source::NATICUSdroid,,0.0150456938233939,0.0150456938233939,0.0,True,near_perfect_baseline,0.0,,0.0,,False,abs_delta_mean
tabpfn,NATICUSdroid,joint_pca_10,test_time_variant,M3_joint_pca,TabArena_IID,classification,3,False,4994,2497,86,86,0,1.0,0.4909448935914827,0.0,DAUC < 0.55,source::NATICUSdroid,,0.0150456938233939,0.0150456938233939,0.0,True,near_perfect_baseline,0.0,,0.0,,False,abs_delta_mean
tabpfn,NATICUSdroid,joint_pca_5,test_time_variant,M3_joint_pca,TabArena_IID,classification,3,False,4994,2497,86,86,0,1.0,0.4909448935914827,0.0,DAUC < 0.55,source::NATICUSdroid,,0.0150456938233939,0.0150456938233939,0.0,True,near_perfect_baseline,0.0,,0.0,,False,abs_delta_mean
tabpfn,NATICUSdroid,joint_pca_var90,test_time_variant,M3_joint_pca,TabArena_IID,classification,3,False,4994,2497,86,86,0,1.0,0.4909448935914827,0.0,DAUC < 0.55,source::NATICUSdroid,,0.0150456938233939,0.0150456938233939,0.0,True,near_perfect_baseline,0.0,,0.0,,False,abs_delta_mean
tabpfn,NATICUSdroid,joint_pca_var95,test_time_variant,M3_joint_pca,TabArena_IID,classification,3,False,4994,2497,86,86,0,1.0,0.4909448935914827,0.0,DAUC < 0.55,source::NATICUSdroid,,0.0150456938233939,0.0150456938233939,0.0,True,near_perfect_baseline,0.0,,0.0,,False,abs_delta_mean
tabpfn,NATICUSdroid,joint_scaling,test_time_variant,M5_joint_scaling,TabArena_IID,classification,3,False,4994,2497,86,86,0,1.0,0.4909448935914827,0.0,DAUC < 0.55,source::NATICUSdroid,,0.0150456938233939,0.0150456938233939,0.0,True,near_perfect_baseline,0.0,,0.0,,False,abs_delta_mean
tabpfn,NATICUSdroid,joint_tsne_2d_p30,test_time_variant,M3b_joint_tsne,TabArena_IID,classification,3,False,4994,2497,86,86,0,1.0,0.4909448935914827,0.0,DAUC < 0.55,source::NATICUSdroid,,0.0150456938233939,0.0152409291310343,-0.0001952353076404,True,near_perfect_baseline,-1.297615848973781,,-1.4078788622153908,,False,abs_delta_mean
tabpfn,NATICUSdroid,joint_tsne_2d_p50,test_time_variant,M3b_joint_tsne,TabArena_IID,classification,3,False,4994,2497,86,86,0,1.0,0.4909448935914827,0.0,DAUC < 0.55,source::NATICUSdroid,,0.0150456938233939,0.0152110297471364,-0.0001653359237424,True,near_perfect_baseline,-1.0988919865258884,,-1.1620256817934511,,False,abs_delta_mean
tabpfn,NATICUSdroid,joint_tsne_3d_p30,test_time_variant,M3b_joint_tsne,TabArena_IID,classification,3,False,4994,2497,86,86,0,1.0,0.4909448935914827,0.0,DAUC < 0.55,source::NATICUSdroid,,0.0150456938233939,0.0152617542649839,-0.0002160604415899,True,near_perfect_baseline,-1.4360284352858628,,-1.5381476600138884,,False,abs_delta_mean
tabpfn,NATICUSdroid,label_prop_k10_a05,test_time_variant,M8_label_prop,TabArena_IID,classification,3,False,4994,2497,86,86,0,1.0,0.4909448935914827,0.0,DAUC < 0.55,source::NATICUSdroid,,0.0150456938233939,0.0147715610961548,0.000274132727239,True,near_perfect_baseline,1.822001234750949,,1.700551397738965,,False,abs_delta_mean
tabpfn,NATICUSdroid,label_prop_k15_a05,test_time_variant,M8_label_prop,TabArena_IID,classification,3,False,4994,2497,86,86,0,1.0,0.4909448935914827,0.0,DAUC < 0.55,source::NATICUSdroid,,0.0150456938233939,0.0146738271240565,0.0003718666993374,True,near_perfect_baseline,2.471582259365264,,2.353804580885277,,False,abs_delta_mean
tabpfn,NATICUSdroid,label_prop_k15_a08,test_time_variant,M8_label_prop,TabArena_IID,classification,3,False,4994,2497,86,86,0,1.0,0.4909448935914827,0.0,DAUC < 0.55,source::NATICUSdroid,,0.0150456938233939,0.01469933842828,0.0003463553951139,True,near_perfect_baseline,2.302023417327499,,2.1855606893333768,,False,abs_delta_mean
tabpfn,NATICUSdroid,label_prop_v3_adaptive,test_time_variant,M8_label_prop,TabArena_IID,classification,3,False,4994,2497,86,86,0,1.0,0.4909448935914827,0.0,DAUC < 0.55,source::NATICUSdroid,,0.0150456938233939,0.0158804475296089,-0.0008347537062149,True,near_perfect_baseline,-5.548123709104543,,-5.5294674304484985,,False,abs_delta_mean
tabpfn,NATICUSdroid,label_prop_v3_t005_k10,test_time_variant,M8_label_prop,TabArena_IID,classification,3,False,4994,2497,86,86,0,1.0,0.4909448935914827,0.0,DAUC < 0.55,source::NATICUSdroid,,0.0150456938233939,0.0156097118976492,-0.0005640180742552,True,near_perfect_baseline,-3.748700996283192,,-3.7503485733916064,,False,abs_delta_mean
tabpfn,NATICUSdroid,label_prop_v3_t005_k15,test_time_variant,M8_label_prop,TabArena_IID,classification,3,False,4994,2497,86,86,0,1.0,0.4909448935914827,0.0,DAUC < 0.55,source::NATICUSdroid,,0.0150456938233939,0.0157847099170902,-0.0007390160936962,True,near_perfect_baseline,-4.911811328682002,,-4.885328444657168,,False,abs_delta_mean
tabpfn,NATICUSdroid,label_prop_v3_t01_k15,test_time_variant,M8_label_prop,TabArena_IID,classification,3,False,4994,2497,86,86,0,1.0,0.4909448935914827,0.0,DAUC < 0.55,source::NATICUSdroid,,0.0150456938233939,0.0154517049918747,-0.0004060111684808,True,near_perfect_baseline,-2.698520741194205,,-2.6700619530920946,,False,abs_delta_mean
tabpfn,NATICUSdroid,label_prop_weighted_adaptive_a05,test_time_variant,M8_label_prop,TabArena_IID,classification,3,False,4994,2497,86,86,0,1.0,0.4909448935914827,0.0,DAUC < 0.55,source::NATICUSdroid,,0.0150456938233939,0.0154294645080773,-0.0003837706846834,True,near_perfect_baseline,-2.5507011453785773,,-2.64433198904599,,False,abs_delta_mean
tabpfn,NATICUSdroid,label_prop_weighted_k10_a05,test_time_variant,M8_label_prop,TabArena_IID,classification,3,False,4994,2497,86,86,0,1.0,0.4909448935914827,0.0,DAUC < 0.55,source::NATICUSdroid,,0.0150456938233939,0.0157334654845099,-0.000687771661116,True,near_perfect_baseline,-4.571219308255822,,-4.624969520268345,,False,abs_delta_mean
tabpfn,NATICUSdroid,label_prop_weighted_k15_a05,test_time_variant,M8_label_prop,TabArena_IID,classification,3,False,4994,2497,86,86,0,1.0,0.4909448935914827,0.0,DAUC < 0.55,source::NATICUSdroid,,0.0150456938233939,0.0156569802443825,-0.0006112864209885,True,near_perfect_baseline,-4.062866280304861,,-4.049639273489913,,False,abs_delta_mean
tabpfn,NATICUSdroid,label_prop_weighted_k15_a08,test_time_variant,M8_label_prop,TabArena_IID,classification,3,False,4994,2497,86,86,0,1.0,0.4909448935914827,0.0,DAUC < 0.55,source::NATICUSdroid,,0.0150456938233939,0.0156464353704764,-0.0006007415470825,True,near_perfect_baseline,-3.992780619717617,,-4.002494152704456,,False,abs_delta_mean
tabpfn,NATICUSdroid,leaf_density_conf,test_time_variant,M18_leaf_density,TabArena_IID,classification,3,False,4994,2497,86,86,0,1.0,0.4909448935914827,0.0,DAUC < 0.55,source::NATICUSdroid,,0.0150456938233939,0.0151997881025395,-0.0001540942791456,True,near_perfect_baseline,-1.024175295299646,,-1.0013250477973383,,False,abs_delta_mean
tabpfn,NATICUSdroid,leaf_density_conf_cumshift,test_time_variant,M18_leaf_density,TabArena_IID,classification,3,False,4994,2497,86,86,0,1.0,0.4909448935914827,0.0,DAUC < 0.55,source::NATICUSdroid,,0.0150456938233939,0.0151164335200251,-7.073969663125752e-05,True,near_perfect_baseline,-0.4701657328774552,,-0.4377496041987712,,False,abs_delta_mean
tabpfn,NATICUSdroid,leaf_density_conf_deep,test_time_variant,M18_leaf_density,TabArena_IID,classification,3,False,4994,2497,86,86,0,1.0,0.4909448935914827,0.0,DAUC < 0.55,source::NATICUSdroid,,0.0150456938233939,0.015167793689225,-0.000122099865831,True,near_perfect_baseline,-0.8115269874841605,,-0.8446953750018755,,False,abs_delta_mean
tabpfn,NATICUSdroid,leaf_density_conf_shallow,test_time_variant,M18_leaf_density,TabArena_IID,classification,3,False,4994,2497,86,86,0,1.0,0.4909448935914827,0.0,DAUC < 0.55,source::NATICUSdroid,,0.0150456938233939,0.015482824343187,-0.0004371305197931,True,near_perfect_baseline,-2.9053530194364665,,-2.8520471096389124,,False,abs_delta_mean
tabpfn,NATICUSdroid,leaf_density_embed_k10,test_time_variant,M18_leaf_density,TabArena_IID,classification,3,False,4994,2497,86,86,0,1.0,0.4909448935914827,0.0,DAUC < 0.55,source::NATICUSdroid,,0.0150456938233939,0.0152000151039793,-0.0001543212805854,True,near_perfect_baseline,-1.0256840422042133,,-1.0365444971365645,,False,abs_delta_mean
tabpfn,NATICUSdroid,leaf_density_embed_k10_cumshift,test_time_variant,M18_leaf_density,TabArena_IID,classification,3,False,4994,2497,86,86,0,1.0,0.4909448935914827,0.0,DAUC < 0.55,source::NATICUSdroid,,0.0150456938233939,0.0153698860782301,-0.0003241922548361,True,near_perfect_baseline,-2.154717879026065,,-2.1752136762770604,,False,abs_delta_mean
tabpfn,NATICUSdroid,leaf_density_embed_k20,test_time_variant,M18_leaf_density,TabArena_IID,classification,3,False,4994,2497,86,86,0,1.0,0.4909448935914827,0.0,DAUC < 0.55,source::NATICUSdroid,,0.0150456938233939,0.0151818043325205,-0.0001361105091265,True,near_perfect_baseline,-0.9046476069780516,,-0.9091239461108432,,False,abs_delta_mean
tabpfn,NATICUSdroid,leaf_density_embed_k5,test_time_variant,M18_leaf_density,TabArena_IID,classification,3,False,4994,2497,86,86,0,1.0,0.4909448935914827,0.0,DAUC < 0.55,source::NATICUSdroid,,0.0150456938233939,0.015065052358469,-1.93585350751387e-05,True,near_perfect_baseline,-0.1286649542544823,,-0.0951911760059176,,False,abs_delta_mean
tabpfn,NATICUSdroid,nearest_test_k10_both,test_time_variant,M16_nearest_test_dist,TabArena_IID,classification,3,False,4994,2497,86,86,0,1.0,0.4909448935914827,0.0,DAUC < 0.55,source::NATICUSdroid,,0.0150456938233939,0.0141547107425576,0.0008909830808362,True,near_perfect_baseline,5.92184774789795,,5.863266212525491,,False,abs_delta_mean
tabpfn,NATICUSdroid,nearest_test_k10_cumshift_both,test_time_variant,M16_nearest_test_dist,TabArena_IID,classification,3,False,4994,2497,86,86,0,1.0,0.4909448935914827,0.0,DAUC < 0.55,source::NATICUSdroid,,0.0150456938233939,0.0151446937351171,-9.899991172320396e-05,True,near_perfect_baseline,-0.6579949910270911,,-0.605911401110214,,False,abs_delta_mean
tabpfn,NATICUSdroid,nearest_test_k10_filter_both,test_time_variant,M16_nearest_test_dist,TabArena_IID,classification,3,False,4994,2497,86,86,0,1.0,0.4909448935914827,0.0,DAUC < 0.55,source::NATICUSdroid,,0.0150456938233939,0.0141547107425576,0.0008909830808362,True,near_perfect_baseline,5.92184774789795,,5.863266212525491,,False,abs_delta_mean
tabpfn,NATICUSdroid,nearest_test_k5_both,test_time_variant,M16_nearest_test_dist,TabArena_IID,classification,3,False,4994,2497,86,86,0,1.0,0.4909448935914827,0.0,DAUC < 0.55,source::NATICUSdroid,,0.0150456938233939,0.0141772493788787,0.0008684444445152,True,near_perfect_baseline,5.772046505192723,,5.7105187791454926,,False,abs_delta_mean
tabpfn,NATICUSdroid,nearest_test_rel_k10_both,test_time_variant,M16_nearest_test_dist,TabArena_IID,classification,3,False,4994,2497,86,86,0,1.0,0.4909448935914827,0.0,DAUC < 0.55,source::NATICUSdroid,,0.0150456938233939,0.0140233582602961,0.0010223355630978,True,near_perfect_baseline,6.794871510067842,,6.777278535126468,,False,abs_delta_mean
tabpfn,NATICUSdroid,nearest_test_rel_k10_cumshift_both,test_time_variant,M16_nearest_test_dist,TabArena_IID,classification,3,False,4994,2497,86,86,0,1.0,0.4909448935914827,0.0,DAUC < 0.55,source::NATICUSdroid,,0.0150456938233939,0.0153914356498111,-0.0003457418264172,True,near_perfect_baseline,-2.297945382084537,,-2.324672835845456,,False,abs_delta_mean
tabpfn,NATICUSdroid,nearest_test_rel_k5_both,test_time_variant,M16_nearest_test_dist,TabArena_IID,classification,3,False,4994,2497,86,86,0,1.0,0.4909448935914827,0.0,DAUC < 0.55,source::NATICUSdroid,,0.0150456938233939,0.0142005389321159,0.000845154891278,True,near_perfect_baseline,5.617254353294852,,5.509594645362163,,False,abs_delta_mean
tabpfn,NATICUSdroid,neighbor_consensus_k10_dist,test_time_variant,M19_neighbor_consensus,TabArena_IID,classification,3,False,4994,2497,86,86,0,1.0,0.4909448935914827,0.0,DAUC < 0.55,source::NATICUSdroid,,0.0150456938233939,0.0144409773426881,0.0006047164807057,True,near_perfect_baseline,4.019199697959613,,4.103147125529773,,False,abs_delta_mean
tabpfn,NATICUSdroid,neighbor_consensus_k10_dist_cumshift,test_time_variant,M19_neighbor_consensus,TabArena_IID,classification,3,False,4994,2497,86,86,0,1.0,0.4909448935914827,0.0,DAUC < 0.55,source::NATICUSdroid,,0.0150456938233939,0.0152046497288506,-0.0001589559054566,True,near_perfect_baseline,-1.0564877055354949,,-0.9374739326217988,,False,abs_delta_mean
tabpfn,NATICUSdroid,neighbor_consensus_k10_uniform,test_time_variant,M19_neighbor_consensus,TabArena_IID,classification,3,False,4994,2497,86,86,0,1.0,0.4909448935914827,0.0,DAUC < 0.55,source::NATICUSdroid,,0.0150456938233939,0.0148126720913374,0.0002330217320565,True,near_perfect_baseline,1.5487602950833046,,1.6209077363285005,,False,abs_delta_mean
tabpfn,NATICUSdroid,neighbor_consensus_k20_dist,test_time_variant,M19_neighbor_consensus,TabArena_IID,classification,3,False,4994,2497,86,86,0,1.0,0.4909448935914827,0.0,DAUC < 0.55,source::NATICUSdroid,,0.0150456938233939,0.0140624742958201,0.0009832195275738,True,near_perfect_baseline,6.53488991012863,,6.640971033213487,,False,abs_delta_mean
tabpfn,NATICUSdroid,neighbor_consensus_k5_dist,test_time_variant,M19_neighbor_consensus,TabArena_IID,classification,3,False,4994,2497,86,86,0,1.0,0.4909448935914827,0.0,DAUC < 0.55,source::NATICUSdroid,,0.0150456938233939,0.0148203244893807,0.0002253693340131,True,near_perfect_baseline,1.4978992438538374,,1.6353083642809685,,False,abs_delta_mean
tabpfn,NATICUSdroid,neighbor_consensus_k5_dist_cumshift,test_time_variant,M19_neighbor_consensus,TabArena_IID,classification,3,False,4994,2497,86,86,0,1.0,0.4909448935914827,0.0,DAUC < 0.55,source::NATICUSdroid,,0.0150456938233939,0.0149371867374627,0.0001085070859312,True,near_perfect_baseline,0.7211836636107294,,0.8761891554150267,,False,abs_delta_mean
tabpfn,NATICUSdroid,ot_disp_v2_selective,test_time_variant,M9_ot_displacement,TabArena_IID,classification,3,False,4994,2497,86,86,0,1.0,0.4909448935914827,0.0,DAUC < 0.55,source::NATICUSdroid,,0.0150456938233939,0.0150456938233939,0.0,True,near_perfect_baseline,0.0,,0.0,,False,abs_delta_mean
tabpfn,NATICUSdroid,ot_disp_v2_selective_abs,test_time_variant,M9_ot_displacement,TabArena_IID,classification,3,False,4994,2497,86,86,0,1.0,0.4909448935914827,0.0,DAUC < 0.55,source::NATICUSdroid,,0.0150456938233939,0.0150409977452231,4.69607817073688e-06,True,near_perfect_baseline,0.0312121077689067,,0.0252350734366214,,False,abs_delta_mean
tabpfn,NATICUSdroid,ot_disp_v2_selective_and_summary,test_time_variant,M9_ot_displacement,TabArena_IID,classification,3,False,4994,2497,86,86,0,1.0,0.4909448935914827,0.0,DAUC < 0.55,source::NATICUSdroid,,0.0150456938233939,0.0150456938233939,0.0,True,near_perfect_baseline,0.0,,0.0,,False,abs_delta_mean
tabpfn,NATICUSdroid,ot_disp_v2_selective_and_summary_abs,test_time_variant,M9_ot_displacement,TabArena_IID,classification,3,False,4994,2497,86,86,0,1.0,0.4909448935914827,0.0,DAUC < 0.55,source::NATICUSdroid,,0.0150456938233939,0.0150407627555415,4.931067852339173e-06,True,near_perfect_baseline,0.0327739478831653,,0.0268621611935941,,False,abs_delta_mean
tabpfn,NATICUSdroid,ot_disp_v2_selective_and_summary_top10,test_time_variant,M9_ot_displacement,TabArena_IID,classification,3,False,4994,2497,86,86,0,1.0,0.4909448935914827,0.0,DAUC < 0.55,source::NATICUSdroid,,0.0150456938233939,0.0150456938233939,0.0,True,near_perfect_baseline,0.0,,0.0,,False,abs_delta_mean
tabpfn,NATICUSdroid,ot_disp_v2_selective_top10,test_time_variant,M9_ot_displacement,TabArena_IID,classification,3,False,4994,2497,86,86,0,1.0,0.4909448935914827,0.0,DAUC < 0.55,source::NATICUSdroid,,0.0150456938233939,0.0150456938233939,0.0,True,near_perfect_baseline,0.0,,0.0,,False,abs_delta_mean
tabpfn,NATICUSdroid,ot_disp_v2_summary_only,test_time_variant,M9_ot_displacement,TabArena_IID,classification,3,False,4994,2497,86,86,0,1.0,0.4909448935914827,0.0,DAUC < 0.55,source::NATICUSdroid,,0.0150456938233939,0.0150355958310666,1.009799232728111e-05,True,near_perfect_baseline,0.06711549793457,,0.0618380032624812,,False,abs_delta_mean
tabpfn,NATICUSdroid,ot_displacement_mag,test_time_variant,M9_ot_displacement,TabArena_IID,classification,3,False,4994,2497,86,86,0,1.0,0.4909448935914827,0.0,DAUC < 0.55,source::NATICUSdroid,,0.0150456938233939,0.0150348911097193,1.0802713674595845e-05,True,near_perfect_baseline,0.0717993719757818,,0.0728849554222395,,False,abs_delta_mean
tabpfn,NATICUSdroid,ot_displacement_no_mag,test_time_variant,M9_ot_displacement,TabArena_IID,classification,3,False,4994,2497,86,86,0,1.0,0.4909448935914827,0.0,DAUC < 0.55,source::NATICUSdroid,,0.0150456938233939,0.0151381147671244,-9.242094373055712e-05,True,near_perfect_baseline,-0.6142684067308016,,-0.6265849466225303,,False,abs_delta_mean
tabpfn,NATICUSdroid,pca_train_only_10,train_only_version,baselines,TabArena_IID,classification,3,False,4994,2497,86,86,0,1.0,0.4909448935914827,0.0,DAUC < 0.55,source::NATICUSdroid,,0.0150456938233939,0.0150456938233939,0.0,True,near_perfect_baseline,0.0,,0.0,,False,abs_delta_mean
tabpfn,NATICUSdroid,pca_train_only_5,train_only_version,baselines,TabArena_IID,classification,3,False,4994,2497,86,86,0,1.0,0.4909448935914827,0.0,DAUC < 0.55,source::NATICUSdroid,,0.0150456938233939,0.0150478087305283,-2.114907134457648e-06,True,near_perfect_baseline,-0.0140565610285694,,-0.0146437898130106,,False,abs_delta_mean
tabpfn,NATICUSdroid,pca_train_only_var90,train_only_version,baselines,TabArena_IID,classification,3,False,4994,2497,86,86,0,1.0,0.4909448935914827,0.0,DAUC < 0.55,source::NATICUSdroid,,0.0150456938233939,0.0150456938233939,0.0,True,near_perfect_baseline,0.0,,0.0,,False,abs_delta_mean
tabpfn,NATICUSdroid,pca_train_only_var95,train_only_version,baselines,TabArena_IID,classification,3,False,4994,2497,86,86,0,1.0,0.4909448935914827,0.0,DAUC < 0.55,source::NATICUSdroid,,0.0150456938233939,0.0150456938233939,0.0,True,near_perfect_baseline,0.0,,0.0,,False,abs_delta_mean
tabpfn,NATICUSdroid,pseudo_label_lgbm_conf80_iter5,test_time_variant,M7_pseudo_label,TabArena_IID,classification,3,False,4994,2497,86,86,0,1.0,0.4909448935914827,0.0,DAUC < 0.55,source::NATICUSdroid,,0.0150456938233939,0.0155571484186866,-0.0005114545952927,True,near_perfect_baseline,-3.3993420396306715,,-3.304154677692379,,False,abs_delta_mean
tabpfn,NATICUSdroid,pseudo_label_lgbm_conf90_iter1,test_time_variant,M7_pseudo_label,TabArena_IID,classification,3,False,4994,2497,86,86,0,1.0,0.4909448935914827,0.0,DAUC < 0.55,source::NATICUSdroid,,0.0150456938233939,0.0152542386445949,-0.0002085448212009,True,near_perfect_baseline,-1.386076465790727,,-1.2687121182293366,,False,abs_delta_mean
tabpfn,NATICUSdroid,pseudo_label_lgbm_conf90_iter3,test_time_variant,M7_pseudo_label,TabArena_IID,classification,3,False,4994,2497,86,86,0,1.0,0.4909448935914827,0.0,DAUC < 0.55,source::NATICUSdroid,,0.0150456938233939,0.0153089728488749,-0.0002632790254809,True,near_perfect_baseline,-1.749862974558411,,-1.6287013324247732,,False,abs_delta_mean
tabpfn,NATICUSdroid,pseudo_label_lgbm_conf95_iter3,test_time_variant,M7_pseudo_label,TabArena_IID,classification,3,False,4994,2497,86,86,0,1.0,0.4909448935914827,0.0,DAUC < 0.55,source::NATICUSdroid,,0.0150456938233939,0.0151977589230518,-0.0001520650996579,True,near_perfect_baseline,-1.0106885162151031,,-0.9146257104167196,,False,abs_delta_mean
tabpfn,NATICUSdroid,pseudo_label_v2_cal_iso_wfixed_conf90,test_time_variant,M7_pseudo_label,TabArena_IID,classification,3,False,4994,2497,86,86,0,1.0,0.4909448935914827,0.0,DAUC < 0.55,source::NATICUSdroid,,0.0150456938233939,0.0153635928403051,-0.0003178990169112,True,near_perfect_baseline,-2.112890376759734,,-2.019006618381884,,False,abs_delta_mean
tabpfn,NATICUSdroid,pseudo_label_v2_cal_iso_wprop_conf85,test_time_variant,M7_pseudo_label,TabArena_IID,classification,3,False,4994,2497,86,86,0,1.0,0.4909448935914827,0.0,DAUC < 0.55,source::NATICUSdroid,,0.0150456938233939,0.0154832980999358,-0.0004376042765419,True,near_perfect_baseline,-2.908501805756032,,-2.8180253541825966,,False,abs_delta_mean
tabpfn,NATICUSdroid,pseudo_label_v2_cal_iso_wprop_conf90,test_time_variant,M7_pseudo_label,TabArena_IID,classification,3,False,4994,2497,86,86,0,1.0,0.4909448935914827,0.0,DAUC < 0.55,source::NATICUSdroid,,0.0150456938233939,0.0153635928403051,-0.0003178990169112,True,near_perfect_baseline,-2.112890376759734,,-2.019006618381884,,False,abs_delta_mean
tabpfn,NATICUSdroid,pseudo_label_v2_cal_iso_wquad_conf90,test_time_variant,M7_pseudo_label,TabArena_IID,classification,3,False,4994,2497,86,86,0,1.0,0.4909448935914827,0.0,DAUC < 0.55,source::NATICUSdroid,,0.0150456938233939,0.0153635928403051,-0.0003178990169112,True,near_perfect_baseline,-2.112890376759734,,-2.019006618381884,,False,abs_delta_mean
tabpfn,NATICUSdroid,pseudo_label_v2_cal_platt_wprop_conf90,test_time_variant,M7_pseudo_label,TabArena_IID,classification,3,False,4994,2497,86,86,0,1.0,0.4909448935914827,0.0,DAUC < 0.55,source::NATICUSdroid,,0.0150456938233939,0.0155008913019541,-0.0004551974785601,True,near_perfect_baseline,-3.025433615114663,,-2.927477044433744,,False,abs_delta_mean
tabpfn,NATICUSdroid,target_enc_absolute,test_time_variant,M4_target_encoding,TabArena_IID,classification,3,False,4994,2497,86,86,0,1.0,0.4909448935914827,0.0,DAUC < 0.55,source::NATICUSdroid,,0.0150456938233939,0.0156090852253284,-0.0005633914019345,True,near_perfect_baseline,-3.744535868851405,,-3.7260520979639096,,False,abs_delta_mean
tabpfn,NATICUSdroid,target_enc_diff,test_time_variant,M4_target_encoding,TabArena_IID,classification,3,False,4994,2497,86,86,0,1.0,0.4909448935914827,0.0,DAUC < 0.55,source::NATICUSdroid,,0.0150456938233939,0.0156090852253284,-0.0005633914019345,True,near_perfect_baseline,-3.744535868851405,,-3.7260520979639096,,False,abs_delta_mean
tabpfn,NATICUSdroid,target_enc_inv_ratio,test_time_variant,M4_target_encoding,TabArena_IID,classification,3,False,4994,2497,86,86,0,1.0,0.4909448935914827,0.0,DAUC < 0.55,source::NATICUSdroid,,0.0150456938233939,0.0156090852253284,-0.0005633914019345,True,near_perfect_baseline,-3.744535868851405,,-3.7260520979639096,,False,abs_delta_mean
tabpfn,NATICUSdroid,target_enc_oof_absolute,test_time_variant,M4_target_encoding,TabArena_IID,classification,3,False,4994,2497,86,86,0,1.0,0.4909448935914827,0.0,DAUC < 0.55,source::NATICUSdroid,,0.0150456938233939,0.0162361317081098,-0.0011904378847158,True,near_perfect_baseline,-7.912150138698952,,-7.808332910116063,,False,abs_delta_mean
tabpfn,NATICUSdroid,target_enc_oof_diff,test_time_variant,M4_target_encoding,TabArena_IID,classification,3,False,4994,2497,86,86,0,1.0,0.4909448935914827,0.0,DAUC < 0.55,source::NATICUSdroid,,0.0150456938233939,0.0161982314048046,-0.0011525375814107,True,near_perfect_baseline,-7.660248805666431,,-7.591349740068442,,False,abs_delta_mean
tabpfn,NATICUSdroid,target_enc_oof_inv_ratio,test_time_variant,M4_target_encoding,TabArena_IID,classification,3,False,4994,2497,86,86,0,1.0,0.4909448935914827,0.0,DAUC < 0.55,source::NATICUSdroid,,0.0150456938233939,0.0161796544635409,-0.0011339606401469,True,near_perfect_baseline,-7.536778652133999,,-7.456195255073417,,False,abs_delta_mean
tabpfn,NATICUSdroid,target_enc_oof_ratio,test_time_variant,M4_target_encoding,TabArena_IID,classification,3,False,4994,2497,86,86,0,1.0,0.4909448935914827,0.0,DAUC < 0.55,source::NATICUSdroid,,0.0150456938233939,0.0162090276783465,-0.0011633338549525,True,near_perfect_baseline,-7.732005373815178,,-7.661321468802686,,False,abs_delta_mean
tabpfn,NATICUSdroid,target_enc_oof_ratio_cap5,test_time_variant,M4_target_encoding,TabArena_IID,classification,3,False,4994,2497,86,86,0,1.0,0.4909448935914827,0.0,DAUC < 0.55,source::NATICUSdroid,,0.0150456938233939,0.0162118475545257,-0.0011661537311318,True,near_perfect_baseline,-7.750747455186534,,-7.680846521886615,,False,abs_delta_mean
tabpfn,NATICUSdroid,target_enc_ratio,test_time_variant,M4_target_encoding,TabArena_IID,classification,3,False,4994,2497,86,86,0,1.0,0.4909448935914827,0.0,DAUC < 0.55,source::NATICUSdroid,,0.0150456938233939,0.0156090852253284,-0.0005633914019345,True,near_perfect_baseline,-3.744535868851405,,-3.7260520979639096,,False,abs_delta_mean
tabpfn,NATICUSdroid,target_enc_ratio__sel_combined_intersection,test_time_variant,selective,TabArena_IID,classification,3,False,4994,2497,86,86,0,1.0,0.4909448935914827,0.0,DAUC < 0.55,source::NATICUSdroid,,0.0150456938233939,0.0154000063330568,-0.0003543125096629,True,near_perfect_baseline,-2.354909742427572,,-2.3095404807377613,,False,abs_delta_mean
tabpfn,NATICUSdroid,target_enc_ratio__sel_combined_union,test_time_variant,selective,TabArena_IID,classification,3,False,4994,2497,86,86,0,1.0,0.4909448935914827,0.0,DAUC < 0.55,source::NATICUSdroid,,0.0150456938233939,0.0154069273203557,-0.0003612334969618,True,near_perfect_baseline,-2.400909530673516,,-2.336778489076881,,False,abs_delta_mean
tabpfn,NATICUSdroid,target_enc_ratio_cap5,test_time_variant,M4_target_encoding,TabArena_IID,classification,3,False,4994,2497,86,86,0,1.0,0.4909448935914827,0.0,DAUC < 0.55,source::NATICUSdroid,,0.0150456938233939,0.0156090852253284,-0.0005633914019345,True,near_perfect_baseline,-3.744535868851405,,-3.7260520979639096,,False,abs_delta_mean
tabpfn,NATICUSdroid,target_enc_standard_m10,train_only_version,baselines,TabArena_IID,classification,3,False,4994,2497,86,86,0,1.0,0.4909448935914827,0.0,DAUC < 0.55,source::NATICUSdroid,,0.0150456938233939,0.0156090852253284,-0.0005633914019345,True,near_perfect_baseline,-3.744535868851405,,-3.7260520979639096,,False,abs_delta_mean
tabpfn,NATICUSdroid,target_enc_standard_m20,train_only_version,baselines,TabArena_IID,classification,3,False,4994,2497,86,86,0,1.0,0.4909448935914827,0.0,DAUC < 0.55,source::NATICUSdroid,,0.0150456938233939,0.0156090852253284,-0.0005633914019345,True,near_perfect_baseline,-3.744535868851405,,-3.7260520979639096,,False,abs_delta_mean
tabpfn,NATICUSdroid,target_enc_standard_m5,train_only_version,baselines,TabArena_IID,classification,3,False,4994,2497,86,86,0,1.0,0.4909448935914827,0.0,DAUC < 0.55,source::NATICUSdroid,,0.0150456938233939,0.0156090852253284,-0.0005633914019345,True,near_perfect_baseline,-3.744535868851405,,-3.7260520979639096,,False,abs_delta_mean
tabpfn,NATICUSdroid,targeted_groupby_top3,test_time_variant,M14_groupby,TabArena_IID,classification,3,False,4994,2497,86,86,0,1.0,0.4909448935914827,0.0,DAUC < 0.55,source::NATICUSdroid,,0.0150456938233939,0.0150456938233939,0.0,True,near_perfect_baseline,0.0,,0.0,,False,abs_delta_mean
tabpfn,NATICUSdroid,targeted_groupby_top3_shifted_agg,test_time_variant,M14_groupby,TabArena_IID,classification,3,False,4994,2497,86,86,0,1.0,0.4909448935914827,0.0,DAUC < 0.55,source::NATICUSdroid,,0.0150456938233939,0.0150456938233939,0.0,True,near_perfect_baseline,0.0,,0.0,,False,abs_delta_mean
tabpfn,NATICUSdroid,targeted_groupby_top5,test_time_variant,M14_groupby,TabArena_IID,classification,3,False,4994,2497,86,86,0,1.0,0.4909448935914827,0.0,DAUC < 0.55,source::NATICUSdroid,,0.0150456938233939,0.0150456938233939,0.0,True,near_perfect_baseline,0.0,,0.0,,False,abs_delta_mean
tabpfn,NATICUSdroid,targeted_groupby_top5_shifted_agg,test_time_variant,M14_groupby,TabArena_IID,classification,3,False,4994,2497,86,86,0,1.0,0.4909448935914827,0.0,DAUC < 0.55,source::NATICUSdroid,,0.0150456938233939,0.0150456938233939,0.0,True,near_perfect_baseline,0.0,,0.0,,False,abs_delta_mean
tabpfn,NATICUSdroid,tdda_k10_lam07_aug1,test_time_variant,M17_tdda,TabArena_IID,classification,3,False,4994,2497,86,86,0,1.0,0.4909448935914827,0.0,DAUC < 0.55,source::NATICUSdroid,,0.0150456938233939,0.0149565064835522,8.918733984168241e-05,True,near_perfect_baseline,0.5927765172451407,,0.5467998890101949,,False,abs_delta_mean
tabpfn,NATICUSdroid,tdda_k5_lam06_aug1,test_time_variant,M17_tdda,TabArena_IID,classification,3,False,4994,2497,86,86,0,1.0,0.4909448935914827,0.0,DAUC < 0.55,source::NATICUSdroid,,0.0150456938233939,0.0149903382479484,5.5355575445448224e-05,True,near_perfect_baseline,0.3679164024950321,,0.3087939007650898,,False,abs_delta_mean
tabpfn,NATICUSdroid,tdda_k5_lam07_aug1,test_time_variant,M17_tdda,TabArena_IID,classification,3,False,4994,2497,86,86,0,1.0,0.4909448935914827,0.0,DAUC < 0.55,source::NATICUSdroid,,0.0150456938233939,0.0149565064835522,8.918733984168241e-05,True,near_perfect_baseline,0.5927765172451407,,0.5467998890101949,,False,abs_delta_mean
tabpfn,NATICUSdroid,tdda_k5_lam07_aug1_cumshift,test_time_variant,M17_tdda,TabArena_IID,classification,3,False,4994,2497,86,86,0,1.0,0.4909448935914827,0.0,DAUC < 0.55,source::NATICUSdroid,,0.0150456938233939,0.0148558399705337,0.0001898538528601,True,near_perfect_baseline,1.2618484404155093,,1.24759714504055,,False,abs_delta_mean
tabpfn,NATICUSdroid,tdda_k5_lam08_aug1,test_time_variant,M17_tdda,TabArena_IID,classification,3,False,4994,2497,86,86,0,1.0,0.4909448935914827,0.0,DAUC < 0.55,source::NATICUSdroid,,0.0150456938233939,0.0149138817407217,0.0001318120826722,True,near_perfect_baseline,0.8760784595208372,,0.8003607024177902,,False,abs_delta_mean
tabpfn,NATICUSdroid,tdda_v2_k10_lam07_pfl_dw,test_time_variant,M17_tdda,TabArena_IID,classification,3,False,4994,2497,86,86,0,1.0,0.4909448935914827,0.0,DAUC < 0.55,source::NATICUSdroid,,0.0150456938233939,0.0149476624794492,9.803134394470447e-05,True,near_perfect_baseline,0.6515574827947086,,0.6681875858576055,,False,abs_delta_mean
tabpfn,NATICUSdroid,tdda_v2_k5_lam06_pfl_dw,test_time_variant,M17_tdda,TabArena_IID,classification,3,False,4994,2497,86,86,0,1.0,0.4909448935914827,0.0,DAUC < 0.55,source::NATICUSdroid,,0.0150456938233939,0.0149418899988587,0.0001038038245352,True,near_perfect_baseline,0.6899238131101071,,0.7154965878682958,,False,abs_delta_mean
tabpfn,NATICUSdroid,tdda_v2_k5_lam07_nopfl_dw,test_time_variant,M17_tdda,TabArena_IID,classification,3,False,4994,2497,86,86,0,1.0,0.4909448935914827,0.0,DAUC < 0.55,source::NATICUSdroid,,0.0150456938233939,0.0149565064835522,8.918733984168241e-05,True,near_perfect_baseline,0.5927765172451407,,0.5467998890101949,,False,abs_delta_mean
tabpfn,NATICUSdroid,tdda_v2_k5_lam07_pfl_dw,test_time_variant,M17_tdda,TabArena_IID,classification,3,False,4994,2497,86,86,0,1.0,0.4909448935914827,0.0,DAUC < 0.55,source::NATICUSdroid,,0.0150456938233939,0.0149476624794492,9.803134394470447e-05,True,near_perfect_baseline,0.6515574827947086,,0.6681875858576055,,False,abs_delta_mean
tabpfn,NATICUSdroid,tdda_v2_k5_lam07_pfl_dw_cumshift,test_time_variant,M17_tdda,TabArena_IID,classification,3,False,4994,2497,86,86,0,1.0,0.4909448935914827,0.0,DAUC < 0.55,source::NATICUSdroid,,0.0150456938233939,0.0148905895866614,0.0001551042367324,True,near_perfect_baseline,1.0308878975809164,,1.0736414442846076,,False,abs_delta_mean
tabpfn,NATICUSdroid,tdda_v2_k5_lam07_pfl_nodw,test_time_variant,M17_tdda,TabArena_IID,classification,3,False,4994,2497,86,86,0,1.0,0.4909448935914827,0.0,DAUC < 0.55,source::NATICUSdroid,,0.0150456938233939,0.0149476624794492,9.803134394470447e-05,True,near_perfect_baseline,0.6515574827947086,,0.6681875858576055,,False,abs_delta_mean
tabpfn,NATICUSdroid,train_only_scaling,train_only_version,baselines,TabArena_IID,classification,3,False,4994,2497,86,86,0,1.0,0.4909448935914827,0.0,DAUC < 0.55,source::NATICUSdroid,,0.0150456938233939,0.0150409977452231,4.69607817073688e-06,True,near_perfect_baseline,0.0312121077689067,,0.0252350734366214,,False,abs_delta_mean
tabpfn,anneal,adversarial_lgbm_both_ratio,test_time_variant,M6_adversarial,TabArena_IID,classification,3,False,598,300,38,32,6,0.8421052631578947,0.43732935660019,0.0336531517590013,DAUC < 0.55,source::anneal,,0.0003155335026679,0.0001618278299564,0.0001537056727115,True,near_perfect_baseline,48.71294851794183,,48.71294851794182,,False,abs_delta_mean
tabpfn,anneal,adversarial_lgbm_cal_iso_both_ratio,test_time_variant,M6_adversarial,TabArena_IID,classification,3,False,598,300,38,32,6,0.8421052631578947,0.43732935660019,0.0336531517590013,DAUC < 0.55,source::anneal,,0.0003155335026679,0.0001618278299564,0.0001537056727115,True,near_perfect_baseline,48.71294851794183,,48.71294851794182,,False,abs_delta_mean
tabpfn,anneal,adversarial_lgbm_cal_iso_feature,test_time_variant,M6_adversarial,TabArena_IID,classification,3,False,598,300,38,32,6,0.8421052631578947,0.43732935660019,0.0336531517590013,DAUC < 0.55,source::anneal,,0.0003155335026679,0.000157766751334,0.0001577667513339,True,near_perfect_baseline,49.99999999999413,,49.99999999999414,,False,abs_delta_mean
tabpfn,anneal,adversarial_lgbm_cal_platt_feature,test_time_variant,M6_adversarial,TabArena_IID,classification,3,False,598,300,38,32,6,0.8421052631578947,0.43732935660019,0.0336531517590013,DAUC < 0.55,source::anneal,,0.0003155335026679,0.0002325890483785,8.294445428946862e-05,True,near_perfect_baseline,26.287051482055247,,26.287051482055247,,False,abs_delta_mean
tabpfn,anneal,adversarial_lgbm_feature,test_time_variant,M6_adversarial,TabArena_IID,classification,3,False,598,300,38,32,6,0.8421052631578947,0.43732935660019,0.0336531517590013,DAUC < 0.55,source::anneal,,0.0003155335026679,0.000157766751334,0.0001577667513339,True,near_perfect_baseline,49.99999999999413,,49.99999999999414,,False,abs_delta_mean
tabpfn,anneal,adversarial_logreg_feature,test_time_variant,M6_adversarial,TabArena_IID,classification,3,False,598,300,38,32,6,0.8421052631578947,0.43732935660019,0.0336531517590013,DAUC < 0.55,source::anneal,,0.0003155335026679,0.0001618278299564,0.0001537056727115,True,near_perfect_baseline,48.71294851794183,,48.71294851794182,,False,abs_delta_mean
tabpfn,anneal,adversarial_rf_feature,test_time_variant,M6_adversarial,TabArena_IID,classification,3,False,598,300,38,32,6,0.8421052631578947,0.43732935660019,0.0336531517590013,DAUC < 0.55,source::anneal,,0.0003155335026679,0.000157766751334,0.0001577667513339,True,near_perfect_baseline,49.99999999999413,,49.99999999999414,,False,abs_delta_mean
tabpfn,anneal,cluster_membership_k10_both,test_time_variant,M20_cluster_membership,TabArena_IID,classification,3,False,598,300,38,32,6,0.8421052631578947,0.43732935660019,0.0336531517590013,DAUC < 0.55,source::anneal,,0.0003155335026679,0.0001618278299564,0.0001537056727115,True,near_perfect_baseline,48.71294851794183,,48.71294851794182,,False,abs_delta_mean
tabpfn,anneal,cluster_membership_k10_both_cumshift,test_time_variant,M20_cluster_membership,TabArena_IID,classification,3,False,598,300,38,32,6,0.8421052631578947,0.43732935660019,0.0336531517590013,DAUC < 0.55,source::anneal,,0.0003155335026679,0.000157766751334,0.0001577667513339,True,near_perfect_baseline,49.99999999999413,,49.99999999999414,,False,abs_delta_mean
tabpfn,anneal,cluster_membership_k10_feature,test_time_variant,M20_cluster_membership,TabArena_IID,classification,3,False,598,300,38,32,6,0.8421052631578947,0.43732935660019,0.0336531517590013,DAUC < 0.55,source::anneal,,0.0003155335026679,0.000236650127001,7.888337566693455e-05,True,near_perfect_baseline,24.99999999997948,,24.99999999997948,,False,abs_delta_mean
tabpfn,anneal,cluster_membership_k10_feature_cumshift,test_time_variant,M20_cluster_membership,TabArena_IID,classification,3,False,598,300,38,32,6,0.8421052631578947,0.43732935660019,0.0336531517590013,DAUC < 0.55,source::anneal,,0.0003155335026679,0.0001658889085789,0.000149644594089,True,near_perfect_baseline,47.42589703588951,,47.42589703588951,,False,abs_delta_mean
tabpfn,anneal,cluster_membership_k10_weight,test_time_variant,M20_cluster_membership,TabArena_IID,classification,3,False,598,300,38,32,6,0.8421052631578947,0.43732935660019,0.0336531517590013,DAUC < 0.55,source::anneal,,0.0003155335026679,0.000236650127001,7.888337566693455e-05,True,near_perfect_baseline,24.99999999997948,,24.99999999997948,,False,abs_delta_mean
tabpfn,anneal,cluster_membership_k15_both,test_time_variant,M20_cluster_membership,TabArena_IID,classification,3,False,598,300,38,32,6,0.8421052631578947,0.43732935660019,0.0336531517590013,DAUC < 0.55,source::anneal,,0.0003155335026679,8.294445428946862e-05,0.0002325890483785,True,near_perfect_baseline,73.71294851794475,,73.71294851794475,,False,abs_delta_mean
tabpfn,anneal,cluster_membership_k5_both,test_time_variant,M20_cluster_membership,TabArena_IID,classification,3,False,598,300,38,32,6,0.8421052631578947,0.43732935660019,0.0336531517590013,DAUC < 0.55,source::anneal,,0.0003155335026679,0.0001658889085789,0.000149644594089,True,near_perfect_baseline,47.42589703588951,,47.42589703588951,,False,abs_delta_mean
tabpfn,anneal,cluster_membership_k5_feature,test_time_variant,M20_cluster_membership,TabArena_IID,classification,3,False,598,300,38,32,6,0.8421052631578947,0.43732935660019,0.0336531517590013,DAUC < 0.55,source::anneal,,0.0003155335026679,0.0001618278299564,0.0001537056727115,True,near_perfect_baseline,48.71294851794183,,48.71294851794182,,False,abs_delta_mean
tabpfn,anneal,freq_enc_train_only,train_only_version,baselines,TabArena_IID,classification,3,False,598,300,38,32,6,0.8421052631578947,0.43732935660019,0.0336531517590013,DAUC < 0.55,source::anneal,,0.0003155335026679,0.0001618278299564,0.0001537056727115,True,near_perfect_baseline,48.71294851794183,,48.71294851794182,,False,abs_delta_mean
tabpfn,anneal,freq_ratio_log,test_time_variant,M2_freq_ratio,TabArena_IID,classification,3,False,598,300,38,32,6,0.8421052631578947,0.43732935660019,0.0336531517590013,DAUC < 0.55,source::anneal,,0.0003155335026679,0.0002488333628684,6.670013979959144e-05,True,near_perfect_baseline,21.13884555383425,,21.13884555383425,,False,abs_delta_mean
tabpfn,anneal,freq_ratio_log__sel_combined_intersection,test_time_variant,selective,TabArena_IID,classification,3,False,598,300,38,32,6,0.8421052631578947,0.43732935660019,0.0336531517590013,DAUC < 0.55,source::anneal,,0.0003155335026679,0.000236650127001,7.888337566693455e-05,True,near_perfect_baseline,24.99999999997948,,24.99999999997948,,False,abs_delta_mean
tabpfn,anneal,freq_ratio_log__sel_combined_union,test_time_variant,selective,TabArena_IID,classification,3,False,598,300,38,32,6,0.8421052631578947,0.43732935660019,0.0336531517590013,DAUC < 0.55,source::anneal,,0.0003155335026679,8.294445428946862e-05,0.0002325890483785,True,near_perfect_baseline,73.71294851794475,,73.71294851794475,,False,abs_delta_mean
tabpfn,anneal,freq_ratio_v2_both_gated,test_time_variant,M2_freq_ratio,TabArena_IID,classification,3,False,598,300,38,32,6,0.8421052631578947,0.43732935660019,0.0336531517590013,DAUC < 0.55,source::anneal,,0.0003155335026679,0.000157766751334,0.0001577667513339,True,near_perfect_baseline,49.99999999999413,,49.99999999999414,,False,abs_delta_mean
tabpfn,anneal,freq_ratio_v2_diff_gated,test_time_variant,M2_freq_ratio,TabArena_IID,classification,3,False,598,300,38,32,6,0.8421052631578947,0.43732935660019,0.0336531517590013,DAUC < 0.55,source::anneal,,0.0003155335026679,0.000157766751334,0.0001577667513339,True,near_perfect_baseline,49.99999999999413,,49.99999999999414,,False,abs_delta_mean
tabpfn,anneal,freq_ratio_v2_ratio_gated,test_time_variant,M2_freq_ratio,TabArena_IID,classification,3,False,598,300,38,32,6,0.8421052631578947,0.43732935660019,0.0336531517590013,DAUC < 0.55,source::anneal,,0.0003155335026679,0.000157766751334,0.0001577667513339,True,near_perfect_baseline,49.99999999999413,,49.99999999999414,,False,abs_delta_mean
tabpfn,anneal,freq_ratio_v2_ratio_ungated,test_time_variant,M2_freq_ratio,TabArena_IID,classification,3,False,598,300,38,32,6,0.8421052631578947,0.43732935660019,0.0336531517590013,DAUC < 0.55,source::anneal,,0.0003155335026679,0.000394416878335,-7.888337566700858e-05,True,near_perfect_baseline,-25.00000000000293,,-25.00000000000293,,False,abs_delta_mean
tabpfn,anneal,groupby_shift_cohen_d,test_time_variant,M14_groupby,TabArena_IID,classification,3,False,598,300,38,32,6,0.8421052631578947,0.43732935660019,0.0336531517590013,DAUC < 0.55,source::anneal,,0.0003155335026679,0.000157766751334,0.0001577667513339,True,near_perfect_baseline,49.99999999999413,,49.99999999999414,,False,abs_delta_mean
tabpfn,anneal,groupby_shift_cohen_d__sel_combined_intersection,test_time_variant,selective,TabArena_IID,classification,3,False,598,300,38,32,6,0.8421052631578947,0.43732935660019,0.0336531517590013,DAUC < 0.55,source::anneal,,0.0003155335026679,0.000157766751334,0.0001577667513339,True,near_perfect_baseline,49.99999999999413,,49.99999999999414,,False,abs_delta_mean
tabpfn,anneal,groupby_shift_cohen_d__sel_combined_union,test_time_variant,selective,TabArena_IID,classification,3,False,598,300,38,32,6,0.8421052631578947,0.43732935660019,0.0336531517590013,DAUC < 0.55,source::anneal,,0.0003155335026679,0.000157766751334,0.0001577667513339,True,near_perfect_baseline,49.99999999999413,,49.99999999999414,,False,abs_delta_mean
tabpfn,anneal,groupby_shift_cohen_d_min10,test_time_variant,M14_groupby,TabArena_IID,classification,3,False,598,300,38,32,6,0.8421052631578947,0.43732935660019,0.0336531517590013,DAUC < 0.55,source::anneal,,0.0003155335026679,8.294445428946862e-05,0.0002325890483785,True,near_perfect_baseline,73.71294851794475,,73.71294851794475,,False,abs_delta_mean
tabpfn,anneal,groupby_shift_ratio_log,test_time_variant,M14_groupby,TabArena_IID,classification,3,False,598,300,38,32,6,0.8421052631578947,0.43732935660019,0.0336531517590013,DAUC < 0.55,source::anneal,,0.0003155335026679,0.000157766751334,0.0001577667513339,True,near_perfect_baseline,49.99999999999413,,49.99999999999414,,False,abs_delta_mean
tabpfn,anneal,groupby_shift_ratio_raw,test_time_variant,M14_groupby,TabArena_IID,classification,3,False,598,300,38,32,6,0.8421052631578947,0.43732935660019,0.0336531517590013,DAUC < 0.55,source::anneal,,0.0003155335026679,0.000236650127001,7.888337566693455e-05,True,near_perfect_baseline,24.99999999997948,,24.99999999997948,,False,abs_delta_mean
tabpfn,anneal,joint_freq_combined,test_time_variant,M1_joint_freq,TabArena_IID,classification,3,False,598,300,38,32,6,0.8421052631578947,0.43732935660019,0.0336531517590013,DAUC < 0.55,source::anneal,,0.0003155335026679,1.2183235867454142e-05,0.0003033502668005,True,near_perfect_baseline,96.1388455538196,,96.1388455538196,,False,abs_delta_mean
tabpfn,anneal,joint_freq_combined__sel_combined_intersection,test_time_variant,selective,TabArena_IID,classification,3,False,598,300,38,32,6,0.8421052631578947,0.43732935660019,0.0336531517590013,DAUC < 0.55,source::anneal,,0.0003155335026679,8.294445428946862e-05,0.0002325890483785,True,near_perfect_baseline,73.71294851794475,,73.71294851794475,,False,abs_delta_mean
tabpfn,anneal,joint_freq_combined__sel_combined_union,test_time_variant,selective,TabArena_IID,classification,3,False,598,300,38,32,6,0.8421052631578947,0.43732935660019,0.0336531517590013,DAUC < 0.55,source::anneal,,0.0003155335026679,8.294445428946862e-05,0.0002325890483785,True,near_perfect_baseline,73.71294851794475,,73.71294851794475,,False,abs_delta_mean
tabpfn,anneal,joint_freq_separate,test_time_variant,M1_joint_freq,TabArena_IID,classification,3,False,598,300,38,32,6,0.8421052631578947,0.43732935660019,0.0336531517590013,DAUC < 0.55,source::anneal,,0.0003155335026679,0.000236650127001,7.888337566693455e-05,True,near_perfect_baseline,24.99999999997948,,24.99999999997948,,False,abs_delta_mean
tabpfn,anneal,joint_freq_separate__sel_combined_intersection,test_time_variant,selective,TabArena_IID,classification,3,False,598,300,38,32,6,0.8421052631578947,0.43732935660019,0.0336531517590013,DAUC < 0.55,source::anneal,,0.0003155335026679,4.061078622534057e-06,0.0003114724240454,True,near_perfect_baseline,98.71294851792422,,98.71294851792425,,False,abs_delta_mean
tabpfn,anneal,joint_freq_separate__sel_combined_union,test_time_variant,selective,TabArena_IID,classification,3,False,598,300,38,32,6,0.8421052631578947,0.43732935660019,0.0336531517590013,DAUC < 0.55,source::anneal,,0.0003155335026679,0.000157766751334,0.0001577667513339,True,near_perfect_baseline,49.99999999999413,,49.99999999999414,,False,abs_delta_mean
tabpfn,anneal,joint_groupby_combined__sel_combined_intersection,test_time_variant,selective,TabArena_IID,classification,3,False,598,300,38,32,6,0.8421052631578947,0.43732935660019,0.0336531517590013,DAUC < 0.55,source::anneal,,0.0003155335026679,0.000149644594089,0.0001658889085789,True,near_perfect_baseline,52.574102964110494,,52.574102964110494,,False,abs_delta_mean
tabpfn,anneal,joint_groupby_combined__sel_combined_union,test_time_variant,selective,TabArena_IID,classification,3,False,598,300,38,32,6,0.8421052631578947,0.43732935660019,0.0336531517590013,DAUC < 0.55,source::anneal,,0.0003155335026679,0.0002325890483785,8.294445428946862e-05,True,near_perfect_baseline,26.287051482055247,,26.287051482055247,,False,abs_delta_mean
tabpfn,anneal,joint_groupby_mean_only,test_time_variant,M14_groupby,TabArena_IID,classification,3,False,598,300,38,32,6,0.8421052631578947,0.43732935660019,0.0336531517590013,DAUC < 0.55,source::anneal,,0.0003155335026679,0.0003155335026679,0.0,True,near_perfect_baseline,0.0,,0.0,,False,abs_delta_mean
tabpfn,anneal,joint_pca_10,test_time_variant,M3_joint_pca,TabArena_IID,classification,3,False,598,300,38,32,6,0.8421052631578947,0.43732935660019,0.0336531517590013,DAUC < 0.55,source::anneal,,0.0003155335026679,0.0001618278299564,0.0001537056727115,True,near_perfect_baseline,48.71294851794183,,48.71294851794182,,False,abs_delta_mean
tabpfn,anneal,joint_pca_5,test_time_variant,M3_joint_pca,TabArena_IID,classification,3,False,598,300,38,32,6,0.8421052631578947,0.43732935660019,0.0336531517590013,DAUC < 0.55,source::anneal,,0.0003155335026679,0.0001618278299564,0.0001537056727115,True,near_perfect_baseline,48.71294851794183,,48.71294851794182,,False,abs_delta_mean
tabpfn,anneal,joint_pca_var90,test_time_variant,M3_joint_pca,TabArena_IID,classification,3,False,598,300,38,32,6,0.8421052631578947,0.43732935660019,0.0336531517590013,DAUC < 0.55,source::anneal,,0.0003155335026679,0.0001618278299564,0.0001537056727115,True,near_perfect_baseline,48.71294851794183,,48.71294851794182,,False,abs_delta_mean
tabpfn,anneal,joint_pca_var95,test_time_variant,M3_joint_pca,TabArena_IID,classification,3,False,598,300,38,32,6,0.8421052631578947,0.43732935660019,0.0336531517590013,DAUC < 0.55,source::anneal,,0.0003155335026679,0.0001618278299564,0.0001537056727115,True,near_perfect_baseline,48.71294851794183,,48.71294851794182,,False,abs_delta_mean
tabpfn,anneal,joint_scaling,test_time_variant,M5_joint_scaling,TabArena_IID,classification,3,False,598,300,38,32,6,0.8421052631578947,0.43732935660019,0.0336531517590013,DAUC < 0.55,source::anneal,,0.0003155335026679,0.0003277167385354,-1.2183235867454142e-05,True,near_perfect_baseline,-3.8611544461803984,,-3.861154446180404,,False,abs_delta_mean
tabpfn,anneal,joint_tsne_2d_p30,test_time_variant,M3b_joint_tsne,TabArena_IID,classification,3,False,598,300,38,32,6,0.8421052631578947,0.43732935660019,0.0336531517590013,DAUC < 0.55,source::anneal,,0.0003155335026679,0.000236650127001,7.888337566693455e-05,True,near_perfect_baseline,24.99999999997948,,24.99999999997948,,False,abs_delta_mean
tabpfn,anneal,joint_tsne_2d_p50,test_time_variant,M3b_joint_tsne,TabArena_IID,classification,3,False,598,300,38,32,6,0.8421052631578947,0.43732935660019,0.0336531517590013,DAUC < 0.55,source::anneal,,0.0003155335026679,0.000236650127001,7.888337566693455e-05,True,near_perfect_baseline,24.99999999997948,,24.99999999997948,,False,abs_delta_mean
tabpfn,anneal,joint_tsne_3d_p30,test_time_variant,M3b_joint_tsne,TabArena_IID,classification,3,False,598,300,38,32,6,0.8421052631578947,0.43732935660019,0.0336531517590013,DAUC < 0.55,source::anneal,,0.0003155335026679,1.2183235867454142e-05,0.0003033502668005,True,near_perfect_baseline,96.1388455538196,,96.1388455538196,,False,abs_delta_mean
tabpfn,anneal,label_prop_k10_a05,test_time_variant,M8_label_prop,TabArena_IID,classification,3,False,598,300,38,32,6,0.8421052631578947,0.43732935660019,0.0336531517590013,DAUC < 0.55,source::anneal,,0.0003155335026679,7.888337566700858e-05,0.0002366501270009,True,near_perfect_baseline,74.99999999999706,,74.99999999999707,,False,abs_delta_mean
tabpfn,anneal,label_prop_k15_a05,test_time_variant,M8_label_prop,TabArena_IID,classification,3,False,598,300,38,32,6,0.8421052631578947,0.43732935660019,0.0336531517590013,DAUC < 0.55,source::anneal,,0.0003155335026679,7.888337566700858e-05,0.0002366501270009,True,near_perfect_baseline,74.99999999999706,,74.99999999999707,,False,abs_delta_mean
tabpfn,anneal,label_prop_k15_a08,test_time_variant,M8_label_prop,TabArena_IID,classification,3,False,598,300,38,32,6,0.8421052631578947,0.43732935660019,0.0336531517590013,DAUC < 0.55,source::anneal,,0.0003155335026679,7.888337566700858e-05,0.0002366501270009,True,near_perfect_baseline,74.99999999999706,,74.99999999999707,,False,abs_delta_mean
tabpfn,anneal,label_prop_v3_adaptive,test_time_variant,M8_label_prop,TabArena_IID,classification,3,False,598,300,38,32,6,0.8421052631578947,0.43732935660019,0.0336531517590013,DAUC < 0.55,source::anneal,,0.0003155335026679,0.000394416878335,-7.888337566700858e-05,True,near_perfect_baseline,-25.00000000000293,,-25.00000000000293,,False,abs_delta_mean
tabpfn,anneal,label_prop_v3_t005_k10,test_time_variant,M8_label_prop,TabArena_IID,classification,3,False,598,300,38,32,6,0.8421052631578947,0.43732935660019,0.0336531517590013,DAUC < 0.55,source::anneal,,0.0003155335026679,0.0020973625140292,-0.0017818290113612,True,near_perfect_baseline,-564.7035881435551,,-564.7035881435551,,False,abs_delta_mean
tabpfn,anneal,label_prop_v3_t005_k15,test_time_variant,M8_label_prop,TabArena_IID,classification,3,False,598,300,38,32,6,0.8421052631578947,0.43732935660019,0.0336531517590013,DAUC < 0.55,source::anneal,,0.0003155335026679,0.0007140114596254,-0.0003984779569574,True,near_perfect_baseline,-126.28705148205523,,-126.28705148205523,,False,abs_delta_mean
tabpfn,anneal,label_prop_v3_t01_k15,test_time_variant,M8_label_prop,TabArena_IID,classification,3,False,598,300,38,32,6,0.8421052631578947,0.43732935660019,0.0336531517590013,DAUC < 0.55,source::anneal,,0.0003155335026679,0.0017899511686061,-0.0014744176659381,True,near_perfect_baseline,-467.2776911076597,,-467.2776911076597,,False,abs_delta_mean
tabpfn,anneal,label_prop_weighted_adaptive_a05,test_time_variant,M8_label_prop,TabArena_IID,classification,3,False,598,300,38,32,6,0.8421052631578947,0.43732935660019,0.0336531517590013,DAUC < 0.55,source::anneal,,0.0003155335026679,0.0002447722842459,7.076121842201448e-05,True,near_perfect_baseline,22.42589703587485,,22.425897035874844,,False,abs_delta_mean
tabpfn,anneal,label_prop_weighted_k10_a05,test_time_variant,M8_label_prop,TabArena_IID,classification,3,False,598,300,38,32,6,0.8421052631578947,0.43732935660019,0.0336531517590013,DAUC < 0.55,source::anneal,,0.0003155335026679,0.0006188837694685,-0.0003033502668005,True,near_perfect_baseline,-96.1388455538196,,-96.1388455538196,,False,abs_delta_mean
tabpfn,anneal,label_prop_weighted_k15_a05,test_time_variant,M8_label_prop,TabArena_IID,classification,3,False,598,300,38,32,6,0.8421052631578947,0.43732935660019,0.0336531517590013,DAUC < 0.55,source::anneal,,0.0003155335026679,0.0003195945812905,-4.061078622534057e-06,True,near_perfect_baseline,-1.2870514820757786,,-1.2870514820757728,,False,abs_delta_mean
tabpfn,anneal,label_prop_weighted_k15_a08,test_time_variant,M8_label_prop,TabArena_IID,classification,3,False,598,300,38,32,6,0.8421052631578947,0.43732935660019,0.0336531517590013,DAUC < 0.55,source::anneal,,0.0003155335026679,0.0008474117392246,-0.0005318782365566,True,near_perfect_baseline,-168.56474258971204,,-168.56474258971204,,False,abs_delta_mean
tabpfn,anneal,leaf_density_conf,test_time_variant,M18_leaf_density,TabArena_IID,classification,3,False,598,300,38,32,6,0.8421052631578947,0.43732935660019,0.0336531517590013,DAUC < 0.55,source::anneal,,0.0003155335026679,0.0001658889085789,0.000149644594089,True,near_perfect_baseline,47.42589703588951,,47.42589703588951,,False,abs_delta_mean
tabpfn,anneal,leaf_density_conf_cumshift,test_time_variant,M18_leaf_density,TabArena_IID,classification,3,False,598,300,38,32,6,0.8421052631578947,0.43732935660019,0.0336531517590013,DAUC < 0.55,source::anneal,,0.0003155335026679,0.0002325890483785,8.294445428946862e-05,True,near_perfect_baseline,26.287051482055247,,26.287051482055247,,False,abs_delta_mean
tabpfn,anneal,leaf_density_conf_deep,test_time_variant,M18_leaf_density,TabArena_IID,classification,3,False,598,300,38,32,6,0.8421052631578947,0.43732935660019,0.0336531517590013,DAUC < 0.55,source::anneal,,0.0003155335026679,0.000157766751334,0.0001577667513339,True,near_perfect_baseline,49.99999999999413,,49.99999999999414,,False,abs_delta_mean
tabpfn,anneal,leaf_density_conf_shallow,test_time_variant,M18_leaf_density,TabArena_IID,classification,3,False,598,300,38,32,6,0.8421052631578947,0.43732935660019,0.0336531517590013,DAUC < 0.55,source::anneal,,0.0003155335026679,0.0001618278299564,0.0001537056727115,True,near_perfect_baseline,48.71294851794183,,48.71294851794182,,False,abs_delta_mean
tabpfn,anneal,leaf_density_embed_k10,test_time_variant,M18_leaf_density,TabArena_IID,classification,3,False,598,300,38,32,6,0.8421052631578947,0.43732935660019,0.0336531517590013,DAUC < 0.55,source::anneal,,0.0003155335026679,0.000236650127001,7.888337566693455e-05,True,near_perfect_baseline,24.99999999997948,,24.99999999997948,,False,abs_delta_mean
tabpfn,anneal,leaf_density_embed_k10_cumshift,test_time_variant,M18_leaf_density,TabArena_IID,classification,3,False,598,300,38,32,6,0.8421052631578947,0.43732935660019,0.0336531517590013,DAUC < 0.55,source::anneal,,0.0003155335026679,0.0001658889085789,0.000149644594089,True,near_perfect_baseline,47.42589703588951,,47.42589703588951,,False,abs_delta_mean
tabpfn,anneal,leaf_density_embed_k20,test_time_variant,M18_leaf_density,TabArena_IID,classification,3,False,598,300,38,32,6,0.8421052631578947,0.43732935660019,0.0336531517590013,DAUC < 0.55,source::anneal,,0.0003155335026679,0.0003903557997125,-7.482229704454853e-05,True,near_perfect_baseline,-23.71294851795061,,-23.71294851795061,,False,abs_delta_mean
tabpfn,anneal,leaf_density_embed_k5,test_time_variant,M18_leaf_density,TabArena_IID,classification,3,False,598,300,38,32,6,0.8421052631578947,0.43732935660019,0.0336531517590013,DAUC < 0.55,source::anneal,,0.0003155335026679,0.0003114724240455,4.061078622460042e-06,True,near_perfect_baseline,1.28705148205231,,1.2870514820523158,,False,abs_delta_mean
tabpfn,anneal,nearest_test_k10_both,test_time_variant,M16_nearest_test_dist,TabArena_IID,classification,3,False,598,300,38,32,6,0.8421052631578947,0.43732935660019,0.0336531517590013,DAUC < 0.55,source::anneal,,0.0003155335026679,0.000157766751334,0.0001577667513339,True,near_perfect_baseline,49.99999999999413,,49.99999999999414,,False,abs_delta_mean
tabpfn,anneal,nearest_test_k10_cumshift_both,test_time_variant,M16_nearest_test_dist,TabArena_IID,classification,3,False,598,300,38,32,6,0.8421052631578947,0.43732935660019,0.0336531517590013,DAUC < 0.55,source::anneal,,0.0003155335026679,0.000157766751334,0.0001577667513339,True,near_perfect_baseline,49.99999999999413,,49.99999999999414,,False,abs_delta_mean
tabpfn,anneal,nearest_test_k10_filter_both,test_time_variant,M16_nearest_test_dist,TabArena_IID,classification,3,False,598,300,38,32,6,0.8421052631578947,0.43732935660019,0.0336531517590013,DAUC < 0.55,source::anneal,,0.0003155335026679,0.000157766751334,0.0001577667513339,True,near_perfect_baseline,49.99999999999413,,49.99999999999414,,False,abs_delta_mean
tabpfn,anneal,nearest_test_k5_both,test_time_variant,M16_nearest_test_dist,TabArena_IID,classification,3,False,598,300,38,32,6,0.8421052631578947,0.43732935660019,0.0336531517590013,DAUC < 0.55,source::anneal,,0.0003155335026679,0.000157766751334,0.0001577667513339,True,near_perfect_baseline,49.99999999999413,,49.99999999999414,,False,abs_delta_mean
tabpfn,anneal,nearest_test_rel_k10_both,test_time_variant,M16_nearest_test_dist,TabArena_IID,classification,3,False,598,300,38,32,6,0.8421052631578947,0.43732935660019,0.0336531517590013,DAUC < 0.55,source::anneal,,0.0003155335026679,8.294445428946862e-05,0.0002325890483785,True,near_perfect_baseline,73.71294851794475,,73.71294851794475,,False,abs_delta_mean
tabpfn,anneal,nearest_test_rel_k10_cumshift_both,test_time_variant,M16_nearest_test_dist,TabArena_IID,classification,3,False,598,300,38,32,6,0.8421052631578947,0.43732935660019,0.0336531517590013,DAUC < 0.55,source::anneal,,0.0003155335026679,7.888337566700858e-05,0.0002366501270009,True,near_perfect_baseline,74.99999999999706,,74.99999999999707,,False,abs_delta_mean
tabpfn,anneal,nearest_test_rel_k5_both,test_time_variant,M16_nearest_test_dist,TabArena_IID,classification,3,False,598,300,38,32,6,0.8421052631578947,0.43732935660019,0.0336531517590013,DAUC < 0.55,source::anneal,,0.0003155335026679,7.888337566700858e-05,0.0002366501270009,True,near_perfect_baseline,74.99999999999706,,74.99999999999707,,False,abs_delta_mean
tabpfn,anneal,neighbor_consensus_k10_dist,test_time_variant,M19_neighbor_consensus,TabArena_IID,classification,3,False,598,300,38,32,6,0.8421052631578947,0.43732935660019,0.0336531517590013,DAUC < 0.55,source::anneal,,0.0003155335026679,0.003520063449229,-0.003204529946561,True,near_perfect_baseline,-1015.591028992206,,,,False,abs_delta_mean
tabpfn,anneal,neighbor_consensus_k10_dist_cumshift,test_time_variant,M19_neighbor_consensus,TabArena_IID,classification,3,False,598,300,38,32,6,0.8421052631578947,0.43732935660019,0.0336531517590013,DAUC < 0.55,source::anneal,,0.0003155335026679,0.0009303561935141,-0.0006148226908461,True,near_perfect_baseline,-194.85179407179072,,-194.85179407179075,,False,abs_delta_mean
tabpfn,anneal,neighbor_consensus_k10_uniform,test_time_variant,M19_neighbor_consensus,TabArena_IID,classification,3,False,598,300,38,32,6,0.8421052631578947,0.43732935660019,0.0336531517590013,DAUC < 0.55,source::anneal,,0.0003155335026679,0.004406492627191,-0.004090959124523,True,near_perfect_baseline,-1296.5213170493498,,,,False,abs_delta_mean
tabpfn,anneal,neighbor_consensus_k20_dist,test_time_variant,M19_neighbor_consensus,TabArena_IID,classification,3,False,598,300,38,32,6,0.8421052631578947,0.43732935660019,0.0336531517590013,DAUC < 0.55,source::anneal,,0.0003155335026679,0.0025120847854765,-0.0021965512828086,True,near_perfect_baseline,-696.138845553843,,-696.138845553843,,False,abs_delta_mean
tabpfn,anneal,neighbor_consensus_k5_dist,test_time_variant,M19_neighbor_consensus,TabArena_IID,classification,3,False,598,300,38,32,6,0.8421052631578947,0.43732935660019,0.0336531517590013,DAUC < 0.55,source::anneal,,0.0003155335026679,0.0011280792934898,-0.0008125457908218,True,near_perfect_baseline,-257.51490220574937,,,,False,abs_delta_mean
tabpfn,anneal,neighbor_consensus_k5_dist_cumshift,test_time_variant,M19_neighbor_consensus,TabArena_IID,classification,3,False,598,300,38,32,6,0.8421052631578947,0.43732935660019,0.0336531517590013,DAUC < 0.55,source::anneal,,0.0003155335026679,0.000780711599425,-0.000465178096757,True,near_perfect_baseline,-147.4258970358778,,-147.42589703587777,,False,abs_delta_mean
tabpfn,anneal,ot_disp_v2_selective,test_time_variant,M9_ot_displacement,TabArena_IID,classification,3,False,598,300,38,32,6,0.8421052631578947,0.43732935660019,0.0336531517590013,DAUC < 0.55,source::anneal,,0.0003155335026679,8.122157244920084e-06,0.000307411345423,True,near_perfect_baseline,97.42589703589536,,97.42589703589536,,False,abs_delta_mean
tabpfn,anneal,ot_disp_v2_selective_abs,test_time_variant,M9_ot_displacement,TabArena_IID,classification,3,False,598,300,38,32,6,0.8421052631578947,0.43732935660019,0.0336531517590013,DAUC < 0.55,source::anneal,,0.0003155335026679,0.000859594975092,-0.000544061472424,True,near_perfect_baseline,-172.42589703589243,,-172.42589703589243,,False,abs_delta_mean
tabpfn,anneal,ot_disp_v2_selective_and_summary,test_time_variant,M9_ot_displacement,TabArena_IID,classification,3,False,598,300,38,32,6,0.8421052631578947,0.43732935660019,0.0336531517590013,DAUC < 0.55,source::anneal,,0.0003155335026679,0.0008463180385797,-0.0005307845359117,True,near_perfect_baseline,-168.21812309112323,,,,False,abs_delta_mean
tabpfn,anneal,ot_disp_v2_selective_and_summary_abs,test_time_variant,M9_ot_displacement,TabArena_IID,classification,3,False,598,300,38,32,6,0.8421052631578947,0.43732935660019,0.0336531517590013,DAUC < 0.55,source::anneal,,0.0003155335026679,0.0008760680827438,-0.0005605345800758,True,near_perfect_baseline,-177.64661290677432,,,,False,abs_delta_mean
tabpfn,anneal,ot_disp_v2_selective_and_summary_top10,test_time_variant,M9_ot_displacement,TabArena_IID,classification,3,False,598,300,38,32,6,0.8421052631578947,0.43732935660019,0.0336531517590013,DAUC < 0.55,source::anneal,,0.0003155335026679,0.0008463180385797,-0.0005307845359117,True,near_perfect_baseline,-168.21812309112323,,,,False,abs_delta_mean
tabpfn,anneal,ot_disp_v2_selective_top10,test_time_variant,M9_ot_displacement,TabArena_IID,classification,3,False,598,300,38,32,6,0.8421052631578947,0.43732935660019,0.0336531517590013,DAUC < 0.55,source::anneal,,0.0003155335026679,8.122157244920084e-06,0.000307411345423,True,near_perfect_baseline,97.42589703589536,,97.42589703589536,,False,abs_delta_mean
tabpfn,anneal,ot_disp_v2_summary_only,test_time_variant,M9_ot_displacement,TabArena_IID,classification,3,False,598,300,38,32,6,0.8421052631578947,0.43732935660019,0.0336531517590013,DAUC < 0.55,source::anneal,,0.0003155335026679,0.0007140686579158,-0.0003985351552478,True,near_perfect_baseline,-126.30517896769996,,,,False,abs_delta_mean
tabpfn,anneal,ot_displacement_mag,test_time_variant,M9_ot_displacement,TabArena_IID,classification,3,False,598,300,38,32,6,0.8421052631578947,0.43732935660019,0.0336531517590013,DAUC < 0.55,source::anneal,,0.0003155335026679,0.0017038033624393,-0.0013882698597713,True,near_perfect_baseline,-439.9754219544971,,,,False,abs_delta_mean
tabpfn,anneal,ot_displacement_no_mag,test_time_variant,M9_ot_displacement,TabArena_IID,classification,3,False,598,300,38,32,6,0.8421052631578947,0.43732935660019,0.0336531517590013,DAUC < 0.55,source::anneal,,0.0003155335026679,0.0010172973473978,-0.0007017638447298,True,near_perfect_baseline,-222.40549380528248,,,,False,abs_delta_mean
tabpfn,anneal,pca_train_only_10,train_only_version,baselines,TabArena_IID,classification,3,False,598,300,38,32,6,0.8421052631578947,0.43732935660019,0.0336531517590013,DAUC < 0.55,source::anneal,,0.0003155335026679,0.0003114724240455,4.061078622460042e-06,True,near_perfect_baseline,1.28705148205231,,1.2870514820523158,,False,abs_delta_mean
tabpfn,anneal,pca_train_only_5,train_only_version,baselines,TabArena_IID,classification,3,False,598,300,38,32,6,0.8421052631578947,0.43732935660019,0.0336531517590013,DAUC < 0.55,source::anneal,,0.0003155335026679,0.0003114724240455,4.061078622460042e-06,True,near_perfect_baseline,1.28705148205231,,1.2870514820523158,,False,abs_delta_mean
tabpfn,anneal,pca_train_only_var90,train_only_version,baselines,TabArena_IID,classification,3,False,598,300,38,32,6,0.8421052631578947,0.43732935660019,0.0336531517590013,DAUC < 0.55,source::anneal,,0.0003155335026679,0.0003114724240455,4.061078622460042e-06,True,near_perfect_baseline,1.28705148205231,,1.2870514820523158,,False,abs_delta_mean
tabpfn,anneal,pca_train_only_var95,train_only_version,baselines,TabArena_IID,classification,3,False,598,300,38,32,6,0.8421052631578947,0.43732935660019,0.0336531517590013,DAUC < 0.55,source::anneal,,0.0003155335026679,0.0003114724240455,4.061078622460042e-06,True,near_perfect_baseline,1.28705148205231,,1.2870514820523158,,False,abs_delta_mean
tabpfn,anneal,pseudo_label_lgbm_conf80_iter5,test_time_variant,M7_pseudo_label,TabArena_IID,classification,3,False,598,300,38,32,6,0.8421052631578947,0.43732935660019,0.0336531517590013,DAUC < 0.55,source::anneal,,0.0003155335026679,0.0007848870746283,-0.0004693535719603,True,near_perfect_baseline,-148.74920348925468,,,,False,abs_delta_mean
tabpfn,anneal,pseudo_label_lgbm_conf90_iter1,test_time_variant,M7_pseudo_label,TabArena_IID,classification,3,False,598,300,38,32,6,0.8421052631578947,0.43732935660019,0.0336531517590013,DAUC < 0.55,source::anneal,,0.0003155335026679,0.0011044816559189,-0.0007889481532509,True,near_perfect_baseline,-250.0362549713305,,,,False,abs_delta_mean
tabpfn,anneal,pseudo_label_lgbm_conf90_iter3,test_time_variant,M7_pseudo_label,TabArena_IID,classification,3,False,598,300,38,32,6,0.8421052631578947,0.43732935660019,0.0336531517590013,DAUC < 0.55,source::anneal,,0.0003155335026679,0.0009467149045849,-0.0006311814019169,True,near_perfect_baseline,-200.03625497133635,,,,False,abs_delta_mean
tabpfn,anneal,pseudo_label_lgbm_conf95_iter3,test_time_variant,M7_pseudo_label,TabArena_IID,classification,3,False,598,300,38,32,6,0.8421052631578947,0.43732935660019,0.0336531517590013,DAUC < 0.55,source::anneal,,0.0003155335026679,0.0011670635188056,-0.0008515300161376,True,near_perfect_baseline,-269.869921557456,,,,False,abs_delta_mean
tabpfn,anneal,pseudo_label_v2_cal_iso_wfixed_conf90,test_time_variant,M7_pseudo_label,TabArena_IID,classification,3,False,598,300,38,32,6,0.8421052631578947,0.43732935660019,0.0336531517590013,DAUC < 0.55,source::anneal,,0.0003155335026679,0.0019274697251181,-0.0016119362224501,True,near_perfect_baseline,-510.8605611830136,,,,False,abs_delta_mean
tabpfn,anneal,pseudo_label_v2_cal_iso_wprop_conf85,test_time_variant,M7_pseudo_label,TabArena_IID,classification,3,False,598,300,38,32,6,0.8421052631578947,0.43732935660019,0.0336531517590013,DAUC < 0.55,source::anneal,,0.0003155335026679,0.0015574765168085,-0.0012419430141405,True,near_perfect_baseline,-393.6009975610396,,,,False,abs_delta_mean
tabpfn,anneal,pseudo_label_v2_cal_iso_wprop_conf90,test_time_variant,M7_pseudo_label,TabArena_IID,classification,3,False,598,300,38,32,6,0.8421052631578947,0.43732935660019,0.0336531517590013,DAUC < 0.55,source::anneal,,0.0003155335026679,0.0019274697251181,-0.0016119362224501,True,near_perfect_baseline,-510.8605611830136,,,,False,abs_delta_mean
tabpfn,anneal,pseudo_label_v2_cal_iso_wquad_conf90,test_time_variant,M7_pseudo_label,TabArena_IID,classification,3,False,598,300,38,32,6,0.8421052631578947,0.43732935660019,0.0336531517590013,DAUC < 0.55,source::anneal,,0.0003155335026679,0.0019274697251181,-0.0016119362224501,True,near_perfect_baseline,-510.8605611830136,,,,False,abs_delta_mean
tabpfn,anneal,pseudo_label_v2_cal_platt_wprop_conf90,test_time_variant,M7_pseudo_label,TabArena_IID,classification,3,False,598,300,38,32,6,0.8421052631578947,0.43732935660019,0.0336531517590013,DAUC < 0.55,source::anneal,,0.0003155335026679,0.001167120717096,-0.000851587214428,True,near_perfect_baseline,-269.8880490431007,,,,False,abs_delta_mean
tabpfn,anneal,target_enc_absolute,test_time_variant,M4_target_encoding,TabArena_IID,classification,3,False,598,300,38,32,6,0.8421052631578947,0.43732935660019,0.0336531517590013,DAUC < 0.55,source::anneal,,0.0003155335026679,0.0001618278299564,0.0001537056727115,True,near_perfect_baseline,48.71294851794183,,48.71294851794182,,False,abs_delta_mean
tabpfn,anneal,target_enc_diff,test_time_variant,M4_target_encoding,TabArena_IID,classification,3,False,598,300,38,32,6,0.8421052631578947,0.43732935660019,0.0336531517590013,DAUC < 0.55,source::anneal,,0.0003155335026679,0.000157766751334,0.0001577667513339,True,near_perfect_baseline,49.99999999999413,,49.99999999999414,,False,abs_delta_mean
tabpfn,anneal,target_enc_inv_ratio,test_time_variant,M4_target_encoding,TabArena_IID,classification,3,False,598,300,38,32,6,0.8421052631578947,0.43732935660019,0.0336531517590013,DAUC < 0.55,source::anneal,,0.0003155335026679,8.700553291200268e-05,0.0002285279697559,True,near_perfect_baseline,72.42589703586897,,72.42589703586899,,False,abs_delta_mean
tabpfn,anneal,target_enc_oof_absolute,test_time_variant,M4_target_encoding,TabArena_IID,classification,3,False,598,300,38,32,6,0.8421052631578947,0.43732935660019,0.0336531517590013,DAUC < 0.55,source::anneal,,0.0003155335026679,0.000307411345423,8.1221572449941e-06,True,near_perfect_baseline,2.5741029641280884,,2.5741029641280884,,False,abs_delta_mean
tabpfn,anneal,target_enc_oof_diff,test_time_variant,M4_target_encoding,TabArena_IID,classification,3,False,598,300,38,32,6,0.8421052631578947,0.43732935660019,0.0336531517590013,DAUC < 0.55,source::anneal,,0.0003155335026679,0.0002325890483785,8.294445428946862e-05,True,near_perfect_baseline,26.287051482055247,,26.287051482055247,,False,abs_delta_mean
tabpfn,anneal,target_enc_oof_inv_ratio,test_time_variant,M4_target_encoding,TabArena_IID,classification,3,False,598,300,38,32,6,0.8421052631578947,0.43732935660019,0.0336531517590013,DAUC < 0.55,source::anneal,,0.0003155335026679,0.000236650127001,7.888337566693455e-05,True,near_perfect_baseline,24.99999999997948,,24.99999999997948,,False,abs_delta_mean
tabpfn,anneal,target_enc_oof_ratio,test_time_variant,M4_target_encoding,TabArena_IID,classification,3,False,598,300,38,32,6,0.8421052631578947,0.43732935660019,0.0336531517590013,DAUC < 0.55,source::anneal,,0.0003155335026679,0.00038629472109,-7.076121842201448e-05,True,near_perfect_baseline,-22.42589703587485,,-22.425897035874844,,False,abs_delta_mean
tabpfn,anneal,target_enc_oof_ratio_cap5,test_time_variant,M4_target_encoding,TabArena_IID,classification,3,False,598,300,38,32,6,0.8421052631578947,0.43732935660019,0.0336531517590013,DAUC < 0.55,source::anneal,,0.0003155335026679,0.00038629472109,-7.076121842201448e-05,True,near_perfect_baseline,-22.42589703587485,,-22.425897035874844,,False,abs_delta_mean
tabpfn,anneal,target_enc_ratio,test_time_variant,M4_target_encoding,TabArena_IID,classification,3,False,598,300,38,32,6,0.8421052631578947,0.43732935660019,0.0336531517590013,DAUC < 0.55,source::anneal,,0.0003155335026679,8.700553291200268e-05,0.0002285279697559,True,near_perfect_baseline,72.42589703586897,,72.42589703586899,,False,abs_delta_mean
tabpfn,anneal,target_enc_ratio__sel_combined_intersection,test_time_variant,selective,TabArena_IID,classification,3,False,598,300,38,32,6,0.8421052631578947,0.43732935660019,0.0336531517590013,DAUC < 0.55,source::anneal,,0.0003155335026679,4.061078622534057e-06,0.0003114724240454,True,near_perfect_baseline,98.71294851792422,,98.71294851792425,,False,abs_delta_mean
tabpfn,anneal,target_enc_ratio__sel_combined_union,test_time_variant,selective,TabArena_IID,classification,3,False,598,300,38,32,6,0.8421052631578947,0.43732935660019,0.0336531517590013,DAUC < 0.55,source::anneal,,0.0003155335026679,0.000157766751334,0.0001577667513339,True,near_perfect_baseline,49.99999999999413,,49.99999999999414,,False,abs_delta_mean
tabpfn,anneal,target_enc_ratio_cap5,test_time_variant,M4_target_encoding,TabArena_IID,classification,3,False,598,300,38,32,6,0.8421052631578947,0.43732935660019,0.0336531517590013,DAUC < 0.55,source::anneal,,0.0003155335026679,8.700553291200268e-05,0.0002285279697559,True,near_perfect_baseline,72.42589703586897,,72.42589703586899,,False,abs_delta_mean
tabpfn,anneal,target_enc_standard_m10,train_only_version,baselines,TabArena_IID,classification,3,False,598,300,38,32,6,0.8421052631578947,0.43732935660019,0.0336531517590013,DAUC < 0.55,source::anneal,,0.0003155335026679,0.000157766751334,0.0001577667513339,True,near_perfect_baseline,49.99999999999413,,49.99999999999414,,False,abs_delta_mean
tabpfn,anneal,target_enc_standard_m20,train_only_version,baselines,TabArena_IID,classification,3,False,598,300,38,32,6,0.8421052631578947,0.43732935660019,0.0336531517590013,DAUC < 0.55,source::anneal,,0.0003155335026679,8.294445428946862e-05,0.0002325890483785,True,near_perfect_baseline,73.71294851794475,,73.71294851794475,,False,abs_delta_mean
tabpfn,anneal,target_enc_standard_m5,train_only_version,baselines,TabArena_IID,classification,3,False,598,300,38,32,6,0.8421052631578947,0.43732935660019,0.0336531517590013,DAUC < 0.55,source::anneal,,0.0003155335026679,0.0001618278299564,0.0001537056727115,True,near_perfect_baseline,48.71294851794183,,48.71294851794182,,False,abs_delta_mean
tabpfn,anneal,targeted_groupby_top3,test_time_variant,M14_groupby,TabArena_IID,classification,3,False,598,300,38,32,6,0.8421052631578947,0.43732935660019,0.0336531517590013,DAUC < 0.55,source::anneal,,0.0003155335026679,0.0003903557997125,-7.482229704454853e-05,True,near_perfect_baseline,-23.71294851795061,,-23.71294851795061,,False,abs_delta_mean
tabpfn,anneal,targeted_groupby_top3_shifted_agg,test_time_variant,M14_groupby,TabArena_IID,classification,3,False,598,300,38,32,6,0.8421052631578947,0.43732935660019,0.0336531517590013,DAUC < 0.55,source::anneal,,0.0003155335026679,0.0003903557997125,-7.482229704454853e-05,True,near_perfect_baseline,-23.71294851795061,,-23.71294851795061,,False,abs_delta_mean
tabpfn,anneal,targeted_groupby_top5,test_time_variant,M14_groupby,TabArena_IID,classification,3,False,598,300,38,32,6,0.8421052631578947,0.43732935660019,0.0336531517590013,DAUC < 0.55,source::anneal,,0.0003155335026679,7.888337566700858e-05,0.0002366501270009,True,near_perfect_baseline,74.99999999999706,,74.99999999999707,,False,abs_delta_mean
tabpfn,anneal,targeted_groupby_top5_shifted_agg,test_time_variant,M14_groupby,TabArena_IID,classification,3,False,598,300,38,32,6,0.8421052631578947,0.43732935660019,0.0336531517590013,DAUC < 0.55,source::anneal,,0.0003155335026679,7.888337566700858e-05,0.0002366501270009,True,near_perfect_baseline,74.99999999999706,,74.99999999999707,,False,abs_delta_mean
tabpfn,anneal,tdda_k10_lam07_aug1,test_time_variant,M17_tdda,TabArena_IID,classification,3,False,598,300,38,32,6,0.8421052631578947,0.43732935660019,0.0336531517590013,DAUC < 0.55,source::anneal,,0.0003155335026679,8.122157244920084e-06,0.000307411345423,True,near_perfect_baseline,97.42589703589536,,97.42589703589536,,False,abs_delta_mean
tabpfn,anneal,tdda_k5_lam06_aug1,test_time_variant,M17_tdda,TabArena_IID,classification,3,False,598,300,38,32,6,0.8421052631578947,0.43732935660019,0.0336531517590013,DAUC < 0.55,source::anneal,,0.0003155335026679,0.0001131728738994,0.0002023606287685,True,near_perfect_baseline,64.13285025439455,,,,False,abs_delta_mean
tabpfn,anneal,tdda_k5_lam07_aug1,test_time_variant,M17_tdda,TabArena_IID,classification,3,False,598,300,38,32,6,0.8421052631578947,0.43732935660019,0.0336531517590013,DAUC < 0.55,source::anneal,,0.0003155335026679,8.122157244920084e-06,0.000307411345423,True,near_perfect_baseline,97.42589703589536,,97.42589703589536,,False,abs_delta_mean
tabpfn,anneal,tdda_k5_lam07_aug1_cumshift,test_time_variant,M17_tdda,TabArena_IID,classification,3,False,598,300,38,32,6,0.8421052631578947,0.43732935660019,0.0336531517590013,DAUC < 0.55,source::anneal,,0.0003155335026679,8.294445428946862e-05,0.0002325890483785,True,near_perfect_baseline,73.71294851794475,,73.71294851794475,,False,abs_delta_mean
tabpfn,anneal,tdda_k5_lam07_aug2,test_time_variant,M17_tdda,TabArena_IID,classification,3,False,598,300,38,32,6,0.8421052631578947,0.43732935660019,0.0336531517590013,DAUC < 0.55,source::anneal,,0.0003155335026679,0.0001618278299564,0.0001537056727115,True,near_perfect_baseline,48.71294851794183,,48.71294851794182,,False,abs_delta_mean
tabpfn,anneal,tdda_k5_lam08_aug1,test_time_variant,M17_tdda,TabArena_IID,classification,3,False,598,300,38,32,6,0.8421052631578947,0.43732935660019,0.0336531517590013,DAUC < 0.55,source::anneal,,0.0003155335026679,8.700553291200268e-05,0.0002285279697559,True,near_perfect_baseline,72.42589703586897,,72.42589703586899,,False,abs_delta_mean
tabpfn,anneal,tdda_v2_k10_lam07_pfl_dw,test_time_variant,M17_tdda,TabArena_IID,classification,3,False,598,300,38,32,6,0.8421052631578947,0.43732935660019,0.0336531517590013,DAUC < 0.55,source::anneal,,0.0003155335026679,0.0001537056727115,0.0001618278299564,True,near_perfect_baseline,51.287051482058175,,51.28705148205818,,False,abs_delta_mean
tabpfn,anneal,tdda_v2_k5_lam06_pfl_dw,test_time_variant,M17_tdda,TabArena_IID,classification,3,False,598,300,38,32,6,0.8421052631578947,0.43732935660019,0.0336531517590013,DAUC < 0.55,source::anneal,,0.0003155335026679,8.122157244920084e-06,0.000307411345423,True,near_perfect_baseline,97.42589703589536,,97.42589703589536,,False,abs_delta_mean
tabpfn,anneal,tdda_v2_k5_lam07_nopfl_dw,test_time_variant,M17_tdda,TabArena_IID,classification,3,False,598,300,38,32,6,0.8421052631578947,0.43732935660019,0.0336531517590013,DAUC < 0.55,source::anneal,,0.0003155335026679,8.122157244920084e-06,0.000307411345423,True,near_perfect_baseline,97.42589703589536,,97.42589703589536,,False,abs_delta_mean
tabpfn,anneal,tdda_v2_k5_lam07_pfl_dw,test_time_variant,M17_tdda,TabArena_IID,classification,3,False,598,300,38,32,6,0.8421052631578947,0.43732935660019,0.0336531517590013,DAUC < 0.55,source::anneal,,0.0003155335026679,0.0001537056727115,0.0001618278299564,True,near_perfect_baseline,51.287051482058175,,51.28705148205818,,False,abs_delta_mean
tabpfn,anneal,tdda_v2_k5_lam07_pfl_dw_cumshift,test_time_variant,M17_tdda,TabArena_IID,classification,3,False,598,300,38,32,6,0.8421052631578947,0.43732935660019,0.0336531517590013,DAUC < 0.55,source::anneal,,0.0003155335026679,7.888337566700858e-05,0.0002366501270009,True,near_perfect_baseline,74.99999999999706,,74.99999999999707,,False,abs_delta_mean
tabpfn,anneal,tdda_v2_k5_lam07_pfl_nodw,test_time_variant,M17_tdda,TabArena_IID,classification,3,False,598,300,38,32,6,0.8421052631578947,0.43732935660019,0.0336531517590013,DAUC < 0.55,source::anneal,,0.0003155335026679,0.0001537056727115,0.0001618278299564,True,near_perfect_baseline,51.287051482058175,,51.28705148205818,,False,abs_delta_mean
tabpfn,anneal,train_only_scaling,train_only_version,baselines,TabArena_IID,classification,3,False,598,300,38,32,6,0.8421052631578947,0.43732935660019,0.0336531517590013,DAUC < 0.55,source::anneal,,0.0003155335026679,0.0003236556599129,-8.122157244920084e-06,True,near_perfect_baseline,-2.574102964104637,,-2.574102964104632,,False,abs_delta_mean
tabpfn,hazelnut-spread-contaminant-detection,adversarial_lgbm_both_ratio,test_time_variant,M6_adversarial,TabArena_IID,classification,3,False,1600,800,30,0,30,0.0,0.5092881944444444,0.0430034722222222,DAUC < 0.55,source::hazelnut-spread-contaminant-detection,,0.0124041666666666,0.0125302083333333,-0.0001260416666667,True,near_perfect_baseline,-1.0161236143772117,,-1.1264011176828246,,False,abs_delta_mean
tabpfn,hazelnut-spread-contaminant-detection,adversarial_lgbm_cal_iso_both_ratio,test_time_variant,M6_adversarial,TabArena_IID,classification,3,False,1600,800,30,0,30,0.0,0.5092881944444444,0.0430034722222222,DAUC < 0.55,source::hazelnut-spread-contaminant-detection,,0.0124041666666666,0.0126885416666666,-0.000284375,True,near_perfect_baseline,-2.292576419214002,,-2.5163739068707325,,False,abs_delta_mean
tabpfn,hazelnut-spread-contaminant-detection,adversarial_lgbm_cal_iso_feature,test_time_variant,M6_adversarial,TabArena_IID,classification,3,False,1600,800,30,0,30,0.0,0.5092881944444444,0.0430034722222222,DAUC < 0.55,source::hazelnut-spread-contaminant-detection,,0.0124041666666666,0.0126885416666666,-0.000284375,True,near_perfect_baseline,-2.292576419214002,,-2.5163739068707325,,False,abs_delta_mean
tabpfn,hazelnut-spread-contaminant-detection,adversarial_lgbm_cal_platt_feature,test_time_variant,M6_adversarial,TabArena_IID,classification,3,False,1600,800,30,0,30,0.0,0.5092881944444444,0.0430034722222222,DAUC < 0.55,source::hazelnut-spread-contaminant-detection,,0.0124041666666666,0.0125229166666666,-0.00011875,True,near_perfect_baseline,-0.957339603627974,,-0.955541851930644,,False,abs_delta_mean
tabpfn,hazelnut-spread-contaminant-detection,adversarial_lgbm_feature,test_time_variant,M6_adversarial,TabArena_IID,classification,3,False,1600,800,30,0,30,0.0,0.5092881944444444,0.0430034722222222,DAUC < 0.55,source::hazelnut-spread-contaminant-detection,,0.0124041666666666,0.0125302083333333,-0.0001260416666667,True,near_perfect_baseline,-1.0161236143772117,,-1.1264011176828246,,False,abs_delta_mean
tabpfn,hazelnut-spread-contaminant-detection,adversarial_logreg_feature,test_time_variant,M6_adversarial,TabArena_IID,classification,3,False,1600,800,30,0,30,0.0,0.5092881944444444,0.0430034722222222,DAUC < 0.55,source::hazelnut-spread-contaminant-detection,,0.0124041666666666,0.0129802083333333,-0.0005760416666666,True,near_perfect_baseline,-4.643936849176948,,-4.476486324685798,,False,abs_delta_mean
tabpfn,hazelnut-spread-contaminant-detection,adversarial_rf_feature,test_time_variant,M6_adversarial,TabArena_IID,classification,3,False,1600,800,30,0,30,0.0,0.5092881944444444,0.0430034722222222,DAUC < 0.55,source::hazelnut-spread-contaminant-detection,,0.0124041666666666,0.0127166666666666,-0.0003124999999999,True,near_perfect_baseline,-2.519314746388776,,-2.797531242489621,,False,abs_delta_mean
tabpfn,hazelnut-spread-contaminant-detection,cluster_membership_k10_both,test_time_variant,M20_cluster_membership,TabArena_IID,classification,3,False,1600,800,30,0,30,0.0,0.5092881944444444,0.0430034722222222,DAUC < 0.55,source::hazelnut-spread-contaminant-detection,,0.0124041666666666,0.0127479166666666,-0.0003437499999999,True,near_perfect_baseline,-2.7712462210276883,,-2.1672228001939846,,False,abs_delta_mean
tabpfn,hazelnut-spread-contaminant-detection,cluster_membership_k10_both_cumshift,test_time_variant,M20_cluster_membership,TabArena_IID,classification,3,False,1600,800,30,0,30,0.0,0.5092881944444444,0.0430034722222222,DAUC < 0.55,source::hazelnut-spread-contaminant-detection,,0.0124041666666666,0.012459375,-5.52083333333527e-05,True,near_perfect_baseline,-0.4450789385288811,,-0.3496504175692789,,False,abs_delta_mean
tabpfn,hazelnut-spread-contaminant-detection,cluster_membership_k10_feature,test_time_variant,M20_cluster_membership,TabArena_IID,classification,3,False,1600,800,30,0,30,0.0,0.5092881944444444,0.0430034722222222,DAUC < 0.55,source::hazelnut-spread-contaminant-detection,,0.0124041666666666,0.012778125,-0.0003739583333333,True,near_perfect_baseline,-3.014779979845613,,-2.3834901333490444,,False,abs_delta_mean
tabpfn,hazelnut-spread-contaminant-detection,cluster_membership_k10_feature_cumshift,test_time_variant,M20_cluster_membership,TabArena_IID,classification,3,False,1600,800,30,0,30,0.0,0.5092881944444444,0.0430034722222222,DAUC < 0.55,source::hazelnut-spread-contaminant-detection,,0.0124041666666666,0.012396875,7.291666666649672e-06,True,near_perfect_baseline,0.0587840107489439,,0.0545395067362046,,False,abs_delta_mean
tabpfn,hazelnut-spread-contaminant-detection,cluster_membership_k10_weight,test_time_variant,M20_cluster_membership,TabArena_IID,classification,3,False,1600,800,30,0,30,0.0,0.5092881944444444,0.0430034722222222,DAUC < 0.55,source::hazelnut-spread-contaminant-detection,,0.0124041666666666,0.012471875,-6.770833333336057e-05,True,near_perfect_baseline,-0.5458515283844994,,0.4453994154073604,,False,abs_delta_mean
tabpfn,hazelnut-spread-contaminant-detection,cluster_membership_k15_both,test_time_variant,M20_cluster_membership,TabArena_IID,classification,3,False,1600,800,30,0,30,0.0,0.5092881944444444,0.0430034722222222,DAUC < 0.55,source::hazelnut-spread-contaminant-detection,,0.0124041666666666,0.0130166666666666,-0.0006125,True,near_perfect_baseline,-4.937856902922535,,-4.816977989637354,,False,abs_delta_mean
tabpfn,hazelnut-spread-contaminant-detection,cluster_membership_k5_both,test_time_variant,M20_cluster_membership,TabArena_IID,classification,3,False,1600,800,30,0,30,0.0,0.5092881944444444,0.0430034722222222,DAUC < 0.55,source::hazelnut-spread-contaminant-detection,,0.0124041666666666,0.0122625,0.0001416666666666,True,near_perfect_baseline,1.1420893516960595,,2.2225316992887376,,False,abs_delta_mean
tabpfn,hazelnut-spread-contaminant-detection,cluster_membership_k5_feature,test_time_variant,M20_cluster_membership,TabArena_IID,classification,3,False,1600,800,30,0,30,0.0,0.5092881944444444,0.0430034722222222,DAUC < 0.55,source::hazelnut-spread-contaminant-detection,,0.0124041666666666,0.0122520833333333,0.0001520833333333,True,near_perfect_baseline,1.2260665099091284,,2.4867115784923484,,False,abs_delta_mean
tabpfn,hazelnut-spread-contaminant-detection,freq_enc_train_only,train_only_version,baselines,TabArena_IID,classification,3,False,1600,800,30,0,30,0.0,0.5092881944444444,0.0430034722222222,DAUC < 0.55,source::hazelnut-spread-contaminant-detection,,0.0124041666666666,0.0124041666666666,0.0,True,near_perfect_baseline,0.0,,0.0,,False,abs_delta_mean
tabpfn,hazelnut-spread-contaminant-detection,freq_ratio_log,test_time_variant,M2_freq_ratio,TabArena_IID,classification,3,False,1600,800,30,0,30,0.0,0.5092881944444444,0.0430034722222222,DAUC < 0.55,source::hazelnut-spread-contaminant-detection,,0.0124041666666666,0.0124041666666666,0.0,True,near_perfect_baseline,0.0,,0.0,,False,abs_delta_mean
tabpfn,hazelnut-spread-contaminant-detection,freq_ratio_log__sel_combined_intersection,test_time_variant,selective,TabArena_IID,classification,3,False,1600,800,30,0,30,0.0,0.5092881944444444,0.0430034722222222,DAUC < 0.55,source::hazelnut-spread-contaminant-detection,,0.0124041666666666,0.0122802083333333,0.0001239583333333,True,near_perfect_baseline,0.9993281827343544,,0.7390981716819428,,False,abs_delta_mean
tabpfn,hazelnut-spread-contaminant-detection,freq_ratio_log__sel_combined_union,test_time_variant,selective,TabArena_IID,classification,3,False,1600,800,30,0,30,0.0,0.5092881944444444,0.0430034722222222,DAUC < 0.55,source::hazelnut-spread-contaminant-detection,,0.0124041666666666,0.0128624999999999,-0.0004583333333333,True,near_perfect_baseline,-3.6949949613705497,,-4.457909265752701,,False,abs_delta_mean
tabpfn,hazelnut-spread-contaminant-detection,freq_ratio_v2_both_gated,test_time_variant,M2_freq_ratio,TabArena_IID,classification,3,False,1600,800,30,0,30,0.0,0.5092881944444444,0.0430034722222222,DAUC < 0.55,source::hazelnut-spread-contaminant-detection,,0.0124041666666666,0.0124041666666666,0.0,True,near_perfect_baseline,0.0,,0.0,,False,abs_delta_mean
tabpfn,hazelnut-spread-contaminant-detection,freq_ratio_v2_diff_gated,test_time_variant,M2_freq_ratio,TabArena_IID,classification,3,False,1600,800,30,0,30,0.0,0.5092881944444444,0.0430034722222222,DAUC < 0.55,source::hazelnut-spread-contaminant-detection,,0.0124041666666666,0.0124041666666666,0.0,True,near_perfect_baseline,0.0,,0.0,,False,abs_delta_mean
tabpfn,hazelnut-spread-contaminant-detection,freq_ratio_v2_ratio_gated,test_time_variant,M2_freq_ratio,TabArena_IID,classification,3,False,1600,800,30,0,30,0.0,0.5092881944444444,0.0430034722222222,DAUC < 0.55,source::hazelnut-spread-contaminant-detection,,0.0124041666666666,0.0124041666666666,0.0,True,near_perfect_baseline,0.0,,0.0,,False,abs_delta_mean
tabpfn,hazelnut-spread-contaminant-detection,freq_ratio_v2_ratio_ungated,test_time_variant,M2_freq_ratio,TabArena_IID,classification,3,False,1600,800,30,0,30,0.0,0.5092881944444444,0.0430034722222222,DAUC < 0.55,source::hazelnut-spread-contaminant-detection,,0.0124041666666666,0.0124041666666666,0.0,True,near_perfect_baseline,0.0,,0.0,,False,abs_delta_mean
tabpfn,hazelnut-spread-contaminant-detection,groupby_shift_cohen_d,test_time_variant,M14_groupby,TabArena_IID,classification,3,False,1600,800,30,0,30,0.0,0.5092881944444444,0.0430034722222222,DAUC < 0.55,source::hazelnut-spread-contaminant-detection,,0.0124041666666666,0.0124041666666666,0.0,True,near_perfect_baseline,0.0,,0.0,,False,abs_delta_mean
tabpfn,hazelnut-spread-contaminant-detection,groupby_shift_cohen_d__sel_combined_intersection,test_time_variant,selective,TabArena_IID,classification,3,False,1600,800,30,0,30,0.0,0.5092881944444444,0.0430034722222222,DAUC < 0.55,source::hazelnut-spread-contaminant-detection,,0.0124041666666666,0.0122802083333333,0.0001239583333333,True,near_perfect_baseline,0.9993281827343544,,0.7390981716819428,,False,abs_delta_mean
tabpfn,hazelnut-spread-contaminant-detection,groupby_shift_cohen_d__sel_combined_union,test_time_variant,selective,TabArena_IID,classification,3,False,1600,800,30,0,30,0.0,0.5092881944444444,0.0430034722222222,DAUC < 0.55,source::hazelnut-spread-contaminant-detection,,0.0124041666666666,0.0128624999999999,-0.0004583333333333,True,near_perfect_baseline,-3.6949949613705497,,-4.457909265752701,,False,abs_delta_mean
tabpfn,hazelnut-spread-contaminant-detection,groupby_shift_cohen_d_min10,test_time_variant,M14_groupby,TabArena_IID,classification,3,False,1600,800,30,0,30,0.0,0.5092881944444444,0.0430034722222222,DAUC < 0.55,source::hazelnut-spread-contaminant-detection,,0.0124041666666666,0.0124041666666666,0.0,True,near_perfect_baseline,0.0,,0.0,,False,abs_delta_mean
tabpfn,hazelnut-spread-contaminant-detection,groupby_shift_ratio_log,test_time_variant,M14_groupby,TabArena_IID,classification,3,False,1600,800,30,0,30,0.0,0.5092881944444444,0.0430034722222222,DAUC < 0.55,source::hazelnut-spread-contaminant-detection,,0.0124041666666666,0.0124041666666666,0.0,True,near_perfect_baseline,0.0,,0.0,,False,abs_delta_mean
tabpfn,hazelnut-spread-contaminant-detection,groupby_shift_ratio_raw,test_time_variant,M14_groupby,TabArena_IID,classification,3,False,1600,800,30,0,30,0.0,0.5092881944444444,0.0430034722222222,DAUC < 0.55,source::hazelnut-spread-contaminant-detection,,0.0124041666666666,0.0124041666666666,0.0,True,near_perfect_baseline,0.0,,0.0,,False,abs_delta_mean
tabpfn,hazelnut-spread-contaminant-detection,groupby_train_only,train_only_version,baselines,TabArena_IID,classification,3,False,1600,800,30,0,30,0.0,0.5092881944444444,0.0430034722222222,DAUC < 0.55,source::hazelnut-spread-contaminant-detection,,0.0124041666666666,0.0124041666666666,0.0,True,near_perfect_baseline,0.0,,0.0,,False,abs_delta_mean
tabpfn,hazelnut-spread-contaminant-detection,joint_freq_combined,test_time_variant,M1_joint_freq,TabArena_IID,classification,3,False,1600,800,30,0,30,0.0,0.5092881944444444,0.0430034722222222,DAUC < 0.55,source::hazelnut-spread-contaminant-detection,,0.0124041666666666,0.0124041666666666,0.0,True,near_perfect_baseline,0.0,,0.0,,False,abs_delta_mean
tabpfn,hazelnut-spread-contaminant-detection,joint_freq_combined__sel_combined_intersection,test_time_variant,selective,TabArena_IID,classification,3,False,1600,800,30,0,30,0.0,0.5092881944444444,0.0430034722222222,DAUC < 0.55,source::hazelnut-spread-contaminant-detection,,0.0124041666666666,0.0122802083333333,0.0001239583333333,True,near_perfect_baseline,0.9993281827343544,,0.7390981716819428,,False,abs_delta_mean
tabpfn,hazelnut-spread-contaminant-detection,joint_freq_combined__sel_combined_union,test_time_variant,selective,TabArena_IID,classification,3,False,1600,800,30,0,30,0.0,0.5092881944444444,0.0430034722222222,DAUC < 0.55,source::hazelnut-spread-contaminant-detection,,0.0124041666666666,0.0128624999999999,-0.0004583333333333,True,near_perfect_baseline,-3.6949949613705497,,-4.457909265752701,,False,abs_delta_mean
tabpfn,hazelnut-spread-contaminant-detection,joint_freq_separate,test_time_variant,M1_joint_freq,TabArena_IID,classification,3,False,1600,800,30,0,30,0.0,0.5092881944444444,0.0430034722222222,DAUC < 0.55,source::hazelnut-spread-contaminant-detection,,0.0124041666666666,0.0124041666666666,0.0,True,near_perfect_baseline,0.0,,0.0,,False,abs_delta_mean
tabpfn,hazelnut-spread-contaminant-detection,joint_freq_separate__sel_combined_intersection,test_time_variant,selective,TabArena_IID,classification,3,False,1600,800,30,0,30,0.0,0.5092881944444444,0.0430034722222222,DAUC < 0.55,source::hazelnut-spread-contaminant-detection,,0.0124041666666666,0.0122802083333333,0.0001239583333333,True,near_perfect_baseline,0.9993281827343544,,0.7390981716819428,,False,abs_delta_mean
tabpfn,hazelnut-spread-contaminant-detection,joint_freq_separate__sel_combined_union,test_time_variant,selective,TabArena_IID,classification,3,False,1600,800,30,0,30,0.0,0.5092881944444444,0.0430034722222222,DAUC < 0.55,source::hazelnut-spread-contaminant-detection,,0.0124041666666666,0.0128624999999999,-0.0004583333333333,True,near_perfect_baseline,-3.6949949613705497,,-4.457909265752701,,False,abs_delta_mean
tabpfn,hazelnut-spread-contaminant-detection,joint_groupby_combined,test_time_variant,M14_groupby,TabArena_IID,classification,3,False,1600,800,30,0,30,0.0,0.5092881944444444,0.0430034722222222,DAUC < 0.55,source::hazelnut-spread-contaminant-detection,,0.0124041666666666,0.0124041666666666,0.0,True,near_perfect_baseline,0.0,,0.0,,False,abs_delta_mean
tabpfn,hazelnut-spread-contaminant-detection,joint_groupby_combined__sel_combined_intersection,test_time_variant,selective,TabArena_IID,classification,3,False,1600,800,30,0,30,0.0,0.5092881944444444,0.0430034722222222,DAUC < 0.55,source::hazelnut-spread-contaminant-detection,,0.0124041666666666,0.0122802083333333,0.0001239583333333,True,near_perfect_baseline,0.9993281827343544,,0.7390981716819428,,False,abs_delta_mean
tabpfn,hazelnut-spread-contaminant-detection,joint_groupby_combined__sel_combined_union,test_time_variant,selective,TabArena_IID,classification,3,False,1600,800,30,0,30,0.0,0.5092881944444444,0.0430034722222222,DAUC < 0.55,source::hazelnut-spread-contaminant-detection,,0.0124041666666666,0.0128624999999999,-0.0004583333333333,True,near_perfect_baseline,-3.6949949613705497,,-4.457909265752701,,False,abs_delta_mean
tabpfn,hazelnut-spread-contaminant-detection,joint_groupby_mean_only,test_time_variant,M14_groupby,TabArena_IID,classification,3,False,1600,800,30,0,30,0.0,0.5092881944444444,0.0430034722222222,DAUC < 0.55,source::hazelnut-spread-contaminant-detection,,0.0124041666666666,0.0124041666666666,0.0,True,near_perfect_baseline,0.0,,0.0,,False,abs_delta_mean
tabpfn,hazelnut-spread-contaminant-detection,joint_groupby_separate,test_time_variant,M14_groupby,TabArena_IID,classification,3,False,1600,800,30,0,30,0.0,0.5092881944444444,0.0430034722222222,DAUC < 0.55,source::hazelnut-spread-contaminant-detection,,0.0124041666666666,0.0124041666666666,0.0,True,near_perfect_baseline,0.0,,0.0,,False,abs_delta_mean
tabpfn,hazelnut-spread-contaminant-detection,joint_pca_10,test_time_variant,M3_joint_pca,TabArena_IID,classification,3,False,1600,800,30,0,30,0.0,0.5092881944444444,0.0430034722222222,DAUC < 0.55,source::hazelnut-spread-contaminant-detection,,0.0124041666666666,0.0128697916666666,-0.000465625,True,near_perfect_baseline,-3.7537789721197874,,-3.494616716781304,,False,abs_delta_mean
tabpfn,hazelnut-spread-contaminant-detection,joint_pca_5,test_time_variant,M3_joint_pca,TabArena_IID,classification,3,False,1600,800,30,0,30,0.0,0.5092881944444444,0.0430034722222222,DAUC < 0.55,source::hazelnut-spread-contaminant-detection,,0.0124041666666666,0.0127177083333333,-0.0003135416666666,True,near_perfect_baseline,-2.527712462210057,,-2.6228116929560463,,False,abs_delta_mean
tabpfn,hazelnut-spread-contaminant-detection,joint_pca_var90,test_time_variant,M3_joint_pca,TabArena_IID,classification,3,False,1600,800,30,0,30,0.0,0.5092881944444444,0.0430034722222222,DAUC < 0.55,source::hazelnut-spread-contaminant-detection,,0.0124041666666666,0.0128697916666666,-0.000465625,True,near_perfect_baseline,-3.7537789721197874,,-3.494616716781304,,False,abs_delta_mean
tabpfn,hazelnut-spread-contaminant-detection,joint_pca_var95,test_time_variant,M3_joint_pca,TabArena_IID,classification,3,False,1600,800,30,0,30,0.0,0.5092881944444444,0.0430034722222222,DAUC < 0.55,source::hazelnut-spread-contaminant-detection,,0.0124041666666666,0.01308125,-0.0006770833333334,True,near_perfect_baseline,-5.4585152838434965,,-6.775372057983106,,False,abs_delta_mean
tabpfn,hazelnut-spread-contaminant-detection,joint_scaling,test_time_variant,M5_joint_scaling,TabArena_IID,classification,3,False,1600,800,30,0,30,0.0,0.5092881944444444,0.0430034722222222,DAUC < 0.55,source::hazelnut-spread-contaminant-detection,,0.0124041666666666,0.0121229166666666,0.00028125,True,near_perfect_baseline,2.267383271750171,,1.593394199937405,,False,abs_delta_mean
tabpfn,hazelnut-spread-contaminant-detection,joint_tsne_2d_p30,test_time_variant,M3b_joint_tsne,TabArena_IID,classification,3,False,1600,800,30,0,30,0.0,0.5092881944444444,0.0430034722222222,DAUC < 0.55,source::hazelnut-spread-contaminant-detection,,0.0124041666666666,0.0128229166666666,-0.0004187499999999,True,near_perfect_baseline,-3.3758817601611315,,-2.975841452222632,,False,abs_delta_mean
tabpfn,hazelnut-spread-contaminant-detection,joint_tsne_2d_p50,test_time_variant,M3b_joint_tsne,TabArena_IID,classification,3,False,1600,800,30,0,30,0.0,0.5092881944444444,0.0430034722222222,DAUC < 0.55,source::hazelnut-spread-contaminant-detection,,0.0124041666666666,0.0128416666666666,-0.0004374999999999,True,near_perfect_baseline,-3.5270406449441185,,-3.1294004052530973,,False,abs_delta_mean
tabpfn,hazelnut-spread-contaminant-detection,joint_tsne_3d_p30,test_time_variant,M3b_joint_tsne,TabArena_IID,classification,3,False,1600,800,30,0,30,0.0,0.5092881944444444,0.0430034722222222,DAUC < 0.55,source::hazelnut-spread-contaminant-detection,,0.0124041666666666,0.0136958333333333,-0.0012916666666666,True,near_perfect_baseline,-10.413167618407996,,-11.38013857112194,,False,abs_delta_mean
tabpfn,hazelnut-spread-contaminant-detection,label_prop_k10_a05,test_time_variant,M8_label_prop,TabArena_IID,classification,3,False,1600,800,30,0,30,0.0,0.5092881944444444,0.0430034722222222,DAUC < 0.55,source::hazelnut-spread-contaminant-detection,,0.0124041666666666,0.0124177083333333,-1.354166666670912e-05,True,near_perfect_baseline,-0.1091703056771935,,1.5298721944370008,,False,abs_delta_mean
tabpfn,hazelnut-spread-contaminant-detection,label_prop_k15_a05,test_time_variant,M8_label_prop,TabArena_IID,classification,3,False,1600,800,30,0,30,0.0,0.5092881944444444,0.0430034722222222,DAUC < 0.55,source::hazelnut-spread-contaminant-detection,,0.0124041666666666,0.0124468749999999,-4.270833333330781e-05,True,near_perfect_baseline,-0.3443063486729553,,0.1388170744348638,,False,abs_delta_mean
tabpfn,hazelnut-spread-contaminant-detection,label_prop_k15_a08,test_time_variant,M8_label_prop,TabArena_IID,classification,3,False,1600,800,30,0,30,0.0,0.5092881944444444,0.0430034722222222,DAUC < 0.55,source::hazelnut-spread-contaminant-detection,,0.0124041666666666,0.0125864583333333,-0.0001822916666666,True,near_perfect_baseline,-1.4696002687270668,,-1.13178294515707,,False,abs_delta_mean
tabpfn,hazelnut-spread-contaminant-detection,label_prop_v3_adaptive,test_time_variant,M8_label_prop,TabArena_IID,classification,3,False,1600,800,30,0,30,0.0,0.5092881944444444,0.0430034722222222,DAUC < 0.55,source::hazelnut-spread-contaminant-detection,,0.0124041666666666,0.0125729166666666,-0.00016875,True,near_perfect_baseline,-1.3604299630501668,,-2.1051010490205573,,False,abs_delta_mean
tabpfn,hazelnut-spread-contaminant-detection,label_prop_v3_t005_k10,test_time_variant,M8_label_prop,TabArena_IID,classification,3,False,1600,800,30,0,30,0.0,0.5092881944444444,0.0430034722222222,DAUC < 0.55,source::hazelnut-spread-contaminant-detection,,0.0124041666666666,0.0126166666666666,-0.0002125,True,near_perfect_baseline,-1.7131340275446976,,-0.5914542439957708,,False,abs_delta_mean
tabpfn,hazelnut-spread-contaminant-detection,label_prop_v3_t005_k15,test_time_variant,M8_label_prop,TabArena_IID,classification,3,False,1600,800,30,0,30,0.0,0.5092881944444444,0.0430034722222222,DAUC < 0.55,source::hazelnut-spread-contaminant-detection,,0.0124041666666666,0.0131479166666666,-0.00074375,True,near_perfect_baseline,-5.995969096405834,,-5.76467033185854,,False,abs_delta_mean
tabpfn,hazelnut-spread-contaminant-detection,label_prop_v3_t01_k15,test_time_variant,M8_label_prop,TabArena_IID,classification,3,False,1600,800,30,0,30,0.0,0.5092881944444444,0.0430034722222222,DAUC < 0.55,source::hazelnut-spread-contaminant-detection,,0.0124041666666666,0.0127218749999999,-0.0003177083333333,True,near_perfect_baseline,-2.561303325495464,,-2.4965529476260566,,False,abs_delta_mean
tabpfn,hazelnut-spread-contaminant-detection,label_prop_weighted_adaptive_a05,test_time_variant,M8_label_prop,TabArena_IID,classification,3,False,1600,800,30,0,30,0.0,0.5092881944444444,0.0430034722222222,DAUC < 0.55,source::hazelnut-spread-contaminant-detection,,0.0124041666666666,0.0121083333333333,0.0002958333333333,True,near_perfect_baseline,2.384951293248045,,3.147534359590745,,False,abs_delta_mean
tabpfn,hazelnut-spread-contaminant-detection,label_prop_weighted_k10_a05,test_time_variant,M8_label_prop,TabArena_IID,classification,3,False,1600,800,30,0,30,0.0,0.5092881944444444,0.0430034722222222,DAUC < 0.55,source::hazelnut-spread-contaminant-detection,,0.0124041666666666,0.012890625,-0.0004864583333333,True,near_perfect_baseline,-3.921733288545631,,-3.1232869819312525,,False,abs_delta_mean
tabpfn,hazelnut-spread-contaminant-detection,label_prop_weighted_k15_a05,test_time_variant,M8_label_prop,TabArena_IID,classification,3,False,1600,800,30,0,30,0.0,0.5092881944444444,0.0430034722222222,DAUC < 0.55,source::hazelnut-spread-contaminant-detection,,0.0124041666666666,0.0124541666666666,-4.999999999999449e-05,True,near_perfect_baseline,-0.4030903594221929,,0.7840277141054557,,False,abs_delta_mean
tabpfn,hazelnut-spread-contaminant-detection,label_prop_weighted_k15_a08,test_time_variant,M8_label_prop,TabArena_IID,classification,3,False,1600,800,30,0,30,0.0,0.5092881944444444,0.0430034722222222,DAUC < 0.55,source::hazelnut-spread-contaminant-detection,,0.0124041666666666,0.0127374999999999,-0.0003333333333333,True,near_perfect_baseline,-2.6872690628149134,,-2.133001071066781,,False,abs_delta_mean
tabpfn,hazelnut-spread-contaminant-detection,leaf_density_conf,test_time_variant,M18_leaf_density,TabArena_IID,classification,3,False,1600,800,30,0,30,0.0,0.5092881944444444,0.0430034722222222,DAUC < 0.55,source::hazelnut-spread-contaminant-detection,,0.0124041666666666,0.013609375,-0.0012052083333333,True,near_perfect_baseline,-9.716157205240508,,-9.098335541040225,,False,abs_delta_mean
tabpfn,hazelnut-spread-contaminant-detection,leaf_density_conf_cumshift,test_time_variant,M18_leaf_density,TabArena_IID,classification,3,False,1600,800,30,0,30,0.0,0.5092881944444444,0.0430034722222222,DAUC < 0.55,source::hazelnut-spread-contaminant-detection,,0.0124041666666666,0.0130416666666666,-0.0006374999999999,True,near_perfect_baseline,-5.139402082633477,,-6.016065386769552,,False,abs_delta_mean
tabpfn,hazelnut-spread-contaminant-detection,leaf_density_conf_deep,test_time_variant,M18_leaf_density,TabArena_IID,classification,3,False,1600,800,30,0,30,0.0,0.5092881944444444,0.0430034722222222,DAUC < 0.55,source::hazelnut-spread-contaminant-detection,,0.0124041666666666,0.01361875,-0.0012145833333333,True,near_perfect_baseline,-9.791736647632002,,-10.85402345141106,,False,abs_delta_mean
tabpfn,hazelnut-spread-contaminant-detection,leaf_density_conf_shallow,test_time_variant,M18_leaf_density,TabArena_IID,classification,3,False,1600,800,30,0,30,0.0,0.5092881944444444,0.0430034722222222,DAUC < 0.55,source::hazelnut-spread-contaminant-detection,,0.0124041666666666,0.0132489583333333,-0.0008447916666666,True,near_perfect_baseline,-6.810547531071487,,-5.437391585395918,,False,abs_delta_mean
tabpfn,hazelnut-spread-contaminant-detection,leaf_density_embed_k10,test_time_variant,M18_leaf_density,TabArena_IID,classification,3,False,1600,800,30,0,30,0.0,0.5092881944444444,0.0430034722222222,DAUC < 0.55,source::hazelnut-spread-contaminant-detection,,0.0124041666666666,0.013653125,-0.0012489583333333,True,near_perfect_baseline,-10.068861269735038,,-11.769194211454176,,False,abs_delta_mean
tabpfn,hazelnut-spread-contaminant-detection,leaf_density_embed_k10_cumshift,test_time_variant,M18_leaf_density,TabArena_IID,classification,3,False,1600,800,30,0,30,0.0,0.5092881944444444,0.0430034722222222,DAUC < 0.55,source::hazelnut-spread-contaminant-detection,,0.0124041666666666,0.0126687499999999,-0.0002645833333333,True,near_perfect_baseline,-2.1330198186091462,,-1.9469040763838903,,False,abs_delta_mean
tabpfn,hazelnut-spread-contaminant-detection,leaf_density_embed_k20,test_time_variant,M18_leaf_density,TabArena_IID,classification,3,False,1600,800,30,0,30,0.0,0.5092881944444444,0.0430034722222222,DAUC < 0.55,source::hazelnut-spread-contaminant-detection,,0.0124041666666666,0.0130427083333333,-0.0006385416666666,True,near_perfect_baseline,-5.147799798455052,,-5.367351748816218,,False,abs_delta_mean
tabpfn,hazelnut-spread-contaminant-detection,leaf_density_embed_k5,test_time_variant,M18_leaf_density,TabArena_IID,classification,3,False,1600,800,30,0,30,0.0,0.5092881944444444,0.0430034722222222,DAUC < 0.55,source::hazelnut-spread-contaminant-detection,,0.0124041666666666,0.013234375,-0.0008302083333333,True,near_perfect_baseline,-6.692979509573613,,-7.926844787236896,,False,abs_delta_mean
tabpfn,hazelnut-spread-contaminant-detection,nearest_test_k10_both,test_time_variant,M16_nearest_test_dist,TabArena_IID,classification,3,False,1600,800,30,0,30,0.0,0.5092881944444444,0.0430034722222222,DAUC < 0.55,source::hazelnut-spread-contaminant-detection,,0.0124041666666666,0.0129093749999999,-0.0005052083333333,True,near_perfect_baseline,-4.072892173328618,,-7.355615641808065,,False,abs_delta_mean
tabpfn,hazelnut-spread-contaminant-detection,nearest_test_k10_cumshift_both,test_time_variant,M16_nearest_test_dist,TabArena_IID,classification,3,False,1600,800,30,0,30,0.0,0.5092881944444444,0.0430034722222222,DAUC < 0.55,source::hazelnut-spread-contaminant-detection,,0.0124041666666666,0.0132374999999999,-0.0008333333333333,True,near_perfect_baseline,-6.718172657037151,,-9.719454760944751,,False,abs_delta_mean
tabpfn,hazelnut-spread-contaminant-detection,nearest_test_k10_filter_both,test_time_variant,M16_nearest_test_dist,TabArena_IID,classification,3,False,1600,800,30,0,30,0.0,0.5092881944444444,0.0430034722222222,DAUC < 0.55,source::hazelnut-spread-contaminant-detection,,0.0124041666666666,0.01314375,-0.0007395833333333,True,near_perfect_baseline,-5.96237823312072,,-6.966384738813551,,False,abs_delta_mean
tabpfn,hazelnut-spread-contaminant-detection,nearest_test_k5_both,test_time_variant,M16_nearest_test_dist,TabArena_IID,classification,3,False,1600,800,30,0,30,0.0,0.5092881944444444,0.0430034722222222,DAUC < 0.55,source::hazelnut-spread-contaminant-detection,,0.0124041666666666,0.0124052083333333,-1.041666666664239e-06,True,near_perfect_baseline,-0.0083977158212817,,-1.932184817613021,,False,abs_delta_mean
tabpfn,hazelnut-spread-contaminant-detection,nearest_test_rel_k10_both,test_time_variant,M16_nearest_test_dist,TabArena_IID,classification,3,False,1600,800,30,0,30,0.0,0.5092881944444444,0.0430034722222222,DAUC < 0.55,source::hazelnut-spread-contaminant-detection,,0.0124041666666666,0.0130749999999999,-0.0006708333333333,True,near_perfect_baseline,-5.408128988914939,,-6.597197188893212,,False,abs_delta_mean
tabpfn,hazelnut-spread-contaminant-detection,nearest_test_rel_k10_cumshift_both,test_time_variant,M16_nearest_test_dist,TabArena_IID,classification,3,False,1600,800,30,0,30,0.0,0.5092881944444444,0.0430034722222222,DAUC < 0.55,source::hazelnut-spread-contaminant-detection,,0.0124041666666666,0.013490625,-0.0010864583333333,True,near_perfect_baseline,-8.758817601612533,,-10.499083769008374,,False,abs_delta_mean
tabpfn,hazelnut-spread-contaminant-detection,nearest_test_rel_k5_both,test_time_variant,M16_nearest_test_dist,TabArena_IID,classification,3,False,1600,800,30,0,30,0.0,0.5092881944444444,0.0430034722222222,DAUC < 0.55,source::hazelnut-spread-contaminant-detection,,0.0124041666666666,0.0128739583333333,-0.0004697916666666,True,near_perfect_baseline,-3.7873698354049,,-4.50549477218221,,False,abs_delta_mean
tabpfn,hazelnut-spread-contaminant-detection,neighbor_consensus_k10_dist,test_time_variant,M19_neighbor_consensus,TabArena_IID,classification,3,False,1600,800,30,0,30,0.0,0.5092881944444444,0.0430034722222222,DAUC < 0.55,source::hazelnut-spread-contaminant-detection,,0.0124041666666666,0.0181791666666666,-0.0057749999999999,True,near_perfect_baseline,-46.55693651326821,,-47.49372220788211,,False,abs_delta_mean
tabpfn,hazelnut-spread-contaminant-detection,neighbor_consensus_k10_dist_cumshift,test_time_variant,M19_neighbor_consensus,TabArena_IID,classification,3,False,1600,800,30,0,30,0.0,0.5092881944444444,0.0430034722222222,DAUC < 0.55,source::hazelnut-spread-contaminant-detection,,0.0124041666666666,0.01876875,-0.0063645833333333,True,near_perfect_baseline,-51.310043668122354,,-53.25520280358006,,False,abs_delta_mean
tabpfn,hazelnut-spread-contaminant-detection,neighbor_consensus_k10_uniform,test_time_variant,M19_neighbor_consensus,TabArena_IID,classification,3,False,1600,800,30,0,30,0.0,0.5092881944444444,0.0430034722222222,DAUC < 0.55,source::hazelnut-spread-contaminant-detection,,0.0124041666666666,0.0181895833333333,-0.0057854166666666,True,near_perfect_baseline,-46.640913671481584,,-47.77203479886276,,False,abs_delta_mean
tabpfn,hazelnut-spread-contaminant-detection,neighbor_consensus_k20_dist,test_time_variant,M19_neighbor_consensus,TabArena_IID,classification,3,False,1600,800,30,0,30,0.0,0.5092881944444444,0.0430034722222222,DAUC < 0.55,source::hazelnut-spread-contaminant-detection,,0.0124041666666666,0.0177395833333333,-0.0053354166666666,True,near_perfect_baseline,-43.01310043668124,,-43.94806535045783,,False,abs_delta_mean
tabpfn,hazelnut-spread-contaminant-detection,neighbor_consensus_k5_dist,test_time_variant,M19_neighbor_consensus,TabArena_IID,classification,3,False,1600,800,30,0,30,0.0,0.5092881944444444,0.0430034722222222,DAUC < 0.55,source::hazelnut-spread-contaminant-detection,,0.0124041666666666,0.0191364583333333,-0.0067322916666666,True,near_perfect_baseline,-54.27443735304001,,-54.60667854574898,,False,abs_delta_mean
tabpfn,hazelnut-spread-contaminant-detection,neighbor_consensus_k5_dist_cumshift,test_time_variant,M19_neighbor_consensus,TabArena_IID,classification,3,False,1600,800,30,0,30,0.0,0.5092881944444444,0.0430034722222222,DAUC < 0.55,source::hazelnut-spread-contaminant-detection,,0.0124041666666666,0.0199083333333333,-0.0075041666666666,True,near_perfect_baseline,-60.497144776620615,,-60.3588373880732,,False,abs_delta_mean
tabpfn,hazelnut-spread-contaminant-detection,ot_disp_v2_selective,test_time_variant,M9_ot_displacement,TabArena_IID,classification,3,False,1600,800,30,0,30,0.0,0.5092881944444444,0.0430034722222222,DAUC < 0.55,source::hazelnut-spread-contaminant-detection,,0.0124041666666666,0.0136010416666666,-0.001196875,True,near_perfect_baseline,-9.648975478669987,,-10.970483451795207,,False,abs_delta_mean
tabpfn,hazelnut-spread-contaminant-detection,ot_disp_v2_selective_abs,test_time_variant,M9_ot_displacement,TabArena_IID,classification,3,False,1600,800,30,0,30,0.0,0.5092881944444444,0.0430034722222222,DAUC < 0.55,source::hazelnut-spread-contaminant-detection,,0.0124041666666666,0.012659375,-0.0002552083333333,True,near_perfect_baseline,-2.0574403762179467,,-3.72234477830073,,False,abs_delta_mean
tabpfn,hazelnut-spread-contaminant-detection,ot_disp_v2_selective_and_summary,test_time_variant,M9_ot_displacement,TabArena_IID,classification,3,False,1600,800,30,0,30,0.0,0.5092881944444444,0.0430034722222222,DAUC < 0.55,source::hazelnut-spread-contaminant-detection,,0.0124041666666666,0.0131874999999999,-0.0007833333333333,True,near_perfect_baseline,-6.315082297614958,,-6.253079268162932,,False,abs_delta_mean
tabpfn,hazelnut-spread-contaminant-detection,ot_disp_v2_selective_and_summary_abs,test_time_variant,M9_ot_displacement,TabArena_IID,classification,3,False,1600,800,30,0,30,0.0,0.5092881944444444,0.0430034722222222,DAUC < 0.55,source::hazelnut-spread-contaminant-detection,,0.0124041666666666,0.0126041666666666,-0.0001999999999999,True,near_perfect_baseline,-1.6123614376887718,,-2.4170175440848807,,False,abs_delta_mean
tabpfn,hazelnut-spread-contaminant-detection,ot_disp_v2_selective_and_summary_top10,test_time_variant,M9_ot_displacement,TabArena_IID,classification,3,False,1600,800,30,0,30,0.0,0.5092881944444444,0.0430034722222222,DAUC < 0.55,source::hazelnut-spread-contaminant-detection,,0.0124041666666666,0.0131874999999999,-0.0007833333333333,True,near_perfect_baseline,-6.315082297614958,,-6.253079268162932,,False,abs_delta_mean
tabpfn,hazelnut-spread-contaminant-detection,ot_disp_v2_selective_top10,test_time_variant,M9_ot_displacement,TabArena_IID,classification,3,False,1600,800,30,0,30,0.0,0.5092881944444444,0.0430034722222222,DAUC < 0.55,source::hazelnut-spread-contaminant-detection,,0.0124041666666666,0.0136010416666666,-0.001196875,True,near_perfect_baseline,-9.648975478669987,,-10.970483451795207,,False,abs_delta_mean
tabpfn,hazelnut-spread-contaminant-detection,ot_disp_v2_summary_only,test_time_variant,M9_ot_displacement,TabArena_IID,classification,3,False,1600,800,30,0,30,0.0,0.5092881944444444,0.0430034722222222,DAUC < 0.55,source::hazelnut-spread-contaminant-detection,,0.0124041666666666,0.0132708333333333,-0.0008666666666666,True,near_perfect_baseline,-6.986899563318906,,-7.586801424546667,,False,abs_delta_mean
tabpfn,hazelnut-spread-contaminant-detection,ot_displacement_mag,test_time_variant,M9_ot_displacement,TabArena_IID,classification,3,False,1600,800,30,0,30,0.0,0.5092881944444444,0.0430034722222222,DAUC < 0.55,source::hazelnut-spread-contaminant-detection,,0.0124041666666666,0.0217697916666666,-0.009365625,True,near_perfect_baseline,-75.50386294927789,,-76.23455418256513,,False,abs_delta_mean
tabpfn,hazelnut-spread-contaminant-detection,ot_displacement_no_mag,test_time_variant,M9_ot_displacement,TabArena_IID,classification,3,False,1600,800,30,0,30,0.0,0.5092881944444444,0.0430034722222222,DAUC < 0.55,source::hazelnut-spread-contaminant-detection,,0.0124041666666666,0.021834375,-0.0094302083333333,True,near_perfect_baseline,-76.02452133019855,,-77.87051397924547,,False,abs_delta_mean
tabpfn,hazelnut-spread-contaminant-detection,pca_train_only_10,train_only_version,baselines,TabArena_IID,classification,3,False,1600,800,30,0,30,0.0,0.5092881944444444,0.0430034722222222,DAUC < 0.55,source::hazelnut-spread-contaminant-detection,,0.0124041666666666,0.0134135416666666,-0.001009375,True,near_perfect_baseline,-8.137386630836541,,-8.600344653300747,,False,abs_delta_mean
tabpfn,hazelnut-spread-contaminant-detection,pca_train_only_5,train_only_version,baselines,TabArena_IID,classification,3,False,1600,800,30,0,30,0.0,0.5092881944444444,0.0430034722222222,DAUC < 0.55,source::hazelnut-spread-contaminant-detection,,0.0124041666666666,0.0126177083333333,-0.0002135416666666,True,near_perfect_baseline,-1.7215317433656716,,-2.039405024073345,,False,abs_delta_mean
tabpfn,hazelnut-spread-contaminant-detection,pca_train_only_var90,train_only_version,baselines,TabArena_IID,classification,3,False,1600,800,30,0,30,0.0,0.5092881944444444,0.0430034722222222,DAUC < 0.55,source::hazelnut-spread-contaminant-detection,,0.0124041666666666,0.0134135416666666,-0.001009375,True,near_perfect_baseline,-8.137386630836541,,-8.600344653300747,,False,abs_delta_mean
tabpfn,hazelnut-spread-contaminant-detection,pca_train_only_var95,train_only_version,baselines,TabArena_IID,classification,3,False,1600,800,30,0,30,0.0,0.5092881944444444,0.0430034722222222,DAUC < 0.55,source::hazelnut-spread-contaminant-detection,,0.0124041666666666,0.0134208333333333,-0.0010166666666666,True,near_perfect_baseline,-8.196170641585486,,-9.737532611133409,,False,abs_delta_mean
tabpfn,hazelnut-spread-contaminant-detection,pseudo_label_lgbm_conf80_iter5,test_time_variant,M7_pseudo_label,TabArena_IID,classification,3,False,1600,800,30,0,30,0.0,0.5092881944444444,0.0430034722222222,DAUC < 0.55,source::hazelnut-spread-contaminant-detection,,0.0124041666666666,0.0230177083333333,-0.0106135416666666,True,near_perfect_baseline,-85.56432650319105,,-89.1050104444957,,False,abs_delta_mean
tabpfn,hazelnut-spread-contaminant-detection,pseudo_label_lgbm_conf90_iter1,test_time_variant,M7_pseudo_label,TabArena_IID,classification,3,False,1600,800,30,0,30,0.0,0.5092881944444444,0.0430034722222222,DAUC < 0.55,source::hazelnut-spread-contaminant-detection,,0.0124041666666666,0.0199645833333333,-0.0075604166666666,True,near_perfect_baseline,-60.95062143097078,,-62.67585775748535,,False,abs_delta_mean
tabpfn,hazelnut-spread-contaminant-detection,pseudo_label_lgbm_conf90_iter3,test_time_variant,M7_pseudo_label,TabArena_IID,classification,3,False,1600,800,30,0,30,0.0,0.5092881944444444,0.0430034722222222,DAUC < 0.55,source::hazelnut-spread-contaminant-detection,,0.0124041666666666,0.0207614583333333,-0.0083572916666666,True,near_perfect_baseline,-67.37487403426262,,-70.30456594193726,,False,abs_delta_mean
tabpfn,hazelnut-spread-contaminant-detection,pseudo_label_lgbm_conf95_iter3,test_time_variant,M7_pseudo_label,TabArena_IID,classification,3,False,1600,800,30,0,30,0.0,0.5092881944444444,0.0430034722222222,DAUC < 0.55,source::hazelnut-spread-contaminant-detection,,0.0124041666666666,0.0202270833333333,-0.0078229166666666,True,near_perfect_baseline,-63.06684581793765,,-67.27247776644332,,False,abs_delta_mean
tabpfn,hazelnut-spread-contaminant-detection,pseudo_label_v2_cal_iso_wfixed_conf90,test_time_variant,M7_pseudo_label,TabArena_IID,classification,3,False,1600,800,30,0,30,0.0,0.5092881944444444,0.0430034722222222,DAUC < 0.55,source::hazelnut-spread-contaminant-detection,,0.0124041666666666,0.0183239583333332,-0.0059197916666666,True,near_perfect_baseline,-47.7242190124284,,-51.21670127960741,,False,abs_delta_mean
tabpfn,hazelnut-spread-contaminant-detection,pseudo_label_v2_cal_iso_wprop_conf85,test_time_variant,M7_pseudo_label,TabArena_IID,classification,3,False,1600,800,30,0,30,0.0,0.5092881944444444,0.0430034722222222,DAUC < 0.55,source::hazelnut-spread-contaminant-detection,,0.0124041666666666,0.019846875,-0.0074427083333333,True,near_perfect_baseline,-60.00167954316437,,-65.2798689952035,,False,abs_delta_mean
tabpfn,hazelnut-spread-contaminant-detection,pseudo_label_v2_cal_iso_wprop_conf90,test_time_variant,M7_pseudo_label,TabArena_IID,classification,3,False,1600,800,30,0,30,0.0,0.5092881944444444,0.0430034722222222,DAUC < 0.55,source::hazelnut-spread-contaminant-detection,,0.0124041666666666,0.0183239583333332,-0.0059197916666666,True,near_perfect_baseline,-47.7242190124284,,-51.21670127960741,,False,abs_delta_mean
tabpfn,hazelnut-spread-contaminant-detection,pseudo_label_v2_cal_iso_wquad_conf90,test_time_variant,M7_pseudo_label,TabArena_IID,classification,3,False,1600,800,30,0,30,0.0,0.5092881944444444,0.0430034722222222,DAUC < 0.55,source::hazelnut-spread-contaminant-detection,,0.0124041666666666,0.0183239583333332,-0.0059197916666666,True,near_perfect_baseline,-47.7242190124284,,-51.21670127960741,,False,abs_delta_mean
tabpfn,hazelnut-spread-contaminant-detection,pseudo_label_v2_cal_platt_wprop_conf90,test_time_variant,M7_pseudo_label,TabArena_IID,classification,3,False,1600,800,30,0,30,0.0,0.5092881944444444,0.0430034722222222,DAUC < 0.55,source::hazelnut-spread-contaminant-detection,,0.0124041666666666,0.0213708333333333,-0.0089666666666666,True,near_perfect_baseline,-72.28753778972101,,-79.73856303679075,,False,abs_delta_mean
tabpfn,hazelnut-spread-contaminant-detection,target_enc_absolute,test_time_variant,M4_target_encoding,TabArena_IID,classification,3,False,1600,800,30,0,30,0.0,0.5092881944444444,0.0430034722222222,DAUC < 0.55,source::hazelnut-spread-contaminant-detection,,0.0124041666666666,0.0124041666666666,0.0,True,near_perfect_baseline,0.0,,0.0,,False,abs_delta_mean
tabpfn,hazelnut-spread-contaminant-detection,target_enc_diff,test_time_variant,M4_target_encoding,TabArena_IID,classification,3,False,1600,800,30,0,30,0.0,0.5092881944444444,0.0430034722222222,DAUC < 0.55,source::hazelnut-spread-contaminant-detection,,0.0124041666666666,0.0124041666666666,0.0,True,near_perfect_baseline,0.0,,0.0,,False,abs_delta_mean
tabpfn,hazelnut-spread-contaminant-detection,target_enc_inv_ratio,test_time_variant,M4_target_encoding,TabArena_IID,classification,3,False,1600,800,30,0,30,0.0,0.5092881944444444,0.0430034722222222,DAUC < 0.55,source::hazelnut-spread-contaminant-detection,,0.0124041666666666,0.0124041666666666,0.0,True,near_perfect_baseline,0.0,,0.0,,False,abs_delta_mean
tabpfn,hazelnut-spread-contaminant-detection,target_enc_oof_absolute,test_time_variant,M4_target_encoding,TabArena_IID,classification,3,False,1600,800,30,0,30,0.0,0.5092881944444444,0.0430034722222222,DAUC < 0.55,source::hazelnut-spread-contaminant-detection,,0.0124041666666666,0.0124041666666666,0.0,True,near_perfect_baseline,0.0,,0.0,,False,abs_delta_mean
tabpfn,hazelnut-spread-contaminant-detection,target_enc_oof_diff,test_time_variant,M4_target_encoding,TabArena_IID,classification,3,False,1600,800,30,0,30,0.0,0.5092881944444444,0.0430034722222222,DAUC < 0.55,source::hazelnut-spread-contaminant-detection,,0.0124041666666666,0.0124041666666666,0.0,True,near_perfect_baseline,0.0,,0.0,,False,abs_delta_mean
tabpfn,hazelnut-spread-contaminant-detection,target_enc_oof_inv_ratio,test_time_variant,M4_target_encoding,TabArena_IID,classification,3,False,1600,800,30,0,30,0.0,0.5092881944444444,0.0430034722222222,DAUC < 0.55,source::hazelnut-spread-contaminant-detection,,0.0124041666666666,0.0124041666666666,0.0,True,near_perfect_baseline,0.0,,0.0,,False,abs_delta_mean
tabpfn,hazelnut-spread-contaminant-detection,target_enc_oof_ratio,test_time_variant,M4_target_encoding,TabArena_IID,classification,3,False,1600,800,30,0,30,0.0,0.5092881944444444,0.0430034722222222,DAUC < 0.55,source::hazelnut-spread-contaminant-detection,,0.0124041666666666,0.0124041666666666,0.0,True,near_perfect_baseline,0.0,,0.0,,False,abs_delta_mean
tabpfn,hazelnut-spread-contaminant-detection,target_enc_oof_ratio_cap5,test_time_variant,M4_target_encoding,TabArena_IID,classification,3,False,1600,800,30,0,30,0.0,0.5092881944444444,0.0430034722222222,DAUC < 0.55,source::hazelnut-spread-contaminant-detection,,0.0124041666666666,0.0124041666666666,0.0,True,near_perfect_baseline,0.0,,0.0,,False,abs_delta_mean
tabpfn,hazelnut-spread-contaminant-detection,target_enc_ratio,test_time_variant,M4_target_encoding,TabArena_IID,classification,3,False,1600,800,30,0,30,0.0,0.5092881944444444,0.0430034722222222,DAUC < 0.55,source::hazelnut-spread-contaminant-detection,,0.0124041666666666,0.0124041666666666,0.0,True,near_perfect_baseline,0.0,,0.0,,False,abs_delta_mean
tabpfn,hazelnut-spread-contaminant-detection,target_enc_ratio__sel_combined_intersection,test_time_variant,selective,TabArena_IID,classification,3,False,1600,800,30,0,30,0.0,0.5092881944444444,0.0430034722222222,DAUC < 0.55,source::hazelnut-spread-contaminant-detection,,0.0124041666666666,0.0122802083333333,0.0001239583333333,True,near_perfect_baseline,0.9993281827343544,,0.7390981716819428,,False,abs_delta_mean
tabpfn,hazelnut-spread-contaminant-detection,target_enc_ratio__sel_combined_union,test_time_variant,selective,TabArena_IID,classification,3,False,1600,800,30,0,30,0.0,0.5092881944444444,0.0430034722222222,DAUC < 0.55,source::hazelnut-spread-contaminant-detection,,0.0124041666666666,0.0128624999999999,-0.0004583333333333,True,near_perfect_baseline,-3.6949949613705497,,-4.457909265752701,,False,abs_delta_mean
tabpfn,hazelnut-spread-contaminant-detection,target_enc_ratio_cap5,test_time_variant,M4_target_encoding,TabArena_IID,classification,3,False,1600,800,30,0,30,0.0,0.5092881944444444,0.0430034722222222,DAUC < 0.55,source::hazelnut-spread-contaminant-detection,,0.0124041666666666,0.0124041666666666,0.0,True,near_perfect_baseline,0.0,,0.0,,False,abs_delta_mean
tabpfn,hazelnut-spread-contaminant-detection,target_enc_standard_m10,train_only_version,baselines,TabArena_IID,classification,3,False,1600,800,30,0,30,0.0,0.5092881944444444,0.0430034722222222,DAUC < 0.55,source::hazelnut-spread-contaminant-detection,,0.0124041666666666,0.0124041666666666,0.0,True,near_perfect_baseline,0.0,,0.0,,False,abs_delta_mean
tabpfn,hazelnut-spread-contaminant-detection,target_enc_standard_m20,train_only_version,baselines,TabArena_IID,classification,3,False,1600,800,30,0,30,0.0,0.5092881944444444,0.0430034722222222,DAUC < 0.55,source::hazelnut-spread-contaminant-detection,,0.0124041666666666,0.0124041666666666,0.0,True,near_perfect_baseline,0.0,,0.0,,False,abs_delta_mean
tabpfn,hazelnut-spread-contaminant-detection,target_enc_standard_m5,train_only_version,baselines,TabArena_IID,classification,3,False,1600,800,30,0,30,0.0,0.5092881944444444,0.0430034722222222,DAUC < 0.55,source::hazelnut-spread-contaminant-detection,,0.0124041666666666,0.0124041666666666,0.0,True,near_perfect_baseline,0.0,,0.0,,False,abs_delta_mean
tabpfn,hazelnut-spread-contaminant-detection,targeted_groupby_top3,test_time_variant,M14_groupby,TabArena_IID,classification,3,False,1600,800,30,0,30,0.0,0.5092881944444444,0.0430034722222222,DAUC < 0.55,source::hazelnut-spread-contaminant-detection,,0.0124041666666666,0.0124041666666666,0.0,True,near_perfect_baseline,0.0,,0.0,,False,abs_delta_mean
tabpfn,hazelnut-spread-contaminant-detection,targeted_groupby_top3_shifted_agg,test_time_variant,M14_groupby,TabArena_IID,classification,3,False,1600,800,30,0,30,0.0,0.5092881944444444,0.0430034722222222,DAUC < 0.55,source::hazelnut-spread-contaminant-detection,,0.0124041666666666,0.0124041666666666,0.0,True,near_perfect_baseline,0.0,,0.0,,False,abs_delta_mean
tabpfn,hazelnut-spread-contaminant-detection,targeted_groupby_top5,test_time_variant,M14_groupby,TabArena_IID,classification,3,False,1600,800,30,0,30,0.0,0.5092881944444444,0.0430034722222222,DAUC < 0.55,source::hazelnut-spread-contaminant-detection,,0.0124041666666666,0.0124041666666666,0.0,True,near_perfect_baseline,0.0,,0.0,,False,abs_delta_mean
tabpfn,hazelnut-spread-contaminant-detection,targeted_groupby_top5_shifted_agg,test_time_variant,M14_groupby,TabArena_IID,classification,3,False,1600,800,30,0,30,0.0,0.5092881944444444,0.0430034722222222,DAUC < 0.55,source::hazelnut-spread-contaminant-detection,,0.0124041666666666,0.0124041666666666,0.0,True,near_perfect_baseline,0.0,,0.0,,False,abs_delta_mean
tabpfn,hazelnut-spread-contaminant-detection,tdda_k10_lam07_aug1,test_time_variant,M17_tdda,TabArena_IID,classification,3,False,1600,800,30,0,30,0.0,0.5092881944444444,0.0430034722222222,DAUC < 0.55,source::hazelnut-spread-contaminant-detection,,0.0124041666666666,0.0129197916666666,-0.0005156249999999,True,near_perfect_baseline,-4.156869331541687,,-6.567447740814049,,False,abs_delta_mean
tabpfn,hazelnut-spread-contaminant-detection,tdda_k5_lam06_aug1,test_time_variant,M17_tdda,TabArena_IID,classification,3,False,1600,800,30,0,30,0.0,0.5092881944444444,0.0430034722222222,DAUC < 0.55,source::hazelnut-spread-contaminant-detection,,0.0124041666666666,0.0140947916666666,-0.0016906249999999,True,near_perfect_baseline,-13.629492777964256,,-16.89016255888028,,False,abs_delta_mean
tabpfn,hazelnut-spread-contaminant-detection,tdda_k5_lam07_aug1,test_time_variant,M17_tdda,TabArena_IID,classification,3,False,1600,800,30,0,30,0.0,0.5092881944444444,0.0430034722222222,DAUC < 0.55,source::hazelnut-spread-contaminant-detection,,0.0124041666666666,0.0129197916666666,-0.0005156249999999,True,near_perfect_baseline,-4.156869331541687,,-6.567447740814049,,False,abs_delta_mean
tabpfn,hazelnut-spread-contaminant-detection,tdda_k5_lam07_aug1_cumshift,test_time_variant,M17_tdda,TabArena_IID,classification,3,False,1600,800,30,0,30,0.0,0.5092881944444444,0.0430034722222222,DAUC < 0.55,source::hazelnut-spread-contaminant-detection,,0.0124041666666666,0.0129958333333333,-0.0005916666666666,True,near_perfect_baseline,-4.769902586496691,,-6.7111371223846525,,False,abs_delta_mean
tabpfn,hazelnut-spread-contaminant-detection,tdda_k5_lam07_aug2,test_time_variant,M17_tdda,TabArena_IID,classification,3,False,1600,800,30,0,30,0.0,0.5092881944444444,0.0430034722222222,DAUC < 0.55,source::hazelnut-spread-contaminant-detection,,0.0124041666666666,0.0136812499999999,-0.0012770833333333,True,near_perfect_baseline,-10.295599596909518,,-13.381095008453826,,False,abs_delta_mean
tabpfn,hazelnut-spread-contaminant-detection,tdda_k5_lam08_aug1,test_time_variant,M17_tdda,TabArena_IID,classification,3,False,1600,800,30,0,30,0.0,0.5092881944444444,0.0430034722222222,DAUC < 0.55,source::hazelnut-spread-contaminant-detection,,0.0124041666666666,0.0123635416666666,4.062499999997934e-05,True,near_perfect_baseline,0.3275109170304059,,-0.7781062546304648,,False,abs_delta_mean
tabpfn,hazelnut-spread-contaminant-detection,tdda_v2_k10_lam07_pfl_dw,test_time_variant,M17_tdda,TabArena_IID,classification,3,False,1600,800,30,0,30,0.0,0.5092881944444444,0.0430034722222222,DAUC < 0.55,source::hazelnut-spread-contaminant-detection,,0.0124041666666666,0.0121229166666666,0.0002812499999999,True,near_perfect_baseline,2.2673832717498774,,1.4328882140376056,,False,abs_delta_mean
tabpfn,hazelnut-spread-contaminant-detection,tdda_v2_k5_lam06_pfl_dw,test_time_variant,M17_tdda,TabArena_IID,classification,3,False,1600,800,30,0,30,0.0,0.5092881944444444,0.0430034722222222,DAUC < 0.55,source::hazelnut-spread-contaminant-detection,,0.0124041666666666,0.0120802083333333,0.0003239583333333,True,near_perfect_baseline,2.6116896204231264,,2.0177747704555333,,False,abs_delta_mean
tabpfn,hazelnut-spread-contaminant-detection,tdda_v2_k5_lam07_nopfl_dw,test_time_variant,M17_tdda,TabArena_IID,classification,3,False,1600,800,30,0,30,0.0,0.5092881944444444,0.0430034722222222,DAUC < 0.55,source::hazelnut-spread-contaminant-detection,,0.0124041666666666,0.0129197916666666,-0.0005156249999999,True,near_perfect_baseline,-4.156869331541687,,-6.567447740814049,,False,abs_delta_mean
tabpfn,hazelnut-spread-contaminant-detection,tdda_v2_k5_lam07_pfl_dw,test_time_variant,M17_tdda,TabArena_IID,classification,3,False,1600,800,30,0,30,0.0,0.5092881944444444,0.0430034722222222,DAUC < 0.55,source::hazelnut-spread-contaminant-detection,,0.0124041666666666,0.0121229166666666,0.0002812499999999,True,near_perfect_baseline,2.2673832717498774,,1.4328882140376056,,False,abs_delta_mean
tabpfn,hazelnut-spread-contaminant-detection,tdda_v2_k5_lam07_pfl_dw_cumshift,test_time_variant,M17_tdda,TabArena_IID,classification,3,False,1600,800,30,0,30,0.0,0.5092881944444444,0.0430034722222222,DAUC < 0.55,source::hazelnut-spread-contaminant-detection,,0.0124041666666666,0.0121625,0.0002416666666666,True,near_perfect_baseline,1.9482700705407527,,1.4972779144183743,,False,abs_delta_mean
tabpfn,hazelnut-spread-contaminant-detection,tdda_v2_k5_lam07_pfl_nodw,test_time_variant,M17_tdda,TabArena_IID,classification,3,False,1600,800,30,0,30,0.0,0.5092881944444444,0.0430034722222222,DAUC < 0.55,source::hazelnut-spread-contaminant-detection,,0.0124041666666666,0.0121229166666666,0.0002812499999999,True,near_perfect_baseline,2.2673832717498774,,1.4328882140376056,,False,abs_delta_mean
tabpfn,hazelnut-spread-contaminant-detection,train_only_scaling,train_only_version,baselines,TabArena_IID,classification,3,False,1600,800,30,0,30,0.0,0.5092881944444444,0.0430034722222222,DAUC < 0.55,source::hazelnut-spread-contaminant-detection,,0.0124041666666666,0.0122604166666666,0.0001437499999999,True,near_perfect_baseline,1.1588847833389166,,0.7288308950299006,,False,abs_delta_mean
tabpfn,splice,adversarial_lgbm_both_ratio,test_time_variant,M6_adversarial,TabArena_IID,classification,3,False,2126,1064,60,60,0,1.0,0.4935215615848055,0.0,DAUC < 0.55,source::splice,,0.0047421837540313,0.0049610783282092,-0.0002188945741778,True,near_perfect_baseline,-4.615902409765892,,-5.166850551437315,,False,abs_delta_mean
tabpfn,splice,adversarial_lgbm_cal_iso_both_ratio,test_time_variant,M6_adversarial,TabArena_IID,classification,3,False,2126,1064,60,60,0,1.0,0.4935215615848055,0.0,DAUC < 0.55,source::splice,,0.0047421837540313,0.0049313191302274,-0.0001891353761961,True,near_perfect_baseline,-3.988360342117744,,-4.39387088263495,,False,abs_delta_mean
tabpfn,splice,adversarial_lgbm_cal_iso_feature,test_time_variant,M6_adversarial,TabArena_IID,classification,3,False,2126,1064,60,60,0,1.0,0.4935215615848055,0.0,DAUC < 0.55,source::splice,,0.0047421837540313,0.0048049852088905,-6.280145485918857e-05,True,near_perfect_baseline,-1.3243150859728097,,-1.556721147761304,,False,abs_delta_mean
tabpfn,splice,adversarial_lgbm_cal_platt_feature,test_time_variant,M6_adversarial,TabArena_IID,classification,3,False,2126,1064,60,60,0,1.0,0.4935215615848055,0.0,DAUC < 0.55,source::splice,,0.0047421837540313,0.004868661113176,-0.0001264773591447,True,near_perfect_baseline,-2.6670699767213533,,-2.743100410064636,,False,abs_delta_mean
tabpfn,splice,adversarial_lgbm_feature,test_time_variant,M6_adversarial,TabArena_IID,classification,3,False,2126,1064,60,60,0,1.0,0.4935215615848055,0.0,DAUC < 0.55,source::splice,,0.0047421837540313,0.0048952020425975,-0.0001530182885662,True,near_perfect_baseline,-3.226747348964105,,-3.054749063007087,,False,abs_delta_mean
tabpfn,splice,adversarial_logreg_feature,test_time_variant,M6_adversarial,TabArena_IID,classification,3,False,2126,1064,60,60,0,1.0,0.4935215615848055,0.0,DAUC < 0.55,source::splice,,0.0047421837540313,0.0048534037999395,-0.0001112200459082,True,near_perfect_baseline,-2.3453339574549124,,-2.110473380097002,,False,abs_delta_mean
tabpfn,splice,adversarial_rf_feature,test_time_variant,M6_adversarial,TabArena_IID,classification,3,False,2126,1064,60,60,0,1.0,0.4935215615848055,0.0,DAUC < 0.55,source::splice,,0.0047421837540313,0.0048621119694727,-0.0001199282154413,True,near_perfect_baseline,-2.5289660135887164,,-2.265738438742829,,False,abs_delta_mean
tabpfn,splice,cluster_membership_k10_both,test_time_variant,M20_cluster_membership,TabArena_IID,classification,3,False,2126,1064,60,60,0,1.0,0.4935215615848055,0.0,DAUC < 0.55,source::splice,,0.0047421837540313,0.0052966303044459,-0.0005544465504146,True,near_perfect_baseline,-11.691798107639528,,-14.894557148406731,,False,abs_delta_mean
tabpfn,splice,cluster_membership_k10_both_cumshift,test_time_variant,M20_cluster_membership,TabArena_IID,classification,3,False,2126,1064,60,60,0,1.0,0.4935215615848055,0.0,DAUC < 0.55,source::splice,,0.0047421837540313,0.0048953391184101,-0.0001531553643788,True,near_perfect_baseline,-3.2296379120400944,,-4.897905322327259,,False,abs_delta_mean
tabpfn,splice,cluster_membership_k10_feature,test_time_variant,M20_cluster_membership,TabArena_IID,classification,3,False,2126,1064,60,60,0,1.0,0.4935215615848055,0.0,DAUC < 0.55,source::splice,,0.0047421837540313,0.0052607342737281,-0.0005185505196967,True,near_perfect_baseline,-10.93484661483124,,-14.739500226843788,,False,abs_delta_mean
tabpfn,splice,cluster_membership_k10_feature_cumshift,test_time_variant,M20_cluster_membership,TabArena_IID,classification,3,False,2126,1064,60,60,0,1.0,0.4935215615848055,0.0,DAUC < 0.55,source::splice,,0.0047421837540313,0.0048920212856016,-0.0001498375315702,True,near_perfect_baseline,-3.159673672343387,,-5.29652961382786,,False,abs_delta_mean
tabpfn,splice,cluster_membership_k10_weight,test_time_variant,M20_cluster_membership,TabArena_IID,classification,3,False,2126,1064,60,60,0,1.0,0.4935215615848055,0.0,DAUC < 0.55,source::splice,,0.0047421837540313,0.0052680786599159,-0.0005258949058845,True,near_perfect_baseline,-11.08972011971307,,-15.461053244283107,,False,abs_delta_mean
tabpfn,splice,cluster_membership_k15_both,test_time_variant,M20_cluster_membership,TabArena_IID,classification,3,False,2126,1064,60,60,0,1.0,0.4935215615848055,0.0,DAUC < 0.55,source::splice,,0.0047421837540313,0.0051997836712791,-0.0004575999172477,True,near_perfect_baseline,-9.649561066855828,,-12.19344635416538,,False,abs_delta_mean
tabpfn,splice,cluster_membership_k5_both,test_time_variant,M20_cluster_membership,TabArena_IID,classification,3,False,2126,1064,60,60,0,1.0,0.4935215615848055,0.0,DAUC < 0.55,source::splice,,0.0047421837540313,0.0054175854139507,-0.0006754016599194,True,near_perfect_baseline,-14.242418576573616,,-15.576740961895869,,False,abs_delta_mean
tabpfn,splice,cluster_membership_k5_feature,test_time_variant,M20_cluster_membership,TabArena_IID,classification,3,False,2126,1064,60,60,0,1.0,0.4935215615848055,0.0,DAUC < 0.55,source::splice,,0.0047421837540313,0.0052692075702392,-0.0005270238162079,True,near_perfect_baseline,-11.113525825732184,,-12.202190152701364,,False,abs_delta_mean
tabpfn,splice,freq_enc_train_only,train_only_version,baselines,TabArena_IID,classification,3,False,2126,1064,60,60,0,1.0,0.4935215615848055,0.0,DAUC < 0.55,source::splice,,0.0047421837540313,0.0045009687301012,0.0002412150239301,True,near_perfect_baseline,5.086581128895678,,3.598242794126976,,False,abs_delta_mean
tabpfn,splice,freq_ratio_log,test_time_variant,M2_freq_ratio,TabArena_IID,classification,3,False,2126,1064,60,60,0,1.0,0.4935215615848055,0.0,DAUC < 0.55,source::splice,,0.0047421837540313,0.0047754549389942,-3.3271184962916735e-05,True,near_perfect_baseline,-0.7016005007109449,,-1.819066187930052,,False,abs_delta_mean
tabpfn,splice,freq_ratio_log__sel_combined_intersection,test_time_variant,selective,TabArena_IID,classification,3,False,2126,1064,60,60,0,1.0,0.4935215615848055,0.0,DAUC < 0.55,source::splice,,0.0047421837540313,0.0049105803337354,-0.000168396579704,True,near_perfect_baseline,-3.551034469318935,,-4.362650464565135,,False,abs_delta_mean
tabpfn,splice,freq_ratio_log__sel_combined_union,test_time_variant,selective,TabArena_IID,classification,3,False,2126,1064,60,60,0,1.0,0.4935215615848055,0.0,DAUC < 0.55,source::splice,,0.0047421837540313,0.0047733050083469,-3.1121254315628434e-05,True,near_perfect_baseline,-0.656264200837271,,-1.2384606738872914,,False,abs_delta_mean
tabpfn,splice,freq_ratio_v2_both_gated,test_time_variant,M2_freq_ratio,TabArena_IID,classification,3,False,2126,1064,60,60,0,1.0,0.4935215615848055,0.0,DAUC < 0.55,source::splice,,0.0047421837540313,0.0047458421134047,-3.6583593734003847e-06,True,near_perfect_baseline,-0.0771450361932961,,0.0496913930877115,,False,abs_delta_mean
tabpfn,splice,freq_ratio_v2_diff_gated,test_time_variant,M2_freq_ratio,TabArena_IID,classification,3,False,2126,1064,60,60,0,1.0,0.4935215615848055,0.0,DAUC < 0.55,source::splice,,0.0047421837540313,0.0048485101977446,-0.0001063264437133,True,near_perfect_baseline,-2.242140946624965,,-2.245152058093145,,False,abs_delta_mean
tabpfn,splice,freq_ratio_v2_ratio_gated,test_time_variant,M2_freq_ratio,TabArena_IID,classification,3,False,2126,1064,60,60,0,1.0,0.4935215615848055,0.0,DAUC < 0.55,source::splice,,0.0047421837540313,0.0048350715811683,-9.288782713697448e-05,True,near_perfect_baseline,-1.958756386401305,,-2.081494770999429,,False,abs_delta_mean
tabpfn,splice,freq_ratio_v2_ratio_ungated,test_time_variant,M2_freq_ratio,TabArena_IID,classification,3,False,2126,1064,60,60,0,1.0,0.4935215615848055,0.0,DAUC < 0.55,source::splice,,0.0047421837540313,0.0048149772863922,-7.279353236085602e-05,True,near_perfect_baseline,-1.5350213348222468,,-2.5096896072138524,,False,abs_delta_mean
tabpfn,splice,groupby_shift_cohen_d,test_time_variant,M14_groupby,TabArena_IID,classification,3,False,2126,1064,60,60,0,1.0,0.4935215615848055,0.0,DAUC < 0.55,source::splice,,0.0047421837540313,0.0047421837540313,0.0,True,near_perfect_baseline,0.0,,0.0,,False,abs_delta_mean
tabpfn,splice,groupby_shift_cohen_d__sel_combined_intersection,test_time_variant,selective,TabArena_IID,classification,3,False,2126,1064,60,60,0,1.0,0.4935215615848055,0.0,DAUC < 0.55,source::splice,,0.0047421837540313,0.0048058274874801,-6.364373344884082e-05,True,near_perfect_baseline,-1.342076493656268,,-2.1813824726993123,,False,abs_delta_mean
tabpfn,splice,groupby_shift_cohen_d__sel_combined_union,test_time_variant,selective,TabArena_IID,classification,3,False,2126,1064,60,60,0,1.0,0.4935215615848055,0.0,DAUC < 0.55,source::splice,,0.0047421837540313,0.0047527371622633,-1.055340823200949e-05,True,near_perfect_baseline,-0.2225432159400885,,-0.1873576403562972,,False,abs_delta_mean
tabpfn,splice,groupby_shift_cohen_d_min10,test_time_variant,M14_groupby,TabArena_IID,classification,3,False,2126,1064,60,60,0,1.0,0.4935215615848055,0.0,DAUC < 0.55,source::splice,,0.0047421837540313,0.0047421837540313,0.0,True,near_perfect_baseline,0.0,,0.0,,False,abs_delta_mean
tabpfn,splice,groupby_shift_ratio_log,test_time_variant,M14_groupby,TabArena_IID,classification,3,False,2126,1064,60,60,0,1.0,0.4935215615848055,0.0,DAUC < 0.55,source::splice,,0.0047421837540313,0.0047421837540313,0.0,True,near_perfect_baseline,0.0,,0.0,,False,abs_delta_mean
tabpfn,splice,groupby_shift_ratio_raw,test_time_variant,M14_groupby,TabArena_IID,classification,3,False,2126,1064,60,60,0,1.0,0.4935215615848055,0.0,DAUC < 0.55,source::splice,,0.0047421837540313,0.0047421837540313,0.0,True,near_perfect_baseline,0.0,,0.0,,False,abs_delta_mean
tabpfn,splice,groupby_train_only,train_only_version,baselines,TabArena_IID,classification,3,False,2126,1064,60,60,0,1.0,0.4935215615848055,0.0,DAUC < 0.55,source::splice,,0.0047421837540313,0.0047421837540313,0.0,True,near_perfect_baseline,0.0,,0.0,,False,abs_delta_mean
tabpfn,splice,joint_freq_combined,test_time_variant,M1_joint_freq,TabArena_IID,classification,3,False,2126,1064,60,60,0,1.0,0.4935215615848055,0.0,DAUC < 0.55,source::splice,,0.0047421837540313,0.0044909737348022,0.000251210019229,True,near_perfect_baseline,5.297348906303517,,4.79110166331543,,False,abs_delta_mean
tabpfn,splice,joint_freq_combined__sel_combined_intersection,test_time_variant,selective,TabArena_IID,classification,3,False,2126,1064,60,60,0,1.0,0.4935215615848055,0.0,DAUC < 0.55,source::splice,,0.0047421837540313,0.0044733126621627,0.0002688710918686,True,near_perfect_baseline,5.669773796514687,,5.813902202482321,,False,abs_delta_mean
tabpfn,splice,joint_freq_combined__sel_combined_union,test_time_variant,selective,TabArena_IID,classification,3,False,2126,1064,60,60,0,1.0,0.4935215615848055,0.0,DAUC < 0.55,source::splice,,0.0047421837540313,0.0044280586044141,0.0003141251496172,True,near_perfect_baseline,6.624061105818288,,5.953250382386128,,False,abs_delta_mean
tabpfn,splice,joint_freq_separate,test_time_variant,M1_joint_freq,TabArena_IID,classification,3,False,2126,1064,60,60,0,1.0,0.4935215615848055,0.0,DAUC < 0.55,source::splice,,0.0047421837540313,0.0045163579619957,0.0002258257920356,True,near_perfect_baseline,4.762063297181587,,4.3144641583999945,,False,abs_delta_mean
tabpfn,splice,joint_freq_separate__sel_combined_intersection,test_time_variant,selective,TabArena_IID,classification,3,False,2126,1064,60,60,0,1.0,0.4935215615848055,0.0,DAUC < 0.55,source::splice,,0.0047421837540313,0.0047262783852292,1.5905368802064206e-05,True,near_perfect_baseline,0.3354017816906247,,0.1572012401013823,,False,abs_delta_mean
tabpfn,splice,joint_freq_separate__sel_combined_union,test_time_variant,selective,TabArena_IID,classification,3,False,2126,1064,60,60,0,1.0,0.4935215615848055,0.0,DAUC < 0.55,source::splice,,0.0047421837540313,0.0044648291699435,0.0002773545840878,True,near_perfect_baseline,5.848668007688671,,5.618973023983551,,False,abs_delta_mean
tabpfn,splice,joint_groupby_combined,test_time_variant,M14_groupby,TabArena_IID,classification,3,False,2126,1064,60,60,0,1.0,0.4935215615848055,0.0,DAUC < 0.55,source::splice,,0.0047421837540313,0.0047421837540313,0.0,True,near_perfect_baseline,0.0,,0.0,,False,abs_delta_mean
tabpfn,splice,joint_groupby_combined__sel_combined_intersection,test_time_variant,selective,TabArena_IID,classification,3,False,2126,1064,60,60,0,1.0,0.4935215615848055,0.0,DAUC < 0.55,source::splice,,0.0047421837540313,0.0048058274874801,-6.364373344884082e-05,True,near_perfect_baseline,-1.342076493656268,,-2.1813824726993123,,False,abs_delta_mean
tabpfn,splice,joint_groupby_combined__sel_combined_union,test_time_variant,selective,TabArena_IID,classification,3,False,2126,1064,60,60,0,1.0,0.4935215615848055,0.0,DAUC < 0.55,source::splice,,0.0047421837540313,0.0047527371622633,-1.055340823200949e-05,True,near_perfect_baseline,-0.2225432159400885,,-0.1873576403562972,,False,abs_delta_mean
tabpfn,splice,joint_groupby_mean_only,test_time_variant,M14_groupby,TabArena_IID,classification,3,False,2126,1064,60,60,0,1.0,0.4935215615848055,0.0,DAUC < 0.55,source::splice,,0.0047421837540313,0.0047421837540313,0.0,True,near_perfect_baseline,0.0,,0.0,,False,abs_delta_mean
tabpfn,splice,joint_groupby_separate,test_time_variant,M14_groupby,TabArena_IID,classification,3,False,2126,1064,60,60,0,1.0,0.4935215615848055,0.0,DAUC < 0.55,source::splice,,0.0047421837540313,0.0047421837540313,0.0,True,near_perfect_baseline,0.0,,0.0,,False,abs_delta_mean
tabpfn,splice,joint_pca_10,test_time_variant,M3_joint_pca,TabArena_IID,classification,3,False,2126,1064,60,60,0,1.0,0.4935215615848055,0.0,DAUC < 0.55,source::splice,,0.0047421837540313,0.0047421837540313,0.0,True,near_perfect_baseline,0.0,,0.0,,False,abs_delta_mean
tabpfn,splice,joint_pca_5,test_time_variant,M3_joint_pca,TabArena_IID,classification,3,False,2126,1064,60,60,0,1.0,0.4935215615848055,0.0,DAUC < 0.55,source::splice,,0.0047421837540313,0.0047421837540313,0.0,True,near_perfect_baseline,0.0,,0.0,,False,abs_delta_mean
tabpfn,splice,joint_pca_var90,test_time_variant,M3_joint_pca,TabArena_IID,classification,3,False,2126,1064,60,60,0,1.0,0.4935215615848055,0.0,DAUC < 0.55,source::splice,,0.0047421837540313,0.0047421837540313,0.0,True,near_perfect_baseline,0.0,,0.0,,False,abs_delta_mean
tabpfn,splice,joint_pca_var95,test_time_variant,M3_joint_pca,TabArena_IID,classification,3,False,2126,1064,60,60,0,1.0,0.4935215615848055,0.0,DAUC < 0.55,source::splice,,0.0047421837540313,0.0047421837540313,0.0,True,near_perfect_baseline,0.0,,0.0,,False,abs_delta_mean
tabpfn,splice,joint_scaling,test_time_variant,M5_joint_scaling,TabArena_IID,classification,3,False,2126,1064,60,60,0,1.0,0.4935215615848055,0.0,DAUC < 0.55,source::splice,,0.0047421837540313,0.0047421837540313,0.0,True,near_perfect_baseline,0.0,,0.0,,False,abs_delta_mean
tabpfn,splice,joint_tsne_2d_p30,test_time_variant,M3b_joint_tsne,TabArena_IID,classification,3,False,2126,1064,60,60,0,1.0,0.4935215615848055,0.0,DAUC < 0.55,source::splice,,0.0047421837540313,0.0049793761695567,-0.0002371924155253,True,near_perfect_baseline,-5.001755052695557,,-6.443914592725772,,False,abs_delta_mean
tabpfn,splice,joint_tsne_2d_p50,test_time_variant,M3b_joint_tsne,TabArena_IID,classification,3,False,2126,1064,60,60,0,1.0,0.4935215615848055,0.0,DAUC < 0.55,source::splice,,0.0047421837540313,0.004749857936094,-7.674182062674303e-06,True,near_perfect_baseline,-0.1618280197630503,,-2.093176367084719,,False,abs_delta_mean
tabpfn,splice,joint_tsne_3d_p30,test_time_variant,M3b_joint_tsne,TabArena_IID,classification,3,False,2126,1064,60,60,0,1.0,0.4935215615848055,0.0,DAUC < 0.55,source::splice,,0.0047421837540313,0.0045427981662428,0.0001993855877884,True,near_perfect_baseline,4.204509950062578,,3.988098967268183,,False,abs_delta_mean
tabpfn,splice,label_prop_k10_a05,test_time_variant,M8_label_prop,TabArena_IID,classification,3,False,2126,1064,60,60,0,1.0,0.4935215615848055,0.0,DAUC < 0.55,source::splice,,0.0047421837540313,0.004758744895069,-1.656114103765205e-05,True,near_perfect_baseline,-0.349230268092698,,0.9064331783605574,,False,abs_delta_mean
tabpfn,splice,label_prop_k15_a05,test_time_variant,M8_label_prop,TabArena_IID,classification,3,False,2126,1064,60,60,0,1.0,0.4935215615848055,0.0,DAUC < 0.55,source::splice,,0.0047421837540313,0.0047479263696675,-5.742615636165442e-06,True,near_perfect_baseline,-0.1210964385613255,,0.9087363273176812,,False,abs_delta_mean
tabpfn,splice,label_prop_k15_a08,test_time_variant,M8_label_prop,TabArena_IID,classification,3,False,2126,1064,60,60,0,1.0,0.4935215615848055,0.0,DAUC < 0.55,source::splice,,0.0047421837540313,0.0047984023570279,-5.621860299664938e-05,True,near_perfect_baseline,-1.1855003077191544,,-0.302515966997291,,False,abs_delta_mean
tabpfn,splice,label_prop_v3_adaptive,test_time_variant,M8_label_prop,TabArena_IID,classification,3,False,2126,1064,60,60,0,1.0,0.4935215615848055,0.0,DAUC < 0.55,source::splice,,0.0047421837540313,0.0048722553330417,-0.0001300715790103,True,near_perfect_baseline,-2.742862481864225,,-1.9352474283018688,,False,abs_delta_mean
tabpfn,splice,label_prop_v3_t005_k10,test_time_variant,M8_label_prop,TabArena_IID,classification,3,False,2126,1064,60,60,0,1.0,0.4935215615848055,0.0,DAUC < 0.55,source::splice,,0.0047421837540313,0.0045966103046353,0.0001455734493959,True,near_perfect_baseline,3.069755558759276,,4.000594217612329,,False,abs_delta_mean
tabpfn,splice,label_prop_v3_t005_k15,test_time_variant,M8_label_prop,TabArena_IID,classification,3,False,2126,1064,60,60,0,1.0,0.4935215615848055,0.0,DAUC < 0.55,source::splice,,0.0047421837540313,0.0045920939475407,0.0001500898064905,True,near_perfect_baseline,3.164993477171124,,3.762673978219327,,False,abs_delta_mean
tabpfn,splice,label_prop_v3_t01_k15,test_time_variant,M8_label_prop,TabArena_IID,classification,3,False,2126,1064,60,60,0,1.0,0.4935215615848055,0.0,DAUC < 0.55,source::splice,,0.0047421837540313,0.0044779198951676,0.0002642638588637,True,near_perfect_baseline,5.572619547673048,,5.974391276976848,,False,abs_delta_mean
tabpfn,splice,label_prop_weighted_adaptive_a05,test_time_variant,M8_label_prop,TabArena_IID,classification,3,False,2126,1064,60,60,0,1.0,0.4935215615848055,0.0,DAUC < 0.55,source::splice,,0.0047421837540313,0.0048167663729949,-7.458261896357381e-05,True,near_perfect_baseline,-1.5727483967733458,,-1.3727155985002444,,False,abs_delta_mean
tabpfn,splice,label_prop_weighted_k10_a05,test_time_variant,M8_label_prop,TabArena_IID,classification,3,False,2126,1064,60,60,0,1.0,0.4935215615848055,0.0,DAUC < 0.55,source::splice,,0.0047421837540313,0.004800759543442,-5.857578941070862e-05,True,near_perfect_baseline,-1.2352070786146387,,-1.4818834521242117,,False,abs_delta_mean
tabpfn,splice,label_prop_weighted_k15_a05,test_time_variant,M8_label_prop,TabArena_IID,classification,3,False,2126,1064,60,60,0,1.0,0.4935215615848055,0.0,DAUC < 0.55,source::splice,,0.0047421837540313,0.0049038496208051,-0.0001616658667738,True,near_perfect_baseline,-3.409101695740943,,-3.62117621610559,,False,abs_delta_mean
tabpfn,splice,label_prop_weighted_k15_a08,test_time_variant,M8_label_prop,TabArena_IID,classification,3,False,2126,1064,60,60,0,1.0,0.4935215615848055,0.0,DAUC < 0.55,source::splice,,0.0047421837540313,0.0049101773417734,-0.000167993587742,True,near_perfect_baseline,-3.542536444296594,,-3.7048616271637127,,False,abs_delta_mean
tabpfn,splice,leaf_density_conf,test_time_variant,M18_leaf_density,TabArena_IID,classification,3,False,2126,1064,60,60,0,1.0,0.4935215615848055,0.0,DAUC < 0.55,source::splice,,0.0047421837540313,0.0049228297361385,-0.0001806459821072,True,near_perfect_baseline,-3.8093416762612864,,-6.225168618389657,,False,abs_delta_mean
tabpfn,splice,leaf_density_conf_cumshift,test_time_variant,M18_leaf_density,TabArena_IID,classification,3,False,2126,1064,60,60,0,1.0,0.4935215615848055,0.0,DAUC < 0.55,source::splice,,0.0047421837540313,0.0047447467291692,-2.562975137861597e-06,True,near_perfect_baseline,-0.0540463058961499,,-0.5223937723400951,,False,abs_delta_mean
tabpfn,splice,leaf_density_conf_deep,test_time_variant,M18_leaf_density,TabArena_IID,classification,3,False,2126,1064,60,60,0,1.0,0.4935215615848055,0.0,DAUC < 0.55,source::splice,,0.0047421837540313,0.0049823861486775,-0.0002402023946461,True,near_perfect_baseline,-5.065227479681166,,-6.564419088564491,,False,abs_delta_mean
tabpfn,splice,leaf_density_conf_shallow,test_time_variant,M18_leaf_density,TabArena_IID,classification,3,False,2126,1064,60,60,0,1.0,0.4935215615848055,0.0,DAUC < 0.55,source::splice,,0.0047421837540313,0.0049952479994998,-0.0002530642454685,True,near_perfect_baseline,-5.336449589356196,,-7.512981480179352,,False,abs_delta_mean
tabpfn,splice,leaf_density_embed_k10,test_time_variant,M18_leaf_density,TabArena_IID,classification,3,False,2126,1064,60,60,0,1.0,0.4935215615848055,0.0,DAUC < 0.55,source::splice,,0.0047421837540313,0.004757638165371,-1.5454411339728875e-05,True,near_perfect_baseline,-0.3258922922712713,,-1.185822863995379,,False,abs_delta_mean
tabpfn,splice,leaf_density_embed_k10_cumshift,test_time_variant,M18_leaf_density,TabArena_IID,classification,3,False,2126,1064,60,60,0,1.0,0.4935215615848055,0.0,DAUC < 0.55,source::splice,,0.0047421837540313,0.0044524207640238,0.0002897629900074,True,near_perfect_baseline,6.110328174465256,,5.944101480233074,,False,abs_delta_mean
tabpfn,splice,leaf_density_embed_k20,test_time_variant,M18_leaf_density,TabArena_IID,classification,3,False,2126,1064,60,60,0,1.0,0.4935215615848055,0.0,DAUC < 0.55,source::splice,,0.0047421837540313,0.0048974411163913,-0.0001552573623599,True,near_perfect_baseline,-3.273963439901985,,-4.070807329357879,,False,abs_delta_mean
tabpfn,splice,leaf_density_embed_k5,test_time_variant,M18_leaf_density,TabArena_IID,classification,3,False,2126,1064,60,60,0,1.0,0.4935215615848055,0.0,DAUC < 0.55,source::splice,,0.0047421837540313,0.0046555904223773,8.659333165402423e-05,True,near_perfect_baseline,1.826022274662188,,0.7723060422085605,,False,abs_delta_mean
tabpfn,splice,nearest_test_k10_both,test_time_variant,M16_nearest_test_dist,TabArena_IID,classification,3,False,2126,1064,60,60,0,1.0,0.4935215615848055,0.0,DAUC < 0.55,source::splice,,0.0047421837540313,0.0048419408859975,-9.975713196623086e-05,True,near_perfect_baseline,-2.103611693271633,,-3.560975505821702,,False,abs_delta_mean
tabpfn,splice,nearest_test_k10_cumshift_both,test_time_variant,M16_nearest_test_dist,TabArena_IID,classification,3,False,2126,1064,60,60,0,1.0,0.4935215615848055,0.0,DAUC < 0.55,source::splice,,0.0047421837540313,0.004860148612045,-0.0001179648580137,True,near_perfect_baseline,-2.487564045012425,,-3.697047858007788,,False,abs_delta_mean
tabpfn,splice,nearest_test_k10_filter_both,test_time_variant,M16_nearest_test_dist,TabArena_IID,classification,3,False,2126,1064,60,60,0,1.0,0.4935215615848055,0.0,DAUC < 0.55,source::splice,,0.0047421837540313,0.0047496850713083,-7.501317277040324e-06,True,near_perfect_baseline,-0.1581827627548956,,-0.8706119361230463,,False,abs_delta_mean
tabpfn,splice,nearest_test_k5_both,test_time_variant,M16_nearest_test_dist,TabArena_IID,classification,3,False,2126,1064,60,60,0,1.0,0.4935215615848055,0.0,DAUC < 0.55,source::splice,,0.0047421837540313,0.0047935705479242,-5.138679389293799e-05,True,near_perfect_baseline,-1.0836103482758104,,-2.405890450200632,,False,abs_delta_mean
tabpfn,splice,nearest_test_rel_k10_both,test_time_variant,M16_nearest_test_dist,TabArena_IID,classification,3,False,2126,1064,60,60,0,1.0,0.4935215615848055,0.0,DAUC < 0.55,source::splice,,0.0047421837540313,0.0045893103420212,0.00015287341201,True,near_perfect_baseline,3.223692289023912,,2.950324996529014,,False,abs_delta_mean
tabpfn,splice,nearest_test_rel_k10_cumshift_both,test_time_variant,M16_nearest_test_dist,TabArena_IID,classification,3,False,2126,1064,60,60,0,1.0,0.4935215615848055,0.0,DAUC < 0.55,source::splice,,0.0047421837540313,0.0046308043629716,0.0001113793910596,True,near_perfect_baseline,2.3486941214576014,,1.9401643992926136,,False,abs_delta_mean
tabpfn,splice,nearest_test_rel_k5_both,test_time_variant,M16_nearest_test_dist,TabArena_IID,classification,3,False,2126,1064,60,60,0,1.0,0.4935215615848055,0.0,DAUC < 0.55,source::splice,,0.0047421837540313,0.0046899291284081,5.225462562319372e-05,True,near_perfect_baseline,1.1019106035014326,,-0.0646343894856082,,False,abs_delta_mean
tabpfn,splice,neighbor_consensus_k10_dist,test_time_variant,M19_neighbor_consensus,TabArena_IID,classification,3,False,2126,1064,60,60,0,1.0,0.4935215615848055,0.0,DAUC < 0.55,source::splice,,0.0047421837540313,0.0046357360795679,0.0001064476744633,True,near_perfect_baseline,2.244697379617012,,0.7713079370934689,,False,abs_delta_mean
tabpfn,splice,neighbor_consensus_k10_dist_cumshift,test_time_variant,M19_neighbor_consensus,TabArena_IID,classification,3,False,2126,1064,60,60,0,1.0,0.4935215615848055,0.0,DAUC < 0.55,source::splice,,0.0047421837540313,0.0050083694616693,-0.0002661857076379,True,near_perfect_baseline,-5.613146209521603,,-8.287316278594757,,False,abs_delta_mean
tabpfn,splice,neighbor_consensus_k10_uniform,test_time_variant,M19_neighbor_consensus,TabArena_IID,classification,3,False,2126,1064,60,60,0,1.0,0.4935215615848055,0.0,DAUC < 0.55,source::splice,,0.0047421837540313,0.0047090554675353,3.3128286496005486e-05,True,near_perfect_baseline,0.6985871533941027,,-0.8260011969914768,,False,abs_delta_mean
tabpfn,splice,neighbor_consensus_k20_dist,test_time_variant,M19_neighbor_consensus,TabArena_IID,classification,3,False,2126,1064,60,60,0,1.0,0.4935215615848055,0.0,DAUC < 0.55,source::splice,,0.0047421837540313,0.0045840477828691,0.0001581359711621,True,near_perfect_baseline,3.334665617453997,,1.2488990391489567,,False,abs_delta_mean
tabpfn,splice,neighbor_consensus_k5_dist,test_time_variant,M19_neighbor_consensus,TabArena_IID,classification,3,False,2126,1064,60,60,0,1.0,0.4935215615848055,0.0,DAUC < 0.55,source::splice,,0.0047421837540313,0.0049164589829013,-0.00017427522887,True,near_perfect_baseline,-3.674999491993188,,-6.627331999854532,,False,abs_delta_mean
tabpfn,splice,neighbor_consensus_k5_dist_cumshift,test_time_variant,M19_neighbor_consensus,TabArena_IID,classification,3,False,2126,1064,60,60,0,1.0,0.4935215615848055,0.0,DAUC < 0.55,source::splice,,0.0047421837540313,0.0049521706935775,-0.0002099869395461,True,near_perfect_baseline,-4.428064167013055,,-6.265519100073109,,False,abs_delta_mean
tabpfn,splice,ot_disp_v2_selective,test_time_variant,M9_ot_displacement,TabArena_IID,classification,3,False,2126,1064,60,60,0,1.0,0.4935215615848055,0.0,DAUC < 0.55,source::splice,,0.0047421837540313,0.0048749009347901,-0.0001327171807588,True,near_perfect_baseline,-2.79865116247294,,-3.727066956087892,,False,abs_delta_mean
tabpfn,splice,ot_disp_v2_selective_abs,test_time_variant,M9_ot_displacement,TabArena_IID,classification,3,False,2126,1064,60,60,0,1.0,0.4935215615848055,0.0,DAUC < 0.55,source::splice,,0.0047421837540313,0.0047421837540313,0.0,True,near_perfect_baseline,0.0,,0.0,,False,abs_delta_mean
tabpfn,splice,ot_disp_v2_selective_and_summary,test_time_variant,M9_ot_displacement,TabArena_IID,classification,3,False,2126,1064,60,60,0,1.0,0.4935215615848055,0.0,DAUC < 0.55,source::splice,,0.0047421837540313,0.0048755827376241,-0.0001333989835928,True,near_perfect_baseline,-2.813028564729073,,-3.74289965758645,,False,abs_delta_mean
tabpfn,splice,ot_disp_v2_selective_and_summary_abs,test_time_variant,M9_ot_displacement,TabArena_IID,classification,3,False,2126,1064,60,60,0,1.0,0.4935215615848055,0.0,DAUC < 0.55,source::splice,,0.0047421837540313,0.0047368490032159,5.334750815359317e-06,True,near_perfect_baseline,0.1124956579513502,,0.1468428137519841,,False,abs_delta_mean
tabpfn,splice,ot_disp_v2_selective_and_summary_top10,test_time_variant,M9_ot_displacement,TabArena_IID,classification,3,False,2126,1064,60,60,0,1.0,0.4935215615848055,0.0,DAUC < 0.55,source::splice,,0.0047421837540313,0.0048749009347901,-0.0001327171807588,True,near_perfect_baseline,-2.79865116247294,,-3.727066956087892,,False,abs_delta_mean
tabpfn,splice,ot_disp_v2_selective_top10,test_time_variant,M9_ot_displacement,TabArena_IID,classification,3,False,2126,1064,60,60,0,1.0,0.4935215615848055,0.0,DAUC < 0.55,source::splice,,0.0047421837540313,0.0048749009347901,-0.0001327171807588,True,near_perfect_baseline,-2.79865116247294,,-3.727066956087892,,False,abs_delta_mean
tabpfn,splice,ot_disp_v2_summary_only,test_time_variant,M9_ot_displacement,TabArena_IID,classification,3,False,2126,1064,60,60,0,1.0,0.4935215615848055,0.0,DAUC < 0.55,source::splice,,0.0047421837540313,0.0047354419735346,6.7417804966810975e-06,True,near_perfect_baseline,0.1421661590179877,,0.1570329952856235,,False,abs_delta_mean
tabpfn,splice,ot_displacement_mag,test_time_variant,M9_ot_displacement,TabArena_IID,classification,3,False,2126,1064,60,60,0,1.0,0.4935215615848055,0.0,DAUC < 0.55,source::splice,,0.0047421837540313,0.0046509158992964,9.126785473493695e-05,True,near_perfect_baseline,1.924595491630836,,2.406392321393463,,False,abs_delta_mean
tabpfn,splice,ot_displacement_no_mag,test_time_variant,M9_ot_displacement,TabArena_IID,classification,3,False,2126,1064,60,60,0,1.0,0.4935215615848055,0.0,DAUC < 0.55,source::splice,,0.0047421837540313,0.0048213595862836,-7.9175832252254e-05,True,near_perfect_baseline,-1.6696070072136349,,-2.470319439943879,,False,abs_delta_mean
tabpfn,splice,pca_train_only_10,train_only_version,baselines,TabArena_IID,classification,3,False,2126,1064,60,60,0,1.0,0.4935215615848055,0.0,DAUC < 0.55,source::splice,,0.0047421837540313,0.0047421837540313,0.0,True,near_perfect_baseline,0.0,,0.0,,False,abs_delta_mean
tabpfn,splice,pca_train_only_5,train_only_version,baselines,TabArena_IID,classification,3,False,2126,1064,60,60,0,1.0,0.4935215615848055,0.0,DAUC < 0.55,source::splice,,0.0047421837540313,0.0047379253741625,4.258379868800806e-06,True,near_perfect_baseline,0.0897978671783954,,0.1241828507347427,,False,abs_delta_mean
tabpfn,splice,pca_train_only_var90,train_only_version,baselines,TabArena_IID,classification,3,False,2126,1064,60,60,0,1.0,0.4935215615848055,0.0,DAUC < 0.55,source::splice,,0.0047421837540313,0.0047421837540313,0.0,True,near_perfect_baseline,0.0,,0.0,,False,abs_delta_mean
tabpfn,splice,pca_train_only_var95,train_only_version,baselines,TabArena_IID,classification,3,False,2126,1064,60,60,0,1.0,0.4935215615848055,0.0,DAUC < 0.55,source::splice,,0.0047421837540313,0.0047421837540313,0.0,True,near_perfect_baseline,0.0,,0.0,,False,abs_delta_mean
tabpfn,splice,pseudo_label_lgbm_conf80_iter5,test_time_variant,M7_pseudo_label,TabArena_IID,classification,3,False,2126,1064,60,60,0,1.0,0.4935215615848055,0.0,DAUC < 0.55,source::splice,,0.0047421837540313,0.005349741729433,-0.0006075579754017,True,near_perfect_baseline,-12.81177632320204,,-15.017928213929176,,False,abs_delta_mean
tabpfn,splice,pseudo_label_lgbm_conf90_iter1,test_time_variant,M7_pseudo_label,TabArena_IID,classification,3,False,2126,1064,60,60,0,1.0,0.4935215615848055,0.0,DAUC < 0.55,source::splice,,0.0047421837540313,0.0053195072696952,-0.0005773235156639,True,near_perfect_baseline,-12.17421225343948,,-14.590711231819048,,False,abs_delta_mean
tabpfn,splice,pseudo_label_lgbm_conf90_iter3,test_time_variant,M7_pseudo_label,TabArena_IID,classification,3,False,2126,1064,60,60,0,1.0,0.4935215615848055,0.0,DAUC < 0.55,source::splice,,0.0047421837540313,0.0052442852165542,-0.0005021014625229,True,near_perfect_baseline,-10.587979896309706,,-12.879853595866663,,False,abs_delta_mean
tabpfn,splice,pseudo_label_lgbm_conf95_iter3,test_time_variant,M7_pseudo_label,TabArena_IID,classification,3,False,2126,1064,60,60,0,1.0,0.4935215615848055,0.0,DAUC < 0.55,source::splice,,0.0047421837540313,0.0053061344044683,-0.000563950650437,True,near_perfect_baseline,-11.89221421370694,,-13.790155630141982,,False,abs_delta_mean
tabpfn,splice,pseudo_label_v2_cal_iso_wfixed_conf90,test_time_variant,M7_pseudo_label,TabArena_IID,classification,3,False,2126,1064,60,60,0,1.0,0.4935215615848055,0.0,DAUC < 0.55,source::splice,,0.0047421837540313,0.005299514855355,-0.0005573311013237,True,near_perfect_baseline,-11.752625588368062,,-15.123043434631308,,False,abs_delta_mean
tabpfn,splice,pseudo_label_v2_cal_iso_wprop_conf85,test_time_variant,M7_pseudo_label,TabArena_IID,classification,3,False,2126,1064,60,60,0,1.0,0.4935215615848055,0.0,DAUC < 0.55,source::splice,,0.0047421837540313,0.0051884806858579,-0.0004462969318265,True,near_perfect_baseline,-9.411211268378043,,-11.633112555577036,,False,abs_delta_mean
tabpfn,splice,pseudo_label_v2_cal_iso_wprop_conf90,test_time_variant,M7_pseudo_label,TabArena_IID,classification,3,False,2126,1064,60,60,0,1.0,0.4935215615848055,0.0,DAUC < 0.55,source::splice,,0.0047421837540313,0.005299514855355,-0.0005573311013237,True,near_perfect_baseline,-11.752625588368062,,-15.123043434631308,,False,abs_delta_mean
tabpfn,splice,pseudo_label_v2_cal_iso_wquad_conf90,test_time_variant,M7_pseudo_label,TabArena_IID,classification,3,False,2126,1064,60,60,0,1.0,0.4935215615848055,0.0,DAUC < 0.55,source::splice,,0.0047421837540313,0.005299514855355,-0.0005573311013237,True,near_perfect_baseline,-11.752625588368062,,-15.123043434631308,,False,abs_delta_mean
tabpfn,splice,pseudo_label_v2_cal_platt_wprop_conf90,test_time_variant,M7_pseudo_label,TabArena_IID,classification,3,False,2126,1064,60,60,0,1.0,0.4935215615848055,0.0,DAUC < 0.55,source::splice,,0.0047421837540313,0.0052800342205756,-0.0005378504665443,True,near_perfect_baseline,-11.341830988457184,,-13.503519039259748,,False,abs_delta_mean
tabpfn,splice,target_enc_absolute,test_time_variant,M4_target_encoding,TabArena_IID,classification,3,False,2126,1064,60,60,0,1.0,0.4935215615848055,0.0,DAUC < 0.55,source::splice,,0.0047421837540313,0.0044297264854602,0.0003124572685711,True,near_perfect_baseline,6.588889945597621,,5.764506778263045,,False,abs_delta_mean
tabpfn,splice,target_enc_diff,test_time_variant,M4_target_encoding,TabArena_IID,classification,3,False,2126,1064,60,60,0,1.0,0.4935215615848055,0.0,DAUC < 0.55,source::splice,,0.0047421837540313,0.0045162511659112,0.0002259325881201,True,near_perfect_baseline,4.764315341598975,,3.872583488063657,,False,abs_delta_mean
tabpfn,splice,target_enc_inv_ratio,test_time_variant,M4_target_encoding,TabArena_IID,classification,3,False,2126,1064,60,60,0,1.0,0.4935215615848055,0.0,DAUC < 0.55,source::splice,,0.0047421837540313,0.004507379552067,0.0002348042019642,True,near_perfect_baseline,4.951394002070592,,4.01766391531956,,False,abs_delta_mean
tabpfn,splice,target_enc_oof_absolute,test_time_variant,M4_target_encoding,TabArena_IID,classification,3,False,2126,1064,60,60,0,1.0,0.4935215615848055,0.0,DAUC < 0.55,source::splice,,0.0047421837540313,0.004583874395929,0.0001583093581023,True,near_perfect_baseline,3.3383218853079937,,3.19524424808184,,False,abs_delta_mean
tabpfn,splice,target_enc_oof_diff,test_time_variant,M4_target_encoding,TabArena_IID,classification,3,False,2126,1064,60,60,0,1.0,0.4935215615848055,0.0,DAUC < 0.55,source::splice,,0.0047421837540313,0.0045980376870091,0.0001441460670222,True,near_perfect_baseline,3.039655873724324,,2.964255973470086,,False,abs_delta_mean
tabpfn,splice,target_enc_oof_inv_ratio,test_time_variant,M4_target_encoding,TabArena_IID,classification,3,False,2126,1064,60,60,0,1.0,0.4935215615848055,0.0,DAUC < 0.55,source::splice,,0.0047421837540313,0.0046001081501586,0.0001420756038726,True,near_perfect_baseline,2.9959953313052106,,2.970881576654311,,False,abs_delta_mean
tabpfn,splice,target_enc_oof_ratio,test_time_variant,M4_target_encoding,TabArena_IID,classification,3,False,2126,1064,60,60,0,1.0,0.4935215615848055,0.0,DAUC < 0.55,source::splice,,0.0047421837540313,0.004602465705304,0.0001397180487273,True,near_perfect_baseline,2.946280784850529,,2.739518960718197,,False,abs_delta_mean
tabpfn,splice,target_enc_oof_ratio_cap5,test_time_variant,M4_target_encoding,TabArena_IID,classification,3,False,2126,1064,60,60,0,1.0,0.4935215615848055,0.0,DAUC < 0.55,source::splice,,0.0047421837540313,0.004602465705304,0.0001397180487273,True,near_perfect_baseline,2.946280784850529,,2.739518960718197,,False,abs_delta_mean
tabpfn,splice,target_enc_ratio,test_time_variant,M4_target_encoding,TabArena_IID,classification,3,False,2126,1064,60,60,0,1.0,0.4935215615848055,0.0,DAUC < 0.55,source::splice,,0.0047421837540313,0.0045180499580929,0.0002241337959383,True,near_perfect_baseline,4.726383614886935,,3.4394951515744414,,False,abs_delta_mean
tabpfn,splice,target_enc_ratio__sel_combined_intersection,test_time_variant,selective,TabArena_IID,classification,3,False,2126,1064,60,60,0,1.0,0.4935215615848055,0.0,DAUC < 0.55,source::splice,,0.0047421837540313,0.0046984990082606,4.3684745770692736e-05,True,near_perfect_baseline,0.9211947076820138,,-0.1001467149539723,,False,abs_delta_mean
tabpfn,splice,target_enc_ratio__sel_combined_union,test_time_variant,selective,TabArena_IID,classification,3,False,2126,1064,60,60,0,1.0,0.4935215615848055,0.0,DAUC < 0.55,source::splice,,0.0047421837540313,0.0044666473208149,0.0002755364332163,True,near_perfect_baseline,5.810328057872485,,4.852926643386065,,False,abs_delta_mean
tabpfn,splice,target_enc_ratio_cap5,test_time_variant,M4_target_encoding,TabArena_IID,classification,3,False,2126,1064,60,60,0,1.0,0.4935215615848055,0.0,DAUC < 0.55,source::splice,,0.0047421837540313,0.0045180499580929,0.0002241337959383,True,near_perfect_baseline,4.726383614886935,,3.4394951515744414,,False,abs_delta_mean
tabpfn,splice,target_enc_standard_m10,train_only_version,baselines,TabArena_IID,classification,3,False,2126,1064,60,60,0,1.0,0.4935215615848055,0.0,DAUC < 0.55,source::splice,,0.0047421837540313,0.0045146942003154,0.0002274895537158,True,near_perfect_baseline,4.797147590969801,,3.898505495154257,,False,abs_delta_mean
tabpfn,splice,target_enc_standard_m20,train_only_version,baselines,TabArena_IID,classification,3,False,2126,1064,60,60,0,1.0,0.4935215615848055,0.0,DAUC < 0.55,source::splice,,0.0047421837540313,0.0045363509962943,0.000205832757737,True,near_perfect_baseline,4.340463558840839,,3.298710314380805,,False,abs_delta_mean
tabpfn,splice,target_enc_standard_m5,train_only_version,baselines,TabArena_IID,classification,3,False,2126,1064,60,60,0,1.0,0.4935215615848055,0.0,DAUC < 0.55,source::splice,,0.0047421837540313,0.0044968036857156,0.0002453800683157,True,near_perfect_baseline,5.174410799816084,,4.319950557226644,,False,abs_delta_mean
tabpfn,splice,targeted_groupby_top3,test_time_variant,M14_groupby,TabArena_IID,classification,3,False,2126,1064,60,60,0,1.0,0.4935215615848055,0.0,DAUC < 0.55,source::splice,,0.0047421837540313,0.0047421837540313,0.0,True,near_perfect_baseline,0.0,,0.0,,False,abs_delta_mean
tabpfn,splice,targeted_groupby_top3_shifted_agg,test_time_variant,M14_groupby,TabArena_IID,classification,3,False,2126,1064,60,60,0,1.0,0.4935215615848055,0.0,DAUC < 0.55,source::splice,,0.0047421837540313,0.0047421837540313,0.0,True,near_perfect_baseline,0.0,,0.0,,False,abs_delta_mean
tabpfn,splice,targeted_groupby_top5,test_time_variant,M14_groupby,TabArena_IID,classification,3,False,2126,1064,60,60,0,1.0,0.4935215615848055,0.0,DAUC < 0.55,source::splice,,0.0047421837540313,0.0047421837540313,0.0,True,near_perfect_baseline,0.0,,0.0,,False,abs_delta_mean
tabpfn,splice,targeted_groupby_top5_shifted_agg,test_time_variant,M14_groupby,TabArena_IID,classification,3,False,2126,1064,60,60,0,1.0,0.4935215615848055,0.0,DAUC < 0.55,source::splice,,0.0047421837540313,0.0047421837540313,0.0,True,near_perfect_baseline,0.0,,0.0,,False,abs_delta_mean
tabpfn,splice,tdda_k10_lam07_aug1,test_time_variant,M17_tdda,TabArena_IID,classification,3,False,2126,1064,60,60,0,1.0,0.4935215615848055,0.0,DAUC < 0.55,source::splice,,0.0047421837540313,0.0048464244154589,-0.0001042406614275,True,near_perfect_baseline,-2.1981573645040995,,-4.401181950071206,,False,abs_delta_mean
tabpfn,splice,tdda_k5_lam06_aug1,test_time_variant,M17_tdda,TabArena_IID,classification,3,False,2126,1064,60,60,0,1.0,0.4935215615848055,0.0,DAUC < 0.55,source::splice,,0.0047421837540313,0.0050276973989529,-0.0002855136449215,True,near_perfect_baseline,-6.020720826746947,,-9.773136194720683,,False,abs_delta_mean
tabpfn,splice,tdda_k5_lam07_aug1,test_time_variant,M17_tdda,TabArena_IID,classification,3,False,2126,1064,60,60,0,1.0,0.4935215615848055,0.0,DAUC < 0.55,source::splice,,0.0047421837540313,0.0048540222471631,-0.0001118384931318,True,near_perfect_baseline,-2.3583753589630803,,-4.5182312963078894,,False,abs_delta_mean
tabpfn,splice,tdda_k5_lam07_aug1_cumshift,test_time_variant,M17_tdda,TabArena_IID,classification,3,False,2126,1064,60,60,0,1.0,0.4935215615848055,0.0,DAUC < 0.55,source::splice,,0.0047421837540313,0.0050841986413038,-0.0003420148872725,True,near_perfect_baseline,-7.212181244174026,,-10.704087572738723,,False,abs_delta_mean
tabpfn,splice,tdda_k5_lam07_aug2,test_time_variant,M17_tdda,TabArena_IID,classification,3,False,2126,1064,60,60,0,1.0,0.4935215615848055,0.0,DAUC < 0.55,source::splice,,0.0047421837540313,0.0047217297405604,2.0454013470875648e-05,True,near_perfect_baseline,0.4313205588772873,,-3.738817024510395,,False,abs_delta_mean
tabpfn,splice,tdda_k5_lam08_aug1,test_time_variant,M17_tdda,TabArena_IID,classification,3,False,2126,1064,60,60,0,1.0,0.4935215615848055,0.0,DAUC < 0.55,source::splice,,0.0047421837540313,0.0049527422401735,-0.0002105584861421,True,near_perfect_baseline,-4.440116559447842,,-6.467131635689118,,False,abs_delta_mean
tabpfn,splice,tdda_v2_k10_lam07_pfl_dw,test_time_variant,M17_tdda,TabArena_IID,classification,3,False,2126,1064,60,60,0,1.0,0.4935215615848055,0.0,DAUC < 0.55,source::splice,,0.0047421837540313,0.0050069545155126,-0.0002647707614813,True,near_perfect_baseline,-5.583308771117633,,-5.802752804251362,,False,abs_delta_mean
tabpfn,splice,tdda_v2_k5_lam06_pfl_dw,test_time_variant,M17_tdda,TabArena_IID,classification,3,False,2126,1064,60,60,0,1.0,0.4935215615848055,0.0,DAUC < 0.55,source::splice,,0.0047421837540313,0.0050230240620899,-0.0002808403080586,True,near_perfect_baseline,-5.922172623948995,,-6.432391445221168,,False,abs_delta_mean
tabpfn,splice,tdda_v2_k5_lam07_nopfl_dw,test_time_variant,M17_tdda,TabArena_IID,classification,3,False,2126,1064,60,60,0,1.0,0.4935215615848055,0.0,DAUC < 0.55,source::splice,,0.0047421837540313,0.0048540222471631,-0.0001118384931318,True,near_perfect_baseline,-2.3583753589630803,,-4.5182312963078894,,False,abs_delta_mean
tabpfn,splice,tdda_v2_k5_lam07_pfl_dw,test_time_variant,M17_tdda,TabArena_IID,classification,3,False,2126,1064,60,60,0,1.0,0.4935215615848055,0.0,DAUC < 0.55,source::splice,,0.0047421837540313,0.0050012669064252,-0.0002590831523939,True,near_perfect_baseline,-5.463372273874,,-5.715131631363192,,False,abs_delta_mean
tabpfn,splice,tdda_v2_k5_lam07_pfl_dw_cumshift,test_time_variant,M17_tdda,TabArena_IID,classification,3,False,2126,1064,60,60,0,1.0,0.4935215615848055,0.0,DAUC < 0.55,source::splice,,0.0047421837540313,0.004987171671157,-0.0002449879171257,True,near_perfect_baseline,-5.166141377745119,,-5.173691675852335,,False,abs_delta_mean
tabpfn,splice,tdda_v2_k5_lam07_pfl_nodw,test_time_variant,M17_tdda,TabArena_IID,classification,3,False,2126,1064,60,60,0,1.0,0.4935215615848055,0.0,DAUC < 0.55,source::splice,,0.0047421837540313,0.0050012669064252,-0.0002590831523939,True,near_perfect_baseline,-5.463372273874,,-5.715131631363192,,False,abs_delta_mean
tabpfn,splice,train_only_scaling,train_only_version,baselines,TabArena_IID,classification,3,False,2126,1064,60,60,0,1.0,0.4935215615848055,0.0,DAUC < 0.55,source::splice,,0.0047421837540313,0.004733972461485,8.211292546282204e-06,True,near_perfect_baseline,0.1731542464861687,,0.1911577370264642,,False,abs_delta_mean
tabpfn,website_phishing,adversarial_lgbm_both_ratio,test_time_variant,M6_adversarial,TabArena_IID,classification,3,False,902,451,9,9,0,1.0,0.4974870109756609,0.0,DAUC < 0.55,source::website_phishing,,0.019962495978093,0.0206258612555523,-0.0006633652774593,True,near_perfect_baseline,-3.323057788902461,,-3.4872202972024624,,False,abs_delta_mean
tabpfn,website_phishing,adversarial_lgbm_cal_iso_both_ratio,test_time_variant,M6_adversarial,TabArena_IID,classification,3,False,902,451,9,9,0,1.0,0.4974870109756609,0.0,DAUC < 0.55,source::website_phishing,,0.019962495978093,0.0205691093082734,-0.0006066133301804,True,near_perfect_baseline,-3.038764946257817,,-3.065395114674983,,False,abs_delta_mean
tabpfn,website_phishing,adversarial_lgbm_cal_iso_feature,test_time_variant,M6_adversarial,TabArena_IID,classification,3,False,902,451,9,9,0,1.0,0.4974870109756609,0.0,DAUC < 0.55,source::website_phishing,,0.019962495978093,0.0205038168320794,-0.0005413208539864,True,near_perfect_baseline,-2.71168923255146,,-2.74265077846753,,False,abs_delta_mean
tabpfn,website_phishing,adversarial_lgbm_cal_platt_feature,test_time_variant,M6_adversarial,TabArena_IID,classification,3,False,902,451,9,9,0,1.0,0.4974870109756609,0.0,DAUC < 0.55,source::website_phishing,,0.019962495978093,0.0213590213078415,-0.0013965253297485,True,near_perfect_baseline,-6.995745077575148,,-6.958540260259128,,False,abs_delta_mean
tabpfn,website_phishing,adversarial_lgbm_feature,test_time_variant,M6_adversarial,TabArena_IID,classification,3,False,902,451,9,9,0,1.0,0.4974870109756609,0.0,DAUC < 0.55,source::website_phishing,,0.019962495978093,0.0206571397195796,-0.0006946437414866,True,near_perfect_baseline,-3.479743927056777,,-3.663751954823473,,False,abs_delta_mean
tabpfn,website_phishing,adversarial_logreg_feature,test_time_variant,M6_adversarial,TabArena_IID,classification,3,False,902,451,9,9,0,1.0,0.4974870109756609,0.0,DAUC < 0.55,source::website_phishing,,0.019962495978093,0.0201004276139177,-0.0001379316358247,True,near_perfect_baseline,-0.6909538565524521,,-0.7026649809703898,,False,abs_delta_mean
tabpfn,website_phishing,adversarial_rf_feature,test_time_variant,M6_adversarial,TabArena_IID,classification,3,False,902,451,9,9,0,1.0,0.4974870109756609,0.0,DAUC < 0.55,source::website_phishing,,0.019962495978093,0.020391006856036,-0.000428510877943,True,near_perfect_baseline,-2.1465796582414227,,-2.241619188131293,,False,abs_delta_mean
tabpfn,website_phishing,cluster_membership_k10_both,test_time_variant,M20_cluster_membership,TabArena_IID,classification,3,False,902,451,9,9,0,1.0,0.4974870109756609,0.0,DAUC < 0.55,source::website_phishing,,0.019962495978093,0.0214704173670397,-0.0015079213889467,True,near_perfect_baseline,-7.553771785860525,,-7.844662334938683,,False,abs_delta_mean
tabpfn,website_phishing,cluster_membership_k10_both_cumshift,test_time_variant,M20_cluster_membership,TabArena_IID,classification,3,False,902,451,9,9,0,1.0,0.4974870109756609,0.0,DAUC < 0.55,source::website_phishing,,0.019962495978093,0.0204688166176963,-0.0005063206396033,True,near_perfect_baseline,-2.536359381907751,,-2.514740823276973,,False,abs_delta_mean
tabpfn,website_phishing,cluster_membership_k10_feature,test_time_variant,M20_cluster_membership,TabArena_IID,classification,3,False,902,451,9,9,0,1.0,0.4974870109756609,0.0,DAUC < 0.55,source::website_phishing,,0.019962495978093,0.0214341137228727,-0.0014716177447797,True,near_perfect_baseline,-7.371912542372769,,-7.660544154558333,,False,abs_delta_mean
tabpfn,website_phishing,cluster_membership_k10_feature_cumshift,test_time_variant,M20_cluster_membership,TabArena_IID,classification,3,False,902,451,9,9,0,1.0,0.4974870109756609,0.0,DAUC < 0.55,source::website_phishing,,0.019962495978093,0.020438397742032,-0.000475901763939,True,near_perfect_baseline,-2.3839792602150625,,-2.347612532260761,,False,abs_delta_mean
tabpfn,website_phishing,cluster_membership_k10_weight,test_time_variant,M20_cluster_membership,TabArena_IID,classification,3,False,902,451,9,9,0,1.0,0.4974870109756609,0.0,DAUC < 0.55,source::website_phishing,,0.019962495978093,0.0209545368735578,-0.0009920408954648,True,near_perfect_baseline,-4.969523332921551,,-5.009243662563679,,False,abs_delta_mean
tabpfn,website_phishing,cluster_membership_k15_both,test_time_variant,M20_cluster_membership,TabArena_IID,classification,3,False,902,451,9,9,0,1.0,0.4974870109756609,0.0,DAUC < 0.55,source::website_phishing,,0.019962495978093,0.0207983275530583,-0.0008358315749653,True,near_perfect_baseline,-4.18700935936373,,-4.131751539601044,,False,abs_delta_mean
tabpfn,website_phishing,cluster_membership_k5_both,test_time_variant,M20_cluster_membership,TabArena_IID,classification,3,False,902,451,9,9,0,1.0,0.4974870109756609,0.0,DAUC < 0.55,source::website_phishing,,0.019962495978093,0.0216804440994829,-0.0017179481213899,True,near_perfect_baseline,-8.605878359475751,,-8.344956677279734,,False,abs_delta_mean
tabpfn,website_phishing,cluster_membership_k5_feature,test_time_variant,M20_cluster_membership,TabArena_IID,classification,3,False,902,451,9,9,0,1.0,0.4974870109756609,0.0,DAUC < 0.55,source::website_phishing,,0.019962495978093,0.0216569871888956,-0.0016944912108026,True,near_perfect_baseline,-8.488373461225596,,-8.23457056439696,,False,abs_delta_mean
tabpfn,website_phishing,freq_enc_train_only,train_only_version,baselines,TabArena_IID,classification,3,False,902,451,9,9,0,1.0,0.4974870109756609,0.0,DAUC < 0.55,source::website_phishing,,0.019962495978093,0.0198094551320158,0.0001530408460771,True,near_perfect_baseline,0.7666418380000887,,0.5575726047879289,,False,abs_delta_mean
tabpfn,website_phishing,freq_ratio_log,test_time_variant,M2_freq_ratio,TabArena_IID,classification,3,False,902,451,9,9,0,1.0,0.4974870109756609,0.0,DAUC < 0.55,source::website_phishing,,0.019962495978093,0.0191454215295809,0.000817074448512,True,near_perfect_baseline,4.093047529771595,,4.12785028084738,,False,abs_delta_mean
tabpfn,website_phishing,freq_ratio_log__sel_combined_intersection,test_time_variant,selective,TabArena_IID,classification,3,False,902,451,9,9,0,1.0,0.4974870109756609,0.0,DAUC < 0.55,source::website_phishing,,0.019962495978093,0.0198184043603462,0.0001440916177467,True,near_perfect_baseline,0.7218116306941179,,0.6152617012454925,,False,abs_delta_mean
tabpfn,website_phishing,freq_ratio_log__sel_combined_union,test_time_variant,selective,TabArena_IID,classification,3,False,902,451,9,9,0,1.0,0.4974870109756609,0.0,DAUC < 0.55,source::website_phishing,,0.019962495978093,0.0187845514570104,0.0011779445210825,True,near_perfect_baseline,5.900787769100997,,5.824242837348059,,False,abs_delta_mean
tabpfn,website_phishing,freq_ratio_v2_both_gated,test_time_variant,M2_freq_ratio,TabArena_IID,classification,3,False,902,451,9,9,0,1.0,0.4974870109756609,0.0,DAUC < 0.55,source::website_phishing,,0.019962495978093,0.0200932658632127,-0.0001307698851197,True,near_perfect_baseline,-0.6550778282599174,,-0.5677941030052048,,False,abs_delta_mean
tabpfn,website_phishing,freq_ratio_v2_diff_gated,test_time_variant,M2_freq_ratio,TabArena_IID,classification,3,False,902,451,9,9,0,1.0,0.4974870109756609,0.0,DAUC < 0.55,source::website_phishing,,0.019962495978093,0.0198487814015381,0.0001137145765548,True,near_perfect_baseline,0.5696410743407921,,0.5860856483254305,,False,abs_delta_mean
tabpfn,website_phishing,freq_ratio_v2_ratio_gated,test_time_variant,M2_freq_ratio,TabArena_IID,classification,3,False,902,451,9,9,0,1.0,0.4974870109756609,0.0,DAUC < 0.55,source::website_phishing,,0.019962495978093,0.019756788019491,0.0002057079586019,True,near_perfect_baseline,1.0304721354870678,,1.041445581228237,,False,abs_delta_mean
tabpfn,website_phishing,freq_ratio_v2_ratio_ungated,test_time_variant,M2_freq_ratio,TabArena_IID,classification,3,False,902,451,9,9,0,1.0,0.4974870109756609,0.0,DAUC < 0.55,source::website_phishing,,0.019962495978093,0.0191454215295809,0.000817074448512,True,near_perfect_baseline,4.093047529771595,,4.12785028084738,,False,abs_delta_mean
tabpfn,website_phishing,groupby_shift_cohen_d,test_time_variant,M14_groupby,TabArena_IID,classification,3,False,902,451,9,9,0,1.0,0.4974870109756609,0.0,DAUC < 0.55,source::website_phishing,,0.019962495978093,0.019962495978093,0.0,True,near_perfect_baseline,0.0,,0.0,,False,abs_delta_mean
tabpfn,website_phishing,groupby_shift_cohen_d__sel_combined_intersection,test_time_variant,selective,TabArena_IID,classification,3,False,902,451,9,9,0,1.0,0.4974870109756609,0.0,DAUC < 0.55,source::website_phishing,,0.019962495978093,0.0201266326179964,-0.0001641366399034,True,near_perfect_baseline,-0.8222250368068691,,-0.8680834710127723,,False,abs_delta_mean
tabpfn,website_phishing,groupby_shift_cohen_d__sel_combined_union,test_time_variant,selective,TabArena_IID,classification,3,False,902,451,9,9,0,1.0,0.4974870109756609,0.0,DAUC < 0.55,source::website_phishing,,0.019962495978093,0.0204475237678666,-0.0004850277897736,True,near_perfect_baseline,-2.429695115810654,,-2.4440832575475144,,False,abs_delta_mean
tabpfn,website_phishing,groupby_shift_cohen_d_min10,test_time_variant,M14_groupby,TabArena_IID,classification,3,False,902,451,9,9,0,1.0,0.4974870109756609,0.0,DAUC < 0.55,source::website_phishing,,0.019962495978093,0.019962495978093,0.0,True,near_perfect_baseline,0.0,,0.0,,False,abs_delta_mean
tabpfn,website_phishing,groupby_shift_ratio_log,test_time_variant,M14_groupby,TabArena_IID,classification,3,False,902,451,9,9,0,1.0,0.4974870109756609,0.0,DAUC < 0.55,source::website_phishing,,0.019962495978093,0.019962495978093,0.0,True,near_perfect_baseline,0.0,,0.0,,False,abs_delta_mean
tabpfn,website_phishing,groupby_shift_ratio_raw,test_time_variant,M14_groupby,TabArena_IID,classification,3,False,902,451,9,9,0,1.0,0.4974870109756609,0.0,DAUC < 0.55,source::website_phishing,,0.019962495978093,0.019962495978093,0.0,True,near_perfect_baseline,0.0,,0.0,,False,abs_delta_mean
tabpfn,website_phishing,groupby_train_only,train_only_version,baselines,TabArena_IID,classification,3,False,902,451,9,9,0,1.0,0.4974870109756609,0.0,DAUC < 0.55,source::website_phishing,,0.019962495978093,0.019962495978093,0.0,True,near_perfect_baseline,0.0,,0.0,,False,abs_delta_mean
tabpfn,website_phishing,joint_freq_combined,test_time_variant,M1_joint_freq,TabArena_IID,classification,3,False,902,451,9,9,0,1.0,0.4974870109756609,0.0,DAUC < 0.55,source::website_phishing,,0.019962495978093,0.0191939386993209,0.000768557278772,True,near_perfect_baseline,3.8500059291955737,,3.550681568023664,,False,abs_delta_mean
tabpfn,website_phishing,joint_freq_combined__sel_combined_intersection,test_time_variant,selective,TabArena_IID,classification,3,False,902,451,9,9,0,1.0,0.4974870109756609,0.0,DAUC < 0.55,source::website_phishing,,0.019962495978093,0.0192635628344881,0.0006989331436048,True,near_perfect_baseline,3.5012312306632314,,3.6165653081653217,,False,abs_delta_mean
tabpfn,website_phishing,joint_freq_combined__sel_combined_union,test_time_variant,selective,TabArena_IID,classification,3,False,902,451,9,9,0,1.0,0.4974870109756609,0.0,DAUC < 0.55,source::website_phishing,,0.019962495978093,0.0199867573903673,-2.426141227429568e-05,True,near_perfect_baseline,-0.1215349638688485,,-0.1690493133840973,,False,abs_delta_mean
tabpfn,website_phishing,joint_freq_separate,test_time_variant,M1_joint_freq,TabArena_IID,classification,3,False,902,451,9,9,0,1.0,0.4974870109756609,0.0,DAUC < 0.55,source::website_phishing,,0.019962495978093,0.0190747566575544,0.0008877393205385,True,near_perfect_baseline,4.4470356888877465,,4.184884460735866,,False,abs_delta_mean
tabpfn,website_phishing,joint_freq_separate__sel_combined_intersection,test_time_variant,selective,TabArena_IID,classification,3,False,902,451,9,9,0,1.0,0.4974870109756609,0.0,DAUC < 0.55,source::website_phishing,,0.019962495978093,0.0200134473029502,-5.095132485721798e-05,True,near_perfect_baseline,-0.2552352416908805,,-0.2431889057335704,,False,abs_delta_mean
tabpfn,website_phishing,joint_freq_separate__sel_combined_union,test_time_variant,selective,TabArena_IID,classification,3,False,902,451,9,9,0,1.0,0.4974870109756609,0.0,DAUC < 0.55,source::website_phishing,,0.019962495978093,0.0204169819416459,-0.0004544859635529,True,near_perfect_baseline,-2.276699086385288,,-2.344252784824781,,False,abs_delta_mean
tabpfn,website_phishing,joint_groupby_combined,test_time_variant,M14_groupby,TabArena_IID,classification,3,False,902,451,9,9,0,1.0,0.4974870109756609,0.0,DAUC < 0.55,source::website_phishing,,0.019962495978093,0.019962495978093,0.0,True,near_perfect_baseline,0.0,,0.0,,False,abs_delta_mean
tabpfn,website_phishing,joint_groupby_combined__sel_combined_intersection,test_time_variant,selective,TabArena_IID,classification,3,False,902,451,9,9,0,1.0,0.4974870109756609,0.0,DAUC < 0.55,source::website_phishing,,0.019962495978093,0.0201266326179964,-0.0001641366399034,True,near_perfect_baseline,-0.8222250368068691,,-0.8680834710127723,,False,abs_delta_mean
tabpfn,website_phishing,joint_groupby_combined__sel_combined_union,test_time_variant,selective,TabArena_IID,classification,3,False,902,451,9,9,0,1.0,0.4974870109756609,0.0,DAUC < 0.55,source::website_phishing,,0.019962495978093,0.0204475237678666,-0.0004850277897736,True,near_perfect_baseline,-2.429695115810654,,-2.4440832575475144,,False,abs_delta_mean
tabpfn,website_phishing,joint_groupby_mean_only,test_time_variant,M14_groupby,TabArena_IID,classification,3,False,902,451,9,9,0,1.0,0.4974870109756609,0.0,DAUC < 0.55,source::website_phishing,,0.019962495978093,0.019962495978093,0.0,True,near_perfect_baseline,0.0,,0.0,,False,abs_delta_mean
tabpfn,website_phishing,joint_groupby_separate,test_time_variant,M14_groupby,TabArena_IID,classification,3,False,902,451,9,9,0,1.0,0.4974870109756609,0.0,DAUC < 0.55,source::website_phishing,,0.019962495978093,0.019962495978093,0.0,True,near_perfect_baseline,0.0,,0.0,,False,abs_delta_mean
tabpfn,website_phishing,joint_pca_10,test_time_variant,M3_joint_pca,TabArena_IID,classification,3,False,902,451,9,9,0,1.0,0.4974870109756609,0.0,DAUC < 0.55,source::website_phishing,,0.019962495978093,0.019962495978093,0.0,True,near_perfect_baseline,0.0,,0.0,,False,abs_delta_mean
tabpfn,website_phishing,joint_pca_5,test_time_variant,M3_joint_pca,TabArena_IID,classification,3,False,902,451,9,9,0,1.0,0.4974870109756609,0.0,DAUC < 0.55,source::website_phishing,,0.019962495978093,0.019962495978093,0.0,True,near_perfect_baseline,0.0,,0.0,,False,abs_delta_mean
tabpfn,website_phishing,joint_pca_var90,test_time_variant,M3_joint_pca,TabArena_IID,classification,3,False,902,451,9,9,0,1.0,0.4974870109756609,0.0,DAUC < 0.55,source::website_phishing,,0.019962495978093,0.019962495978093,0.0,True,near_perfect_baseline,0.0,,0.0,,False,abs_delta_mean
tabpfn,website_phishing,joint_pca_var95,test_time_variant,M3_joint_pca,TabArena_IID,classification,3,False,902,451,9,9,0,1.0,0.4974870109756609,0.0,DAUC < 0.55,source::website_phishing,,0.019962495978093,0.019962495978093,0.0,True,near_perfect_baseline,0.0,,0.0,,False,abs_delta_mean
tabpfn,website_phishing,joint_scaling,test_time_variant,M5_joint_scaling,TabArena_IID,classification,3,False,902,451,9,9,0,1.0,0.4974870109756609,0.0,DAUC < 0.55,source::website_phishing,,0.019962495978093,0.019962495978093,0.0,True,near_perfect_baseline,0.0,,0.0,,False,abs_delta_mean
tabpfn,website_phishing,joint_tsne_2d_p30,test_time_variant,M3b_joint_tsne,TabArena_IID,classification,3,False,902,451,9,9,0,1.0,0.4974870109756609,0.0,DAUC < 0.55,source::website_phishing,,0.019962495978093,0.0216708754720393,-0.0017083794939463,True,near_perfect_baseline,-8.55794533820387,,-8.553699882157515,,False,abs_delta_mean
tabpfn,website_phishing,joint_tsne_2d_p50,test_time_variant,M3b_joint_tsne,TabArena_IID,classification,3,False,902,451,9,9,0,1.0,0.4974870109756609,0.0,DAUC < 0.55,source::website_phishing,,0.019962495978093,0.021249433546075,-0.001286937567982,True,near_perfect_baseline,-6.446776842907662,,-6.36434969148566,,False,abs_delta_mean
tabpfn,website_phishing,joint_tsne_3d_p30,test_time_variant,M3b_joint_tsne,TabArena_IID,classification,3,False,902,451,9,9,0,1.0,0.4974870109756609,0.0,DAUC < 0.55,source::website_phishing,,0.019962495978093,0.0213132463923926,-0.0013507504142996,True,near_perfect_baseline,-6.766440508150813,,-6.635592474134728,,False,abs_delta_mean
tabpfn,website_phishing,label_prop_k10_a05,test_time_variant,M8_label_prop,TabArena_IID,classification,3,False,902,451,9,9,0,1.0,0.4974870109756609,0.0,DAUC < 0.55,source::website_phishing,,0.019962495978093,0.0218572204635704,-0.0018947244854774,True,near_perfect_baseline,-9.491420749974203,,-9.819747096097258,,False,abs_delta_mean
tabpfn,website_phishing,label_prop_k15_a05,test_time_variant,M8_label_prop,TabArena_IID,classification,3,False,902,451,9,9,0,1.0,0.4974870109756609,0.0,DAUC < 0.55,source::website_phishing,,0.019962495978093,0.0204772477233591,-0.0005147517452661,True,near_perfect_baseline,-2.5785941088279563,,-2.5154172017613576,,False,abs_delta_mean
tabpfn,website_phishing,label_prop_k15_a08,test_time_variant,M8_label_prop,TabArena_IID,classification,3,False,902,451,9,9,0,1.0,0.4974870109756609,0.0,DAUC < 0.55,source::website_phishing,,0.019962495978093,0.0205760694857619,-0.0006135735076689,True,near_perfect_baseline,-3.073631214965796,,-3.0539568872906866,,False,abs_delta_mean
tabpfn,website_phishing,label_prop_v3_adaptive,test_time_variant,M8_label_prop,TabArena_IID,classification,3,False,902,451,9,9,0,1.0,0.4974870109756609,0.0,DAUC < 0.55,source::website_phishing,,0.019962495978093,0.0227315038359861,-0.0027690078578931,True,near_perfect_baseline,-13.871050298178474,,-14.16262363748711,,False,abs_delta_mean
tabpfn,website_phishing,label_prop_v3_t005_k10,test_time_variant,M8_label_prop,TabArena_IID,classification,3,False,902,451,9,9,0,1.0,0.4974870109756609,0.0,DAUC < 0.55,source::website_phishing,,0.019962495978093,0.0244832152910651,-0.0045207193129721,True,near_perfect_baseline,-22.64606248603996,,-23.12239510452086,,False,abs_delta_mean
tabpfn,website_phishing,label_prop_v3_t005_k15,test_time_variant,M8_label_prop,TabArena_IID,classification,3,False,902,451,9,9,0,1.0,0.4974870109756609,0.0,DAUC < 0.55,source::website_phishing,,0.019962495978093,0.0242265375111474,-0.0042640415330544,True,near_perfect_baseline,-21.360262452820727,,-21.73775480559121,,False,abs_delta_mean
tabpfn,website_phishing,label_prop_v3_t01_k15,test_time_variant,M8_label_prop,TabArena_IID,classification,3,False,902,451,9,9,0,1.0,0.4974870109756609,0.0,DAUC < 0.55,source::website_phishing,,0.019962495978093,0.0246352518523876,-0.0046727558742946,True,near_perfect_baseline,-23.407673466397,,-23.65531087085056,,False,abs_delta_mean
tabpfn,website_phishing,label_prop_weighted_adaptive_a05,test_time_variant,M8_label_prop,TabArena_IID,classification,3,False,902,451,9,9,0,1.0,0.4974870109756609,0.0,DAUC < 0.55,source::website_phishing,,0.019962495978093,0.0215885469359942,-0.0016260509579012,True,near_perfect_baseline,-8.145529294962168,,-8.521858344073875,,False,abs_delta_mean
tabpfn,website_phishing,label_prop_weighted_k10_a05,test_time_variant,M8_label_prop,TabArena_IID,classification,3,False,902,451,9,9,0,1.0,0.4974870109756609,0.0,DAUC < 0.55,source::website_phishing,,0.019962495978093,0.0256068890799278,-0.0056443931018348,True,near_perfect_baseline,-28.274986795383736,,-29.02709586967597,,False,abs_delta_mean
tabpfn,website_phishing,label_prop_weighted_k15_a05,test_time_variant,M8_label_prop,TabArena_IID,classification,3,False,902,451,9,9,0,1.0,0.4974870109756609,0.0,DAUC < 0.55,source::website_phishing,,0.019962495978093,0.0239926748180161,-0.0040301788399231,True,near_perfect_baseline,-20.18875216979827,,-20.90809320221246,,False,abs_delta_mean
tabpfn,website_phishing,label_prop_weighted_k15_a08,test_time_variant,M8_label_prop,TabArena_IID,classification,3,False,902,451,9,9,0,1.0,0.4974870109756609,0.0,DAUC < 0.55,source::website_phishing,,0.019962495978093,0.0239131597633029,-0.0039506637852099,True,near_perfect_baseline,-19.79042996199176,,-20.54414034117393,,False,abs_delta_mean
tabpfn,website_phishing,leaf_density_conf,test_time_variant,M18_leaf_density,TabArena_IID,classification,3,False,902,451,9,9,0,1.0,0.4974870109756609,0.0,DAUC < 0.55,source::website_phishing,,0.019962495978093,0.0205859957933743,-0.0006234998152813,True,near_perfect_baseline,-3.123355996993301,,-3.226463699812052,,False,abs_delta_mean
tabpfn,website_phishing,leaf_density_conf_cumshift,test_time_variant,M18_leaf_density,TabArena_IID,classification,3,False,902,451,9,9,0,1.0,0.4974870109756609,0.0,DAUC < 0.55,source::website_phishing,,0.019962495978093,0.0201566323898899,-0.0001941364117969,True,near_perfect_baseline,-0.9725057027436212,,-0.9758587940800212,,False,abs_delta_mean
tabpfn,website_phishing,leaf_density_conf_deep,test_time_variant,M18_leaf_density,TabArena_IID,classification,3,False,902,451,9,9,0,1.0,0.4974870109756609,0.0,DAUC < 0.55,source::website_phishing,,0.019962495978093,0.0210909846285014,-0.0011284886504084,True,near_perfect_baseline,-5.65304384605443,,-5.804672453489139,,False,abs_delta_mean
tabpfn,website_phishing,leaf_density_conf_shallow,test_time_variant,M18_leaf_density,TabArena_IID,classification,3,False,902,451,9,9,0,1.0,0.4974870109756609,0.0,DAUC < 0.55,source::website_phishing,,0.019962495978093,0.0203147641588557,-0.0003522681807627,True,near_perfect_baseline,-1.764649977384135,,-1.81094114827474,,False,abs_delta_mean
tabpfn,website_phishing,leaf_density_embed_k10,test_time_variant,M18_leaf_density,TabArena_IID,classification,3,False,902,451,9,9,0,1.0,0.4974870109756609,0.0,DAUC < 0.55,source::website_phishing,,0.019962495978093,0.0190856313184643,0.0008768646596286,True,near_perfect_baseline,4.392560231901389,,4.209588969283054,,False,abs_delta_mean
tabpfn,website_phishing,leaf_density_embed_k10_cumshift,test_time_variant,M18_leaf_density,TabArena_IID,classification,3,False,902,451,9,9,0,1.0,0.4974870109756609,0.0,DAUC < 0.55,source::website_phishing,,0.019962495978093,0.0209415476852049,-0.0009790517071119,True,near_perfect_baseline,-4.90445537565227,,-4.734649370289174,,False,abs_delta_mean
tabpfn,website_phishing,leaf_density_embed_k20,test_time_variant,M18_leaf_density,TabArena_IID,classification,3,False,902,451,9,9,0,1.0,0.4974870109756609,0.0,DAUC < 0.55,source::website_phishing,,0.019962495978093,0.0208736168667629,-0.0009111208886699,True,near_perfect_baseline,-4.56416316711994,,-4.739010915583132,,False,abs_delta_mean
tabpfn,website_phishing,leaf_density_embed_k5,test_time_variant,M18_leaf_density,TabArena_IID,classification,3,False,902,451,9,9,0,1.0,0.4974870109756609,0.0,DAUC < 0.55,source::website_phishing,,0.019962495978093,0.0187715377982399,0.001190958179853,True,near_perfect_baseline,5.965978308323808,,5.652988148416196,,False,abs_delta_mean
tabpfn,website_phishing,nearest_test_k10_both,test_time_variant,M16_nearest_test_dist,TabArena_IID,classification,3,False,902,451,9,9,0,1.0,0.4974870109756609,0.0,DAUC < 0.55,source::website_phishing,,0.019962495978093,0.0208941219289462,-0.0009316259508532,True,near_perfect_baseline,-4.666881094807232,,-4.894466529282101,,False,abs_delta_mean
tabpfn,website_phishing,nearest_test_k10_cumshift_both,test_time_variant,M16_nearest_test_dist,TabArena_IID,classification,3,False,902,451,9,9,0,1.0,0.4974870109756609,0.0,DAUC < 0.55,source::website_phishing,,0.019962495978093,0.0233812212856406,-0.0034187253075476,True,near_perfect_baseline,-17.12574074554294,,-16.661493573378234,,False,abs_delta_mean
tabpfn,website_phishing,nearest_test_k10_filter_both,test_time_variant,M16_nearest_test_dist,TabArena_IID,classification,3,False,902,451,9,9,0,1.0,0.4974870109756609,0.0,DAUC < 0.55,source::website_phishing,,0.019962495978093,0.0208941219289462,-0.0009316259508532,True,near_perfect_baseline,-4.666881094807232,,-4.894466529282101,,False,abs_delta_mean
tabpfn,website_phishing,nearest_test_k5_both,test_time_variant,M16_nearest_test_dist,TabArena_IID,classification,3,False,902,451,9,9,0,1.0,0.4974870109756609,0.0,DAUC < 0.55,source::website_phishing,,0.019962495978093,0.0207250524062414,-0.0007625564281484,True,near_perfect_baseline,-3.8199453063649136,,-3.950964061096653,,False,abs_delta_mean
tabpfn,website_phishing,nearest_test_rel_k10_both,test_time_variant,M16_nearest_test_dist,TabArena_IID,classification,3,False,902,451,9,9,0,1.0,0.4974870109756609,0.0,DAUC < 0.55,source::website_phishing,,0.019962495978093,0.0212913641787182,-0.0013288682006252,True,near_perfect_baseline,-6.6568238865700335,,-6.711731184912096,,False,abs_delta_mean
tabpfn,website_phishing,nearest_test_rel_k10_cumshift_both,test_time_variant,M16_nearest_test_dist,TabArena_IID,classification,3,False,902,451,9,9,0,1.0,0.4974870109756609,0.0,DAUC < 0.55,source::website_phishing,,0.019962495978093,0.0235321410279715,-0.0035696450498785,True,near_perfect_baseline,-17.881757139968602,,-17.088100650366112,,False,abs_delta_mean
tabpfn,website_phishing,nearest_test_rel_k5_both,test_time_variant,M16_nearest_test_dist,TabArena_IID,classification,3,False,902,451,9,9,0,1.0,0.4974870109756609,0.0,DAUC < 0.55,source::website_phishing,,0.019962495978093,0.0209361209462048,-0.0009736249681118,True,near_perfect_baseline,-4.87727070392578,,-4.935817518197158,,False,abs_delta_mean
tabpfn,website_phishing,neighbor_consensus_k10_dist,test_time_variant,M19_neighbor_consensus,TabArena_IID,classification,3,False,902,451,9,9,0,1.0,0.4974870109756609,0.0,DAUC < 0.55,source::website_phishing,,0.019962495978093,0.0253771013202275,-0.0054146053421345,True,near_perfect_baseline,-27.1238894578942,,-28.672885547025924,,False,abs_delta_mean
tabpfn,website_phishing,neighbor_consensus_k10_dist_cumshift,test_time_variant,M19_neighbor_consensus,TabArena_IID,classification,3,False,902,451,9,9,0,1.0,0.4974870109756609,0.0,DAUC < 0.55,source::website_phishing,,0.019962495978093,0.0287256715147766,-0.0087631755366836,True,near_perfect_baseline,-43.89819562794376,,-44.61009896503822,,False,abs_delta_mean
tabpfn,website_phishing,neighbor_consensus_k10_uniform,test_time_variant,M19_neighbor_consensus,TabArena_IID,classification,3,False,902,451,9,9,0,1.0,0.4974870109756609,0.0,DAUC < 0.55,source::website_phishing,,0.019962495978093,0.0255336506244131,-0.0055711546463201,True,near_perfect_baseline,-27.90810654356037,,-29.30205788258216,,False,abs_delta_mean
tabpfn,website_phishing,neighbor_consensus_k20_dist,test_time_variant,M19_neighbor_consensus,TabArena_IID,classification,3,False,902,451,9,9,0,1.0,0.4974870109756609,0.0,DAUC < 0.55,source::website_phishing,,0.019962495978093,0.0267250531980332,-0.0067625572199402,True,near_perfect_baseline,-33.87631099518576,,-36.325216786736114,,False,abs_delta_mean
tabpfn,website_phishing,neighbor_consensus_k5_dist,test_time_variant,M19_neighbor_consensus,TabArena_IID,classification,3,False,902,451,9,9,0,1.0,0.4974870109756609,0.0,DAUC < 0.55,source::website_phishing,,0.019962495978093,0.0290578585295427,-0.0090953625514497,True,near_perfect_baseline,-45.56225114049384,,-47.58239158914089,,False,abs_delta_mean
tabpfn,website_phishing,neighbor_consensus_k5_dist_cumshift,test_time_variant,M19_neighbor_consensus,TabArena_IID,classification,3,False,902,451,9,9,0,1.0,0.4974870109756609,0.0,DAUC < 0.55,source::website_phishing,,0.019962495978093,0.0267209590584781,-0.0067584630803851,True,near_perfect_baseline,-33.85580183861768,,-34.273628526438536,,False,abs_delta_mean
tabpfn,website_phishing,ot_disp_v2_selective,test_time_variant,M9_ot_displacement,TabArena_IID,classification,3,False,902,451,9,9,0,1.0,0.4974870109756609,0.0,DAUC < 0.55,source::website_phishing,,0.019962495978093,0.019962495978093,0.0,True,near_perfect_baseline,0.0,,0.0,,False,abs_delta_mean
tabpfn,website_phishing,ot_disp_v2_selective_abs,test_time_variant,M9_ot_displacement,TabArena_IID,classification,3,False,902,451,9,9,0,1.0,0.4974870109756609,0.0,DAUC < 0.55,source::website_phishing,,0.019962495978093,0.0199646036347801,-2.1076566871410427e-06,True,near_perfect_baseline,-0.0105580819625604,,-0.0123336047819413,,False,abs_delta_mean
tabpfn,website_phishing,ot_disp_v2_selective_and_summary,test_time_variant,M9_ot_displacement,TabArena_IID,classification,3,False,902,451,9,9,0,1.0,0.4974870109756609,0.0,DAUC < 0.55,source::website_phishing,,0.019962495978093,0.019962495978093,0.0,True,near_perfect_baseline,0.0,,0.0,,False,abs_delta_mean
tabpfn,website_phishing,ot_disp_v2_selective_and_summary_abs,test_time_variant,M9_ot_displacement,TabArena_IID,classification,3,False,902,451,9,9,0,1.0,0.4974870109756609,0.0,DAUC < 0.55,source::website_phishing,,0.019962495978093,0.0199646036347801,-2.1076566871410427e-06,True,near_perfect_baseline,-0.0105580819625604,,-0.0123336047819413,,False,abs_delta_mean
tabpfn,website_phishing,ot_disp_v2_selective_and_summary_top10,test_time_variant,M9_ot_displacement,TabArena_IID,classification,3,False,902,451,9,9,0,1.0,0.4974870109756609,0.0,DAUC < 0.55,source::website_phishing,,0.019962495978093,0.019962495978093,0.0,True,near_perfect_baseline,0.0,,0.0,,False,abs_delta_mean
tabpfn,website_phishing,ot_disp_v2_selective_top10,test_time_variant,M9_ot_displacement,TabArena_IID,classification,3,False,902,451,9,9,0,1.0,0.4974870109756609,0.0,DAUC < 0.55,source::website_phishing,,0.019962495978093,0.019962495978093,0.0,True,near_perfect_baseline,0.0,,0.0,,False,abs_delta_mean
tabpfn,website_phishing,ot_disp_v2_summary_only,test_time_variant,M9_ot_displacement,TabArena_IID,classification,3,False,902,451,9,9,0,1.0,0.4974870109756609,0.0,DAUC < 0.55,source::website_phishing,,0.019962495978093,0.0199693053623102,-6.809384217265624e-06,True,near_perfect_baseline,-0.0341108858568502,,-0.0343925961920046,,False,abs_delta_mean
tabpfn,website_phishing,ot_displacement_mag,test_time_variant,M9_ot_displacement,TabArena_IID,classification,3,False,902,451,9,9,0,1.0,0.4974870109756609,0.0,DAUC < 0.55,source::website_phishing,,0.019962495978093,0.0199614684945494,1.0274835435438352e-06,True,near_perfect_baseline,0.0051470695081101,,0.004399276639697,,False,abs_delta_mean
tabpfn,website_phishing,ot_displacement_no_mag,test_time_variant,M9_ot_displacement,TabArena_IID,classification,3,False,902,451,9,9,0,1.0,0.4974870109756609,0.0,DAUC < 0.55,source::website_phishing,,0.019962495978093,0.0199614684945494,1.0274835435438352e-06,True,near_perfect_baseline,0.0051470695081101,,0.004399276639697,,False,abs_delta_mean
tabpfn,website_phishing,pca_train_only_10,train_only_version,baselines,TabArena_IID,classification,3,False,902,451,9,9,0,1.0,0.4974870109756609,0.0,DAUC < 0.55,source::website_phishing,,0.019962495978093,0.019962495978093,0.0,True,near_perfect_baseline,0.0,,0.0,,False,abs_delta_mean
tabpfn,website_phishing,pca_train_only_5,train_only_version,baselines,TabArena_IID,classification,3,False,902,451,9,9,0,1.0,0.4974870109756609,0.0,DAUC < 0.55,source::website_phishing,,0.019962495978093,0.019962495978093,0.0,True,near_perfect_baseline,0.0,,0.0,,False,abs_delta_mean
tabpfn,website_phishing,pca_train_only_var90,train_only_version,baselines,TabArena_IID,classification,3,False,902,451,9,9,0,1.0,0.4974870109756609,0.0,DAUC < 0.55,source::website_phishing,,0.019962495978093,0.019962495978093,0.0,True,near_perfect_baseline,0.0,,0.0,,False,abs_delta_mean
tabpfn,website_phishing,pca_train_only_var95,train_only_version,baselines,TabArena_IID,classification,3,False,902,451,9,9,0,1.0,0.4974870109756609,0.0,DAUC < 0.55,source::website_phishing,,0.019962495978093,0.019962495978093,0.0,True,near_perfect_baseline,0.0,,0.0,,False,abs_delta_mean
tabpfn,website_phishing,pseudo_label_lgbm_conf80_iter5,test_time_variant,M7_pseudo_label,TabArena_IID,classification,3,False,902,451,9,9,0,1.0,0.4974870109756609,0.0,DAUC < 0.55,source::website_phishing,,0.019962495978093,0.0220320296705718,-0.0020695336924788,True,near_perfect_baseline,-10.367108876314798,,-10.465662762717566,,False,abs_delta_mean
tabpfn,website_phishing,pseudo_label_lgbm_conf90_iter1,test_time_variant,M7_pseudo_label,TabArena_IID,classification,3,False,902,451,9,9,0,1.0,0.4974870109756609,0.0,DAUC < 0.55,source::website_phishing,,0.019962495978093,0.0215735077349605,-0.0016110117568675,True,near_perfect_baseline,-8.07019201724797,,-8.484503358236507,,False,abs_delta_mean
tabpfn,website_phishing,pseudo_label_lgbm_conf90_iter3,test_time_variant,M7_pseudo_label,TabArena_IID,classification,3,False,902,451,9,9,0,1.0,0.4974870109756609,0.0,DAUC < 0.55,source::website_phishing,,0.019962495978093,0.021799339663051,-0.001836843684958,True,near_perfect_baseline,-9.201473037108354,,-9.41918537583554,,False,abs_delta_mean
tabpfn,website_phishing,pseudo_label_lgbm_conf95_iter3,test_time_variant,M7_pseudo_label,TabArena_IID,classification,3,False,902,451,9,9,0,1.0,0.4974870109756609,0.0,DAUC < 0.55,source::website_phishing,,0.019962495978093,0.0214451405685915,-0.0014826445904985,True,near_perfect_baseline,-7.4271503529701635,,-7.764569201840477,,False,abs_delta_mean
tabpfn,website_phishing,pseudo_label_v2_cal_iso_wfixed_conf90,test_time_variant,M7_pseudo_label,TabArena_IID,classification,3,False,902,451,9,9,0,1.0,0.4974870109756609,0.0,DAUC < 0.55,source::website_phishing,,0.019962495978093,0.0209885140857533,-0.0010260181076603,True,near_perfect_baseline,-5.139728562932899,,-4.972554381579152,,False,abs_delta_mean
tabpfn,website_phishing,pseudo_label_v2_cal_iso_wprop_conf85,test_time_variant,M7_pseudo_label,TabArena_IID,classification,3,False,902,451,9,9,0,1.0,0.4974870109756609,0.0,DAUC < 0.55,source::website_phishing,,0.019962495978093,0.0214710711990142,-0.0015085752209212,True,near_perfect_baseline,-7.55704708758233,,-7.76826956500081,,False,abs_delta_mean
tabpfn,website_phishing,pseudo_label_v2_cal_iso_wprop_conf90,test_time_variant,M7_pseudo_label,TabArena_IID,classification,3,False,902,451,9,9,0,1.0,0.4974870109756609,0.0,DAUC < 0.55,source::website_phishing,,0.019962495978093,0.0209885140857533,-0.0010260181076603,True,near_perfect_baseline,-5.139728562932899,,-4.972554381579152,,False,abs_delta_mean
tabpfn,website_phishing,pseudo_label_v2_cal_iso_wquad_conf90,test_time_variant,M7_pseudo_label,TabArena_IID,classification,3,False,902,451,9,9,0,1.0,0.4974870109756609,0.0,DAUC < 0.55,source::website_phishing,,0.019962495978093,0.0209885140857533,-0.0010260181076603,True,near_perfect_baseline,-5.139728562932899,,-4.972554381579152,,False,abs_delta_mean
tabpfn,website_phishing,pseudo_label_v2_cal_platt_wprop_conf90,test_time_variant,M7_pseudo_label,TabArena_IID,classification,3,False,902,451,9,9,0,1.0,0.4974870109756609,0.0,DAUC < 0.55,source::website_phishing,,0.019962495978093,0.021696123163362,-0.001733627185269,True,near_perfect_baseline,-8.68442096204587,,-8.855680197539703,,False,abs_delta_mean
tabpfn,website_phishing,target_enc_absolute,test_time_variant,M4_target_encoding,TabArena_IID,classification,3,False,902,451,9,9,0,1.0,0.4974870109756609,0.0,DAUC < 0.55,source::website_phishing,,0.019962495978093,0.0192821681060126,0.0006803278720803,True,near_perfect_baseline,3.4080301021823667,,3.348857234416796,,False,abs_delta_mean
tabpfn,website_phishing,target_enc_diff,test_time_variant,M4_target_encoding,TabArena_IID,classification,3,False,902,451,9,9,0,1.0,0.4974870109756609,0.0,DAUC < 0.55,source::website_phishing,,0.019962495978093,0.0192821681060126,0.0006803278720803,True,near_perfect_baseline,3.4080301021823667,,3.348857234416796,,False,abs_delta_mean
tabpfn,website_phishing,target_enc_inv_ratio,test_time_variant,M4_target_encoding,TabArena_IID,classification,3,False,902,451,9,9,0,1.0,0.4974870109756609,0.0,DAUC < 0.55,source::website_phishing,,0.019962495978093,0.0192821681060126,0.0006803278720803,True,near_perfect_baseline,3.4080301021823667,,3.348857234416796,,False,abs_delta_mean
tabpfn,website_phishing,target_enc_oof_absolute,test_time_variant,M4_target_encoding,TabArena_IID,classification,3,False,902,451,9,9,0,1.0,0.4974870109756609,0.0,DAUC < 0.55,source::website_phishing,,0.019962495978093,0.0196100876037966,0.0003524083742963,True,near_perfect_baseline,1.7653522619769628,,1.839787588274028,,False,abs_delta_mean
tabpfn,website_phishing,target_enc_oof_diff,test_time_variant,M4_target_encoding,TabArena_IID,classification,3,False,902,451,9,9,0,1.0,0.4974870109756609,0.0,DAUC < 0.55,source::website_phishing,,0.019962495978093,0.0193410344575326,0.0006214615205603,True,near_perfect_baseline,3.1131453764213832,,3.233776767467589,,False,abs_delta_mean
tabpfn,website_phishing,target_enc_oof_inv_ratio,test_time_variant,M4_target_encoding,TabArena_IID,classification,3,False,902,451,9,9,0,1.0,0.4974870109756609,0.0,DAUC < 0.55,source::website_phishing,,0.019962495978093,0.0195325655013315,0.0004299304767614,True,near_perfect_baseline,2.153690987505971,,2.2120681659131765,,False,abs_delta_mean
tabpfn,website_phishing,target_enc_oof_ratio,test_time_variant,M4_target_encoding,TabArena_IID,classification,3,False,902,451,9,9,0,1.0,0.4974870109756609,0.0,DAUC < 0.55,source::website_phishing,,0.019962495978093,0.0194801112986779,0.000482384679415,True,near_perfect_baseline,2.4164547356421857,,2.533398731758348,,False,abs_delta_mean
tabpfn,website_phishing,target_enc_oof_ratio_cap5,test_time_variant,M4_target_encoding,TabArena_IID,classification,3,False,902,451,9,9,0,1.0,0.4974870109756609,0.0,DAUC < 0.55,source::website_phishing,,0.019962495978093,0.0194801112986779,0.000482384679415,True,near_perfect_baseline,2.4164547356421857,,2.533398731758348,,False,abs_delta_mean
tabpfn,website_phishing,target_enc_ratio,test_time_variant,M4_target_encoding,TabArena_IID,classification,3,False,902,451,9,9,0,1.0,0.4974870109756609,0.0,DAUC < 0.55,source::website_phishing,,0.019962495978093,0.0192821681060126,0.0006803278720803,True,near_perfect_baseline,3.4080301021823667,,3.348857234416796,,False,abs_delta_mean
tabpfn,website_phishing,target_enc_ratio__sel_combined_intersection,test_time_variant,selective,TabArena_IID,classification,3,False,902,451,9,9,0,1.0,0.4974870109756609,0.0,DAUC < 0.55,source::website_phishing,,0.019962495978093,0.019379918863239,0.0005825771148539,True,near_perfect_baseline,2.918358082542584,,2.8517131300781755,,False,abs_delta_mean
tabpfn,website_phishing,target_enc_ratio__sel_combined_union,test_time_variant,selective,TabArena_IID,classification,3,False,902,451,9,9,0,1.0,0.4974870109756609,0.0,DAUC < 0.55,source::website_phishing,,0.019962495978093,0.0194469802880692,0.0005155156900237,True,near_perfect_baseline,2.582421008823033,,2.6414457410427583,,False,abs_delta_mean
tabpfn,website_phishing,target_enc_ratio_cap5,test_time_variant,M4_target_encoding,TabArena_IID,classification,3,False,902,451,9,9,0,1.0,0.4974870109756609,0.0,DAUC < 0.55,source::website_phishing,,0.019962495978093,0.0192821681060126,0.0006803278720803,True,near_perfect_baseline,3.4080301021823667,,3.348857234416796,,False,abs_delta_mean
tabpfn,website_phishing,target_enc_standard_m10,train_only_version,baselines,TabArena_IID,classification,3,False,902,451,9,9,0,1.0,0.4974870109756609,0.0,DAUC < 0.55,source::website_phishing,,0.019962495978093,0.0192821681060126,0.0006803278720803,True,near_perfect_baseline,3.4080301021823667,,3.348857234416796,,False,abs_delta_mean
tabpfn,website_phishing,target_enc_standard_m20,train_only_version,baselines,TabArena_IID,classification,3,False,902,451,9,9,0,1.0,0.4974870109756609,0.0,DAUC < 0.55,source::website_phishing,,0.019962495978093,0.0192821681060126,0.0006803278720803,True,near_perfect_baseline,3.4080301021823667,,3.348857234416796,,False,abs_delta_mean
tabpfn,website_phishing,target_enc_standard_m5,train_only_version,baselines,TabArena_IID,classification,3,False,902,451,9,9,0,1.0,0.4974870109756609,0.0,DAUC < 0.55,source::website_phishing,,0.019962495978093,0.0192821681060126,0.0006803278720803,True,near_perfect_baseline,3.4080301021823667,,3.348857234416796,,False,abs_delta_mean
tabpfn,website_phishing,targeted_groupby_top3,test_time_variant,M14_groupby,TabArena_IID,classification,3,False,902,451,9,9,0,1.0,0.4974870109756609,0.0,DAUC < 0.55,source::website_phishing,,0.019962495978093,0.019962495978093,0.0,True,near_perfect_baseline,0.0,,0.0,,False,abs_delta_mean
tabpfn,website_phishing,targeted_groupby_top3_shifted_agg,test_time_variant,M14_groupby,TabArena_IID,classification,3,False,902,451,9,9,0,1.0,0.4974870109756609,0.0,DAUC < 0.55,source::website_phishing,,0.019962495978093,0.019962495978093,0.0,True,near_perfect_baseline,0.0,,0.0,,False,abs_delta_mean
tabpfn,website_phishing,targeted_groupby_top5,test_time_variant,M14_groupby,TabArena_IID,classification,3,False,902,451,9,9,0,1.0,0.4974870109756609,0.0,DAUC < 0.55,source::website_phishing,,0.019962495978093,0.019962495978093,0.0,True,near_perfect_baseline,0.0,,0.0,,False,abs_delta_mean
tabpfn,website_phishing,targeted_groupby_top5_shifted_agg,test_time_variant,M14_groupby,TabArena_IID,classification,3,False,902,451,9,9,0,1.0,0.4974870109756609,0.0,DAUC < 0.55,source::website_phishing,,0.019962495978093,0.019962495978093,0.0,True,near_perfect_baseline,0.0,,0.0,,False,abs_delta_mean
tabpfn,website_phishing,tdda_k10_lam07_aug1,test_time_variant,M17_tdda,TabArena_IID,classification,3,False,902,451,9,9,0,1.0,0.4974870109756609,0.0,DAUC < 0.55,source::website_phishing,,0.019962495978093,0.0245477794001542,-0.0045852834220612,True,near_perfect_baseline,-22.96948952221813,,-23.32881878087408,,False,abs_delta_mean
tabpfn,website_phishing,tdda_k5_lam06_aug1,test_time_variant,M17_tdda,TabArena_IID,classification,3,False,902,451,9,9,0,1.0,0.4974870109756609,0.0,DAUC < 0.55,source::website_phishing,,0.019962495978093,0.0244317954289548,-0.0044692994508618,True,near_perfect_baseline,-22.388480156822443,,-22.64847184984679,,False,abs_delta_mean
tabpfn,website_phishing,tdda_k5_lam07_aug1,test_time_variant,M17_tdda,TabArena_IID,classification,3,False,902,451,9,9,0,1.0,0.4974870109756609,0.0,DAUC < 0.55,source::website_phishing,,0.019962495978093,0.0244859377527203,-0.0045234417746273,True,near_perfect_baseline,-22.659700368087048,,-22.93858117382073,,False,abs_delta_mean
tabpfn,website_phishing,tdda_k5_lam07_aug1_cumshift,test_time_variant,M17_tdda,TabArena_IID,classification,3,False,902,451,9,9,0,1.0,0.4974870109756609,0.0,DAUC < 0.55,source::website_phishing,,0.019962495978093,0.0221097238190425,-0.0021472278409495,True,near_perfect_baseline,-10.75630944800644,,-10.857632482767375,,False,abs_delta_mean
tabpfn,website_phishing,tdda_k5_lam07_aug2,test_time_variant,M17_tdda,TabArena_IID,classification,3,False,902,451,9,9,0,1.0,0.4974870109756609,0.0,DAUC < 0.55,source::website_phishing,,0.019962495978093,0.0252702119890354,-0.0053077160109424,True,near_perfect_baseline,-26.58843872413138,,-26.850911059393056,,False,abs_delta_mean
tabpfn,website_phishing,tdda_k5_lam08_aug1,test_time_variant,M17_tdda,TabArena_IID,classification,3,False,902,451,9,9,0,1.0,0.4974870109756609,0.0,DAUC < 0.55,source::website_phishing,,0.019962495978093,0.0249400537532988,-0.0049775577752058,True,near_perfect_baseline,-24.934546164308777,,-25.192877937916403,,False,abs_delta_mean
tabpfn,website_phishing,tdda_v2_k10_lam07_pfl_dw,test_time_variant,M17_tdda,TabArena_IID,classification,3,False,902,451,9,9,0,1.0,0.4974870109756609,0.0,DAUC < 0.55,source::website_phishing,,0.019962495978093,0.0262873019299524,-0.0063248059518594,True,near_perfect_baseline,-31.68344258553801,,-31.9612845988882,,False,abs_delta_mean
tabpfn,website_phishing,tdda_v2_k5_lam06_pfl_dw,test_time_variant,M17_tdda,TabArena_IID,classification,3,False,902,451,9,9,0,1.0,0.4974870109756609,0.0,DAUC < 0.55,source::website_phishing,,0.019962495978093,0.0265463208051788,-0.0065838248270858,True,near_perfect_baseline,-32.980970086661685,,-33.20941685330947,,False,abs_delta_mean
tabpfn,website_phishing,tdda_v2_k5_lam07_nopfl_dw,test_time_variant,M17_tdda,TabArena_IID,classification,3,False,902,451,9,9,0,1.0,0.4974870109756609,0.0,DAUC < 0.55,source::website_phishing,,0.019962495978093,0.0244859377527203,-0.0045234417746273,True,near_perfect_baseline,-22.659700368087048,,-22.93858117382073,,False,abs_delta_mean
tabpfn,website_phishing,tdda_v2_k5_lam07_pfl_dw,test_time_variant,M17_tdda,TabArena_IID,classification,3,False,902,451,9,9,0,1.0,0.4974870109756609,0.0,DAUC < 0.55,source::website_phishing,,0.019962495978093,0.0263111750732601,-0.0063486790951671,True,near_perfect_baseline,-31.803032557322908,,-32.05991978073181,,False,abs_delta_mean
tabpfn,website_phishing,tdda_v2_k5_lam07_pfl_dw_cumshift,test_time_variant,M17_tdda,TabArena_IID,classification,3,False,902,451,9,9,0,1.0,0.4974870109756609,0.0,DAUC < 0.55,source::website_phishing,,0.019962495978093,0.0245408331403303,-0.0045783371622373,True,near_perfect_baseline,-22.934692972570463,,-23.02583362747013,,False,abs_delta_mean
tabpfn,website_phishing,tdda_v2_k5_lam07_pfl_nodw,test_time_variant,M17_tdda,TabArena_IID,classification,3,False,902,451,9,9,0,1.0,0.4974870109756609,0.0,DAUC < 0.55,source::website_phishing,,0.019962495978093,0.0263111750732601,-0.0063486790951671,True,near_perfect_baseline,-31.803032557322908,,-32.05991978073181,,False,abs_delta_mean
tabpfn,website_phishing,train_only_scaling,train_only_version,baselines,TabArena_IID,classification,3,False,902,451,9,9,0,1.0,0.4974870109756609,0.0,DAUC < 0.55,source::website_phishing,,0.019962495978093,0.0199646036347801,-2.1076566871410427e-06,True,near_perfect_baseline,-0.0105580819625604,,-0.0123336047819413,,False,abs_delta_mean
