model,method_key,omitted_dataset,n_datasets,mean_lift_pct,median_lift_pct,median_ci95_low_pct,median_ci95_high_pct,median_ci_coverage,ci95_low_pct,ci95_high_pct,wins,ties,losses,win_rate_decided,win_ci95_low,win_ci95_high,t_p_positive,t_p_negative,sign_p_positive,sign_p_negative,p10_lift_pct,p90_lift_pct,worst_lift_pct,best_lift_pct,finite_denominator_consistent
bag8,freq_enc_train_only,Amazon_employee_access,85,0.30850357853776356,0.0,0.0,0.0065033465607641,0.9705436382142211,0.07672478386967688,0.5402823732058503,33,33,19,0.6346153846153846,0.48955895631142476,0.7637563889572885,0.004849153136911547,0.9951508468630884,0.03519711053353114,0.9817582999958201,-0.08515533949787593,0.695759442496541,-0.8416324664269221,7.372231395494501,True
bag8,freq_enc_train_only,Another-Dataset-on-used-Fiat-500,85,0.3973249614464884,0.0,0.0,0.008939277015388,0.9705436382142211,0.11037567198239517,0.6842742509105816,34,32,19,0.6415094339622641,0.49803322399056665,0.7685690531287002,0.0036122505712923693,0.9963877494287077,0.026719405268855523,0.9864958411731388,-0.08515533949787593,0.7739933822691094,-0.8416324664269221,7.549817547241608,True
bag8,freq_enc_train_only,Bank_Customer_Churn,85,0.3975164117559284,0.0,0.0,0.008939277015388,0.9705436382142211,0.11057986121197977,0.684452962299877,34,33,18,0.6538461538461539,0.5091439205364969,0.7803420977861772,0.003597633513700182,0.9964023664862998,0.018241700004179906,0.9912333823504575,-0.08515533949787593,0.7739933822691094,-0.8416324664269221,7.549817547241608,True
bag8,freq_enc_train_only,Bioresponse,85,0.3973249614464884,0.0,0.0,0.008939277015388,0.9705436382142211,0.11037567198239517,0.6842742509105816,34,32,19,0.6415094339622641,0.49803322399056665,0.7685690531287002,0.0036122505712923693,0.9963877494287077,0.026719405268855523,0.9864958411731388,-0.08515533949787593,0.7739933822691094,-0.8416324664269221,7.549817547241608,True
bag8,freq_enc_train_only,Diabetes130US,85,0.39047916118451154,0.0,0.0,0.0065033465607641,0.9705436382142211,0.1034142601872236,0.6775440621817994,33,33,19,0.6346153846153846,0.48955895631142476,0.7637563889572885,0.004134256927008615,0.9958657430729914,0.03519711053353114,0.9817582999958201,-0.08515533949787593,0.7739933822691094,-0.8416324664269221,7.549817547241608,True
bag8,freq_enc_train_only,E-CommereShippingData,85,0.3976602839121855,0.0,0.0,0.008939277015388,0.9705436382142211,0.11073364722999712,0.6845869205943739,34,33,18,0.6538461538461539,0.5091439205364969,0.7803420977861772,0.003586650876429792,0.9964133491235703,0.018241700004179906,0.9912333823504575,-0.08515533949787593,0.7739933822691094,-0.8416324664269221,7.549817547241608,True
bag8,freq_enc_train_only,Fitness_Club,85,0.3890205817185399,0.0,0.0,0.0065033465607641,0.9705436382142211,0.10201647692778432,0.6760246865092956,33,33,19,0.6346153846153846,0.48955895631142476,0.7637563889572885,0.004244537099796364,0.9957554629002037,0.03519711053353114,0.9817582999958201,-0.08515533949787593,0.7638805478900345,-0.8416324664269221,7.549817547241608,True
bag8,freq_enc_train_only,Food_Delivery_Time,85,0.39714050934234135,0.0,0.0,0.0065033465607641,0.9705436382142211,0.11017943627610788,0.6841015824085748,33,33,19,0.6346153846153846,0.48955895631142476,0.7637563889572885,0.003626335753353984,0.9963736642466461,0.03519711053353114,0.9817582999958201,-0.08515533949787593,0.7739933822691094,-0.8416324664269221,7.549817547241608,True
bag8,freq_enc_train_only,GiveMeSomeCredit,85,0.3973249614464884,0.0,0.0,0.008939277015388,0.9705436382142211,0.11037567198239517,0.6842742509105816,34,32,19,0.6415094339622641,0.49803322399056665,0.7685690531287002,0.0036122505712923693,0.9963877494287077,0.026719405268855523,0.9864958411731388,-0.08515533949787593,0.7739933822691094,-0.8416324664269221,7.549817547241608,True
bag8,freq_enc_train_only,HR_Analytics_Job_Change_of_Data_Scientists,85,0.3931742885454051,0.0,0.0,0.0065033465607641,0.9705436382142211,0.10607600840372094,0.6802725686870892,33,33,19,0.6346153846153846,0.48955895631142476,0.7637563889572885,0.0039292625725670174,0.996070737427433,0.03519711053353114,0.9817582999958201,-0.08515533949787593,0.7739933822691094,-0.8416324664269221,7.549817547241608,True
bag8,freq_enc_train_only,Is-this-a-good-customer,85,0.365812692284795,0.0,0.0,0.0065033465607641,0.9705436382142211,0.08385824029779176,0.6477671442717983,33,33,19,0.6346153846153846,0.48955895631142476,0.7637563889572885,0.0058087861012387585,0.9941912138987613,0.03519711053353114,0.9817582999958201,-0.08515533949787593,0.695759442496541,-0.8416324664269221,7.549817547241608,True
bag8,freq_enc_train_only,MIC,85,0.3105928273818471,0.0,0.0,0.0065033465607641,0.9705436382142211,0.07579883172703478,0.5453868230366594,33,33,19,0.6346153846153846,0.48955895631142476,0.7637563889572885,0.005068862452640374,0.9949311375473596,0.03519711053353114,0.9817582999958201,-0.08515533949787593,0.695759442496541,-0.8416324664269221,7.549817547241608,True
bag8,freq_enc_train_only,Marketing_Campaign,85,0.37602875822843285,0.0,0.0,0.0065033465607641,0.9705436382142211,0.09089652732578973,0.6611609891310759,33,33,19,0.6346153846153846,0.48955895631142476,0.7637563889572885,0.005180576536777523,0.9948194234632225,0.03519711053353114,0.9817582999958201,-0.08515533949787593,0.695759442496541,-0.8416324664269221,7.549817547241608,True
bag8,freq_enc_train_only,QSAR-TID-11,85,0.3973249614464883,0.0,0.0,0.008939277015388,0.9705436382142211,0.11037567198239512,0.6842742509105815,34,32,19,0.6415094339622641,0.49803322399056665,0.7685690531287002,0.0036122505712923732,0.9963877494287076,0.026719405268855523,0.9864958411731388,-0.08515533949787593,0.7739933822691094,-0.8416324664269221,7.549817547241608,True
bag8,freq_enc_train_only,QSAR_fish_toxicity,85,0.3973249614464883,0.0,0.0,0.008939277015388,0.9705436382142211,0.11037567198239512,0.6842742509105815,34,32,19,0.6415094339622641,0.49803322399056665,0.7685690531287002,0.0036122505712923732,0.9963877494287076,0.026719405268855523,0.9864958411731388,-0.08515533949787593,0.7739933822691094,-0.8416324664269221,7.549817547241608,True
bag8,freq_enc_train_only,airfoil_self_noise,85,0.4041167134729715,0.0,0.0,0.008939277015388,0.9705436382142211,0.11793661025410374,0.6902968166918393,34,33,18,0.6538461538461539,0.5091439205364969,0.7803420977861772,0.0030974743965332726,0.9969025256034667,0.018241700004179906,0.9912333823504575,-0.05050596439014954,0.7739933822691094,-0.8416324664269221,7.549817547241608,True
bag8,freq_enc_train_only,bank-marketing,85,0.3978479231686779,0.0,0.0,0.008939277015388,0.9705436382142211,0.11093465563558086,0.684761190701775,34,33,18,0.6538461538461539,0.5091439205364969,0.7803420977861772,0.0035723298759270244,0.996427670124073,0.018241700004179906,0.9912333823504575,-0.08515533949787593,0.7739933822691094,-0.8416324664269221,7.549817547241608,True
bag8,freq_enc_train_only,bike_sharing,85,0.3965738512870288,0.0,0.0,0.0065033465607641,0.9705436382142211,0.10957958285261449,0.6835681197214432,33,33,19,0.6346153846153846,0.48955895631142476,0.7637563889572885,0.0036696190861498445,0.9963303809138502,0.03519711053353114,0.9817582999958201,-0.08515533949787593,0.7739933822691094,-0.8416324664269221,7.549817547241608,True
bag8,freq_enc_train_only,blood-transfusion-service-center,85,0.3973249614464883,0.0,0.0,0.008939277015388,0.9705436382142211,0.11037567198239512,0.6842742509105815,34,32,19,0.6415094339622641,0.49803322399056665,0.7685690531287002,0.0036122505712923732,0.9963877494287076,0.026719405268855523,0.9864958411731388,-0.08515533949787593,0.7739933822691094,-0.8416324664269221,7.549817547241608,True
bag8,freq_enc_train_only,brfss_diabetes,85,0.3960465001153487,0.0,0.0,0.0065033465607641,0.9705436382142211,0.10902541143930355,0.6830675887913938,33,33,19,0.6346153846153846,0.48955895631142476,0.7637563889572885,0.0037099110003050062,0.996290088999695,0.03519711053353114,0.9817582999958201,-0.08515533949787593,0.7739933822691094,-0.8416324664269221,7.549817547241608,True
bag8,freq_enc_train_only,churn,85,0.38931801802380683,0.0,0.0,0.0065033465607641,0.9705436382142211,0.10229907861032417,0.6763369574372895,33,33,19,0.6346153846153846,0.48955895631142476,0.7637563889572885,0.0042220965707406785,0.9957779034292593,0.03519711053353114,0.9817582999958201,-0.08515533949787593,0.7739933822691094,-0.8416324664269221,7.549817547241608,True
bag8,freq_enc_train_only,coil2000_insurance_policies,85,0.3972197934816014,0.0,0.0,0.0065033465607641,0.9705436382142211,0.11026372654910876,0.6841758604140941,33,33,19,0.6346153846153846,0.48955895631142476,0.7637563889572885,0.0036202811616236003,0.9963797188383764,0.03519711053353114,0.9817582999958201,-0.08515533949787593,0.7739933822691094,-0.8416324664269221,7.549817547241608,True
bag8,freq_enc_train_only,concrete_compressive_strength,85,0.3973249614464884,0.0,0.0,0.008939277015388,0.9705436382142211,0.11037567198239517,0.6842742509105816,34,32,19,0.6415094339622641,0.49803322399056665,0.7685690531287002,0.0036122505712923693,0.9963877494287077,0.026719405268855523,0.9864958411731388,-0.08515533949787593,0.7739933822691094,-0.8416324664269221,7.549817547241608,True
bag8,freq_enc_train_only,credit-g,85,0.3576484950533009,0.0,0.0,0.0065033465607641,0.9705436382142211,0.07934896776049366,0.635948022346108,33,33,19,0.6346153846153846,0.48955895631142476,0.7637563889572885,0.006200719537196544,0.9937992804628035,0.03519711053353114,0.9817582999958201,-0.08515533949787593,0.695759442496541,-0.8416324664269221,7.549817547241608,True
bag8,freq_enc_train_only,credit_card_clients_default,85,0.3936544794136223,0.0,0.0,0.0065033465607641,0.9705436382142211,0.1065610037420075,0.6807479550852371,33,33,19,0.6346153846153846,0.48955895631142476,0.7637563889572885,0.0038926265908571416,0.9961073734091428,0.03519711053353114,0.9817582999958201,-0.08515533949787593,0.7739933822691094,-0.8416324664269221,7.549817547241608,True
bag8,freq_enc_train_only,diabetes,85,0.3973249614464883,0.0,0.0,0.008939277015388,0.9705436382142211,0.11037567198239512,0.6842742509105815,34,32,19,0.6415094339622641,0.49803322399056665,0.7685690531287002,0.0036122505712923732,0.9963877494287076,0.026719405268855523,0.9864958411731388,-0.08515533949787593,0.7739933822691094,-0.8416324664269221,7.549817547241608,True
bag8,freq_enc_train_only,diabetes_hospital,85,0.3989409242198024,0.0,0.0,0.008939277015388,0.9705436382142211,0.11211542348586917,0.6857664249537356,34,33,18,0.6538461538461539,0.5091439205364969,0.7803420977861772,0.0034889836036666533,0.9965110163963333,0.018241700004179906,0.9912333823504575,-0.05050596439014954,0.7739933822691094,-0.8416324664269221,7.549817547241608,True
bag8,freq_enc_train_only,diamonds,85,0.3908679195266075,0.0,0.0,0.0065033465607641,0.9705436382142211,0.10379188078914803,0.677943958264067,33,33,19,0.6346153846153846,0.48955895631142476,0.7637563889572885,0.00410477255909855,0.9958952274409014,0.03519711053353114,0.9817582999958201,-0.08515533949787593,0.7739933822691094,-0.8416324664269221,7.549817547241608,True
bag8,freq_enc_train_only,folktables_coverage,85,0.3972484514869499,0.0,0.0,0.008939277015388,0.9705436382142211,0.11029421591345373,0.6842026870604461,33,33,19,0.6346153846153846,0.48955895631142476,0.7637563889572885,0.0036180927720917302,0.9963819072279082,0.03519711053353114,0.9817582999958201,-0.08515533949787593,0.7739933822691094,-0.8416324664269221,7.549817547241608,True
bag8,freq_enc_train_only,folktables_coverage_covid,85,0.39700322783428144,0.0,0.0,0.0065033465607641,0.9705436382142211,0.11003369651633205,0.6839727591522309,33,33,19,0.6346153846153846,0.48955895631142476,0.7637563889572885,0.0036368202671344598,0.9963631797328655,0.03519711053353114,0.9817582999958201,-0.08515533949787593,0.7739933822691094,-0.8416324664269221,7.549817547241608,True
bag8,freq_enc_train_only,folktables_employment,85,0.39752065045923435,0.0,0.0,0.008939277015388,0.9705436382142211,0.11058438781291424,0.6844569131055545,34,33,18,0.6538461538461539,0.5091439205364969,0.7803420977861772,0.003597309923891336,0.9964026900761086,0.018241700004179906,0.9912333823504575,-0.08515533949787593,0.7739933822691094,-0.8416324664269221,7.549817547241608,True
bag8,freq_enc_train_only,folktables_income,85,0.39684720934009643,0.0,0.0,0.0065033465607641,0.9705436382142211,0.1098683884358796,0.6838260302443133,33,33,19,0.6346153846153846,0.48955895631142476,0.7637563889572885,0.003648737047033697,0.9963512629529663,0.03519711053353114,0.9817582999958201,-0.08515533949787593,0.7739933822691094,-0.8416324664269221,7.549817547241608,True
bag8,freq_enc_train_only,folktables_mobility,85,0.39902474574231545,0.0,0.0,0.008939277015388,0.9705436382142211,0.11220667311655586,0.685842818368075,34,33,18,0.6538461538461539,0.5091439205364969,0.7803420977861772,0.003482597983765399,0.9965174020162346,0.018241700004179906,0.9912333823504575,-0.05050596439014954,0.7739933822691094,-0.8416324664269221,7.549817547241608,True
bag8,freq_enc_train_only,folktables_travel_time,85,0.3978609096691426,0.0,0.0,0.008939277015388,0.9705436382142211,0.11094858582007727,0.684773233518208,34,33,18,0.6538461538461539,0.5091439205364969,0.7803420977861772,0.00357133883767109,0.996428661162329,0.018241700004179906,0.9912333823504575,-0.08515533949787593,0.7739933822691094,-0.8416324664269221,7.549817547241608,True
bag8,freq_enc_train_only,folktables_travel_time_covid,85,0.40722651987504044,0.0,0.0,0.008939277015388,0.9705436382142211,0.12161746856665634,0.6928355711834245,34,33,18,0.6538461538461539,0.5091439205364969,0.7803420977861772,0.0028663825834397906,0.9971336174165601,0.018241700004179906,0.9912333823504575,-0.05050596439014954,0.7739933822691094,-0.8091698970029834,7.549817547241608,True
bag8,freq_enc_train_only,gas_sensor_drift,85,0.3973249614464883,0.0,0.0,0.008939277015388,0.9705436382142211,0.11037567198239512,0.6842742509105815,34,32,19,0.6415094339622641,0.49803322399056665,0.7685690531287002,0.0036122505712923732,0.9963877494287076,0.026719405268855523,0.9864958411731388,-0.08515533949787593,0.7739933822691094,-0.8416324664269221,7.549817547241608,True
bag8,freq_enc_train_only,hazelnut-spread-contaminant-detection,85,0.3973249614464883,0.0,0.0,0.008939277015388,0.9705436382142211,0.11037567198239512,0.6842742509105815,34,32,19,0.6415094339622641,0.49803322399056665,0.7685690531287002,0.0036122505712923732,0.9963877494287076,0.026719405268855523,0.9864958411731388,-0.08515533949787593,0.7739933822691094,-0.8416324664269221,7.549817547241608,True
bag8,freq_enc_train_only,healthcare_insurance_expenses,85,0.39679828304412573,0.0,0.0,0.0065033465607641,0.9705436382142211,0.10981661978487978,0.6837799463033717,33,33,19,0.6346153846153846,0.48955895631142476,0.7637563889572885,0.0036524743202059782,0.996347525679794,0.03519711053353114,0.9817582999958201,-0.08515533949787593,0.7739933822691094,-0.8416324664269221,7.549817547241608,True
bag8,freq_enc_train_only,heloc,85,0.3973249614464883,0.0,0.0,0.008939277015388,0.9705436382142211,0.11037567198239512,0.6842742509105815,34,32,19,0.6415094339622641,0.49803322399056665,0.7685690531287002,0.0036122505712923732,0.9963877494287076,0.026719405268855523,0.9864958411731388,-0.08515533949787593,0.7739933822691094,-0.8416324664269221,7.549817547241608,True
bag8,freq_enc_train_only,hiva_agnostic,85,0.38967614274628765,0.0,0.0,0.0065033465607641,0.9705436382142211,0.10264099866275572,0.6767112868298195,33,33,19,0.6346153846153846,0.48955895631142476,0.7637563889572885,0.004195043198167374,0.9958049568018326,0.03519711053353114,0.9817582999958201,-0.08515533949787593,0.7739933822691094,-0.8416324664269221,7.549817547241608,True
bag8,freq_enc_train_only,houses,85,0.3973249614464883,0.0,0.0,0.008939277015388,0.9705436382142211,0.11037567198239512,0.6842742509105815,34,32,19,0.6415094339622641,0.49803322399056665,0.7685690531287002,0.0036122505712923732,0.9963877494287076,0.026719405268855523,0.9864958411731388,-0.08515533949787593,0.7739933822691094,-0.8416324664269221,7.549817547241608,True
bag8,freq_enc_train_only,in_vehicle_coupon_recommendation,85,0.36695013531498344,0.0,0.0,0.0065033465607641,0.9705436382142211,0.08456606610972817,0.6493342045202387,33,33,19,0.6346153846153846,0.48955895631142476,0.7637563889572885,0.005745541725307419,0.9942544582746926,0.03519711053353114,0.9817582999958201,-0.08515533949787593,0.695759442496541,-0.8416324664269221,7.549817547241608,True
bag8,freq_enc_train_only,jm1,85,0.3973249614464884,0.0,0.0,0.008939277015388,0.9705436382142211,0.11037567198239517,0.6842742509105816,34,32,19,0.6415094339622641,0.49803322399056665,0.7685690531287002,0.0036122505712923693,0.9963877494287077,0.026719405268855523,0.9864958411731388,-0.08515533949787593,0.7739933822691094,-0.8416324664269221,7.549817547241608,True
bag8,freq_enc_train_only,kddcup09_appetency,85,0.35150663727299225,0.0,0.0,0.0065033465607641,0.9705436382142211,0.07663498471952529,0.6263782898264592,33,33,19,0.6346153846153846,0.48955895631142476,0.7637563889572885,0.006411222387887198,0.9935887776121128,0.03519711053353114,0.9817582999958201,-0.08515533949787593,0.695759442496541,-0.8416324664269221,7.549817547241608,True
bag8,freq_enc_train_only,lending_club,85,0.39643200707051035,0.0,0.0,0.0065033465607641,0.9705436382142211,0.10943013872023427,0.6834338754207865,33,33,19,0.6346153846153846,0.48955895631142476,0.7637563889572885,0.0036804558391566686,0.9963195441608433,0.03519711053353114,0.9817582999958201,-0.08515533949787593,0.7739933822691094,-0.8416324664269221,7.549817547241608,True
bag8,freq_enc_train_only,maternal_health_risk,85,0.3973249614464883,0.0,0.0,0.008939277015388,0.9705436382142211,0.11037567198239512,0.6842742509105815,34,32,19,0.6415094339622641,0.49803322399056665,0.7685690531287002,0.0036122505712923732,0.9963877494287076,0.026719405268855523,0.9864958411731388,-0.08515533949787593,0.7739933822691094,-0.8416324664269221,7.549817547241608,True
bag8,freq_enc_train_only,miami_housing,85,0.3973249614464883,0.0,0.0,0.008939277015388,0.9705436382142211,0.11037567198239512,0.6842742509105815,34,32,19,0.6415094339622641,0.49803322399056665,0.7685690531287002,0.0036122505712923732,0.9963877494287076,0.026719405268855523,0.9864958411731388,-0.08515533949787593,0.7739933822691094,-0.8416324664269221,7.549817547241608,True
bag8,freq_enc_train_only,online_shoppers_intention,85,0.3876848737696479,0.0,0.0,0.0065033465607641,0.9705436382142211,0.10076278716687898,0.6746069603724167,33,33,19,0.6346153846153846,0.48955895631142476,0.7637563889572885,0.004344960381118417,0.9956550396188816,0.03519711053353114,0.9817582999958201,-0.08515533949787593,0.695759442496541,-0.8416324664269221,7.549817547241608,True
bag8,freq_enc_train_only,physiochemical_protein,85,0.3973249614464883,0.0,0.0,0.008939277015388,0.9705436382142211,0.11037567198239512,0.6842742509105815,34,32,19,0.6415094339622641,0.49803322399056665,0.7685690531287002,0.0036122505712923732,0.9963877494287076,0.026719405268855523,0.9864958411731388,-0.08515533949787593,0.7739933822691094,-0.8416324664269221,7.549817547241608,True
bag8,freq_enc_train_only,polish_companies_bankruptcy,85,0.3973249614464883,0.0,0.0,0.008939277015388,0.9705436382142211,0.11037567198239512,0.6842742509105815,34,32,19,0.6415094339622641,0.49803322399056665,0.7685690531287002,0.0036122505712923732,0.9963877494287076,0.026719405268855523,0.9864958411731388,-0.08515533949787593,0.7739933822691094,-0.8416324664269221,7.549817547241608,True
bag8,freq_enc_train_only,qsar-biodeg,85,0.39606912949432715,0.0,0.0,0.0065033465607641,0.9705436382142211,0.10904911110448712,0.6830891478841672,33,33,19,0.6346153846153846,0.48955895631142476,0.7637563889572885,0.0037081818892031964,0.9962918181107968,0.03519711053353114,0.9817582999958201,-0.08515533949787593,0.7739933822691094,-0.8416324664269221,7.549817547241608,True
bag8,freq_enc_train_only,seismic-bumps,85,0.3973249614464883,0.0,0.0,0.008939277015388,0.9705436382142211,0.11037567198239512,0.6842742509105815,34,32,19,0.6415094339622641,0.49803322399056665,0.7685690531287002,0.0036122505712923732,0.9963877494287076,0.026719405268855523,0.9864958411731388,-0.08515533949787593,0.7739933822691094,-0.8416324664269221,7.549817547241608,True
bag8,freq_enc_train_only,shifts_weather,85,0.3973249614464883,0.0,0.0,0.008939277015388,0.9705436382142211,0.11037567198239512,0.6842742509105815,34,32,19,0.6415094339622641,0.49803322399056665,0.7685690531287002,0.0036122505712923732,0.9963877494287076,0.026719405268855523,0.9864958411731388,-0.08515533949787593,0.7739933822691094,-0.8416324664269221,7.549817547241608,True
bag8,freq_enc_train_only,students_dropout_and_academic_success,85,0.39166311834083867,0.0,0.0,0.0065033465607641,0.9705436382142211,0.10457093743974971,0.6787552992419277,33,33,19,0.6346153846153846,0.48955895631142476,0.7637563889572885,0.004044362572627842,0.9959556374273721,0.03519711053353114,0.9817582999958201,-0.08515533949787593,0.7739933822691094,-0.8416324664269221,7.549817547241608,True
bag8,freq_enc_train_only,superconductivity,85,0.3973249614464883,0.0,0.0,0.008939277015388,0.9705436382142211,0.11037567198239512,0.6842742509105815,34,32,19,0.6415094339622641,0.49803322399056665,0.7685690531287002,0.0036122505712923732,0.9963877494287076,0.026719405268855523,0.9864958411731388,-0.08515533949787593,0.7739933822691094,-0.8416324664269221,7.549817547241608,True
bag8,freq_enc_train_only,synthetic_label_shift,85,0.3979579756586434,0.0,0.0,0.008939277015388,0.9705436382142211,0.11105278073047758,0.6848631705868091,34,33,18,0.6538461538461539,0.5091439205364969,0.7803420977861772,0.0035639319483225652,0.9964360680516775,0.018241700004179906,0.9912333823504575,-0.08185509585485176,0.7739933822691094,-0.8416324664269221,7.549817547241608,True
bag8,freq_enc_train_only,synthetic_large_test,85,0.3990207295385531,0.0,0.0,0.008939277015388,0.9705436382142211,0.11220229873767368,0.6858391603394325,34,33,18,0.6538461538461539,0.5091439205364969,0.7803420977861772,0.0034829039201477617,0.9965170960798522,0.018241700004179906,0.9912333823504575,-0.05050596439014954,0.7739933822691094,-0.8416324664269221,7.549817547241608,True
bag8,freq_enc_train_only,synthetic_partial_shift,85,0.3975495609358289,0.0,0.0,0.008939277015388,0.9705436382142211,0.11061526869155996,0.6844838531800979,34,33,18,0.6538461538461539,0.5091439205364969,0.7803420977861772,0.003595102886770705,0.9964048971132293,0.018241700004179906,0.9912333823504575,-0.08515533949787593,0.7739933822691094,-0.8416324664269221,7.549817547241608,True
bag8,freq_enc_train_only,synthetic_shift_0.0,85,0.39737734024253285,0.0,0.0,0.008939277015388,0.9705436382142211,0.11043148456673768,0.684323195918328,34,33,18,0.6538461538461539,0.5091439205364969,0.7803420977861772,0.00360825122989294,0.996391748770107,0.018241700004179906,0.9912333823504575,-0.08515533949787593,0.7739933822691094,-0.8416324664269221,7.549817547241608,True
bag8,freq_enc_train_only,synthetic_shift_0.5,85,0.3968689934606515,0.0,0.0,0.0065033465607641,0.9705436382142211,0.10989144897175279,0.6838465379495502,33,33,19,0.6346153846153846,0.48955895631142476,0.7637563889572885,0.0036470730877677634,0.9963529269122322,0.03519711053353114,0.9817582999958201,-0.08515533949787593,0.7739933822691094,-0.8416324664269221,7.549817547241608,True
bag8,freq_enc_train_only,synthetic_shift_1.0,85,0.3965174173924173,0.0,0.0,0.0065033465607641,0.9705436382142211,0.10952009124593531,0.6835147435388993,33,33,19,0.6346153846153846,0.48955895631142476,0.7637563889572885,0.0036739304945009204,0.9963260695054991,0.03519711053353114,0.9817582999958201,-0.08515533949787593,0.7739933822691094,-0.8416324664269221,7.549817547241608,True
bag8,freq_enc_train_only,synthetic_shift_3.0,85,0.3967338932670018,0.0,0.0,0.0065033465607641,0.9705436382142211,0.10974854081838148,0.6837192457156221,33,33,19,0.6346153846153846,0.48955895631142476,0.7637563889572885,0.00365739295498926,0.9963426070450108,0.03519711053353114,0.9817582999958201,-0.08515533949787593,0.7739933822691094,-0.8416324664269221,7.549817547241608,True
bag8,freq_enc_train_only,synthetic_shift_5.0,85,0.3950669311249581,0.0,0.0,0.0065033465607641,0.9705436382142211,0.1080064393353134,0.6821274229146028,33,33,19,0.6346153846153846,0.48955895631142476,0.7637563889572885,0.0037847601144781274,0.9962152398855219,0.03519711053353114,0.9817582999958201,-0.08515533949787593,0.7739933822691094,-0.8416324664269221,7.549817547241608,True
bag8,freq_enc_train_only,synthetic_small_test,85,0.3989001222348298,0.0,0.0,0.008939277015388,0.9705436382142211,0.11207104166187909,0.6857292028077805,34,33,18,0.6538461538461539,0.5091439205364969,0.7803420977861772,0.0034920923005559447,0.9965079076994441,0.018241700004179906,0.9912333823504575,-0.05050596439014954,0.7739933822691094,-0.8416324664269221,7.549817547241608,True
bag8,freq_enc_train_only,tabred_cooking_time,85,0.3977971013583905,0.0,0.0,0.008939277015388,0.9705436382142211,0.11088016369029696,0.6847140390264841,34,33,18,0.6538461538461539,0.5091439205364969,0.7803420977861772,0.003576208387653963,0.9964237916123461,0.018241700004179906,0.9912333823504575,-0.08515533949787593,0.7739933822691094,-0.8416324664269221,7.549817547241608,True
bag8,freq_enc_train_only,tabred_delivery_eta,85,0.3973249614464884,0.0,0.0,0.008939277015388,0.9705436382142211,0.11037567198239517,0.6842742509105816,34,32,19,0.6415094339622641,0.49803322399056665,0.7685690531287002,0.0036122505712923693,0.9963877494287077,0.026719405268855523,0.9864958411731388,-0.08515533949787593,0.7739933822691094,-0.8416324664269221,7.549817547241608,True
bag8,freq_enc_train_only,tabred_delivery_eta__gap_far,85,0.3973249614464884,0.0,0.0,0.008939277015388,0.9705436382142211,0.11037567198239517,0.6842742509105816,34,32,19,0.6415094339622641,0.49803322399056665,0.7685690531287002,0.0036122505712923693,0.9963877494287077,0.026719405268855523,0.9864958411731388,-0.08515533949787593,0.7739933822691094,-0.8416324664269221,7.549817547241608,True
bag8,freq_enc_train_only,tabred_delivery_eta__gap_maxdiff,85,0.3973249614464884,0.0,0.0,0.008939277015388,0.9705436382142211,0.11037567198239517,0.6842742509105816,34,32,19,0.6415094339622641,0.49803322399056665,0.7685690531287002,0.0036122505712923693,0.9963877494287077,0.026719405268855523,0.9864958411731388,-0.08515533949787593,0.7739933822691094,-0.8416324664269221,7.549817547241608,True
bag8,freq_enc_train_only,tabred_delivery_eta__gap_near,85,0.3973249614464884,0.0,0.0,0.008939277015388,0.9705436382142211,0.11037567198239517,0.6842742509105816,34,32,19,0.6415094339622641,0.49803322399056665,0.7685690531287002,0.0036122505712923693,0.9963877494287077,0.026719405268855523,0.9864958411731388,-0.08515533949787593,0.7739933822691094,-0.8416324664269221,7.549817547241608,True
bag8,freq_enc_train_only,tabred_ecom_offers,85,0.3973249614464884,0.0,0.0,0.008939277015388,0.9705436382142211,0.11037567198239517,0.6842742509105816,34,32,19,0.6415094339622641,0.49803322399056665,0.7685690531287002,0.0036122505712923693,0.9963877494287077,0.026719405268855523,0.9864958411731388,-0.08515533949787593,0.7739933822691094,-0.8416324664269221,7.549817547241608,True
bag8,freq_enc_train_only,tabred_homesite,85,0.3868686190209524,0.0,0.0,0.0065033465607641,0.9705436382142211,0.10000906116900504,0.6737281768728998,33,33,19,0.6346153846153846,0.48955895631142476,0.7637563889572885,0.004406012376039553,0.9955939876239605,0.03519711053353114,0.9817582999958201,-0.08515533949787593,0.695759442496541,-0.8416324664269221,7.549817547241608,True
bag8,freq_enc_train_only,tabred_homesite__gap_far,85,0.4068446072935823,0.0,0.0,0.008939277015388,0.9705436382142211,0.12115798175607301,0.6925312328310915,34,33,18,0.6538461538461539,0.5091439205364969,0.7803420977861772,0.002894541842854585,0.9971054581571454,0.018241700004179906,0.9912333823504575,-0.05050596439014954,0.7739933822691094,-0.8416324664269221,7.549817547241608,True
bag8,freq_enc_train_only,tabred_homesite__gap_near,85,0.3914275090834295,0.0,0.0,0.0065033465607641,0.9705436382142211,0.10433918116128432,0.6785158370055746,33,33,19,0.6346153846153846,0.48955895631142476,0.7637563889572885,0.0040622744994520885,0.9959377255005479,0.03519711053353114,0.9817582999958201,-0.08515533949787593,0.7739933822691094,-0.8416324664269221,7.549817547241608,True
bag8,freq_enc_train_only,tabred_sberbank,85,0.39747719086161565,0.0,0.0,0.008939277015388,0.9705436382142211,0.11053798842834495,0.6844163932948863,34,33,18,0.6538461538461539,0.5091439205364969,0.7803420977861772,0.0036006277696561603,0.9963993722303438,0.018241700004179906,0.9912333823504575,-0.08515533949787593,0.7739933822691094,-0.8416324664269221,7.549817547241608,True
bag8,freq_enc_train_only,tabred_sberbank__gap_far,85,0.38969545079241164,0.0,0.0,0.0065033465607641,0.9705436382142211,0.10265948446738071,0.6767314171174426,33,33,19,0.6346153846153846,0.48955895631142476,0.7637563889572885,0.004193583613972667,0.9958064163860273,0.03519711053353114,0.9817582999958201,-0.08515533949787593,0.7739933822691094,-0.8416324664269221,7.549817547241608,True
bag8,freq_enc_train_only,tabred_sberbank__gap_near,85,0.3985726645108924,0.0,0.0,0.008939277015388,0.9705436382142211,0.11171570643977818,0.6854296225820067,34,33,18,0.6538461538461539,0.5091439205364969,0.7803420977861772,0.003517049283760325,0.9964829507162397,0.018241700004179906,0.9912333823504575,-0.05050596439014954,0.7739933822691094,-0.8416324664269221,7.549817547241608,True
bag8,freq_enc_train_only,tabred_weather,85,0.3973249614464883,0.0,0.0,0.008939277015388,0.9705436382142211,0.11037567198239512,0.6842742509105815,34,32,19,0.6415094339622641,0.49803322399056665,0.7685690531287002,0.0036122505712923732,0.9963877494287076,0.026719405268855523,0.9864958411731388,-0.08515533949787593,0.7739933822691094,-0.8416324664269221,7.549817547241608,True
bag8,freq_enc_train_only,tabred_weather__gap_far,85,0.3973249614464883,0.0,0.0,0.008939277015388,0.9705436382142211,0.11037567198239512,0.6842742509105815,34,32,19,0.6415094339622641,0.49803322399056665,0.7685690531287002,0.0036122505712923732,0.9963877494287076,0.026719405268855523,0.9864958411731388,-0.08515533949787593,0.7739933822691094,-0.8416324664269221,7.549817547241608,True
bag8,freq_enc_train_only,tabred_weather__gap_maxdiff,85,0.3973249614464883,0.0,0.0,0.008939277015388,0.9705436382142211,0.11037567198239512,0.6842742509105815,34,32,19,0.6415094339622641,0.49803322399056665,0.7685690531287002,0.0036122505712923732,0.9963877494287076,0.026719405268855523,0.9864958411731388,-0.08515533949787593,0.7739933822691094,-0.8416324664269221,7.549817547241608,True
bag8,freq_enc_train_only,tabred_weather__gap_near,85,0.3973249614464883,0.0,0.0,0.008939277015388,0.9705436382142211,0.11037567198239512,0.6842742509105815,34,32,19,0.6415094339622641,0.49803322399056665,0.7685690531287002,0.0036122505712923732,0.9963877494287076,0.026719405268855523,0.9864958411731388,-0.08515533949787593,0.7739933822691094,-0.8416324664269221,7.549817547241608,True
bag8,freq_enc_train_only,taiwanese_bankruptcy_prediction,85,0.3973249614464883,0.0,0.0,0.008939277015388,0.9705436382142211,0.11037567198239512,0.6842742509105815,34,32,19,0.6415094339622641,0.49803322399056665,0.7685690531287002,0.0036122505712923732,0.9963877494287076,0.026719405268855523,0.9864958411731388,-0.08515533949787593,0.7739933822691094,-0.8416324664269221,7.549817547241608,True
bag8,freq_enc_train_only,tschalzev_mbgm,85,0.3932148238666729,0.0,0.0,0.0065033465607641,0.9705436382142211,0.10611682362919866,0.6803128241041472,33,33,19,0.6346153846153846,0.48955895631142476,0.7637563889572885,0.003926170886160878,0.9960738291138391,0.03519711053353114,0.9817582999958201,-0.08515533949787593,0.7739933822691094,-0.8416324664269221,7.549817547241608,True
bag8,freq_enc_train_only,tschalzev_ogpcc,85,0.3973249614464883,0.0,0.0,0.008939277015388,0.9705436382142211,0.11037567198239512,0.6842742509105815,34,32,19,0.6415094339622641,0.49803322399056665,0.7685690531287002,0.0036122505712923732,0.9963877494287076,0.026719405268855523,0.9864958411731388,-0.08515533949787593,0.7739933822691094,-0.8416324664269221,7.549817547241608,True
bag8,freq_enc_train_only,tschalzev_sctp,85,0.3973249614464883,0.0,0.0,0.008939277015388,0.9705436382142211,0.11037567198239512,0.6842742509105815,34,32,19,0.6415094339622641,0.49803322399056665,0.7685690531287002,0.0036122505712923732,0.9963877494287076,0.026719405268855523,0.9864958411731388,-0.08515533949787593,0.7739933822691094,-0.8416324664269221,7.549817547241608,True
bag8,freq_enc_train_only,website_phishing,85,0.4053313124587382,0.0,0.0,0.008939277015388,0.9705436382142211,0.11935781423289721,0.6913048106845792,34,33,18,0.6538461538461539,0.5091439205364969,0.7803420977861772,0.0030067506187181872,0.9969932493812818,0.018241700004179906,0.9912333823504575,-0.05050596439014954,0.7739933822691094,-0.8416324664269221,7.549817547241608,True
bag8,freq_enc_train_only,wine_quality,85,0.3973249614464883,0.0,0.0,0.008939277015388,0.9705436382142211,0.11037567198239512,0.6842742509105815,34,32,19,0.6415094339622641,0.49803322399056665,0.7685690531287002,0.0036122505712923732,0.9963877494287076,0.026719405268855523,0.9864958411731388,-0.08515533949787593,0.7739933822691094,-0.8416324664269221,7.549817547241608,True
bag8,joint_freq_combined,Amazon_employee_access,85,0.3921708228790758,0.0,0.0,0.0260782398857177,0.9705436382142211,0.11054928899137345,0.6737923567667781,36,31,18,0.6666666666666666,0.525255035167298,0.7890800946414241,0.0034567663288929983,0.996543233671107,0.00991716336403414,0.9954633298302065,-0.07762660181891157,0.8606122602358385,-1.4925030793981184,8.753469086311608,True
bag8,joint_freq_combined,Another-Dataset-on-used-Fiat-500,85,0.4611234788832712,0.0,0.0,0.043481540680381,0.9705436382142211,0.15198523038827771,0.7702617273782647,37,30,18,0.6727272727272727,0.5329289517645851,0.7931918831325925,0.0019619939662776464,0.9980380060337224,0.007226916766913864,0.9967720984450217,-0.07762660181891157,1.2930163674195598,-1.4925030793981184,8.753469086311608,True
bag8,joint_freq_combined,Bank_Customer_Churn,85,0.4613149291927112,0.0,0.0,0.043481540680381,0.9705436382142211,0.1521903653881579,0.7704394929972646,37,31,17,0.6851851851851852,0.5444760051271569,0.8047605889968084,0.0019541491037758144,0.9980458508962242,0.004536670169793587,0.998080867059837,-0.07762660181891157,1.2930163674195598,-1.4925030793981184,8.753469086311608,True
bag8,joint_freq_combined,Bioresponse,85,0.4611234788832712,0.0,0.0,0.043481540680381,0.9705436382142211,0.15198523038827771,0.7702617273782647,37,30,18,0.6727272727272727,0.5329289517645851,0.7931918831325925,0.0019619939662776464,0.9980380060337224,0.007226916766913864,0.9967720984450217,-0.07762660181891157,1.2930163674195598,-1.4925030793981184,8.753469086311608,True
bag8,joint_freq_combined,Diabetes130US,85,0.45248155232634996,0.0,0.0,0.0260782398857177,0.9705436382142211,0.1432255112155401,0.7617375934371597,36,31,18,0.6666666666666666,0.525255035167298,0.7890800946414241,0.0023153425825689195,0.9976846574174311,0.00991716336403414,0.9954633298302065,-0.07762660181891157,1.2930163674195598,-1.4925030793981184,8.753469086311608,True
bag8,joint_freq_combined,E-CommereShippingData,85,0.464986580954281,0.0,0.0,0.043481540680381,0.9705436382142211,0.15621756014523042,0.7737556017633316,37,31,17,0.6851851851851852,0.5444760051271569,0.8047605889968084,0.001804252445407263,0.9981957475545927,0.004536670169793587,0.998080867059837,-0.04766842464102154,1.2930163674195598,-1.4925030793981184,8.753469086311608,True
bag8,joint_freq_combined,Fitness_Club,85,0.45230026822231234,0.0,0.0,0.0260782398857177,0.9705436382142211,0.14305222695232483,0.7615483094922999,36,31,18,0.6666666666666666,0.525255035167298,0.7890800946414241,0.0023226801443081706,0.9976773198556919,0.00991716336403414,0.9954633298302065,-0.07762660181891157,1.2930163674195598,-1.4925030793981184,8.753469086311608,True
bag8,joint_freq_combined,Food_Delivery_Time,85,0.46096290787336414,0.0,0.0,0.043481540680381,0.9705436382142211,0.15181355250994394,0.7701122632367843,36,31,18,0.6666666666666666,0.525255035167298,0.7890800946414241,0.0019685748573003265,0.9980314251426997,0.00991716336403414,0.9954633298302065,-0.07762660181891157,1.2930163674195598,-1.4925030793981184,8.753469086311608,True
bag8,joint_freq_combined,GiveMeSomeCredit,85,0.4611234788832712,0.0,0.0,0.043481540680381,0.9705436382142211,0.15198523038827771,0.7702617273782647,37,30,18,0.6727272727272727,0.5329289517645851,0.7931918831325925,0.0019619939662776464,0.9980380060337224,0.007226916766913864,0.9967720984450217,-0.07762660181891157,1.2930163674195598,-1.4925030793981184,8.753469086311608,True
bag8,joint_freq_combined,HR_Analytics_Job_Change_of_Data_Scientists,85,0.45788156858185797,0.0,0.0,0.0260782398857177,0.9705436382142211,0.1485845252436715,0.7671786119200444,36,31,18,0.6666666666666666,0.525255035167298,0.7890800946414241,0.002094964055280545,0.9979050359447195,0.00991716336403414,0.9954633298302065,-0.07762660181891157,1.2930163674195598,-1.4925030793981184,8.753469086311608,True
bag8,joint_freq_combined,Is-this-a-good-customer,85,0.4300486056029471,0.0,0.0,0.0260782398857177,0.9705436382142211,0.12507973028036906,0.7350174809255252,36,31,18,0.6666666666666666,0.525255035167298,0.7890800946414241,0.003131990204515214,0.9968680097954848,0.00991716336403414,0.9954633298302065,-0.07762660181891157,0.8606122602358385,-1.4925030793981184,8.753469086311608,True
bag8,joint_freq_combined,MIC,85,0.3581414896325464,0.0,0.0,0.0260782398857177,0.9705436382142211,0.1191858472114539,0.5970971320536389,36,31,18,0.6666666666666666,0.525255035167298,0.7890800946414241,0.0018817160038805782,0.9981182839961195,0.00991716336403414,0.9954633298302065,-0.07762660181891157,0.8606122602358385,-1.4925030793981184,5.8609757603566095,True
bag8,joint_freq_combined,Marketing_Campaign,85,0.43970469501073195,0.0,0.0,0.0260782398857177,0.9705436382142211,0.1320701698239795,0.7473392201974844,36,31,18,0.6666666666666666,0.525255035167298,0.7890800946414241,0.00281013473042923,0.9971898652695708,0.00991716336403414,0.9954633298302065,-0.07762660181891157,0.8606122602358385,-1.4925030793981184,8.753469086311608,True
bag8,joint_freq_combined,QSAR-TID-11,85,0.4611234788832712,0.0,0.0,0.043481540680381,0.9705436382142211,0.15198523038827771,0.7702617273782647,37,30,18,0.6727272727272727,0.5329289517645851,0.7931918831325925,0.0019619939662776464,0.9980380060337224,0.007226916766913864,0.9967720984450217,-0.07762660181891157,1.2930163674195598,-1.4925030793981184,8.753469086311608,True
bag8,joint_freq_combined,QSAR_fish_toxicity,85,0.4611234788832712,0.0,0.0,0.043481540680381,0.9705436382142211,0.15198523038827771,0.7702617273782647,37,30,18,0.6727272727272727,0.5329289517645851,0.7931918831325925,0.0019619939662776464,0.9980380060337224,0.007226916766913864,0.9967720984450217,-0.07762660181891157,1.2930163674195598,-1.4925030793981184,8.753469086311608,True
bag8,joint_freq_combined,airfoil_self_noise,85,0.4587499273136623,0.0,0.0,0.0260782398857177,0.9705436382142211,0.1494819183079693,0.7680179363193553,36,31,18,0.6666666666666666,0.525255035167298,0.7890800946414241,0.0020593442451794846,0.9979406557548205,0.00991716336403414,0.9954633298302065,-0.07762660181891157,1.2930163674195598,-1.4925030793981184,8.753469086311608,True
bag8,joint_freq_combined,bank-marketing,85,0.46164644060546073,0.0,0.0,0.043481540680381,0.9705436382142211,0.1525467097836487,0.7707461714272728,37,31,17,0.6851851851851852,0.5444760051271569,0.8047605889968084,0.0019405696610473736,0.9980594303389526,0.004536670169793587,0.998080867059837,-0.07762660181891157,1.2930163674195598,-1.4925030793981184,8.753469086311608,True
bag8,joint_freq_combined,bike_sharing,85,0.4605181283449327,0.0,0.0,0.0260782398857177,0.9705436382142211,0.15133977209739713,0.7696964845924683,36,31,18,0.6666666666666666,0.525255035167298,0.7890800946414241,0.0019868093797887425,0.9980131906202113,0.00991716336403414,0.9954633298302065,-0.07762660181891157,1.2930163674195598,-1.4925030793981184,8.753469086311608,True
bag8,joint_freq_combined,blood-transfusion-service-center,85,0.4611234788832712,0.0,0.0,0.043481540680381,0.9705436382142211,0.15198523038827771,0.7702617273782647,37,30,18,0.6727272727272727,0.5329289517645851,0.7931918831325925,0.0019619939662776464,0.9980380060337224,0.007226916766913864,0.9967720984450217,-0.07762660181891157,1.2930163674195598,-1.4925030793981184,8.753469086311608,True
bag8,joint_freq_combined,brfss_diabetes,85,0.46048125409975876,0.0,0.0,0.0260782398857177,0.9705436382142211,0.1513006099569375,0.76966189824258,36,31,18,0.6666666666666666,0.525255035167298,0.7890800946414241,0.0019883214260423866,0.9980116785739577,0.00991716336403414,0.9954633298302065,-0.07762660181891157,1.2930163674195598,-1.4925030793981184,8.753469086311608,True
bag8,joint_freq_combined,churn,85,0.4556250673383537,0.0,0.0,0.0260782398857177,0.9705436382142211,0.14629873157499906,0.7649514031017083,36,31,18,0.6666666666666666,0.525255035167298,0.7890800946414241,0.002187380973581749,0.9978126190264183,0.00991716336403414,0.9954633298302065,-0.07762660181891157,1.2930163674195598,-1.4925030793981184,8.753469086311608,True
bag8,joint_freq_combined,coil2000_insurance_policies,85,0.4622923012696719,0.0,0.0,0.043481540680381,0.9705436382142211,0.15324509139978504,0.7713395111395588,37,31,17,0.6851851851851852,0.5444760051271569,0.8047605889968084,0.0019141332053822177,0.9980858667946177,0.004536670169793587,0.998080867059837,-0.04766842464102154,1.2930163674195598,-1.4925030793981184,8.753469086311608,True
bag8,joint_freq_combined,concrete_compressive_strength,85,0.4611234788832712,0.0,0.0,0.043481540680381,0.9705436382142211,0.15198523038827771,0.7702617273782647,37,30,18,0.6727272727272727,0.5329289517645851,0.7931918831325925,0.0019619939662776464,0.9980380060337224,0.007226916766913864,0.9967720984450217,-0.07762660181891157,1.2930163674195598,-1.4925030793981184,8.753469086311608,True
bag8,joint_freq_combined,credit-g,85,0.43890632658571704,0.0,0.0,0.0260782398857177,0.9705436382142211,0.1314447570225683,0.7463678961488658,36,31,18,0.6666666666666666,0.525255035167298,0.7890800946414241,0.0028388925226113084,0.9971611074773887,0.00991716336403414,0.9954633298302065,-0.07762660181891157,0.8606122602358385,-1.4925030793981184,8.753469086311608,True
bag8,joint_freq_combined,credit_card_clients_default,85,0.45745299685040514,0.0,0.0,0.0260782398857177,0.9705436382142211,0.14814526261580258,0.7667607310850078,36,31,18,0.6666666666666666,0.525255035167298,0.7890800946414241,0.0021125366919313195,0.9978874633080687,0.00991716336403414,0.9954633298302065,-0.07762660181891157,1.2930163674195598,-1.4925030793981184,8.753469086311608,True
bag8,joint_freq_combined,diabetes,85,0.4611234788832712,0.0,0.0,0.043481540680381,0.9705436382142211,0.15198523038827771,0.7702617273782647,37,30,18,0.6727272727272727,0.5329289517645851,0.7931918831325925,0.0019619939662776464,0.9980380060337224,0.007226916766913864,0.9967720984450217,-0.07762660181891157,1.2930163674195598,-1.4925030793981184,8.753469086311608,True
bag8,joint_freq_combined,diabetes_hospital,85,0.462349147362584,0.0,0.0,0.043481540680381,0.9705436382142211,0.15330682227040016,0.7713914724547678,37,31,17,0.6851851851851852,0.5444760051271569,0.8047605889968084,0.0019118077606257572,0.9980881922393743,0.004536670169793587,0.998080867059837,-0.04766842464102154,1.2930163674195598,-1.4925030793981184,8.753469086311608,True
bag8,joint_freq_combined,diamonds,85,0.45466643696339026,0.0,0.0,0.0260782398857177,0.9705436382142211,0.14534782828809145,0.7639850456386891,36,31,18,0.6666666666666666,0.525255035167298,0.7890800946414241,0.0022265281617961583,0.9977734718382039,0.00991716336403414,0.9954633298302065,-0.07762660181891157,1.2930163674195598,-1.4925030793981184,8.753469086311608,True
bag8,joint_freq_combined,folktables_coverage,85,0.4610469689237328,0.0,0.0,0.043481540680381,0.9705436382142211,0.15190338598787706,0.7701905518595886,36,31,18,0.6666666666666666,0.525255035167298,0.7890800946414241,0.0019651295281171905,0.9980348704718828,0.00991716336403414,0.9954633298302065,-0.07762660181891157,1.2930163674195598,-1.4925030793981184,8.753469086311608,True
bag8,joint_freq_combined,folktables_coverage_covid,85,0.4601607657533592,0.0,0.0,0.0260782398857177,0.9705436382142211,0.15096098718169942,0.7693605443250189,36,31,18,0.6666666666666666,0.525255035167298,0.7890800946414241,0.002001464921089034,0.9979985350789109,0.00991716336403414,0.9954633298302065,-0.07762660181891157,1.2930163674195598,-1.4925030793981184,8.753469086311608,True
bag8,joint_freq_combined,folktables_employment,85,0.4613191643087268,0.0,0.0,0.043481540680381,0.9705436382142211,0.15219490866042396,0.7704434199570297,37,31,17,0.6851851851851852,0.5444760051271569,0.8047605889968084,0.0019539755865341387,0.9980460244134658,0.004536670169793587,0.998080867059837,-0.07762660181891157,1.2930163674195598,-1.4925030793981184,8.753469086311608,True
bag8,joint_freq_combined,folktables_income,85,0.4625212242076386,0.0,0.0,0.043481540680381,0.9705436382142211,0.15349394417749052,0.7715485042377866,37,31,17,0.6851851851851852,0.5444760051271569,0.8047605889968084,0.0019047699859548828,0.9980952300140451,0.004536670169793587,0.998080867059837,-0.04766842464102154,1.2930163674195598,-1.4925030793981184,8.753469086311608,True
bag8,joint_freq_combined,folktables_mobility,85,0.46089655044566047,0.0,0.0,0.043481540680381,0.9705436382142211,0.15174270378797294,0.770050397103348,36,31,18,0.6666666666666666,0.525255035167298,0.7890800946414241,0.001971294802346796,0.9980287051976532,0.00991716336403414,0.9954633298302065,-0.07762660181891157,1.2930163674195598,-1.4925030793981184,8.753469086311608,True
bag8,joint_freq_combined,folktables_travel_time,85,0.4608166760610863,0.0,0.0,0.043481540680381,0.9705436382142211,0.15165749980382215,0.7699758523183504,36,31,18,0.6666666666666666,0.525255035167298,0.7890800946414241,0.0019745690418260632,0.998025430958174,0.00991716336403414,0.9954633298302065,-0.07762660181891157,1.2930163674195598,-1.4925030793981184,8.753469086311608,True
bag8,joint_freq_combined,folktables_travel_time_covid,85,0.45878553112532383,0.0,0.0,0.0260782398857177,0.9705436382142211,0.14951892329200556,0.7680521389586421,36,31,18,0.6666666666666666,0.525255035167298,0.7890800946414241,0.002057883540095206,0.9979421164599048,0.00991716336403414,0.9954633298302065,-0.07762660181891157,1.2930163674195598,-1.4925030793981184,8.753469086311608,True
bag8,joint_freq_combined,gas_sensor_drift,85,0.4611234788832712,0.0,0.0,0.043481540680381,0.9705436382142211,0.15198523038827771,0.7702617273782647,37,30,18,0.6727272727272727,0.5329289517645851,0.7931918831325925,0.0019619939662776464,0.9980380060337224,0.007226916766913864,0.9967720984450217,-0.07762660181891157,1.2930163674195598,-1.4925030793981184,8.753469086311608,True
bag8,joint_freq_combined,hazelnut-spread-contaminant-detection,85,0.4611234788832712,0.0,0.0,0.043481540680381,0.9705436382142211,0.15198523038827771,0.7702617273782647,37,30,18,0.6727272727272727,0.5329289517645851,0.7931918831325925,0.0019619939662776464,0.9980380060337224,0.007226916766913864,0.9967720984450217,-0.07762660181891157,1.2930163674195598,-1.4925030793981184,8.753469086311608,True
bag8,joint_freq_combined,healthcare_insurance_expenses,85,0.4571919723779849,0.0,0.0,0.0260782398857177,0.9705436382142211,0.14787890501681056,0.7665050397391593,36,31,18,0.6666666666666666,0.525255035167298,0.7890800946414241,0.0021232359476640954,0.9978767640523359,0.00991716336403414,0.9954633298302065,-0.07762660181891157,1.2930163674195598,-1.4925030793981184,8.753469086311608,True
bag8,joint_freq_combined,heloc,85,0.4611234788832712,0.0,0.0,0.043481540680381,0.9705436382142211,0.15198523038827771,0.7702617273782647,37,30,18,0.6727272727272727,0.5329289517645851,0.7931918831325925,0.0019619939662776464,0.9980380060337224,0.007226916766913864,0.9967720984450217,-0.07762660181891157,1.2930163674195598,-1.4925030793981184,8.753469086311608,True
bag8,joint_freq_combined,hiva_agnostic,85,0.45368617481484835,0.0,0.0,0.0260782398857177,0.9705436382142211,0.14438790715046895,0.7629844424792278,36,31,18,0.6666666666666666,0.525255035167298,0.7890800946414241,0.002266455207449687,0.9977335447925503,0.00991716336403414,0.9954633298302065,-0.07762660181891157,1.2930163674195598,-1.4925030793981184,8.753469086311608,True
bag8,joint_freq_combined,houses,85,0.4611234788832712,0.0,0.0,0.043481540680381,0.9705436382142211,0.15198523038827771,0.7702617273782647,37,30,18,0.6727272727272727,0.5329289517645851,0.7931918831325925,0.0019619939662776464,0.9980380060337224,0.007226916766913864,0.9967720984450217,-0.07762660181891157,1.2930163674195598,-1.4925030793981184,8.753469086311608,True
bag8,joint_freq_combined,in_vehicle_coupon_recommendation,85,0.426824166735417,0.0,0.0,0.0260782398857177,0.9705436382142211,0.12302725841913986,0.7306210750516942,36,31,18,0.6666666666666666,0.525255035167298,0.7890800946414241,0.0032244710729571425,0.9967755289270428,0.00991716336403414,0.9954633298302065,-0.07762660181891157,0.8606122602358385,-1.4925030793981184,8.753469086311608,True
bag8,joint_freq_combined,jm1,85,0.4611234788832712,0.0,0.0,0.043481540680381,0.9705436382142211,0.15198523038827771,0.7702617273782647,37,30,18,0.6727272727272727,0.5329289517645851,0.7931918831325925,0.0019619939662776464,0.9980380060337224,0.007226916766913864,0.9967720984450217,-0.07762660181891157,1.2930163674195598,-1.4925030793981184,8.753469086311608,True
bag8,joint_freq_combined,kddcup09_appetency,85,0.41300860496539166,0.0,0.0,0.0260782398857177,0.9705436382142211,0.11588484178941355,0.7101323681413698,36,31,18,0.6666666666666666,0.525255035167298,0.7890800946414241,0.003505795006620878,0.9964942049933792,0.00991716336403414,0.9954633298302065,-0.07762660181891157,0.8606122602358385,-1.4925030793981184,8.753469086311608,True
bag8,joint_freq_combined,lending_club,85,0.45883868592224614,0.0,0.0,0.0260782398857177,0.9705436382142211,0.14957420086684148,0.7681031709776508,36,31,18,0.6666666666666666,0.525255035167298,0.7890800946414241,0.0020557027586261285,0.9979442972413739,0.00991716336403414,0.9954633298302065,-0.07762660181891157,1.2930163674195598,-1.4925030793981184,8.753469086311608,True
bag8,joint_freq_combined,maternal_health_risk,85,0.4611234788832712,0.0,0.0,0.043481540680381,0.9705436382142211,0.15198523038827771,0.7702617273782647,37,30,18,0.6727272727272727,0.5329289517645851,0.7931918831325925,0.0019619939662776464,0.9980380060337224,0.007226916766913864,0.9967720984450217,-0.07762660181891157,1.2930163674195598,-1.4925030793981184,8.753469086311608,True
bag8,joint_freq_combined,miami_housing,85,0.46112347891364847,0.0,0.0,0.043481540680381,0.9705436382142211,0.15198523042078815,0.7702617274065088,37,31,17,0.6851851851851852,0.5444760051271569,0.8047605889968084,0.001961993965032773,0.9980380060349673,0.004536670169793587,0.998080867059837,-0.07762660181891157,1.2930163674195598,-1.4925030793981184,8.753469086311608,True
bag8,joint_freq_combined,online_shoppers_intention,85,0.4501308691232078,0.0,0.0,0.0260782398857177,0.9705436382142211,0.14101197111936403,0.7592497671270516,36,31,18,0.6666666666666666,0.525255035167298,0.7890800946414241,0.0024100137979403157,0.9975899862020597,0.00991716336403414,0.9954633298302065,-0.07762660181891157,1.219256798050008,-1.4925030793981184,8.753469086311608,True
bag8,joint_freq_combined,physiochemical_protein,85,0.4611234788832712,0.0,0.0,0.043481540680381,0.9705436382142211,0.15198523038827771,0.7702617273782647,37,30,18,0.6727272727272727,0.5329289517645851,0.7931918831325925,0.0019619939662776464,0.9980380060337224,0.007226916766913864,0.9967720984450217,-0.07762660181891157,1.2930163674195598,-1.4925030793981184,8.753469086311608,True
bag8,joint_freq_combined,polish_companies_bankruptcy,85,0.4611234788832712,0.0,0.0,0.043481540680381,0.9705436382142211,0.15198523038827771,0.7702617273782647,37,30,18,0.6727272727272727,0.5329289517645851,0.7931918831325925,0.0019619939662776464,0.9980380060337224,0.007226916766913864,0.9967720984450217,-0.07762660181891157,1.2930163674195598,-1.4925030793981184,8.753469086311608,True
bag8,joint_freq_combined,qsar-biodeg,85,0.45986764693111004,0.0,0.0,0.0260782398857177,0.9705436382142211,0.1506515465328102,0.7690837473294099,36,31,18,0.6666666666666666,0.525255035167298,0.7890800946414241,0.0020134882062239007,0.9979865117937761,0.00991716336403414,0.9954633298302065,-0.07762660181891157,1.2930163674195598,-1.4925030793981184,8.753469086311608,True
bag8,joint_freq_combined,seismic-bumps,85,0.4611234788832712,0.0,0.0,0.043481540680381,0.9705436382142211,0.15198523038827771,0.7702617273782647,37,30,18,0.6727272727272727,0.5329289517645851,0.7931918831325925,0.0019619939662776464,0.9980380060337224,0.007226916766913864,0.9967720984450217,-0.07762660181891157,1.2930163674195598,-1.4925030793981184,8.753469086311608,True
bag8,joint_freq_combined,shifts_weather,85,0.4611234788832712,0.0,0.0,0.043481540680381,0.9705436382142211,0.15198523038827771,0.7702617273782647,37,30,18,0.6727272727272727,0.5329289517645851,0.7931918831325925,0.0019619939662776464,0.9980380060337224,0.007226916766913864,0.9967720984450217,-0.07762660181891157,1.2930163674195598,-1.4925030793981184,8.753469086311608,True
bag8,joint_freq_combined,students_dropout_and_academic_success,85,0.45313354222370233,0.0,0.0,0.0260782398857177,0.9705436382142211,0.14385228731708632,0.7624147971303183,36,31,18,0.6666666666666666,0.525255035167298,0.7890800946414241,0.0022889094935019034,0.9977110905064981,0.00991716336403414,0.9954633298302065,-0.07762660181891157,1.2930163674195598,-1.4925030793981184,8.753469086311608,True
bag8,joint_freq_combined,superconductivity,85,0.4611234788832712,0.0,0.0,0.043481540680381,0.9705436382142211,0.15198523038827771,0.7702617273782647,37,30,18,0.6727272727272727,0.5329289517645851,0.7931918831325925,0.0019619939662776464,0.9980380060337224,0.007226916766913864,0.9967720984450217,-0.07762660181891157,1.2930163674195598,-1.4925030793981184,8.753469086311608,True
bag8,joint_freq_combined,synthetic_label_shift,85,0.46157443584517327,0.0,0.0,0.043481540680381,0.9705436382142211,0.15246918871913295,0.7706796829712136,37,31,17,0.6851851851851852,0.5444760051271569,0.8047605889968084,0.0019435186119135224,0.9980564813880864,0.004536670169793587,0.998080867059837,-0.07762660181891157,1.2930163674195598,-1.4925030793981184,8.753469086311608,True
bag8,joint_freq_combined,synthetic_large_test,85,0.46002150170191713,0.0,0.0,0.0260782398857177,0.9705436382142211,0.15081382806176974,0.7692291753420646,36,31,18,0.6666666666666666,0.525255035167298,0.7890800946414241,0.0020071770911908476,0.9979928229088091,0.00991716336403414,0.9954633298302065,-0.07762660181891157,1.2930163674195598,-1.4925030793981184,8.753469086311608,True
bag8,joint_freq_combined,synthetic_partial_shift,85,0.46123444894264864,0.0,0.0,0.043481540680381,0.9705436382142211,0.15210407392607606,0.7703648239592212,37,31,17,0.6851851851851852,0.5444760051271569,0.8047605889968084,0.0019574466395118483,0.9980425533604881,0.004536670169793587,0.998080867059837,-0.07762660181891157,1.2930163674195598,-1.4925030793981184,8.753469086311608,True
bag8,joint_freq_combined,synthetic_shift_0.0,85,0.45964973441555224,0.0,0.0,0.0260782398857177,0.9705436382142211,0.15042222950493567,0.7688772393261688,36,31,18,0.6666666666666666,0.525255035167298,0.7890800946414241,0.0020224276664068154,0.9979775723335932,0.00991716336403414,0.9954633298302065,-0.07762660181891157,1.2930163674195598,-1.4925030793981184,8.753469086311608,True
bag8,joint_freq_combined,synthetic_shift_0.5,85,0.46036586316898964,0.0,0.0,0.0260782398857177,0.9705436382142211,0.15117817463997196,0.7695535516980073,36,31,18,0.6666666666666666,0.525255035167298,0.7890800946414241,0.0019930533641633265,0.9980069466358367,0.00991716336403414,0.9954633298302065,-0.07762660181891157,1.2930163674195598,-1.4925030793981184,8.753469086311608,True
bag8,joint_freq_combined,synthetic_shift_1.0,85,0.46230225327217717,0.0,0.0,0.043481540680381,0.9705436382142211,0.15325589551406976,0.7713486110302845,37,31,17,0.6851851851851852,0.5444760051271569,0.8047605889968084,0.0019137260741569516,0.998086273925843,0.004536670169793587,0.998080867059837,-0.04766842464102154,1.2930163674195598,-1.4925030793981184,8.753469086311608,True
bag8,joint_freq_combined,synthetic_shift_3.0,85,0.4617095127281061,0.0,0.0,0.043481540680381,0.9705436382142211,0.15261466975713944,0.7708043556990728,37,31,17,0.6851851851851852,0.5444760051271569,0.8047605889968084,0.001937986797567087,0.9980620132024329,0.004536670169793587,0.998080867059837,-0.07548214964897,1.2930163674195598,-1.4925030793981184,8.753469086311608,True
bag8,joint_freq_combined,synthetic_shift_5.0,85,0.46061193134585504,0.0,0.0,0.0260782398857177,0.9705436382142211,0.15143947552603987,0.7697843871656702,36,31,18,0.6666666666666666,0.525255035167298,0.7890800946414241,0.0019829631475139454,0.998017036852486,0.00991716336403414,0.9954633298302065,-0.07762660181891157,1.2930163674195598,-1.4925030793981184,8.753469086311608,True
bag8,joint_freq_combined,synthetic_small_test,85,0.4622548798851247,0.0,0.0,0.043481540680381,0.9705436382142211,0.1532044775492994,0.7713052822209501,37,31,17,0.6851851851851852,0.5444760051271569,0.8047605889968084,0.0019156641600295617,0.9980843358399705,0.004536670169793587,0.998080867059837,-0.04766842464102154,1.2930163674195598,-1.4925030793981184,8.753469086311608,True
bag8,joint_freq_combined,tabred_cooking_time,85,0.4615956187951734,0.0,0.0,0.043481540680381,0.9705436382142211,0.15249198743994802,0.7706992501503989,37,31,17,0.6851851851851852,0.5444760051271569,0.8047605889968084,0.0019426510340617759,0.9980573489659382,0.004536670169793587,0.998080867059837,-0.07762660181891157,1.2930163674195598,-1.4925030793981184,8.753469086311608,True
bag8,joint_freq_combined,tabred_delivery_eta,85,0.4611234788832712,0.0,0.0,0.043481540680381,0.9705436382142211,0.15198523038827771,0.7702617273782647,37,30,18,0.6727272727272727,0.5329289517645851,0.7931918831325925,0.0019619939662776464,0.9980380060337224,0.007226916766913864,0.9967720984450217,-0.07762660181891157,1.2930163674195598,-1.4925030793981184,8.753469086311608,True
bag8,joint_freq_combined,tabred_delivery_eta__gap_far,85,0.4611234788832712,0.0,0.0,0.043481540680381,0.9705436382142211,0.15198523038827771,0.7702617273782647,37,30,18,0.6727272727272727,0.5329289517645851,0.7931918831325925,0.0019619939662776464,0.9980380060337224,0.007226916766913864,0.9967720984450217,-0.07762660181891157,1.2930163674195598,-1.4925030793981184,8.753469086311608,True
bag8,joint_freq_combined,tabred_delivery_eta__gap_maxdiff,85,0.4611234788832712,0.0,0.0,0.043481540680381,0.9705436382142211,0.15198523038827771,0.7702617273782647,37,30,18,0.6727272727272727,0.5329289517645851,0.7931918831325925,0.0019619939662776464,0.9980380060337224,0.007226916766913864,0.9967720984450217,-0.07762660181891157,1.2930163674195598,-1.4925030793981184,8.753469086311608,True
bag8,joint_freq_combined,tabred_delivery_eta__gap_near,85,0.4611234788832712,0.0,0.0,0.043481540680381,0.9705436382142211,0.15198523038827771,0.7702617273782647,37,30,18,0.6727272727272727,0.5329289517645851,0.7931918831325925,0.0019619939662776464,0.9980380060337224,0.007226916766913864,0.9967720984450217,-0.07762660181891157,1.2930163674195598,-1.4925030793981184,8.753469086311608,True
bag8,joint_freq_combined,tabred_ecom_offers,85,0.4611234788832712,0.0,0.0,0.043481540680381,0.9705436382142211,0.15198523038827771,0.7702617273782647,37,30,18,0.6727272727272727,0.5329289517645851,0.7931918831325925,0.0019619939662776464,0.9980380060337224,0.007226916766913864,0.9967720984450217,-0.07762660181891157,1.2930163674195598,-1.4925030793981184,8.753469086311608,True
bag8,joint_freq_combined,tabred_homesite,85,0.4430986232837144,0.0,0.0,0.0260782398857177,0.9705436382142211,0.13482335227043213,0.7513738942969967,36,31,18,0.6666666666666666,0.525255035167298,0.7890800946414241,0.0026844372582486018,0.9973155627417514,0.00991716336403414,0.9954633298302065,-0.07762660181891157,0.8606122602358385,-1.4925030793981184,8.753469086311608,True
bag8,joint_freq_combined,tabred_homesite__gap_far,85,0.39614514880519175,0.0,0.0,0.0260782398857177,0.9705436382142211,0.1110255086033281,0.6812647890070553,36,31,18,0.6666666666666666,0.525255035167298,0.7890800946414241,0.0035179851341649655,0.9964820148658351,0.00991716336403414,0.9954633298302065,-0.07762660181891157,0.8606122602358385,-1.4925030793981184,8.753469086311608,True
bag8,joint_freq_combined,tabred_homesite__gap_near,85,0.45335508665929625,0.0,0.0,0.0260782398857177,0.9705436382142211,0.1440665313122313,0.7626436420063611,36,31,18,0.6666666666666666,0.525255035167298,0.7890800946414241,0.002279912979540451,0.9977200870204596,0.00991716336403414,0.9954633298302065,-0.07762660181891157,1.2930163674195598,-1.4925030793981184,8.753469086311608,True
bag8,joint_freq_combined,tabred_sberbank,85,0.47868233864089615,0.0,0.0,0.043481540680381,0.9705436382142211,0.17281338918076966,0.7845512881010226,37,31,17,0.6851851851851852,0.5444760051271569,0.8047605889968084,0.0012691669293832153,0.9987308330706167,0.004536670169793587,0.998080867059837,-0.04766842464102154,1.2930163674195598,-0.9580640130864286,8.753469086311608,True
bag8,joint_freq_combined,tabred_sberbank__gap_far,85,0.4643064590624801,0.0,0.0,0.043481540680381,0.9705436382142211,0.15545821180701547,0.7731547063179447,37,31,17,0.6851851851851852,0.5444760051271569,0.8047605889968084,0.0018319150570834002,0.9981680849429165,0.004536670169793587,0.998080867059837,-0.04766842464102154,1.2930163674195598,-1.4925030793981184,8.753469086311608,True
bag8,joint_freq_combined,tabred_sberbank__gap_near,85,0.45999912788964703,0.0,0.0,0.0260782398857177,0.9705436382142211,0.15079020954304573,0.7692080462362483,36,31,18,0.6666666666666666,0.525255035167298,0.7890800946414241,0.0020080948344168665,0.9979919051655831,0.00991716336403414,0.9954633298302065,-0.07762660181891157,1.2930163674195598,-1.4925030793981184,8.753469086311608,True
bag8,joint_freq_combined,tabred_weather,85,0.4611234788832712,0.0,0.0,0.043481540680381,0.9705436382142211,0.15198523038827771,0.7702617273782647,37,30,18,0.6727272727272727,0.5329289517645851,0.7931918831325925,0.0019619939662776464,0.9980380060337224,0.007226916766913864,0.9967720984450217,-0.07762660181891157,1.2930163674195598,-1.4925030793981184,8.753469086311608,True
bag8,joint_freq_combined,tabred_weather__gap_far,85,0.4611234788832712,0.0,0.0,0.043481540680381,0.9705436382142211,0.15198523038827771,0.7702617273782647,37,30,18,0.6727272727272727,0.5329289517645851,0.7931918831325925,0.0019619939662776464,0.9980380060337224,0.007226916766913864,0.9967720984450217,-0.07762660181891157,1.2930163674195598,-1.4925030793981184,8.753469086311608,True
bag8,joint_freq_combined,tabred_weather__gap_maxdiff,85,0.4611234788832712,0.0,0.0,0.043481540680381,0.9705436382142211,0.15198523038827771,0.7702617273782647,37,30,18,0.6727272727272727,0.5329289517645851,0.7931918831325925,0.0019619939662776464,0.9980380060337224,0.007226916766913864,0.9967720984450217,-0.07762660181891157,1.2930163674195598,-1.4925030793981184,8.753469086311608,True
bag8,joint_freq_combined,tabred_weather__gap_near,85,0.4611234788832712,0.0,0.0,0.043481540680381,0.9705436382142211,0.15198523038827771,0.7702617273782647,37,30,18,0.6727272727272727,0.5329289517645851,0.7931918831325925,0.0019619939662776464,0.9980380060337224,0.007226916766913864,0.9967720984450217,-0.07762660181891157,1.2930163674195598,-1.4925030793981184,8.753469086311608,True
bag8,joint_freq_combined,taiwanese_bankruptcy_prediction,85,0.4611234788832712,0.0,0.0,0.043481540680381,0.9705436382142211,0.15198523038827771,0.7702617273782647,37,30,18,0.6727272727272727,0.5329289517645851,0.7931918831325925,0.0019619939662776464,0.9980380060337224,0.007226916766913864,0.9967720984450217,-0.07762660181891157,1.2930163674195598,-1.4925030793981184,8.753469086311608,True
bag8,joint_freq_combined,tschalzev_mbgm,85,0.4582081100897961,0.0,0.0,0.0260782398857177,0.9705436382142211,0.14892082660658196,0.7674953935730102,36,31,18,0.6666666666666666,0.525255035167298,0.7890800946414241,0.0020815711919627083,0.9979184288080373,0.00991716336403414,0.9954633298302065,-0.07762660181891157,1.2930163674195598,-1.4925030793981184,8.753469086311608,True
bag8,joint_freq_combined,tschalzev_ogpcc,85,0.4611244951080073,0.0,0.0,0.043481540680381,0.9705436382142211,0.15198631798294288,0.7702626722330717,37,31,17,0.6851851851851852,0.5444760051271569,0.8047605889968084,0.001961952320780421,0.9980380476792196,0.004536670169793587,0.998080867059837,-0.07762660181891157,1.2930163674195598,-1.4925030793981184,8.753469086311608,True
bag8,joint_freq_combined,tschalzev_sctp,85,0.4611234788832712,0.0,0.0,0.043481540680381,0.9705436382142211,0.15198523038827771,0.7702617273782647,37,30,18,0.6727272727272727,0.5329289517645851,0.7931918831325925,0.0019619939662776464,0.9980380060337224,0.007226916766913864,0.9967720984450217,-0.07762660181891157,1.2930163674195598,-1.4925030793981184,8.753469086311608,True
bag8,joint_freq_combined,website_phishing,85,0.4723948202136998,0.0,0.0,0.043481540680381,0.9705436382142211,0.16488430328673037,0.7799053371406692,37,31,17,0.6851851851851852,0.5444760051271569,0.8047605889968084,0.001508373267799616,0.9984916267322004,0.004536670169793587,0.998080867059837,-0.04766842464102154,1.2930163674195598,-1.4925030793981184,8.753469086311608,True
bag8,joint_freq_combined,wine_quality,85,0.4611234788832712,0.0,0.0,0.043481540680381,0.9705436382142211,0.15198523038827771,0.7702617273782647,37,30,18,0.6727272727272727,0.5329289517645851,0.7931918831325925,0.0019619939662776464,0.9980380060337224,0.007226916766913864,0.9967720984450217,-0.07762660181891157,1.2930163674195598,-1.4925030793981184,8.753469086311608,True
bag8,joint_freq_combined__sel_combined_intersection,Amazon_employee_access,85,0.21017267437146692,0.0,-0.0003162236035135,0.0008353530793474,0.9705436382142211,0.02690175519889601,0.3934435935440378,41,9,35,0.5394736842105263,0.42125482503267075,0.6545224698415699,0.012554959652626763,0.9874450403473732,0.2832867211993425,0.7889044475038421,-0.22224500186046606,0.9093346357803668,-1.2559324258492155,4.861829748119429,True
bag8,joint_freq_combined__sel_combined_intersection,Another-Dataset-on-used-Fiat-500,85,0.27445172156269,0.0,-3.169109347156883e-05,0.0010286982291316,0.9705436382142211,0.054074698129884885,0.4948287449954951,42,9,34,0.5526315789473685,0.4341488221158362,0.6668868921790785,0.007635835800757562,0.9923641641992424,0.21109555249615783,0.8490637547564961,-0.22224500186046606,1.033405146441015,-1.2559324258492155,5.448907674921139,True
bag8,joint_freq_combined__sel_combined_intersection,Bank_Customer_Churn,85,0.2742774705470098,0.0,-0.0003162236035135,0.0010286982291316,0.9705436382142211,0.053889958608074995,0.4946649824859446,42,8,35,0.5454545454545454,0.4279049290065848,0.6594015897233974,0.007669536516797647,0.9923304634832024,0.24719113684775001,0.8189841011301693,-0.22224500186046606,1.033405146441015,-1.2559324258492155,5.448907674921139,True
bag8,joint_freq_combined__sel_combined_intersection,Bioresponse,85,0.2742774705470098,0.0,-0.0003162236035135,0.0010286982291316,0.9705436382142211,0.053889958608074995,0.4946649824859446,42,8,35,0.5454545454545454,0.4279049290065848,0.6594015897233974,0.007669536516797647,0.9923304634832024,0.24719113684775001,0.8189841011301693,-0.22224500186046606,1.033405146441015,-1.2559324258492155,5.448907674921139,True
bag8,joint_freq_combined__sel_combined_intersection,Diabetes130US,85,0.2684716053145761,0.0,-0.0003162236035135,0.0008353530793474,0.9705436382142211,0.04805355467118877,0.4888896559579634,41,9,35,0.5394736842105263,0.42125482503267075,0.6545224698415699,0.008789994244925154,0.9912100057550748,0.2832867211993425,0.7889044475038421,-0.22224500186046606,1.033405146441015,-1.2559324258492155,5.448907674921139,True
bag8,joint_freq_combined__sel_combined_intersection,E-CommereShippingData,85,0.27645248201459804,0.0,-3.169109347156883e-05,0.0010286982291316,0.9705436382142211,0.05623592360556004,0.496669040423636,42,9,34,0.5526315789473685,0.4341488221158362,0.6668868921790785,0.007249442545347765,0.9927505574546522,0.21109555249615783,0.8490637547564961,-0.20820399104224124,1.033405146441015,-1.2559324258492155,5.448907674921139,True
bag8,joint_freq_combined__sel_combined_intersection,Fitness_Club,85,0.2749538997311663,0.0,-3.169109347156883e-05,0.0010286982291316,0.9705436382142211,0.054610226959226627,0.49529757250310597,42,9,34,0.5526315789473685,0.4341488221158362,0.6668868921790785,0.0075387442417427,0.9924612557582573,0.21109555249615783,0.8490637547564961,-0.22224500186046606,1.033405146441015,-1.2559324258492155,5.448907674921139,True
bag8,joint_freq_combined__sel_combined_intersection,Food_Delivery_Time,85,0.2742750331858521,0.0,-0.0003162236035135,0.0010286982291316,0.9705436382142211,0.053887378496718596,0.49466268787498563,41,9,35,0.5394736842105263,0.42125482503267075,0.6545224698415699,0.00767000794297525,0.9923299920570248,0.2832867211993425,0.7889044475038421,-0.22224500186046606,1.033405146441015,-1.2559324258492155,5.448907674921139,True
bag8,joint_freq_combined__sel_combined_intersection,GiveMeSomeCredit,85,0.2742777693250338,0.0,-0.0003162236035135,0.0010286982291316,0.9705436382142211,0.05389027489230236,0.4946652637577652,42,9,34,0.5526315789473685,0.4341488221158362,0.6668868921790785,0.007669478728217895,0.9923305212717821,0.21109555249615783,0.8490637547564961,-0.22224500186046606,1.033405146441015,-1.2559324258492155,5.448907674921139,True
bag8,joint_freq_combined__sel_combined_intersection,HR_Analytics_Job_Change_of_Data_Scientists,85,0.27296242397348874,0.0,-0.0003162236035135,0.0008353530793474,0.9705436382142211,0.05251375690190199,0.4934110910450755,41,9,35,0.5394736842105263,0.42125482503267075,0.6545224698415699,0.007923955463605902,0.9920760445363941,0.2832867211993425,0.7889044475038421,-0.22224500186046606,1.033405146441015,-1.2559324258492155,5.448907674921139,True
bag8,joint_freq_combined__sel_combined_intersection,Is-this-a-good-customer,85,0.25861283204338803,0.0,-0.0003162236035135,0.0008353530793474,0.9705436382142211,0.03956554351909844,0.4776601205676776,41,9,35,0.5394736842105263,0.42125482503267075,0.6545224698415699,0.0106178195411631,0.989382180458837,0.2832867211993425,0.7889044475038421,-0.22224500186046606,0.9093346357803668,-1.2559324258492155,5.448907674921139,True
bag8,joint_freq_combined__sel_combined_intersection,MIC,85,0.2170794735103106,0.0,-0.0003162236035135,0.0008353530793474,0.9705436382142211,0.025241155341012067,0.4089177916796091,41,9,35,0.5394736842105263,0.42125482503267075,0.6545224698415699,0.01352290735628854,0.9864770926437115,0.2832867211993425,0.7889044475038421,-0.22224500186046606,0.9093346357803668,-1.2559324258492155,5.448907674921139,True
bag8,joint_freq_combined__sel_combined_intersection,Marketing_Campaign,85,0.24217467577583876,0.0,-0.0003162236035135,0.0008353530793474,0.9705436382142211,0.029507949761040653,0.45484140179063687,41,9,35,0.5394736842105263,0.42125482503267075,0.6545224698415699,0.013058340672238693,0.9869416593277613,0.2832867211993425,0.7889044475038421,-0.22224500186046606,0.9093346357803668,-1.2559324258492155,5.448907674921139,True
bag8,joint_freq_combined__sel_combined_intersection,QSAR-TID-11,85,0.2744807942083563,0.0,-3.169109347156883e-05,0.0010286982291316,0.9705436382142211,0.05410557506275626,0.49485601335395635,42,9,34,0.5526315789473685,0.4341488221158362,0.6668868921790785,0.007630213532876783,0.9923697864671231,0.21109555249615783,0.8490637547564961,-0.22224500186046606,1.033405146441015,-1.2559324258492155,5.448907674921139,True
bag8,joint_freq_combined__sel_combined_intersection,QSAR_fish_toxicity,85,0.2742774705470098,0.0,-0.0003162236035135,0.0010286982291316,0.9705436382142211,0.053889958608074995,0.4946649824859446,42,8,35,0.5454545454545454,0.4279049290065848,0.6594015897233974,0.007669536516797647,0.9923304634832024,0.24719113684775001,0.8189841011301693,-0.22224500186046606,1.033405146441015,-1.2559324258492155,5.448907674921139,True
bag8,joint_freq_combined__sel_combined_intersection,airfoil_self_noise,85,0.27026000619360524,0.0,-0.0003162236035135,0.0008353530793474,0.9705436382142211,0.04978538215881825,0.49073463022839225,41,9,35,0.5394736842105263,0.42125482503267075,0.6545224698415699,0.008446118127178066,0.9915538818728219,0.2832867211993425,0.7889044475038421,-0.22224500186046606,1.033405146441015,-1.2559324258492155,5.448907674921139,True
bag8,joint_freq_combined__sel_combined_intersection,bank-marketing,85,0.27350704596890424,0.0,-0.0003162236035135,0.0008353530793474,0.9705436382142211,0.053079850554038466,0.49393424138377,41,9,35,0.5394736842105263,0.42125482503267075,0.6545224698415699,0.007818580407526681,0.9921814195924733,0.2832867211993425,0.7889044475038421,-0.22224500186046606,1.033405146441015,-1.2559324258492155,5.448907674921139,True
bag8,joint_freq_combined__sel_combined_intersection,bike_sharing,85,0.2742774705470098,0.0,-0.0003162236035135,0.0010286982291316,0.9705436382142211,0.053889958608074995,0.4946649824859446,42,8,35,0.5454545454545454,0.4279049290065848,0.6594015897233974,0.007669536516797647,0.9923304634832024,0.24719113684775001,0.8189841011301693,-0.22224500186046606,1.033405146441015,-1.2559324258492155,5.448907674921139,True
bag8,joint_freq_combined__sel_combined_intersection,blood-transfusion-service-center,85,0.27546606980012395,0.0,-3.169109347156883e-05,0.0010286982291316,0.9705436382142211,0.05516119023302174,0.49577094936722615,42,9,34,0.5526315789473685,0.4341488221158362,0.6668868921790785,0.007439783861346912,0.9925602161386531,0.21109555249615783,0.8490637547564961,-0.22224500186046606,1.033405146441015,-1.2559324258492155,5.448907674921139,True
bag8,joint_freq_combined__sel_combined_intersection,brfss_diabetes,85,0.2734593855350006,0.0,-0.0003162236035135,0.0008353530793474,0.9705436382142211,0.05303009350936477,0.4938886775606364,41,9,35,0.5394736842105263,0.42125482503267075,0.6545224698415699,0.007827801898301179,0.9921721981016989,0.2832867211993425,0.7889044475038421,-0.22224500186046606,1.033405146441015,-1.2559324258492155,5.448907674921139,True
bag8,joint_freq_combined__sel_combined_intersection,churn,85,0.28089766969475927,0.0,-3.169109347156883e-05,0.0010286982291316,0.9705436382142211,0.06130202921076114,0.5004933101787574,42,9,34,0.5526315789473685,0.4341488221158362,0.6668868921790785,0.006399195932614753,0.9936008040673853,0.21109555249615783,0.8490637547564961,-0.1708349639267778,1.033405146441015,-1.2559324258492155,5.448907674921139,True
bag8,joint_freq_combined__sel_combined_intersection,coil2000_insurance_policies,85,0.2639362146085324,0.0,-0.0003162236035135,0.0008353530793474,0.9705436382142211,0.04392543962749232,0.4839469895895725,41,9,35,0.5394736842105263,0.42125482503267075,0.6545224698415699,0.009649285095760003,0.99035071490424,0.2832867211993425,0.7889044475038421,-0.22224500186046606,1.033405146441015,-1.2559324258492155,5.448907674921139,True
bag8,joint_freq_combined__sel_combined_intersection,concrete_compressive_strength,85,0.27428445939280655,0.0,-3.169109347156883e-05,0.0010286982291316,0.9705436382142211,0.05389735737887577,0.4946715614067373,42,9,34,0.5526315789473685,0.4341488221158362,0.6668868921790785,0.00766818476251668,0.9923318152374833,0.21109555249615783,0.8490637547564961,-0.22224500186046606,1.033405146441015,-1.2559324258492155,5.448907674921139,True
bag8,joint_freq_combined__sel_combined_intersection,credit-g,85,0.2810754264033289,0.0,-3.169109347156883e-05,0.0010286982291316,0.9705436382142211,0.061512228504255057,0.5006386243024027,42,9,34,0.5526315789473685,0.4341488221158362,0.6668868921790785,0.006365558692215214,0.9936344413077848,0.21109555249615783,0.8490637547564961,-0.1708349639267778,1.033405146441015,-1.2559324258492155,5.448907674921139,True
bag8,joint_freq_combined__sel_combined_intersection,credit_card_clients_default,85,0.2742771543805317,0.0,-0.0003162236035135,0.0010286982291316,0.9705436382142211,0.05388962391834484,0.4946646848427185,41,9,35,0.5394736842105263,0.42125482503267075,0.6545224698415699,0.007669597668604066,0.9923304023313959,0.2832867211993425,0.7889044475038421,-0.22224500186046606,1.033405146441015,-1.2559324258492155,5.448907674921139,True
bag8,joint_freq_combined__sel_combined_intersection,diabetes,85,0.27521229766845196,0.0,-3.169109347156883e-05,0.0010286982291316,0.9705436382142211,0.05488759332878276,0.4955370020081211,42,9,34,0.5526315789473685,0.4341488221158362,0.6668868921790785,0.0074888079877621465,0.9925111920122379,0.21109555249615783,0.8490637547564961,-0.22224500186046606,1.033405146441015,-1.2559324258492155,5.448907674921139,True
bag8,joint_freq_combined__sel_combined_intersection,diabetes_hospital,85,0.2813261260394391,0.0,-3.169109347156883e-05,0.0010286982291316,0.9705436382142211,0.06180968233339809,0.50084256974548,42,9,34,0.5526315789473685,0.4341488221158362,0.6668868921790785,0.006318177687276934,0.9936818223127231,0.21109555249615783,0.8490637547564961,-0.1708349639267778,1.033405146441015,-1.2559324258492155,5.448907674921139,True
bag8,joint_freq_combined__sel_combined_intersection,diamonds,85,0.26815788577538524,0.0,-0.0003162236035135,0.0008353530793474,0.9705436382142211,0.04775581779279903,0.48855995375797145,41,9,35,0.5394736842105263,0.42125482503267075,0.6545224698415699,0.008850096721009339,0.9911499032789907,0.2832867211993425,0.7889044475038421,-0.22224500186046606,1.033405146441015,-1.2559324258492155,5.448907674921139,True
bag8,joint_freq_combined__sel_combined_intersection,folktables_coverage,85,0.27325641249234567,0.0,-0.0003162236035135,0.0008353530793474,0.9705436382142211,0.052818658960057385,0.49369416602463395,41,9,35,0.5394736842105263,0.42125482503267075,0.6545224698415699,0.007867074110830633,0.9921329258891693,0.2832867211993425,0.7889044475038421,-0.22224500186046606,1.033405146441015,-1.2559324258492155,5.448907674921139,True
bag8,joint_freq_combined__sel_combined_intersection,folktables_coverage_covid,85,0.2741799343444341,0.0,-0.0003162236035135,0.0008353530793474,0.9705436382142211,0.053786795222518,0.4945730734663502,41,9,35,0.5394736842105263,0.42125482503267075,0.6545224698415699,0.007688402279614792,0.9923115977203852,0.2832867211993425,0.7889044475038421,-0.22224500186046606,1.033405146441015,-1.2559324258492155,5.448907674921139,True
bag8,joint_freq_combined__sel_combined_intersection,folktables_employment,85,0.2745843294324203,0.0,-3.169109347156883e-05,0.0010286982291316,0.9705436382142211,0.054215662064452746,0.49495299680038785,42,9,34,0.5526315789473685,0.4341488221158362,0.6668868921790785,0.007610192391091719,0.9923898076089083,0.21109555249615783,0.8490637547564961,-0.22224500186046606,1.033405146441015,-1.2559324258492155,5.448907674921139,True
bag8,joint_freq_combined__sel_combined_intersection,folktables_income,85,0.275260616799083,0.0,-3.169109347156883e-05,0.0010286982291316,0.9705436382142211,0.0549395958157087,0.49558163778245723,42,9,34,0.5526315789473685,0.4341488221158362,0.6668868921790785,0.0074794721547795,0.9925205278452205,0.21109555249615783,0.8490637547564961,-0.22224500186046606,1.033405146441015,-1.2559324258492155,5.448907674921139,True
bag8,joint_freq_combined__sel_combined_intersection,folktables_mobility,85,0.2740134648558989,0.0,-0.0003162236035135,0.0008353530793474,0.9705436382142211,0.05361112555942754,0.49441580415237024,41,9,35,0.5394736842105263,0.42125482503267075,0.6545224698415699,0.007720604084386543,0.9922793959156134,0.2832867211993425,0.7889044475038421,-0.22224500186046606,1.033405146441015,-1.2559324258492155,5.448907674921139,True
bag8,joint_freq_combined__sel_combined_intersection,folktables_travel_time,85,0.2741115329949925,0.0,-0.0003162236035135,0.0008353530793474,0.9705436382142211,0.05371455191469812,0.49450851407528695,41,9,35,0.5394736842105263,0.42125482503267075,0.6545224698415699,0.007701633423077867,0.9922983665769222,0.2832867211993425,0.7889044475038421,-0.22224500186046606,1.033405146441015,-1.2559324258492155,5.448907674921139,True
bag8,joint_freq_combined__sel_combined_intersection,folktables_travel_time_covid,85,0.2717066922063638,0.0,-0.0003162236035135,0.0008353530793474,0.9705436382142211,0.05122928273590477,0.4921841016768228,41,9,35,0.5394736842105263,0.42125482503267075,0.6545224698415699,0.008166818012870117,0.9918331819871299,0.2832867211993425,0.7889044475038421,-0.22224500186046606,1.033405146441015,-1.2559324258492155,5.448907674921139,True
bag8,joint_freq_combined__sel_combined_intersection,gas_sensor_drift,85,0.2890531461452358,0.0,-3.169109347156883e-05,0.0010286982291316,0.9705436382142211,0.07155566579916259,0.506550626491309,42,9,34,0.5526315789473685,0.4341488221158362,0.6668868921790785,0.004902773554266199,0.9950972264457338,0.21109555249615783,0.8490637547564961,-0.1708349639267778,1.033405146441015,-0.7839491786224654,5.448907674921139,True
bag8,joint_freq_combined__sel_combined_intersection,hazelnut-spread-contaminant-detection,85,0.27718520803646984,0.0,-3.169109347156883e-05,0.0010286982291316,0.9705436382142211,0.05704586250397459,0.4973245535689651,42,9,34,0.5526315789473685,0.4341488221158362,0.6668868921790785,0.007108334927411785,0.9928916650725882,0.21109555249615783,0.8490637547564961,-0.1708349639267778,1.033405146441015,-1.2559324258492155,5.448907674921139,True
bag8,joint_freq_combined__sel_combined_intersection,healthcare_insurance_expenses,85,0.2742774705470098,0.0,-0.0003162236035135,0.0010286982291316,0.9705436382142211,0.053889958608074995,0.4946649824859446,42,8,35,0.5454545454545454,0.4279049290065848,0.6594015897233974,0.007669536516797647,0.9923304634832024,0.24719113684775001,0.8189841011301693,-0.22224500186046606,1.033405146441015,-1.2559324258492155,5.448907674921139,True
bag8,joint_freq_combined__sel_combined_intersection,heloc,85,0.2742774705470098,0.0,-0.0003162236035135,0.0010286982291316,0.9705436382142211,0.053889958608074995,0.4946649824859446,42,8,35,0.5454545454545454,0.4279049290065848,0.6594015897233974,0.007669536516797647,0.9923304634832024,0.24719113684775001,0.8189841011301693,-0.22224500186046606,1.033405146441015,-1.2559324258492155,5.448907674921139,True
bag8,joint_freq_combined__sel_combined_intersection,hiva_agnostic,85,0.2678810423923507,0.0,-0.0003162236035135,0.0008353530793474,0.9705436382142211,0.04749458111752672,0.48826750366717475,41,9,35,0.5394736842105263,0.42125482503267075,0.6545224698415699,0.008903069713514873,0.9910969302864852,0.2832867211993425,0.7889044475038421,-0.22224500186046606,1.033405146441015,-1.2559324258492155,5.448907674921139,True
bag8,joint_freq_combined__sel_combined_intersection,houses,85,0.2742707312151663,0.0,-0.0003162236035135,0.0010286982291316,0.9705436382142211,0.05388282483681184,0.4946586375935208,41,9,35,0.5394736842105263,0.42125482503267075,0.6545224698415699,0.0076708400177044845,0.9923291599822955,0.2832867211993425,0.7889044475038421,-0.22224500186046606,1.033405146441015,-1.2559324258492155,5.448907674921139,True
bag8,joint_freq_combined__sel_combined_intersection,in_vehicle_coupon_recommendation,85,0.25016065638648666,0.0,-0.0003162236035135,0.0008353530793474,0.9705436382142211,0.033738270002678844,0.4665830427702945,41,9,35,0.5394736842105263,0.42125482503267075,0.6545224698415699,0.012005320307100845,0.9879946796928992,0.2832867211993425,0.7889044475038421,-0.22224500186046606,0.9093346357803668,-1.2559324258492155,5.448907674921139,True
bag8,joint_freq_combined__sel_combined_intersection,jm1,85,0.2742653682149023,0.0,-0.0003162236035135,0.0008353530793474,0.9705436382142211,0.0538771485477067,0.49465358788209796,41,9,35,0.5394736842105263,0.42125482503267075,0.6545224698415699,0.007671877317379504,0.9923281226826205,0.2832867211993425,0.7889044475038421,-0.22224500186046606,1.033405146441015,-1.2559324258492155,5.448907674921139,True
bag8,joint_freq_combined__sel_combined_intersection,kddcup09_appetency,85,0.2310134564637968,0.0,-0.0003162236035135,0.0008353530793474,0.9705436382142211,0.0258071065149445,0.4362198064126491,41,9,35,0.5394736842105263,0.42125482503267075,0.6545224698415699,0.013909796047449225,0.9860902039525508,0.2832867211993425,0.7889044475038421,-0.22224500186046606,0.9093346357803668,-1.2559324258492155,5.448907674921139,True
bag8,joint_freq_combined__sel_combined_intersection,lending_club,85,0.27088869826691353,0.0,-0.0003162236035135,0.0008353530793474,0.9705436382142211,0.050408141916289034,0.491369254617538,41,9,35,0.5394736842105263,0.42125482503267075,0.6545224698415699,0.008324833630316351,0.9916751663696837,0.2832867211993425,0.7889044475038421,-0.22224500186046606,1.033405146441015,-1.2559324258492155,5.448907674921139,True
bag8,joint_freq_combined__sel_combined_intersection,maternal_health_risk,85,0.25426905384619425,0.0,-0.0003162236035135,0.0008353530793474,0.9705436382142211,0.03640093082055651,0.472137176871832,41,9,35,0.5394736842105263,0.42125482503267075,0.6545224698415699,0.011359090485256454,0.9886409095147435,0.2832867211993425,0.7889044475038421,-0.22224500186046606,0.9093346357803668,-1.2559324258492155,5.448907674921139,True
bag8,joint_freq_combined__sel_combined_intersection,miami_housing,85,0.2743012083938409,0.0,-3.169109347156883e-05,0.0010286982291316,0.9705436382142211,0.053915092433927475,0.4946873243537544,42,9,34,0.5526315789473685,0.4341488221158362,0.6668868921790785,0.0076649452671772155,0.9923350547328228,0.21109555249615783,0.8490637547564961,-0.22224500186046606,1.033405146441015,-1.2559324258492155,5.448907674921139,True
bag8,joint_freq_combined__sel_combined_intersection,online_shoppers_intention,85,0.2569183076342424,0.0,-0.0003162236035135,0.0008353530793474,0.9705436382142211,0.03828868820726353,0.4755479270612213,41,9,35,0.5394736842105263,0.42125482503267075,0.6545224698415699,0.010913160210857555,0.9890868397891425,0.2832867211993425,0.7889044475038421,-0.22224500186046606,0.9093346357803668,-1.2559324258492155,5.448907674921139,True
bag8,joint_freq_combined__sel_combined_intersection,physiochemical_protein,85,0.27427663789597456,0.0,-0.0003162236035135,0.0010286982291316,0.9705436382142211,0.05388907717844976,0.49466419861349936,41,9,35,0.5394736842105263,0.42125482503267075,0.6545224698415699,0.00766969756525834,0.9923303024347416,0.2832867211993425,0.7889044475038421,-0.22224500186046606,1.033405146441015,-1.2559324258492155,5.448907674921139,True
bag8,joint_freq_combined__sel_combined_intersection,polish_companies_bankruptcy,85,0.2755882979072597,0.0,-3.169109347156883e-05,0.0010286982291316,0.9705436382142211,0.05529338980248649,0.4958832060120329,42,9,34,0.5526315789473685,0.4341488221158362,0.6668868921790785,0.007416178764869472,0.9925838212351306,0.21109555249615783,0.8490637547564961,-0.22224500186046606,1.033405146441015,-1.2559324258492155,5.448907674921139,True
bag8,joint_freq_combined__sel_combined_intersection,qsar-biodeg,85,0.27146516287848926,0.0,-0.0003162236035135,0.0008353530793474,0.9705436382142211,0.05098554583236903,0.4919447799246095,41,9,35,0.5394736842105263,0.42125482503267075,0.6545224698415699,0.00821349597079441,0.9917865040292057,0.2832867211993425,0.7889044475038421,-0.22224500186046606,1.033405146441015,-1.2559324258492155,5.448907674921139,True
bag8,joint_freq_combined__sel_combined_intersection,seismic-bumps,85,0.2744184595948282,0.0,-3.169109347156883e-05,0.0010286982291316,0.9705436382142211,0.05403939094362775,0.49479752824602863,42,9,34,0.5526315789473685,0.4341488221158362,0.6668868921790785,0.00764226840296229,0.9923577315970378,0.21109555249615783,0.8490637547564961,-0.22224500186046606,1.033405146441015,-1.2559324258492155,5.448907674921139,True
bag8,joint_freq_combined__sel_combined_intersection,shifts_weather,85,0.27428478436789666,0.0,-3.169109347156883e-05,0.0010286982291316,0.9705436382142211,0.05389770143696329,0.49467186729883006,42,9,34,0.5526315789473685,0.4341488221158362,0.6668868921790785,0.007668121907319941,0.9923318780926801,0.21109555249615783,0.8490637547564961,-0.22224500186046606,1.033405146441015,-1.2559324258492155,5.448907674921139,True
bag8,joint_freq_combined__sel_combined_intersection,students_dropout_and_academic_success,85,0.2633415502750071,0.0,-0.0003162236035135,0.0008353530793474,0.9705436382142211,0.04341231009761126,0.48327079045240295,41,9,35,0.5394736842105263,0.42125482503267075,0.6545224698415699,0.009760024933422814,0.9902399750665771,0.2832867211993425,0.7889044475038421,-0.22224500186046606,1.0131865591011526,-1.2559324258492155,5.448907674921139,True
bag8,joint_freq_combined__sel_combined_intersection,superconductivity,85,0.274365887913618,0.0,-3.169109347156883e-05,0.0010286982291316,0.9705436382142211,0.053983628212957574,0.49474814761427843,42,9,34,0.5526315789473685,0.4341488221158362,0.6668868921790785,0.007652435718298034,0.9923475642817019,0.21109555249615783,0.8490637547564961,-0.22224500186046606,1.033405146441015,-1.2559324258492155,5.448907674921139,True
bag8,joint_freq_combined__sel_combined_intersection,synthetic_label_shift,85,0.2745771275911573,0.0,-3.169109347156883e-05,0.0010286982291316,0.9705436382142211,0.0542079981063909,0.49494625707592377,42,9,34,0.5526315789473685,0.4341488221158362,0.6668868921790785,0.007611584985064948,0.992388415014935,0.21109555249615783,0.8490637547564961,-0.22224500186046606,1.033405146441015,-1.2559324258492155,5.448907674921139,True
bag8,joint_freq_combined__sel_combined_intersection,synthetic_large_test,85,0.2742774705470098,0.0,-0.0003162236035135,0.0010286982291316,0.9705436382142211,0.05388995860807505,0.49466498248594454,42,8,35,0.5454545454545454,0.4279049290065848,0.6594015897233974,0.0076695365167976275,0.9923304634832023,0.24719113684775001,0.8189841011301693,-0.22224500186046606,1.033405146441015,-1.2559324258492155,5.448907674921139,True
bag8,joint_freq_combined__sel_combined_intersection,synthetic_partial_shift,85,0.27433011435209476,0.0,-3.169109347156883e-05,0.0010286982291316,0.9705436382142211,0.053945712288153425,0.4947145164160361,42,9,34,0.5526315789473685,0.4341488221158362,0.6668868921790785,0.007659354540088423,0.9923406454599115,0.21109555249615783,0.8490637547564961,-0.22224500186046606,1.033405146441015,-1.2559324258492155,5.448907674921139,True
bag8,joint_freq_combined__sel_combined_intersection,synthetic_shift_0.0,85,0.2751024124692461,0.0,-3.169109347156883e-05,0.0010286982291316,0.9705436382142211,0.05476949155774177,0.4954353333807504,42,9,34,0.5526315789473685,0.4341488221158362,0.6668868921790785,0.007510041527314041,0.992489958472686,0.21109555249615783,0.8490637547564961,-0.22224500186046606,1.033405146441015,-1.2559324258492155,5.448907674921139,True
bag8,joint_freq_combined__sel_combined_intersection,synthetic_shift_0.5,85,0.27367245084143377,0.0,-0.0003162236035135,0.0008353530793474,0.9705436382142211,0.05325285550703529,0.49409204617583224,41,9,35,0.5394736842105263,0.42125482503267075,0.6545224698415699,0.007786577958289209,0.9922134220417108,0.2832867211993425,0.7889044475038421,-0.22224500186046606,1.033405146441015,-1.2559324258492155,5.448907674921139,True
bag8,joint_freq_combined__sel_combined_intersection,synthetic_shift_1.0,85,0.27564592191106785,0.0,-3.169109347156883e-05,0.0010286982291316,0.9705436382142211,0.055355810211499934,0.49593603361063576,42,9,34,0.5526315789473685,0.4341488221158362,0.6668868921790785,0.007405051944314997,0.9925949480556849,0.21109555249615783,0.8490637547564961,-0.22224500186046606,1.033405146441015,-1.2559324258492155,5.448907674921139,True
bag8,joint_freq_combined__sel_combined_intersection,synthetic_shift_3.0,85,0.2754693026616075,0.0,-3.169109347156883e-05,0.0010286982291316,0.9705436382142211,0.05516468329306887,0.49577392203014614,42,9,34,0.5526315789473685,0.4341488221158362,0.6668868921790785,0.00743915945832431,0.9925608405416757,0.21109555249615783,0.8490637547564961,-0.22224500186046606,1.033405146441015,-1.2559324258492155,5.448907674921139,True
bag8,joint_freq_combined__sel_combined_intersection,synthetic_shift_5.0,85,0.27603951110817965,0.0,-3.169109347156883e-05,0.0010286982291316,0.9705436382142211,0.055783795326761754,0.49629522688959754,42,9,34,0.5526315789473685,0.4341488221158362,0.6668868921790785,0.007329084323932926,0.9926709156760671,0.21109555249615783,0.8490637547564961,-0.22224500186046606,1.033405146441015,-1.2559324258492155,5.448907674921139,True
bag8,joint_freq_combined__sel_combined_intersection,synthetic_small_test,85,0.27427747054700974,0.0,-0.0003162236035135,0.0010286982291316,0.9705436382142211,0.05388995860807494,0.49466498248594454,42,8,35,0.5454545454545454,0.4279049290065848,0.6594015897233974,0.00766953651679766,0.9923304634832023,0.24719113684775001,0.8189841011301693,-0.22224500186046606,1.033405146441015,-1.2559324258492155,5.448907674921139,True
bag8,joint_freq_combined__sel_combined_intersection,tabred_cooking_time,85,0.2742778433834035,0.0,-0.0003162236035135,0.0010286982291316,0.9705436382142211,0.05389035329020386,0.49466533347660313,42,9,34,0.5526315789473685,0.4341488221158362,0.6668868921790785,0.007669464404114137,0.9923305355958858,0.21109555249615783,0.8490637547564961,-0.22224500186046606,1.033405146441015,-1.2559324258492155,5.448907674921139,True
bag8,joint_freq_combined__sel_combined_intersection,tabred_delivery_eta,85,0.2742762940923035,0.0,-0.0003162236035135,0.0010286982291316,0.9705436382142211,0.05388871323769673,0.4946638749469102,41,9,35,0.5394736842105263,0.42125482503267075,0.6545224698415699,0.007669764062594777,0.9923302359374052,0.2832867211993425,0.7889044475038421,-0.22224500186046606,1.033405146441015,-1.2559324258492155,5.448907674921139,True
bag8,joint_freq_combined__sel_combined_intersection,tabred_delivery_eta__gap_far,85,0.2742773014043294,0.0,-0.0003162236035135,0.0010286982291316,0.9705436382142211,0.05388977955560026,0.4946648232530585,41,9,35,0.5394736842105263,0.42125482503267075,0.6545224698415699,0.007669569231777269,0.9923304307682227,0.2832867211993425,0.7889044475038421,-0.22224500186046606,1.033405146441015,-1.2559324258492155,5.448907674921139,True
bag8,joint_freq_combined__sel_combined_intersection,tabred_delivery_eta__gap_maxdiff,85,0.27412776880372597,0.0,-0.0003162236035135,0.0008353530793474,0.9705436382142211,0.05373169186890189,0.49452384573855,41,9,35,0.5394736842105263,0.42125482503267075,0.6545224698415699,0.0076984928145534485,0.9923015071854465,0.2832867211993425,0.7889044475038421,-0.22224500186046606,1.033405146441015,-1.2559324258492155,5.448907674921139,True
bag8,joint_freq_combined__sel_combined_intersection,tabred_delivery_eta__gap_near,85,0.27428119082469815,0.0,-3.169109347156883e-05,0.0010286982291316,0.9705436382142211,0.05389389698380223,0.4946684846655941,42,9,34,0.5526315789473685,0.4341488221158362,0.6668868921790785,0.007668816954866089,0.9923311830451339,0.21109555249615783,0.8490637547564961,-0.22224500186046606,1.033405146441015,-1.2559324258492155,5.448907674921139,True
bag8,joint_freq_combined__sel_combined_intersection,tabred_ecom_offers,85,0.2756351664634503,0.0,-3.169109347156883e-05,0.0010286982291316,0.9705436382142211,0.055344154880622526,0.49592617804627814,42,9,34,0.5526315789473685,0.4341488221158362,0.6668868921790785,0.007407128665723131,0.9925928713342769,0.21109555249615783,0.8490637547564961,-0.22224500186046606,1.033405146441015,-1.2559324258492155,5.448907674921139,True
bag8,joint_freq_combined__sel_combined_intersection,tabred_homesite,85,0.2613052380530309,0.0,-0.0003162236035135,0.0008353530793474,0.9705436382142211,0.04170480907980992,0.4809056670262519,41,9,35,0.5394736842105263,0.42125482503267075,0.6545224698415699,0.010134788342280246,0.9898652116577198,0.2832867211993425,0.7889044475038421,-0.22224500186046606,0.9093346357803668,-1.2559324258492155,5.448907674921139,True
bag8,joint_freq_combined__sel_combined_intersection,tabred_homesite__gap_far,85,0.28303345923691053,0.0,-3.169109347156883e-05,0.0010286982291316,0.9705436382142211,0.06386656560853224,0.5022003528652889,42,9,34,0.5526315789473685,0.4341488221158362,0.6668868921790785,0.005997506325799422,0.9940024936742006,0.21109555249615783,0.8490637547564961,-0.1708349639267778,1.033405146441015,-1.2559324258492155,5.448907674921139,True
bag8,joint_freq_combined__sel_combined_intersection,tabred_homesite__gap_near,85,0.2720767731966938,0.0,-0.0003162236035135,0.0008353530793474,0.9705436382142211,0.05160482458759991,0.49254872180578774,41,9,35,0.5394736842105263,0.42125482503267075,0.6545224698415699,0.008095269447492245,0.9919047305525077,0.2832867211993425,0.7889044475038421,-0.22224500186046606,1.033405146441015,-1.2559324258492155,5.448907674921139,True
bag8,joint_freq_combined__sel_combined_intersection,tabred_sberbank,85,0.2725745623585896,0.0,-0.0003162236035135,0.0008353530793474,0.9705436382142211,0.05211392618784769,0.49303519852933153,41,9,35,0.5394736842105263,0.42125482503267075,0.6545224698415699,0.007998991918341502,0.9920010080816585,0.2832867211993425,0.7889044475038421,-0.22224500186046606,1.033405146441015,-1.2559324258492155,5.448907674921139,True
bag8,joint_freq_combined__sel_combined_intersection,tabred_sberbank__gap_far,85,0.2814134524903482,0.0,-3.169109347156883e-05,0.0010286982291316,0.9705436382142211,0.06191356929563152,0.5009133356850649,42,9,34,0.5526315789473685,0.4341488221158362,0.6668868921790785,0.006301690069805799,0.9936983099301941,0.21109555249615783,0.8490637547564961,-0.1708349639267778,1.033405146441015,-1.2559324258492155,5.448907674921139,True
bag8,joint_freq_combined__sel_combined_intersection,tabred_sberbank__gap_near,85,0.27132547790612566,0.0,-0.0003162236035135,0.0008353530793474,0.9705436382142211,0.050845073069536506,0.4918058827427148,41,9,35,0.5394736842105263,0.42125482503267075,0.6545224698415699,0.008240484188458162,0.9917595158115419,0.2832867211993425,0.7889044475038421,-0.22224500186046606,1.033405146441015,-1.2559324258492155,5.448907674921139,True
bag8,joint_freq_combined__sel_combined_intersection,tabred_weather,85,0.2742770949225283,0.0,-0.0003162236035135,0.0010286982291316,0.9705436382142211,0.05388956097707945,0.49466462886797713,41,9,35,0.5394736842105263,0.42125482503267075,0.6545224698415699,0.007669609168763221,0.9923303908312368,0.2832867211993425,0.7889044475038421,-0.22224500186046606,1.033405146441015,-1.2559324258492155,5.448907674921139,True
bag8,joint_freq_combined__sel_combined_intersection,tabred_weather__gap_far,85,0.2742676428637233,0.0,-0.0003162236035135,0.0010286982291316,0.9705436382142211,0.053879556009451046,0.49465572971799554,41,9,35,0.5394736842105263,0.42125482503267075,0.6545224698415699,0.007671437359328124,0.9923285626406718,0.2832867211993425,0.7889044475038421,-0.22224500186046606,1.033405146441015,-1.2559324258492155,5.448907674921139,True
bag8,joint_freq_combined__sel_combined_intersection,tabred_weather__gap_maxdiff,85,0.27427625059299043,0.0,-0.0003162236035135,0.0010286982291316,0.9705436382142211,0.053888667190720385,0.4946638339952605,41,9,35,0.5394736842105263,0.42125482503267075,0.6545224698415699,0.007669772476085136,0.9923302275239149,0.2832867211993425,0.7889044475038421,-0.22224500186046606,1.033405146441015,-1.2559324258492155,5.448907674921139,True
bag8,joint_freq_combined__sel_combined_intersection,tabred_weather__gap_near,85,0.27433913413605804,0.0,-3.169109347156883e-05,0.0010286982291316,0.9705436382142211,0.05395527001932662,0.4947229982527894,42,9,34,0.5526315789473685,0.4341488221158362,0.6668868921790785,0.0076576100412333835,0.9923423899587666,0.21109555249615783,0.8490637547564961,-0.22224500186046606,1.033405146441015,-1.2559324258492155,5.448907674921139,True
bag8,joint_freq_combined__sel_combined_intersection,taiwanese_bankruptcy_prediction,85,0.27508539489790157,0.0,-3.169109347156883e-05,0.0010286982291316,0.9705436382142211,0.0547512213809738,0.49541956841482937,42,9,34,0.5526315789473685,0.4341488221158362,0.6668868921790785,0.007513330187866262,0.9924866698121337,0.21109555249615783,0.8490637547564961,-0.22224500186046606,1.033405146441015,-1.2559324258492155,5.448907674921139,True
bag8,joint_freq_combined__sel_combined_intersection,tschalzev_mbgm,85,0.2713527512209545,0.0,-0.0003162236035135,0.0008353530793474,0.9705436382142211,0.050872472049926426,0.49183303039198256,41,9,35,0.5394736842105263,0.42125482503267075,0.6545224698415699,0.008235215220873894,0.9917647847791261,0.2832867211993425,0.7889044475038421,-0.22224500186046606,1.033405146441015,-1.2559324258492155,5.448907674921139,True
bag8,joint_freq_combined__sel_combined_intersection,tschalzev_ogpcc,85,0.27059176897312726,0.0,-0.0003162236035135,0.0008353530793474,0.9705436382142211,0.05011310992774751,0.491070428018507,41,9,35,0.5394736842105263,0.42125482503267075,0.6545224698415699,0.008382136365958137,0.9916178636340418,0.2832867211993425,0.7889044475038421,-0.22224500186046606,1.033405146441015,-1.2559324258492155,5.448907674921139,True
bag8,joint_freq_combined__sel_combined_intersection,tschalzev_sctp,85,0.27427747054700974,0.0,-0.0003162236035135,0.0010286982291316,0.9705436382142211,0.053889958608074995,0.4946649824859445,42,8,35,0.5454545454545454,0.4279049290065848,0.6594015897233974,0.007669536516797647,0.9923304634832024,0.24719113684775001,0.8189841011301693,-0.22224500186046606,1.033405146441015,-1.2559324258492155,5.448907674921139,True
bag8,joint_freq_combined__sel_combined_intersection,website_phishing,85,0.2835004020602152,0.0,-3.169109347156883e-05,0.0010286982291316,0.9705436382142211,0.0644385867813943,0.502562217339036,42,9,34,0.5526315789473685,0.4341488221158362,0.6668868921790785,0.005910468555616774,0.9940895314443832,0.21109555249615783,0.8490637547564961,-0.1708349639267778,1.033405146441015,-1.2559324258492155,5.448907674921139,True
bag8,joint_freq_combined__sel_combined_intersection,wine_quality,85,0.27867018532500026,0.0,-3.169109347156883e-05,0.0010286982291316,0.9705436382142211,0.058717713871331484,0.498622656778669,42,9,34,0.5526315789473685,0.4341488221158362,0.6668868921790785,0.006823346464478409,0.9931766535355216,0.21109555249615783,0.8490637547564961,-0.1708349639267778,1.033405146441015,-1.2559324258492155,5.448907674921139,True
bag8,joint_freq_separate,Amazon_employee_access,85,0.2805857796370038,0.0,0.0,0.0065033465607641,0.9705436382142211,0.050462436067322675,0.5107091232066849,34,32,19,0.6415094339622641,0.49803322399056665,0.7685690531287002,0.008733011222594272,0.9912669887774057,0.026719405268855523,0.9864958411731388,-0.08390881616282643,1.0771718285790748,-2.2789062947086625,6.866406314497044,True
bag8,joint_freq_separate,Another-Dataset-on-used-Fiat-500,85,0.36959455864463653,0.0,0.0,0.0098815190832173,0.9705436382142211,0.08335069128137124,0.6558384260079018,35,31,19,0.6481481481481481,0.5062378617592178,0.7731881159015285,0.00600446510961331,0.9939955348903867,0.020111782047858344,0.9900828366359659,-0.08390881616282643,1.1903526714601769,-2.2789062947086625,7.565746215648774,True
bag8,joint_freq_separate,Bank_Customer_Churn,85,0.3704365158482208,0.0,0.0,0.0098815190832173,0.9705436382142211,0.08424884727155141,0.6566241844248901,35,32,18,0.660377358490566,0.5173306935406301,0.784800362052537,0.005903365224007367,0.9940966347759926,0.013504158826861179,0.9936698320987929,-0.08390881616282643,1.1903526714601769,-2.2789062947086625,7.565746215648774,True
bag8,joint_freq_separate,Bioresponse,85,0.36959455864463653,0.0,0.0,0.0098815190832173,0.9705436382142211,0.08335069128137124,0.6558384260079018,35,31,19,0.6481481481481481,0.5062378617592178,0.7731881159015285,0.00600446510961331,0.9939955348903867,0.020111782047858344,0.9900828366359659,-0.08390881616282643,1.1903526714601769,-2.2789062947086625,7.565746215648774,True
bag8,joint_freq_separate,Diabetes130US,85,0.36492218019121386,0.0,0.0,0.0065033465607641,0.9705436382142211,0.07854871646841716,0.6512956439140105,34,32,19,0.6415094339622641,0.49803322399056665,0.7685690531287002,0.006565578266399188,0.9934344217336007,0.026719405268855523,0.9864958411731388,-0.08390881616282643,1.1903526714601769,-2.2789062947086625,7.565746215648774,True
bag8,joint_freq_separate,E-CommereShippingData,85,0.3709434207584262,0.0,0.0,0.0098815190832173,0.9705436382142211,0.08479442940458426,0.6570924121122681,35,32,18,0.660377358490566,0.5173306935406301,0.784800362052537,0.005842539893603337,0.9941574601063966,0.013504158826861179,0.9936698320987929,-0.07369876667446076,1.1903526714601769,-2.2789062947086625,7.565746215648774,True
bag8,joint_freq_separate,Fitness_Club,85,0.36378785243783496,0.0,0.0,0.0065033465607641,0.9705436382142211,0.07742949489564172,0.6501462099800281,34,32,19,0.6415094339622641,0.49803322399056665,0.7685690531287002,0.006701378380706099,0.9932986216192939,0.026719405268855523,0.9864958411731388,-0.08390881616282643,1.1903526714601769,-2.2789062947086625,7.565746215648774,True
bag8,joint_freq_separate,Food_Delivery_Time,85,0.37016773423230975,0.0,0.0,0.0098815190832173,0.9705436382142211,0.08396103420254819,0.6563744342620713,35,32,18,0.660377358490566,0.5173306935406301,0.784800362052537,0.005935631383402221,0.9940643686165977,0.013504158826861179,0.9936698320987929,-0.08390881616282643,1.1903526714601769,-2.2789062947086625,7.565746215648774,True
bag8,joint_freq_separate,GiveMeSomeCredit,85,0.36959455864463653,0.0,0.0,0.0098815190832173,0.9705436382142211,0.08335069128137124,0.6558384260079018,35,31,19,0.6481481481481481,0.5062378617592178,0.7731881159015285,0.00600446510961331,0.9939955348903867,0.020111782047858344,0.9900828366359659,-0.08390881616282643,1.1903526714601769,-2.2789062947086625,7.565746215648774,True
bag8,joint_freq_separate,HR_Analytics_Job_Change_of_Data_Scientists,85,0.36439018320176375,0.0,0.0,0.0065033465607641,0.9705436382142211,0.07802153893074254,0.6507588274727849,34,32,19,0.6415094339622641,0.49803322399056665,0.7685690531287002,0.006629305790087798,0.9933706942099122,0.026719405268855523,0.9864958411731388,-0.08390881616282643,1.1903526714601769,-2.2789062947086625,7.565746215648774,True
bag8,joint_freq_separate,Is-this-a-good-customer,85,0.3411982569352059,0.0,0.0,0.0065033465607641,0.9705436382142211,0.058958916927527305,0.6234375969428845,34,32,19,0.6415094339622641,0.49803322399056665,0.7685690531287002,0.009207640478718613,0.9907923595212814,0.026719405268855523,0.9864958411731388,-0.08390881616282643,1.0771718285790748,-2.2789062947086625,7.565746215648774,True
bag8,joint_freq_separate,MIC,85,0.2888133078858477,0.0,0.0,0.0065033465607641,0.9705436382142211,0.04730489579945446,0.530321719972241,34,32,19,0.6415094339622641,0.49803322399056665,0.7685690531287002,0.009835143310203517,0.9901648566897965,0.026719405268855523,0.9864958411731388,-0.08390881616282643,1.0771718285790748,-2.2789062947086625,7.565746215648774,True
bag8,joint_freq_separate,Marketing_Campaign,85,0.348298355426581,0.0,0.0,0.0065033465607641,0.9705436382142211,0.0639738195416007,0.6326228913115612,34,32,19,0.6415094339622641,0.49803322399056665,0.7685690531287002,0.008481144047923512,0.9915188559520764,0.026719405268855523,0.9864958411731388,-0.08390881616282643,1.0771718285790748,-2.2789062947086625,7.565746215648774,True
bag8,joint_freq_separate,QSAR-TID-11,85,0.36959455864463653,0.0,0.0,0.0098815190832173,0.9705436382142211,0.08335069128137124,0.6558384260079018,35,31,19,0.6481481481481481,0.5062378617592178,0.7731881159015285,0.00600446510961331,0.9939955348903867,0.020111782047858344,0.9900828366359659,-0.08390881616282643,1.1903526714601769,-2.2789062947086625,7.565746215648774,True
bag8,joint_freq_separate,QSAR_fish_toxicity,85,0.36959455864463653,0.0,0.0,0.0098815190832173,0.9705436382142211,0.08335069128137124,0.6558384260079018,35,31,19,0.6481481481481481,0.5062378617592178,0.7731881159015285,0.00600446510961331,0.9939955348903867,0.020111782047858344,0.9900828366359659,-0.08390881616282643,1.1903526714601769,-2.2789062947086625,7.565746215648774,True
bag8,joint_freq_separate,airfoil_self_noise,85,0.3708723631428994,0.0,0.0,0.0098815190832173,0.9705436382142211,0.084717730629852,0.6570269956559468,35,32,18,0.660377358490566,0.5173306935406301,0.784800362052537,0.005851064045470776,0.9941489359545292,0.013504158826861179,0.9936698320987929,-0.07369876667446076,1.1903526714601769,-2.2789062947086625,7.565746215648774,True
bag8,joint_freq_separate,bank-marketing,85,0.3696377569044092,0.0,0.0,0.0098815190832173,0.9705436382142211,0.08339652863398389,0.6558789851748346,35,32,18,0.660377358490566,0.5173306935406301,0.784800362052537,0.00599927628154513,0.9940007237184549,0.013504158826861179,0.9936698320987929,-0.08390881616282643,1.1903526714601769,-2.2789062947086625,7.565746215648774,True
bag8,joint_freq_separate,bike_sharing,85,0.36894163889251486,0.0,0.0,0.0065033465607641,0.9705436382142211,0.08266109987628933,0.6552221779087404,34,32,19,0.6415094339622641,0.49803322399056665,0.7685690531287002,0.006082907356293495,0.9939170926437065,0.026719405268855523,0.9864958411731388,-0.08390881616282643,1.1903526714601769,-2.2789062947086625,7.565746215648774,True
bag8,joint_freq_separate,blood-transfusion-service-center,85,0.36959455864463653,0.0,0.0,0.0098815190832173,0.9705436382142211,0.08335069128137124,0.6558384260079018,35,31,19,0.6481481481481481,0.5062378617592178,0.7731881159015285,0.00600446510961331,0.9939955348903867,0.020111782047858344,0.9900828366359659,-0.08390881616282643,1.1903526714601769,-2.2789062947086625,7.565746215648774,True
bag8,joint_freq_separate,brfss_diabetes,85,0.3693490356560621,0.0,0.0,0.0065033465607641,0.9705436382142211,0.08309067042715729,0.6556074008849668,34,32,19,0.6415094339622641,0.49803322399056665,0.7685690531287002,0.006033959235788573,0.9939660407642115,0.026719405268855523,0.9864958411731388,-0.08390881616282643,1.1903526714601769,-2.2789062947086625,7.565746215648774,True
bag8,joint_freq_separate,churn,85,0.3583631102255588,0.0,0.0,0.0065033465607641,0.9705436382142211,0.07232871652927336,0.6443975039218441,34,32,19,0.6415094339622641,0.49803322399056665,0.7685690531287002,0.007344399219507699,0.9926556007804923,0.026719405268855523,0.9864958411731388,-0.08390881616282643,1.1903526714601769,-2.2789062947086625,7.565746215648774,True
bag8,joint_freq_separate,coil2000_insurance_policies,85,0.35596117467737315,0.0,0.0,0.0065033465607641,0.9705436382142211,0.07020348700623036,0.6417188623485159,34,32,19,0.6415094339622641,0.49803322399056665,0.7685690531287002,0.007623920369378111,0.9923760796306219,0.026719405268855523,0.9864958411731388,-0.08390881616282643,1.1086868628218653,-2.2789062947086625,7.565746215648774,True
bag8,joint_freq_separate,concrete_compressive_strength,85,0.36959455864463653,0.0,0.0,0.0098815190832173,0.9705436382142211,0.08335069128137124,0.6558384260079018,35,31,19,0.6481481481481481,0.5062378617592178,0.7731881159015285,0.00600446510961331,0.9939955348903867,0.020111782047858344,0.9900828366359659,-0.08390881616282643,1.1903526714601769,-2.2789062947086625,7.565746215648774,True
bag8,joint_freq_separate,credit-g,85,0.33554996205034177,0.0,0.0,0.0065033465607641,0.9705436382142211,0.055500535975713194,0.6155993881249704,34,32,19,0.6415094339622641,0.49803322399056665,0.7685690531287002,0.009721219251191567,0.9902787807488084,0.026719405268855523,0.9864958411731388,-0.08390881616282643,1.0771718285790748,-2.2789062947086625,7.565746215648774,True
bag8,joint_freq_separate,credit_card_clients_default,85,0.36592407661177045,0.0,0.0,0.0065033465607641,0.9705436382142211,0.07955240021302584,0.6522957530105151,34,32,19,0.6415094339622641,0.49803322399056665,0.7685690531287002,0.006445415323032979,0.993554584676967,0.026719405268855523,0.9864958411731388,-0.08390881616282643,1.1903526714601769,-2.2789062947086625,7.565746215648774,True
bag8,joint_freq_separate,diabetes,85,0.36959455864463653,0.0,0.0,0.0098815190832173,0.9705436382142211,0.08335069128137124,0.6558384260079018,35,31,19,0.6481481481481481,0.5062378617592178,0.7731881159015285,0.00600446510961331,0.9939955348903867,0.020111782047858344,0.9900828366359659,-0.08390881616282643,1.1903526714601769,-2.2789062947086625,7.565746215648774,True
bag8,joint_freq_separate,diabetes_hospital,85,0.3725457610918793,0.0,0.0,0.0098815190832173,0.9705436382142211,0.0865429850267086,0.6585485371570501,35,32,18,0.660377358490566,0.5173306935406301,0.784800362052537,0.005650575411789652,0.9943494245882104,0.013504158826861179,0.9936698320987929,-0.07369876667446076,1.1903526714601769,-2.2789062947086625,7.565746215648774,True
bag8,joint_freq_separate,diamonds,85,0.3631588215576083,0.0,0.0,0.0065033465607641,0.9705436382142211,0.07681668304045991,0.6495009600747568,34,32,19,0.6415094339622641,0.49803322399056665,0.7685690531287002,0.00677654077408139,0.9932234592259186,0.026719405268855523,0.9864958411731388,-0.08390881616282643,1.1903526714601769,-2.2789062947086625,7.565746215648774,True
bag8,joint_freq_separate,folktables_coverage,85,0.36951804868509813,0.0,0.0,0.0098815190832173,0.9705436382142211,0.0832695719632019,0.6557665254069944,34,32,19,0.6415094339622641,0.49803322399056665,0.7685690531287002,0.006013655594944974,0.9939863444050551,0.026719405268855523,0.9864958411731388,-0.08390881616282643,1.1903526714601769,-2.2789062947086625,7.565746215648774,True
bag8,joint_freq_separate,folktables_coverage_covid,85,0.36905234730683417,0.0,0.0,0.0065033465607641,0.9705436382142211,0.08277760149075208,0.6553270931229163,34,32,19,0.6415094339622641,0.49803322399056665,0.7685690531287002,0.006069605034085693,0.9939303949659143,0.026719405268855523,0.9864958411731388,-0.08390881616282643,1.1903526714601769,-2.2789062947086625,7.565746215648774,True
bag8,joint_freq_separate,folktables_employment,85,0.3697166017722567,0.0,0.0,0.0098815190832173,0.9705436382142211,0.08348025845387058,0.6559529450906427,35,32,18,0.660377358490566,0.5173306935406301,0.784800362052537,0.005989806110710765,0.9940101938892892,0.013504158826861179,0.9936698320987929,-0.08390881616282643,1.1903526714601769,-2.2789062947086625,7.565746215648774,True
bag8,joint_freq_separate,folktables_income,85,0.3964052209353266,0.0,0.0,0.0098815190832173,0.9705436382142211,0.11695526392076866,0.6758551779498845,35,32,18,0.660377358490566,0.5173306935406301,0.784800362052537,0.00298734079887647,0.9970126592011235,0.013504158826861179,0.9936698320987929,-0.07369876667446076,1.1903526714601769,-1.2988196123300888,7.565746215648774,True
bag8,joint_freq_separate,folktables_mobility,85,0.37047832769860894,0.0,0.0,0.0098815190832173,0.9705436382142211,0.08429371164295368,0.6566629437542642,35,32,18,0.660377358490566,0.5173306935406301,0.784800362052537,0.005898346697588045,0.994101653302412,0.013504158826861179,0.9936698320987929,-0.08248721324963179,1.1903526714601769,-2.2789062947086625,7.565746215648774,True
bag8,joint_freq_separate,folktables_travel_time,85,0.37039904579984284,0.0,0.0,0.0098815190832173,0.9705436382142211,0.08420866272111216,0.6565894288785735,35,32,18,0.660377358490566,0.5173306935406301,0.784800362052537,0.005907862813584454,0.9940921371864155,0.013504158826861179,0.9936698320987929,-0.08390881616282643,1.1903526714601769,-2.2789062947086625,7.565746215648774,True
bag8,joint_freq_separate,folktables_travel_time_covid,85,0.3820269979889066,0.0,0.0,0.0098815190832173,0.9705436382142211,0.09763798061132739,0.6664160153664858,35,32,18,0.660377358490566,0.5173306935406301,0.784800362052537,0.00453557574794371,0.9954644242520563,0.013504158826861179,0.9936698320987929,-0.07369876667446076,1.1903526714601769,-2.2789062947086625,7.565746215648774,True
bag8,joint_freq_separate,gas_sensor_drift,85,0.36959455864463653,0.0,0.0,0.0098815190832173,0.9705436382142211,0.08335069128137124,0.6558384260079018,35,31,19,0.6481481481481481,0.5062378617592178,0.7731881159015285,0.00600446510961331,0.9939955348903867,0.020111782047858344,0.9900828366359659,-0.08390881616282643,1.1903526714601769,-2.2789062947086625,7.565746215648774,True
bag8,joint_freq_separate,hazelnut-spread-contaminant-detection,85,0.36959455864463653,0.0,0.0,0.0098815190832173,0.9705436382142211,0.08335069128137124,0.6558384260079018,35,31,19,0.6481481481481481,0.5062378617592178,0.7731881159015285,0.00600446510961331,0.9939955348903867,0.020111782047858344,0.9900828366359659,-0.08390881616282643,1.1903526714601769,-2.2789062947086625,7.565746215648774,True
bag8,joint_freq_separate,healthcare_insurance_expenses,85,0.3665005984535836,0.0,0.0,0.0065033465607641,0.9705436382142211,0.08013638337712475,0.6528648135300426,34,32,19,0.6415094339622641,0.49803322399056665,0.7685690531287002,0.006376202773752979,0.993623797226247,0.026719405268855523,0.9864958411731388,-0.08390881616282643,1.1903526714601769,-2.2789062947086625,7.565746215648774,True
bag8,joint_freq_separate,heloc,85,0.36959455864463653,0.0,0.0,0.0098815190832173,0.9705436382142211,0.08335069128137124,0.6558384260079018,35,31,19,0.6481481481481481,0.5062378617592178,0.7731881159015285,0.00600446510961331,0.9939955348903867,0.020111782047858344,0.9900828366359659,-0.08390881616282643,1.1903526714601769,-2.2789062947086625,7.565746215648774,True
bag8,joint_freq_separate,hiva_agnostic,85,0.36194573994443585,0.0,0.0,0.0065033465607641,0.9705436382142211,0.0756506827157763,0.6482407971730955,34,32,19,0.6415094339622641,0.49803322399056665,0.7685690531287002,0.006921130908178888,0.9930788690918211,0.026719405268855523,0.9864958411731388,-0.08390881616282643,1.1903526714601769,-2.2789062947086625,7.565746215648774,True
bag8,joint_freq_separate,houses,85,0.36959455864463653,0.0,0.0,0.0098815190832173,0.9705436382142211,0.08335069128137124,0.6558384260079018,35,31,19,0.6481481481481481,0.5062378617592178,0.7731881159015285,0.00600446510961331,0.9939955348903867,0.020111782047858344,0.9900828366359659,-0.08390881616282643,1.1903526714601769,-2.2789062947086625,7.565746215648774,True
bag8,joint_freq_separate,in_vehicle_coupon_recommendation,85,0.3417553242613799,0.0,0.0,0.0065033465607641,0.9705436382142211,0.05932569834090179,0.6241849501818579,34,32,19,0.6415094339622641,0.49803322399056665,0.7685690531287002,0.009153617028339108,0.9908463829716608,0.026719405268855523,0.9864958411731388,-0.08390881616282643,1.0771718285790748,-2.2789062947086625,7.565746215648774,True
bag8,joint_freq_separate,jm1,85,0.36959455864463653,0.0,0.0,0.0098815190832173,0.9705436382142211,0.08335069128137124,0.6558384260079018,35,31,19,0.6481481481481481,0.5062378617592178,0.7731881159015285,0.00600446510961331,0.9939955348903867,0.020111782047858344,0.9900828366359659,-0.08390881616282643,1.1903526714601769,-2.2789062947086625,7.565746215648774,True
bag8,joint_freq_separate,kddcup09_appetency,85,0.32752250858259074,0.0,0.0,0.0065033465607641,0.9705436382142211,0.051418958056901276,0.6036260591082803,34,32,19,0.6415094339622641,0.49803322399056665,0.7685690531287002,0.010323893223181623,0.9896761067768184,0.026719405268855523,0.9864958411731388,-0.08390881616282643,1.0771718285790748,-2.2789062947086625,7.565746215648774,True
bag8,joint_freq_separate,lending_club,85,0.367921334560388,0.0,0.0,0.0065033465607641,0.9705436382142211,0.08159556877464558,0.6542471003461304,34,32,19,0.6415094339622641,0.49803322399056665,0.7685690531287002,0.006205517689691839,0.9937944823103081,0.026719405268855523,0.9864958411731388,-0.08390881616282643,1.1903526714601769,-2.2789062947086625,7.565746215648774,True
bag8,joint_freq_separate,maternal_health_risk,85,0.36959455864463653,0.0,0.0,0.0098815190832173,0.9705436382142211,0.08335069128137124,0.6558384260079018,35,31,19,0.6481481481481481,0.5062378617592178,0.7731881159015285,0.00600446510961331,0.9939955348903867,0.020111782047858344,0.9900828366359659,-0.08390881616282643,1.1903526714601769,-2.2789062947086625,7.565746215648774,True
bag8,joint_freq_separate,miami_housing,85,0.3695945637408867,0.0,0.0,0.0098815190832173,0.9705436382142211,0.08335069668740636,0.655838430794367,35,32,18,0.660377358490566,0.5173306935406301,0.784800362052537,0.006004464497460028,0.9939955355025399,0.013504158826861179,0.9936698320987929,-0.08390881616282643,1.1903526714601769,-2.2789062947086625,7.565746215648774,True
bag8,joint_freq_separate,online_shoppers_intention,85,0.3553432328294753,0.0,0.0,0.0065033465607641,0.9705436382142211,0.06966999966256959,0.641016465996381,34,32,19,0.6415094339622641,0.49803322399056665,0.7685690531287002,0.007695145068406272,0.9923048549315937,0.026719405268855523,0.9864958411731388,-0.08390881616282643,1.0771718285790748,-2.2789062947086625,7.565746215648774,True
bag8,joint_freq_separate,physiochemical_protein,85,0.36959455864463653,0.0,0.0,0.0098815190832173,0.9705436382142211,0.08335069128137124,0.6558384260079018,35,31,19,0.6481481481481481,0.5062378617592178,0.7731881159015285,0.00600446510961331,0.9939955348903867,0.020111782047858344,0.9900828366359659,-0.08390881616282643,1.1903526714601769,-2.2789062947086625,7.565746215648774,True
bag8,joint_freq_separate,polish_companies_bankruptcy,85,0.36959455864463653,0.0,0.0,0.0098815190832173,0.9705436382142211,0.08335069128137124,0.6558384260079018,35,31,19,0.6481481481481481,0.5062378617592178,0.7731881159015285,0.00600446510961331,0.9939955348903867,0.020111782047858344,0.9900828366359659,-0.08390881616282643,1.1903526714601769,-2.2789062947086625,7.565746215648774,True
bag8,joint_freq_separate,qsar-biodeg,85,0.3654765980573164,0.0,0.0,0.0065033465607641,0.9705436382142211,0.07910236964229761,0.6518508264723353,34,32,19,0.6415094339622641,0.49803322399056665,0.7685690531287002,0.0064991047742817675,0.9935008952257183,0.026719405268855523,0.9864958411731388,-0.08390881616282643,1.1903526714601769,-2.2789062947086625,7.565746215648774,True
bag8,joint_freq_separate,seismic-bumps,85,0.36959455864463653,0.0,0.0,0.0098815190832173,0.9705436382142211,0.08335069128137124,0.6558384260079018,35,31,19,0.6481481481481481,0.5062378617592178,0.7731881159015285,0.00600446510961331,0.9939955348903867,0.020111782047858344,0.9900828366359659,-0.08390881616282643,1.1903526714601769,-2.2789062947086625,7.565746215648774,True
bag8,joint_freq_separate,shifts_weather,85,0.36959455864463653,0.0,0.0,0.0098815190832173,0.9705436382142211,0.08335069128137124,0.6558384260079018,35,31,19,0.6481481481481481,0.5062378617592178,0.7731881159015285,0.00600446510961331,0.9939955348903867,0.020111782047858344,0.9900828366359659,-0.08390881616282643,1.1903526714601769,-2.2789062947086625,7.565746215648774,True
bag8,joint_freq_separate,students_dropout_and_academic_success,85,0.36553159115068656,0.0,0.0,0.0065033465607641,0.9705436382142211,0.07915752378965024,0.6519056585117229,34,32,19,0.6415094339622641,0.49803322399056665,0.7685690531287002,0.006492508266094716,0.9935074917339053,0.026719405268855523,0.9864958411731388,-0.08390881616282643,1.1903526714601769,-2.2789062947086625,7.565746215648774,True
bag8,joint_freq_separate,superconductivity,85,0.36959455864463653,0.0,0.0,0.0098815190832173,0.9705436382142211,0.08335069128137124,0.6558384260079018,35,31,19,0.6481481481481481,0.5062378617592178,0.7731881159015285,0.00600446510961331,0.9939955348903867,0.020111782047858344,0.9900828366359659,-0.08390881616282643,1.1903526714601769,-2.2789062947086625,7.565746215648774,True
bag8,joint_freq_separate,synthetic_label_shift,85,0.36947830547895155,0.0,0.0,0.0065033465607641,0.9705436382142211,0.08322746712303492,0.6557291438348682,34,32,19,0.6415094339622641,0.49803322399056665,0.7685690531287002,0.0060184297844849384,0.993981570215515,0.026719405268855523,0.9864958411731388,-0.08390881616282643,1.1903526714601769,-2.2789062947086625,7.565746215648774,True
bag8,joint_freq_separate,synthetic_large_test,85,0.3691067708469399,0.0,0.0,0.0065033465607641,0.9705436382142211,0.08283493652529161,0.6553786051685881,34,32,19,0.6415094339622641,0.49803322399056665,0.7685690531287002,0.0060630659150001315,0.9939369340849998,0.026719405268855523,0.9864958411731388,-0.08390881616282643,1.1903526714601769,-2.2789062947086625,7.565746215648774,True
bag8,joint_freq_separate,synthetic_partial_shift,85,0.3695675503898335,0.0,0.0,0.0098815190832173,0.9705436382142211,0.08332204644498853,0.6558130543346785,34,32,19,0.6415094339622641,0.49803322399056665,0.7685690531287002,0.006007709326686956,0.9939922906733131,0.026719405268855523,0.9864958411731388,-0.08390881616282643,1.1903526714601769,-2.2789062947086625,7.565746215648774,True
bag8,joint_freq_separate,synthetic_shift_0.0,85,0.36794901558436577,0.0,0.0,0.0065033465607641,0.9705436382142211,0.081624282448308,0.6542737487204235,34,32,19,0.6415094339622641,0.49803322399056665,0.7685690531287002,0.006202191212493814,0.9937978087875061,0.026719405268855523,0.9864958411731388,-0.08390881616282643,1.1903526714601769,-2.2789062947086625,7.565746215648774,True
bag8,joint_freq_separate,synthetic_shift_0.5,85,0.3690741229162644,0.0,0.0,0.0065033465607641,0.9705436382142211,0.08280053699845102,0.6553477088340778,34,32,19,0.6415094339622641,0.49803322399056665,0.7685690531287002,0.006066988624250864,0.9939330113757491,0.026719405268855523,0.9864958411731388,-0.08390881616282643,1.1903526714601769,-2.2789062947086625,7.565746215648774,True
bag8,joint_freq_separate,synthetic_shift_1.0,85,0.36968335165093275,0.0,0.0,0.0098815190832173,0.9705436382142211,0.08344493753942894,0.6559217657624365,35,32,18,0.660377358490566,0.5173306935406301,0.784800362052537,0.005993799765380148,0.9940062002346198,0.013504158826861179,0.9936698320987929,-0.08390881616282643,1.1903526714601769,-2.2789062947086625,7.565746215648774,True
bag8,joint_freq_separate,synthetic_shift_3.0,85,0.37065065018047494,0.0,0.0,0.0098815190832173,0.9705436382142211,0.08447887609388521,0.6568224242670646,35,32,18,0.660377358490566,0.5173306935406301,0.784800362052537,0.005877665949111508,0.9941223340508885,0.013504158826861179,0.9936698320987929,-0.07369876667446076,1.1903526714601769,-2.2789062947086625,7.565746215648774,True
bag8,joint_freq_separate,synthetic_shift_5.0,85,0.3677537507216427,0.0,0.0,0.0065033465607641,0.9705436382142211,0.08142196459811696,0.6540855368451683,34,32,19,0.6415094339622641,0.49803322399056665,0.7685690531287002,0.00622565619265985,0.9937743438073401,0.026719405268855523,0.9864958411731388,-0.08390881616282643,1.1903526714601769,-2.2789062947086625,7.565746215648774,True
bag8,joint_freq_separate,synthetic_small_test,85,0.370220670141707,0.0,0.0,0.0098815190832173,0.9705436382142211,0.08401763739399692,0.6564237028894171,35,32,18,0.660377358490566,0.5173306935406301,0.784800362052537,0.005929275946790538,0.9940707240532094,0.013504158826861179,0.9936698320987929,-0.08390881616282643,1.1903526714601769,-2.2789062947086625,7.565746215648774,True
bag8,joint_freq_separate,tabred_cooking_time,85,0.3700666985565387,0.0,0.0,0.0098815190832173,0.9705436382142211,0.08385310916088062,0.6562802879521967,35,32,18,0.660377358490566,0.5173306935406301,0.784800362052537,0.005947762520052922,0.9940522374799471,0.013504158826861179,0.9936698320987929,-0.08390881616282643,1.1903526714601769,-2.2789062947086625,7.565746215648774,True
bag8,joint_freq_separate,tabred_delivery_eta,85,0.36959455864463653,0.0,0.0,0.0098815190832173,0.9705436382142211,0.08335069128137124,0.6558384260079018,35,31,19,0.6481481481481481,0.5062378617592178,0.7731881159015285,0.00600446510961331,0.9939955348903867,0.020111782047858344,0.9900828366359659,-0.08390881616282643,1.1903526714601769,-2.2789062947086625,7.565746215648774,True
bag8,joint_freq_separate,tabred_delivery_eta__gap_far,85,0.36959455864463653,0.0,0.0,0.0098815190832173,0.9705436382142211,0.08335069128137124,0.6558384260079018,35,31,19,0.6481481481481481,0.5062378617592178,0.7731881159015285,0.00600446510961331,0.9939955348903867,0.020111782047858344,0.9900828366359659,-0.08390881616282643,1.1903526714601769,-2.2789062947086625,7.565746215648774,True
bag8,joint_freq_separate,tabred_delivery_eta__gap_maxdiff,85,0.36959455864463653,0.0,0.0,0.0098815190832173,0.9705436382142211,0.08335069128137124,0.6558384260079018,35,31,19,0.6481481481481481,0.5062378617592178,0.7731881159015285,0.00600446510961331,0.9939955348903867,0.020111782047858344,0.9900828366359659,-0.08390881616282643,1.1903526714601769,-2.2789062947086625,7.565746215648774,True
bag8,joint_freq_separate,tabred_delivery_eta__gap_near,85,0.36959455864463653,0.0,0.0,0.0098815190832173,0.9705436382142211,0.08335069128137124,0.6558384260079018,35,31,19,0.6481481481481481,0.5062378617592178,0.7731881159015285,0.00600446510961331,0.9939955348903867,0.020111782047858344,0.9900828366359659,-0.08390881616282643,1.1903526714601769,-2.2789062947086625,7.565746215648774,True
bag8,joint_freq_separate,tabred_ecom_offers,85,0.36959455864463653,0.0,0.0,0.0098815190832173,0.9705436382142211,0.08335069128137124,0.6558384260079018,35,31,19,0.6481481481481481,0.5062378617592178,0.7731881159015285,0.00600446510961331,0.9939955348903867,0.020111782047858344,0.9900828366359659,-0.08390881616282643,1.1903526714601769,-2.2789062947086625,7.565746215648774,True
bag8,joint_freq_separate,tabred_homesite,85,0.35971858508933113,0.0,0.0,0.0065033465607641,0.9705436382142211,0.07356418509336404,0.6458729850852982,34,32,19,0.6415094339622641,0.49803322399056665,0.7685690531287002,0.007185027679689769,0.9928149723203102,0.026719405268855523,0.9864958411731388,-0.08390881616282643,1.1903526714601769,-2.2789062947086625,7.565746215648774,True
bag8,joint_freq_separate,tabred_homesite__gap_far,85,0.38217496691292935,0.0,0.0,0.0098815190832173,0.9705436382142211,0.09782135061935704,0.6665285832065017,35,32,18,0.660377358490566,0.5173306935406301,0.784800362052537,0.0045186014113086734,0.9954813985886913,0.013504158826861179,0.9936698320987929,-0.07369876667446076,1.1903526714601769,-2.2789062947086625,7.565746215648774,True
bag8,joint_freq_separate,tabred_homesite__gap_near,85,0.36436703465477877,0.0,0.0,0.0065033465607641,0.9705436382142211,0.07799869093573014,0.6507353783738274,34,32,19,0.6415094339622641,0.49803322399056665,0.7685690531287002,0.006632077306449001,0.993367922693551,0.026719405268855523,0.9864958411731388,-0.08390881616282643,1.1903526714601769,-2.2789062947086625,7.565746215648774,True
bag8,joint_freq_separate,tabred_sberbank,85,0.38487478937793157,0.0,0.0,0.0098815190832173,0.9705436382142211,0.10122273847886476,0.6685268402769984,35,32,18,0.660377358490566,0.5173306935406301,0.784800362052537,0.0042120050990578735,0.9957879949009422,0.013504158826861179,0.9936698320987929,-0.07369876667446076,1.1903526714601769,-2.2789062947086625,7.565746215648774,True
bag8,joint_freq_separate,tabred_sberbank__gap_far,85,0.3511448145152956,0.0,0.0,0.0065033465607641,0.9705436382142211,0.06618966162975343,0.6360999674008379,34,32,19,0.6415094339622641,0.49803322399056665,0.7685690531287002,0.00816997801849053,0.9918300219815095,0.026719405268855523,0.9864958411731388,-0.08390881616282643,1.0771718285790748,-2.2789062947086625,7.565746215648774,True
bag8,joint_freq_separate,tabred_sberbank__gap_near,85,0.36279957726130124,0.0,0.0,0.0065033465607641,0.9705436382142211,0.07646921203939455,0.649129942483208,34,32,19,0.6415094339622641,0.49803322399056665,0.7685690531287002,0.006819412562877673,0.9931805874371223,0.026719405268855523,0.9864958411731388,-0.08390881616282643,1.1903526714601769,-2.2789062947086625,7.565746215648774,True
bag8,joint_freq_separate,tabred_weather,85,0.36959455864463653,0.0,0.0,0.0098815190832173,0.9705436382142211,0.08335069128137124,0.6558384260079018,35,31,19,0.6481481481481481,0.5062378617592178,0.7731881159015285,0.00600446510961331,0.9939955348903867,0.020111782047858344,0.9900828366359659,-0.08390881616282643,1.1903526714601769,-2.2789062947086625,7.565746215648774,True
bag8,joint_freq_separate,tabred_weather__gap_far,85,0.36959455864463653,0.0,0.0,0.0098815190832173,0.9705436382142211,0.08335069128137124,0.6558384260079018,35,31,19,0.6481481481481481,0.5062378617592178,0.7731881159015285,0.00600446510961331,0.9939955348903867,0.020111782047858344,0.9900828366359659,-0.08390881616282643,1.1903526714601769,-2.2789062947086625,7.565746215648774,True
bag8,joint_freq_separate,tabred_weather__gap_maxdiff,85,0.36959455864463653,0.0,0.0,0.0098815190832173,0.9705436382142211,0.08335069128137124,0.6558384260079018,35,31,19,0.6481481481481481,0.5062378617592178,0.7731881159015285,0.00600446510961331,0.9939955348903867,0.020111782047858344,0.9900828366359659,-0.08390881616282643,1.1903526714601769,-2.2789062947086625,7.565746215648774,True
bag8,joint_freq_separate,tabred_weather__gap_near,85,0.36959455864463653,0.0,0.0,0.0098815190832173,0.9705436382142211,0.08335069128137124,0.6558384260079018,35,31,19,0.6481481481481481,0.5062378617592178,0.7731881159015285,0.00600446510961331,0.9939955348903867,0.020111782047858344,0.9900828366359659,-0.08390881616282643,1.1903526714601769,-2.2789062947086625,7.565746215648774,True
bag8,joint_freq_separate,taiwanese_bankruptcy_prediction,85,0.36959455864463653,0.0,0.0,0.0098815190832173,0.9705436382142211,0.08335069128137124,0.6558384260079018,35,31,19,0.6481481481481481,0.5062378617592178,0.7731881159015285,0.00600446510961331,0.9939955348903867,0.020111782047858344,0.9900828366359659,-0.08390881616282643,1.1903526714601769,-2.2789062947086625,7.565746215648774,True
bag8,joint_freq_separate,tschalzev_mbgm,85,0.36695302518022277,0.0,0.0,0.0065033465607641,0.9705436382142211,0.08059795648982315,0.6533080938706224,34,32,19,0.6415094339622641,0.49803322399056665,0.7685690531287002,0.0063218633540319735,0.993678136645968,0.026719405268855523,0.9864958411731388,-0.08390881616282643,1.1903526714601769,-2.2789062947086625,7.565746215648774,True
bag8,joint_freq_separate,tschalzev_ogpcc,85,0.36959455864463653,0.0,0.0,0.0098815190832173,0.9705436382142211,0.08335069128137124,0.6558384260079018,35,31,19,0.6481481481481481,0.5062378617592178,0.7731881159015285,0.00600446510961331,0.9939955348903867,0.020111782047858344,0.9900828366359659,-0.08390881616282643,1.1903526714601769,-2.2789062947086625,7.565746215648774,True
bag8,joint_freq_separate,tschalzev_sctp,85,0.36959455864463653,0.0,0.0,0.0098815190832173,0.9705436382142211,0.08335069128137124,0.6558384260079018,35,31,19,0.6481481481481481,0.5062378617592178,0.7731881159015285,0.00600446510961331,0.9939955348903867,0.020111782047858344,0.9900828366359659,-0.08390881616282643,1.1903526714601769,-2.2789062947086625,7.565746215648774,True
bag8,joint_freq_separate,website_phishing,85,0.3798925595738502,0.0,0.0,0.0098815190832173,0.9705436382142211,0.09502799198658607,0.6647571271611143,35,32,18,0.660377358490566,0.5173306935406301,0.784800362052537,0.004782200798596913,0.9952177992014031,0.013504158826861179,0.9936698320987929,-0.07369876667446076,1.1903526714601769,-2.2789062947086625,7.565746215648774,True
bag8,joint_freq_separate,wine_quality,85,0.36959455864463653,0.0,0.0,0.0098815190832173,0.9705436382142211,0.08335069128137124,0.6558384260079018,35,31,19,0.6481481481481481,0.5062378617592178,0.7731881159015285,0.00600446510961331,0.9939955348903867,0.020111782047858344,0.9900828366359659,-0.08390881616282643,1.1903526714601769,-2.2789062947086625,7.565746215648774,True
bag8,joint_freq_separate__sel_combined_intersection,Amazon_employee_access,85,0.18281735316346487,1.4377127831964757e-05,-2.539613204264729e-05,0.005935387326011,0.9705436382142211,-0.0004345408937935502,0.3660692472207233,43,9,33,0.5657894736842105,0.44711911659363124,0.6791744264083928,0.025266688810740973,0.974733311189259,0.15093624524350396,0.8966315790958037,-0.2711641839103878,0.9141252024937729,-2.208025105476259,3.883535759569388,True
bag8,joint_freq_separate__sel_combined_intersection,Another-Dataset-on-used-Fiat-500,85,0.2637112987054065,2.687415063426074e-05,0.0,0.0084541390927659,0.9705436382142211,0.022974914104963134,0.5044476833058499,44,9,32,0.5789473684210527,0.46016634685290025,0.6913842751858272,0.01608948786577838,0.9839105121342216,0.10336842090419623,0.9323074473502846,-0.2711641839103878,1.0695559025961974,-2.208025105476259,6.861174034732215,True
bag8,joint_freq_separate__sel_combined_intersection,Bank_Customer_Churn,85,0.26353704768972624,2.687415063426074e-05,-2.539613204264729e-05,0.0084541390927659,0.9705436382142211,0.02279142755188815,0.5042826678275644,44,8,33,0.5714285714285714,0.45350964480908457,0.6836840285792658,0.016148190086146104,0.9838518099138539,0.12715233307385,0.9144695132230443,-0.2711641839103878,1.0695559025961974,-2.208025105476259,6.861174034732215,True
bag8,joint_freq_separate__sel_combined_intersection,Bioresponse,85,0.26353704768972624,2.687415063426074e-05,-2.539613204264729e-05,0.0084541390927659,0.9705436382142211,0.02279142755188815,0.5042826678275644,44,8,33,0.5714285714285714,0.45350964480908457,0.6836840285792658,0.016148190086146104,0.9838518099138539,0.12715233307385,0.9144695132230443,-0.2711641839103878,1.0695559025961974,-2.208025105476259,6.861174034732215,True
bag8,joint_freq_separate__sel_combined_intersection,Diabetes130US,85,0.2582475863248486,1.4377127831964757e-05,-2.539613204264729e-05,0.005935387326011,0.9705436382142211,0.01746463871393919,0.499030533935758,43,9,33,0.5657894736842105,0.44711911659363124,0.6791744264083928,0.017927727570731522,0.9820722724292685,0.15093624524350396,0.8966315790958037,-0.2711641839103878,1.0695559025961974,-2.208025105476259,6.861174034732215,True
bag8,joint_freq_separate__sel_combined_intersection,E-CommereShippingData,85,0.26359730612433846,2.687415063426074e-05,0.0,0.0084541390927659,0.9705436382142211,0.02285482196385255,0.5043397902848243,44,9,32,0.5789473684210527,0.46016634685290025,0.6913842751858272,0.01612788961423382,0.9838721103857662,0.10336842090419623,0.9323074473502846,-0.2711641839103878,1.0695559025961974,-2.208025105476259,6.861174034732215,True
bag8,joint_freq_separate__sel_combined_intersection,Fitness_Club,85,0.26421347687388275,2.687415063426074e-05,0.0,0.0084541390927659,0.9705436382142211,0.02350656715486507,0.5049203865929004,44,9,32,0.5789473684210527,0.46016634685290025,0.6913842751858272,0.015920339114178436,0.9840796608858215,0.10336842090419623,0.9323074473502846,-0.2711641839103878,1.0695559025961974,-2.208025105476259,6.861174034732215,True
bag8,joint_freq_separate__sel_combined_intersection,Food_Delivery_Time,85,0.26353461032856856,1.4377127831964757e-05,-2.539613204264729e-05,0.0084541390927659,0.9705436382142211,0.02278886463107621,0.5042803560260609,43,9,33,0.5657894736842105,0.44711911659363124,0.6791744264083928,0.01614901121778248,0.9838509887822176,0.15093624524350396,0.8966315790958037,-0.2711641839103878,1.0695559025961974,-2.208025105476259,6.861174034732215,True
bag8,joint_freq_separate__sel_combined_intersection,GiveMeSomeCredit,85,0.26353734646775023,2.687415063426074e-05,0.0,0.0084541390927659,0.9705436382142211,0.022791741728217324,0.5042829512072832,44,9,32,0.5789473684210527,0.46016634685290025,0.6913842751858272,0.016148089429755274,0.9838519105702448,0.10336842090419623,0.9323074473502846,-0.2711641839103878,1.0695559025961974,-2.208025105476259,6.861174034732215,True
bag8,joint_freq_separate__sel_combined_intersection,HR_Analytics_Job_Change_of_Data_Scientists,85,0.2605951945398083,1.4377127831964757e-05,-2.539613204264729e-05,0.005935387326011,0.9705436382142211,0.019770751884421123,0.5014196371951954,43,9,33,0.5657894736842105,0.44711911659363124,0.6791744264083928,0.01713907644139169,0.9828609235586083,0.15093624524350396,0.8966315790958037,-0.2711641839103878,1.0695559025961974,-2.208025105476259,6.861174034732215,True
bag8,joint_freq_separate__sel_combined_intersection,Is-this-a-good-customer,85,0.25068806547200473,1.4377127831964757e-05,-2.539613204264729e-05,0.005935387326011,0.9705436382142211,0.01066961887332718,0.4907065120706823,43,9,33,0.5657894736842105,0.44711911659363124,0.6791744264083928,0.020427902210979208,0.9795720977890208,0.15093624524350396,0.8966315790958037,-0.2711641839103878,0.9141252024937729,-2.208025105476259,6.861174034732215,True
bag8,joint_freq_separate__sel_combined_intersection,MIC,85,0.21784839169479225,1.4377127831964757e-05,-2.539613204264729e-05,0.005935387326011,0.9705436382142211,-0.007186348300682127,0.4428831316902666,43,9,33,0.5657894736842105,0.44711911659363124,0.6791744264083928,0.028800313067102058,0.9711996869328979,0.15093624524350396,0.8966315790958037,-0.2711641839103878,0.9141252024937729,-2.208025105476259,6.861174034732215,True
bag8,joint_freq_separate__sel_combined_intersection,Marketing_Campaign,85,0.2314342529185552,1.4377127831964757e-05,-2.539613204264729e-05,0.005935387326011,0.9705436382142211,-0.0021946615036964323,0.4650631673408069,43,9,33,0.5657894736842105,0.44711911659363124,0.6791744264083928,0.026070760203152164,0.9739292397968479,0.15093624524350396,0.8966315790958037,-0.2711641839103878,0.9141252024937729,-2.208025105476259,6.861174034732215,True
bag8,joint_freq_separate__sel_combined_intersection,QSAR-TID-11,85,0.26374037135107276,2.687415063426074e-05,0.0,0.0084541390927659,0.9705436382142211,0.023005577381796538,0.504475165320349,44,9,32,0.5789473684210527,0.46016634685290025,0.6913842751858272,0.016079694170908418,0.9839203058290915,0.10336842090419623,0.9323074473502846,-0.2711641839103878,1.0695559025961974,-2.208025105476259,6.861174034732215,True
bag8,joint_freq_separate__sel_combined_intersection,QSAR_fish_toxicity,85,0.26353704768972624,2.687415063426074e-05,-2.539613204264729e-05,0.0084541390927659,0.9705436382142211,0.02279142755188815,0.5042826678275644,44,8,33,0.5714285714285714,0.45350964480908457,0.6836840285792658,0.016148190086146104,0.9838518099138539,0.12715233307385,0.9144695132230443,-0.2711641839103878,1.0695559025961974,-2.208025105476259,6.861174034732215,True
bag8,joint_freq_separate__sel_combined_intersection,airfoil_self_noise,85,0.26192524781174165,1.4377127831964757e-05,-2.539613204264729e-05,0.005935387326011,0.9705436382142211,0.021118416197246886,0.5027320794262364,43,9,33,0.5657894736842105,0.44711911659363124,0.6791744264083928,0.016691226831297385,0.9833087731687026,0.15093624524350396,0.8966315790958037,-0.2711641839103878,1.0695559025961974,-2.208025105476259,6.861174034732215,True
bag8,joint_freq_separate__sel_combined_intersection,bank-marketing,85,0.2628930691253155,1.4377127831964757e-05,-2.539613204264729e-05,0.005935387326011,0.9705436382142211,0.02211775048880324,0.5036683877618278,43,9,33,0.5657894736842105,0.44711911659363124,0.6791744264083928,0.016365158180743612,0.9836348418192564,0.15093624524350396,0.8966315790958037,-0.2711641839103878,1.0695559025961974,-2.208025105476259,6.861174034732215,True
bag8,joint_freq_separate__sel_combined_intersection,bike_sharing,85,0.26353704768972624,2.687415063426074e-05,-2.539613204264729e-05,0.0084541390927659,0.9705436382142211,0.02279142755188815,0.5042826678275644,44,8,33,0.5714285714285714,0.45350964480908457,0.6836840285792658,0.016148190086146104,0.9838518099138539,0.12715233307385,0.9144695132230443,-0.2711641839103878,1.0695559025961974,-2.208025105476259,6.861174034732215,True
bag8,joint_freq_separate__sel_combined_intersection,blood-transfusion-service-center,85,0.2647256469428404,2.687415063426074e-05,0.0,0.0084541390927659,0.9705436382142211,0.02405317206465049,0.5053981218210303,44,9,32,0.5789473684210527,0.46016634685290025,0.6913842751858272,0.01574788191995046,0.9842521180800495,0.10336842090419623,0.9323074473502846,-0.2711641839103878,1.0695559025961974,-2.208025105476259,6.861174034732215,True
bag8,joint_freq_separate__sel_combined_intersection,brfss_diabetes,85,0.262747091522904,1.4377127831964757e-05,-2.539613204264729e-05,0.005935387326011,0.9705436382142211,0.021966010829393923,0.503528172216414,43,9,33,0.5657894736842105,0.44711911659363124,0.6791744264083928,0.016414342654134512,0.9835856573458654,0.15093624524350396,0.8966315790958037,-0.2711641839103878,1.0695559025961974,-2.208025105476259,6.861174034732215,True
bag8,joint_freq_separate__sel_combined_intersection,churn,85,0.2513529944693615,1.4377127831964757e-05,-2.539613204264729e-05,0.005935387326011,0.9705436382142211,0.011228553482960063,0.49147743545576295,43,9,33,0.5657894736842105,0.44711911659363124,0.6791744264083928,0.020211609132087756,0.9797883908679123,0.15093624524350396,0.8966315790958037,-0.2711641839103878,0.9480365813589647,-2.208025105476259,6.861174034732215,True
bag8,joint_freq_separate__sel_combined_intersection,coil2000_insurance_policies,85,0.25857385125538135,1.4377127831964757e-05,-2.539613204264729e-05,0.005935387326011,0.9705436382142211,0.017779591896447733,0.49936811061431496,43,9,33,0.5657894736842105,0.44711911659363124,0.6791744264083928,0.01781832295140165,0.9821816770485984,0.15093624524350396,0.8966315790958037,-0.2711641839103878,1.0695559025961974,-2.208025105476259,6.861174034732215,True
bag8,joint_freq_separate__sel_combined_intersection,concrete_compressive_strength,85,0.26354403653552305,2.687415063426074e-05,0.0,0.0084541390927659,0.9705436382142211,0.022798776979508106,0.5042892960915379,44,9,32,0.5789473684210527,0.46016634685290025,0.6913842751858272,0.016145835591640238,0.9838541644083598,0.10336842090419623,0.9323074473502846,-0.2711641839103878,1.0695559025961974,-2.208025105476259,6.861174034732215,True
bag8,joint_freq_separate__sel_combined_intersection,credit-g,85,0.26101575584605363,1.4377127831964757e-05,-2.539613204264729e-05,0.005935387326011,0.9705436382142211,0.020193666330939802,0.5018378453611675,43,9,33,0.5657894736842105,0.44711911659363124,0.6791744264083928,0.01699751877216304,0.983002481227837,0.15093624524350396,0.8966315790958037,-0.2711641839103878,1.0695559025961974,-2.208025105476259,6.861174034732215,True
bag8,joint_freq_separate__sel_combined_intersection,credit_card_clients_default,85,0.2635367315232482,1.4377127831964757e-05,-2.539613204264729e-05,0.0084541390927659,0.9705436382142211,0.022791095092581398,0.504282367953915,43,9,33,0.5657894736842105,0.44711911659363124,0.6791744264083928,0.016148296600605835,0.9838517033993941,0.15093624524350396,0.8966315790958037,-0.2711641839103878,1.0695559025961974,-2.208025105476259,6.861174034732215,True
bag8,joint_freq_separate__sel_combined_intersection,diabetes,85,0.26447187481116846,2.687415063426074e-05,0.0,0.0084541390927659,0.9705436382142211,0.023781785877830086,0.5051619637445068,44,9,32,0.5789473684210527,0.46016634685290025,0.6913842751858272,0.01583332317978919,0.9841666768202108,0.10336842090419623,0.9323074473502846,-0.2711641839103878,1.0695559025961974,-2.208025105476259,6.861174034732215,True
bag8,joint_freq_separate__sel_combined_intersection,diabetes_hospital,85,0.2742457208379821,2.687415063426074e-05,0.0,0.0084541390927659,0.9705436382142211,0.035021053274845365,0.5134703884011188,44,9,32,0.5789473684210527,0.46016634685290025,0.6913842751858272,0.01257916728798038,0.9874208327120196,0.10336842090419623,0.9323074473502846,-0.19445627312144506,1.0695559025961974,-2.208025105476259,6.861174034732215,True
bag8,joint_freq_separate__sel_combined_intersection,diamonds,85,0.2578925241799799,1.4377127831964757e-05,-2.539613204264729e-05,0.005935387326011,0.9705436382142211,0.017123921312609675,0.4986611270473501,43,9,33,0.5657894736842105,0.44711911659363124,0.6791744264083928,0.018046697032424827,0.9819533029675751,0.15093624524350396,0.8966315790958037,-0.2711641839103878,1.0695559025961974,-2.208025105476259,6.861174034732215,True
bag8,joint_freq_separate__sel_combined_intersection,folktables_coverage,85,0.2625159896350621,1.4377127831964757e-05,-2.539613204264729e-05,0.005935387326011,0.9705436382142211,0.02172651975680584,0.5033054595133184,43,9,33,0.5657894736842105,0.44711911659363124,0.6791744264083928,0.016492207283398373,0.9835077927166016,0.15093624524350396,0.8966315790958037,-0.2711641839103878,1.0695559025961974,-2.208025105476259,6.861174034732215,True
bag8,joint_freq_separate__sel_combined_intersection,folktables_coverage_covid,85,0.2636271381719349,2.687415063426074e-05,0.0,0.0084541390927659,0.9705436382142211,0.02288622914947558,0.5043680471943942,44,9,32,0.5789473684210527,0.46016634685290025,0.6913842751858272,0.01611783965179475,0.9838821603482052,0.10336842090419623,0.9323074473502846,-0.2711641839103878,1.0695559025961974,-2.208025105476259,6.861174034732215,True
bag8,joint_freq_separate__sel_combined_intersection,folktables_employment,85,0.2638118928386718,2.687415063426074e-05,0.0,0.0084541390927659,0.9705436382142211,0.023081072520297286,0.5045427131570464,44,9,32,0.5789473684210527,0.46016634685290025,0.6913842751858272,0.016055601270174438,0.9839443987298255,0.10336842090419623,0.9323074473502846,-0.2711641839103878,1.0695559025961974,-2.208025105476259,6.861174034732215,True
bag8,joint_freq_separate__sel_combined_intersection,folktables_income,85,0.28951381363650575,2.687415063426074e-05,0.0,0.0084541390927659,0.9705436382142211,0.05588627798954279,0.5231413492834687,44,9,32,0.5789473684210527,0.46016634685290025,0.6913842751858272,0.00788322650648677,0.9921167734935132,0.10336842090419623,0.9323074473502846,-0.19445627312144506,1.0695559025961974,-1.2559324258492155,6.861174034732215,True
bag8,joint_freq_separate__sel_combined_intersection,folktables_mobility,85,0.2632719768262889,1.4377127831964757e-05,-2.539613204264729e-05,0.005935387326011,0.9705436382142211,0.02251328740902553,0.5040306662435523,43,9,33,0.5657894736842105,0.44711911659363124,0.6791744264083928,0.01623749415665775,0.9837625058433422,0.15093624524350396,0.8966315790958037,-0.2711641839103878,1.0695559025961974,-2.208025105476259,6.861174034732215,True
bag8,joint_freq_separate__sel_combined_intersection,folktables_travel_time,85,0.2644356137371853,2.687415063426074e-05,0.0,0.0084541390927659,0.9705436382142211,0.02374309651960746,0.5051281309547632,44,9,32,0.5789473684210527,0.46016634685290025,0.6913842751858272,0.015845533169811264,0.9841544668301887,0.10336842090419623,0.9323074473502846,-0.2711641839103878,1.0695559025961974,-2.208025105476259,6.861174034732215,True
bag8,joint_freq_separate__sel_combined_intersection,folktables_travel_time_covid,85,0.2749851095529547,2.687415063426074e-05,0.0,0.0084541390927659,0.9705436382142211,0.03593748540118033,0.514032733704729,44,9,32,0.5789473684210527,0.46016634685290025,0.6913842751858272,0.01233809493425827,0.9876619050657417,0.10336842090419623,0.9323074473502846,-0.19445627312144506,1.0695559025961974,-2.208025105476259,6.861174034732215,True
bag8,joint_freq_separate__sel_combined_intersection,gas_sensor_drift,85,0.27831272328795237,2.687415063426074e-05,0.0,0.0084541390927659,0.9705436382142211,0.04017852899635874,0.516446917579546,44,9,32,0.5789473684210527,0.46016634685290025,0.6913842751858272,0.011266739860443128,0.9887332601395569,0.10336842090419623,0.9323074473502846,-0.19445627312144506,1.0695559025961974,-2.208025105476259,6.861174034732215,True
bag8,joint_freq_separate__sel_combined_intersection,hazelnut-spread-contaminant-detection,85,0.26644478517918635,2.687415063426074e-05,0.0,0.0084541390927659,0.9705436382142211,0.02592021224834498,0.5069693581100277,44,9,32,0.5789473684210527,0.46016634685290025,0.6913842751858272,0.015169716326229495,0.9848302836737706,0.10336842090419623,0.9323074473502846,-0.21846277042772452,1.0695559025961974,-2.208025105476259,6.861174034732215,True
bag8,joint_freq_separate__sel_combined_intersection,healthcare_insurance_expenses,85,0.26353704768972624,2.687415063426074e-05,-2.539613204264729e-05,0.0084541390927659,0.9705436382142211,0.02279142755188815,0.5042826678275644,44,8,33,0.5714285714285714,0.45350964480908457,0.6836840285792658,0.016148190086146104,0.9838518099138539,0.12715233307385,0.9144695132230443,-0.2711641839103878,1.0695559025961974,-2.208025105476259,6.861174034732215,True
bag8,joint_freq_separate__sel_combined_intersection,heloc,85,0.26353704768972624,2.687415063426074e-05,-2.539613204264729e-05,0.0084541390927659,0.9705436382142211,0.02279142755188815,0.5042826678275644,44,8,33,0.5714285714285714,0.45350964480908457,0.6836840285792658,0.016148190086146104,0.9838518099138539,0.12715233307385,0.9144695132230443,-0.2711641839103878,1.0695559025961974,-2.208025105476259,6.861174034732215,True
bag8,joint_freq_separate__sel_combined_intersection,hiva_agnostic,85,0.25714061953506717,1.4377127831964757e-05,-2.539613204264729e-05,0.005935387326011,0.9705436382142211,0.016409396105681012,0.4978718429644533,43,9,33,0.5657894736842105,0.44711911659363124,0.6791744264083928,0.01829828680336048,0.9817017131966395,0.15093624524350396,0.8966315790958037,-0.2711641839103878,1.0695559025961974,-2.208025105476259,6.861174034732215,True
bag8,joint_freq_separate__sel_combined_intersection,houses,85,0.2635303083578828,1.4377127831964757e-05,-2.539613204264729e-05,0.0084541390927659,0.9705436382142211,0.02278434129009438,0.5042762754256713,43,9,33,0.5657894736842105,0.44711911659363124,0.6791744264083928,0.016150460526237274,0.9838495394737627,0.15093624524350396,0.8966315790958037,-0.2711641839103878,1.0695559025961974,-2.208025105476259,6.861174034732215,True
bag8,joint_freq_separate__sel_combined_intersection,in_vehicle_coupon_recommendation,85,0.23610911266438522,1.4377127831964757e-05,-2.539613204264729e-05,0.005935387326011,0.9705436382142211,0.0003269667031458867,0.47189125862562453,43,9,33,0.5657894736842105,0.44711911659363124,0.6791744264083928,0.024845155245801102,0.9751548447541989,0.15093624524350396,0.8966315790958037,-0.2711641839103878,0.9141252024937729,-2.208025105476259,6.861174034732215,True
bag8,joint_freq_separate__sel_combined_intersection,jm1,85,0.26352494535761883,1.4377127831964757e-05,-2.539613204264729e-05,0.0084541390927659,0.9705436382142211,0.022778702757335595,0.504271187957902,43,9,33,0.5657894736842105,0.44711911659363124,0.6791744264083928,0.01615226729212237,0.9838477327078776,0.15093624524350396,0.8966315790958037,-0.2711641839103878,1.0695559025961974,-2.208025105476259,6.861174034732215,True
bag8,joint_freq_separate__sel_combined_intersection,kddcup09_appetency,85,0.2178726604788412,1.4377127831964757e-05,-2.539613204264729e-05,0.005935387326011,0.9705436382142211,-0.007180684619358835,0.44292600557704126,43,9,33,0.5657894736842105,0.44711911659363124,0.6791744264083928,0.028796802308795274,0.9712031976912047,0.15093624524350396,0.8966315790958037,-0.2711641839103878,0.9141252024937729,-2.208025105476259,6.861174034732215,True
bag8,joint_freq_separate__sel_combined_intersection,lending_club,85,0.2606159961959358,1.4377127831964757e-05,-2.539613204264729e-05,0.005935387326011,0.9705436382142211,0.019791600028995437,0.5014403923628761,43,9,33,0.5657894736842105,0.44711911659363124,0.6791744264083928,0.017132076189775726,0.9828679238102243,0.15093624524350396,0.8966315790958037,-0.2711641839103878,1.0695559025961974,-2.208025105476259,6.861174034732215,True
bag8,joint_freq_separate__sel_combined_intersection,maternal_health_risk,85,0.24352863098891073,1.4377127831964757e-05,-2.539613204264729e-05,0.005935387326011,0.9705436382142211,0.005129631144136726,0.48192763083368473,43,9,33,0.5657894736842105,0.44711911659363124,0.6791744264083928,0.022687997554139944,0.97731200244586,0.15093624524350396,0.8966315790958037,-0.2711641839103878,0.9141252024937729,-2.208025105476259,6.861174034732215,True
bag8,joint_freq_separate__sel_combined_intersection,miami_housing,85,0.26356078553655743,2.687415063426074e-05,0.0,0.0084541390927659,0.9705436382142211,0.022816393472253588,0.5043051776008612,44,9,32,0.5789473684210527,0.46016634685290025,0.6913842751858272,0.01614019298976234,0.9838598070102377,0.10336842090419623,0.9323074473502846,-0.2711641839103878,1.0695559025961974,-2.208025105476259,6.861174034732215,True
bag8,joint_freq_separate__sel_combined_intersection,online_shoppers_intention,85,0.2493032346107022,1.4377127831964757e-05,-2.539613204264729e-05,0.005935387326011,0.9705436382142211,0.0095296545598553,0.48907681466154906,43,9,33,0.5657894736842105,0.44711911659363124,0.6791744264083928,0.020875384273633335,0.9791246157263667,0.15093624524350396,0.8966315790958037,-0.2711641839103878,0.9141252024937729,-2.208025105476259,6.861174034732215,True
bag8,joint_freq_separate__sel_combined_intersection,physiochemical_protein,85,0.26353621503869107,1.4377127831964757e-05,-2.539613204264729e-05,0.0084541390927659,0.9705436382142211,0.022790551995935687,0.5042818780814464,43,9,33,0.5657894736842105,0.44711911659363124,0.6791744264083928,0.016148470600966157,0.9838515293990339,0.15093624524350396,0.8966315790958037,-0.2711641839103878,1.0695559025961974,-2.208025105476259,6.861174034732215,True
bag8,joint_freq_separate__sel_combined_intersection,polish_companies_bankruptcy,85,0.26484787504997626,2.687415063426074e-05,0.0,0.0084541390927659,0.9705436382142211,0.024184270932982782,0.5055114791669697,44,9,32,0.5789473684210527,0.46016634685290025,0.6913842751858272,0.015706736315086137,0.9842932636849139,0.10336842090419623,0.9323074473502846,-0.2711641839103878,1.0695559025961974,-2.208025105476259,6.861174034732215,True
bag8,joint_freq_separate__sel_combined_intersection,qsar-biodeg,85,0.26072474002120577,1.4377127831964757e-05,-2.539613204264729e-05,0.005935387326011,0.9705436382142211,0.019900705297159482,0.5015487747452521,43,9,33,0.5657894736842105,0.44711911659363124,0.6791744264083928,0.017095478783565772,0.9829045212164342,0.15093624524350396,0.8966315790958037,-0.2711641839103878,1.0695559025961974,-2.208025105476259,6.861174034732215,True
bag8,joint_freq_separate__sel_combined_intersection,seismic-bumps,85,0.26367803673754464,2.687415063426074e-05,0.0,0.0084541390927659,0.9705436382142211,0.022939849746333313,0.5044162237287559,44,9,32,0.5789473684210527,0.46016634685290025,0.6913842751858272,0.016100692960411576,0.9838993070395884,0.10336842090419623,0.9323074473502846,-0.2711641839103878,1.0695559025961974,-2.208025105476259,6.861174034732215,True
bag8,joint_freq_separate__sel_combined_intersection,shifts_weather,85,0.26354436151061317,2.687415063426074e-05,0.0,0.0084541390927659,0.9705436382142211,0.022799118741330143,0.5042896042798962,44,9,32,0.5789473684210527,0.46016634685290025,0.6913842751858272,0.01614572610988058,0.9838542738901195,0.10336842090419623,0.9323074473502846,-0.2711641839103878,1.0695559025961974,-2.208025105476259,6.861174034732215,True
bag8,joint_freq_separate__sel_combined_intersection,students_dropout_and_academic_success,85,0.2549270921528096,1.4377127831964757e-05,-2.539613204264729e-05,0.005935387326011,0.9705436382142211,0.014361173798654647,0.4954930105069646,43,9,33,0.5657894736842105,0.44711911659363124,0.6791744264083928,0.01903558013959275,0.9809644198604073,0.15093624524350396,0.8966315790958037,-0.2711641839103878,1.0695559025961974,-2.208025105476259,6.861174034732215,True
bag8,joint_freq_separate__sel_combined_intersection,superconductivity,85,0.26362546505633444,2.687415063426074e-05,0.0,0.0084541390927659,0.9705436382142211,0.022884467296598182,0.5043664628160707,44,9,32,0.5789473684210527,0.46016634685290025,0.6913842751858272,0.016118403296040078,0.9838815967039599,0.10336842090419623,0.9323074473502846,-0.2711641839103878,1.0695559025961974,-2.208025105476259,6.861174034732215,True
bag8,joint_freq_separate__sel_combined_intersection,synthetic_label_shift,85,0.26368758179335405,2.687415063426074e-05,0.0,0.0084541390927659,0.9705436382142211,0.022949910122113892,0.5044252534645942,44,9,32,0.5789473684210527,0.46016634685290025,0.6913842751858272,0.016097477463185756,0.9839025225368142,0.10336842090419623,0.9323074473502846,-0.2711641839103878,1.0695559025961974,-2.208025105476259,6.861174034732215,True
bag8,joint_freq_separate__sel_combined_intersection,synthetic_large_test,85,0.26353704768972624,2.687415063426074e-05,-2.539613204264729e-05,0.0084541390927659,0.9705436382142211,0.02279142755188815,0.5042826678275644,44,8,33,0.5714285714285714,0.45350964480908457,0.6836840285792658,0.016148190086146104,0.9838518099138539,0.12715233307385,0.9144695132230443,-0.2711641839103878,1.0695559025961974,-2.208025105476259,6.861174034732215,True
bag8,joint_freq_separate__sel_combined_intersection,synthetic_partial_shift,85,0.26343758722981137,1.4377127831964757e-05,-2.539613204264729e-05,0.005935387326011,0.9705436382142211,0.022686924622721705,0.504188249836901,43,9,33,0.5657894736842105,0.44711911659363124,0.6791744264083928,0.016181698198431346,0.9838183018015686,0.15093624524350396,0.8966315790958037,-0.2711641839103878,1.0695559025961974,-2.208025105476259,6.861174034732215,True
bag8,joint_freq_separate__sel_combined_intersection,synthetic_shift_0.0,85,0.26259384351343573,1.4377127831964757e-05,-2.539613204264729e-05,0.005935387326011,0.9705436382142211,0.021807099454135614,0.5033805875727358,43,9,33,0.5657894736842105,0.44711911659363124,0.6791744264083928,0.016465976375332227,0.9835340236246678,0.15093624524350396,0.8966315790958037,-0.2711641839103878,1.0695559025961974,-2.208025105476259,6.861174034732215,True
bag8,joint_freq_separate__sel_combined_intersection,synthetic_shift_0.5,85,0.2621738375203067,1.4377127831964757e-05,-2.539613204264729e-05,0.005935387326011,0.9705436382142211,0.021373596688336133,0.5029740783522773,43,9,33,0.5657894736842105,0.44711911659363124,0.6791744264083928,0.01660748196077257,0.9833925180392274,0.15093624524350396,0.8966315790958037,-0.2711641839103878,1.0695559025961974,-2.208025105476259,6.861174034732215,True
bag8,joint_freq_separate__sel_combined_intersection,synthetic_shift_1.0,85,0.2645153765899507,2.687415063426074e-05,0.0,0.0084541390927659,0.9705436382142211,0.02382823004311857,0.5052025231367829,44,9,32,0.5789473684210527,0.46016634685290025,0.6913842751858272,0.015818675520448085,0.984181324479552,0.10336842090419623,0.9323074473502846,-0.2711641839103878,1.0695559025961974,-2.208025105476259,6.861174034732215,True
bag8,joint_freq_separate__sel_combined_intersection,synthetic_shift_3.0,85,0.26346721960353786,1.4377127831964757e-05,-2.539613204264729e-05,0.0084541390927659,0.9705436382142211,0.02271804189546492,0.5042163973116108,43,9,33,0.5657894736842105,0.44711911659363124,0.6791744264083928,0.016171714981027006,0.983828285018973,0.15093624524350396,0.8966315790958037,-0.2711641839103878,1.0695559025961974,-2.208025105476259,6.861174034732215,True
bag8,joint_freq_separate__sel_combined_intersection,synthetic_shift_5.0,85,0.2617973163937695,1.4377127831964757e-05,-2.539613204264729e-05,0.005935387326011,0.9705436382142211,0.02098749797351454,0.5026071348140245,43,9,33,0.5657894736842105,0.44711911659363124,0.6791744264083928,0.016734320909330667,0.9832656790906693,0.15093624524350396,0.8966315790958037,-0.2711641839103878,1.0695559025961974,-2.208025105476259,6.861174034732215,True
bag8,joint_freq_separate__sel_combined_intersection,synthetic_small_test,85,0.26353704768972624,2.687415063426074e-05,-2.539613204264729e-05,0.0084541390927659,0.9705436382142211,0.02279142755188815,0.5042826678275644,44,8,33,0.5714285714285714,0.45350964480908457,0.6836840285792658,0.016148190086146104,0.9838518099138539,0.12715233307385,0.9144695132230443,-0.2711641839103878,1.0695559025961974,-2.208025105476259,6.861174034732215,True
bag8,joint_freq_separate__sel_combined_intersection,tabred_cooking_time,85,0.26353742052612,2.687415063426074e-05,0.0,0.0084541390927659,0.9705436382142211,0.02279181960361079,0.5042830214486292,44,9,32,0.5789473684210527,0.46016634685290025,0.6913842751858272,0.016148064479969283,0.9838519355200307,0.10336842090419623,0.9323074473502846,-0.2711641839103878,1.0695559025961974,-2.208025105476259,6.861174034732215,True
bag8,joint_freq_separate__sel_combined_intersection,tabred_delivery_eta,85,0.26353587123502,1.4377127831964757e-05,-2.539613204264729e-05,0.0084541390927659,0.9705436382142211,0.02279019048012154,0.5042815519899184,43,9,33,0.5657894736842105,0.44711911659363124,0.6791744264083928,0.01614858642625134,0.9838514135737487,0.15093624524350396,0.8966315790958037,-0.2711641839103878,1.0695559025961974,-2.208025105476259,6.861174034732215,True
bag8,joint_freq_separate__sel_combined_intersection,tabred_delivery_eta__gap_far,85,0.2635368785470459,2.687415063426074e-05,-2.539613204264729e-05,0.0084541390927659,0.9705436382142211,0.022791249692664217,0.5042825074014275,43,9,33,0.5657894736842105,0.44711911659363124,0.6791744264083928,0.01614824706922949,0.9838517529307705,0.15093624524350396,0.8966315790958037,-0.2711641839103878,1.0695559025961974,-2.208025105476259,6.861174034732215,True
bag8,joint_freq_separate__sel_combined_intersection,tabred_delivery_eta__gap_maxdiff,85,0.2633873459464425,1.4377127831964757e-05,-2.539613204264729e-05,0.005935387326011,0.9705436382142211,0.022634199477113204,0.5041404924157717,43,9,33,0.5657894736842105,0.44711911659363124,0.6791744264083928,0.016198624795080344,0.9838013752049197,0.15093624524350396,0.8966315790958037,-0.2711641839103878,1.0695559025961974,-2.208025105476259,6.861174034732215,True
bag8,joint_freq_separate__sel_combined_intersection,tabred_delivery_eta__gap_near,85,0.2635407679674146,2.687415063426074e-05,0.0,0.0084541390927659,0.9705436382142211,0.02279533967090075,0.5042861962639285,44,9,32,0.5789473684210527,0.46016634685290025,0.6913842751858272,0.016146936749275757,0.9838530632507243,0.10336842090419623,0.9323074473502846,-0.2711641839103878,1.0695559025961974,-2.208025105476259,6.861174034732215,True
bag8,joint_freq_separate__sel_combined_intersection,tabred_ecom_offers,85,0.2648947436061668,2.687415063426074e-05,0.0,0.0084541390927659,0.9705436382142211,0.02423460774838951,0.5055548794639442,44,9,32,0.5789473684210527,0.46016634685290025,0.6913842751858272,0.015690960224270953,0.984309039775729,0.10336842090419623,0.9323074473502846,-0.2711641839103878,1.0695559025961974,-2.208025105476259,6.861174034732215,True
bag8,joint_freq_separate__sel_combined_intersection,tabred_homesite,85,0.2498230929987549,1.4377127831964757e-05,-2.539613204264729e-05,0.005935387326011,0.9705436382142211,0.009953767063581587,0.48969241893392823,43,9,33,0.5657894736842105,0.44711911659363124,0.6791744264083928,0.020707895430200494,0.9792921045697995,0.15093624524350396,0.8966315790958037,-0.2711641839103878,0.9141252024937729,-2.208025105476259,6.861174034732215,True
bag8,joint_freq_separate__sel_combined_intersection,tabred_homesite__gap_far,85,0.27095586963048557,2.687415063426074e-05,0.0,0.0084541390927659,0.9705436382142211,0.03105687468043314,0.510854864580538,44,9,32,0.5789473684210527,0.46016634685290025,0.6913842751858272,0.013662688818639655,0.9863373111813604,0.10336842090419623,0.9323074473502846,-0.19445627312144506,1.0695559025961974,-2.208025105476259,6.861174034732215,True
bag8,joint_freq_separate__sel_combined_intersection,tabred_homesite__gap_near,85,0.2578443920832357,1.4377127831964757e-05,-2.539613204264729e-05,0.005935387326011,0.9705436382142211,0.017077897020245175,0.49861088714622614,43,9,33,0.5657894736842105,0.44711911659363124,0.6791744264083928,0.018062816749536092,0.981937183250464,0.15093624524350396,0.8966315790958037,-0.2711641839103878,1.0695559025961974,-2.208025105476259,6.861174034732215,True
bag8,joint_freq_separate__sel_combined_intersection,tabred_sberbank,85,0.2669155008126428,2.687415063426074e-05,0.0,0.0084541390927659,0.9705436382142211,0.026440117917638672,0.507390883707647,44,9,32,0.5789473684210527,0.46016634685290025,0.6913842751858272,0.015011671070020606,0.9849883289299795,0.10336842090419623,0.9323074473502846,-0.19445627312144506,1.0695559025961974,-2.208025105476259,6.861174034732215,True
bag8,joint_freq_separate__sel_combined_intersection,tabred_sberbank__gap_far,85,0.27154379183070587,2.687415063426074e-05,0.0,0.0084541390927659,0.9705436382142211,0.03175175435491642,0.5113358293064953,44,9,32,0.5789473684210527,0.46016634685290025,0.6913842751858272,0.013467887455852125,0.9865321125441479,0.10336842090419623,0.9323074473502846,-0.19445627312144506,1.0695559025961974,-2.208025105476259,6.861174034732215,True
bag8,joint_freq_separate__sel_combined_intersection,tabred_sberbank__gap_near,85,0.25889695674994423,1.4377127831964757e-05,-2.539613204264729e-05,0.005935387326011,0.9705436382142211,0.018093259550489016,0.49970065394939944,43,9,33,0.5657894736842105,0.44711911659363124,0.6791744264083928,0.017709904211736596,0.9822900957882634,0.15093624524350396,0.8966315790958037,-0.2711641839103878,1.0695559025961974,-2.208025105476259,6.861174034732215,True
bag8,joint_freq_separate__sel_combined_intersection,tabred_weather,85,0.2635366720652448,1.4377127831964757e-05,-2.539613204264729e-05,0.0084541390927659,0.9705436382142211,0.022791032570750186,0.5042823115597393,43,9,33,0.5657894736842105,0.44711911659363124,0.6791744264083928,0.01614831663162728,0.9838516833683727,0.15093624524350396,0.8966315790958037,-0.2711641839103878,1.0695559025961974,-2.208025105476259,6.861174034732215,True
bag8,joint_freq_separate__sel_combined_intersection,tabred_weather__gap_far,85,0.2635272200064398,1.4377127831964757e-05,-2.539613204264729e-05,0.0084541390927659,0.9705436382142211,0.02278109421067498,0.5042733458022046,43,9,33,0.5657894736842105,0.44711911659363124,0.6791744264083928,0.016151500974809323,0.9838484990251907,0.15093624524350396,0.8966315790958037,-0.2711641839103878,1.0695559025961974,-2.208025105476259,6.861174034732215,True
bag8,joint_freq_separate__sel_combined_intersection,tabred_weather__gap_maxdiff,85,0.2635358277357069,1.4377127831964757e-05,-2.539613204264729e-05,0.0084541390927659,0.9705436382142211,0.02279014473994423,0.5042815107314695,43,9,33,0.5657894736842105,0.44711911659363124,0.6791744264083928,0.0161486010808961,0.9838513989191039,0.15093624524350396,0.8966315790958037,-0.2711641839103878,1.0695559025961974,-2.208025105476259,6.861174034732215,True
bag8,joint_freq_separate__sel_combined_intersection,tabred_weather__gap_near,85,0.26359871127877454,2.687415063426074e-05,0.0,0.0084541390927659,0.9705436382142211,0.022856300974606336,0.5043411215829428,44,9,32,0.5789473684210527,0.46016634685290025,0.6913842751858272,0.016127416236663798,0.9838725837633362,0.10336842090419623,0.9323074473502846,-0.2711641839103878,1.0695559025961974,-2.208025105476259,6.861174034732215,True
bag8,joint_freq_separate__sel_combined_intersection,taiwanese_bankruptcy_prediction,85,0.264344972040618,2.687415063426074e-05,0.0,0.0084541390927659,0.9705436382142211,0.02364648169720257,0.5050434623840334,44,9,32,0.5789473684210527,0.46016634685290025,0.6913842751858272,0.015876055894325468,0.9841239441056745,0.10336842090419623,0.9323074473502846,-0.2711641839103878,1.0695559025961974,-2.208025105476259,6.861174034732215,True
bag8,joint_freq_separate__sel_combined_intersection,tschalzev_mbgm,85,0.2608683897244598,1.4377127831964757e-05,-2.539613204264729e-05,0.005935387326011,0.9705436382142211,0.020045137234562888,0.5016916422143567,43,9,33,0.5657894736842105,0.44711911659363124,0.6791744264083928,0.01704712768206305,0.9829528723179369,0.15093624524350396,0.8966315790958037,-0.2711641839103878,1.0695559025961974,-2.208025105476259,6.861174034732215,True
bag8,joint_freq_separate__sel_combined_intersection,tschalzev_ogpcc,85,0.25984337766822674,1.4377127831964757e-05,-2.539613204264729e-05,0.005935387326011,0.9705436382142211,0.01902213759566737,0.5006646177407861,43,9,33,0.5657894736842105,0.44711911659363124,0.6791744264083928,0.017391962558256587,0.9826080374417434,0.15093624524350396,0.8966315790958037,-0.2711641839103878,1.0695559025961974,-2.208025105476259,6.861174034732215,True
bag8,joint_freq_separate__sel_combined_intersection,tschalzev_sctp,85,0.26353704768972624,2.687415063426074e-05,-2.539613204264729e-05,0.0084541390927659,0.9705436382142211,0.02279142755188815,0.5042826678275644,44,8,33,0.5714285714285714,0.45350964480908457,0.6836840285792658,0.016148190086146104,0.9838518099138539,0.12715233307385,0.9144695132230443,-0.2711641839103878,1.0695559025961974,-2.208025105476259,6.861174034732215,True
bag8,joint_freq_separate__sel_combined_intersection,website_phishing,85,0.2736663758690512,2.687415063426074e-05,0.0,0.0084541390927659,0.9705436382142211,0.03430953963684902,0.5130232121012533,44,9,32,0.5789473684210527,0.46016634685290025,0.6913842751858272,0.012768737997771564,0.9872312620022284,0.10336842090419623,0.9323074473502846,-0.19445627312144506,1.0695559025961974,-2.208025105476259,6.861174034732215,True
bag8,joint_freq_separate__sel_combined_intersection,wine_quality,85,0.26792976246771677,2.687415063426074e-05,0.0,0.0084541390927659,0.9705436382142211,0.027573089671471263,0.5082864352639622,44,9,32,0.5789473684210527,0.46016634685290025,0.6913842751858272,0.01467163643878786,0.9853283635612121,0.10336842090419623,0.9323074473502846,-0.19445627312144506,1.0695559025961974,-2.208025105476259,6.861174034732215,True
tabpfn,freq_ratio_log__sel_combined_intersection,Another-Dataset-on-used-Fiat-500,44,1.0282118767598134,0.26459501631770566,-0.0546419489508265,0.5579687759897445,0.9512332340955254,0.36625425840201864,1.6901694951176083,28,0,16,0.6363636363636364,0.4777214964386258,0.7759198599212762,0.0015580386127982623,0.9984419613872018,0.04807087721030712,0.9756166170477627,-0.3849159855558379,5.30922814401318,-1.4457740079734345,8.428313066279928,True
tabpfn,freq_ratio_log__sel_combined_intersection,Bank_Customer_Churn,44,1.0266521398219033,0.26459501631770566,-0.0546419489508265,0.5579687759897445,0.9512332340955254,0.36457331062548937,1.6887309690183172,28,0,16,0.6363636363636364,0.4777214964386258,0.7759198599212762,0.0015811464630256377,0.9984188535369743,0.04807087721030712,0.9756166170477627,-0.3849159855558379,5.30922814401318,-1.4457740079734345,8.428313066279928,True
tabpfn,freq_ratio_log__sel_combined_intersection,E-CommereShippingData,44,1.0379725670409756,0.3069420148142036,-0.0546419489508265,0.5579687759897445,0.9512332340955254,0.3771297104641562,1.698815423617795,28,0,16,0.6363636363636364,0.4777214964386258,0.7759198599212762,0.0014136135755861653,0.9985863864244138,0.04807087721030712,0.9756166170477627,-0.3849159855558379,5.30922814401318,-1.4457740079734345,8.428313066279928,True
tabpfn,freq_ratio_log__sel_combined_intersection,Fitness_Club,44,1.0435048852736712,0.3069420148142036,0.019709596031917,0.5579687759897445,0.9512332340955254,0.3835674794616223,1.7034422910857203,29,0,15,0.6590909090909091,0.5008050107057,0.7950826530305182,0.0013323510529153952,0.9986676489470846,0.024383382952237298,0.9886855793970426,-0.3849159855558379,5.30922814401318,-1.4457740079734345,8.428313066279928,True
tabpfn,freq_ratio_log__sel_combined_intersection,Is-this-a-good-customer,44,1.0608939756758835,0.3069420148142036,0.019709596031917,0.5579687759897445,0.9512332340955254,0.40510285772580756,1.7166850936259594,29,0,15,0.6590909090909091,0.5008050107057,0.7950826530305182,0.0010836595219940485,0.9989163404780059,0.024383382952237298,0.9886855793970426,-0.27499555711075285,5.30922814401318,-1.4457740079734345,8.428313066279928,True
tabpfn,freq_ratio_log__sel_combined_intersection,MIC,44,1.0158704286984206,0.26459501631770566,-0.0546419489508265,0.5178083936710972,0.9512332340955254,0.3533816290993146,1.6783592282975266,28,0,16,0.6363636363636364,0.4777214964386258,0.7759198599212762,0.001740112137676874,0.9982598878623231,0.04807087721030712,0.9756166170477627,-0.3849159855558379,5.30922814401318,-1.4457740079734345,8.428313066279928,True
tabpfn,freq_ratio_log__sel_combined_intersection,Marketing_Campaign,44,1.0438154650365468,0.3069420148142036,0.019709596031917,0.5579687759897445,0.9512332340955254,0.3839347796229875,1.703696150450106,29,0,15,0.6590909090909091,0.5008050107057,0.7950826530305182,0.001327810663773096,0.9986721893362269,0.024383382952237298,0.9886855793970426,-0.3849159855558379,5.30922814401318,-1.4457740079734345,8.428313066279928,True
tabpfn,freq_ratio_log__sel_combined_intersection,QSAR_fish_toxicity,44,1.044983727159928,0.3069420148142036,0.019709596031917,0.5579687759897445,0.9512332340955254,0.3853220157402144,1.7046454385796417,29,0,15,0.6590909090909091,0.5008050107057,0.7950826530305182,0.0013107559873194743,0.9986892440126806,0.024383382952237298,0.9886855793970426,-0.37113009346460174,5.30922814401318,-1.4457740079734345,8.428313066279928,True
tabpfn,freq_ratio_log__sel_combined_intersection,airfoil_self_noise,44,0.9132643675732921,0.26459501631770566,-0.0546419489508265,0.5178083936710972,0.9512332340955254,0.28513910281334975,1.5413896323332343,28,0,16,0.6363636363636364,0.4777214964386258,0.7759198599212762,0.0026876362588546727,0.9973123637411453,0.04807087721030712,0.9756166170477627,-0.3849159855558379,4.120757054763125,-1.4457740079734345,8.428313066279928,True
tabpfn,freq_ratio_log__sel_combined_intersection,bike_sharing,44,1.0257394038601158,0.26459501631770566,-0.0546419489508265,0.5178083936710972,0.9512332340955254,0.3635969070639212,1.6878819006563104,28,0,16,0.6363636363636364,0.4777214964386258,0.7759198599212762,0.001594663434686469,0.9984053365653135,0.04807087721030712,0.9756166170477627,-0.3849159855558379,5.30922814401318,-1.4457740079734345,8.428313066279928,True
tabpfn,freq_ratio_log__sel_combined_intersection,blood-transfusion-service-center,44,1.0212025078480707,0.26459501631770566,-0.0546419489508265,0.5178083936710972,0.9512332340955254,0.3588230624859634,1.683581953210178,28,0,16,0.6363636363636364,0.4777214964386258,0.7759198599212762,0.0016617335614876297,0.9983382664385123,0.04807087721030712,0.9756166170477627,-0.3849159855558379,5.30922814401318,-1.4457740079734345,8.428313066279928,True
tabpfn,freq_ratio_log__sel_combined_intersection,churn,44,1.0249536358754636,0.26459501631770566,-0.0546419489508265,0.5178083936710972,0.9512332340955254,0.36276062211262095,1.6871466496383063,28,0,16,0.6363636363636364,0.4777214964386258,0.7759198599212762,0.0016062954318389628,0.998393704568161,0.04807087721030712,0.9756166170477627,-0.3849159855558379,5.30922814401318,-1.4457740079734345,8.428313066279928,True
tabpfn,freq_ratio_log__sel_combined_intersection,coil2000_insurance_policies,44,1.0487320052112172,0.3069420148142036,0.019709596031917,0.5579687759897445,0.9512332340955254,0.38983286375446846,1.707631146667966,29,0,15,0.6590909090909091,0.5008050107057,0.7950826530305182,0.00125632429757117,0.9987436757024288,0.024383382952237298,0.9886855793970426,-0.27499555711075285,5.30922814401318,-1.4457740079734345,8.428313066279928,True
tabpfn,freq_ratio_log__sel_combined_intersection,concrete_compressive_strength,44,0.9981245914828928,0.26459501631770566,-0.0546419489508265,0.5178083936710972,0.9512332340955254,0.33658811307597114,1.6596610698898144,28,0,16,0.6363636363636364,0.4777214964386258,0.7759198599212762,0.0019934526740850835,0.998006547325915,0.04807087721030712,0.9756166170477627,-0.3849159855558379,5.30922814401318,-1.4457740079734345,8.428313066279928,True
tabpfn,freq_ratio_log__sel_combined_intersection,credit-g,44,0.997166719296451,0.26459501631770566,-0.0546419489508265,0.5178083936710972,0.9512332340955254,0.33573932407451523,1.6585941145183867,28,0,16,0.6363636363636364,0.4777214964386258,0.7759198599212762,0.0020066404288046386,0.9979933595711954,0.04807087721030712,0.9756166170477627,-0.3849159855558379,5.30922814401318,-1.4457740079734345,8.428313066279928,True
tabpfn,freq_ratio_log__sel_combined_intersection,diabetes,44,1.056771145296208,0.3069420148142036,0.019709596031917,0.5579687759897445,0.9512332340955254,0.3998174055478251,1.713724885044591,29,0,15,0.6590909090909091,0.5008050107057,0.7950826530305182,0.001141408166419482,0.9988585918335805,0.024383382952237298,0.9886855793970426,-0.27499555711075285,5.30922814401318,-1.4457740079734345,8.428313066279928,True
tabpfn,freq_ratio_log__sel_combined_intersection,gas_sensor_drift,44,0.8468679427171572,0.26459501631770566,-0.0546419489508265,0.5178083936710972,0.9512332340955254,0.28287967971298666,1.4108562057213276,28,0,16,0.6363636363636364,0.4777214964386258,0.7759198599212762,0.0020741726444643196,0.9979258273555357,0.04807087721030712,0.9756166170477627,-0.3849159855558379,4.120757054763125,-1.4457740079734345,6.516867072964731,True
tabpfn,freq_ratio_log__sel_combined_intersection,healthcare_insurance_expenses,44,1.0331215057978496,0.3069420148142036,-0.0546419489508265,0.5579687759897445,0.9512332340955254,0.3716477493039424,1.6945952622917568,28,0,16,0.6363636363636364,0.4777214964386258,0.7759198599212762,0.0014853032644121008,0.9985146967355879,0.04807087721030712,0.9756166170477627,-0.3849159855558379,5.30922814401318,-1.4457740079734345,8.428313066279928,True
tabpfn,freq_ratio_log__sel_combined_intersection,heloc,44,1.0396623748814924,0.3069420148142036,0.019709596031917,0.5579687759897445,0.9512332340955254,0.37907503214326554,1.700249717619719,29,0,15,0.6590909090909091,0.5008050107057,0.7950826530305182,0.001388723360030278,0.9986112766399697,0.024383382952237298,0.9886855793970426,-0.3849159855558379,5.30922814401318,-1.4457740079734345,8.428313066279928,True
tabpfn,freq_ratio_log__sel_combined_intersection,jm1,44,1.0418390870292624,0.3069420148142036,0.019709596031917,0.5579687759897445,0.9512332340955254,0.38160815557635164,1.702070018482173,29,0,15,0.6590909090909091,0.5008050107057,0.7950826530305182,0.0013567465721511082,0.9986432534278489,0.024383382952237298,0.9886855793970426,-0.3849159855558379,5.30922814401318,-1.4457740079734345,8.428313066279928,True
tabpfn,freq_ratio_log__sel_combined_intersection,maternal_health_risk,44,1.0138658610612126,0.26459501631770566,-0.0546419489508265,0.5178083936710972,0.9512332340955254,0.35138319624568637,1.6763485258767388,28,0,16,0.6363636363636364,0.4777214964386258,0.7759198599212762,0.0017693920400166034,0.9982306079599834,0.04807087721030712,0.9756166170477627,-0.3849159855558379,5.30922814401318,-1.4457740079734345,8.428313066279928,True
tabpfn,freq_ratio_log__sel_combined_intersection,online_shoppers_intention,44,1.017687261314152,0.26459501631770566,-0.0546419489508265,0.5178083936710972,0.9512332340955254,0.3552152041444978,1.6801593184838064,28,0,16,0.6363636363636364,0.4777214964386258,0.7759198599212762,0.001713477901708742,0.9982865220982913,0.04807087721030712,0.9756166170477627,-0.3849159855558379,5.30922814401318,-1.4457740079734345,8.428313066279928,True
tabpfn,freq_ratio_log__sel_combined_intersection,polish_companies_bankruptcy,44,0.8903098971106843,0.26459501631770566,-0.0546419489508265,0.5178083936710972,0.9512332340955254,0.2801030123079149,1.5005167819134537,28,0,16,0.6363636363636364,0.4777214964386258,0.7759198599212762,0.00261493764450042,0.9973850623554996,0.04807087721030712,0.9756166170477627,-0.3849159855558379,4.120757054763125,-1.4457740079734345,8.428313066279928,True
tabpfn,freq_ratio_log__sel_combined_intersection,qsar-biodeg,44,1.0316924728165657,0.27550328922595413,-0.0546419489508265,0.5579687759897445,0.9512332340955254,0.37006184491249516,1.6933231007206362,28,0,16,0.6363636363636364,0.4777214964386258,0.7759198599212762,0.0015064655803829704,0.998493534419617,0.04807087721030712,0.9756166170477627,-0.3849159855558379,5.30922814401318,-1.4457740079734345,8.428313066279928,True
tabpfn,freq_ratio_log__sel_combined_intersection,seismic-bumps,44,1.0399416955792433,0.3069420148142036,0.019709596031917,0.5579687759897445,0.9512332340955254,0.3793983701313659,1.7004850210271207,29,0,15,0.6590909090909091,0.5008050107057,0.7950826530305182,0.0013846143298738313,0.9986153856701262,0.024383382952237298,0.9886855793970426,-0.3849159855558379,5.30922814401318,-1.4457740079734345,8.428313066279928,True
tabpfn,freq_ratio_log__sel_combined_intersection,students_dropout_and_academic_success,44,1.0354686500460188,0.3069420148142036,-0.0546419489508265,0.5579687759897445,0.9512332340955254,0.37428115764552317,1.6966561424465145,28,0,16,0.6363636363636364,0.4777214964386258,0.7759198599212762,0.0014505809986576415,0.9985494190013424,0.04807087721030712,0.9756166170477627,-0.3849159855558379,5.30922814401318,-1.4457740079734345,8.428313066279928,True
tabpfn,freq_ratio_log__sel_combined_intersection,synthetic_large_test,44,1.0434356217016658,0.3069420148142036,0.019709596031917,0.5579687759897445,0.9512332340955254,0.38348565196127105,1.7033855914420606,29,0,15,0.6590909090909091,0.5008050107057,0.7950826530305182,0.0013333639792680236,0.9986666360207319,0.024383382952237298,0.9886855793970426,-0.3849159855558379,5.30922814401318,-1.4457740079734345,8.428313066279928,True
tabpfn,freq_ratio_log__sel_combined_intersection,synthetic_shift_0.0,44,1.0439393413954403,0.3069420148142036,0.019709596031917,0.5579687759897445,0.9512332340955254,0.3840814541399159,1.7037972286509646,29,0,15,0.6590909090909091,0.5008050107057,0.7950826530305182,0.0013260004441214201,0.9986739995558785,0.024383382952237298,0.9886855793970426,-0.3849159855558379,5.30922814401318,-1.4457740079734345,8.428313066279928,True
tabpfn,freq_ratio_log__sel_combined_intersection,synthetic_shift_0.5,44,1.0402569287304315,0.3069420148142036,0.019709596031917,0.5579687759897445,0.9512332340955254,0.37976388730572397,1.700749970155139,29,0,15,0.6590909090909091,0.5008050107057,0.7950826530305182,0.0013799789220729749,0.998620021077927,0.024383382952237298,0.9886855793970426,-0.3849159855558379,5.30922814401318,-1.4457740079734345,8.428313066279928,True
tabpfn,freq_ratio_log__sel_combined_intersection,synthetic_shift_1.0,44,1.034011572736442,0.3069420148142036,-0.0546419489508265,0.5579687759897445,0.9512332340955254,0.372642183570026,1.6953809619028581,28,0,16,0.6363636363636364,0.4777214964386258,0.7759198599212762,0.001472129871960129,0.9985278701280399,0.04807087721030712,0.9756166170477627,-0.3849159855558379,5.30922814401318,-1.4457740079734345,8.428313066279928,True
tabpfn,freq_ratio_log__sel_combined_intersection,synthetic_shift_3.0,44,1.027348054090404,0.26459501631770566,-0.0546419489508265,0.5579687759897445,0.9512332340955254,0.3653213708845312,1.6893747372962769,28,0,16,0.6363636363636364,0.4777214964386258,0.7759198599212762,0.001570837455562793,0.9984291625444371,0.04807087721030712,0.9756166170477627,-0.3849159855558379,5.30922814401318,-1.4457740079734345,8.428313066279928,True
tabpfn,freq_ratio_log__sel_combined_intersection,synthetic_shift_5.0,44,1.030999592817155,0.26459501631770566,-0.0546419489508265,0.5579687759897445,0.9512332340955254,0.3692976461386115,1.6927015394956983,28,0,16,0.6363636363636364,0.4777214964386258,0.7759198599212762,0.0015167302049175454,0.9984832697950824,0.04807087721030712,0.9756166170477627,-0.3849159855558379,5.30922814401318,-1.4457740079734345,8.428313066279928,True
tabpfn,freq_ratio_log__sel_combined_intersection,tabred_delivery_eta__gap_far,44,1.0481049783402476,0.3069420148142036,0.019709596031917,0.5579687759897445,0.9512332340955254,0.38907188989146957,1.7071380667890257,29,0,15,0.6590909090909091,0.5008050107057,0.7950826530305182,0.001265396927717062,0.9987346030722829,0.024383382952237298,0.9886855793970426,-0.27499555711075285,5.30922814401318,-1.4457740079734345,8.428313066279928,True
tabpfn,freq_ratio_log__sel_combined_intersection,tabred_delivery_eta__gap_maxdiff,44,1.040637268476484,0.3069420148142036,0.019709596031917,0.5579687759897445,0.9512332340955254,0.38020575403949974,1.701068782913468,29,0,15,0.6590909090909091,0.5008050107057,0.7950826530305182,0.0013743889354657075,0.9986256110645343,0.024383382952237298,0.9886855793970426,-0.3849159855558379,5.30922814401318,-1.4457740079734345,8.428313066279928,True
tabpfn,freq_ratio_log__sel_combined_intersection,tabred_delivery_eta__gap_near,44,1.0405041723294937,0.3069420148142036,0.019709596031917,0.5579687759897445,0.9512332340955254,0.38005102044418937,1.700957324214798,29,0,15,0.6590909090909091,0.5008050107057,0.7950826530305182,0.0013763447429988008,0.9986236552570011,0.024383382952237298,0.9886855793970426,-0.3849159855558379,5.30922814401318,-1.4457740079734345,8.428313066279928,True
tabpfn,freq_ratio_log__sel_combined_intersection,tabred_homesite__gap_far,44,0.91237799392157,0.26459501631770566,-0.0546419489508265,0.5178083936710972,0.9512332340955254,0.2848687984578093,1.5398871893853308,28,0,16,0.6363636363636364,0.4777214964386258,0.7759198599212762,0.0026874198870146023,0.9973125801129854,0.04807087721030712,0.9756166170477627,-0.3849159855558379,4.120757054763125,-1.4457740079734345,8.428313066279928,True
tabpfn,freq_ratio_log__sel_combined_intersection,tabred_homesite__gap_near,44,0.9158046680133392,0.26459501631770566,-0.0546419489508265,0.5178083936710972,0.9512332340955254,0.28594652917598307,1.5456628068506952,28,0,16,0.6363636363636364,0.4777214964386258,0.7759198599212762,0.0026871577215676844,0.9973128422784323,0.04807087721030712,0.9756166170477627,-0.3849159855558379,4.120757054763125,-1.4457740079734345,8.428313066279928,True
tabpfn,freq_ratio_log__sel_combined_intersection,tabred_sberbank__gap_far,44,0.922309895985668,0.26459501631770566,-0.0546419489508265,0.5178083936710972,0.9512332340955254,0.28823324032493103,1.556386551646405,28,0,16,0.6363636363636364,0.4777214964386258,0.7759198599212762,0.002678672713939298,0.9973213272860607,0.04807087721030712,0.9756166170477627,-0.3849159855558379,4.321118076310854,-1.4457740079734345,8.428313066279928,True
tabpfn,freq_ratio_log__sel_combined_intersection,tabred_sberbank__gap_near,44,1.0035838216989026,0.26459501631770566,-0.0546419489508265,0.5178083936710972,0.9512332340955254,0.34153858540980164,1.6656290579880035,28,0,16,0.6363636363636364,0.4777214964386258,0.7759198599212762,0.0019171785926802578,0.9980828214073197,0.04807087721030712,0.9756166170477627,-0.3849159855558379,5.30922814401318,-1.4457740079734345,8.428313066279928,True
tabpfn,freq_ratio_log__sel_combined_intersection,tabred_weather__gap_far,44,1.0276433450967113,0.26459501631770566,-0.0546419489508265,0.5579687759897445,0.9512332340955254,0.36563973067499345,1.6896469595184291,28,0,16,0.6363636363636364,0.4777214964386258,0.7759198599212762,0.0015664625278301952,0.9984335374721698,0.04807087721030712,0.9756166170477627,-0.3849159855558379,5.30922814401318,-1.4457740079734345,8.428313066279928,True
tabpfn,freq_ratio_log__sel_combined_intersection,tabred_weather__gap_maxdiff,44,1.031196642229827,0.26459501631770566,-0.0546419489508265,0.5579687759897445,0.9512332340955254,0.3695146630124836,1.6928786214471705,28,0,16,0.6363636363636364,0.4777214964386258,0.7759198599212762,0.0015138108332001987,0.9984861891667998,0.04807087721030712,0.9756166170477627,-0.3849159855558379,5.30922814401318,-1.4457740079734345,8.428313066279928,True
tabpfn,freq_ratio_log__sel_combined_intersection,tabred_weather__gap_near,44,1.0345208265219088,0.3069420148142036,-0.0546419489508265,0.5579687759897445,0.9512332340955254,0.3732134519564022,1.6958282010874153,28,0,16,0.6363636363636364,0.4777214964386258,0.7759198599212762,0.0014645959134055244,0.9985354040865945,0.04807087721030712,0.9756166170477627,-0.3849159855558379,5.30922814401318,-1.4457740079734345,8.428313066279928,True
tabpfn,freq_ratio_log__sel_combined_intersection,taiwanese_bankruptcy_prediction,44,1.0712790125865517,0.3069420148142036,0.019709596031917,0.5579687759897445,0.9512332340955254,0.4189169164237613,1.7236411087493422,29,0,15,0.6590909090909091,0.5008050107057,0.7950826530305182,0.0009426263351626044,0.9990573736648374,0.024383382952237298,0.9886855793970426,-0.27499555711075285,5.30922814401318,-0.9888323839040288,8.428313066279928,True
tabpfn,freq_ratio_log__sel_combined_intersection,tschalzev_mbgm,44,1.0374170063829877,0.3069420148142036,-0.0546419489508265,0.5579687759897445,0.9512332340955254,0.3764941823314254,1.69833983043455,28,0,16,0.6363636363636364,0.4777214964386258,0.7759198599212762,0.0014218077105063915,0.9985781922894936,0.04807087721030712,0.9756166170477627,-0.3849159855558379,5.30922814401318,-1.4457740079734345,8.428313066279928,True
tabpfn,freq_ratio_log__sel_combined_intersection,wine_quality,44,1.0068156125151189,0.26459501631770566,-0.0546419489508265,0.5178083936710972,0.9512332340955254,0.344559633518016,1.6690715915122216,28,0,16,0.6363636363636364,0.4777214964386258,0.7759198599212762,0.0018712351582270284,0.9981287648417729,0.04807087721030712,0.9756166170477627,-0.3849159855558379,5.30922814401318,-1.4457740079734345,8.428313066279928,True
tabpfn,freq_ratio_log__sel_combined_union,Another-Dataset-on-used-Fiat-500,44,1.1242039618562916,-0.0124676365809929,-0.1745484557946975,0.5129730983606514,0.9512332340955254,0.04644544675744977,2.201962476955133,21,0,23,0.4772727272727273,0.324614216397083,0.6331024834071655,0.02065005701844022,0.9793499429815598,0.674206086395543,0.440197910640336,-0.9706158039454708,5.063179630811973,-6.5036407072443865,16.025265142009776,True
tabpfn,freq_ratio_log__sel_combined_union,Bank_Customer_Churn,44,1.13117972410397,0.0131675626697752,-0.1745484557946975,0.5129730983606514,0.9512332340955254,0.05403063854443935,2.2083288096635005,22,0,22,0.5,0.3456115734972564,0.6543884265027435,0.02000395999782837,0.9799960400021717,0.559802089359664,0.559802089359664,-0.9706158039454708,5.063179630811973,-6.5036407072443865,16.025265142009776,True
tabpfn,freq_ratio_log__sel_combined_union,E-CommereShippingData,44,1.1167469762087572,-0.0124676365809929,-0.1745484557946975,0.480088085391923,0.9512332340955254,0.03854977585368258,2.1949441765638316,21,0,23,0.4772727272727273,0.324614216397083,0.6331024834071655,0.02134053297290066,0.9786594670270993,0.674206086395543,0.440197910640336,-0.9706158039454708,5.063179630811973,-6.5036407072443865,16.025265142009776,True
tabpfn,freq_ratio_log__sel_combined_union,Fitness_Club,44,1.145927826352822,0.0131675626697752,-0.1020821098271824,0.5129730983606514,0.9512332340955254,0.0707022549737788,2.2211533977318654,22,0,22,0.5,0.3456115734972564,0.6543884265027435,0.018640542965941802,0.9813594570340581,0.559802089359664,0.559802089359664,-0.9706158039454708,5.063179630811973,-6.5036407072443865,16.025265142009776,True
tabpfn,freq_ratio_log__sel_combined_union,Is-this-a-good-customer,44,1.1319029626200974,0.0131675626697752,-0.1745484557946975,0.5129730983606514,0.9512332340955254,0.054828083432962416,2.2089778418072323,22,0,22,0.5,0.3456115734972564,0.6543884265027435,0.019936991849001832,0.9800630081509982,0.559802089359664,0.559802089359664,-0.9706158039454708,5.063179630811973,-6.5036407072443865,16.025265142009776,True
tabpfn,freq_ratio_log__sel_combined_union,MIC,44,1.278512550905022,0.0131675626697752,-0.1020821098271824,0.5129730983606514,0.9512332340955254,0.26079484984536117,2.2962302519646824,22,0,22,0.5,0.3456115734972564,0.6543884265027435,0.007510388703960107,0.9924896112960399,0.559802089359664,0.559802089359664,-0.8919896861343912,5.063179630811973,-3.089667710728003,16.025265142009776,True
tabpfn,freq_ratio_log__sel_combined_union,Marketing_Campaign,44,1.155634164896512,0.0131675626697752,-0.1020821098271824,0.5129730983606514,0.9512332340955254,0.08214686890192713,2.229121460891097,22,0,22,0.5,0.3456115734972564,0.6543884265027435,0.017747587456380328,0.9822524125436196,0.559802089359664,0.559802089359664,-0.8919896861343912,5.063179630811973,-6.5036407072443865,16.025265142009776,True
tabpfn,freq_ratio_log__sel_combined_union,QSAR_fish_toxicity,44,1.1346695451902564,0.0131675626697752,-0.1020821098271824,0.5129730983606514,0.9512332340955254,0.05789765410754377,2.211441436272969,22,0,22,0.5,0.3456115734972564,0.6543884265027435,0.01968088627775127,0.9803191137222487,0.559802089359664,0.559802089359664,-0.9706158039454708,5.063179630811973,-6.5036407072443865,16.025265142009776,True
tabpfn,freq_ratio_log__sel_combined_union,airfoil_self_noise,44,0.7664919634219728,-0.0124676365809929,-0.1745484557946975,0.480088085391923,0.9512332340955254,-0.05428216893920823,1.587266095783154,21,0,23,0.4772727272727273,0.324614216397083,0.6331024834071655,0.03321615727922236,0.9667838427207777,0.674206086395543,0.440197910640336,-0.9706158039454708,4.421356684695039,-6.5036407072443865,8.398180072022424,True
tabpfn,freq_ratio_log__sel_combined_union,bike_sharing,44,1.1300144877743894,-0.0124676365809929,-0.1745484557946975,0.5129730983606514,0.9512332340955254,0.05275020339253289,2.207278772156246,21,0,23,0.4772727272727273,0.324614216397083,0.6331024834071655,0.02011186641054882,0.9798881335894511,0.674206086395543,0.440197910640336,-0.9706158039454708,5.063179630811973,-6.5036407072443865,16.025265142009776,True
tabpfn,freq_ratio_log__sel_combined_union,blood-transfusion-service-center,44,1.137027836414311,0.0131675626697752,-0.1020821098271824,0.5129730983606514,0.9512332340955254,0.06053817824885299,2.2135174945797687,22,0,22,0.5,0.3456115734972564,0.6543884265027435,0.0194626824403224,0.9805373175596777,0.559802089359664,0.559802089359664,-0.9706158039454708,5.063179630811973,-6.5036407072443865,16.025265142009776,True
tabpfn,freq_ratio_log__sel_combined_union,churn,44,1.0119252226179913,-0.0124676365809929,-0.1745484557946975,0.480088085391923,0.9512332340955254,-0.0490703151755012,2.072920760411484,21,0,23,0.4772727272727273,0.324614216397083,0.6331024834071655,0.030532157290037186,0.9694678427099628,0.674206086395543,0.440197910640336,-0.9706158039454708,4.421356684695039,-6.5036407072443865,16.025265142009776,True
tabpfn,freq_ratio_log__sel_combined_union,coil2000_insurance_policies,44,1.1517935144445544,0.0131675626697752,-0.1020821098271824,0.5129730983606514,0.9512332340955254,0.07757344241089137,2.226013586478217,22,0,22,0.5,0.3456115734972564,0.6543884265027435,0.01810034911133272,0.9818996508886673,0.559802089359664,0.559802089359664,-0.9346023870960417,5.063179630811973,-6.5036407072443865,16.025265142009776,True
tabpfn,freq_ratio_log__sel_combined_union,concrete_compressive_strength,44,1.091717987242715,-0.0124676365809929,-0.1745484557946975,0.480088085391923,0.9512332340955254,0.01365351957400307,2.169782454911427,21,0,23,0.4772727272727273,0.324614216397083,0.6331024834071655,0.023645722403268548,0.9763542775967314,0.674206086395543,0.440197910640336,-0.9706158039454708,5.063179630811973,-6.5036407072443865,16.025265142009776,True
tabpfn,freq_ratio_log__sel_combined_union,credit-g,44,1.0783097886703399,-0.0124676365809929,-0.1745484557946975,0.480088085391923,0.9512332340955254,0.0013343317105103392,2.1552852456301697,21,0,23,0.4772727272727273,0.324614216397083,0.6331024834071655,0.02486460796483512,0.9751353920351649,0.674206086395543,0.440197910640336,-0.9706158039454708,5.063179630811973,-6.5036407072443865,16.025265142009776,True
tabpfn,freq_ratio_log__sel_combined_union,diabetes,44,1.1490652252892948,0.0131675626697752,-0.1020821098271824,0.5129730983606514,0.9512332340955254,0.07436040154595447,2.223770049032635,22,0,22,0.5,0.3456115734972564,0.6543884265027435,0.01835141069534514,0.9816485893046549,0.559802089359664,0.559802089359664,-0.9706158039454708,5.063179630811973,-6.5036407072443865,16.025265142009776,True
tabpfn,freq_ratio_log__sel_combined_union,gas_sensor_drift,44,1.0955578153409211,-0.0124676365809929,-0.1745484557946975,0.480088085391923,0.9512332340955254,0.017312387826514897,2.1738032428553273,21,0,23,0.4772727272727273,0.324614216397083,0.6331024834071655,0.023294109355877297,0.9767058906441227,0.674206086395543,0.440197910640336,-0.9706158039454708,5.063179630811973,-6.5036407072443865,16.025265142009776,True
tabpfn,freq_ratio_log__sel_combined_union,healthcare_insurance_expenses,44,0.9416071370426871,-0.0124676365809929,-0.1745484557946975,0.480088085391923,0.9512332340955254,-0.08240897326953678,1.965623247354911,21,0,23,0.4772727272727273,0.324614216397083,0.6331024834071655,0.03527438417233522,0.9647256158276648,0.674206086395543,0.440197910640336,-0.9706158039454708,4.421356684695039,-6.5036407072443865,16.025265142009776,True
tabpfn,freq_ratio_log__sel_combined_union,heloc,44,1.1321343857433264,0.0131675626697752,-0.1745484557946975,0.5129730983606514,0.9512332340955254,0.05508368884970438,2.2091850826369486,22,0,22,0.5,0.3456115734972564,0.6543884265027435,0.019915564579876338,0.9800844354201237,0.559802089359664,0.559802089359664,-0.9706158039454708,5.063179630811973,-6.5036407072443865,16.025265142009776,True
tabpfn,freq_ratio_log__sel_combined_union,jm1,44,1.1171311839974762,-0.0124676365809929,-0.1745484557946975,0.480088085391923,0.9512332340955254,0.038951218114715136,2.1953111498802373,21,0,23,0.4772727272727273,0.324614216397083,0.6331024834071655,0.02130497516414256,0.9786950248358575,0.674206086395543,0.440197910640336,-0.9706158039454708,5.063179630811973,-6.5036407072443865,16.025265142009776,True
tabpfn,freq_ratio_log__sel_combined_union,maternal_health_risk,44,1.0571963997322833,-0.0124676365809929,-0.1745484557946975,0.480088085391923,0.9512332340955254,-0.01661848374558028,2.131011283210147,21,0,23,0.4772727272727273,0.324614216397083,0.6331024834071655,0.026745839049519868,0.9732541609504801,0.674206086395543,0.440197910640336,-0.9706158039454708,5.063179630811973,-6.5036407072443865,16.025265142009776,True
tabpfn,freq_ratio_log__sel_combined_union,online_shoppers_intention,44,1.0440812936295787,-0.0124676365809929,-0.1745484557946975,0.480088085391923,0.9512332340955254,-0.02687396535495079,2.115036552614108,21,0,23,0.4772727272727273,0.324614216397083,0.6331024834071655,0.027883055122069334,0.9721169448779307,0.674206086395543,0.440197910640336,-0.9706158039454708,5.063179630811973,-6.5036407072443865,16.025265142009776,True
tabpfn,freq_ratio_log__sel_combined_union,polish_companies_bankruptcy,44,0.9398348059216854,-0.0124676365809929,-0.1745484557946975,0.480088085391923,0.9512332340955254,-0.08296617976721099,1.9626357916105819,21,0,23,0.4772727272727273,0.324614216397083,0.6331024834071655,0.035368766741763195,0.9646312332582367,0.674206086395543,0.440197910640336,-0.9706158039454708,4.421356684695039,-6.5036407072443865,16.025265142009776,True
tabpfn,freq_ratio_log__sel_combined_union,qsar-biodeg,44,1.1449443020210168,0.0131675626697752,-0.1020821098271824,0.5129730983606514,0.9512332340955254,0.0695635571526243,2.2203250468894096,22,0,22,0.5,0.3456115734972564,0.6543884265027435,0.018731265503026014,0.981268734496974,0.559802089359664,0.559802089359664,-0.9706158039454708,5.063179630811973,-6.5036407072443865,16.025265142009776,True
tabpfn,freq_ratio_log__sel_combined_union,seismic-bumps,44,1.1044541025479244,-0.0124676365809929,-0.1745484557946975,0.480088085391923,0.9512332340955254,0.026013097572205268,2.1828951075236436,21,0,23,0.4772727272727273,0.324614216397083,0.6331024834071655,0.022476155803544732,0.9775238441964553,0.674206086395543,0.440197910640336,-0.9706158039454708,5.063179630811973,-6.5036407072443865,16.025265142009776,True
tabpfn,freq_ratio_log__sel_combined_union,students_dropout_and_academic_success,44,1.1531770436965563,0.0131675626697752,-0.1020821098271824,0.5129730983606514,0.9512332340955254,0.07921414791811743,2.227139939474995,22,0,22,0.5,0.3456115734972564,0.6543884265027435,0.017973179029596564,0.9820268209704035,0.559802089359664,0.559802089359664,-0.8919896861343912,5.063179630811973,-6.5036407072443865,16.025265142009776,True
tabpfn,freq_ratio_log__sel_combined_union,synthetic_large_test,44,1.1330225827819038,0.0131675626697752,-0.1745484557946975,0.5129730983606514,0.9512332340955254,0.056066667115425295,2.2099784984483826,22,0,22,0.5,0.3456115734972564,0.6543884265027435,0.019833333710726438,0.9801666662892736,0.559802089359664,0.559802089359664,-0.9706158039454708,5.063179630811973,-6.5036407072443865,16.025265142009776,True
tabpfn,freq_ratio_log__sel_combined_union,synthetic_shift_0.0,44,1.138044491710887,0.0131675626697752,-0.1020821098271824,0.5129730983606514,0.9512332340955254,0.06168331032277896,2.214405673098995,22,0,22,0.5,0.3456115734972564,0.6543884265027435,0.019368652172375836,0.9806313478276242,0.559802089359664,0.559802089359664,-0.9706158039454708,5.063179630811973,-6.5036407072443865,16.025265142009776,True
tabpfn,freq_ratio_log__sel_combined_union,synthetic_shift_0.5,44,1.1325366604083653,0.0131675626697752,-0.1745484557946975,0.5129730983606514,0.9512332340955254,0.055528503744414204,2.2095448170723166,22,0,22,0.5,0.3456115734972564,0.6543884265027435,0.019878319946536455,0.9801216800534636,0.559802089359664,0.559802089359664,-0.9706158039454708,5.063179630811973,-6.5036407072443865,16.025265142009776,True
tabpfn,freq_ratio_log__sel_combined_union,synthetic_shift_1.0,44,1.1272721729241888,-0.0124676365809929,-0.1745484557946975,0.5129730983606514,0.9512332340955254,0.049757987046093355,2.2047863588022842,21,0,23,0.4772727272727273,0.324614216397083,0.6331024834071655,0.02036585743371362,0.9796341425662864,0.674206086395543,0.440197910640336,-0.9706158039454708,5.063179630811973,-6.5036407072443865,16.025265142009776,True
tabpfn,freq_ratio_log__sel_combined_union,synthetic_shift_3.0,44,1.123108673067591,-0.0124676365809929,-0.1745484557946975,0.5129730983606514,0.9512332340955254,0.04527195463090816,2.200945391504274,21,0,23,0.4772727272727273,0.324614216397083,0.6331024834071655,0.020751506120414532,0.9792484938795855,0.674206086395543,0.440197910640336,-0.9706158039454708,5.063179630811973,-6.5036407072443865,16.025265142009776,True
tabpfn,freq_ratio_log__sel_combined_union,synthetic_shift_5.0,44,1.1190440553230891,-0.0124676365809929,-0.1745484557946975,0.480088085391923,0.9512332340955254,0.04095857313969842,2.1971295375064797,21,0,23,0.4772727272727273,0.324614216397083,0.6331024834071655,0.0211279056875487,0.9788720943124514,0.674206086395543,0.440197910640336,-0.9706158039454708,5.063179630811973,-6.5036407072443865,16.025265142009776,True
tabpfn,freq_ratio_log__sel_combined_union,tabred_delivery_eta__gap_far,44,1.1480969382582427,0.0131675626697752,-0.1020821098271824,0.5129730983606514,0.9512332340955254,0.07322721226838524,2.2229666642481,22,0,22,0.5,0.3456115734972564,0.6543884265027435,0.018440599002309644,0.9815594009976903,0.559802089359664,0.559802089359664,-0.9706158039454708,5.063179630811973,-6.5036407072443865,16.025265142009776,True
tabpfn,freq_ratio_log__sel_combined_union,tabred_delivery_eta__gap_maxdiff,44,1.130792056312283,0.004638871252667499,-0.1745484557946975,0.5129730983606514,0.9512332340955254,0.053604047837894964,2.207980064786671,22,0,22,0.5,0.3456115734972564,0.6543884265027435,0.020039858404264126,0.9799601415957359,0.559802089359664,0.559802089359664,-0.9706158039454708,5.063179630811973,-6.5036407072443865,16.025265142009776,True
tabpfn,freq_ratio_log__sel_combined_union,tabred_delivery_eta__gap_near,44,1.1197914419814692,-0.0124676365809929,-0.1745484557946975,0.5129730983606514,0.9512332340955254,0.041746803070158434,2.19783608089278,21,0,23,0.4772727272727273,0.324614216397083,0.6331024834071655,0.02105870767780471,0.9789412923221953,0.674206086395543,0.440197910640336,-0.9706158039454708,5.063179630811973,-6.5036407072443865,16.025265142009776,True
tabpfn,freq_ratio_log__sel_combined_union,tabred_homesite__gap_far,44,1.069620739560805,-0.0124676365809929,-0.1745484557946975,0.480088085391923,0.9512332340955254,-0.00626868998256791,2.145510169104178,21,0,23,0.4772727272727273,0.324614216397083,0.6331024834071655,0.02564532512365708,0.974354674876343,0.674206086395543,0.440197910640336,-0.9706158039454708,5.063179630811973,-6.5036407072443865,16.025265142009776,True
tabpfn,freq_ratio_log__sel_combined_union,tabred_homesite__gap_near,44,1.0242753822068538,-0.0124676365809929,-0.1745484557946975,0.480088085391923,0.9512332340955254,-0.041045139746518355,2.089595904160226,21,0,23,0.4772727272727273,0.324614216397083,0.6331024834071655,0.029541345627191497,0.9704586543728085,0.674206086395543,0.440197910640336,-0.9706158039454708,4.80174160003201,-6.5036407072443865,16.025265142009776,True
tabpfn,freq_ratio_log__sel_combined_union,tabred_sberbank__gap_far,44,0.9791530847582759,-0.0124676365809929,-0.1745484557946975,0.480088085391923,0.9512332340955254,-0.06727635147625555,2.025582520992807,21,0,23,0.4772727272727273,0.324614216397083,0.6331024834071655,0.03295908322169887,0.9670409167783011,0.674206086395543,0.440197910640336,-0.9706158039454708,4.421356684695039,-6.5036407072443865,16.025265142009776,True
tabpfn,freq_ratio_log__sel_combined_union,tabred_sberbank__gap_near,44,1.1255133871294882,-0.0124676365809929,-0.1745484557946975,0.5129730983606514,0.9512332340955254,0.04785459016644644,2.20317218409253,21,0,23,0.4772727272727273,0.324614216397083,0.6331024834071655,0.020528769051232305,0.9794712309487678,0.674206086395543,0.440197910640336,-0.9706158039454708,5.063179630811973,-6.5036407072443865,16.025265142009776,True
tabpfn,freq_ratio_log__sel_combined_union,tabred_weather__gap_far,44,1.1324490997466077,0.0131675626697752,-0.1745484557946975,0.5129730983606514,0.9512332340955254,0.05543162901870713,2.2094665704745085,22,0,22,0.5,0.3456115734972564,0.6543884265027435,0.01988642657604138,0.9801135734239586,0.559802089359664,0.559802089359664,-0.9706158039454708,5.063179630811973,-6.5036407072443865,16.025265142009776,True
tabpfn,freq_ratio_log__sel_combined_union,tabred_weather__gap_maxdiff,44,1.1366488063051523,0.0131675626697752,-0.1020821098271824,0.5129730983606514,0.9512332340955254,0.06011229900967874,2.2131853136006256,22,0,22,0.5,0.3456115734972564,0.6543884265027435,0.019497744925058257,0.9805022550749417,0.559802089359664,0.559802089359664,-0.9706158039454708,5.063179630811973,-6.5036407072443865,16.025265142009776,True
tabpfn,freq_ratio_log__sel_combined_union,tabred_weather__gap_near,44,1.1423356006482743,0.0131675626697752,-0.1020821098271824,0.5129730983606514,0.9512332340955254,0.0665619195396856,2.2181092817568633,22,0,22,0.5,0.3456115734972564,0.6543884265027435,0.018972072000388755,0.9810279279996112,0.559802089359664,0.559802089359664,-0.9706158039454708,5.063179630811973,-6.5036407072443865,16.025265142009776,True
tabpfn,freq_ratio_log__sel_combined_union,taiwanese_bankruptcy_prediction,44,1.1665702153613169,0.0131675626697752,-0.1020821098271824,0.5129730983606514,0.9512332340955254,0.09549323588294656,2.2376471948396874,22,0,22,0.5,0.3456115734972564,0.6543884265027435,0.016748275990469994,0.98325172400953,0.559802089359664,0.559802089359664,-0.8919896861343912,5.063179630811973,-6.5036407072443865,16.025265142009776,True
tabpfn,freq_ratio_log__sel_combined_union,tschalzev_mbgm,44,1.1364716808793804,0.0131675626697752,-0.1020821098271824,0.5129730983606514,0.9512332340955254,0.05991347583898965,2.213029885919771,22,0,22,0.5,0.3456115734972564,0.6543884265027435,0.019514131131368042,0.980485868868632,0.559802089359664,0.559802089359664,-0.9706158039454708,5.063179630811973,-6.5036407072443865,16.025265142009776,True
tabpfn,freq_ratio_log__sel_combined_union,wine_quality,44,1.2009222555296495,0.0131675626697752,-0.1020821098271824,0.5129730983606514,0.9512332340955254,0.14056978283920674,2.2612747282200925,22,0,22,0.5,0.3456115734972564,0.6543884265027435,0.013683617233737911,0.9863163827662621,0.559802089359664,0.559802089359664,-0.8919896861343912,5.063179630811973,-6.5036407072443865,16.025265142009776,True
tabpfn,groupby_shift_cohen_d__sel_combined_intersection,Another-Dataset-on-used-Fiat-500,39,0.8932921615908572,0.1960260047213634,-0.0652553745630704,0.7575922005197279,0.976297297529527,0.17361539476595922,1.6129689284157553,25,0,14,0.6410256410256411,0.47179511362541204,0.7879628144392001,0.008170704827009665,0.9918292951729903,0.05406451070302866,0.9733740429510362,-0.49639097834760215,3.1394781497974753,-2.4945907996303696,8.428313066279928,True
tabpfn,groupby_shift_cohen_d__sel_combined_intersection,Bank_Customer_Churn,39,0.8997832888647466,0.3104825744441191,-0.0652553745630704,0.7575922005197279,0.976297297529527,0.18066501828525072,1.6189015594442424,25,0,14,0.6410256410256411,0.47179511362541204,0.7879628144392001,0.0077794321166948475,0.9922205678833051,0.05406451070302866,0.9733740429510362,-0.49639097834760215,3.1394781497974753,-2.4945907996303696,8.428313066279928,True
tabpfn,groupby_shift_cohen_d__sel_combined_intersection,E-CommereShippingData,39,0.8954828064339672,0.1960260047213634,-0.0652553745630704,0.7575922005197279,0.976297297529527,0.17596623224065544,1.6149993806272789,25,0,14,0.6410256410256411,0.47179511362541204,0.7879628144392001,0.008038689936204331,0.9919613100637957,0.05406451070302866,0.9733740429510362,-0.49639097834760215,3.1394781497974753,-2.4945907996303696,8.428313066279928,True
tabpfn,groupby_shift_cohen_d__sel_combined_intersection,Fitness_Club,39,0.9089467472243685,0.3104825744441191,-0.0606497128310091,0.7575922005197279,0.976297297529527,0.1910485073918623,1.6268449870568746,26,0,13,0.6666666666666666,0.4978277353010903,0.8091190209536538,0.007227985337339651,0.9927720146626604,0.02662595704896376,0.9881486487647635,-0.49639097834760215,3.1394781497974753,-2.4945907996303696,8.428313066279928,True
tabpfn,groupby_shift_cohen_d__sel_combined_intersection,Is-this-a-good-customer,39,0.9687734633353039,0.3104825744441191,-0.0606497128310091,0.7575922005197279,0.976297297529527,0.27154594431843804,1.6660009823521698,26,0,13,0.6666666666666666,0.4978277353010903,0.8091190209536538,0.0038652393021825155,0.9961347606978175,0.02662595704896376,0.9881486487647635,-0.34599258651875425,3.1394781497974753,-1.4457740079734345,8.428313066279928,True
tabpfn,groupby_shift_cohen_d__sel_combined_intersection,MIC,39,0.8825852817117794,0.1960260047213634,-0.0652553745630704,0.5579687759897445,0.976297297529527,0.1625396217489129,1.6026309416746458,25,0,14,0.6410256410256411,0.47179511362541204,0.7879628144392001,0.008813674917173794,0.9911863250828262,0.05406451070302866,0.9733740429510362,-0.49639097834760215,3.1394781497974753,-2.4945907996303696,8.428313066279928,True
tabpfn,groupby_shift_cohen_d__sel_combined_intersection,Marketing_Campaign,39,0.8915482458893427,0.1960260047213634,-0.0652553745630704,0.7575922005197279,0.976297297529527,0.17176454061641422,1.611331951162271,25,0,14,0.6410256410256411,0.47179511362541204,0.7879628144392001,0.00827573252568911,0.9917242674743109,0.05406451070302866,0.9733740429510362,-0.49639097834760215,3.1394781497974753,-2.4945907996303696,8.428313066279928,True
tabpfn,groupby_shift_cohen_d__sel_combined_intersection,QSAR_fish_toxicity,39,0.9122142492217556,0.3104825744441191,-0.0606497128310091,0.7575922005197279,0.976297297529527,0.1948736714344157,1.6295548270090956,26,0,13,0.6666666666666666,0.4978277353010903,0.8091190209536538,0.0070321611420527085,0.9929678388579473,0.02662595704896376,0.9881486487647635,-0.49639097834760215,3.1394781497974753,-2.4945907996303696,8.428313066279928,True
tabpfn,groupby_shift_cohen_d__sel_combined_intersection,airfoil_self_noise,39,0.7479778611600449,0.1960260047213634,-0.0652553745630704,0.5579687759897445,0.976297297529527,0.08407880052705707,1.411876921793033,25,0,14,0.6410256410256411,0.47179511362541204,0.7879628144392001,0.01412852465831676,0.9858714753416832,0.05406451070302866,0.9733740429510362,-0.49639097834760215,1.8974640696591734,-2.4945907996303696,8.428313066279928,True
tabpfn,groupby_shift_cohen_d__sel_combined_intersection,bike_sharing,39,0.8905027049860701,0.1960260047213634,-0.0652553745630704,0.7575922005197279,0.976297297529527,0.17066363278837926,1.610341777183761,25,0,14,0.6410256410256411,0.47179511362541204,0.7879628144392001,0.00833866156184253,0.9916613384381574,0.05406451070302866,0.9733740429510362,-0.49639097834760215,3.1394781497974753,-2.4945907996303696,8.428313066279928,True
tabpfn,groupby_shift_cohen_d__sel_combined_intersection,blood-transfusion-service-center,39,0.8853841556391475,0.1960260047213634,-0.0652553745630704,0.5579687759897445,0.976297297529527,0.1653686015291439,1.6053997097491512,25,0,14,0.6410256410256411,0.47179511362541204,0.7879628144392001,0.008646128004761664,0.9913538719952383,0.05406451070302866,0.9733740429510362,-0.49639097834760215,3.1394781497974753,-2.4945907996303696,8.428313066279928,True
tabpfn,groupby_shift_cohen_d__sel_combined_intersection,churn,39,0.8433932308846368,0.1960260047213634,-0.0652553745630704,0.5579687759897445,0.976297297529527,0.12787002330590846,1.5589164384633651,25,0,14,0.6410256410256411,0.47179511362541204,0.7879628144392001,0.011055450351909678,0.9889445496480903,0.05406451070302866,0.9733740429510362,-0.49639097834760215,2.641703953511003,-2.4945907996303696,8.428313066279928,True
tabpfn,groupby_shift_cohen_d__sel_combined_intersection,coil2000_insurance_policies,39,0.9280170124383534,0.3104825744441191,-0.0606497128310091,0.7575922005197279,0.976297297529527,0.2142897805909858,1.641744244285721,26,0,13,0.6666666666666666,0.4978277353010903,0.8091190209536538,0.0060970232565698106,0.9939029767434302,0.02662595704896376,0.9881486487647635,-0.34599258651875425,3.1394781497974753,-2.4945907996303696,8.428313066279928,True
tabpfn,groupby_shift_cohen_d__sel_combined_intersection,concrete_compressive_strength,39,0.8593475320476648,0.1960260047213634,-0.0652553745630704,0.5579687759897445,0.976297297529527,0.140866026295844,1.5778290377994857,25,0,14,0.6410256410256411,0.47179511362541204,0.7879628144392001,0.010174207929060368,0.9898257920709396,0.05406451070302866,0.9733740429510362,-0.49639097834760215,3.1394781497974753,-2.4945907996303696,8.428313066279928,True
tabpfn,groupby_shift_cohen_d__sel_combined_intersection,credit-g,39,0.8716602872961059,0.1960260047213634,-0.0652553745630704,0.5579687759897445,0.976297297529527,0.15194632469572888,1.591374249896483,25,0,14,0.6410256410256411,0.47179511362541204,0.7879628144392001,0.009461568187623693,0.9905384318123763,0.05406451070302866,0.9733740429510362,-0.49639097834760215,3.1394781497974753,-2.4945907996303696,8.428313066279928,True
tabpfn,groupby_shift_cohen_d__sel_combined_intersection,diabetes,39,0.9255128748114052,0.3104825744441191,-0.0606497128310091,0.7575922005197279,0.976297297529527,0.21111129441696785,1.6399144552058424,26,0,13,0.6666666666666666,0.4978277353010903,0.8091190209536538,0.006243514268426832,0.9937564857315732,0.02662595704896376,0.9881486487647635,-0.34599258651875425,3.1394781497974753,-2.4945907996303696,8.428313066279928,True
tabpfn,groupby_shift_cohen_d__sel_combined_intersection,gas_sensor_drift,39,0.6886990052350402,0.1960260047213634,-0.0652553745630704,0.5579687759897445,0.976297297529527,0.09123626580238298,1.2861617446676976,25,0,14,0.6410256410256411,0.47179511362541204,0.7879628144392001,0.012505510676555351,0.9874944893234446,0.05406451070302866,0.9733740429510362,-0.49639097834760215,1.8974640696591734,-2.4945907996303696,6.516867072964731,True
tabpfn,groupby_shift_cohen_d__sel_combined_intersection,healthcare_insurance_expenses,39,0.7470880445840181,0.1960260047213634,-0.0652553745630704,0.5579687759897445,0.976297297529527,0.08396800083831313,1.410208088329723,25,0,14,0.6410256410256411,0.47179511362541204,0.7879628144392001,0.014129728392994863,0.9858702716070051,0.05406451070302866,0.9733740429510362,-0.49639097834760215,1.8974640696591734,-2.4945907996303696,8.428313066279928,True
tabpfn,groupby_shift_cohen_d__sel_combined_intersection,heloc,39,0.9064828114105015,0.3104825744441191,-0.0606497128310091,0.7575922005197279,0.976297297529527,0.1882067456815013,1.6247588771395016,26,0,13,0.6666666666666666,0.4978277353010903,0.8091190209536538,0.0073760001535678014,0.9926239998464322,0.02662595704896376,0.9881486487647635,-0.49639097834760215,3.1394781497974753,-2.4945907996303696,8.428313066279928,True
tabpfn,groupby_shift_cohen_d__sel_combined_intersection,jm1,39,0.9132155657259279,0.3104825744441191,-0.0606497128310091,0.7575922005197279,0.976297297529527,0.1960588244140018,1.630372307037854,26,0,13,0.6666666666666666,0.4978277353010903,0.8091190209536538,0.00697227722740073,0.9930277227725992,0.02662595704896376,0.9881486487647635,-0.49639097834760215,3.1394781497974753,-2.4945907996303696,8.428313066279928,True
tabpfn,groupby_shift_cohen_d__sel_combined_intersection,maternal_health_risk,39,0.8771069131103846,0.1960260047213634,-0.0652553745630704,0.5579687759897445,0.976297297529527,0.15713816642439238,1.597075659796377,25,0,14,0.6410256410256411,0.47179511362541204,0.7879628144392001,0.009139970210051408,0.9908600297899486,0.05406451070302866,0.9733740429510362,-0.49639097834760215,3.1394781497974753,-2.4945907996303696,8.428313066279928,True
tabpfn,groupby_shift_cohen_d__sel_combined_intersection,online_shoppers_intention,39,0.8762924675245427,0.1960260047213634,-0.0652553745630704,0.5579687759897445,0.976297297529527,0.15635051061037253,1.596234424438713,25,0,14,0.6410256410256411,0.47179511362541204,0.7879628144392001,0.009188256091362047,0.990811743908638,0.05406451070302866,0.9733740429510362,-0.49639097834760215,3.1394781497974753,-2.4945907996303696,8.428313066279928,True
tabpfn,groupby_shift_cohen_d__sel_combined_intersection,polish_companies_bankruptcy,39,0.737710440961071,0.1960260047213634,-0.0652553745630704,0.5579687759897445,0.976297297529527,0.08317386191183795,1.3922470200103039,25,0,14,0.6410256410256411,0.47179511362541204,0.7879628144392001,0.014100351398931772,0.9858996486010683,0.05406451070302866,0.9733740429510362,-0.49639097834760215,1.8974640696591734,-2.4945907996303696,8.428313066279928,True
tabpfn,groupby_shift_cohen_d__sel_combined_intersection,qsar-biodeg,39,0.8699156443369853,0.1960260047213634,-0.0652553745630704,0.5579687759897445,0.976297297529527,0.15032091762612587,1.5895103710478447,25,0,14,0.6410256410256411,0.47179511362541204,0.7879628144392001,0.00956386362764837,0.9904361363723516,0.05406451070302866,0.9733740429510362,-0.49639097834760215,3.1394781497974753,-2.4945907996303696,8.428313066279928,True
tabpfn,groupby_shift_cohen_d__sel_combined_intersection,seismic-bumps,39,0.9027957906872376,0.3104825744441191,-0.0652553745630704,0.7575922005197279,0.976297297529527,0.1840227714197168,1.6215688099547583,25,0,14,0.6410256410256411,0.47179511362541204,0.7879628144392001,0.007597897860505155,0.9924021021394949,0.05406451070302866,0.9733740429510362,-0.49639097834760215,3.1394781497974753,-2.4945907996303696,8.428313066279928,True
tabpfn,groupby_shift_cohen_d__sel_combined_intersection,students_dropout_and_academic_success,39,0.8968485050257016,0.1960260047213634,-0.0652553745630704,0.7575922005197279,0.976297297529527,0.17744637860121504,1.616250631450188,25,0,14,0.6410256410256411,0.47179511362541204,0.7879628144392001,0.007956361274435508,0.9920436387255646,0.05406451070302866,0.9733740429510362,-0.49639097834760215,3.1394781497974753,-2.4945907996303696,8.428313066279928,True
tabpfn,groupby_shift_cohen_d__sel_combined_intersection,synthetic_large_test,39,0.9104676687047419,0.3104825744441191,-0.0606497128310091,0.7575922005197279,0.976297297529527,0.19282096539996474,1.6281143720095193,26,0,13,0.6666666666666666,0.4978277353010903,0.8091190209536538,0.007136762106050279,0.9928632378939497,0.02662595704896376,0.9881486487647635,-0.49639097834760215,3.1394781497974753,-2.4945907996303696,8.428313066279928,True
tabpfn,groupby_shift_cohen_d__sel_combined_intersection,synthetic_shift_0.0,39,0.9126087858867251,0.3104825744441191,-0.0606497128310091,0.7575922005197279,0.976297297529527,0.19533991744155388,1.6298776543318962,26,0,13,0.6666666666666666,0.4978277353010903,0.8091190209536538,0.007008558145923588,0.9929914418540764,0.02662595704896376,0.9881486487647635,-0.49639097834760215,3.1394781497974753,-2.4945907996303696,8.428313066279928,True
tabpfn,groupby_shift_cohen_d__sel_combined_intersection,synthetic_shift_0.5,39,0.9082656305867095,0.3104825744441191,-0.0606497128310091,0.7575922005197279,0.976297297529527,0.19025927893259276,1.6262719822408263,26,0,13,0.6666666666666666,0.4978277353010903,0.8091190209536538,0.007268875094221931,0.9927311249057781,0.02662595704896376,0.9881486487647635,-0.49639097834760215,3.1394781497974753,-2.4945907996303696,8.428313066279928,True
tabpfn,groupby_shift_cohen_d__sel_combined_intersection,synthetic_shift_1.0,39,0.9063647175199355,0.3104825744441191,-0.0652553745630704,0.7575922005197279,0.976297297529527,0.18807146361474092,1.6246579714251301,26,0,13,0.6666666666666666,0.4978277353010903,0.8091190209536538,0.007383100626606821,0.9926168993733931,0.02662595704896376,0.9881486487647635,-0.49639097834760215,3.1394781497974753,-2.4945907996303696,8.428313066279928,True
tabpfn,groupby_shift_cohen_d__sel_combined_intersection,synthetic_shift_3.0,39,0.9003394319611068,0.3104825744441191,-0.0652553745630704,0.7575922005197279,0.976297297529527,0.1812807885280009,1.6193980753942125,25,0,14,0.6410256410256411,0.47179511362541204,0.7879628144392001,0.007745909169455933,0.992254090830544,0.05406451070302866,0.9733740429510362,-0.49639097834760215,3.1394781497974753,-2.4945907996303696,8.428313066279928,True
tabpfn,groupby_shift_cohen_d__sel_combined_intersection,synthetic_shift_5.0,39,0.9035007105796904,0.3104825744441191,-0.0652553745630704,0.7575922005197279,0.976297297529527,0.1848163680477154,1.6221850531116653,25,0,14,0.6410256410256411,0.47179511362541204,0.7879628144392001,0.007555443595434961,0.992444556404565,0.05406451070302866,0.9733740429510362,-0.49639097834760215,3.1394781497974753,-2.4945907996303696,8.428313066279928,True
tabpfn,groupby_shift_cohen_d__sel_combined_intersection,tabred_delivery_eta__gap_far,39,0.9155437443995234,0.3104825744441191,-0.0606497128310091,0.7575922005197279,0.976297297529527,0.19883795510647184,1.6322495336925749,26,0,13,0.6666666666666666,0.4978277353010903,0.8091190209536538,0.006833303861476902,0.993166696138523,0.02662595704896376,0.9881486487647635,-0.42375180373143306,3.1394781497974753,-2.4945907996303696,8.428313066279928,True
tabpfn,groupby_shift_cohen_d__sel_combined_intersection,tabred_delivery_eta__gap_maxdiff,39,0.9024556847800713,0.3104825744441191,-0.0652553745630704,0.7575922005197279,0.976297297529527,0.1836409516558638,1.6212704179042787,25,0,14,0.6410256410256411,0.47179511362541204,0.7879628144392001,0.007618384961807179,0.9923816150381929,0.05406451070302866,0.9733740429510362,-0.49639097834760215,3.1394781497974753,-2.4945907996303696,8.428313066279928,True
tabpfn,groupby_shift_cohen_d__sel_combined_intersection,tabred_delivery_eta__gap_near,39,0.906697010638112,0.3104825744441191,-0.0606497128310091,0.7575922005197279,0.976297297529527,0.1884523356983362,1.624941685577888,26,0,13,0.6666666666666666,0.4978277353010903,0.8091190209536538,0.007363122635094427,0.9926368773649056,0.02662595704896376,0.9881486487647635,-0.49639097834760215,3.1394781497974753,-2.4945907996303696,8.428313066279928,True
tabpfn,groupby_shift_cohen_d__sel_combined_intersection,tabred_weather__gap_far,39,0.8926507412529988,0.1960260047213634,-0.0652553745630704,0.7575922005197279,0.976297297529527,0.17293252081169652,1.612368961694301,25,0,14,0.6410256410256411,0.47179511362541204,0.7879628144392001,0.008209342795965371,0.9917906572040347,0.05406451070302866,0.9733740429510362,-0.49639097834760215,3.1394781497974753,-2.4945907996303696,8.428313066279928,True
tabpfn,groupby_shift_cohen_d__sel_combined_intersection,tabred_weather__gap_maxdiff,39,0.8966595893006163,0.1960260047213634,-0.0652553745630704,0.7575922005197279,0.976297297529527,0.1772409638155351,1.6160782147856976,25,0,14,0.6410256410256411,0.47179511362541204,0.7879628144392001,0.007967750421929442,0.9920322495780706,0.05406451070302866,0.9733740429510362,-0.49639097834760215,3.1394781497974753,-2.4945907996303696,8.428313066279928,True
tabpfn,groupby_shift_cohen_d__sel_combined_intersection,tabred_weather__gap_near,39,0.9004099510660418,0.3104825744441191,-0.0652553745630704,0.7575922005197279,0.976297297529527,0.1813590012869405,1.619460900845143,25,0,14,0.6410256410256411,0.47179511362541204,0.7879628144392001,0.007741658683957659,0.9922583413160424,0.05406451070302866,0.9733740429510362,-0.49639097834760215,3.1394781497974753,-2.4945907996303696,8.428313066279928,True
tabpfn,groupby_shift_cohen_d__sel_combined_intersection,taiwanese_bankruptcy_prediction,39,0.9418807250876902,0.3104825744441191,-0.0606497128310091,0.7575922005197279,0.976297297529527,0.23258821049033562,1.6511732396850447,26,0,13,0.6666666666666666,0.4978277353010903,0.8091190209536538,0.0053019320599957094,0.9946980679400043,0.02662595704896376,0.9881486487647635,-0.34599258651875425,3.1394781497974753,-2.4945907996303696,8.428313066279928,True
tabpfn,groupby_shift_cohen_d__sel_combined_intersection,wine_quality,39,0.8691527865455608,0.1960260047213634,-0.0652553745630704,0.5579687759897445,0.976297297529527,0.14961593691667474,1.588689636174447,25,0,14,0.6410256410256411,0.47179511362541204,0.7879628144392001,0.00960847146083598,0.990391528539164,0.05406451070302866,0.9733740429510362,-0.49639097834760215,3.1394781497974753,-2.4945907996303696,8.428313066279928,True
tabpfn,joint_freq_combined__sel_combined_intersection,Another-Dataset-on-used-Fiat-500,44,0.9937014653426424,0.3066637691451956,-0.0546419489508265,0.5579687759897445,0.9512332340955254,0.3511082964356276,1.6362946342496572,28,0,16,0.6363636363636364,0.4777214964386258,0.7759198599212762,0.0016190834428631664,0.9983809165571369,0.04807087721030712,0.9756166170477627,-0.6930344433796402,3.755419004583649,-1.4457740079734345,8.428313066279928,True
tabpfn,joint_freq_combined__sel_combined_intersection,Bank_Customer_Churn,44,0.9921417284047322,0.3066637691451956,-0.0546419489508265,0.5579687759897445,0.9512332340955254,0.34943161795139277,1.6348518388580717,28,0,16,0.6363636363636364,0.4777214964386258,0.7759198599212762,0.0016436652426923015,0.9983563347573077,0.04807087721030712,0.9756166170477627,-0.6930344433796402,3.755419004583649,-1.4457740079734345,8.428313066279928,True
tabpfn,joint_freq_combined__sel_combined_intersection,E-CommereShippingData,44,0.9992974015150498,0.3336010733938386,-0.0546419489508265,0.5579687759897445,0.9512332340955254,0.35725667580725073,1.6413381272228489,28,0,16,0.6363636363636364,0.4777214964386258,0.7759198599212762,0.001530888234262504,0.9984691117657375,0.04807087721030712,0.9756166170477627,-0.6930344433796402,3.755419004583649,-1.4457740079734345,8.428313066279928,True
tabpfn,joint_freq_combined__sel_combined_intersection,Fitness_Club,44,1.0089944738565004,0.3336010733938386,0.0662781558285185,0.5579687759897445,0.9512332340955254,0.3684046620042972,1.6495842857087037,29,0,15,0.6590909090909091,0.5008050107057,0.7950826530305182,0.0013789564163247192,0.9986210435836753,0.024383382952237298,0.9886855793970426,-0.6930344433796402,3.755419004583649,-1.4457740079734345,8.428313066279928,True
tabpfn,joint_freq_combined__sel_combined_intersection,Is-this-a-good-customer,44,1.0234602084314126,0.3336010733938386,0.0662781558285185,0.5579687759897445,0.9512332340955254,0.38620714208762763,1.6607132747751976,29,0,15,0.6590909090909091,0.5008050107057,0.7950826530305182,0.0011579899682313856,0.9988420100317686,0.024383382952237298,0.9886855793970426,-0.40557982263698134,3.755419004583649,-1.4457740079734345,8.428313066279928,True
tabpfn,joint_freq_combined__sel_combined_intersection,MIC,44,1.0263538381773494,0.3336010733938386,0.0662781558285185,0.5579687759897445,0.9512332340955254,0.3899382784160146,1.6627693979386842,29,0,15,0.6590909090909091,0.5008050107057,0.7950826530305182,0.0011150384670260034,0.998884961532974,0.024383382952237298,0.9886855793970426,-0.40557982263698134,3.755419004583649,-1.4457740079734345,8.428313066279928,True
tabpfn,joint_freq_combined__sel_combined_intersection,Marketing_Campaign,44,0.9489499842007002,0.3066637691451956,-0.0546419489508265,0.5178083936710972,0.9512332340955254,0.30940977053506513,1.5884901978663353,28,0,16,0.6363636363636364,0.4777214964386258,0.7759198599212762,0.0022858745735731753,0.9977141254264268,0.04807087721030712,0.9756166170477627,-0.6930344433796402,3.755419004583649,-1.4457740079734345,8.428313066279928,True
tabpfn,joint_freq_combined__sel_combined_intersection,QSAR_fish_toxicity,44,1.0104733157427568,0.3336010733938386,0.0662781558285185,0.5579687759897445,0.9512332340955254,0.3701599900253507,1.6507866414601629,29,0,15,0.6590909090909091,0.5008050107057,0.7950826530305182,0.0013559838399247659,0.9986440161600753,0.024383382952237298,0.9886855793970426,-0.6930344433796402,3.755419004583649,-1.4457740079734345,8.428313066279928,True
tabpfn,joint_freq_combined__sel_combined_intersection,airfoil_self_noise,44,0.8711410005380091,0.3066637691451956,-0.0546419489508265,0.5178083936710972,0.9512332340955254,0.2697946822684001,1.4724873188076182,28,0,16,0.6363636363636364,0.4777214964386258,0.7759198599212762,0.0027655629425836774,0.9972344370574163,0.04807087721030712,0.9756166170477627,-0.6930344433796402,2.7376530734726554,-1.4457740079734345,8.428313066279928,True
tabpfn,joint_freq_combined__sel_combined_intersection,bike_sharing,44,0.9912289924429447,0.3066637691451956,-0.0546419489508265,0.5178083936710972,0.9512332340955254,0.34845793087883226,1.6340000540070572,28,0,16,0.6363636363636364,0.4777214964386258,0.7759198599212762,0.0016580432452722841,0.9983419567547277,0.04807087721030712,0.9756166170477627,-0.6930344433796402,3.755419004583649,-1.4457740079734345,8.428313066279928,True
tabpfn,joint_freq_combined__sel_combined_intersection,blood-transfusion-service-center,44,0.9866920964308996,0.3066637691451956,-0.0546419489508265,0.5178083936710972,0.9512332340955254,0.34369997861959045,1.6296842142422088,28,0,16,0.6363636363636364,0.4777214964386258,0.7759198599212762,0.0017293695407836255,0.9982706304592164,0.04807087721030712,0.9756166170477627,-0.6930344433796402,3.755419004583649,-1.4457740079734345,8.428313066279928,True
tabpfn,joint_freq_combined__sel_combined_intersection,churn,44,0.9899028016467283,0.3066637691451956,-0.0546419489508265,0.5178083936710972,0.9512332340955254,0.347053018774808,1.6327525845186486,28,0,16,0.6363636363636364,0.4777214964386258,0.7759198599212762,0.0016789208749300236,0.99832107912507,0.04807087721030712,0.9756166170477627,-0.6930344433796402,3.755419004583649,-1.4457740079734345,8.428313066279928,True
tabpfn,joint_freq_combined__sel_combined_intersection,coil2000_insurance_policies,44,1.023513095500231,0.3336010733938386,0.0662781558285185,0.5579687759897445,0.9512332340955254,0.3862748247130706,1.6607513662873914,29,0,15,0.6590909090909091,0.5008050107057,0.7950826530305182,0.001157200550802795,0.9988427994491972,0.024383382952237298,0.9886855793970426,-0.40557982263698134,3.755419004583649,-1.4457740079734345,8.428313066279928,True
tabpfn,joint_freq_combined__sel_combined_intersection,concrete_compressive_strength,44,0.963614180065722,0.3066637691451956,-0.0546419489508265,0.5178083936710972,0.9512332340955254,0.32160780173376,1.605620558397684,28,0,16,0.6363636363636364,0.4777214964386258,0.7759198599212762,0.002081334184420423,0.9979186658155796,0.04807087721030712,0.9756166170477627,-0.6930344433796402,3.755419004583649,-1.4457740079734345,8.428313066279928,True
tabpfn,joint_freq_combined__sel_combined_intersection,credit-g,44,0.9819610279237886,0.3066637691451956,-0.0546419489508265,0.5178083936710972,0.9512332340955254,0.33888355960177985,1.6250384962457973,28,0,16,0.6363636363636364,0.4777214964386258,0.7759198599212762,0.001803324210080635,0.9981966757899193,0.04807087721030712,0.9756166170477627,-0.6930344433796402,3.755419004583649,-1.4457740079734345,8.428313066279928,True
tabpfn,joint_freq_combined__sel_combined_intersection,diabetes,44,1.022260733879037,0.3336010733938386,0.0662781558285185,0.5579687759897445,0.9512332340955254,0.38467721156924384,1.6598442561888302,29,0,15,0.6590909090909091,0.5008050107057,0.7950826530305182,0.001175936010034032,0.9988240639899659,0.024383382952237298,0.9886855793970426,-0.40557982263698134,3.755419004583649,-1.4457740079734345,8.428313066279928,True
tabpfn,joint_freq_combined__sel_combined_intersection,gas_sensor_drift,44,0.8123575312999861,0.3066637691451956,-0.0546419489508265,0.5178083936710972,0.9512332340955254,0.2723232634269499,1.3523917991730223,28,0,16,0.6363636363636364,0.4777214964386258,0.7759198599212762,0.0020436625151775997,0.9979563374848224,0.04807087721030712,0.9756166170477627,-0.6930344433796402,2.7376530734726554,-1.4457740079734345,6.516867072964731,True
tabpfn,joint_freq_combined__sel_combined_intersection,healthcare_insurance_expenses,44,0.9986110943806786,0.3336010733938386,-0.0546419489508265,0.5579687759897445,0.9512332340955254,0.35649142203975304,1.6407307667216042,28,0,16,0.6363636363636364,0.4777214964386258,0.7759198599212762,0.0015416969509654316,0.9984583030490346,0.04807087721030712,0.9756166170477627,-0.6930344433796402,3.755419004583649,-1.4457740079734345,8.428313066279928,True
tabpfn,joint_freq_combined__sel_combined_intersection,heloc,44,1.0051519634643213,0.3336010733938386,0.0662781558285185,0.5579687759897445,0.9512332340955254,0.3639121640795079,1.646391762849135,29,0,15,0.6590909090909091,0.5008050107057,0.7950826530305182,0.0014389322488269332,0.998561067751173,0.024383382952237298,0.9886855793970426,-0.6930344433796402,3.755419004583649,-1.4457740079734345,8.428313066279928,True
tabpfn,joint_freq_combined__sel_combined_intersection,jm1,44,1.0073286756120912,0.3336010733938386,0.0662781558285185,0.5579687759897445,0.9512332340955254,0.3664449609605791,1.6482123902636032,29,0,15,0.6590909090909091,0.5008050107057,0.7950826530305182,0.0014049102350890978,0.998595089764911,0.024383382952237298,0.9886855793970426,-0.6930344433796402,3.755419004583649,-1.4457740079734345,8.428313066279928,True
tabpfn,joint_freq_combined__sel_combined_intersection,maternal_health_risk,44,0.9793554496440414,0.3066637691451956,-0.0546419489508265,0.5178083936710972,0.9512332340955254,0.3362942392661926,1.6224166600218903,28,0,16,0.6363636363636364,0.4777214964386258,0.7759198599212762,0.0018437795267113052,0.9981562204732887,0.04807087721030712,0.9756166170477627,-0.6930344433796402,3.755419004583649,-1.4457740079734345,8.428313066279928,True
tabpfn,joint_freq_combined__sel_combined_intersection,online_shoppers_intention,44,0.9640669334966798,0.3066637691451956,-0.0546419489508265,0.5178083936710972,0.9512332340955254,0.3220072485418224,1.6061266184515373,28,0,16,0.6363636363636364,0.4777214964386258,0.7759198599212762,0.00207471721743724,0.9979252827825628,0.04807087721030712,0.9756166170477627,-0.6930344433796402,3.755419004583649,-1.4457740079734345,8.428313066279928,True
tabpfn,joint_freq_combined__sel_combined_intersection,polish_companies_bankruptcy,44,0.8557994856935133,0.3066637691451956,-0.0546419489508265,0.5178083936710972,0.9512332340955254,0.2674201114449778,1.4441788599420486,28,0,16,0.6363636363636364,0.4777214964386258,0.7759198599212762,0.00267966668345878,0.9973203333165412,0.04807087721030712,0.9756166170477627,-0.6930344433796402,2.7376530734726554,-1.4457740079734345,8.428313066279928,True
tabpfn,joint_freq_combined__sel_combined_intersection,qsar-biodeg,44,0.9971820613993945,0.3336010733938386,-0.0546419489508265,0.5579687759897445,0.9512332340955254,0.3549080529737152,1.6394560698250737,28,0,16,0.6363636363636364,0.4777214964386258,0.7759198599212762,0.0015642138549512585,0.9984357861450488,0.04807087721030712,0.9756166170477627,-0.6930344433796402,3.755419004583649,-1.4457740079734345,8.428313066279928,True
tabpfn,joint_freq_combined__sel_combined_intersection,seismic-bumps,44,1.0054312841620723,0.3336010733938386,0.0662781558285185,0.5579687759897445,0.9512332340955254,0.36423540833816304,1.6466271599859814,29,0,15,0.6590909090909091,0.5008050107057,0.7950826530305182,0.0014345602711042036,0.9985654397288958,0.024383382952237298,0.9886855793970426,-0.6930344433796402,3.755419004583649,-1.4457740079734345,8.428313066279928,True
tabpfn,joint_freq_combined__sel_combined_intersection,students_dropout_and_academic_success,44,0.9959576384790018,0.3066637691451956,-0.0546419489508265,0.5579687759897445,0.9512332340955254,0.3535621843556652,1.6383530926023382,28,0,16,0.6363636363636364,0.4777214964386258,0.7759198599212762,0.0015835145542783652,0.9984164854457217,0.04807087721030712,0.9756166170477627,-0.6930344433796402,3.755419004583649,-1.4457740079734345,8.428313066279928,True
tabpfn,joint_freq_combined__sel_combined_intersection,synthetic_large_test,44,1.0089252102844948,0.3336010733938386,0.0662781558285185,0.5579687759897445,0.9512332340955254,0.36832280796661176,1.6495276126023777,29,0,15,0.6590909090909091,0.5008050107057,0.7950826530305182,0.0013800340024304808,0.9986199659975695,0.024383382952237298,0.9886855793970426,-0.6930344433796402,3.755419004583649,-1.4457740079734345,8.428313066279928,True
tabpfn,joint_freq_combined__sel_combined_intersection,synthetic_shift_0.0,44,1.0120387579458738,0.3336010733938386,0.0662781558285185,0.5579687759897445,0.9512332340955254,0.3720340856722999,1.6520434302194478,29,0,15,0.6590909090909091,0.5008050107057,0.7950826530305182,0.0013317435593170853,0.9986682564406829,0.024383382952237298,0.9886855793970426,-0.6930344433796402,3.755419004583649,-1.4457740079734345,8.428313066279928,True
tabpfn,joint_freq_combined__sel_combined_intersection,synthetic_shift_0.5,44,1.005358999107445,0.3336010733938386,0.0662781558285185,0.5579687759897445,0.9512332340955254,0.3641517064021256,1.6465662918127644,29,0,15,0.6590909090909091,0.5008050107057,0.7950826530305182,0.0014356915249746814,0.9985643084750253,0.024383382952237298,0.9886855793970426,-0.6930344433796402,3.755419004583649,-1.4457740079734345,8.428313066279928,True
tabpfn,joint_freq_combined__sel_combined_intersection,synthetic_shift_1.0,44,0.9991745940133526,0.3336010733938386,-0.0546419489508265,0.5579687759897445,0.9512332340955254,0.3571195115444953,1.6412296764822099,28,0,16,0.6363636363636364,0.4777214964386258,0.7759198599212762,0.0015328220411486252,0.9984671779588513,0.04807087721030712,0.9756166170477627,-0.6930344433796402,3.755419004583649,-1.4457740079734345,8.428313066279928,True
tabpfn,joint_freq_combined__sel_combined_intersection,synthetic_shift_3.0,44,0.992143178974035,0.3066637691451956,-0.0546419489508265,0.5579687759897445,0.9512332340955254,0.3494331697829741,1.634853188165096,28,0,16,0.6363636363636364,0.4777214964386258,0.7759198599212762,0.0016436423875475746,0.9983563576124524,0.04807087721030712,0.9756166170477627,-0.6930344433796402,3.755419004583649,-1.4457740079734345,8.428313066279928,True
tabpfn,joint_freq_combined__sel_combined_intersection,synthetic_shift_5.0,44,0.9958955940020011,0.3066637691451956,-0.0546419489508265,0.5579687759897445,0.9512332340955254,0.353494250958573,1.6382969370454292,28,0,16,0.6363636363636364,0.4777214964386258,0.7759198599212762,0.0015844926791410872,0.9984155073208589,0.04807087721030712,0.9756166170477627,-0.6930344433796402,3.755419004583649,-1.4457740079734345,8.428313066279928,True
tabpfn,joint_freq_combined__sel_combined_intersection,tabred_delivery_eta__gap_far,44,1.0135945669230768,0.3336010733938386,0.0662781558285185,0.5579687759897445,0.9512332340955254,0.3739129513662922,1.6532761824798614,29,0,15,0.6590909090909091,0.5008050107057,0.7950826530305182,0.0013077388184171807,0.9986922611815828,0.024383382952237298,0.9886855793970426,-0.6724977648805627,3.755419004583649,-1.4457740079734345,8.428313066279928,True
tabpfn,joint_freq_combined__sel_combined_intersection,tabred_delivery_eta__gap_maxdiff,44,1.0061268570593127,0.3336010733938386,0.0662781558285185,0.5579687759897445,0.9512332340955254,0.36504262511016017,1.6472110890084652,29,0,15,0.6590909090909091,0.5008050107057,0.7950826530305182,0.0014236806854732635,0.9985763193145267,0.024383382952237298,0.9886855793970426,-0.6930344433796402,3.755419004583649,-1.4457740079734345,8.428313066279928,True
tabpfn,joint_freq_combined__sel_combined_intersection,tabred_delivery_eta__gap_near,44,1.0055830360890727,0.3336010733938386,0.0662781558285185,0.5579687759897445,0.9512332340955254,0.3644112418460461,1.6467548303320994,29,0,15,0.6590909090909091,0.5008050107057,0.7950826530305182,0.0014321857480472033,0.9985678142519527,0.024383382952237298,0.9886855793970426,-0.6930344433796402,3.755419004583649,-1.4457740079734345,8.428313066279928,True
tabpfn,joint_freq_combined__sel_combined_intersection,tabred_homesite__gap_far,44,0.9385795967064098,0.3066637691451956,-0.0546419489508265,0.5178083936710972,0.9512332340955254,0.3016560428459203,1.5755031505668993,28,0,16,0.6363636363636364,0.4777214964386258,0.7759198599212762,0.0024161939974355786,0.9975838060025644,0.04807087721030712,0.9756166170477627,-0.6930344433796402,3.6185298896590172,-1.4457740079734345,8.428313066279928,True
tabpfn,joint_freq_combined__sel_combined_intersection,tabred_homesite__gap_near,44,0.9099797000769826,0.3066637691451956,-0.0546419489508265,0.5178083936710972,0.9512332340955254,0.2841071274556062,1.535852272698359,28,0,16,0.6363636363636364,0.4777214964386258,0.7759198599212762,0.002687853165906988,0.997312146834093,0.04807087721030712,0.9756166170477627,-0.6930344433796402,2.7376530734726554,-1.4457740079734345,8.428313066279928,True
tabpfn,joint_freq_combined__sel_combined_intersection,tabred_sberbank__gap_far,44,0.8717946698635465,0.3066637691451956,-0.0546419489508265,0.5178083936710972,0.9512332340955254,0.2699390313514418,1.4736503083756511,28,0,16,0.6363636363636364,0.4777214964386258,0.7759198599212762,0.002767646591590875,0.9972323534084091,0.04807087721030712,0.9756166170477627,-0.6930344433796402,2.7376530734726554,-1.4457740079734345,8.428313066279928,True
tabpfn,joint_freq_combined__sel_combined_intersection,tabred_sberbank__gap_near,44,0.9568527567411892,0.3066637691451956,-0.0546419489508265,0.5178083936710972,0.9512332340955254,0.3158048969237235,1.597900616558655,28,0,16,0.6363636363636364,0.4777214964386258,0.7759198599212762,0.0021781674261088808,0.9978218325738911,0.04807087721030712,0.9756166170477627,-0.6930344433796402,3.755419004583649,-1.4457740079734345,8.428313066279928,True
tabpfn,joint_freq_combined__sel_combined_intersection,tabred_weather__gap_far,44,0.9928815889823159,0.3066637691451956,-0.0546419489508265,0.5579687759897445,0.9512332340955254,0.3502249383592293,1.6355382396054026,28,0,16,0.6363636363636364,0.4777214964386258,0.7759198599212762,0.0016320063573063105,0.9983679936426937,0.04807087721030712,0.9756166170477627,-0.6930344433796402,3.755419004583649,-1.4457740079734345,8.428313066279928,True
tabpfn,joint_freq_combined__sel_combined_intersection,tabred_weather__gap_maxdiff,44,0.9966988783430655,0.3229710461545981,-0.0546419489508265,0.5579687759897445,0.9512332340955254,0.3543757555289887,1.6390220011571421,28,0,16,0.6363636363636364,0.4777214964386258,0.7759198599212762,0.0015718297102239572,0.998428170289776,0.04807087721030712,0.9756166170477627,-0.6930344433796402,3.755419004583649,-1.4457740079734345,8.428313066279928,True
tabpfn,joint_freq_combined__sel_combined_intersection,tabred_weather__gap_near,44,1.0000104151047378,0.3336010733938386,-0.0546419489508265,0.5579687759897445,0.9512332340955254,0.35805502590393246,1.641965804305543,28,0,16,0.6363636363636364,0.4777214964386258,0.7759198599212762,0.001519663544588024,0.998480336455412,0.04807087721030712,0.9756166170477627,-0.6930344433796402,3.755419004583649,-1.4457740079734345,8.428313066279928,True
tabpfn,joint_freq_combined__sel_combined_intersection,taiwanese_bankruptcy_prediction,44,1.0367686011693806,0.3336010733938386,0.0662781558285185,0.5579687759897445,0.9512332340955254,0.40384242382531876,1.6696947785134424,29,0,15,0.6590909090909091,0.5008050107057,0.7950826530305182,0.0009650048806102824,0.9990349951193898,0.024383382952237298,0.9886855793970426,-0.40557982263698134,3.755419004583649,-0.987524436324059,8.428313066279928,True
tabpfn,joint_freq_combined__sel_combined_intersection,tschalzev_mbgm,44,1.0024037792647909,0.3336010733938386,-0.0546419489508265,0.5579687759897445,0.9512332340955254,0.3607595788435528,1.6440479796860288,28,0,16,0.6363636363636364,0.4777214964386258,0.7759198599212762,0.0014820303907026264,0.9985179696092974,0.04807087721030712,0.9756166170477627,-0.6930344433796402,3.755419004583649,-1.4457740079734345,8.428313066279928,True
tabpfn,joint_freq_combined__sel_combined_intersection,wine_quality,44,0.9723052010979477,0.3066637691451956,-0.0546419489508265,0.5178083936710972,0.9512332340955254,0.32951332524285526,1.6150970769530402,28,0,16,0.6363636363636364,0.4777214964386258,0.7759198599212762,0.0019518736040130215,0.998048126395987,0.04807087721030712,0.9756166170477627,-0.6930344433796402,3.755419004583649,-1.4457740079734345,8.428313066279928,True
tabpfn,joint_freq_separate__sel_combined_union,Another-Dataset-on-used-Fiat-500,44,1.1756657763888585,0.04296467474860485,-0.0998464907494222,0.480088085391923,0.9512332340955254,0.09802634435500734,2.2533052084227094,22,0,22,0.5,0.3456115734972564,0.6543884265027435,0.016609432158562126,0.9833905678414379,0.559802089359664,0.559802089359664,-0.795628354036893,4.845075498331879,-4.189978528395929,17.932081432800015,True
tabpfn,joint_freq_separate__sel_combined_union,Bank_Customer_Churn,44,1.1813039578068005,0.04296467474860485,-0.0998464907494222,0.480088085391923,0.9512332340955254,0.1041279488896556,2.2584799667239457,22,0,22,0.5,0.3456115734972564,0.6543884265027435,0.016178012727156844,0.9838219872728431,0.559802089359664,0.559802089359664,-0.795628354036893,4.845075498331879,-4.189978528395929,17.932081432800015,True
tabpfn,joint_freq_separate__sel_combined_union,E-CommereShippingData,44,1.1937304772410062,0.10401421018935256,-0.0863951325905162,0.480088085391923,0.9512332340955254,0.11802056077086776,2.269440393711145,23,0,21,0.5227272727272727,0.36689751659283454,0.675385783602917,0.015228332644535858,0.9847716673554642,0.440197910640336,0.674206086395543,-0.795628354036893,4.845075498331879,-4.189978528395929,17.932081432800015,True
tabpfn,joint_freq_separate__sel_combined_union,Fitness_Club,44,1.1855959752941454,0.10401421018935256,-0.0998464907494222,0.480088085391923,0.9512332340955254,0.1088571105652103,2.2623348400230805,23,0,21,0.5227272727272727,0.36689751659283454,0.675385783602917,0.01584971340356397,0.984150286596436,0.440197910640336,0.674206086395543,-0.795628354036893,4.845075498331879,-4.189978528395929,17.932081432800015,True
tabpfn,joint_freq_separate__sel_combined_union,Is-this-a-good-customer,44,1.1862586536355968,0.10401421018935256,-0.0863951325905162,0.480088085391923,0.9512332340955254,0.1095937886525129,2.2629235186186807,23,0,21,0.5227272727272727,0.36689751659283454,0.675385783602917,0.015799044244331425,0.9842009557556686,0.440197910640336,0.674206086395543,-0.795628354036893,4.845075498331879,-4.189978528395929,17.932081432800015,True
tabpfn,joint_freq_separate__sel_combined_union,MIC,44,1.2792161999457445,0.10401421018935256,-0.0863951325905162,0.480088085391923,0.9512332340955254,0.23049623033348055,2.3279361695580087,23,0,21,0.5227272727272727,0.36689751659283454,0.675385783602917,0.008995984436936203,0.9910040155630638,0.440197910640336,0.674206086395543,-0.7504145220800059,4.845075498331879,-2.9146589704445782,17.932081432800015,True
tabpfn,joint_freq_separate__sel_combined_union,Marketing_Campaign,44,1.1695451430791532,0.04296467474860485,-0.0998464907494222,0.3662401081070663,0.9512332340955254,0.09154493000434849,2.247545356153958,22,0,22,0.5,0.3456115734972564,0.6543884265027435,0.017077604523958127,0.9829223954760419,0.559802089359664,0.559802089359664,-0.795628354036893,4.845075498331879,-4.189978528395929,17.932081432800015,True
tabpfn,joint_freq_separate__sel_combined_union,QSAR_fish_toxicity,44,1.1879564255684438,0.10401421018935256,-0.0863951325905162,0.480088085391923,0.9512332340955254,0.11148909258222939,2.264423758554658,23,0,21,0.5227272727272727,0.36689751659283454,0.675385783602917,0.015669262651382077,0.9843307373486179,0.440197910640336,0.674206086395543,-0.795628354036893,4.845075498331879,-4.189978528395929,17.932081432800015,True
tabpfn,joint_freq_separate__sel_combined_union,airfoil_self_noise,44,0.776442109918564,0.04296467474860485,-0.0998464907494222,0.3662401081070663,0.9512332340955254,0.03882383592538374,1.5140603839117444,22,0,22,0.5,0.3456115734972564,0.6543884265027435,0.01978205024481925,0.9802179497551807,0.559802089359664,0.559802089359664,-0.795628354036893,3.7043681292919444,-4.189978528395929,8.398180072022424,True
tabpfn,joint_freq_separate__sel_combined_union,bike_sharing,44,1.1699915356717996,0.04296467474860485,-0.0998464907494222,0.3662401081070663,0.9512332340955254,0.09201263070250087,2.2479704406410983,22,0,22,0.5,0.3456115734972564,0.6543884265027435,0.0170434742337319,0.9829565257662681,0.559802089359664,0.559802089359664,-0.795628354036893,4.845075498331879,-4.189978528395929,17.932081432800015,True
tabpfn,joint_freq_separate__sel_combined_union,blood-transfusion-service-center,44,1.1903147167924988,0.10401421018935256,-0.0863951325905162,0.480088085391923,0.9512332340955254,0.1141407410373354,2.266488692547662,23,0,21,0.5227272727272727,0.36689751659283454,0.675385783602917,0.01548907966963814,0.9845109203303619,0.440197910640336,0.674206086395543,-0.795628354036893,4.845075498331879,-4.189978528395929,17.932081432800015,True
tabpfn,joint_freq_separate__sel_combined_union,churn,44,1.1073966863556197,0.04296467474860485,-0.0998464907494222,0.3662401081070663,0.9512332340955254,0.03411994122993689,2.1806734314813028,22,0,22,0.5,0.3456115734972564,0.6543884265027435,0.02172168592770599,0.978278314072294,0.559802089359664,0.559802089359664,-0.795628354036893,4.845075498331879,-4.189978528395929,17.932081432800015,True
tabpfn,joint_freq_separate__sel_combined_union,coil2000_insurance_policies,44,1.207661210693092,0.10401421018935256,-0.0863951325905162,0.480088085391923,0.9512332340955254,0.13432498820510963,2.2809974331810743,23,0,21,0.5227272727272727,0.36689751659283454,0.675385783602917,0.014169177147018899,0.9858308228529811,0.440197910640336,0.674206086395543,-0.7504145220800059,4.845075498331879,-4.189978528395929,17.932081432800015,True
tabpfn,joint_freq_separate__sel_combined_union,concrete_compressive_strength,44,1.1450048676209028,0.04296467474860485,-0.0998464907494222,0.3662401081070663,0.9512332340955254,0.06704375410458097,2.2229659811372247,22,0,22,0.5,0.3456115734972564,0.6543884265027435,0.018944426942921415,0.9810555730570786,0.559802089359664,0.559802089359664,-0.795628354036893,4.845075498331879,-4.189978528395929,17.932081432800015,True
tabpfn,joint_freq_separate__sel_combined_union,credit-g,44,1.178254153293379,0.04296467474860485,-0.0998464907494222,0.480088085391923,0.9512332340955254,0.1008118528384283,2.25569645374833,22,0,22,0.5,0.3456115734972564,0.6543884265027435,0.016411372645443168,0.9835886273545568,0.559802089359664,0.559802089359664,-0.795628354036893,4.845075498331879,-4.189978528395929,17.932081432800015,True
tabpfn,joint_freq_separate__sel_combined_union,diabetes,44,1.2023521056674824,0.10401421018935256,-0.0863951325905162,0.480088085391923,0.9512332340955254,0.12801995819081213,2.2766842531441527,23,0,21,0.5227272727272727,0.36689751659283454,0.675385783602917,0.014571855171512374,0.9854281448284876,0.440197910640336,0.674206086395543,-0.7504145220800059,4.845075498331879,-4.189978528395929,17.932081432800015,True
tabpfn,joint_freq_separate__sel_combined_union,gas_sensor_drift,44,1.1488446957191087,0.04296467474860485,-0.0998464907494222,0.3662401081070663,0.9512332340955254,0.07072055525853482,2.2269688361796827,22,0,22,0.5,0.3456115734972564,0.6543884265027435,0.0186540890605448,0.9813459109394552,0.559802089359664,0.559802089359664,-0.795628354036893,4.845075498331879,-4.189978528395929,17.932081432800015,True
tabpfn,joint_freq_separate__sel_combined_union,healthcare_insurance_expenses,44,1.028844790420855,0.04296467474860485,-0.0998464907494222,0.3662401081070663,0.9512332340955254,-0.016161724221297247,2.073851305063007,22,0,22,0.5,0.3456115734972564,0.6543884265027435,0.02674462577725904,0.973255374222741,0.559802089359664,0.559802089359664,-0.795628354036893,3.7043681292919444,-4.189978528395929,17.932081432800015,True
tabpfn,joint_freq_separate__sel_combined_union,heloc,44,1.1854212661215142,0.10401421018935256,-0.0998464907494222,0.480088085391923,0.9512332340955254,0.10866318201966907,2.2621793502233594,23,0,21,0.5227272727272727,0.36689751659283454,0.675385783602917,0.01586307292668594,0.9841369270733141,0.440197910640336,0.674206086395543,-0.795628354036893,4.845075498331879,-4.189978528395929,17.932081432800015,True
tabpfn,joint_freq_separate__sel_combined_union,jm1,44,1.1704180643756639,0.04296467474860485,-0.0998464907494222,0.3662401081070663,0.9512332340955254,0.0924602547688147,2.2483758739825133,22,0,22,0.5,0.3456115734972564,0.6543884265027435,0.017010859932785956,0.982989140067214,0.559802089359664,0.559802089359664,-0.795628354036893,4.845075498331879,-4.189978528395929,17.932081432800015,True
tabpfn,joint_freq_separate__sel_combined_union,maternal_health_risk,44,1.1104832801104711,0.04296467474860485,-0.0998464907494222,0.3662401081070663,0.9512332340955254,0.03661012753738424,2.184356432683558,22,0,22,0.5,0.3456115734972564,0.6543884265027435,0.021499667050331017,0.978500332949669,0.559802089359664,0.559802089359664,-0.795628354036893,4.845075498331879,-4.189978528395929,17.932081432800015,True
tabpfn,joint_freq_separate__sel_combined_union,online_shoppers_intention,44,1.0641587279967655,0.04296467474860485,-0.0998464907494222,0.3662401081070663,0.9512332340955254,0.003282127904338683,2.1250353280891923,22,0,22,0.5,0.3456115734972564,0.6543884265027435,0.0246631049087377,0.9753368950912623,0.559802089359664,0.559802089359664,-0.795628354036893,3.7043681292919444,-4.189978528395929,17.932081432800015,True
tabpfn,joint_freq_separate__sel_combined_union,polish_companies_bankruptcy,44,0.9931216862998732,0.04296467474860485,-0.0998464907494222,0.3662401081070663,0.9512332340955254,-0.03031859359080069,2.016561966190547,22,0,22,0.5,0.3456115734972564,0.6543884265027435,0.028433092564830186,0.9715669074351698,0.559802089359664,0.559802089359664,-0.795628354036893,3.7043681292919444,-4.189978528395929,17.932081432800015,True
tabpfn,joint_freq_separate__sel_combined_union,qsar-biodeg,44,1.1847094729581025,0.10401421018935256,-0.0998464907494222,0.480088085391923,0.9512332340955254,0.1078743366289372,2.2615446092872675,23,0,21,0.5227272727272727,0.36689751659283454,0.675385783602917,0.015917506019679454,0.9840824939803205,0.440197910640336,0.674206086395543,-0.795628354036893,4.845075498331879,-4.189978528395929,17.932081432800015,True
tabpfn,joint_freq_separate__sel_combined_union,seismic-bumps,44,1.181946953967176,0.0571105902768625,-0.0998464907494222,0.480088085391923,0.9512332340955254,0.10483178752455635,2.259062120409796,22,0,22,0.5,0.3456115734972564,0.6543884265027435,0.0161288186443974,0.9838711813556026,0.559802089359664,0.559802089359664,-0.795628354036893,4.845075498331879,-4.189978528395929,17.932081432800015,True
tabpfn,joint_freq_separate__sel_combined_union,students_dropout_and_academic_success,44,1.189736987669223,0.10401421018935256,-0.0863951325905162,0.480088085391923,0.9512332340955254,0.11348910443868299,2.265984870899763,23,0,21,0.5227272727272727,0.36689751659283454,0.675385783602917,0.015533209716428706,0.9844667902835713,0.440197910640336,0.674206086395543,-0.795628354036893,4.845075498331879,-4.189978528395929,17.932081432800015,True
tabpfn,joint_freq_separate__sel_combined_union,synthetic_large_test,44,1.1885993288710464,0.10401421018935256,-0.0863951325905162,0.480088085391923,0.9512332340955254,0.11220978087791522,2.2649888768641775,23,0,21,0.5227272727272727,0.36689751659283454,0.675385783602917,0.01562013105107175,0.9843798689489283,0.440197910640336,0.674206086395543,-0.795628354036893,4.845075498331879,-4.189978528395929,17.932081432800015,True
tabpfn,joint_freq_separate__sel_combined_union,synthetic_shift_0.0,44,1.2001722725511017,0.10401421018935256,-0.0863951325905162,0.480088085391923,0.9512332340955254,0.1254638066255016,2.2748807384767016,23,0,21,0.5227272727272727,0.36689751659283454,0.675385783602917,0.014737567141071958,0.985262432858928,0.440197910640336,0.674206086395543,-0.795628354036893,4.845075498331879,-4.189978528395929,17.932081432800015,True
tabpfn,joint_freq_separate__sel_combined_union,synthetic_shift_0.5,44,1.1918054474355333,0.10401421018935256,-0.0863951325905162,0.480088085391923,0.9512332340955254,0.11582829933155137,2.267782595539515,23,0,21,0.5227272727272727,0.36689751659283454,0.675385783602917,0.015375245636909151,0.9846247543630908,0.440197910640336,0.674206086395543,-0.795628354036893,4.845075498331879,-4.189978528395929,17.932081432800015,True
tabpfn,joint_freq_separate__sel_combined_union,synthetic_shift_1.0,44,1.1859529409501672,0.10401421018935256,-0.0998464907494222,0.480088085391923,0.9512332340955254,0.10925372141772494,2.2626521604826095,23,0,21,0.5227272727272727,0.36689751659283454,0.675385783602917,0.01582241858758674,0.9841775814124133,0.440197910640336,0.674206086395543,-0.795628354036893,4.845075498331879,-4.189978528395929,17.932081432800015,True
tabpfn,joint_freq_separate__sel_combined_union,synthetic_shift_3.0,44,1.1798119233906277,0.04296467474860485,-0.0998464907494222,0.480088085391923,0.9512332340955254,0.10250103901603125,2.2571228077652243,22,0,22,0.5,0.3456115734972564,0.6543884265027435,0.016292173769721918,0.9837078262302781,0.559802089359664,0.559802089359664,-0.795628354036893,4.845075498331879,-4.189978528395929,17.932081432800015,True
tabpfn,joint_freq_separate__sel_combined_union,synthetic_shift_5.0,44,1.1795354534172153,0.04296467474860485,-0.0998464907494222,0.480088085391923,0.9512332340955254,0.1022005446572456,2.2568703621771853,22,0,22,0.5,0.3456115734972564,0.6543884265027435,0.016313328537060585,0.9836866714629394,0.559802089359664,0.559802089359664,-0.795628354036893,4.845075498331879,-4.189978528395929,17.932081432800015,True
tabpfn,joint_freq_separate__sel_combined_union,tabred_delivery_eta__gap_far,44,1.2014180127799448,0.10401421018935256,-0.0863951325905162,0.480088085391923,0.9512332340955254,0.1269222861130157,2.2759137394468736,23,0,21,0.5227272727272727,0.36689751659283454,0.675385783602917,0.014642840531383363,0.9853571594686166,0.440197910640336,0.674206086395543,-0.7791845830161654,4.845075498331879,-4.189978528395929,17.932081432800015,True
tabpfn,joint_freq_separate__sel_combined_union,tabred_delivery_eta__gap_maxdiff,44,1.184078936690471,0.10401421018935256,-0.0998464907494222,0.480088085391923,0.9512332340955254,0.1071772214452209,2.260980651935721,23,0,21,0.5227272727272727,0.36689751659283454,0.675385783602917,0.01596573045306499,0.9840342695469351,0.440197910640336,0.674206086395543,-0.795628354036893,4.845075498331879,-4.189978528395929,17.932081432800015,True
tabpfn,joint_freq_separate__sel_combined_union,tabred_delivery_eta__gap_near,44,1.1730783223596573,0.04296467474860485,-0.0998464907494222,0.3662401081070663,0.9512332340955254,0.0952683073231424,2.250888337396172,22,0,22,0.5,0.3456115734972564,0.6543884265027435,0.016807392763105503,0.9831926072368945,0.559802089359664,0.559802089359664,-0.795628354036893,4.845075498331879,-4.189978528395929,17.932081432800015,True
tabpfn,joint_freq_separate__sel_combined_union,tabred_homesite__gap_far,44,1.0223158494845854,0.04296467474860485,-0.0998464907494222,0.3662401081070663,0.9512332340955254,-0.01917201755059339,2.0638037165197645,22,0,22,0.5,0.3456115734972564,0.6543884265027435,0.027088235029475525,0.9729117649705245,0.559802089359664,0.559802089359664,-0.795628354036893,3.7043681292919444,-4.189978528395929,17.932081432800015,True
tabpfn,joint_freq_separate__sel_combined_union,tabred_homesite__gap_near,44,1.096543177923075,0.04296467474860485,-0.0998464907494222,0.3662401081070663,0.9512332340955254,0.025666867827307982,2.167419488018842,22,0,22,0.5,0.3456115734972564,0.6543884265027435,0.022491429187603895,0.9775085708123962,0.559802089359664,0.559802089359664,-0.795628354036893,4.70180918702229,-4.189978528395929,17.932081432800015,True
tabpfn,joint_freq_separate__sel_combined_union,tabred_sberbank__gap_far,44,1.1270998686316516,0.04296467474860485,-0.0998464907494222,0.3662401081070663,0.9512332340955254,0.05066872346997897,2.203531013793324,22,0,22,0.5,0.3456115734972564,0.6543884265027435,0.0202842511437285,0.9797157488562714,0.559802089359664,0.559802089359664,-0.795628354036893,4.845075498331879,-4.189978528395929,17.932081432800015,True
tabpfn,joint_freq_separate__sel_combined_union,tabred_sberbank__gap_near,44,1.151642396308509,0.04296467474860485,-0.0998464907494222,0.3662401081070663,0.9512332340955254,0.07343614135755283,2.229848651259465,22,0,22,0.5,0.3456115734972564,0.6543884265027435,0.0184420296470829,0.981557970352917,0.559802089359664,0.559802089359664,-0.795628354036893,4.845075498331879,-4.189978528395929,17.932081432800015,True
tabpfn,joint_freq_separate__sel_combined_union,tabred_weather__gap_far,44,1.1855473194683948,0.10401421018935256,-0.0998464907494222,0.480088085391923,0.9512332340955254,0.1088030900624346,2.262291548874355,23,0,21,0.5227272727272727,0.36689751659283454,0.675385783602917,0.015853433935913243,0.9841465660640868,0.440197910640336,0.674206086395543,-0.795628354036893,4.845075498331879,-4.189978528395929,17.932081432800015,True
tabpfn,joint_freq_separate__sel_combined_union,tabred_weather__gap_maxdiff,44,1.189809318650649,0.10401421018935256,-0.0863951325905162,0.480088085391923,0.9512332340955254,0.11357061598383567,2.2660480213174625,23,0,21,0.5227272727272727,0.36689751659283454,0.675385783602917,0.015527684284230712,0.9844723157157693,0.440197910640336,0.674206086395543,-0.795628354036893,4.845075498331879,-4.189978528395929,17.932081432800015,True
tabpfn,joint_freq_separate__sel_combined_union,tabred_weather__gap_near,44,1.193518838960003,0.10401421018935256,-0.0863951325905162,0.480088085391923,0.9512332340955254,0.1177788223663847,2.2692588555536215,23,0,21,0.5227272727272727,0.36689751659283454,0.675385783602917,0.015244479276352765,0.9847555207236472,0.440197910640336,0.674206086395543,-0.795628354036893,4.845075498331879,-4.189978528395929,17.932081432800015,True
tabpfn,joint_freq_separate__sel_combined_union,taiwanese_bankruptcy_prediction,44,1.2198570957395047,0.10401421018935256,-0.0863951325905162,0.480088085391923,0.9512332340955254,0.14923645780390848,2.290477733675101,23,0,21,0.5227272727272727,0.36689751659283454,0.675385783602917,0.013250362149328128,0.9867496378506719,0.440197910640336,0.674206086395543,-0.7504145220800059,4.845075498331879,-4.189978528395929,17.932081432800015,True
tabpfn,joint_freq_separate__sel_combined_union,tschalzev_mbgm,44,1.1801401804551004,0.04296467474860485,-0.0998464907494222,0.480088085391923,0.9512332340955254,0.10285821343610446,2.257422147474096,22,0,22,0.5,0.3456115734972564,0.6543884265027435,0.01626705673606926,0.9837329432639307,0.559802089359664,0.559802089359664,-0.795628354036893,4.845075498331879,-4.189978528395929,17.932081432800015,True
tabpfn,joint_freq_separate__sel_combined_union,wine_quality,44,1.2502316645377596,0.10401421018935256,-0.0863951325905162,0.480088085391923,0.9512332340955254,0.18899430037676201,2.311469028698757,23,0,21,0.5227272727272727,0.36689751659283454,0.675385783602917,0.011017634038625858,0.9889823659613741,0.440197910640336,0.674206086395543,-0.7504145220800059,4.845075498331879,-4.189978528395929,17.932081432800015,True
tabpfn,target_enc_ratio__sel_combined_intersection,Another-Dataset-on-used-Fiat-500,44,0.9341871524975963,0.3069420148142036,-0.0006299557040075,0.7575922005197279,0.9512332340955254,0.1902333110938409,1.6781409939013519,28,0,16,0.6363636363636364,0.4777214964386258,0.7759198599212762,0.007530981767300131,0.9924690182326998,0.04807087721030712,0.9756166170477627,-0.41278607065428735,4.603952755142507,-7.27598616709779,8.428313066279928,True
tabpfn,target_enc_ratio__sel_combined_intersection,Bank_Customer_Churn,44,0.9326274155596862,0.3069420148142036,-0.0006299557040075,0.7575922005197279,0.9512332340955254,0.1885843630853805,1.676670468033992,28,0,16,0.6363636363636364,0.4777214964386258,0.7759198599212762,0.007615828919589437,0.9923841710804105,0.04807087721030712,0.9756166170477627,-0.41278607065428735,4.603952755142507,-7.27598616709779,8.428313066279928,True
tabpfn,target_enc_ratio__sel_combined_intersection,E-CommereShippingData,44,0.9421297344238759,0.38351512806275223,-0.0006299557040075,0.7575922005197279,0.9512332340955254,0.198846401171618,1.6854130676761339,28,0,16,0.6363636363636364,0.4777214964386258,0.7759198599212762,0.007098705486502672,0.9929012945134973,0.04807087721030712,0.9756166170477627,-0.41278607065428735,4.603952755142507,-7.27598616709779,8.428313066279928,True
tabpfn,target_enc_ratio__sel_combined_intersection,Fitness_Club,44,0.9494801610114542,0.38351512806275223,0.0997063636467496,0.7575922005197279,0.9512332340955254,0.20714006810848928,1.6918202539144191,29,0,15,0.6590909090909091,0.5008050107057,0.7950826530305182,0.006699535835571953,0.9933004641644281,0.024383382952237298,0.9886855793970426,-0.41278607065428735,4.603952755142507,-7.27598616709779,8.428313066279928,True
tabpfn,target_enc_ratio__sel_combined_intersection,Is-this-a-good-customer,44,0.866824342847903,0.3069420148142036,-0.0006299557040075,0.7358484832685434,0.9512332340955254,0.1317502021721263,1.6018984835236796,28,0,16,0.6363636363636364,0.4777214964386258,0.7759198599212762,0.010957044798970087,0.9890429552010299,0.04807087721030712,0.9756166170477627,-0.41278607065428735,4.603952755142507,-7.27598616709779,8.428313066279928,True
tabpfn,target_enc_ratio__sel_combined_intersection,MIC,44,1.1097591101226156,0.38351512806275223,0.0997063636467496,0.7575922005197279,0.9512332340955254,0.4724528275742683,1.747065392670963,29,0,15,0.6590909090909091,0.5008050107057,0.7950826530305182,0.0005299284358201913,0.9994700715641798,0.024383382952237298,0.9886855793970426,-0.3660367231002256,4.603952755142507,-1.4457740079734345,8.428313066279928,True
tabpfn,target_enc_ratio__sel_combined_intersection,Marketing_Campaign,44,0.9031668359242032,0.3069420148142036,-0.0006299557040075,0.7358484832685434,0.9512332340955254,0.16005329357305176,1.6462803782753546,28,0,16,0.6363636363636364,0.4777214964386258,0.7759198599212762,0.009192474400192765,0.9908075255998072,0.04807087721030712,0.9756166170477627,-0.41278607065428735,4.603952755142507,-7.27598616709779,8.428313066279928,True
tabpfn,target_enc_ratio__sel_combined_intersection,QSAR_fish_toxicity,44,0.9509590028977111,0.38351512806275223,0.0997063636467496,0.7575922005197279,0.9512332340955254,0.20884626859635447,1.6930717371990678,29,0,15,0.6590909090909091,0.5008050107057,0.7950826530305182,0.0066194642840469555,0.9933805357159531,0.024383382952237298,0.9886855793970426,-0.41278607065428735,4.603952755142507,-7.27598616709779,8.428313066279928,True
tabpfn,target_enc_ratio__sel_combined_intersection,airfoil_self_noise,44,0.8182821079811131,0.3069420148142036,-0.0006299557040075,0.7358484832685434,0.9512332340955254,0.10629663278481838,1.530267583177408,28,0,16,0.6363636363636364,0.4777214964386258,0.7759198599212762,0.012643356627752947,0.987356643372247,0.04807087721030712,0.9756166170477627,-0.41278607065428735,3.5228468866461555,-7.27598616709779,8.428313066279928,True
tabpfn,target_enc_ratio__sel_combined_intersection,bike_sharing,44,0.9317146795978988,0.3069420148142036,-0.0006299557040075,0.7575922005197279,0.9512332340955254,0.18762588124348578,1.6758034779523117,28,0,16,0.6363636363636364,0.4777214964386258,0.7759198599212762,0.007665458843094852,0.9923345411569051,0.04807087721030712,0.9756166170477627,-0.41278607065428735,4.603952755142507,-7.27598616709779,8.428313066279928,True
tabpfn,target_enc_ratio__sel_combined_intersection,blood-transfusion-service-center,44,0.9271777835858539,0.3069420148142036,-0.0006299557040075,0.7358484832685434,0.9512332340955254,0.1829323339309854,1.6714232332407224,28,0,16,0.6363636363636364,0.4777214964386258,0.7759198599212762,0.00791180479187235,0.9920881952081276,0.04807087721030712,0.9756166170477627,-0.41278607065428735,4.603952755142507,-7.27598616709779,8.428313066279928,True
tabpfn,target_enc_ratio__sel_combined_intersection,churn,44,0.9646204137513369,0.38351512806275223,0.0997063636467496,0.7575922005197279,0.9512332340955254,0.2252063597434366,1.7040344677592372,29,0,15,0.6590909090909091,0.5008050107057,0.7950826530305182,0.005886340969136239,0.9941136590308638,0.024383382952237298,0.9886855793970426,-0.3660367231002256,4.603952755142507,-7.27598616709779,8.428313066279928,True
tabpfn,target_enc_ratio__sel_combined_intersection,coil2000_insurance_policies,44,0.95346729101129,0.38351512806275223,0.0997063636467496,0.7575922005197279,0.9512332340955254,0.21176903701892225,1.6951655450036578,29,0,15,0.6590909090909091,0.5008050107057,0.7950826530305182,0.006483904891329434,0.9935160951086706,0.024383382952237298,0.9886855793970426,-0.3796766675550431,4.603952755142507,-7.27598616709779,8.428313066279928,True
tabpfn,target_enc_ratio__sel_combined_intersection,concrete_compressive_strength,44,0.904099867220676,0.3069420148142036,-0.0006299557040075,0.7358484832685434,0.9512332340955254,0.16088065068427204,1.64731908375708,28,0,16,0.6363636363636364,0.4777214964386258,0.7759198599212762,0.009143840026705114,0.9908561599732949,0.04807087721030712,0.9756166170477627,-0.41278607065428735,4.603952755142507,-7.27598616709779,8.428313066279928,True
tabpfn,target_enc_ratio__sel_combined_intersection,credit-g,44,0.8632625475993123,0.3069420148142036,-0.0006299557040075,0.7358484832685434,0.9512332340955254,0.12939309702071689,1.5971319981779077,28,0,16,0.6363636363636364,0.4777214964386258,0.7759198599212762,0.011111994806240704,0.9888880051937593,0.04807087721030712,0.9756166170477627,-0.41278607065428735,4.55693705786111,-7.27598616709779,8.428313066279928,True
tabpfn,target_enc_ratio__sel_combined_intersection,diabetes,44,0.9627464210339912,0.38351512806275223,0.0997063636467496,0.7575922005197279,0.9512332340955254,0.22289805394283457,1.7025947881251478,29,0,15,0.6590909090909091,0.5008050107057,0.7950826530305182,0.005986032054438077,0.994013967945562,0.024383382952237298,0.9886855793970426,-0.3660367231002256,4.603952755142507,-7.27598616709779,8.428313066279928,True
tabpfn,target_enc_ratio__sel_combined_intersection,gas_sensor_drift,44,0.7528432184549402,0.3069420148142036,-0.0006299557040075,0.7358484832685434,0.9512332340955254,0.09699508558695091,1.4086913513229296,28,0,16,0.6363636363636364,0.4777214964386258,0.7759198599212762,0.012727834621291446,0.9872721653787085,0.04807087721030712,0.9756166170477627,-0.41278607065428735,3.5228468866461555,-7.27598616709779,6.516867072964731,True
tabpfn,target_enc_ratio__sel_combined_intersection,healthcare_insurance_expenses,44,0.9390967815356327,0.38351512806275223,-0.0006299557040075,0.7575922005197279,0.9512332340955254,0.19551471898566697,1.6826788440855984,28,0,16,0.6363636363636364,0.4777214964386258,0.7759198599212762,0.007263755048229803,0.9927362449517703,0.04807087721030712,0.9756166170477627,-0.41278607065428735,4.603952755142507,-7.27598616709779,8.428313066279928,True
tabpfn,target_enc_ratio__sel_combined_intersection,heloc,44,0.9456376506192755,0.38351512806275223,0.0997063636467496,0.7575922005197279,0.9512332340955254,0.20276570491114543,1.6885095963274055,29,0,15,0.6590909090909091,0.5008050107057,0.7950826530305182,0.006908004260179061,0.9930919957398209,0.024383382952237298,0.9886855793970426,-0.41278607065428735,4.603952755142507,-7.27598616709779,8.428313066279928,True
tabpfn,target_enc_ratio__sel_combined_intersection,jm1,44,0.9478143627670452,0.38351512806275223,0.0997063636467496,0.7575922005197279,0.9512332340955254,0.2052332637684655,1.690395461765625,29,0,15,0.6590909090909091,0.5008050107057,0.7950826530305182,0.00678984378032451,0.9932101562196755,0.024383382952237298,0.9886855793970426,-0.41278607065428735,4.603952755142507,-7.27598616709779,8.428313066279928,True
tabpfn,target_enc_ratio__sel_combined_intersection,maternal_health_risk,44,0.9198411367989956,0.3069420148142036,-0.0006299557040075,0.7358484832685434,0.9512332340955254,0.17559148116873713,1.664090792429254,28,0,16,0.6363636363636364,0.4777214964386258,0.7759198599212762,0.008308216828526989,0.991691783171473,0.04807087721030712,0.9756166170477627,-0.41278607065428735,4.603952755142507,-7.27598616709779,8.428313066279928,True
tabpfn,target_enc_ratio__sel_combined_intersection,online_shoppers_intention,44,0.9243950795932624,0.3069420148142036,-0.0006299557040075,0.7358484832685434,0.9512332340955254,0.18011180033225094,1.6686783588542737,28,0,16,0.6363636363636364,0.4777214964386258,0.7759198599212762,0.008062505112334343,0.9919374948876657,0.04807087721030712,0.9756166170477627,-0.41278607065428735,4.603952755142507,-7.27598616709779,8.428313066279928,True
tabpfn,target_enc_ratio__sel_combined_intersection,polish_companies_bankruptcy,44,0.7962851728484673,0.3069420148142036,-0.0006299557040075,0.7358484832685434,0.9512332340955254,0.09973716908299834,1.4928331766139364,28,0,16,0.6363636363636364,0.4777214964386258,0.7759198599212762,0.013014727215559333,0.9869852727844407,0.04807087721030712,0.9756166170477627,-0.41278607065428735,3.5228468866461555,-7.27598616709779,8.428313066279928,True
tabpfn,target_enc_ratio__sel_combined_intersection,qsar-biodeg,44,0.9376677485543485,0.38351512806275223,-0.0006299557040075,0.7575922005197279,0.9512332340955254,0.193963221239024,1.681372275869673,28,0,16,0.6363636363636364,0.4777214964386258,0.7759198599212762,0.007341543634058755,0.9926584563659412,0.04807087721030712,0.9756166170477627,-0.41278607065428735,4.603952755142507,-7.27598616709779,8.428313066279928,True
tabpfn,target_enc_ratio__sel_combined_intersection,seismic-bumps,44,0.9459169713170262,0.38351512806275223,0.0997063636467496,0.7575922005197279,0.9512332340955254,0.20308082304606634,1.6887531195879861,29,0,15,0.6590909090909091,0.5008050107057,0.7950826530305182,0.006892833014198875,0.9931071669858011,0.024383382952237298,0.9886855793970426,-0.41278607065428735,4.603952755142507,-7.27598616709779,8.428313066279928,True
tabpfn,target_enc_ratio__sel_combined_intersection,students_dropout_and_academic_success,44,0.9276719589779262,0.3069420148142036,-0.0006299557040075,0.7575922005197279,0.9512332340955254,0.18343785807382007,1.6719060598820323,28,0,16,0.6363636363636364,0.4777214964386258,0.7759198599212762,0.00788500641314778,0.9921149935868523,0.04807087721030712,0.9756166170477627,-0.41278607065428735,4.603952755142507,-7.27598616709779,8.428313066279928,True
tabpfn,target_enc_ratio__sel_combined_intersection,synthetic_large_test,44,0.9494108974394488,0.38351512806275223,0.0997063636467496,0.7575922005197279,0.9512332340955254,0.2070604649840121,1.6917613298948857,29,0,15,0.6590909090909091,0.5008050107057,0.7950826530305182,0.0067032885268426936,0.9932967114731573,0.024383382952237298,0.9886855793970426,-0.41278607065428735,4.603952755142507,-7.27598616709779,8.428313066279928,True
tabpfn,target_enc_ratio__sel_combined_intersection,synthetic_shift_0.0,44,0.948384313288452,0.38351512806275223,0.0997063636467496,0.7575922005197279,0.9512332340955254,0.20588387525233642,1.6908847513245675,29,0,15,0.6590909090909091,0.5008050107057,0.7950826530305182,0.006758932468400546,0.9932410675315995,0.024383382952237298,0.9886855793970426,-0.41278607065428735,4.603952755142507,-7.27598616709779,8.428313066279928,True
tabpfn,target_enc_ratio__sel_combined_intersection,synthetic_shift_0.5,44,0.9444101053182113,0.38351512806275223,0.0997063636467496,0.7575922005197279,0.9512332340955254,0.20138615704988394,1.6874340535865389,29,0,15,0.6590909090909091,0.5008050107057,0.7950826530305182,0.006974704341049819,0.9930252956589501,0.024383382952237298,0.9886855793970426,-0.41278607065428735,4.603952755142507,-7.27598616709779,8.428313066279928,True
tabpfn,target_enc_ratio__sel_combined_intersection,synthetic_shift_1.0,44,0.9390652279476526,0.38351512806275223,-0.0006299557040075,0.7575922005197279,0.9512332340955254,0.19548033491235695,1.6826501209829483,28,0,16,0.6363636363636364,0.4777214964386258,0.7759198599212762,0.007265472580189036,0.9927345274198109,0.04807087721030712,0.9756166170477627,-0.41278607065428735,4.603952755142507,-7.27598616709779,8.428313066279928,True
tabpfn,target_enc_ratio__sel_combined_intersection,synthetic_shift_3.0,44,0.925476868665265,0.3069420148142036,-0.0006299557040075,0.7358484832685434,0.9512332340955254,0.1812030343807789,1.6697507029497511,28,0,16,0.6363636363636364,0.4777214964386258,0.7759198599212762,0.008003962989968841,0.9919960370100311,0.04807087721030712,0.9756166170477627,-0.41278607065428735,4.603952755142507,-7.27598616709779,8.428313066279928,True
tabpfn,target_enc_ratio__sel_combined_intersection,synthetic_shift_5.0,44,0.9286248897070949,0.3069420148142036,-0.0006299557040075,0.7575922005197279,0.9512332340955254,0.18441661666654807,1.6728331627476418,28,0,16,0.6363636363636364,0.4777214964386258,0.7759198599212762,0.00783330380703769,0.9921666961929623,0.04807087721030712,0.9756166170477627,-0.41278607065428735,4.603952755142507,-7.27598616709779,8.428313066279928,True
tabpfn,target_enc_ratio__sel_combined_intersection,tabred_delivery_eta__gap_far,44,0.9539101463507321,0.38351512806275223,0.0997063636467496,0.7575922005197279,0.9512332340955254,0.21228884600507003,1.6955314466963942,29,0,15,0.6590909090909091,0.5008050107057,0.7950826530305182,0.006460007281890471,0.9935399927181096,0.024383382952237298,0.9886855793970426,-0.3660367231002256,4.603952755142507,-7.27598616709779,8.428313066279928,True
tabpfn,target_enc_ratio__sel_combined_intersection,tabred_delivery_eta__gap_maxdiff,44,0.9466125442142669,0.38351512806275223,0.0997063636467496,0.7575922005197279,0.9512332340955254,0.2038674902184845,1.6893575982100493,29,0,15,0.6590909090909091,0.5008050107057,0.7950826530305182,0.006855063646658201,0.9931449363533418,0.024383382952237298,0.9886855793970426,-0.41278607065428735,4.603952755142507,-7.27598616709779,8.428313066279928,True
tabpfn,target_enc_ratio__sel_combined_intersection,tabred_delivery_eta__gap_near,44,0.9460687232440268,0.38351512806275223,0.0997063636467496,0.7575922005197279,0.9512332340955254,0.20325221146993944,1.6888852350181143,29,0,15,0.6590909090909091,0.5008050107057,0.7950826530305182,0.0068845916335970175,0.993115408366403,0.024383382952237298,0.9886855793970426,-0.41278607065428735,4.603952755142507,-7.27598616709779,8.428313066279928,True
tabpfn,target_enc_ratio__sel_combined_intersection,tabred_homesite__gap_far,44,0.8296881913910347,0.3069420148142036,-0.0006299557040075,0.7358484832685434,0.9512332340955254,0.11095545928113104,1.5484209235009383,28,0,16,0.6363636363636364,0.4777214964386258,0.7759198599212762,0.01234173697338024,0.9876582630266197,0.04807087721030712,0.9756166170477627,-0.41278607065428735,3.5228468866461555,-7.27598616709779,8.428313066279928,True
tabpfn,target_enc_ratio__sel_combined_intersection,tabred_homesite__gap_near,44,0.9210155694462396,0.3069420148142036,-0.0006299557040075,0.7358484832685434,0.9512332340955254,0.17674589359852833,1.6652852452939508,28,0,16,0.6363636363636364,0.4777214964386258,0.7759198599212762,0.008244974014795773,0.9917550259852043,0.04807087721030712,0.9756166170477627,-0.41278607065428735,4.603952755142507,-7.27598616709779,8.428313066279928,True
tabpfn,target_enc_ratio__sel_combined_intersection,tabred_sberbank__gap_far,44,0.8281544239538324,0.3069420148142036,-0.0006299557040075,0.7358484832685434,0.9512332340955254,0.11028041096528074,1.5460284369423842,28,0,16,0.6363636363636364,0.4777214964386258,0.7759198599212762,0.012386188317812448,0.9876138116821875,0.04807087721030712,0.9756166170477627,-0.41278607065428735,3.5228468866461555,-7.27598616709779,8.428313066279928,True
tabpfn,target_enc_ratio__sel_combined_intersection,tabred_sberbank__gap_near,44,0.9011947171246796,0.3069420148142036,-0.0006299557040075,0.7358484832685434,0.9512332340955254,0.1583209969433036,1.6440684373060557,28,0,16,0.6363636363636364,0.4777214964386258,0.7759198599212762,0.009294866530992308,0.9907051334690077,0.04807087721030712,0.9756166170477627,-0.41278607065428735,4.603952755142507,-7.27598616709779,8.428313066279928,True
tabpfn,target_enc_ratio__sel_combined_intersection,tabred_weather__gap_far,44,0.9336186208344945,0.3069420148142036,-0.0006299557040075,0.7575922005197279,0.9512332340955254,0.18963064839500254,1.6776065932739865,28,0,16,0.6363636363636364,0.4777214964386258,0.7759198599212762,0.007561913622961473,0.9924380863770386,0.04807087721030712,0.9756166170477627,-0.41278607065428735,4.603952755142507,-7.27598616709779,8.428313066279928,True
tabpfn,target_enc_ratio__sel_combined_intersection,tabred_weather__gap_maxdiff,44,0.9371719179676101,0.3726068551545037,-0.0006299557040075,0.7575922005197279,0.9512332340955254,0.1934276347262548,1.6809162012089653,28,0,16,0.6363636363636364,0.4777214964386258,0.7759198599212762,0.00736853424218618,0.9926314657578138,0.04807087721030712,0.9756166170477627,-0.41278607065428735,4.603952755142507,-7.27598616709779,8.428313066279928,True
tabpfn,target_enc_ratio__sel_combined_intersection,tabred_weather__gap_near,44,0.9404961022596918,0.38351512806275223,-0.0006299557040075,0.7575922005197279,0.9512332340955254,0.19704530667857523,1.6839468978408085,28,0,16,0.6363636363636364,0.4777214964386258,0.7759198599212762,0.007187593640985573,0.9928124063590145,0.04807087721030712,0.9756166170477627,-0.41278607065428735,4.603952755142507,-7.27598616709779,8.428313066279928,True
tabpfn,target_enc_ratio__sel_combined_intersection,taiwanese_bankruptcy_prediction,44,0.9772542883243347,0.38351512806275223,0.0997063636467496,0.7575922005197279,0.9512332340955254,0.24130474232040033,1.7132038343282692,29,0,15,0.6590909090909091,0.5008050107057,0.7950826530305182,0.005224265746079174,0.9947757342539209,0.024383382952237298,0.9886855793970426,-0.3660367231002256,4.603952755142507,-7.27598616709779,8.428313066279928,True
tabpfn,target_enc_ratio__sel_combined_intersection,tschalzev_mbgm,44,0.9383912940338862,0.38351512806275223,-0.0006299557040075,0.7575922005197279,0.9512332340955254,0.1947473095671418,1.6820352785006305,28,0,16,0.6363636363636364,0.4777214964386258,0.7759198599212762,0.007302157267899931,0.9926978427321,0.04807087721030712,0.9756166170477627,-0.41278607065428735,4.603952755142507,-7.27598616709779,8.428313066279928,True
tabpfn,target_enc_ratio__sel_combined_intersection,wine_quality,44,0.9127908882529018,0.3069420148142036,-0.0006299557040075,0.7358484832685434,0.9512332340955254,0.16882727798317498,1.6567544985226286,28,0,16,0.6363636363636364,0.4777214964386258,0.7759198599212762,0.008685594633433318,0.9913144053665667,0.04807087721030712,0.9756166170477627,-0.41278607065428735,4.603952755142507,-7.27598616709779,8.428313066279928,True
