model,method_key,dataset,dataset_lift_pct,variant_mean_all_pct,variant_mean_without_dataset_pct,mean_change_when_removed_pct,influence_direction,absolute_influence_rank
bag8,freq_enc_train_only,folktables_travel_time_covid,-0.8416324664269221,0.3927049037552501,0.40722651987504044,0.01452161611979036,pulls_mean_down,8.0
bag8,freq_enc_train_only,tabred_homesite__gap_far,-0.8091698970029834,0.3927049037552501,0.4068446072935823,0.014139703538332216,pulls_mean_down,9.0
bag8,freq_enc_train_only,website_phishing,-0.6805398360412407,0.3927049037552501,0.4053313124587382,0.012626408703488134,pulls_mean_down,10.0
bag8,freq_enc_train_only,airfoil_self_noise,-0.5772989222510714,0.3927049037552501,0.4041167134729715,0.011411809717721433,pulls_mean_down,11.0
bag8,freq_enc_train_only,folktables_mobility,-0.1444816651453012,0.3927049037552501,0.39902474574231545,0.006319841987065367,pulls_mean_down,12.0
bag8,freq_enc_train_only,synthetic_large_test,-0.1441402878255019,0.3927049037552501,0.3990207295385531,0.006315825783303031,pulls_mean_down,13.0
bag8,freq_enc_train_only,diabetes_hospital,-0.1373568357316941,0.3927049037552501,0.3989409242198024,0.006236020464552294,pulls_mean_down,14.0
bag8,freq_enc_train_only,synthetic_small_test,-0.1338886670090184,0.3927049037552501,0.3989001222348298,0.006195218479579712,pulls_mean_down,15.0
bag8,freq_enc_train_only,tabred_sberbank__gap_near,-0.1060547604743441,0.3927049037552501,0.3985726645108924,0.005867760755642326,pulls_mean_down,16.0
bag8,freq_enc_train_only,synthetic_label_shift,-0.0538062080331737,0.3927049037552501,0.3979579756586434,0.005253071903393303,pulls_mean_down,18.0
bag8,freq_enc_train_only,folktables_travel_time,-0.0455555989256133,0.3927049037552501,0.3978609096691426,0.005156005913892536,pulls_mean_down,19.0
bag8,freq_enc_train_only,bank-marketing,-0.0444517463861092,0.3927049037552501,0.3978479231686779,0.005143019413427818,pulls_mean_down,20.0
bag8,freq_enc_train_only,tabred_cooking_time,-0.0401318925116829,0.3927049037552501,0.3977971013583905,0.005092197603140447,pulls_mean_down,21.0
bag8,freq_enc_train_only,E-CommereShippingData,-0.028502409584252,0.3927049037552501,0.3976602839121855,0.004955380156935418,pulls_mean_down,23.0
bag8,freq_enc_train_only,synthetic_partial_shift,-0.0190909565939431,0.3927049037552501,0.3975495609358289,0.004844657180578804,pulls_mean_down,24.0
bag8,freq_enc_train_only,folktables_employment,-0.0166335660834101,0.3927049037552501,0.39752065045923435,0.004815746703984269,pulls_mean_down,25.0
bag8,freq_enc_train_only,Bank_Customer_Churn,-0.0162732763024018,0.3927049037552501,0.3975164117559284,0.004811508000678311,pulls_mean_down,26.0
bag8,freq_enc_train_only,tabred_sberbank,-0.012939500285824,0.3927049037552501,0.39747719086161565,0.004772287106365569,pulls_mean_down,27.0
bag8,freq_enc_train_only,synthetic_shift_0.0,-0.0044521976637818,0.3927049037552501,0.39737734024253285,0.004672436487282772,pulls_mean_down,28.0
bag8,freq_enc_train_only,Another-Dataset-on-used-Fiat-500,0.0,0.3927049037552501,0.3973249614464884,0.0046200576912383,pulls_mean_down,29.0
bag8,freq_enc_train_only,Bioresponse,0.0,0.3927049037552501,0.3973249614464884,0.0046200576912383,pulls_mean_down,30.0
bag8,freq_enc_train_only,GiveMeSomeCredit,0.0,0.3927049037552501,0.3973249614464884,0.0046200576912383,pulls_mean_down,31.0
bag8,freq_enc_train_only,concrete_compressive_strength,0.0,0.3927049037552501,0.3973249614464884,0.0046200576912383,pulls_mean_down,32.0
bag8,freq_enc_train_only,jm1,0.0,0.3927049037552501,0.3973249614464884,0.0046200576912383,pulls_mean_down,33.0
bag8,freq_enc_train_only,tabred_delivery_eta,0.0,0.3927049037552501,0.3973249614464884,0.0046200576912383,pulls_mean_down,34.0
bag8,freq_enc_train_only,tabred_delivery_eta__gap_far,0.0,0.3927049037552501,0.3973249614464884,0.0046200576912383,pulls_mean_down,35.0
bag8,freq_enc_train_only,tabred_delivery_eta__gap_maxdiff,0.0,0.3927049037552501,0.3973249614464884,0.0046200576912383,pulls_mean_down,36.0
bag8,freq_enc_train_only,tabred_delivery_eta__gap_near,0.0,0.3927049037552501,0.3973249614464884,0.0046200576912383,pulls_mean_down,37.0
bag8,freq_enc_train_only,tabred_ecom_offers,0.0,0.3927049037552501,0.3973249614464884,0.0046200576912383,pulls_mean_down,38.0
bag8,freq_enc_train_only,QSAR-TID-11,0.0,0.3927049037552501,0.3973249614464883,0.004620057691238244,pulls_mean_down,39.0
bag8,freq_enc_train_only,QSAR_fish_toxicity,0.0,0.3927049037552501,0.3973249614464883,0.004620057691238244,pulls_mean_down,40.0
bag8,freq_enc_train_only,blood-transfusion-service-center,0.0,0.3927049037552501,0.3973249614464883,0.004620057691238244,pulls_mean_down,41.0
bag8,freq_enc_train_only,diabetes,0.0,0.3927049037552501,0.3973249614464883,0.004620057691238244,pulls_mean_down,42.0
bag8,freq_enc_train_only,gas_sensor_drift,0.0,0.3927049037552501,0.3973249614464883,0.004620057691238244,pulls_mean_down,43.0
bag8,freq_enc_train_only,hazelnut-spread-contaminant-detection,0.0,0.3927049037552501,0.3973249614464883,0.004620057691238244,pulls_mean_down,44.0
bag8,freq_enc_train_only,heloc,0.0,0.3927049037552501,0.3973249614464883,0.004620057691238244,pulls_mean_down,45.0
bag8,freq_enc_train_only,houses,0.0,0.3927049037552501,0.3973249614464883,0.004620057691238244,pulls_mean_down,46.0
bag8,freq_enc_train_only,maternal_health_risk,0.0,0.3927049037552501,0.3973249614464883,0.004620057691238244,pulls_mean_down,47.0
bag8,freq_enc_train_only,miami_housing,0.0,0.3927049037552501,0.3973249614464883,0.004620057691238244,pulls_mean_down,48.0
bag8,freq_enc_train_only,physiochemical_protein,0.0,0.3927049037552501,0.3973249614464883,0.004620057691238244,pulls_mean_down,49.0
bag8,freq_enc_train_only,polish_companies_bankruptcy,0.0,0.3927049037552501,0.3973249614464883,0.004620057691238244,pulls_mean_down,50.0
bag8,freq_enc_train_only,seismic-bumps,0.0,0.3927049037552501,0.3973249614464883,0.004620057691238244,pulls_mean_down,51.0
bag8,freq_enc_train_only,shifts_weather,0.0,0.3927049037552501,0.3973249614464883,0.004620057691238244,pulls_mean_down,52.0
bag8,freq_enc_train_only,superconductivity,0.0,0.3927049037552501,0.3973249614464883,0.004620057691238244,pulls_mean_down,53.0
bag8,freq_enc_train_only,tabred_weather,0.0,0.3927049037552501,0.3973249614464883,0.004620057691238244,pulls_mean_down,54.0
bag8,freq_enc_train_only,tabred_weather__gap_far,0.0,0.3927049037552501,0.3973249614464883,0.004620057691238244,pulls_mean_down,55.0
bag8,freq_enc_train_only,tabred_weather__gap_maxdiff,0.0,0.3927049037552501,0.3973249614464883,0.004620057691238244,pulls_mean_down,56.0
bag8,freq_enc_train_only,tabred_weather__gap_near,0.0,0.3927049037552501,0.3973249614464883,0.004620057691238244,pulls_mean_down,57.0
bag8,freq_enc_train_only,taiwanese_bankruptcy_prediction,0.0,0.3927049037552501,0.3973249614464883,0.004620057691238244,pulls_mean_down,58.0
bag8,freq_enc_train_only,tschalzev_ogpcc,0.0,0.3927049037552501,0.3973249614464883,0.004620057691238244,pulls_mean_down,59.0
bag8,freq_enc_train_only,tschalzev_sctp,0.0,0.3927049037552501,0.3973249614464883,0.004620057691238244,pulls_mean_down,60.0
bag8,freq_enc_train_only,wine_quality,0.0,0.3927049037552501,0.3973249614464883,0.004620057691238244,pulls_mean_down,61.0
bag8,freq_enc_train_only,folktables_coverage,0.0065033465607641,0.3927049037552501,0.3972484514869499,0.0045435477316998485,pulls_mean_down,62.0
bag8,freq_enc_train_only,coil2000_insurance_policies,0.008939277015388,0.3927049037552501,0.3972197934816014,0.004514889726351334,pulls_mean_down,63.0
bag8,freq_enc_train_only,Food_Delivery_Time,0.0156784288524975,0.3927049037552501,0.39714050934234135,0.004435605587091274,pulls_mean_down,64.0
bag8,freq_enc_train_only,folktables_coverage_covid,0.0273473570375894,0.3927049037552501,0.39700322783428144,0.004298324079031357,pulls_mean_down,65.0
bag8,freq_enc_train_only,synthetic_shift_0.5,0.0387572787961306,0.3927049037552501,0.3968689934606515,0.004164089705401441,pulls_mean_down,66.0
bag8,freq_enc_train_only,folktables_income,0.0406089290433094,0.3927049037552501,0.39684720934009643,0.004142305584846351,pulls_mean_down,67.0
bag8,freq_enc_train_only,healthcare_insurance_expenses,0.0447676642008274,0.3927049037552501,0.39679828304412573,0.004093379288875654,pulls_mean_down,68.0
bag8,freq_enc_train_only,synthetic_shift_3.0,0.0502407952563574,0.3927049037552501,0.3967338932670018,0.004028989511751735,pulls_mean_down,69.0
bag8,freq_enc_train_only,bike_sharing,0.063844363554058,0.3927049037552501,0.3965738512870288,0.0038689475317787436,pulls_mean_down,70.0
bag8,freq_enc_train_only,synthetic_shift_1.0,0.0686412445960434,0.3927049037552501,0.3965174173924173,0.0038125136371672252,pulls_mean_down,71.0
bag8,freq_enc_train_only,lending_club,0.0759011219581272,0.3927049037552501,0.39643200707051035,0.0037271033152602717,pulls_mean_down,72.0
bag8,freq_enc_train_only,qsar-biodeg,0.1067457159336998,0.3927049037552501,0.39606912949432715,0.0033642257390770758,pulls_mean_down,75.0
bag8,freq_enc_train_only,brfss_diabetes,0.1086692131468714,0.3927049037552501,0.3960465001153487,0.00334159636009862,pulls_mean_down,76.0
bag8,freq_enc_train_only,synthetic_shift_5.0,0.1919325773300707,0.3927049037552501,0.3950669311249581,0.0023620273697080307,pulls_mean_down,79.0
bag8,freq_enc_train_only,credit_card_clients_default,0.3119909727936141,0.3927049037552501,0.3936544794136223,0.0009495756583722259,pulls_mean_down,84.0
bag8,freq_enc_train_only,tschalzev_mbgm,0.3493616942843088,0.3927049037552501,0.3932148238666729,0.0005099201114228125,pulls_mean_down,85.0
bag8,freq_enc_train_only,HR_Analytics_Job_Change_of_Data_Scientists,0.3528071965920804,0.3927049037552501,0.3931742885454051,0.0004693847901550141,pulls_mean_down,86.0
bag8,freq_enc_train_only,students_dropout_and_academic_success,0.4812566639802226,0.3927049037552501,0.39166311834083867,-0.0010417854144114114,pulls_mean_up,83.0
bag8,freq_enc_train_only,tabred_homesite__gap_near,0.5012834508600119,0.3927049037552501,0.3914275090834295,-0.0012773946718205864,pulls_mean_up,82.0
bag8,freq_enc_train_only,diamonds,0.5488485631898775,0.3927049037552501,0.3908679195266075,-0.0018369842286425908,pulls_mean_up,81.0
bag8,freq_enc_train_only,Diabetes130US,0.5818930222680315,0.3927049037552501,0.39047916118451154,-0.0022257425707385425,pulls_mean_up,80.0
bag8,freq_enc_train_only,tabred_sberbank__gap_far,0.6485084055965172,0.3927049037552501,0.38969545079241164,-0.0030094529628384437,pulls_mean_up,78.0
bag8,freq_enc_train_only,hiva_agnostic,0.6501495895170591,0.3927049037552501,0.38967614274628765,-0.003028761008962433,pulls_mean_up,77.0
bag8,freq_enc_train_only,churn,0.6805901909279279,0.3927049037552501,0.38931801802380683,-0.0033868857314432455,pulls_mean_up,74.0
bag8,freq_enc_train_only,Fitness_Club,0.7058722768756159,0.3927049037552501,0.3890205817185399,-0.0036843220367101526,pulls_mean_up,73.0
bag8,freq_enc_train_only,online_shoppers_intention,0.8194074525314369,0.3927049037552501,0.3876848737696479,-0.005020029985602192,pulls_mean_up,22.0
bag8,freq_enc_train_only,tabred_homesite,0.8887891061705654,0.3927049037552501,0.3868686190209524,-0.005836284734297703,pulls_mean_up,17.0
bag8,freq_enc_train_only,Marketing_Campaign,1.8101772735347192,0.3927049037552501,0.37602875822843285,-0.016676145526817232,pulls_mean_up,7.0
bag8,freq_enc_train_only,in_vehicle_coupon_recommendation,2.581860221177914,0.3927049037552501,0.36695013531498344,-0.02575476844026664,pulls_mean_up,6.0
bag8,freq_enc_train_only,Is-this-a-good-customer,2.6785428787439325,0.3927049037552501,0.365812692284795,-0.026892211470455063,pulls_mean_up,5.0
bag8,freq_enc_train_only,credit-g,3.3724996434209324,0.3927049037552501,0.3576484950533009,-0.035056408701949204,pulls_mean_up,4.0
bag8,freq_enc_train_only,kddcup09_appetency,3.8945575547471663,0.3927049037552501,0.35150663727299225,-0.04119826648225783,pulls_mean_up,3.0
bag8,freq_enc_train_only,MIC,7.372231395494501,0.3927049037552501,0.3105928273818471,-0.08211207637340295,pulls_mean_up,2.0
bag8,freq_enc_train_only,Amazon_employee_access,7.549817547241608,0.3927049037552501,0.30850357853776356,-0.08420132521748652,pulls_mean_up,1.0
bag8,joint_freq_combined,tabred_sberbank,-1.4925030793981184,0.45576157796602385,0.47868233864089615,0.02292076067487231,pulls_mean_down,7.0
bag8,joint_freq_combined,website_phishing,-0.9580640130864286,0.45576157796602385,0.4723948202136998,0.016633242247675928,pulls_mean_down,9.0
bag8,joint_freq_combined,E-CommereShippingData,-0.32836367603583,0.45576157796602385,0.464986580954281,0.00922500298825718,pulls_mean_down,12.0
bag8,joint_freq_combined,tabred_sberbank__gap_far,-0.270553315232754,0.45576157796602385,0.4643064590624801,0.008544881096456236,pulls_mean_down,13.0
bag8,joint_freq_combined,folktables_income,-0.1188083525712299,0.45576157796602385,0.4625212242076386,0.006759646241614736,pulls_mean_down,14.0
bag8,joint_freq_combined,diabetes_hospital,-0.1041818207415926,0.45576157796602385,0.462349147362584,0.006587569396560133,pulls_mean_down,15.0
bag8,joint_freq_combined,synthetic_shift_1.0,-0.1001958230570017,0.45576157796602385,0.46230225327217717,0.006540675306153321,pulls_mean_down,16.0
bag8,joint_freq_combined,coil2000_insurance_policies,-0.0993499028440621,0.45576157796602385,0.4622923012696719,0.006530723303648067,pulls_mean_down,17.0
bag8,joint_freq_combined,synthetic_small_test,-0.0961690851575439,0.45576157796602385,0.4622548798851247,0.006493301919100858,pulls_mean_down,18.0
bag8,joint_freq_combined,synthetic_shift_3.0,-0.0498128768109631,0.45576157796602385,0.4617095127281061,0.005947934762082274,pulls_mean_down,19.0
bag8,joint_freq_combined,bank-marketing,-0.0444517463861092,0.45576157796602385,0.46164644060546073,0.005884862639436883,pulls_mean_down,20.0
bag8,joint_freq_combined,tabred_cooking_time,-0.0401318925116829,0.45576157796602385,0.4615956187951734,0.005834040829149567,pulls_mean_down,21.0
bag8,joint_freq_combined,synthetic_label_shift,-0.0383313417616805,0.45576157796602385,0.46157443584517327,0.0058128578791494245,pulls_mean_down,22.0
bag8,joint_freq_combined,folktables_employment,-0.0166332611637274,0.45576157796602385,0.4613191643087268,0.00555758634270298,pulls_mean_down,24.0
bag8,joint_freq_combined,Bank_Customer_Churn,-0.0162732763024018,0.45576157796602385,0.4613149291927112,0.005553351226687375,pulls_mean_down,25.0
bag8,joint_freq_combined,synthetic_partial_shift,-0.0094324550470842,0.45576157796602385,0.46123444894264864,0.0054728709766248,pulls_mean_down,26.0
bag8,joint_freq_combined,tschalzev_ogpcc,-8.637910257270358e-05,0.45576157796602385,0.4611244951080073,0.005362917141983448,pulls_mean_down,27.0
bag8,joint_freq_combined,miami_housing,-2.582067822505493e-09,0.45576157796602385,0.46112347891364847,0.0053619009476246204,pulls_mean_down,28.0
bag8,joint_freq_combined,Another-Dataset-on-used-Fiat-500,0.0,0.45576157796602385,0.4611234788832712,0.005361900917247364,pulls_mean_down,29.0
bag8,joint_freq_combined,Bioresponse,0.0,0.45576157796602385,0.4611234788832712,0.005361900917247364,pulls_mean_down,30.0
bag8,joint_freq_combined,GiveMeSomeCredit,0.0,0.45576157796602385,0.4611234788832712,0.005361900917247364,pulls_mean_down,31.0
bag8,joint_freq_combined,QSAR-TID-11,0.0,0.45576157796602385,0.4611234788832712,0.005361900917247364,pulls_mean_down,32.0
bag8,joint_freq_combined,QSAR_fish_toxicity,0.0,0.45576157796602385,0.4611234788832712,0.005361900917247364,pulls_mean_down,33.0
bag8,joint_freq_combined,blood-transfusion-service-center,0.0,0.45576157796602385,0.4611234788832712,0.005361900917247364,pulls_mean_down,34.0
bag8,joint_freq_combined,concrete_compressive_strength,0.0,0.45576157796602385,0.4611234788832712,0.005361900917247364,pulls_mean_down,35.0
bag8,joint_freq_combined,diabetes,0.0,0.45576157796602385,0.4611234788832712,0.005361900917247364,pulls_mean_down,36.0
bag8,joint_freq_combined,gas_sensor_drift,0.0,0.45576157796602385,0.4611234788832712,0.005361900917247364,pulls_mean_down,37.0
bag8,joint_freq_combined,hazelnut-spread-contaminant-detection,0.0,0.45576157796602385,0.4611234788832712,0.005361900917247364,pulls_mean_down,38.0
bag8,joint_freq_combined,heloc,0.0,0.45576157796602385,0.4611234788832712,0.005361900917247364,pulls_mean_down,39.0
bag8,joint_freq_combined,houses,0.0,0.45576157796602385,0.4611234788832712,0.005361900917247364,pulls_mean_down,40.0
bag8,joint_freq_combined,jm1,0.0,0.45576157796602385,0.4611234788832712,0.005361900917247364,pulls_mean_down,41.0
bag8,joint_freq_combined,maternal_health_risk,0.0,0.45576157796602385,0.4611234788832712,0.005361900917247364,pulls_mean_down,42.0
bag8,joint_freq_combined,physiochemical_protein,0.0,0.45576157796602385,0.4611234788832712,0.005361900917247364,pulls_mean_down,43.0
bag8,joint_freq_combined,polish_companies_bankruptcy,0.0,0.45576157796602385,0.4611234788832712,0.005361900917247364,pulls_mean_down,44.0
bag8,joint_freq_combined,seismic-bumps,0.0,0.45576157796602385,0.4611234788832712,0.005361900917247364,pulls_mean_down,45.0
bag8,joint_freq_combined,shifts_weather,0.0,0.45576157796602385,0.4611234788832712,0.005361900917247364,pulls_mean_down,46.0
bag8,joint_freq_combined,superconductivity,0.0,0.45576157796602385,0.4611234788832712,0.005361900917247364,pulls_mean_down,47.0
bag8,joint_freq_combined,tabred_delivery_eta,0.0,0.45576157796602385,0.4611234788832712,0.005361900917247364,pulls_mean_down,48.0
bag8,joint_freq_combined,tabred_delivery_eta__gap_far,0.0,0.45576157796602385,0.4611234788832712,0.005361900917247364,pulls_mean_down,49.0
bag8,joint_freq_combined,tabred_delivery_eta__gap_maxdiff,0.0,0.45576157796602385,0.4611234788832712,0.005361900917247364,pulls_mean_down,50.0
bag8,joint_freq_combined,tabred_delivery_eta__gap_near,0.0,0.45576157796602385,0.4611234788832712,0.005361900917247364,pulls_mean_down,51.0
bag8,joint_freq_combined,tabred_ecom_offers,0.0,0.45576157796602385,0.4611234788832712,0.005361900917247364,pulls_mean_down,52.0
bag8,joint_freq_combined,tabred_weather,0.0,0.45576157796602385,0.4611234788832712,0.005361900917247364,pulls_mean_down,53.0
bag8,joint_freq_combined,tabred_weather__gap_far,0.0,0.45576157796602385,0.4611234788832712,0.005361900917247364,pulls_mean_down,54.0
bag8,joint_freq_combined,tabred_weather__gap_maxdiff,0.0,0.45576157796602385,0.4611234788832712,0.005361900917247364,pulls_mean_down,55.0
bag8,joint_freq_combined,tabred_weather__gap_near,0.0,0.45576157796602385,0.4611234788832712,0.005361900917247364,pulls_mean_down,56.0
bag8,joint_freq_combined,taiwanese_bankruptcy_prediction,0.0,0.45576157796602385,0.4611234788832712,0.005361900917247364,pulls_mean_down,57.0
bag8,joint_freq_combined,tschalzev_sctp,0.0,0.45576157796602385,0.4611234788832712,0.005361900917247364,pulls_mean_down,58.0
bag8,joint_freq_combined,wine_quality,0.0,0.45576157796602385,0.4611234788832712,0.005361900917247364,pulls_mean_down,59.0
bag8,joint_freq_combined,folktables_coverage,0.0065033465607641,0.45576157796602385,0.4610469689237328,0.005285390957708969,pulls_mean_down,60.0
bag8,joint_freq_combined,Food_Delivery_Time,0.0136485358421042,0.45576157796602385,0.46096290787336414,0.005201329907340291,pulls_mean_down,61.0
bag8,joint_freq_combined,folktables_mobility,0.0192889171969096,0.45576157796602385,0.46089655044566047,0.005134972479636624,pulls_mean_down,62.0
bag8,joint_freq_combined,folktables_travel_time,0.0260782398857177,0.45576157796602385,0.4608166760610863,0.005055098095062438,pulls_mean_down,63.0
bag8,joint_freq_combined,synthetic_shift_5.0,0.043481540680381,0.45576157796602385,0.46061193134585504,0.004850353379831196,pulls_mean_down,64.0
bag8,joint_freq_combined,bike_sharing,0.0514547957587714,0.45576157796602385,0.4605181283449327,0.004756550378908875,pulls_mean_down,65.0
bag8,joint_freq_combined,brfss_diabetes,0.0545891065985552,0.45576157796602385,0.46048125409975876,0.004719676133734918,pulls_mean_down,66.0
bag8,joint_freq_combined,synthetic_shift_0.5,0.0643973357139354,0.45576157796602385,0.46036586316898964,0.004604285202965797,pulls_mean_down,67.0
bag8,joint_freq_combined,folktables_coverage_covid,0.0818306160425194,0.45576157796602385,0.4601607657533592,0.004399187787335335,pulls_mean_down,68.0
bag8,joint_freq_combined,synthetic_large_test,0.0936680604150913,0.45576157796602385,0.46002150170191713,0.0042599237358932895,pulls_mean_down,69.0
bag8,joint_freq_combined,tabred_sberbank__gap_near,0.0955698344580534,0.45576157796602385,0.45999912788964703,0.004237549923623185,pulls_mean_down,70.0
bag8,joint_freq_combined,qsar-biodeg,0.1067457159336998,0.45576157796602385,0.45986764693111004,0.004106068965086196,pulls_mean_down,71.0
bag8,joint_freq_combined,synthetic_shift_0.0,0.1252682797561138,0.45576157796602385,0.45964973441555224,0.0038881564495283905,pulls_mean_down,72.0
bag8,joint_freq_combined,lending_club,0.1942074016871353,0.45576157796602385,0.45883868592224614,0.0030771079562222914,pulls_mean_down,75.0
bag8,joint_freq_combined,folktables_travel_time_covid,0.1987255594255241,0.45576157796602385,0.45878553112532383,0.0030239531592999858,pulls_mean_down,76.0
bag8,joint_freq_combined,airfoil_self_noise,0.2017518834167539,0.45576157796602385,0.4587499273136623,0.002988349347638475,pulls_mean_down,77.0
bag8,joint_freq_combined,tschalzev_mbgm,0.2478063474453831,0.45576157796602385,0.4582081100897961,0.0024465321237722715,pulls_mean_down,79.0
bag8,joint_freq_combined,HR_Analytics_Job_Change_of_Data_Scientists,0.2755623756201284,0.45576157796602385,0.45788156858185797,0.002119990615834122,pulls_mean_down,81.0
bag8,joint_freq_combined,credit_card_clients_default,0.3119909727936141,0.45576157796602385,0.45745299685040514,0.0016914188843812905,pulls_mean_down,83.0
bag8,joint_freq_combined,healthcare_insurance_expenses,0.3341780529493354,0.45576157796602385,0.4571919723779849,0.0014303944119610779,pulls_mean_down,84.0
bag8,joint_freq_combined,churn,0.4673649813179885,0.45576157796602385,0.4556250673383537,-0.0001365106276701722,pulls_mean_up,86.0
bag8,joint_freq_combined,diamonds,0.5488485631898775,0.45576157796602385,0.45466643696339026,-0.0010951410026335817,pulls_mean_up,85.0
bag8,joint_freq_combined,hiva_agnostic,0.6321708458159456,0.45576157796602385,0.45368617481484835,-0.0020754031511754922,pulls_mean_up,82.0
bag8,joint_freq_combined,tabred_homesite__gap_near,0.6603133390378739,0.45576157796602385,0.45335508665929625,-0.0024064913067275984,pulls_mean_up,80.0
bag8,joint_freq_combined,students_dropout_and_academic_success,0.6791446160633513,0.45576157796602385,0.45313354222370233,-0.0026280357423215106,pulls_mean_up,78.0
bag8,joint_freq_combined,Diabetes130US,0.7345637573383111,0.45576157796602385,0.45248155232634996,-0.003280025639673889,pulls_mean_up,74.0
bag8,joint_freq_combined,Fitness_Club,0.7499729061815065,0.45576157796602385,0.45230026822231234,-0.003461309743711505,pulls_mean_up,73.0
bag8,joint_freq_combined,online_shoppers_intention,0.9343718296053906,0.45576157796602385,0.4501308691232078,-0.0056307088428160235,pulls_mean_up,23.0
bag8,joint_freq_combined,tabred_homesite,1.532112725962331,0.45576157796602385,0.4430986232837144,-0.012662954682309435,pulls_mean_up,11.0
bag8,joint_freq_combined,Marketing_Campaign,1.820596629165841,0.45576157796602385,0.43970469501073195,-0.016056882955291896,pulls_mean_up,10.0
bag8,joint_freq_combined,credit-g,1.8884579452921009,0.45576157796602385,0.43890632658571704,-0.0168552513803068,pulls_mean_up,8.0
bag8,joint_freq_combined,Is-this-a-good-customer,2.6413642288275496,0.45576157796602385,0.4300486056029471,-0.025712972363076736,pulls_mean_up,6.0
bag8,joint_freq_combined,in_vehicle_coupon_recommendation,2.9154415325676064,0.45576157796602385,0.426824166735417,-0.028937411230606835,pulls_mean_up,5.0
bag8,joint_freq_combined,kddcup09_appetency,4.089764283019763,0.45576157796602385,0.41300860496539166,-0.04275297300063219,pulls_mean_up,4.0
bag8,joint_freq_combined,tabred_homesite__gap_far,5.5231580566367535,0.45576157796602385,0.39614514880519175,-0.059616429160832096,pulls_mean_up,3.0
bag8,joint_freq_combined,Amazon_employee_access,5.8609757603566095,0.45576157796602385,0.3921708228790758,-0.06359075508694806,pulls_mean_up,2.0
bag8,joint_freq_combined,MIC,8.753469086311608,0.45576157796602385,0.3581414896325464,-0.09762008833347746,pulls_mean_up,1.0
bag8,joint_freq_combined__sel_combined_intersection,gas_sensor_drift,-1.2559324258492155,0.2710881976336724,0.2890531461452358,0.017964948511563383,pulls_mean_down,6.0
bag8,joint_freq_combined__sel_combined_intersection,website_phishing,-0.7839491786224654,0.2710881976336724,0.2835004020602152,0.012412204426542783,pulls_mean_down,10.0
bag8,joint_freq_combined__sel_combined_intersection,tabred_homesite__gap_far,-0.7442590386415672,0.2710881976336724,0.28303345923691053,0.011945261603238111,pulls_mean_down,11.0
bag8,joint_freq_combined__sel_combined_intersection,tabred_sberbank__gap_far,-0.6065584651837697,0.2710881976336724,0.2814134524903482,0.010325254856675792,pulls_mean_down,12.0
bag8,joint_freq_combined__sel_combined_intersection,diabetes_hospital,-0.5991357168564914,0.2710881976336724,0.2813261260394391,0.01023792840576665,pulls_mean_down,13.0
bag8,joint_freq_combined__sel_combined_intersection,credit-g,-0.5778262477871299,0.2710881976336724,0.2810754264033289,0.009987228769656464,pulls_mean_down,14.0
bag8,joint_freq_combined__sel_combined_intersection,churn,-0.5627169275587085,0.2710881976336724,0.28089766969475927,0.009809472061086844,pulls_mean_down,15.0
bag8,joint_freq_combined__sel_combined_intersection,wine_quality,-0.3733807561291936,0.2710881976336724,0.27867018532500026,0.0075819876913278406,pulls_mean_down,18.0
bag8,joint_freq_combined__sel_combined_intersection,hazelnut-spread-contaminant-detection,-0.2471576866041084,0.2710881976336724,0.27718520803646984,0.00609701040279742,pulls_mean_down,20.0
bag8,joint_freq_combined__sel_combined_intersection,E-CommereShippingData,-0.1848759747450026,0.2710881976336724,0.27645248201459804,0.005364284380925621,pulls_mean_down,21.0
bag8,joint_freq_combined__sel_combined_intersection,synthetic_shift_5.0,-0.1497734476994406,0.2710881976336724,0.27603951110817965,0.004951313474507224,pulls_mean_down,22.0
bag8,joint_freq_combined__sel_combined_intersection,synthetic_shift_1.0,-0.1163183659449414,0.2710881976336724,0.27564592191106785,0.004557724277395425,pulls_mean_down,23.0
bag8,joint_freq_combined__sel_combined_intersection,tabred_ecom_offers,-0.1154041528974502,0.2710881976336724,0.2756351664634503,0.004546968829777898,pulls_mean_down,24.0
bag8,joint_freq_combined__sel_combined_intersection,polish_companies_bankruptcy,-0.1114203256212466,0.2710881976336724,0.2755882979072597,0.004500100273587271,pulls_mean_down,25.0
bag8,joint_freq_combined__sel_combined_intersection,synthetic_shift_3.0,-0.10130572974081,0.2710881976336724,0.2754693026616075,0.004381105027935095,pulls_mean_down,26.0
bag8,joint_freq_combined__sel_combined_intersection,blood-transfusion-service-center,-0.1010309365147022,0.2710881976336724,0.27546606980012395,0.004377872166451524,pulls_mean_down,27.0
bag8,joint_freq_combined__sel_combined_intersection,folktables_income,-0.0835674314262204,0.2710881976336724,0.275260616799083,0.004172419165410557,pulls_mean_down,28.0
bag8,joint_freq_combined__sel_combined_intersection,diabetes,-0.0794603053225855,0.2710881976336724,0.27521229766845196,0.004124100034779532,pulls_mean_down,29.0
bag8,joint_freq_combined__sel_combined_intersection,synthetic_shift_0.0,-0.0701200633900912,0.2710881976336724,0.2751024124692461,0.004014214835573682,pulls_mean_down,30.0
bag8,joint_freq_combined__sel_combined_intersection,taiwanese_bankruptcy_prediction,-0.0686735698258048,0.2710881976336724,0.27508539489790157,0.0039971972642291465,pulls_mean_down,31.0
bag8,joint_freq_combined__sel_combined_intersection,Fitness_Club,-0.0574964806533045,0.2710881976336724,0.2749538997311663,0.0038657020974938727,pulls_mean_down,32.0
bag8,joint_freq_combined__sel_combined_intersection,folktables_employment,-0.0260830052598914,0.2710881976336724,0.2745843294324203,0.003496131798747859,pulls_mean_down,33.0
bag8,joint_freq_combined__sel_combined_intersection,synthetic_label_shift,-0.02547084875254,0.2710881976336724,0.2745771275911573,0.0034889299574848986,pulls_mean_down,34.0
bag8,joint_freq_combined__sel_combined_intersection,QSAR-TID-11,-0.0172825112144518,0.2710881976336724,0.2744807942083563,0.0033925965746838815,pulls_mean_down,35.0
bag8,joint_freq_combined__sel_combined_intersection,Another-Dataset-on-used-Fiat-500,-0.0148113363328209,0.2710881976336724,0.27445172156269,0.0033635239290175645,pulls_mean_down,36.0
bag8,joint_freq_combined__sel_combined_intersection,seismic-bumps,-0.0119840690645617,0.2710881976336724,0.2744184595948282,0.003330261961155767,pulls_mean_down,37.0
bag8,joint_freq_combined__sel_combined_intersection,superconductivity,-0.007515476161698,0.2710881976336724,0.274365887913618,0.0032776902799455665,pulls_mean_down,38.0
bag8,joint_freq_combined__sel_combined_intersection,tabred_weather__gap_near,-0.0052414050691074,0.2710881976336724,0.27433913413605804,0.003250936502385615,pulls_mean_down,39.0
bag8,joint_freq_combined__sel_combined_intersection,synthetic_partial_shift,-0.0044747234322269,0.2710881976336724,0.27433011435209476,0.003241916718422333,pulls_mean_down,40.0
bag8,joint_freq_combined__sel_combined_intersection,miami_housing,-0.0020177169806478,0.2710881976336724,0.2743012083938409,0.0032130107601685,pulls_mean_down,41.0
bag8,joint_freq_combined__sel_combined_intersection,shifts_weather,-0.000621674775385,0.2710881976336724,0.27428478436789666,0.0031965867342242382,pulls_mean_down,43.0
bag8,joint_freq_combined__sel_combined_intersection,concrete_compressive_strength,-0.0005940518927285,0.2710881976336724,0.27428445939280655,0.0031962617591341225,pulls_mean_down,44.0
bag8,joint_freq_combined__sel_combined_intersection,tabred_delivery_eta__gap_near,-0.0003162236035135,0.2710881976336724,0.27428119082469815,0.003192993191025728,pulls_mean_down,45.0
bag8,joint_freq_combined__sel_combined_intersection,tabred_cooking_time,-3.169109347156883e-05,0.2710881976336724,0.2742778433834035,0.0031896457497310737,pulls_mean_down,46.0
bag8,joint_freq_combined__sel_combined_intersection,GiveMeSomeCredit,-2.539613204264729e-05,0.2710881976336724,0.2742777693250338,0.003189571691361359,pulls_mean_down,47.0
bag8,joint_freq_combined__sel_combined_intersection,Bank_Customer_Churn,0.0,0.2710881976336724,0.2742774705470098,0.003189272913337371,pulls_mean_down,48.0
bag8,joint_freq_combined__sel_combined_intersection,Bioresponse,0.0,0.2710881976336724,0.2742774705470098,0.003189272913337371,pulls_mean_down,49.0
bag8,joint_freq_combined__sel_combined_intersection,QSAR_fish_toxicity,0.0,0.2710881976336724,0.2742774705470098,0.003189272913337371,pulls_mean_down,50.0
bag8,joint_freq_combined__sel_combined_intersection,bike_sharing,0.0,0.2710881976336724,0.2742774705470098,0.003189272913337371,pulls_mean_down,51.0
bag8,joint_freq_combined__sel_combined_intersection,healthcare_insurance_expenses,0.0,0.2710881976336724,0.2742774705470098,0.003189272913337371,pulls_mean_down,52.0
bag8,joint_freq_combined__sel_combined_intersection,heloc,0.0,0.2710881976336724,0.2742774705470098,0.003189272913337371,pulls_mean_down,53.0
bag8,joint_freq_combined__sel_combined_intersection,synthetic_large_test,0.0,0.2710881976336724,0.2742774705470098,0.003189272913337371,pulls_mean_down,54.0
bag8,joint_freq_combined__sel_combined_intersection,synthetic_small_test,0.0,0.2710881976336724,0.27427747054700974,0.0031892729133373154,pulls_mean_down,55.0
bag8,joint_freq_combined__sel_combined_intersection,tschalzev_sctp,0.0,0.2710881976336724,0.27427747054700974,0.0031892729133373154,pulls_mean_down,56.0
bag8,joint_freq_combined__sel_combined_intersection,tabred_delivery_eta__gap_far,1.4377127831964757e-05,0.2710881976336724,0.2742773014043294,0.0031891037706569536,pulls_mean_down,57.0
bag8,joint_freq_combined__sel_combined_intersection,credit_card_clients_default,2.687415063426074e-05,0.2710881976336724,0.2742771543805317,0.0031889567468592617,pulls_mean_down,58.0
bag8,joint_freq_combined__sel_combined_intersection,tabred_weather,3.192808092200696e-05,0.2710881976336724,0.2742770949225283,0.003188897288855852,pulls_mean_down,59.0
bag8,joint_freq_combined__sel_combined_intersection,physiochemical_protein,7.077533799069478e-05,0.2710881976336724,0.27427663789597456,0.003188440262302139,pulls_mean_down,60.0
bag8,joint_freq_combined__sel_combined_intersection,tabred_delivery_eta,9.999865003342592e-05,0.2710881976336724,0.2742762940923035,0.003188096458631051,pulls_mean_down,61.0
bag8,joint_freq_combined__sel_combined_intersection,tabred_weather__gap_maxdiff,0.0001036960916417,0.2710881976336724,0.27427625059299043,0.0031880529593180107,pulls_mean_down,62.0
bag8,joint_freq_combined__sel_combined_intersection,Food_Delivery_Time,0.0002071756983996,0.2710881976336724,0.2742750331858521,0.00318683555217969,pulls_mean_down,63.0
bag8,joint_freq_combined__sel_combined_intersection,houses,0.0005728432066925,0.2710881976336724,0.2742707312151663,0.003182533581493896,pulls_mean_down,64.0
bag8,joint_freq_combined__sel_combined_intersection,tabred_weather__gap_far,0.0008353530793474,0.2710881976336724,0.2742676428637233,0.00317944523005087,pulls_mean_down,65.0
bag8,joint_freq_combined__sel_combined_intersection,jm1,0.0010286982291316,0.2710881976336724,0.2742653682149023,0.0031771705812299045,pulls_mean_down,66.0
bag8,joint_freq_combined__sel_combined_intersection,folktables_coverage_covid,0.0082905772189289,0.2710881976336724,0.2741799343444341,0.0030917367107616833,pulls_mean_down,67.0
bag8,joint_freq_combined__sel_combined_intersection,tabred_delivery_eta__gap_maxdiff,0.0127246481791217,0.2710881976336724,0.27412776880372597,0.0030395711700535455,pulls_mean_down,68.0
bag8,joint_freq_combined__sel_combined_intersection,folktables_travel_time,0.0141046919214625,0.2710881976336724,0.2741115329949925,0.003023335361320101,pulls_mean_down,69.0
bag8,joint_freq_combined__sel_combined_intersection,folktables_mobility,0.0224404837444247,0.2710881976336724,0.2740134648558989,0.0029252672222264686,pulls_mean_down,71.0
bag8,joint_freq_combined__sel_combined_intersection,synthetic_shift_0.5,0.0514266749739578,0.2710881976336724,0.27367245084143377,0.0025842532077613445,pulls_mean_down,73.0
bag8,joint_freq_combined__sel_combined_intersection,bank-marketing,0.0654860891389691,0.2710881976336724,0.27350704596890424,0.0024188483352318157,pulls_mean_down,74.0
bag8,joint_freq_combined__sel_combined_intersection,brfss_diabetes,0.069537226020777,0.2710881976336724,0.2734593855350006,0.0023711879013281756,pulls_mean_down,75.0
bag8,joint_freq_combined__sel_combined_intersection,folktables_coverage,0.0867899346464518,0.2710881976336724,0.27325641249234567,0.0021682148586732453,pulls_mean_down,76.0
bag8,joint_freq_combined__sel_combined_intersection,HR_Analytics_Job_Change_of_Data_Scientists,0.1117789587492839,0.2710881976336724,0.27296242397348874,0.0018742263398163206,pulls_mean_down,77.0
bag8,joint_freq_combined__sel_combined_intersection,tabred_sberbank,0.1447471960157081,0.2710881976336724,0.2725745623585896,0.0014863647249171996,pulls_mean_down,78.0
bag8,joint_freq_combined__sel_combined_intersection,tabred_homesite__gap_near,0.1870592747768552,0.2710881976336724,0.2720767731966938,0.0009885755630213988,pulls_mean_down,79.0
bag8,joint_freq_combined__sel_combined_intersection,folktables_travel_time_covid,0.2185161589549099,0.2710881976336724,0.2717066922063638,0.0006184945726913638,pulls_mean_down,81.0
bag8,joint_freq_combined__sel_combined_intersection,qsar-biodeg,0.2390461518242413,0.2710881976336724,0.27146516287848926,0.00037696524481684035,pulls_mean_down,83.0
bag8,joint_freq_combined__sel_combined_intersection,tschalzev_mbgm,0.2486011427146931,0.2710881976336724,0.2713527512209545,0.000264553587282057,pulls_mean_down,84.0
bag8,joint_freq_combined__sel_combined_intersection,tabred_sberbank__gap_near,0.2509193744751454,0.2710881976336724,0.27132547790612566,0.00023728027245323302,pulls_mean_down,85.0
bag8,joint_freq_combined__sel_combined_intersection,lending_club,0.2880456438081805,0.2710881976336724,0.27088869826691353,-0.0001994993667588929,pulls_mean_up,86.0
bag8,joint_freq_combined__sel_combined_intersection,tschalzev_ogpcc,0.313284633780011,0.2710881976336724,0.27059176897312726,-0.0004964286605451673,pulls_mean_up,82.0
bag8,joint_freq_combined__sel_combined_intersection,airfoil_self_noise,0.3414844700393877,0.2710881976336724,0.27026000619360524,-0.000828191440067183,pulls_mean_up,80.0
bag8,joint_freq_combined__sel_combined_intersection,Diabetes130US,0.4934985447568589,0.2710881976336724,0.2684716053145761,-0.0026165923190963336,pulls_mean_up,72.0
bag8,joint_freq_combined__sel_combined_intersection,diamonds,0.52016470558808,0.2710881976336724,0.26815788577538524,-0.0029303118582871823,pulls_mean_up,70.0
bag8,joint_freq_combined__sel_combined_intersection,hiva_agnostic,0.5436963931460224,0.2710881976336724,0.2678810423923507,-0.003207155241321702,pulls_mean_up,42.0
bag8,joint_freq_combined__sel_combined_intersection,coil2000_insurance_policies,0.8790067547705723,0.2710881976336724,0.2639362146085324,-0.00715198302514003,pulls_mean_up,19.0
bag8,joint_freq_combined__sel_combined_intersection,students_dropout_and_academic_success,0.929553223120229,0.2710881976336724,0.2633415502750071,-0.007746647358665315,pulls_mean_up,17.0
bag8,joint_freq_combined__sel_combined_intersection,tabred_homesite,1.1026397619882031,0.2710881976336724,0.2613052380530309,-0.009782959580641515,pulls_mean_up,16.0
bag8,joint_freq_combined__sel_combined_intersection,Is-this-a-good-customer,1.3314942728078445,0.2710881976336724,0.25861283204338803,-0.012475365590284393,pulls_mean_up,9.0
bag8,joint_freq_combined__sel_combined_intersection,online_shoppers_intention,1.4755288475852275,0.2710881976336724,0.2569183076342424,-0.01416988999943003,pulls_mean_up,8.0
bag8,joint_freq_combined__sel_combined_intersection,maternal_health_risk,1.7007154195693202,0.2710881976336724,0.25426905384619425,-0.016819143787478175,pulls_mean_up,7.0
bag8,joint_freq_combined__sel_combined_intersection,in_vehicle_coupon_recommendation,2.0499292036444654,0.2710881976336724,0.25016065638648666,-0.020927541247185766,pulls_mean_up,5.0
bag8,joint_freq_combined__sel_combined_intersection,Marketing_Campaign,2.728737555549537,0.2710881976336724,0.24217467577583876,-0.028913521857833663,pulls_mean_up,4.0
bag8,joint_freq_combined__sel_combined_intersection,kddcup09_appetency,3.677441197073101,0.2710881976336724,0.2310134564637968,-0.04007474116987561,pulls_mean_up,3.0
bag8,joint_freq_combined__sel_combined_intersection,MIC,4.861829748119429,0.2710881976336724,0.2170794735103106,-0.05400872412336183,pulls_mean_up,2.0
bag8,joint_freq_combined__sel_combined_intersection,Amazon_employee_access,5.448907674921139,0.2710881976336724,0.21017267437146692,-0.060915523262205507,pulls_mean_up,1.0
bag8,joint_freq_separate,folktables_income,-2.2789062947086625,0.3652969474976059,0.3964052209353266,0.031108273437720713,pulls_mean_down,4.0
bag8,joint_freq_separate,tabred_sberbank,-1.2988196123300888,0.3652969474976059,0.38487478937793157,0.019577841880325686,pulls_mean_down,8.0
bag8,joint_freq_separate,tabred_homesite__gap_far,-1.0693347028048958,0.3652969474976059,0.38217496691292935,0.016878019415323464,pulls_mean_down,10.0
bag8,joint_freq_separate,folktables_travel_time_covid,-1.0567573442629616,0.3652969474976059,0.3820269979889066,0.01673005049130072,pulls_mean_down,11.0
bag8,joint_freq_separate,website_phishing,-0.8753300789831651,0.3652969474976059,0.3798925595738502,0.014595612076244324,pulls_mean_down,12.0
bag8,joint_freq_separate,diabetes_hospital,-0.2508522080156385,0.3652969474976059,0.3725457610918793,0.007248813594273429,pulls_mean_down,16.0
bag8,joint_freq_separate,E-CommereShippingData,-0.1146532796721203,0.3652969474976059,0.3709434207584262,0.005646473260820295,pulls_mean_down,18.0
bag8,joint_freq_separate,airfoil_self_noise,-0.1086133823523498,0.3652969474976059,0.3708723631428994,0.005575415645293513,pulls_mean_down,20.0
bag8,joint_freq_separate,synthetic_shift_3.0,-0.0897677805462738,0.3652969474976059,0.37065065018047494,0.005353702682869055,pulls_mean_down,21.0
bag8,joint_freq_separate,folktables_mobility,-0.0751203695876554,0.3652969474976059,0.37047832769860894,0.005181380201003061,pulls_mean_down,22.0
bag8,joint_freq_separate,Bank_Customer_Churn,-0.0715663623046688,0.3652969474976059,0.3704365158482208,0.005139568350614909,pulls_mean_down,23.0
bag8,joint_freq_separate,folktables_travel_time,-0.0683814081925346,0.3652969474976059,0.37039904579984284,0.005102098302236957,pulls_mean_down,24.0
bag8,joint_freq_separate,synthetic_small_test,-0.0532194772509944,0.3652969474976059,0.370220670141707,0.004923722644101125,pulls_mean_down,25.0
bag8,joint_freq_separate,Food_Delivery_Time,-0.048719924952227,0.3652969474976059,0.37016773423230975,0.004870786734703869,pulls_mean_down,26.0
bag8,joint_freq_separate,tabred_cooking_time,-0.0401318925116829,0.3652969474976059,0.3700666985565387,0.004769751058932792,pulls_mean_down,27.0
bag8,joint_freq_separate,folktables_employment,-0.0103736658477182,0.3652969474976059,0.3697166017722567,0.004419654274650797,pulls_mean_down,28.0
bag8,joint_freq_separate,synthetic_shift_1.0,-0.0075474055351805,0.3652969474976059,0.36968335165093275,0.004386404153326862,pulls_mean_down,29.0
bag8,joint_freq_separate,bank-marketing,-0.0036718520806833,0.3652969474976059,0.3696377569044092,0.004340809406803314,pulls_mean_down,30.0
bag8,joint_freq_separate,miami_housing,-4.331812641928929e-07,0.3652969474976059,0.3695945637408867,0.0042976162432807885,pulls_mean_down,31.0
bag8,joint_freq_separate,Another-Dataset-on-used-Fiat-500,0.0,0.3652969474976059,0.36959455864463653,0.004297611147030644,pulls_mean_down,32.0
bag8,joint_freq_separate,Bioresponse,0.0,0.3652969474976059,0.36959455864463653,0.004297611147030644,pulls_mean_down,33.0
bag8,joint_freq_separate,GiveMeSomeCredit,0.0,0.3652969474976059,0.36959455864463653,0.004297611147030644,pulls_mean_down,34.0
bag8,joint_freq_separate,QSAR-TID-11,0.0,0.3652969474976059,0.36959455864463653,0.004297611147030644,pulls_mean_down,35.0
bag8,joint_freq_separate,QSAR_fish_toxicity,0.0,0.3652969474976059,0.36959455864463653,0.004297611147030644,pulls_mean_down,36.0
bag8,joint_freq_separate,blood-transfusion-service-center,0.0,0.3652969474976059,0.36959455864463653,0.004297611147030644,pulls_mean_down,37.0
bag8,joint_freq_separate,concrete_compressive_strength,0.0,0.3652969474976059,0.36959455864463653,0.004297611147030644,pulls_mean_down,38.0
bag8,joint_freq_separate,diabetes,0.0,0.3652969474976059,0.36959455864463653,0.004297611147030644,pulls_mean_down,39.0
bag8,joint_freq_separate,gas_sensor_drift,0.0,0.3652969474976059,0.36959455864463653,0.004297611147030644,pulls_mean_down,40.0
bag8,joint_freq_separate,hazelnut-spread-contaminant-detection,0.0,0.3652969474976059,0.36959455864463653,0.004297611147030644,pulls_mean_down,41.0
bag8,joint_freq_separate,heloc,0.0,0.3652969474976059,0.36959455864463653,0.004297611147030644,pulls_mean_down,42.0
bag8,joint_freq_separate,houses,0.0,0.3652969474976059,0.36959455864463653,0.004297611147030644,pulls_mean_down,43.0
bag8,joint_freq_separate,jm1,0.0,0.3652969474976059,0.36959455864463653,0.004297611147030644,pulls_mean_down,44.0
bag8,joint_freq_separate,maternal_health_risk,0.0,0.3652969474976059,0.36959455864463653,0.004297611147030644,pulls_mean_down,45.0
bag8,joint_freq_separate,physiochemical_protein,0.0,0.3652969474976059,0.36959455864463653,0.004297611147030644,pulls_mean_down,46.0
bag8,joint_freq_separate,polish_companies_bankruptcy,0.0,0.3652969474976059,0.36959455864463653,0.004297611147030644,pulls_mean_down,47.0
bag8,joint_freq_separate,seismic-bumps,0.0,0.3652969474976059,0.36959455864463653,0.004297611147030644,pulls_mean_down,48.0
bag8,joint_freq_separate,shifts_weather,0.0,0.3652969474976059,0.36959455864463653,0.004297611147030644,pulls_mean_down,49.0
bag8,joint_freq_separate,superconductivity,0.0,0.3652969474976059,0.36959455864463653,0.004297611147030644,pulls_mean_down,50.0
bag8,joint_freq_separate,tabred_delivery_eta,0.0,0.3652969474976059,0.36959455864463653,0.004297611147030644,pulls_mean_down,51.0
bag8,joint_freq_separate,tabred_delivery_eta__gap_far,0.0,0.3652969474976059,0.36959455864463653,0.004297611147030644,pulls_mean_down,52.0
bag8,joint_freq_separate,tabred_delivery_eta__gap_maxdiff,0.0,0.3652969474976059,0.36959455864463653,0.004297611147030644,pulls_mean_down,53.0
bag8,joint_freq_separate,tabred_delivery_eta__gap_near,0.0,0.3652969474976059,0.36959455864463653,0.004297611147030644,pulls_mean_down,54.0
bag8,joint_freq_separate,tabred_ecom_offers,0.0,0.3652969474976059,0.36959455864463653,0.004297611147030644,pulls_mean_down,55.0
bag8,joint_freq_separate,tabred_weather,0.0,0.3652969474976059,0.36959455864463653,0.004297611147030644,pulls_mean_down,56.0
bag8,joint_freq_separate,tabred_weather__gap_far,0.0,0.3652969474976059,0.36959455864463653,0.004297611147030644,pulls_mean_down,57.0
bag8,joint_freq_separate,tabred_weather__gap_maxdiff,0.0,0.3652969474976059,0.36959455864463653,0.004297611147030644,pulls_mean_down,58.0
bag8,joint_freq_separate,tabred_weather__gap_near,0.0,0.3652969474976059,0.36959455864463653,0.004297611147030644,pulls_mean_down,59.0
bag8,joint_freq_separate,taiwanese_bankruptcy_prediction,0.0,0.3652969474976059,0.36959455864463653,0.004297611147030644,pulls_mean_down,60.0
bag8,joint_freq_separate,tschalzev_ogpcc,0.0,0.3652969474976059,0.36959455864463653,0.004297611147030644,pulls_mean_down,61.0
bag8,joint_freq_separate,tschalzev_sctp,0.0,0.3652969474976059,0.36959455864463653,0.004297611147030644,pulls_mean_down,62.0
bag8,joint_freq_separate,wine_quality,0.0,0.3652969474976059,0.36959455864463653,0.004297611147030644,pulls_mean_down,63.0
bag8,joint_freq_separate,synthetic_partial_shift,0.0022957016582525,0.3652969474976059,0.3695675503898335,0.004270602892227637,pulls_mean_down,64.0
bag8,joint_freq_separate,folktables_coverage,0.0065033465607641,0.3652969474976059,0.36951804868509813,0.004221101187492249,pulls_mean_down,65.0
bag8,joint_freq_separate,synthetic_label_shift,0.0098815190832173,0.3652969474976059,0.36947830547895155,0.004181357981345668,pulls_mean_down,66.0
bag8,joint_freq_separate,brfss_diabetes,0.0208694540288251,0.3652969474976059,0.3693490356560621,0.004052088158456202,pulls_mean_down,67.0
bag8,joint_freq_separate,synthetic_large_test,0.0414619628042112,0.3652969474976059,0.3691067708469399,0.003809823349333996,pulls_mean_down,68.0
bag8,joint_freq_separate,synthetic_shift_0.5,0.0442370369116291,0.3652969474976059,0.3690741229162644,0.0037771754186585182,pulls_mean_down,69.0
bag8,joint_freq_separate,folktables_coverage_covid,0.0460879637131949,0.3652969474976059,0.36905234730683417,0.003755399809228288,pulls_mean_down,70.0
bag8,joint_freq_separate,bike_sharing,0.05549817893034,0.3652969474976059,0.36894163889251486,0.003644691394908972,pulls_mean_down,71.0
bag8,joint_freq_separate,synthetic_shift_0.0,0.1398711601230132,0.3652969474976059,0.36794901558436577,0.0026520680867598845,pulls_mean_down,73.0
bag8,joint_freq_separate,lending_club,0.1422240471611196,0.3652969474976059,0.367921334560388,0.0026243870627821186,pulls_mean_down,74.0
bag8,joint_freq_separate,synthetic_shift_5.0,0.1564686734544736,0.3652969474976059,0.3677537507216427,0.0024568032240367965,pulls_mean_down,76.0
bag8,joint_freq_separate,tschalzev_mbgm,0.2245303444751716,0.3652969474976059,0.36695302518022277,0.0016560776826168855,pulls_mean_down,78.0
bag8,joint_freq_separate,healthcare_insurance_expenses,0.2629866162394944,0.3652969474976059,0.3665005984535836,0.001203650955977742,pulls_mean_down,80.0
bag8,joint_freq_separate,credit_card_clients_default,0.3119909727936141,0.3652969474976059,0.36592407661177045,0.0006271291141645707,pulls_mean_down,83.0
bag8,joint_freq_separate,students_dropout_and_academic_success,0.3453522369857453,0.3652969474976059,0.36553159115068656,0.00023464365308067947,pulls_mean_down,85.0
bag8,joint_freq_separate,qsar-biodeg,0.3500266499222024,0.3652969474976059,0.3654765980573164,0.00017965055971053134,pulls_mean_down,86.0
bag8,joint_freq_separate,Diabetes130US,0.3971521685409193,0.3652969474976059,0.36492218019121386,-0.00037476730639202094,pulls_mean_up,84.0
bag8,joint_freq_separate,HR_Analytics_Job_Change_of_Data_Scientists,0.4423719126441843,0.3652969474976059,0.36439018320176375,-0.0009067642958421329,pulls_mean_up,82.0
bag8,joint_freq_separate,tabred_homesite__gap_near,0.4443395391379028,0.3652969474976059,0.36436703465477877,-0.0009299128428271186,pulls_mean_up,81.0
bag8,joint_freq_separate,Fitness_Club,0.4935700275781297,0.3652969474976059,0.36378785243783496,-0.0015090950597709263,pulls_mean_up,79.0
bag8,joint_freq_separate,diamonds,0.5470376523974003,0.3652969474976059,0.3631588215576083,-0.0021381259399975705,pulls_mean_up,77.0
bag8,joint_freq_separate,tabred_sberbank__gap_near,0.577573417583495,0.3652969474976059,0.36279957726130124,-0.0024973702363046413,pulls_mean_up,75.0
bag8,joint_freq_separate,hiva_agnostic,0.6501495895170591,0.3652969474976059,0.36194573994443585,-0.0033512075531700325,pulls_mean_up,72.0
bag8,joint_freq_separate,tabred_homesite,0.8394577522009531,0.3652969474976059,0.35971858508933113,-0.005578362408274751,pulls_mean_up,19.0
bag8,joint_freq_separate,churn,0.9546731156216032,0.3652969474976059,0.3583631102255588,-0.006933837272047105,pulls_mean_up,17.0
bag8,joint_freq_separate,coil2000_insurance_policies,1.1588376372173863,0.3652969474976059,0.35596117467737315,-0.009335772820232735,pulls_mean_up,15.0
bag8,joint_freq_separate,online_shoppers_intention,1.2113626942887032,0.3652969474976059,0.3553432328294753,-0.009953714668130609,pulls_mean_up,14.0
bag8,joint_freq_separate,tabred_sberbank__gap_far,1.568228250993977,0.3652969474976059,0.3511448145152956,-0.014152132982310273,pulls_mean_up,13.0
bag8,joint_freq_separate,Marketing_Campaign,1.8101772735347192,0.3652969474976059,0.348298355426581,-0.016998592071024887,pulls_mean_up,9.0
bag8,joint_freq_separate,in_vehicle_coupon_recommendation,2.3663349225768124,0.3652969474976059,0.3417553242613799,-0.023541623236225995,pulls_mean_up,7.0
bag8,joint_freq_separate,Is-this-a-good-customer,2.4136856453015967,0.3652969474976059,0.3411982569352059,-0.024098690562399994,pulls_mean_up,6.0
bag8,joint_freq_separate,credit-g,2.89379071051505,0.3652969474976059,0.33554996205034177,-0.029746985447264118,pulls_mean_up,5.0
bag8,joint_freq_separate,kddcup09_appetency,3.576124255273891,0.3652969474976059,0.32752250858259074,-0.03777443891501514,pulls_mean_up,3.0
bag8,joint_freq_separate,MIC,6.866406314497044,0.3652969474976059,0.2888133078858477,-0.07648363961175819,pulls_mean_up,2.0
bag8,joint_freq_separate,Amazon_employee_access,7.565746215648774,0.3652969474976059,0.2805857796370038,-0.08471116786060207,pulls_mean_up,1.0
bag8,joint_freq_separate__sel_combined_intersection,folktables_income,-2.208025105476259,0.2604726634142643,0.28951381363650575,0.029041150222241463,pulls_mean_down,4.0
bag8,joint_freq_separate__sel_combined_intersection,gas_sensor_drift,-1.2559324258492155,0.2604726634142643,0.27831272328795237,0.017840059873688086,pulls_mean_down,7.0
bag8,joint_freq_separate__sel_combined_intersection,folktables_travel_time_covid,-0.9730852583744152,0.2604726634142643,0.2749851095529547,0.014512446138690405,pulls_mean_down,9.0
bag8,joint_freq_separate__sel_combined_intersection,diabetes_hospital,-0.9102372176017464,0.2604726634142643,0.2742457208379821,0.013773057423717816,pulls_mean_down,10.0
bag8,joint_freq_separate__sel_combined_intersection,website_phishing,-0.8609928952426213,0.2604726634142643,0.2736663758690512,0.013193712454786899,pulls_mean_down,11.0
bag8,joint_freq_separate__sel_combined_intersection,tabred_sberbank__gap_far,-0.6805732519832701,0.2604726634142643,0.27154379183070587,0.011071128416441589,pulls_mean_down,13.0
bag8,joint_freq_separate__sel_combined_intersection,tabred_homesite__gap_far,-0.6305998649645445,0.2604726634142643,0.27095586963048557,0.010483206216221286,pulls_mean_down,15.0
bag8,joint_freq_separate__sel_combined_intersection,wine_quality,-0.3733807561291936,0.2604726634142643,0.26792976246771677,0.007457099053452487,pulls_mean_down,18.0
bag8,joint_freq_separate__sel_combined_intersection,tabred_sberbank,-0.2871685154479075,0.2604726634142643,0.2669155008126428,0.006442837398378531,pulls_mean_down,19.0
bag8,joint_freq_separate__sel_combined_intersection,hazelnut-spread-contaminant-detection,-0.2471576866041084,0.2604726634142643,0.26644478517918635,0.005972121764922067,pulls_mean_down,20.0
bag8,joint_freq_separate__sel_combined_intersection,tabred_ecom_offers,-0.1154041528974502,0.2604726634142643,0.2648947436061668,0.004422080191902544,pulls_mean_down,22.0
bag8,joint_freq_separate__sel_combined_intersection,polish_companies_bankruptcy,-0.1114203256212466,0.2604726634142643,0.26484787504997626,0.004375211635711973,pulls_mean_down,23.0
bag8,joint_freq_separate__sel_combined_intersection,blood-transfusion-service-center,-0.1010309365147022,0.2604726634142643,0.2647256469428404,0.004252983528576115,pulls_mean_down,24.0
bag8,joint_freq_separate__sel_combined_intersection,synthetic_shift_1.0,-0.0831579565190804,0.2604726634142643,0.2645153765899507,0.004042713175686441,pulls_mean_down,25.0
bag8,joint_freq_separate__sel_combined_intersection,diabetes,-0.0794603053225855,0.2604726634142643,0.26447187481116846,0.003999211396904179,pulls_mean_down,26.0
bag8,joint_freq_separate__sel_combined_intersection,folktables_travel_time,-0.0763781140340232,0.2604726634142643,0.2644356137371853,0.003962950322921044,pulls_mean_down,27.0
bag8,joint_freq_separate__sel_combined_intersection,taiwanese_bankruptcy_prediction,-0.0686735698258048,0.2604726634142643,0.264344972040618,0.0038723086263537376,pulls_mean_down,28.0
bag8,joint_freq_separate__sel_combined_intersection,Fitness_Club,-0.0574964806533045,0.2604726634142643,0.26421347687388275,0.003740813459618464,pulls_mean_down,29.0
bag8,joint_freq_separate__sel_combined_intersection,folktables_employment,-0.0233618376603728,0.2604726634142643,0.2638118928386718,0.0033392294244075083,pulls_mean_down,30.0
bag8,joint_freq_separate__sel_combined_intersection,QSAR-TID-11,-0.0172825112144518,0.2604726634142643,0.26374037135107276,0.0032677079368084727,pulls_mean_down,32.0
bag8,joint_freq_separate__sel_combined_intersection,Another-Dataset-on-used-Fiat-500,-0.0148113363328209,0.2604726634142643,0.2637112987054065,0.003238635291142211,pulls_mean_down,33.0
bag8,joint_freq_separate__sel_combined_intersection,synthetic_label_shift,-0.0127953988083619,0.2604726634142643,0.26368758179335405,0.0032149183790897706,pulls_mean_down,34.0
bag8,joint_freq_separate__sel_combined_intersection,seismic-bumps,-0.0119840690645617,0.2604726634142643,0.26367803673754464,0.0032053733232803583,pulls_mean_down,35.0
bag8,joint_freq_separate__sel_combined_intersection,folktables_coverage_covid,-0.007657690987732,0.2604726634142643,0.2636271381719349,0.003154474757670611,pulls_mean_down,36.0
bag8,joint_freq_separate__sel_combined_intersection,superconductivity,-0.007515476161698,0.2604726634142643,0.26362546505633444,0.0031528016420701577,pulls_mean_down,37.0
bag8,joint_freq_separate__sel_combined_intersection,tabred_weather__gap_near,-0.0052414050691074,0.2604726634142643,0.26359871127877454,0.003126047864510262,pulls_mean_down,38.0
bag8,joint_freq_separate__sel_combined_intersection,E-CommereShippingData,-0.0051219669420378,0.2604726634142643,0.26359730612433846,0.003124642710074177,pulls_mean_down,39.0
bag8,joint_freq_separate__sel_combined_intersection,miami_housing,-0.0020177169806478,0.2604726634142643,0.26356078553655743,0.0030881221222931465,pulls_mean_down,40.0
bag8,joint_freq_separate__sel_combined_intersection,shifts_weather,-0.000621674775385,0.2604726634142643,0.26354436151061317,0.003071698096348885,pulls_mean_down,41.0
bag8,joint_freq_separate__sel_combined_intersection,concrete_compressive_strength,-0.0005940518927285,0.2604726634142643,0.26354403653552305,0.003071373121258769,pulls_mean_down,42.0
bag8,joint_freq_separate__sel_combined_intersection,tabred_delivery_eta__gap_near,-0.0003162236035135,0.2604726634142643,0.2635407679674146,0.0030681045531503193,pulls_mean_down,43.0
bag8,joint_freq_separate__sel_combined_intersection,tabred_cooking_time,-3.169109347156883e-05,0.2604726634142643,0.26353742052612,0.0030647571118557204,pulls_mean_down,44.0
bag8,joint_freq_separate__sel_combined_intersection,GiveMeSomeCredit,-2.539613204264729e-05,0.2604726634142643,0.26353734646775023,0.0030646830534859504,pulls_mean_down,45.0
bag8,joint_freq_separate__sel_combined_intersection,Bank_Customer_Churn,0.0,0.2604726634142643,0.26353704768972624,0.003064384275461962,pulls_mean_down,46.0
bag8,joint_freq_separate__sel_combined_intersection,Bioresponse,0.0,0.2604726634142643,0.26353704768972624,0.003064384275461962,pulls_mean_down,47.0
bag8,joint_freq_separate__sel_combined_intersection,QSAR_fish_toxicity,0.0,0.2604726634142643,0.26353704768972624,0.003064384275461962,pulls_mean_down,48.0
bag8,joint_freq_separate__sel_combined_intersection,bike_sharing,0.0,0.2604726634142643,0.26353704768972624,0.003064384275461962,pulls_mean_down,49.0
bag8,joint_freq_separate__sel_combined_intersection,healthcare_insurance_expenses,0.0,0.2604726634142643,0.26353704768972624,0.003064384275461962,pulls_mean_down,50.0
bag8,joint_freq_separate__sel_combined_intersection,heloc,0.0,0.2604726634142643,0.26353704768972624,0.003064384275461962,pulls_mean_down,51.0
bag8,joint_freq_separate__sel_combined_intersection,synthetic_large_test,0.0,0.2604726634142643,0.26353704768972624,0.003064384275461962,pulls_mean_down,52.0
bag8,joint_freq_separate__sel_combined_intersection,synthetic_small_test,0.0,0.2604726634142643,0.26353704768972624,0.003064384275461962,pulls_mean_down,53.0
bag8,joint_freq_separate__sel_combined_intersection,tschalzev_sctp,0.0,0.2604726634142643,0.26353704768972624,0.003064384275461962,pulls_mean_down,54.0
bag8,joint_freq_separate__sel_combined_intersection,tabred_delivery_eta__gap_far,1.4377127831964757e-05,0.2604726634142643,0.2635368785470459,0.0030642151327816003,pulls_mean_down,55.0
bag8,joint_freq_separate__sel_combined_intersection,credit_card_clients_default,2.687415063426074e-05,0.2604726634142643,0.2635367315232482,0.0030640681089839084,pulls_mean_down,56.0
bag8,joint_freq_separate__sel_combined_intersection,tabred_weather,3.192808092200696e-05,0.2604726634142643,0.2635366720652448,0.0030640086509804987,pulls_mean_down,57.0
bag8,joint_freq_separate__sel_combined_intersection,physiochemical_protein,7.077533799069478e-05,0.2604726634142643,0.26353621503869107,0.0030635516244267857,pulls_mean_down,58.0
bag8,joint_freq_separate__sel_combined_intersection,tabred_delivery_eta,9.999865003342592e-05,0.2604726634142643,0.26353587123502,0.003063207820755698,pulls_mean_down,59.0
bag8,joint_freq_separate__sel_combined_intersection,tabred_weather__gap_maxdiff,0.0001036960916417,0.2604726634142643,0.2635358277357069,0.003063164321442602,pulls_mean_down,60.0
bag8,joint_freq_separate__sel_combined_intersection,Food_Delivery_Time,0.0002071756983996,0.2604726634142643,0.26353461032856856,0.003061946914304281,pulls_mean_down,61.0
bag8,joint_freq_separate__sel_combined_intersection,houses,0.0005728432066925,0.2604726634142643,0.2635303083578828,0.0030576449436185427,pulls_mean_down,62.0
bag8,joint_freq_separate__sel_combined_intersection,tabred_weather__gap_far,0.0008353530793474,0.2604726634142643,0.2635272200064398,0.003054556592175517,pulls_mean_down,63.0
bag8,joint_freq_separate__sel_combined_intersection,jm1,0.0010286982291316,0.2604726634142643,0.26352494535761883,0.003052281943354551,pulls_mean_down,64.0
bag8,joint_freq_separate__sel_combined_intersection,synthetic_shift_3.0,0.005935387326011,0.2604726634142643,0.26346721960353786,0.0029945561892735784,pulls_mean_down,65.0
bag8,joint_freq_separate__sel_combined_intersection,synthetic_partial_shift,0.0084541390927659,0.2604726634142643,0.26343758722981137,0.0029649238155470825,pulls_mean_down,66.0
bag8,joint_freq_separate__sel_combined_intersection,tabred_delivery_eta__gap_maxdiff,0.0127246481791217,0.2604726634142643,0.2633873459464425,0.002914682532178192,pulls_mean_down,67.0
bag8,joint_freq_separate__sel_combined_intersection,folktables_mobility,0.022531023392178,0.2604726634142643,0.2632719768262889,0.0027993134120246066,pulls_mean_down,68.0
bag8,joint_freq_separate__sel_combined_intersection,bank-marketing,0.0547381779749159,0.2604726634142643,0.2628930691253155,0.0024204057110512323,pulls_mean_down,71.0
bag8,joint_freq_separate__sel_combined_intersection,brfss_diabetes,0.0671462741798934,0.2604726634142643,0.262747091522904,0.0022744281086397033,pulls_mean_down,72.0
bag8,joint_freq_separate__sel_combined_intersection,synthetic_shift_0.0,0.0801723549846896,0.2604726634142643,0.26259384351343573,0.002121180099171449,pulls_mean_down,74.0
bag8,joint_freq_separate__sel_combined_intersection,folktables_coverage,0.0867899346464518,0.2604726634142643,0.2625159896350621,0.0020433262207978364,pulls_mean_down,75.0
bag8,joint_freq_separate__sel_combined_intersection,synthetic_shift_0.5,0.1158728644006612,0.2604726634142643,0.2621738375203067,0.0017011741060424246,pulls_mean_down,77.0
bag8,joint_freq_separate__sel_combined_intersection,airfoil_self_noise,0.1370029896286931,0.2604726634142643,0.26192524781174165,0.0014525843974773633,pulls_mean_down,79.0
bag8,joint_freq_separate__sel_combined_intersection,synthetic_shift_5.0,0.1478771601563224,0.2604726634142643,0.2617973163937695,0.0013246529795052364,pulls_mean_down,80.0
bag8,joint_freq_separate__sel_combined_intersection,credit-g,0.2143098067121754,0.2604726634142643,0.26101575584605363,0.0005430924317893493,pulls_mean_down,82.0
bag8,joint_freq_separate__sel_combined_intersection,tschalzev_mbgm,0.2268359270476452,0.2604726634142643,0.2608683897244598,0.00039572631019552107,pulls_mean_down,83.0
bag8,joint_freq_separate__sel_combined_intersection,qsar-biodeg,0.2390461518242413,0.2604726634142643,0.26072474002120577,0.00025207660694148704,pulls_mean_down,84.0
bag8,joint_freq_separate__sel_combined_intersection,lending_club,0.2482893769721881,0.2604726634142643,0.2606159961959358,0.00014333278167150132,pulls_mean_down,85.0
bag8,joint_freq_separate__sel_combined_intersection,HR_Analytics_Job_Change_of_Data_Scientists,0.2500575177430253,0.2604726634142643,0.2605951945398083,0.00012253112554400092,pulls_mean_down,86.0
bag8,joint_freq_separate__sel_combined_intersection,tschalzev_ogpcc,0.3139619518274561,0.2604726634142643,0.25984337766822674,-0.0006292857460375445,pulls_mean_up,81.0
bag8,joint_freq_separate__sel_combined_intersection,tabred_sberbank__gap_near,0.3944077298814681,0.2604726634142643,0.25889695674994423,-0.0015757066643200535,pulls_mean_up,78.0
bag8,joint_freq_separate__sel_combined_intersection,coil2000_insurance_policies,0.4218716969193177,0.2604726634142643,0.25857385125538135,-0.0018988121588829343,pulls_mean_up,76.0
bag8,joint_freq_separate__sel_combined_intersection,Diabetes130US,0.4496042160145957,0.2604726634142643,0.2582475863248486,-0.0022250770894156613,pulls_mean_up,73.0
bag8,joint_freq_separate__sel_combined_intersection,diamonds,0.4797844983284417,0.2604726634142643,0.2578925241799799,-0.0025801392342844065,pulls_mean_up,70.0
bag8,joint_freq_separate__sel_combined_intersection,tabred_homesite__gap_near,0.4838757265516999,0.2604726634142643,0.2578443920832357,-0.0026282713310286088,pulls_mean_up,69.0
bag8,joint_freq_separate__sel_combined_intersection,hiva_agnostic,0.5436963931460224,0.2604726634142643,0.25714061953506717,-0.0033320438791971108,pulls_mean_up,31.0
bag8,joint_freq_separate__sel_combined_intersection,students_dropout_and_academic_success,0.7318462206379175,0.2604726634142643,0.2549270921528096,-0.005545571261454663,pulls_mean_up,21.0
bag8,joint_freq_separate__sel_combined_intersection,churn,1.0356445237310057,0.2604726634142643,0.2513529944693615,-0.009119668944902792,pulls_mean_up,17.0
bag8,joint_freq_separate__sel_combined_intersection,Is-this-a-good-customer,1.0921634885063245,0.2604726634142643,0.25068806547200473,-0.009784597942259554,pulls_mean_up,16.0
bag8,joint_freq_separate__sel_combined_intersection,tabred_homesite,1.1656861487325625,0.2604726634142643,0.2498230929987549,-0.010649570415509374,pulls_mean_up,14.0
bag8,joint_freq_separate__sel_combined_intersection,online_shoppers_intention,1.209874111717047,0.2604726634142643,0.2493032346107022,-0.011169428803562087,pulls_mean_up,12.0
bag8,joint_freq_separate__sel_combined_intersection,maternal_health_risk,1.7007154195693202,0.2604726634142643,0.24352863098891073,-0.016944032425353556,pulls_mean_up,8.0
bag8,joint_freq_separate__sel_combined_intersection,in_vehicle_coupon_recommendation,2.3313744771539904,0.2604726634142643,0.23610911266438522,-0.02436355074987906,pulls_mean_up,6.0
bag8,joint_freq_separate__sel_combined_intersection,Marketing_Campaign,2.728737555549537,0.2604726634142643,0.2314342529185552,-0.02903841049570907,pulls_mean_up,5.0
bag8,joint_freq_separate__sel_combined_intersection,kddcup09_appetency,3.881472912925229,0.2604726634142643,0.2178726604788412,-0.04260000293542307,pulls_mean_up,3.0
bag8,joint_freq_separate__sel_combined_intersection,MIC,3.883535759569388,0.2604726634142643,0.21784839169479225,-0.04262427171947203,pulls_mean_up,2.0
bag8,joint_freq_separate__sel_combined_intersection,Amazon_employee_access,6.861174034732215,0.2604726634142643,0.18281735316346487,-0.07765531025079941,pulls_mean_up,1.0
tabpfn,freq_ratio_log__sel_combined_intersection,taiwanese_bankruptcy_prediction,-1.4457740079734345,1.015344501018552,1.0712790125865517,0.05593451156799967,pulls_mean_down,7.0
tabpfn,freq_ratio_log__sel_combined_intersection,Is-this-a-good-customer,-0.9888323839040288,1.015344501018552,1.0608939756758835,0.0455494746573315,pulls_mean_down,8.0
tabpfn,freq_ratio_log__sel_combined_intersection,diabetes,-0.8074278471983178,1.015344501018552,1.056771145296208,0.04142664427765608,pulls_mean_down,9.0
tabpfn,freq_ratio_log__sel_combined_intersection,coil2000_insurance_policies,-0.4537056834587121,1.015344501018552,1.0487320052112172,0.03338750419266523,pulls_mean_down,10.0
tabpfn,freq_ratio_log__sel_combined_intersection,tabred_delivery_eta__gap_far,-0.4261165011360588,1.015344501018552,1.0481049783402476,0.032760477321695625,pulls_mean_down,11.0
tabpfn,freq_ratio_log__sel_combined_intersection,QSAR_fish_toxicity,-0.288781449201989,1.015344501018552,1.044983727159928,0.02963922614137604,pulls_mean_down,12.0
tabpfn,freq_ratio_log__sel_combined_intersection,synthetic_shift_0.0,-0.2428284755645351,1.015344501018552,1.0439393413954403,0.02859484037688831,pulls_mean_down,13.0
tabpfn,freq_ratio_log__sel_combined_intersection,Marketing_Campaign,-0.2373779157732131,1.015344501018552,1.0438154650365468,0.02847096401799476,pulls_mean_down,14.0
tabpfn,freq_ratio_log__sel_combined_intersection,Fitness_Club,-0.2237124062066948,1.015344501018552,1.0435048852736712,0.028160384255119242,pulls_mean_down,15.0
tabpfn,freq_ratio_log__sel_combined_intersection,synthetic_large_test,-0.2206648090384567,1.015344501018552,1.0434356217016658,0.028091120683113813,pulls_mean_down,16.0
tabpfn,freq_ratio_log__sel_combined_intersection,jm1,-0.1504172834526966,1.015344501018552,1.0418390870292624,0.02649458601071042,pulls_mean_down,17.0
tabpfn,freq_ratio_log__sel_combined_intersection,tabred_delivery_eta__gap_maxdiff,-0.09753726713045,1.015344501018552,1.040637268476484,0.025292767457931964,pulls_mean_down,18.0
tabpfn,freq_ratio_log__sel_combined_intersection,tabred_delivery_eta__gap_near,-0.0916810366628793,1.015344501018552,1.0405041723294937,0.025159671310941656,pulls_mean_down,19.0
tabpfn,freq_ratio_log__sel_combined_intersection,synthetic_shift_0.5,-0.0808023183041452,1.015344501018552,1.0402569287304315,0.024912427711879515,pulls_mean_down,20.0
tabpfn,freq_ratio_log__sel_combined_intersection,seismic-bumps,-0.066932059651865,1.015344501018552,1.0399416955792433,0.024597194560691316,pulls_mean_down,21.0
tabpfn,freq_ratio_log__sel_combined_intersection,heloc,-0.0546419489508265,1.015344501018552,1.0396623748814924,0.024317873862940376,pulls_mean_down,22.0
tabpfn,freq_ratio_log__sel_combined_intersection,E-CommereShippingData,0.019709596031917,1.015344501018552,1.0379725670409756,0.02262806602242362,pulls_mean_down,23.0
tabpfn,freq_ratio_log__sel_combined_intersection,tschalzev_mbgm,0.0441542649833744,1.015344501018552,1.0374170063829877,0.022072505364435724,pulls_mean_down,24.0
tabpfn,freq_ratio_log__sel_combined_intersection,students_dropout_and_academic_success,0.1298819438100155,1.015344501018552,1.0354686500460188,0.020124149027466842,pulls_mean_down,25.0
tabpfn,freq_ratio_log__sel_combined_intersection,tabred_weather__gap_near,0.1715861788708555,1.015344501018552,1.0345208265219088,0.019176325503356795,pulls_mean_down,26.0
tabpfn,freq_ratio_log__sel_combined_intersection,synthetic_shift_1.0,0.193993345431389,1.015344501018552,1.034011572736442,0.01866707171789006,pulls_mean_down,27.0
tabpfn,freq_ratio_log__sel_combined_intersection,healthcare_insurance_expenses,0.2331562907294562,1.015344501018552,1.0331215057978496,0.017777004779297556,pulls_mean_down,29.0
tabpfn,freq_ratio_log__sel_combined_intersection,qsar-biodeg,0.2960337419059551,1.015344501018552,1.0316924728165657,0.016347971798013727,pulls_mean_down,31.0
tabpfn,freq_ratio_log__sel_combined_intersection,tabred_weather__gap_maxdiff,0.3178502877224521,1.015344501018552,1.031196642229827,0.015852141211275095,pulls_mean_down,32.0
tabpfn,freq_ratio_log__sel_combined_intersection,synthetic_shift_5.0,0.3265204618800255,1.015344501018552,1.030999592817155,0.015655091798602916,pulls_mean_down,33.0
tabpfn,freq_ratio_log__sel_combined_intersection,Another-Dataset-on-used-Fiat-500,0.4491799684030523,1.015344501018552,1.0282118767598134,0.0128673757412614,pulls_mean_down,34.0
tabpfn,freq_ratio_log__sel_combined_intersection,tabred_weather__gap_far,0.4741953615795358,1.015344501018552,1.0276433450967113,0.012298844078159288,pulls_mean_down,35.0
tabpfn,freq_ratio_log__sel_combined_intersection,synthetic_shift_3.0,0.4871881658570589,1.015344501018552,1.027348054090404,0.01200355307185208,pulls_mean_down,36.0
tabpfn,freq_ratio_log__sel_combined_intersection,Bank_Customer_Churn,0.5178083936710972,1.015344501018552,1.0266521398219033,0.011307638803351283,pulls_mean_down,38.0
tabpfn,freq_ratio_log__sel_combined_intersection,bike_sharing,0.5579687759897445,1.015344501018552,1.0257394038601158,0.010394902841563747,pulls_mean_down,39.0
tabpfn,freq_ratio_log__sel_combined_intersection,churn,0.5925425673144372,1.015344501018552,1.0249536358754636,0.009609134856911616,pulls_mean_down,40.0
tabpfn,freq_ratio_log__sel_combined_intersection,blood-transfusion-service-center,0.7575922005197279,1.015344501018552,1.0212025078480707,0.005858006829518647,pulls_mean_down,42.0
tabpfn,freq_ratio_log__sel_combined_intersection,online_shoppers_intention,0.9122630480121452,1.015344501018552,1.017687261314152,0.0023427602956000992,pulls_mean_down,43.0
tabpfn,freq_ratio_log__sel_combined_intersection,MIC,0.9922036831043348,1.015344501018552,1.0158704286984206,0.0005259276798685875,pulls_mean_down,45.0
tabpfn,freq_ratio_log__sel_combined_intersection,maternal_health_risk,1.0804046591414884,1.015344501018552,1.0138658610612126,-0.0014786399573394338,pulls_mean_up,44.0
tabpfn,freq_ratio_log__sel_combined_intersection,wine_quality,1.390615595169616,1.015344501018552,1.0068156125151189,-0.00852888850343314,pulls_mean_up,41.0
tabpfn,freq_ratio_log__sel_combined_intersection,tabred_sberbank__gap_near,1.5328143910831344,1.015344501018552,1.0035838216989026,-0.011760679319649414,pulls_mean_up,37.0
tabpfn,freq_ratio_log__sel_combined_intersection,concrete_compressive_strength,1.773020520587553,1.015344501018552,0.9981245914828928,-0.017219909535659217,pulls_mean_up,30.0
tabpfn,freq_ratio_log__sel_combined_intersection,credit-g,1.8151668967909984,1.015344501018552,0.997166719296451,-0.01817778172210105,pulls_mean_up,28.0
tabpfn,freq_ratio_log__sel_combined_intersection,tabred_sberbank__gap_far,5.108867122465451,1.015344501018552,0.922309895985668,-0.09303460503288397,pulls_mean_up,6.0
tabpfn,freq_ratio_log__sel_combined_intersection,tabred_homesite__gap_near,5.39509715324792,1.015344501018552,0.9158046680133392,-0.09953983300521285,pulls_mean_up,5.0
tabpfn,freq_ratio_log__sel_combined_intersection,airfoil_self_noise,5.506870372609989,1.015344501018552,0.9132643675732921,-0.1020801334452599,pulls_mean_up,4.0
tabpfn,freq_ratio_log__sel_combined_intersection,tabred_homesite__gap_far,5.545870813285762,1.015344501018552,0.91237799392157,-0.10296650709698196,pulls_mean_up,3.0
tabpfn,freq_ratio_log__sel_combined_intersection,polish_companies_bankruptcy,6.516867072964731,1.015344501018552,0.8903098971106843,-0.1250346039078677,pulls_mean_up,2.0
tabpfn,freq_ratio_log__sel_combined_intersection,gas_sensor_drift,8.428313066279928,1.015344501018552,0.8468679427171572,-0.16847655830139485,pulls_mean_up,1.0
tabpfn,freq_ratio_log__sel_combined_union,MIC,-6.5036407072443865,1.105575811835035,1.278512550905022,0.17293673906998697,pulls_mean_down,2.0
tabpfn,freq_ratio_log__sel_combined_union,wine_quality,-3.089667710728003,1.105575811835035,1.2009222555296495,0.09534644369461454,pulls_mean_down,6.0
tabpfn,freq_ratio_log__sel_combined_union,taiwanese_bankruptcy_prediction,-1.5781779433213696,1.105575811835035,1.1665702153613169,0.06099440352628194,pulls_mean_down,10.0
tabpfn,freq_ratio_log__sel_combined_union,Marketing_Campaign,-1.0969917228699504,1.105575811835035,1.155634164896512,0.0500583530614771,pulls_mean_down,11.0
tabpfn,freq_ratio_log__sel_combined_union,students_dropout_and_academic_success,-0.9888783900718924,1.105575811835035,1.1531770436965563,0.04760123186152132,pulls_mean_down,13.0
tabpfn,freq_ratio_log__sel_combined_union,coil2000_insurance_policies,-0.9280031029838204,1.105575811835035,1.1517935144445544,0.04621770260951941,pulls_mean_down,14.0
tabpfn,freq_ratio_log__sel_combined_union,diabetes,-0.80795838015239,1.105575811835035,1.1490652252892948,0.04348941345425983,pulls_mean_down,15.0
tabpfn,freq_ratio_log__sel_combined_union,tabred_delivery_eta__gap_far,-0.7653537507861036,1.105575811835035,1.1480969382582427,0.04252112642320771,pulls_mean_down,16.0
tabpfn,freq_ratio_log__sel_combined_union,Fitness_Club,-0.6699128269475962,1.105575811835035,1.145927826352822,0.04035201451778714,pulls_mean_down,17.0
tabpfn,freq_ratio_log__sel_combined_union,qsar-biodeg,-0.6266377563481569,1.105575811835035,1.1449443020210168,0.039368490185981875,pulls_mean_down,18.0
tabpfn,freq_ratio_log__sel_combined_union,tabred_weather__gap_near,-0.5118548959475013,1.105575811835035,1.1423356006482743,0.03675978881323938,pulls_mean_down,19.0
tabpfn,freq_ratio_log__sel_combined_union,synthetic_shift_0.0,-0.3230461027024452,1.105575811835035,1.138044491710887,0.032468679875852,pulls_mean_down,21.0
tabpfn,freq_ratio_log__sel_combined_union,blood-transfusion-service-center,-0.2783132696531085,1.105575811835035,1.137027836414311,0.03145202457927598,pulls_mean_down,22.0
tabpfn,freq_ratio_log__sel_combined_union,tabred_weather__gap_maxdiff,-0.2616359448501237,1.105575811835035,1.1366488063051523,0.031072994470117354,pulls_mean_down,23.0
tabpfn,freq_ratio_log__sel_combined_union,tschalzev_mbgm,-0.2538424261161633,1.105575811835035,1.1364716808793804,0.030895869044345492,pulls_mean_down,24.0
tabpfn,freq_ratio_log__sel_combined_union,QSAR_fish_toxicity,-0.1745484557946975,1.105575811835035,1.1346695451902564,0.029093733355221474,pulls_mean_down,25.0
tabpfn,freq_ratio_log__sel_combined_union,synthetic_large_test,-0.1020821098271824,1.105575811835035,1.1330225827819038,0.02744677094686887,pulls_mean_down,26.0
tabpfn,freq_ratio_log__sel_combined_union,synthetic_shift_0.5,-0.0807015253915003,1.105575811835035,1.1325366604083653,0.026960848573330365,pulls_mean_down,28.0
tabpfn,freq_ratio_log__sel_combined_union,tabred_weather__gap_far,-0.0768488562741658,1.105575811835035,1.1324490997466077,0.02687328791157273,pulls_mean_down,29.0
tabpfn,freq_ratio_log__sel_combined_union,heloc,-0.0630014401297886,1.105575811835035,1.1321343857433264,0.026558573908291416,pulls_mean_down,30.0
tabpfn,freq_ratio_log__sel_combined_union,Is-this-a-good-customer,-0.0528188227077067,1.105575811835035,1.1319029626200974,0.026327150785062425,pulls_mean_down,31.0
tabpfn,freq_ratio_log__sel_combined_union,Bank_Customer_Churn,-0.0209963279981006,1.105575811835035,1.13117972410397,0.025603912268935103,pulls_mean_down,32.0
tabpfn,freq_ratio_log__sel_combined_union,tabred_delivery_eta__gap_maxdiff,-0.0039389451638852,1.105575811835035,1.130792056312283,0.02521624447724813,pulls_mean_down,33.0
tabpfn,freq_ratio_log__sel_combined_union,bike_sharing,0.0302740705034356,1.105575811835035,1.1300144877743894,0.02443867593935445,pulls_mean_down,34.0
tabpfn,freq_ratio_log__sel_combined_union,synthetic_shift_1.0,0.1509359239122659,1.105575811835035,1.1272721729241888,0.02169636108915385,pulls_mean_down,35.0
tabpfn,freq_ratio_log__sel_combined_union,tabred_sberbank__gap_near,0.2283224988790894,1.105575811835035,1.1255133871294882,0.01993757529445328,pulls_mean_down,36.0
tabpfn,freq_ratio_log__sel_combined_union,Another-Dataset-on-used-Fiat-500,0.2859372108997521,1.105575811835035,1.1242039618562916,0.018628150021256618,pulls_mean_down,37.0
tabpfn,freq_ratio_log__sel_combined_union,synthetic_shift_3.0,0.334129917602572,1.105575811835035,1.123108673067591,0.01753286123255604,pulls_mean_down,38.0
tabpfn,freq_ratio_log__sel_combined_union,tabred_delivery_eta__gap_near,0.480088085391923,1.105575811835035,1.1197914419814692,0.014215630146434233,pulls_mean_down,39.0
tabpfn,freq_ratio_log__sel_combined_union,synthetic_shift_5.0,0.5129730983606514,1.105575811835035,1.1190440553230891,0.013468243488054199,pulls_mean_down,41.0
tabpfn,freq_ratio_log__sel_combined_union,jm1,0.5971394366876269,1.105575811835035,1.1171311839974762,0.01155537216244129,pulls_mean_down,42.0
tabpfn,freq_ratio_log__sel_combined_union,E-CommereShippingData,0.614044579391265,1.105575811835035,1.1167469762087572,0.011171164373722231,pulls_mean_down,43.0
tabpfn,freq_ratio_log__sel_combined_union,seismic-bumps,1.1549310204679084,1.105575811835035,1.1044541025479244,-0.0011217092871105283,pulls_mean_up,45.0
tabpfn,freq_ratio_log__sel_combined_union,gas_sensor_drift,1.546367657576054,1.105575811835035,1.0955578153409211,-0.010017996494113834,pulls_mean_up,44.0
tabpfn,freq_ratio_log__sel_combined_union,concrete_compressive_strength,1.7153200938971154,1.105575811835035,1.091717987242715,-0.01385782459231999,pulls_mean_up,40.0
tabpfn,freq_ratio_log__sel_combined_union,credit-g,2.305280831081621,1.105575811835035,1.0783097886703399,-0.027266023164695063,pulls_mean_up,27.0
tabpfn,freq_ratio_log__sel_combined_union,tabred_homesite__gap_far,2.687598991901159,1.105575811835035,1.069620739560805,-0.03595507227422989,pulls_mean_up,20.0
tabpfn,freq_ratio_log__sel_combined_union,maternal_health_risk,3.2342699443561167,1.105575811835035,1.0571963997322833,-0.04837941210275165,pulls_mean_up,12.0
tabpfn,freq_ratio_log__sel_combined_union,online_shoppers_intention,3.811334612875117,1.105575811835035,1.0440812936295787,-0.06149451820545626,pulls_mean_up,9.0
tabpfn,freq_ratio_log__sel_combined_union,tabred_homesite__gap_near,4.682794715475002,1.105575811835035,1.0242753822068538,-0.08130042962818118,pulls_mean_up,8.0
tabpfn,freq_ratio_log__sel_combined_union,churn,5.226201737384958,1.105575811835035,1.0119252226179913,-0.09365058921704361,pulls_mean_up,7.0
tabpfn,freq_ratio_log__sel_combined_union,tabred_sberbank__gap_far,6.668175803212439,1.105575811835035,0.9791530847582759,-0.12642272707675906,pulls_mean_up,5.0
tabpfn,freq_ratio_log__sel_combined_union,healthcare_insurance_expenses,8.320197502698345,1.105575811835035,0.9416071370426871,-0.1639686747923479,pulls_mean_up,4.0
tabpfn,freq_ratio_log__sel_combined_union,polish_companies_bankruptcy,8.398180072022424,1.105575811835035,0.9398348059216854,-0.1657410059133495,pulls_mean_up,3.0
tabpfn,freq_ratio_log__sel_combined_union,airfoil_self_noise,16.025265142009776,1.105575811835035,0.7664919634219728,-0.33908384841306216,pulls_mean_up,1.0
tabpfn,groupby_shift_cohen_d__sel_combined_intersection,Is-this-a-good-customer,-2.4945907996303696,0.8821893567611621,0.9687734633353039,0.08658410657414184,pulls_mean_down,5.0
tabpfn,groupby_shift_cohen_d__sel_combined_intersection,taiwanese_bankruptcy_prediction,-1.4457740079734345,0.8821893567611621,0.9418807250876902,0.059691368326528105,pulls_mean_down,6.0
tabpfn,groupby_shift_cohen_d__sel_combined_intersection,coil2000_insurance_policies,-0.905089214649304,0.8821893567611621,0.9280170124383534,0.04582765567719138,pulls_mean_down,7.0
tabpfn,groupby_shift_cohen_d__sel_combined_intersection,diabetes,-0.8074278471983178,0.8821893567611621,0.9255128748114052,0.04332351805024315,pulls_mean_down,8.0
tabpfn,groupby_shift_cohen_d__sel_combined_intersection,tabred_delivery_eta__gap_far,-0.4186317611349234,0.8821893567611621,0.9155437443995234,0.033354387638361294,pulls_mean_down,10.0
tabpfn,groupby_shift_cohen_d__sel_combined_intersection,jm1,-0.327832792864712,0.8821893567611621,0.9132155657259279,0.031026208964765822,pulls_mean_down,11.0
tabpfn,groupby_shift_cohen_d__sel_combined_intersection,synthetic_shift_0.0,-0.3041683791357958,0.8821893567611621,0.9126087858867251,0.030419429125563058,pulls_mean_down,12.0
tabpfn,groupby_shift_cohen_d__sel_combined_intersection,QSAR_fish_toxicity,-0.288781449201989,0.8821893567611621,0.9122142492217556,0.03002489246059359,pulls_mean_down,13.0
tabpfn,groupby_shift_cohen_d__sel_combined_intersection,synthetic_large_test,-0.2206648090384567,0.8821893567611621,0.9104676687047419,0.02827831194357988,pulls_mean_down,14.0
tabpfn,groupby_shift_cohen_d__sel_combined_intersection,Fitness_Club,-0.1613488713038859,0.8821893567611621,0.9089467472243685,0.026757390463206465,pulls_mean_down,15.0
tabpfn,groupby_shift_cohen_d__sel_combined_intersection,synthetic_shift_0.5,-0.1347853224351859,0.8821893567611621,0.9082656305867095,0.026076273825547447,pulls_mean_down,16.0
tabpfn,groupby_shift_cohen_d__sel_combined_intersection,tabred_delivery_eta__gap_near,-0.073609144439884,0.8821893567611621,0.906697010638112,0.024507653876949975,pulls_mean_down,17.0
tabpfn,groupby_shift_cohen_d__sel_combined_intersection,heloc,-0.0652553745630704,0.8821893567611621,0.9064828114105015,0.024293454649339408,pulls_mean_down,18.0
tabpfn,groupby_shift_cohen_d__sel_combined_intersection,synthetic_shift_1.0,-0.0606497128310091,0.8821893567611621,0.9063647175199355,0.024175360758773468,pulls_mean_down,19.0
tabpfn,groupby_shift_cohen_d__sel_combined_intersection,synthetic_shift_5.0,0.0510465578385558,0.8821893567611621,0.9035007105796904,0.021311353818528334,pulls_mean_down,21.0
tabpfn,groupby_shift_cohen_d__sel_combined_intersection,seismic-bumps,0.0785384336442147,0.8821893567611621,0.9027957906872376,0.02060643392607553,pulls_mean_down,22.0
tabpfn,groupby_shift_cohen_d__sel_combined_intersection,tabred_delivery_eta__gap_maxdiff,0.0918025640237012,0.8821893567611621,0.9024556847800713,0.020266328018909263,pulls_mean_down,23.0
tabpfn,groupby_shift_cohen_d__sel_combined_intersection,tabred_weather__gap_near,0.1715861788708555,0.8821893567611621,0.9004099510660418,0.018220594304879767,pulls_mean_down,24.0
tabpfn,groupby_shift_cohen_d__sel_combined_intersection,synthetic_shift_3.0,0.1743364239633159,0.8821893567611621,0.9003394319611068,0.018150075199944715,pulls_mean_down,25.0
tabpfn,groupby_shift_cohen_d__sel_combined_intersection,Bank_Customer_Churn,0.1960260047213634,0.8821893567611621,0.8997832888647466,0.01759393210358451,pulls_mean_down,26.0
tabpfn,groupby_shift_cohen_d__sel_combined_intersection,students_dropout_and_academic_success,0.3104825744441191,0.8821893567611621,0.8968485050257016,0.014659148264539512,pulls_mean_down,27.0
tabpfn,groupby_shift_cohen_d__sel_combined_intersection,tabred_weather__gap_maxdiff,0.3178502877224521,0.8821893567611621,0.8966595893006163,0.01447023253945423,pulls_mean_down,28.0
tabpfn,groupby_shift_cohen_d__sel_combined_intersection,E-CommereShippingData,0.3637448195217631,0.8821893567611621,0.8954828064339672,0.013293449672805102,pulls_mean_down,29.0
tabpfn,groupby_shift_cohen_d__sel_combined_intersection,Another-Dataset-on-used-Fiat-500,0.4491799684030523,0.8821893567611621,0.8932921615908572,0.011102804829695168,pulls_mean_down,32.0
tabpfn,groupby_shift_cohen_d__sel_combined_intersection,tabred_weather__gap_far,0.4741953615795358,0.8821893567611621,0.8926507412529988,0.010461384491836756,pulls_mean_down,34.0
tabpfn,groupby_shift_cohen_d__sel_combined_intersection,Marketing_Campaign,0.5171926807621209,0.8821893567611621,0.8915482458893427,0.009358889128180614,pulls_mean_down,35.0
tabpfn,groupby_shift_cohen_d__sel_combined_intersection,bike_sharing,0.5579687759897445,0.8821893567611621,0.8905027049860701,0.008313348224908035,pulls_mean_down,36.0
tabpfn,groupby_shift_cohen_d__sel_combined_intersection,blood-transfusion-service-center,0.7575922005197279,0.8821893567611621,0.8853841556391475,0.003194798877985461,pulls_mean_down,39.0
tabpfn,groupby_shift_cohen_d__sel_combined_intersection,MIC,0.8667482836870846,0.8821893567611621,0.8825852817117794,0.00039592495061735455,pulls_mean_down,40.0
tabpfn,groupby_shift_cohen_d__sel_combined_intersection,maternal_health_risk,1.0804046591414884,0.8821893567611621,0.8771069131103846,-0.0050824436507774795,pulls_mean_up,38.0
tabpfn,groupby_shift_cohen_d__sel_combined_intersection,online_shoppers_intention,1.1121680369893188,0.8821893567611621,0.8762924675245427,-0.0058968892366193515,pulls_mean_up,37.0
tabpfn,groupby_shift_cohen_d__sel_combined_intersection,credit-g,1.292823065898352,0.8821893567611621,0.8716602872961059,-0.010529069465056162,pulls_mean_up,33.0
tabpfn,groupby_shift_cohen_d__sel_combined_intersection,qsar-biodeg,1.360864141304058,0.8821893567611621,0.8699156443369853,-0.012273712424176741,pulls_mean_up,31.0
tabpfn,groupby_shift_cohen_d__sel_combined_intersection,wine_quality,1.390615595169616,0.8821893567611621,0.8691527865455608,-0.013036570215601229,pulls_mean_up,30.0
tabpfn,groupby_shift_cohen_d__sel_combined_intersection,concrete_compressive_strength,1.773020520587553,0.8821893567611621,0.8593475320476648,-0.022841824713497272,pulls_mean_up,20.0
tabpfn,groupby_shift_cohen_d__sel_combined_intersection,churn,2.395238265945645,0.8821893567611621,0.8433932308846368,-0.038796125876525256,pulls_mean_up,9.0
tabpfn,groupby_shift_cohen_d__sel_combined_intersection,airfoil_self_noise,6.116437685204742,0.8821893567611621,0.7479778611600449,-0.13421149560111711,pulls_mean_up,4.0
tabpfn,groupby_shift_cohen_d__sel_combined_intersection,healthcare_insurance_expenses,6.15114053166979,0.8821893567611621,0.7470880445840181,-0.13510131217714394,pulls_mean_up,3.0
tabpfn,groupby_shift_cohen_d__sel_combined_intersection,polish_companies_bankruptcy,6.516867072964731,0.8821893567611621,0.737710440961071,-0.1444789158000911,pulls_mean_up,2.0
tabpfn,groupby_shift_cohen_d__sel_combined_intersection,gas_sensor_drift,8.428313066279928,0.8821893567611621,0.6886990052350402,-0.19349035152612182,pulls_mean_up,1.0
tabpfn,joint_freq_combined__sel_combined_intersection,taiwanese_bankruptcy_prediction,-1.4457740079734345,0.9816009876328736,1.0367686011693806,0.05516761353650701,pulls_mean_down,6.0
tabpfn,joint_freq_combined__sel_combined_intersection,MIC,-0.987524436324059,0.9816009876328736,1.0263538381773494,0.04475285054447575,pulls_mean_down,7.0
tabpfn,joint_freq_combined__sel_combined_intersection,coil2000_insurance_policies,-0.8625317585308515,0.9816009876328736,1.023513095500231,0.04191210786735733,pulls_mean_down,9.0
tabpfn,joint_freq_combined__sel_combined_intersection,Is-this-a-good-customer,-0.8602047275028377,0.9816009876328736,1.0234602084314126,0.04185922079853899,pulls_mean_down,10.0
tabpfn,joint_freq_combined__sel_combined_intersection,diabetes,-0.8074278471983178,0.9816009876328736,1.022260733879037,0.04065974624616342,pulls_mean_down,11.0
tabpfn,joint_freq_combined__sel_combined_intersection,tabred_delivery_eta__gap_far,-0.4261165011360588,0.9816009876328736,1.0135945669230768,0.03199357929020319,pulls_mean_down,13.0
tabpfn,joint_freq_combined__sel_combined_intersection,synthetic_shift_0.0,-0.3576609061391338,0.9816009876328736,1.0120387579458738,0.030437770313000212,pulls_mean_down,14.0
tabpfn,joint_freq_combined__sel_combined_intersection,QSAR_fish_toxicity,-0.288781449201989,0.9816009876328736,1.0104733157427568,0.02887232810988316,pulls_mean_down,15.0
tabpfn,joint_freq_combined__sel_combined_intersection,Fitness_Club,-0.2237124062066948,0.9816009876328736,1.0089944738565004,0.027393486223626806,pulls_mean_down,16.0
tabpfn,joint_freq_combined__sel_combined_intersection,synthetic_large_test,-0.2206648090384567,0.9816009876328736,1.0089252102844948,0.027324222651621155,pulls_mean_down,17.0
tabpfn,joint_freq_combined__sel_combined_intersection,jm1,-0.1504172834526966,0.9816009876328736,1.0073286756120912,0.02572768797921754,pulls_mean_down,18.0
tabpfn,joint_freq_combined__sel_combined_intersection,tabred_delivery_eta__gap_maxdiff,-0.09753726713045,0.9816009876328736,1.0061268570593127,0.024525869426439084,pulls_mean_down,20.0
tabpfn,joint_freq_combined__sel_combined_intersection,tabred_delivery_eta__gap_near,-0.073609144439884,0.9816009876328736,1.0055830360890727,0.023982048456199112,pulls_mean_down,21.0
tabpfn,joint_freq_combined__sel_combined_intersection,seismic-bumps,-0.066932059651865,0.9816009876328736,1.0054312841620723,0.023830296529198658,pulls_mean_down,22.0
tabpfn,joint_freq_combined__sel_combined_intersection,synthetic_shift_0.5,-0.0637515172482617,0.9816009876328736,1.005358999107445,0.02375801147457135,pulls_mean_down,23.0
tabpfn,joint_freq_combined__sel_combined_intersection,heloc,-0.0546419489508265,0.9816009876328736,1.0051519634643213,0.023550975831447718,pulls_mean_down,24.0
tabpfn,joint_freq_combined__sel_combined_intersection,tschalzev_mbgm,0.0662781558285185,0.9816009876328736,1.0024037792647909,0.020802791631917228,pulls_mean_down,25.0
tabpfn,joint_freq_combined__sel_combined_intersection,tabred_weather__gap_near,0.1715861788708555,0.9816009876328736,1.0000104151047378,0.018409427471864137,pulls_mean_down,26.0
tabpfn,joint_freq_combined__sel_combined_intersection,E-CommereShippingData,0.2029587768171287,0.9816009876328736,0.9992974015150498,0.017696413882176132,pulls_mean_down,28.0
tabpfn,joint_freq_combined__sel_combined_intersection,synthetic_shift_1.0,0.208362306891806,0.9816009876328736,0.9991745940133526,0.017573606380479,pulls_mean_down,29.0
tabpfn,joint_freq_combined__sel_combined_intersection,healthcare_insurance_expenses,0.2331562907294562,0.9816009876328736,0.9986110943806786,0.01701010674780501,pulls_mean_down,31.0
tabpfn,joint_freq_combined__sel_combined_intersection,qsar-biodeg,0.2960337419059551,0.9816009876328736,0.9971820613993945,0.015581073766520848,pulls_mean_down,32.0
tabpfn,joint_freq_combined__sel_combined_intersection,tabred_weather__gap_maxdiff,0.3172937963844361,0.9816009876328736,0.9966988783430655,0.015097890710191852,pulls_mean_down,33.0
tabpfn,joint_freq_combined__sel_combined_intersection,students_dropout_and_academic_success,0.3499083504032411,0.9816009876328736,0.9959576384790018,0.014356650846128138,pulls_mean_down,34.0
tabpfn,joint_freq_combined__sel_combined_intersection,synthetic_shift_5.0,0.3526383073912681,0.9816009876328736,0.9958955940020011,0.014294606369127494,pulls_mean_down,35.0
tabpfn,joint_freq_combined__sel_combined_intersection,Another-Dataset-on-used-Fiat-500,0.4491799684030523,0.9816009876328736,0.9937014653426424,0.012100477709768742,pulls_mean_down,36.0
tabpfn,joint_freq_combined__sel_combined_intersection,tabred_weather__gap_far,0.4852545282574125,0.9816009876328736,0.9928815889823159,0.01128060134944231,pulls_mean_down,37.0
tabpfn,joint_freq_combined__sel_combined_intersection,synthetic_shift_3.0,0.5177445686217774,0.9816009876328736,0.992143178974035,0.010542191341161411,pulls_mean_down,38.0
tabpfn,joint_freq_combined__sel_combined_intersection,Bank_Customer_Churn,0.5178083936710972,0.9816009876328736,0.9921417284047322,0.010540740771858625,pulls_mean_down,39.0
tabpfn,joint_freq_combined__sel_combined_intersection,bike_sharing,0.5579687759897445,0.9816009876328736,0.9912289924429447,0.009628004810071089,pulls_mean_down,40.0
tabpfn,joint_freq_combined__sel_combined_intersection,churn,0.6163211710232691,0.9816009876328736,0.9899028016467283,0.008301814013854658,pulls_mean_down,42.0
tabpfn,joint_freq_combined__sel_combined_intersection,blood-transfusion-service-center,0.7575922005197279,0.9816009876328736,0.9866920964308996,0.0050911087980259895,pulls_mean_down,43.0
tabpfn,joint_freq_combined__sel_combined_intersection,credit-g,0.9657592148326164,0.9816009876328736,0.9819610279237886,0.0003600402909149647,pulls_mean_down,45.0
tabpfn,joint_freq_combined__sel_combined_intersection,maternal_health_risk,1.0804046591414884,0.9816009876328736,0.9793554496440414,-0.0022455379888322025,pulls_mean_up,44.0
tabpfn,joint_freq_combined__sel_combined_intersection,wine_quality,1.390615595169616,0.9816009876328736,0.9723052010979477,-0.00929578653492591,pulls_mean_up,41.0
tabpfn,joint_freq_combined__sel_combined_intersection,online_shoppers_intention,1.7530993696254,0.9816009876328736,0.9640669334966798,-0.0175340541361938,pulls_mean_up,30.0
tabpfn,joint_freq_combined__sel_combined_intersection,concrete_compressive_strength,1.773020520587553,0.9816009876328736,0.963614180065722,-0.017986807567151653,pulls_mean_up,27.0
tabpfn,joint_freq_combined__sel_combined_intersection,tabred_sberbank__gap_near,2.070523146866986,0.9816009876328736,0.9568527567411892,-0.02474823089168443,pulls_mean_up,19.0
tabpfn,joint_freq_combined__sel_combined_intersection,Marketing_Campaign,2.4182451386485107,0.9816009876328736,0.9489499842007002,-0.03265100343217342,pulls_mean_up,12.0
tabpfn,joint_freq_combined__sel_combined_intersection,tabred_homesite__gap_far,2.874542188397287,0.9816009876328736,0.9385795967064098,-0.04302139092646384,pulls_mean_up,8.0
tabpfn,joint_freq_combined__sel_combined_intersection,tabred_homesite__gap_near,4.132937640092084,0.9816009876328736,0.9099797000769826,-0.07162128755589103,pulls_mean_up,5.0
tabpfn,joint_freq_combined__sel_combined_intersection,tabred_sberbank__gap_far,5.813078969483271,0.9816009876328736,0.8717946698635465,-0.10980631776932714,pulls_mean_up,4.0
tabpfn,joint_freq_combined__sel_combined_intersection,airfoil_self_noise,5.841840419806915,0.9816009876328736,0.8711410005380091,-0.11045998709486449,pulls_mean_up,3.0
tabpfn,joint_freq_combined__sel_combined_intersection,polish_companies_bankruptcy,6.516867072964731,0.9816009876328736,0.8557994856935133,-0.12580150193936035,pulls_mean_up,2.0
tabpfn,joint_freq_combined__sel_combined_intersection,gas_sensor_drift,8.428313066279928,0.9816009876328736,0.8123575312999861,-0.1692434563328875,pulls_mean_up,1.0
tabpfn,joint_freq_separate__sel_combined_union,MIC,-4.189978528395929,1.15767853931593,1.2792161999457445,0.12153766062981464,pulls_mean_down,5.0
tabpfn,joint_freq_separate__sel_combined_union,wine_quality,-2.9146589704445782,1.15767853931593,1.2502316645377596,0.09255312522182968,pulls_mean_down,7.0
tabpfn,joint_freq_separate__sel_combined_union,taiwanese_bankruptcy_prediction,-1.5781779433213696,1.15767853931593,1.2198570957395047,0.06217855642357484,pulls_mean_down,8.0
tabpfn,joint_freq_separate__sel_combined_union,coil2000_insurance_policies,-1.0415590012792109,1.15767853931593,1.207661210693092,0.04998267137716206,pulls_mean_down,11.0
tabpfn,joint_freq_separate__sel_combined_union,diabetes,-0.80795838015239,1.15767853931593,1.2023521056674824,0.04467356635155251,pulls_mean_down,13.0
tabpfn,joint_freq_separate__sel_combined_union,tabred_delivery_eta__gap_far,-0.7668582931007335,1.15767853931593,1.2014180127799448,0.043739473464014855,pulls_mean_down,14.0
tabpfn,joint_freq_separate__sel_combined_union,synthetic_shift_0.0,-0.7120457230316416,1.15767853931593,1.2001722725511017,0.042493733235171804,pulls_mean_down,15.0
tabpfn,joint_freq_separate__sel_combined_union,E-CommereShippingData,-0.4286067293874385,1.15767853931593,1.1937304772410062,0.03605193792507633,pulls_mean_down,16.0
tabpfn,joint_freq_separate__sel_combined_union,tabred_weather__gap_near,-0.41929464502329,1.15767853931593,1.193518838960003,0.035840299644073204,pulls_mean_down,17.0
tabpfn,joint_freq_separate__sel_combined_union,synthetic_shift_0.5,-0.3439054179466238,1.15767853931593,1.1918054474355333,0.034126908119603394,pulls_mean_down,18.0
tabpfn,joint_freq_separate__sel_combined_union,blood-transfusion-service-center,-0.2783132696531085,1.15767853931593,1.1903147167924988,0.032636177476568884,pulls_mean_down,19.0
tabpfn,joint_freq_separate__sel_combined_union,tabred_weather__gap_maxdiff,-0.2560757514117177,1.15767853931593,1.189809318650649,0.032130779334719195,pulls_mean_down,20.0
tabpfn,joint_freq_separate__sel_combined_union,students_dropout_and_academic_success,-0.2528931882289773,1.15767853931593,1.189736987669223,0.03205844835329308,pulls_mean_down,21.0
tabpfn,joint_freq_separate__sel_combined_union,synthetic_large_test,-0.2028362011092063,1.15767853931593,1.1885993288710464,0.030920789555116457,pulls_mean_down,22.0
tabpfn,joint_freq_separate__sel_combined_union,QSAR_fish_toxicity,-0.1745484557946975,1.15767853931593,1.1879564255684438,0.03027788625251393,pulls_mean_down,24.0
tabpfn,joint_freq_separate__sel_combined_union,Is-this-a-good-customer,-0.0998464907494222,1.15767853931593,1.1862586536355968,0.028580114319666894,pulls_mean_down,25.0
tabpfn,joint_freq_separate__sel_combined_union,synthetic_shift_1.0,-0.0863951325905162,1.15767853931593,1.1859529409501672,0.028274401634237334,pulls_mean_down,26.0
tabpfn,joint_freq_separate__sel_combined_union,Fitness_Club,-0.0706886437255594,1.15767853931593,1.1855959752941454,0.0279174359782155,pulls_mean_down,27.0
tabpfn,joint_freq_separate__sel_combined_union,tabred_weather__gap_far,-0.0685477873925355,1.15767853931593,1.1855473194683948,0.027868780152464856,pulls_mean_down,28.0
tabpfn,joint_freq_separate__sel_combined_union,heloc,-0.0630014401297886,1.15767853931593,1.1854212661215142,0.027742726805584317,pulls_mean_down,29.0
tabpfn,joint_freq_separate__sel_combined_union,qsar-biodeg,-0.0316825409396685,1.15767853931593,1.1847094729581025,0.027030933642172572,pulls_mean_down,30.0
tabpfn,joint_freq_separate__sel_combined_union,tabred_delivery_eta__gap_maxdiff,-0.0039389451638852,1.15767853931593,1.184078936690471,0.02640039737454103,pulls_mean_down,31.0
tabpfn,joint_freq_separate__sel_combined_union,seismic-bumps,0.0898682946610949,1.15767853931593,1.181946953967176,0.024268414651246184,pulls_mean_down,32.0
tabpfn,joint_freq_separate__sel_combined_union,Bank_Customer_Churn,0.1181601257176102,1.15767853931593,1.1813039578068005,0.02362541849087063,pulls_mean_down,33.0
tabpfn,joint_freq_separate__sel_combined_union,tschalzev_mbgm,0.1693663291924198,1.15767853931593,1.1801401804551004,0.022461641139170485,pulls_mean_down,34.0
tabpfn,joint_freq_separate__sel_combined_union,synthetic_shift_3.0,0.1838096400292225,1.15767853931593,1.1798119233906277,0.02213338407469778,pulls_mean_down,35.0
tabpfn,joint_freq_separate__sel_combined_union,synthetic_shift_5.0,0.1959743188593581,1.15767853931593,1.1795354534172153,0.02185691410128543,pulls_mean_down,36.0
tabpfn,joint_freq_separate__sel_combined_union,credit-g,0.2523515243081619,1.15767853931593,1.178254153293379,0.020575613977449114,pulls_mean_down,37.0
tabpfn,joint_freq_separate__sel_combined_union,Another-Dataset-on-used-Fiat-500,0.3662401081070663,1.15767853931593,1.1756657763888585,0.017987237072928597,pulls_mean_down,38.0
tabpfn,joint_freq_separate__sel_combined_union,tabred_delivery_eta__gap_near,0.480088085391923,1.15767853931593,1.1730783223596573,0.015399783043727355,pulls_mean_down,39.0
tabpfn,joint_freq_separate__sel_combined_union,jm1,0.5971394366876269,1.15767853931593,1.1704180643756639,0.01273952505973397,pulls_mean_down,40.0
tabpfn,joint_freq_separate__sel_combined_union,bike_sharing,0.6159066996576608,1.15767853931593,1.1699915356717996,0.012312996355869688,pulls_mean_down,42.0
tabpfn,joint_freq_separate__sel_combined_union,Marketing_Campaign,0.63554797373409,1.15767853931593,1.1695451430791532,0.011866603763223349,pulls_mean_down,43.0
tabpfn,joint_freq_separate__sel_combined_union,tabred_sberbank__gap_near,1.4232688316424422,1.15767853931593,1.151642396308509,-0.0060361430074209466,pulls_mean_up,45.0
tabpfn,joint_freq_separate__sel_combined_union,gas_sensor_drift,1.546367657576054,1.15767853931593,1.1488446957191087,-0.008833843596821156,pulls_mean_up,44.0
tabpfn,joint_freq_separate__sel_combined_union,concrete_compressive_strength,1.7153200938971154,1.15767853931593,1.1450048676209028,-0.012673671695027089,pulls_mean_up,41.0
tabpfn,joint_freq_separate__sel_combined_union,tabred_sberbank__gap_far,2.5031400494241662,1.15767853931593,1.1270998686316516,-0.03057867068427833,pulls_mean_up,23.0
tabpfn,joint_freq_separate__sel_combined_union,maternal_health_risk,3.2342699443561167,1.15767853931593,1.1104832801104711,-0.04719525920545875,pulls_mean_up,12.0
tabpfn,joint_freq_separate__sel_combined_union,churn,3.370080069569564,1.15767853931593,1.1073966863556197,-0.05028185296031018,pulls_mean_up,10.0
tabpfn,joint_freq_separate__sel_combined_union,tabred_homesite__gap_near,3.8476344406015337,1.15767853931593,1.096543177923075,-0.061135361392854914,pulls_mean_up,9.0
tabpfn,joint_freq_separate__sel_combined_union,online_shoppers_intention,5.272550237359164,1.15767853931593,1.0641587279967655,-0.09351981131916443,pulls_mean_up,6.0
tabpfn,joint_freq_separate__sel_combined_union,healthcare_insurance_expenses,6.826363490699218,1.15767853931593,1.028844790420855,-0.12883374889507482,pulls_mean_up,4.0
tabpfn,joint_freq_separate__sel_combined_union,tabred_homesite__gap_far,7.113636891895077,1.15767853931593,1.0223158494845854,-0.13536268983134447,pulls_mean_up,3.0
tabpfn,joint_freq_separate__sel_combined_union,polish_companies_bankruptcy,8.398180072022424,1.15767853931593,0.9931216862998732,-0.16455685301605671,pulls_mean_up,2.0
tabpfn,joint_freq_separate__sel_combined_union,airfoil_self_noise,17.932081432800015,1.15767853931593,0.776442109918564,-0.3812364293973659,pulls_mean_up,1.0
tabpfn,target_enc_ratio__sel_combined_intersection,MIC,-7.27598616709779,0.9234092150732732,1.1097591101226156,0.1863498950493424,pulls_mean_down,1.0
tabpfn,target_enc_ratio__sel_combined_intersection,taiwanese_bankruptcy_prediction,-1.4457740079734345,0.9234092150732732,0.9772542883243347,0.05384507325106147,pulls_mean_down,9.0
tabpfn,target_enc_ratio__sel_combined_intersection,churn,-0.8898835267615299,0.9234092150732732,0.9646204137513369,0.041211198678063665,pulls_mean_down,10.0
tabpfn,target_enc_ratio__sel_combined_intersection,diabetes,-0.8074278471983178,0.9234092150732732,0.9627464210339912,0.03933720596071799,pulls_mean_down,11.0
tabpfn,target_enc_ratio__sel_combined_intersection,tabred_delivery_eta__gap_far,-0.4186317611349234,0.9234092150732732,0.9539101463507321,0.030500931277458898,pulls_mean_down,12.0
tabpfn,target_enc_ratio__sel_combined_intersection,coil2000_insurance_policies,-0.3991461261994699,0.9234092150732732,0.95346729101129,0.030058075938016793,pulls_mean_down,13.0
tabpfn,target_enc_ratio__sel_combined_intersection,QSAR_fish_toxicity,-0.288781449201989,0.9234092150732732,0.9509590028977111,0.027549787824437844,pulls_mean_down,14.0
tabpfn,target_enc_ratio__sel_combined_intersection,Fitness_Club,-0.2237124062066948,0.9234092150732732,0.9494801610114542,0.026070945938180934,pulls_mean_down,15.0
tabpfn,target_enc_ratio__sel_combined_intersection,synthetic_large_test,-0.2206648090384567,0.9234092150732732,0.9494108974394488,0.026001682366175616,pulls_mean_down,16.0
tabpfn,target_enc_ratio__sel_combined_intersection,synthetic_shift_0.0,-0.1754951063945883,0.9234092150732732,0.948384313288452,0.024975098215178737,pulls_mean_down,17.0
tabpfn,target_enc_ratio__sel_combined_intersection,jm1,-0.1504172834526966,0.9234092150732732,0.9478143627670452,0.024405147693772,pulls_mean_down,18.0
tabpfn,target_enc_ratio__sel_combined_intersection,tabred_delivery_eta__gap_maxdiff,-0.09753726713045,0.9234092150732732,0.9466125442142669,0.023203329140993656,pulls_mean_down,19.0
tabpfn,target_enc_ratio__sel_combined_intersection,tabred_delivery_eta__gap_near,-0.073609144439884,0.9234092150732732,0.9460687232440268,0.022659508170753573,pulls_mean_down,20.0
tabpfn,target_enc_ratio__sel_combined_intersection,seismic-bumps,-0.066932059651865,0.9234092150732732,0.9459169713170262,0.022507756243753008,pulls_mean_down,21.0
tabpfn,target_enc_ratio__sel_combined_intersection,heloc,-0.0546419489508265,0.9234092150732732,0.9456376506192755,0.02222843554600229,pulls_mean_down,22.0
tabpfn,target_enc_ratio__sel_combined_intersection,synthetic_shift_0.5,-0.0006299557040075,0.9234092150732732,0.9444101053182113,0.02100089024493812,pulls_mean_down,24.0
tabpfn,target_enc_ratio__sel_combined_intersection,E-CommereShippingData,0.0997063636467496,0.9234092150732732,0.9421297344238759,0.018720519350602705,pulls_mean_down,27.0
tabpfn,target_enc_ratio__sel_combined_intersection,tabred_weather__gap_near,0.1715861788708555,0.9234092150732732,0.9404961022596918,0.017086887186418598,pulls_mean_down,28.0
tabpfn,target_enc_ratio__sel_combined_intersection,healthcare_insurance_expenses,0.2331562907294562,0.9234092150732732,0.9390967815356327,0.01568756646235947,pulls_mean_down,29.0
tabpfn,target_enc_ratio__sel_combined_intersection,synthetic_shift_1.0,0.2345446486005794,0.9234092150732732,0.9390652279476526,0.015656012874379344,pulls_mean_down,30.0
tabpfn,target_enc_ratio__sel_combined_intersection,tschalzev_mbgm,0.2641977408063022,0.9234092150732732,0.9383912940338862,0.014982078960612988,pulls_mean_down,31.0
tabpfn,target_enc_ratio__sel_combined_intersection,qsar-biodeg,0.2960337419059551,0.9234092150732732,0.9376677485543485,0.014258533481075308,pulls_mean_down,32.0
tabpfn,target_enc_ratio__sel_combined_intersection,tabred_weather__gap_maxdiff,0.3178502877224521,0.9234092150732732,0.9371719179676101,0.013762702894336898,pulls_mean_down,33.0
tabpfn,target_enc_ratio__sel_combined_intersection,Another-Dataset-on-used-Fiat-500,0.4491799684030523,0.9234092150732732,0.9341871524975963,0.010777937424323092,pulls_mean_down,34.0
tabpfn,target_enc_ratio__sel_combined_intersection,tabred_weather__gap_far,0.4741953615795358,0.9234092150732732,0.9336186208344945,0.010209405761221313,pulls_mean_down,36.0
tabpfn,target_enc_ratio__sel_combined_intersection,Bank_Customer_Churn,0.5178083936710972,0.9234092150732732,0.9326274155596862,0.009218200486412975,pulls_mean_down,37.0
tabpfn,target_enc_ratio__sel_combined_intersection,bike_sharing,0.5579687759897445,0.9234092150732732,0.9317146795978988,0.00830546452462555,pulls_mean_down,38.0
tabpfn,target_enc_ratio__sel_combined_intersection,synthetic_shift_5.0,0.69391953118511,0.9234092150732732,0.9286248897070949,0.005215674633821665,pulls_mean_down,39.0
tabpfn,target_enc_ratio__sel_combined_intersection,students_dropout_and_academic_success,0.7358484832685434,0.9234092150732732,0.9276719589779262,0.004262743904652977,pulls_mean_down,40.0
tabpfn,target_enc_ratio__sel_combined_intersection,blood-transfusion-service-center,0.7575922005197279,0.9234092150732732,0.9271777835858539,0.0037685685125806723,pulls_mean_down,41.0
tabpfn,target_enc_ratio__sel_combined_intersection,synthetic_shift_3.0,0.8324324570256261,0.9234092150732732,0.925476868665265,0.0020676535919917916,pulls_mean_down,44.0
tabpfn,target_enc_ratio__sel_combined_intersection,online_shoppers_intention,0.8800311761937474,0.9234092150732732,0.9243950795932624,0.0009858645199891658,pulls_mean_down,45.0
tabpfn,target_enc_ratio__sel_combined_intersection,tabred_homesite__gap_near,1.028729622662754,0.9234092150732732,0.9210155694462396,-0.0023936456270335915,pulls_mean_up,43.0
tabpfn,target_enc_ratio__sel_combined_intersection,maternal_health_risk,1.0804046591414884,0.9234092150732732,0.9198411367989956,-0.0035680782742776307,pulls_mean_up,42.0
tabpfn,target_enc_ratio__sel_combined_intersection,wine_quality,1.390615595169616,0.9234092150732732,0.9127908882529018,-0.010618326820371449,pulls_mean_up,35.0
tabpfn,target_enc_ratio__sel_combined_intersection,concrete_compressive_strength,1.773020520587553,0.9234092150732732,0.904099867220676,-0.019309347852597192,pulls_mean_up,26.0
tabpfn,target_enc_ratio__sel_combined_intersection,Marketing_Campaign,1.8140738976323565,0.9234092150732732,0.9031668359242032,-0.02024237914907001,pulls_mean_up,25.0
tabpfn,target_enc_ratio__sel_combined_intersection,tabred_sberbank__gap_near,1.9008471248113945,0.9234092150732732,0.9011947171246796,-0.022214497948593648,pulls_mean_up,23.0
tabpfn,target_enc_ratio__sel_combined_intersection,Is-this-a-good-customer,3.4131435929895613,0.9234092150732732,0.866824342847903,-0.05658487222537023,pulls_mean_up,8.0
tabpfn,target_enc_ratio__sel_combined_intersection,credit-g,3.5698625839275526,0.9234092150732732,0.8632625475993123,-0.06014666747396091,pulls_mean_up,7.0
tabpfn,target_enc_ratio__sel_combined_intersection,tabred_homesite__gap_far,5.047134257091767,0.9234092150732732,0.8296881913910347,-0.09372102368223856,pulls_mean_up,6.0
tabpfn,target_enc_ratio__sel_combined_intersection,tabred_sberbank__gap_far,5.114620024328668,0.9234092150732732,0.8281544239538324,-0.0952547911194408,pulls_mean_up,5.0
tabpfn,target_enc_ratio__sel_combined_intersection,airfoil_self_noise,5.549001927128317,0.9234092150732732,0.8182821079811131,-0.10512710709216011,pulls_mean_up,4.0
tabpfn,target_enc_ratio__sel_combined_intersection,polish_companies_bankruptcy,6.516867072964731,0.9234092150732732,0.7962851728484673,-0.1271240422248059,pulls_mean_up,3.0
tabpfn,target_enc_ratio__sel_combined_intersection,gas_sensor_drift,8.428313066279928,0.9234092150732732,0.7528432184549402,-0.17056599661833305,pulls_mean_up,2.0
