model,dataset,source_id,conceptual_family,available_configurations,finite_relative_configurations,selector_wrappers,median_effect_pct,mean_effect_pct,q1_effect_pct,q3_effect_pct,positive_configurations,zero_configurations,negative_configurations,best_configuration,best_effect_pct,worst_effect_pct
bag8,APSFailure,source::APSFailure,M14_groupby_aggregation,9,0,2,,,,,0,0,0,,,
bag8,APSFailure,source::APSFailure,M14b_groupby_shift_features,6,0,2,,,,,0,0,0,,,
bag8,APSFailure,source::APSFailure,M16_nearest_test_distance,7,0,0,,,,,0,0,0,,,
bag8,APSFailure,source::APSFailure,M17_test_directed_augmentation,12,0,0,,,,,0,0,0,,,
bag8,APSFailure,source::APSFailure,M18_leaf_density,8,0,0,,,,,0,0,0,,,
bag8,APSFailure,source::APSFailure,M19_neighborhood_consensus,6,0,0,,,,,0,0,0,,,
bag8,APSFailure,source::APSFailure,M1_frequency_encoding,6,0,4,,,,,0,0,0,,,
bag8,APSFailure,source::APSFailure,M20_cluster_membership,8,0,0,,,,,0,0,0,,,
bag8,APSFailure,source::APSFailure,M2_frequency_ratio,7,0,2,,,,,0,0,0,,,
bag8,APSFailure,source::APSFailure,M3_joint_pca,4,0,0,,,,,0,0,0,,,
bag8,APSFailure,source::APSFailure,M3b_joint_tsne,3,0,0,,,,,0,0,0,,,
bag8,APSFailure,source::APSFailure,M4_target_encoding,12,0,2,,,,,0,0,0,,,
bag8,APSFailure,source::APSFailure,M5_joint_scaling,1,0,0,,,,,0,0,0,,,
bag8,APSFailure,source::APSFailure,M6_adversarial_validation,16,0,0,,,,,0,0,0,,,
bag8,APSFailure,source::APSFailure,M7_pseudo_labeling,9,0,0,,,,,0,0,0,,,
bag8,APSFailure,source::APSFailure,M8_label_propagation,11,0,0,,,,,0,0,0,,,
bag8,APSFailure,source::APSFailure,M9_optimal_transport,9,0,0,,,,,0,0,0,,,
bag8,Amazon_employee_access,source::Amazon_employee_access,M14_groupby_aggregation,9,9,2,0.0,0.0,0.0,0.0,0,9,0,joint_groupby_combined,0.0,0.0
bag8,Amazon_employee_access,source::Amazon_employee_access,M14b_groupby_shift_features,6,6,2,0.0,0.0,0.0,0.0,0,6,0,groupby_shift_cohen_d,0.0,0.0
bag8,Amazon_employee_access,source::Amazon_employee_access,M16_nearest_test_distance,7,7,0,-3.2495504085456792,-3.4095136540801945,-3.3907567082588743,-2.868855620525882,0,0,7,nearest_test_k5_both,-2.285653157433398,-5.812167355012773
bag8,Amazon_employee_access,source::Amazon_employee_access,M17_test_directed_augmentation,12,12,0,2.838855525946024,3.090387706055966,2.766885556944976,2.838855525946024,12,0,0,tdda_k5_lam07_aug2,6.221670467987414,2.762306621228124
bag8,Amazon_employee_access,source::Amazon_employee_access,M18_leaf_density,8,8,0,-1.2436345054741196,-1.3213726469043041,-1.682091006284704,-0.9748560027608852,0,0,8,leaf_density_conf_shallow,-0.3201834300670006,-2.224406777257702
bag8,Amazon_employee_access,source::Amazon_employee_access,M19_neighborhood_consensus,6,6,0,-3.1598885261548197,-2.900075238175642,-3.4177486918940723,-2.8812431032704646,0,0,6,neighbor_consensus_k10_uniform,-0.8374099932106903,-3.9512010074173545
bag8,Amazon_employee_access,source::Amazon_employee_access,M1_frequency_encoding,6,6,4,6.495929748432011,6.539350874657312,5.928403185800409,7.2417555837980485,6,0,0,joint_freq_separate,7.565746215648774,5.448907674921139
bag8,Amazon_employee_access,source::Amazon_employee_access,M20_cluster_membership,8,8,0,-0.020039236085868606,-0.11393790964941403,-0.3750860562376094,0.18165030089360662,4,0,4,cluster_membership_k10_both_cumshift,0.3977961109412686,-0.7182744185390519
bag8,Amazon_employee_access,source::Amazon_employee_access,M2_frequency_ratio,7,7,2,3.9584679973637327,2.4214019600011203,0.0,4.223248074924735,4,3,0,freq_ratio_log__sel_combined_intersection,4.54484957279464,0.0
bag8,Amazon_employee_access,source::Amazon_employee_access,M3_joint_pca,4,4,0,0.0,0.0,0.0,0.0,0,4,0,joint_pca_10,0.0,0.0
bag8,Amazon_employee_access,source::Amazon_employee_access,M3b_joint_tsne,3,3,0,1.1513955356118082,1.0651893657572922,0.8152559637741632,1.3582258526676791,3,0,0,joint_tsne_3d_p30,1.56505616972355,0.4791163919365183
bag8,Amazon_employee_access,source::Amazon_employee_access,M4_target_encoding,12,12,2,-13.49900286903086,-10.310794190460605,-15.890785653205965,-0.19509691198546214,3,0,9,target_enc_oof_diff,1.4038357389702782,-29.16184443013336
bag8,Amazon_employee_access,source::Amazon_employee_access,M5_joint_scaling,1,1,0,0.0,0.0,0.0,0.0,0,1,0,joint_scaling,0.0,0.0
bag8,Amazon_employee_access,source::Amazon_employee_access,M6_adversarial_validation,16,16,0,-0.4267836750558631,-0.628177042746917,-1.5650987114226798,0.3335753447448563,6,0,10,adversarial_reweight_lgbm_raw_hard,0.7840326583485415,-2.330545326709514
bag8,Amazon_employee_access,source::Amazon_employee_access,M7_pseudo_labeling,9,9,0,1.4570434514432835,1.423847042547758,1.1751926548716725,1.6649940153203102,9,0,0,pseudo_label_lgbm_conf80_iter5,2.0231207423542994,0.6815544727654825
bag8,Amazon_employee_access,source::Amazon_employee_access,M8_label_propagation,11,11,0,-0.6312286909354514,-0.572811813517654,-0.9955000696765643,-0.0870098381062452,1,0,10,label_prop_v3_t005_k10,0.0075854677380118,-1.2861194547367445
bag8,Amazon_employee_access,source::Amazon_employee_access,M9_optimal_transport,9,9,0,-0.8160891590251662,-1.1820749897105902,-0.8160891590251662,0.0,0,3,6,ot_disp_v2_selective_abs,0.0,-3.700086157622095
bag8,Another-Dataset-on-used-Fiat-500,source::Another-Dataset-on-used-Fiat-500,M14_groupby_aggregation,9,9,2,-0.0148113363328209,-0.03990194149990703,-0.0763251237603096,0.0,0,4,5,joint_groupby_combined,0.0,-0.0958279448228616
bag8,Another-Dataset-on-used-Fiat-500,source::Another-Dataset-on-used-Fiat-500,M14b_groupby_shift_features,6,6,2,0.084235209264743,0.053688250121025176,0.02105880231618575,0.084235209264743,4,1,1,groupby_shift_cohen_d,0.084235209264743,-0.0148113363328209
bag8,Another-Dataset-on-used-Fiat-500,source::Another-Dataset-on-used-Fiat-500,M16_nearest_test_distance,7,7,0,-1.1372103675416172,-1.098059043025847,-1.387372750665405,-0.7770682961423305,0,0,7,nearest_test_k10_filter_both,-0.432504012403522,-1.7878168276203186
bag8,Another-Dataset-on-used-Fiat-500,source::Another-Dataset-on-used-Fiat-500,M17_test_directed_augmentation,12,12,0,-7.964330938258213,-7.837496181281672,-8.217232479769494,-7.284068731764234,0,0,12,tdda_v2_k5_lam07_nopfl_dw,-7.254640886254474,-8.457578210404968
bag8,Another-Dataset-on-used-Fiat-500,source::Another-Dataset-on-used-Fiat-500,M18_leaf_density,8,8,0,-0.7305488338026849,-0.6223269682007622,-0.8894825269517322,-0.20286598186756327,1,0,7,leaf_density_embed_k5,0.0292461161525387,-1.4617283920128217
bag8,Another-Dataset-on-used-Fiat-500,source::Another-Dataset-on-used-Fiat-500,M19_neighborhood_consensus,6,6,0,-3.066023251504551,-3.10925661656241,-3.3727107833327237,-2.8788775906001414,0,0,6,neighbor_consensus_k10_dist_cumshift,-2.754505818406243,-3.477551713718328
bag8,Another-Dataset-on-used-Fiat-500,source::Another-Dataset-on-used-Fiat-500,M1_frequency_encoding,6,6,4,0.0,-0.0049371121109403,-0.011108502249615675,0.0,0,4,2,joint_freq_combined,0.0,-0.0148113363328209
bag8,Another-Dataset-on-used-Fiat-500,source::Another-Dataset-on-used-Fiat-500,M20_cluster_membership,8,8,0,-0.03506726607309325,-0.022429319317184657,-0.08484810112371197,0.06642424258175718,3,0,5,cluster_membership_k10_both,0.3453600565814178,-0.4011387918468983
bag8,Another-Dataset-on-used-Fiat-500,source::Another-Dataset-on-used-Fiat-500,M2_frequency_ratio,7,7,2,0.0,0.02190645363493624,0.0,0.04203912794434365,2,4,1,freq_ratio_log,0.0840782558886873,-0.0148113363328209
bag8,Another-Dataset-on-used-Fiat-500,source::Another-Dataset-on-used-Fiat-500,M3_joint_pca,4,4,0,0.10519779499525697,0.08138326573820001,-0.07196980440861594,0.2585508651420729,2,0,2,joint_pca_5,0.2585508651420729,-0.1434133921797868
bag8,Another-Dataset-on-used-Fiat-500,source::Another-Dataset-on-used-Fiat-500,M3b_joint_tsne,3,3,0,-0.283412948692995,-0.37780112371277436,-0.4477299115785496,-0.2606782483371095,0,0,3,joint_tsne_2d_p50,-0.237943547981224,-0.6120468744641041
bag8,Another-Dataset-on-used-Fiat-500,source::Another-Dataset-on-used-Fiat-500,M4_target_encoding,12,12,2,0.0,0.08142676846888867,0.0,0.1585392864784974,5,6,1,target_enc_oof_inv_ratio,0.3259961548043581,-0.0148113363328209
bag8,Another-Dataset-on-used-Fiat-500,source::Another-Dataset-on-used-Fiat-500,M5_joint_scaling,1,1,0,0.2405787725740545,0.2405787725740545,0.2405787725740545,0.2405787725740545,1,0,0,joint_scaling,0.2405787725740545,0.2405787725740545
bag8,Another-Dataset-on-used-Fiat-500,source::Another-Dataset-on-used-Fiat-500,M6_adversarial_validation,16,16,0,-0.6518362550195897,-0.5970673661881718,-0.9445069254529419,-0.14648099674522577,2,0,14,adversarial_lgbm_cal_platt_feature,0.1687877927518008,-1.4230938284799353
bag8,Another-Dataset-on-used-Fiat-500,source::Another-Dataset-on-used-Fiat-500,M8_label_propagation,11,11,0,-0.5132784204685482,-0.3965085374628554,-0.7227220334392404,-0.01557782427854925,3,0,8,label_prop_v3_t01_k15,0.4005177609530431,-1.2541192895653437
bag8,Another-Dataset-on-used-Fiat-500,source::Another-Dataset-on-used-Fiat-500,M9_optimal_transport,9,9,0,-2.1494914843006576,-2.2278004859108176,-3.547494639295937,-0.7297913730082695,0,0,9,ot_disp_v2_summary_only,-0.1161273454270124,-3.715729388021009
bag8,Bank_Customer_Churn,source::Bank_Customer_Churn,M14_groupby_aggregation,9,9,2,0.0869413671338599,0.28010498638097775,-0.1101832586089587,0.5609389585177583,6,0,3,targeted_groupby_top3,0.9110365778688512,-0.1101832586089587
bag8,Bank_Customer_Churn,source::Bank_Customer_Churn,M14b_groupby_shift_features,6,6,2,-0.0515810165318925,-0.06845398010256853,-0.05661544745506598,-0.0515810165318925,0,0,6,groupby_shift_cohen_d,-0.0515810165318925,-0.1461062233917174
bag8,Bank_Customer_Churn,source::Bank_Customer_Churn,M16_nearest_test_distance,7,7,0,-0.7574448800478013,-0.8889376988566822,-0.9100498087896726,-0.5252680353318809,1,0,6,nearest_test_k5_both,0.0486037784142305,-2.643087102120097
bag8,Bank_Customer_Churn,source::Bank_Customer_Churn,M17_test_directed_augmentation,12,12,0,-16.10823560340346,-15.030811319611855,-19.291567285733603,-11.636467147778994,0,0,12,tdda_v2_k5_lam07_nopfl_dw,-6.927656465639346,-19.41761721984918
bag8,Bank_Customer_Churn,source::Bank_Customer_Churn,M18_leaf_density,8,8,0,-0.9505589386737316,-0.729600308073012,-1.0600387737510109,-0.2405821177651009,1,0,7,leaf_density_conf_deep,0.3308038428972336,-1.6352347666824014
bag8,Bank_Customer_Churn,source::Bank_Customer_Churn,M19_neighborhood_consensus,6,6,0,-4.959800305318552,-5.153312745992621,-5.070501345034278,-4.473479201596469,0,0,6,neighbor_consensus_k20_dist,-3.663097107771629,-7.91840489891836
bag8,Bank_Customer_Churn,source::Bank_Customer_Churn,M1_frequency_encoding,6,6,4,0.0,-0.0146399397678451,-0.012204957226801351,0.0,0,4,2,joint_freq_combined__sel_combined_intersection,0.0,-0.0715663623046688
bag8,Bank_Customer_Churn,source::Bank_Customer_Churn,M20_cluster_membership,8,8,0,0.1364553621207997,0.012868212115885971,-0.006978567258224766,0.1729292816286666,6,0,2,cluster_membership_k10_feature_cumshift,0.4021989747990456,-0.755270248738074
bag8,Bank_Customer_Churn,source::Bank_Customer_Churn,M2_frequency_ratio,7,7,2,0.0,-0.010283276380250799,-0.0179957336654389,0.0,0,5,2,freq_ratio_log__sel_combined_intersection,0.0,-0.0359914673308778
bag8,Bank_Customer_Churn,source::Bank_Customer_Churn,M3_joint_pca,4,4,0,-0.1685220333418767,-0.2978363553771553,-0.2978363553771553,-0.1685220333418767,0,0,4,joint_pca_10,-0.1685220333418767,-0.6857793214829911
bag8,Bank_Customer_Churn,source::Bank_Customer_Churn,M3b_joint_tsne,3,3,0,-0.6289444347620754,-0.5472319916025165,-0.9062291947205376,-0.22909101006427476,1,0,2,joint_tsne_3d_p30,0.1707624146335259,-1.183513954679
bag8,Bank_Customer_Churn,source::Bank_Customer_Churn,M4_target_encoding,12,12,2,0.0009652159651517,0.3273254775650039,0.0009652159651517,0.7846159301908576,10,2,0,target_enc_oof_absolute,0.7846159301908576,0.0
bag8,Bank_Customer_Churn,source::Bank_Customer_Churn,M5_joint_scaling,1,1,0,0.1677566640829253,0.1677566640829253,0.1677566640829253,0.1677566640829253,1,0,0,joint_scaling,0.1677566640829253,0.1677566640829253
bag8,Bank_Customer_Churn,source::Bank_Customer_Churn,M6_adversarial_validation,16,16,0,0.26661612428526327,0.2538794299856823,0.02974844553464015,0.4588894556556059,12,0,4,adversarial_reweight_lgbm_ratio_hard_tempered,0.5859912077068213,-0.1002004274457013
bag8,Bank_Customer_Churn,source::Bank_Customer_Churn,M7_pseudo_labeling,9,9,0,0.7037334810091447,0.6550093369642689,0.5513797109655469,0.7451069427037663,9,0,0,pseudo_label_lgbm_conf90_iter3,0.8652812901750908,0.3871313225706002
bag8,Bank_Customer_Churn,source::Bank_Customer_Churn,M8_label_propagation,11,11,0,-2.731616440378444,-2.9278440387323057,-4.099767665843514,-1.930372061935702,0,0,11,label_prop_k10_a05,-0.8200596368123092,-4.722511035970813
bag8,Bank_Customer_Churn,source::Bank_Customer_Churn,M9_optimal_transport,9,9,0,-1.826285672936962,-1.506417444454807,-2.129256707185461,-1.0293657190973078,1,0,8,ot_disp_v2_summary_only,0.1719792047785712,-2.1673434488181145
bag8,Bioresponse,source::Bioresponse,M14_groupby_aggregation,7,7,2,-0.4127689864044443,-2.4452675382807274,-4.425003274831055,-0.34575366796643775,0,0,7,targeted_groupby_top3,-0.2787383495284312,-6.88385154643723
bag8,Bioresponse,source::Bioresponse,M14b_groupby_shift_features,6,6,2,-9.717775172728985,-9.33864722792798,-9.772818652074331,-9.600142373001656,0,0,6,groupby_shift_ratio_log,-7.371315568736454,-9.872919535091466
bag8,Bioresponse,source::Bioresponse,M16_nearest_test_distance,7,7,0,-2.012364974682669,-2.9204591087766127,-5.06985546376327,-1.336024266604549,0,0,7,nearest_test_rel_k5_both,-0.0209572386952239,-5.598132087322758
bag8,Bioresponse,source::Bioresponse,M17_test_directed_augmentation,12,12,0,-0.2562788975942604,-0.2962619722387835,-0.3734684679715061,0.028893097577502927,4,0,8,tdda_v2_k5_lam07_nopfl_dw,0.2779037533087235,-1.2968552030719522
bag8,Bioresponse,source::Bioresponse,M18_leaf_density,8,8,0,-0.6039958452457199,-0.717004340379988,-1.093342632206183,-0.3421664630939063,1,0,7,leaf_density_conf_cumshift,0.0893401677491265,-1.5785536111755147
bag8,Bioresponse,source::Bioresponse,M19_neighborhood_consensus,6,6,0,-10.341833703825255,-11.000169837133006,-12.089587009174075,-10.139811954439667,0,0,6,neighbor_consensus_k20_dist,-9.561411292614435,-13.011297506931603
bag8,Bioresponse,source::Bioresponse,M1_frequency_encoding,6,6,4,0.0,0.0,0.0,0.0,0,6,0,joint_freq_combined,0.0,0.0
bag8,Bioresponse,source::Bioresponse,M20_cluster_membership,8,8,0,-0.2972895288631773,-0.3949949948209241,-0.592068673838545,-0.2199640691937509,1,0,7,cluster_membership_k5_feature,0.0071612192874791,-0.9116788550491116
bag8,Bioresponse,source::Bioresponse,M2_frequency_ratio,7,7,2,0.0,0.0,0.0,0.0,0,7,0,freq_ratio_log,0.0,0.0
bag8,Bioresponse,source::Bioresponse,M3_joint_pca,4,4,0,-4.957192768463565,-5.535765805585607,-9.379698051241807,-1.1132605228073655,0,0,4,joint_pca_5,-0.7200370963630321,-11.508640589052265
bag8,Bioresponse,source::Bioresponse,M3b_joint_tsne,3,3,0,-0.7526954699891536,-0.706373381241031,-0.8389448737205056,-0.5969629331356177,0,0,3,joint_tsne_2d_p30,-0.4412303962820818,-0.9251942774518576
bag8,Bioresponse,source::Bioresponse,M4_target_encoding,12,12,2,0.0,0.0,0.0,0.0,0,12,0,target_enc_absolute,0.0,0.0
bag8,Bioresponse,source::Bioresponse,M5_joint_scaling,1,1,0,-0.4049326555196799,-0.4049326555196799,-0.4049326555196799,-0.4049326555196799,0,0,1,joint_scaling,-0.4049326555196799,-0.4049326555196799
bag8,Bioresponse,source::Bioresponse,M6_adversarial_validation,16,16,0,-0.6526203683207404,-0.6658017948495214,-1.1216382620157077,-0.2212849136420621,3,0,13,adversarial_reweight_lgbm_ratio_winsorize_tempered,0.7860745222476397,-1.945359848870944
bag8,Bioresponse,source::Bioresponse,M7_pseudo_labeling,9,9,0,-1.1651622750037869,-1.2311462728736933,-1.9155733975812308,-1.003896940797175,0,1,8,pseudo_label_v2_cal_platt_wprop_conf90,0.0,-2.0360562354770355
bag8,Bioresponse,source::Bioresponse,M8_label_propagation,11,11,0,-5.5439540818589865,-5.225941526680115,-6.992321474952126,-3.630122424233421,0,0,11,label_prop_k10_a05,-0.656059780112643,-9.260556143263637
bag8,Bioresponse,source::Bioresponse,M9_optimal_transport,9,9,0,-1.6485301873213134,-5.839274102210156,-1.782833027274753,-1.3401444858730855,0,0,9,ot_disp_v2_summary_only,-0.7473989017384692,-21.45348289233637
bag8,Diabetes130US,source::diabetes_130_us,M14_groupby_aggregation,9,9,2,1.0232555035012263,0.6084663089155178,-0.0001488445214594,1.1266982812094075,6,0,3,joint_groupby_combined,1.1765733548266477,-0.1421417532996323
bag8,Diabetes130US,source::diabetes_130_us,M14b_groupby_shift_features,6,6,2,0.7856159298313856,0.7505252218436701,0.7432460393325769,0.8651082174553388,6,0,0,groupby_shift_cohen_d_min10,0.8948540316771312,0.4163370505591539
bag8,Diabetes130US,source::diabetes_130_us,M16_nearest_test_distance,7,7,0,-0.3491472651787651,-0.3540462813025495,-0.37713370613321734,-0.30791505107490047,0,0,7,nearest_test_k5_both,-0.2537857049374688,-0.505293484585377
bag8,Diabetes130US,source::diabetes_130_us,M17_test_directed_augmentation,12,12,0,-12.12599955028129,-11.051609141431575,-12.666443454864115,-8.549756353412509,0,0,12,tdda_v2_k5_lam07_nopfl_dw,-7.784254169973447,-12.94283822363933
bag8,Diabetes130US,source::diabetes_130_us,M18_leaf_density,8,8,0,-0.0468988747286253,-0.04671254189996482,-0.1341156343857608,0.03433165658745513,3,0,5,leaf_density_conf_deep,0.0942546797684924,-0.1861272214968811
bag8,Diabetes130US,source::diabetes_130_us,M19_neighborhood_consensus,6,6,0,1.708791753248684,1.7352392401912073,1.6784670908394768,1.7435985590950385,6,0,0,neighbor_consensus_k20_dist,1.9984251559836528,1.5718670809193265
bag8,Diabetes130US,source::diabetes_130_us,M1_frequency_encoding,6,6,4,0.4715513803857273,0.5041189709249051,0.4102651804093384,0.5660398854801544,6,0,0,joint_freq_combined,0.7345637573383111,0.3596748065108262
bag8,Diabetes130US,source::diabetes_130_us,M20_cluster_membership,8,8,0,-0.08431850143770855,-0.08286097745161342,-0.1174000556549154,-0.04655100127560527,0,0,8,cluster_membership_k15_both,-0.0205337957343257,-0.1420350636892624
bag8,Diabetes130US,source::diabetes_130_us,M2_frequency_ratio,7,7,2,0.2431367096380315,0.22274479576135844,0.0233144488869463,0.3650887223418712,7,0,0,freq_ratio_v2_ratio_ungated,0.5159560693468963,0.0233144488869463
bag8,Diabetes130US,source::diabetes_130_us,M3_joint_pca,4,4,0,0.0213578549619338,0.014435025517053874,0.0110363526359891,0.024756527842998574,3,0,1,joint_pca_var90,0.0349525464861929,-0.019928154341845
bag8,Diabetes130US,source::diabetes_130_us,M3b_joint_tsne,3,3,0,0.1328535820581267,0.08189140995215287,0.040887496031026704,0.14837640992626594,2,0,1,joint_tsne_3d_p30,0.1638992377944052,-0.0510785899960733
bag8,Diabetes130US,source::diabetes_130_us,M4_target_encoding,12,12,2,-2.214274850219567,-1.4319448568608129,-2.265669969221412,-0.09500278800653313,3,0,9,target_enc_oof_ratio,0.2538203846634824,-3.6571291017573833
bag8,Diabetes130US,source::diabetes_130_us,M5_joint_scaling,1,1,0,0.0,0.0,0.0,0.0,0,1,0,joint_scaling,0.0,0.0
bag8,Diabetes130US,source::diabetes_130_us,M6_adversarial_validation,16,16,0,-0.14309140863317,-0.12651919597192834,-0.16824447366435688,-0.09204368140308675,1,0,15,adversarial_lgbm_feature,6.89287164171685e-05,-0.2145550359466758
bag8,Diabetes130US,source::diabetes_130_us,M7_pseudo_labeling,9,9,0,0.3510101308248481,0.2545621309290707,0.1483235058166217,0.6357120350995362,7,0,2,pseudo_label_lgbm_conf95_iter3,0.9159028280165176,-0.968453636912834
bag8,Diabetes130US,source::diabetes_130_us,M8_label_propagation,11,11,0,0.0314664068909779,0.04602370790289125,-0.006960112349878051,0.1309966424593521,8,0,3,label_prop_weighted_k15_a08,0.1644362058325579,-0.1031478913971173
bag8,Diabetes130US,source::diabetes_130_us,M9_optimal_transport,9,9,0,-0.0940404485311952,2.375884440120664,-0.1135437576680008,5.4547843020217535,4,0,5,ot_disp_v2_selective,5.595471752717868,-0.2701230374764689
bag8,E-CommereShippingData,source::E-CommereShippingData,M14_groupby_aggregation,9,9,2,-0.5191507835585152,-0.4553235284751186,-0.6856563152834624,-0.2993890878858699,0,0,9,joint_groupby_combined__sel_combined_intersection,-0.0341673602609736,-0.8060328674493918
bag8,E-CommereShippingData,source::E-CommereShippingData,M14b_groupby_shift_features,6,6,2,-0.3037282720516888,-0.275428809565539,-0.3037282720516888,-0.3030711077017822,0,0,6,groupby_shift_cohen_d__sel_combined_intersection,-0.0310536059642666,-0.407482382355421
bag8,E-CommereShippingData,source::E-CommereShippingData,M16_nearest_test_distance,7,7,0,-0.6537993135939668,-0.6851805848943535,-1.298681389761432,0.06113813879915275,2,0,5,nearest_test_k10_cumshift_both,0.2196362383661907,-1.88701451710814
bag8,E-CommereShippingData,source::E-CommereShippingData,M17_test_directed_augmentation,12,12,0,-1.0403168005150203,-0.9607474939341939,-1.1568811984698164,-0.9608297186136847,1,0,11,tdda_v2_k5_lam07_nopfl_dw,0.04623189172861,-1.833547960018688
bag8,E-CommereShippingData,source::E-CommereShippingData,M18_leaf_density,8,8,0,0.2539530960804119,-0.0026533418926057983,-0.9354452064339519,0.926514923797599,4,0,4,leaf_density_embed_k20,1.673520505804644,-2.191699046891209
bag8,E-CommereShippingData,source::E-CommereShippingData,M19_neighborhood_consensus,6,6,0,-1.923898017405144,-1.9272185668600814,-2.188997998590641,-1.7429912710421052,0,0,6,neighbor_consensus_k5_dist,-0.2900807741892155,-3.465380910920752
bag8,E-CommereShippingData,source::E-CommereShippingData,M1_frequency_encoding,6,6,4,-0.1585146407743859,-0.19018279735254418,-0.29249175071312317,-0.11902828645503252,0,0,6,joint_freq_separate__sel_combined_intersection,-0.0051219669420378,-0.3759285799165052
bag8,E-CommereShippingData,source::E-CommereShippingData,M20_cluster_membership,8,8,0,-0.19024217798798845,-0.27634074878995657,-0.4238951100027347,0.016677586931738403,2,0,6,cluster_membership_k10_both_cumshift,0.1432766068133542,-0.9298047196176072
bag8,E-CommereShippingData,source::E-CommereShippingData,M2_frequency_ratio,7,7,2,-0.3838857538566868,-0.31060566690617103,-0.5967116626711542,0.0,0,3,4,freq_ratio_v2_both_gated,0.0,-0.5969305891442022
bag8,E-CommereShippingData,source::E-CommereShippingData,M3_joint_pca,4,4,0,0.35675250168300676,0.35675250168300676,0.1129816079234301,0.6005233954425835,4,0,0,joint_pca_5,0.6005233954425835,0.1129816079234301
bag8,E-CommereShippingData,source::E-CommereShippingData,M3b_joint_tsne,3,3,0,-0.3441816097689583,-0.3800864885720657,-0.5882374189288911,-0.1539831188136865,1,0,2,joint_tsne_2d_p50,0.0362153721415853,-0.832293228088824
bag8,E-CommereShippingData,source::E-CommereShippingData,M4_target_encoding,12,12,2,-0.1733367274347576,0.1587278413747185,-0.216674154375841,0.6732708124781004,5,0,7,target_enc_oof_absolute,0.6732708124781004,-0.2482498935210012
bag8,E-CommereShippingData,source::E-CommereShippingData,M5_joint_scaling,1,1,0,-0.4343657623657377,-0.4343657623657377,-0.4343657623657377,-0.4343657623657377,0,0,1,joint_scaling,-0.4343657623657377,-0.4343657623657377
bag8,E-CommereShippingData,source::E-CommereShippingData,M6_adversarial_validation,16,16,0,-0.41427609867951076,-0.4028403857298081,-0.6446163220751715,-0.26280754157460345,3,0,13,adversarial_lgbm_cal_iso_feature,0.4399275029632739,-1.2024223244398358
bag8,E-CommereShippingData,source::E-CommereShippingData,M7_pseudo_labeling,9,9,0,-0.2965354952403506,-0.2907860714911243,-0.3977923055480361,-0.0991714447375648,1,0,8,pseudo_label_lgbm_conf90_iter3,0.1692703650236519,-0.8721751270893602
bag8,E-CommereShippingData,source::E-CommereShippingData,M8_label_propagation,11,11,0,0.7222288151486795,0.6344360690350606,0.36555539684485927,0.9406968833664082,10,0,1,label_prop_k15_a05,1.3924049615939882,-0.5376992707797119
bag8,E-CommereShippingData,source::E-CommereShippingData,M9_optimal_transport,9,9,0,-1.8145514900577828,-1.6854342425492908,-2.9233037299360265,-0.3801665438233744,1,0,8,ot_disp_v2_selective_and_summary_abs,0.0087524931743234,-3.751573596049888
bag8,Fitness_Club,source::Fitness_Club,M14_groupby_aggregation,9,9,2,-0.0222331598913818,-0.1401104995509228,-0.2918446070521818,0.0335207817918843,3,0,6,joint_groupby_mean_only,0.3631145233753637,-0.6799250372317311
bag8,Fitness_Club,source::Fitness_Club,M14b_groupby_shift_features,6,6,2,-0.32350098323590515,-0.27551192166817223,-0.5206552577082665,-0.2829908765485118,1,0,5,groupby_shift_cohen_d__sel_combined_intersection,0.522139769655682,-0.6723484763411375
bag8,Fitness_Club,source::Fitness_Club,M16_nearest_test_distance,7,7,0,-0.9096702453111576,-0.9311851342167279,-2.0341345006120415,0.0019861816840450186,2,0,5,nearest_test_rel_k10_cumshift_both,0.96377679879065,-2.5081058551405944
bag8,Fitness_Club,source::Fitness_Club,M17_test_directed_augmentation,12,12,0,-6.964002686468415,-6.880462899719661,-9.292613171669391,-4.605115601757198,0,0,12,tdda_k5_lam06_aug1,-2.539381356572306,-10.079151684164218
bag8,Fitness_Club,source::Fitness_Club,M18_leaf_density,8,8,0,0.9370489123141403,0.9903003201675642,0.5120496074702205,1.763323125914092,6,0,2,leaf_density_conf,2.521962366606458,-1.0468429347653336
bag8,Fitness_Club,source::Fitness_Club,M19_neighborhood_consensus,6,6,0,-15.556714654096108,-15.249209303572115,-16.121790965541987,-13.667472175259471,0,0,6,neighbor_consensus_k5_dist_cumshift,-12.79570582031832,-18.23824627458428
bag8,Fitness_Club,source::Fitness_Club,M1_frequency_encoding,6,6,4,0.5622321729315544,0.41610714071594157,0.08027014640455404,0.7106224947394771,4,0,2,joint_freq_combined,0.7499729061815065,-0.0574964806533045
bag8,Fitness_Club,source::Fitness_Club,M20_cluster_membership,8,8,0,-2.2263801637970912,-1.0611318886534817,-2.2820977598196515,0.48681103274195425,3,0,5,cluster_membership_k5_both,1.5413582513966235,-2.5088908489624786
bag8,Fitness_Club,source::Fitness_Club,M2_frequency_ratio,7,7,2,-0.0574964806533045,-0.09291523215848363,-0.0831998058963403,0.0,0,3,4,freq_ratio_v2_both_gated,0.0,-0.4265105326634004
bag8,Fitness_Club,source::Fitness_Club,M3_joint_pca,4,4,0,0.0120458092883317,0.0120458092883317,0.0120458092883317,0.0120458092883317,4,0,0,joint_pca_10,0.0120458092883317,0.0120458092883317
bag8,Fitness_Club,source::Fitness_Club,M3b_joint_tsne,3,3,0,-1.0257157214075816,-1.5399240669193244,-2.060679179601027,-0.7620647814817505,0,0,3,joint_tsne_2d_p30,-0.4984138415559195,-3.095642637794472
bag8,Fitness_Club,source::Fitness_Club,M4_target_encoding,12,12,2,-0.3621392280209087,-0.48137325097318345,-0.639165250345115,-0.0811034702953275,0,0,12,target_enc_ratio__sel_combined_intersection,-0.0574964806533045,-1.7980705511151105
bag8,Fitness_Club,source::Fitness_Club,M5_joint_scaling,1,1,0,-0.0145495543886812,-0.0145495543886812,-0.0145495543886812,-0.0145495543886812,0,0,1,joint_scaling,-0.0145495543886812,-0.0145495543886812
bag8,Fitness_Club,source::Fitness_Club,M6_adversarial_validation,16,16,0,-0.31784093145049575,-0.25877512161658844,-0.7232681432732548,0.629587323495229,7,0,9,adversarial_lgbm_cal_iso_feature,1.5903861327253574,-3.9261779348502985
bag8,Fitness_Club,source::Fitness_Club,M7_pseudo_labeling,9,9,0,0.7694049748278331,0.7736036633901188,0.4545660017540424,1.038799314021839,8,1,0,pseudo_label_lgbm_conf95_iter3,1.5616736644983529,0.0
bag8,Fitness_Club,source::Fitness_Club,M8_label_propagation,11,11,0,-2.241774090674344,-2.295746924834619,-3.6804915924252066,-1.4530677889414925,1,0,10,label_prop_v3_t005_k15,0.7085989863033157,-4.235063766421093
bag8,Fitness_Club,source::Fitness_Club,M9_optimal_transport,9,9,0,-3.1480691402755507,-2.7941894535927614,-3.742162812949562,-2.3125295528861662,0,0,9,ot_disp_v2_selective_abs,-0.3888535301557451,-4.157567150141726
bag8,Food_Delivery_Time,source::Food_Delivery_Time,M14_groupby_aggregation,9,9,2,0.0094034853129275,-0.005486913859921267,-0.0398554427799625,0.0164539202045368,5,0,4,joint_groupby_separate,0.033117792756632,-0.0490095118293596
bag8,Food_Delivery_Time,source::Food_Delivery_Time,M14b_groupby_shift_features,6,6,2,0.010263456217949,-0.007470521947401068,-0.003417873213177775,0.010263456217949,4,0,2,groupby_shift_cohen_d,0.010263456217949,-0.0778986401993157
bag8,Food_Delivery_Time,source::Food_Delivery_Time,M16_nearest_test_distance,7,7,0,-0.4639659603996748,-0.5596074576157576,-0.671408676587256,-0.4602651475524636,0,0,7,nearest_test_k10_cumshift_both,-0.4344860888660464,-0.7554525057651421
bag8,Food_Delivery_Time,source::Food_Delivery_Time,M17_test_directed_augmentation,12,12,0,-10.046835153788678,-10.16647318335078,-10.08156113016097,-10.011872227923828,0,0,12,tdda_v2_k5_lam07_pfl_dw_cumshift,-9.956835518679124,-11.44056574396559
bag8,Food_Delivery_Time,source::Food_Delivery_Time,M18_leaf_density,7,7,0,-0.0962452443286537,-0.10900131194104658,-0.12013262480469135,-0.07501230795152794,0,0,7,leaf_density_embed_k10_cumshift,-0.0659483673280937,-0.21052570641814
bag8,Food_Delivery_Time,source::Food_Delivery_Time,M19_neighborhood_consensus,6,6,0,1.6860088113064204,1.6902242821656295,1.6696602685249071,1.7034137395401552,6,0,0,neighbor_consensus_k10_uniform,1.7295165659402427,1.6663853678915583
bag8,Food_Delivery_Time,source::Food_Delivery_Time,M1_frequency_encoding,6,6,4,-0.0025211433135234,-0.010067048512294901,-0.016684208857611148,0.0002071756983996,3,0,3,joint_freq_combined,0.0136485358421042,-0.048719924952227
bag8,Food_Delivery_Time,source::Food_Delivery_Time,M20_cluster_membership,8,8,0,-0.07162894972223675,-0.0813980017123814,-0.1034363182749794,-0.0538775861272981,0,0,8,cluster_membership_k10_weight,-0.0396875177351216,-0.1566838224331398
bag8,Food_Delivery_Time,source::Food_Delivery_Time,M2_frequency_ratio,7,7,2,0.0,-0.0166077237944747,-0.0350897330075255,0.0,1,3,3,freq_ratio_log__sel_combined_intersection,0.0002071756983996,-0.0462817762446715
bag8,Food_Delivery_Time,source::Food_Delivery_Time,M3_joint_pca,4,4,0,-0.1141910145439448,-0.11652466619226404,-0.16111492791494142,-0.0696007528212674,0,0,4,joint_pca_var90,-0.0696007528212674,-0.1681158828598991
bag8,Food_Delivery_Time,source::Food_Delivery_Time,M3b_joint_tsne,3,3,0,-0.0142093239539785,-0.046211670000965495,-0.06767746707118225,-0.00874469990725525,0,0,3,joint_tsne_2d_p30,-0.003280075860532,-0.121145610188386
bag8,Food_Delivery_Time,source::Food_Delivery_Time,M4_target_encoding,12,12,2,-0.3639475699574988,-0.3891995567783439,-0.732441725718851,-0.03476514050508503,3,0,9,target_enc_oof_absolute,0.0634979154627621,-0.8960178395549022
bag8,Food_Delivery_Time,source::Food_Delivery_Time,M5_joint_scaling,1,1,0,0.0378514469124454,0.0378514469124454,0.0378514469124454,0.0378514469124454,1,0,0,joint_scaling,0.0378514469124454,0.0378514469124454
bag8,Food_Delivery_Time,source::Food_Delivery_Time,M6_adversarial_validation,16,16,0,-0.05275816603114155,-0.05670615305282939,-0.07646414992723839,-0.035970332232393626,1,0,15,adversarial_reweight_lgbm_cal_iso_ratio_hard,0.0153614494275757,-0.1245565334905777
bag8,Food_Delivery_Time,source::Food_Delivery_Time,M8_label_propagation,11,11,0,-0.1824177525563175,-0.19167320479541908,-0.22718840973786392,-0.131323816427029,0,0,11,label_prop_weighted_k15_a08,-0.0991678371134409,-0.345468218375842
bag8,Food_Delivery_Time,source::Food_Delivery_Time,M9_optimal_transport,9,9,0,-0.4498074261238691,-1.192724356127156,-1.830104171248197,0.0658616010497143,4,0,5,ot_disp_v2_selective_and_summary,0.1363109672006519,-3.554678524669252
bag8,GiveMeSomeCredit,source::GiveMeSomeCredit,M14_groupby_aggregation,9,9,2,-0.2511463179100542,-0.27611283205176096,-0.344774714087104,-0.2259097053223492,0,0,9,joint_groupby_combined__sel_combined_intersection,-0.1542870575596247,-0.3683089921988788
bag8,GiveMeSomeCredit,source::GiveMeSomeCredit,M14b_groupby_shift_features,6,6,2,-0.25750804898659313,-0.24352522968155013,-0.27070669657906243,-0.2500062696701014,0,0,6,groupby_shift_cohen_d__sel_combined_intersection,-0.069828252308034,-0.3536951054669242
bag8,GiveMeSomeCredit,source::GiveMeSomeCredit,M16_nearest_test_distance,7,7,0,-0.7863904350548073,-0.8861840824118735,-0.9216478534236265,-0.6610752055658183,0,0,7,nearest_test_k10_cumshift_both,-0.0239033156554557,-2.227548708193962
bag8,GiveMeSomeCredit,source::GiveMeSomeCredit,M17_test_directed_augmentation,12,12,0,-22.460509808303648,-20.274647065191225,-28.312320282684308,-12.687470278589185,0,0,12,tdda_k5_lam06_aug1,-6.81857812770831,-28.900441130813565
bag8,GiveMeSomeCredit,source::GiveMeSomeCredit,M18_leaf_density,8,8,0,-0.16342609376379946,-0.39208691049128613,-0.41982087949342706,-0.010792562488784251,2,0,6,leaf_density_conf_cumshift,0.1531029629032368,-1.922797472886408
bag8,GiveMeSomeCredit,source::GiveMeSomeCredit,M19_neighborhood_consensus,6,6,0,-0.48806445284353994,-0.46521481212470617,-0.6315170839780245,-0.30983896153946516,0,0,6,neighbor_consensus_k10_uniform,-0.2378696962558987,-0.6475251786776318
bag8,GiveMeSomeCredit,source::GiveMeSomeCredit,M1_frequency_encoding,6,6,4,0.0,-8.465377347549096e-06,-1.904709903198547e-05,0.0,0,4,2,joint_freq_combined,0.0,-2.539613204264729e-05
bag8,GiveMeSomeCredit,source::GiveMeSomeCredit,M20_cluster_membership,8,8,0,0.0542612169953453,0.05910979493894018,0.029114681313470947,0.08095017088423277,8,0,0,cluster_membership_k10_both_cumshift,0.1143516399234789,0.0144377010659873
bag8,GiveMeSomeCredit,source::GiveMeSomeCredit,M2_frequency_ratio,7,7,2,0.0,-3.628018863235327e-06,0.0,0.0,0,6,1,freq_ratio_log,0.0,-2.539613204264729e-05
bag8,GiveMeSomeCredit,source::GiveMeSomeCredit,M3_joint_pca,4,4,0,-0.01761896341872625,-0.01108719730188525,-0.10792463285120821,0.07921847213059671,2,0,2,joint_pca_10,0.1076486483226131,-0.1167595106927016
bag8,GiveMeSomeCredit,source::GiveMeSomeCredit,M3b_joint_tsne,3,3,0,0.1116993313833639,0.12394476425937408,0.1102557200025962,0.13151109207814685,3,0,0,joint_tsne_2d_p30,0.1513228527729298,0.1088121086218285
bag8,GiveMeSomeCredit,source::GiveMeSomeCredit,M4_target_encoding,12,12,2,0.0,-2.116344336887274e-06,0.0,0.0,0,11,1,target_enc_absolute,0.0,-2.539613204264729e-05
bag8,GiveMeSomeCredit,source::GiveMeSomeCredit,M5_joint_scaling,1,1,0,0.0945982109694373,0.0945982109694373,0.0945982109694373,0.0945982109694373,1,0,0,joint_scaling,0.0945982109694373,0.0945982109694373
bag8,GiveMeSomeCredit,source::GiveMeSomeCredit,M6_adversarial_validation,16,16,0,0.0599697913009465,0.06801173444152916,0.0413246654217889,0.12017747293251688,15,0,1,adversarial_rf_feature,0.1836005429692579,-0.1707596237055627
bag8,GiveMeSomeCredit,source::GiveMeSomeCredit,M7_pseudo_labeling,9,9,0,0.0380965789504888,0.025802558335801876,-0.0267857766422859,0.0615475260040882,6,0,3,pseudo_label_lgbm_conf90_iter1,0.0753241340077702,-0.0358720365094664
bag8,GiveMeSomeCredit,source::GiveMeSomeCredit,M8_label_propagation,11,11,0,0.1505006529980516,0.1080794446420084,0.024924716341094298,0.16905887648784004,8,0,3,label_prop_v3_t01_k15,0.3117184737178326,-0.0964624457871781
bag8,GiveMeSomeCredit,source::GiveMeSomeCredit,M9_optimal_transport,9,9,0,-0.6898525945005741,-0.5290101603575059,-0.7806334493724734,-0.045077340745575,0,0,9,ot_disp_v2_summary_only,-0.0020055008021932,-0.9307642711976272
bag8,HR_Analytics_Job_Change_of_Data_Scientists,source::HR_Analytics_Job_Change_of_Data_Scientists,M14_groupby_aggregation,9,9,2,0.4878259371903766,0.4089443238294375,0.088903988828211,0.5690755706742419,8,1,0,joint_groupby_combined,0.8099728916837627,0.0
bag8,HR_Analytics_Job_Change_of_Data_Scientists,source::HR_Analytics_Job_Change_of_Data_Scientists,M14b_groupby_shift_features,6,6,2,0.8066768980313683,0.6204459155183253,0.42487590171295736,0.881196564514334,5,1,0,groupby_shift_cohen_d,0.9056763407650726,0.0
bag8,HR_Analytics_Job_Change_of_Data_Scientists,source::HR_Analytics_Job_Change_of_Data_Scientists,M16_nearest_test_distance,7,7,0,-0.3883451548644699,-0.3857664973829963,-0.6132214043665314,-0.10101792079023239,1,0,6,nearest_test_k5_both,0.2024610791357068,-1.086002755638683
bag8,HR_Analytics_Job_Change_of_Data_Scientists,source::HR_Analytics_Job_Change_of_Data_Scientists,M17_test_directed_augmentation,12,12,0,-13.192118964960681,-13.328163449738517,-14.859103585038524,-11.999057667198237,0,0,12,tdda_k5_lam06_aug1,-11.377467512280502,-15.125360014861732
bag8,HR_Analytics_Job_Change_of_Data_Scientists,source::HR_Analytics_Job_Change_of_Data_Scientists,M18_leaf_density,8,8,0,-0.11867707928764851,-0.08225858067726885,-0.2020189936404564,0.004543203295402955,2,0,6,leaf_density_embed_k10,0.2768563864993956,-0.3592348451600888
bag8,HR_Analytics_Job_Change_of_Data_Scientists,source::HR_Analytics_Job_Change_of_Data_Scientists,M19_neighborhood_consensus,6,6,0,-1.1182964373799482,-1.0019761580841147,-1.2753225979985034,-0.8355342944792231,0,0,6,neighbor_consensus_k20_dist,-0.275354494957294,-1.4309646804038274
bag8,HR_Analytics_Job_Change_of_Data_Scientists,source::HR_Analytics_Job_Change_of_Data_Scientists,M1_frequency_encoding,6,6,4,0.2190622600107498,0.21307360411889367,0.1308509696315815,0.26918616115085264,6,0,0,joint_freq_separate,0.4423719126441843,0.0106038576782658
bag8,HR_Analytics_Job_Change_of_Data_Scientists,source::HR_Analytics_Job_Change_of_Data_Scientists,M20_cluster_membership,8,8,0,-0.37608155393890996,-0.27535694408486466,-0.45801233390991547,-0.15969662797248485,1,0,7,cluster_membership_k10_weight,0.3809878778494875,-0.6481422643959253
bag8,HR_Analytics_Job_Change_of_Data_Scientists,source::HR_Analytics_Job_Change_of_Data_Scientists,M2_frequency_ratio,7,7,2,0.0945173378500576,0.1035154113464184,0.0050268685454831485,0.20443212983311176,5,0,2,freq_ratio_v2_ratio_ungated,0.3022471195978107,-0.0910745747801293
bag8,HR_Analytics_Job_Change_of_Data_Scientists,source::HR_Analytics_Job_Change_of_Data_Scientists,M3_joint_pca,4,4,0,-0.2254239588906881,-0.2254239588906881,-0.2254239588906881,-0.2254239588906881,0,0,4,joint_pca_10,-0.2254239588906881,-0.2254239588906881
bag8,HR_Analytics_Job_Change_of_Data_Scientists,source::HR_Analytics_Job_Change_of_Data_Scientists,M3b_joint_tsne,3,3,0,-0.0268703433238835,-0.08154064873810127,-0.17404733232413225,0.0383011875550386,1,0,2,joint_tsne_2d_p30,0.1034727184339607,-0.321224321324381
bag8,HR_Analytics_Job_Change_of_Data_Scientists,source::HR_Analytics_Job_Change_of_Data_Scientists,M4_target_encoding,12,12,2,0.5119161576014439,0.4834912294916063,0.4042879040272344,0.6136630973285198,12,0,0,target_enc_ratio,0.704658384498097,0.1372823736231329
bag8,HR_Analytics_Job_Change_of_Data_Scientists,source::HR_Analytics_Job_Change_of_Data_Scientists,M5_joint_scaling,1,1,0,0.0006615105012496,0.0006615105012496,0.0006615105012496,0.0006615105012496,1,0,0,joint_scaling,0.0006615105012496,0.0006615105012496
bag8,HR_Analytics_Job_Change_of_Data_Scientists,source::HR_Analytics_Job_Change_of_Data_Scientists,M6_adversarial_validation,16,16,0,0.11624354670212189,0.08172407910602636,0.044765448212825826,0.18630949330905605,13,0,3,adversarial_reweight_lgbm_ratio_normalize,0.2546957427382607,-0.4891799268780606
bag8,HR_Analytics_Job_Change_of_Data_Scientists,source::HR_Analytics_Job_Change_of_Data_Scientists,M7_pseudo_labeling,9,9,0,0.1252886875409186,0.15443379522293854,0.094593182147536,0.1809896479187993,9,0,0,pseudo_label_lgbm_conf80_iter5,0.3151769908901839,0.0302727933958236
bag8,HR_Analytics_Job_Change_of_Data_Scientists,source::HR_Analytics_Job_Change_of_Data_Scientists,M8_label_propagation,11,11,0,-0.4776657485273058,-0.3215467908742334,-0.6027170997929073,-0.18351252189858785,2,0,9,label_prop_weighted_k10_a05,0.4721803608563585,-0.7397626187280844
bag8,HR_Analytics_Job_Change_of_Data_Scientists,source::HR_Analytics_Job_Change_of_Data_Scientists,M9_optimal_transport,9,9,0,0.4935444190691638,0.3662021454219244,0.1573425632120471,0.5124865941944953,8,0,1,ot_displacement_mag,0.5813112601979006,-0.0846542129133932
bag8,Is-this-a-good-customer,source::Is-this-a-good-customer,M14_groupby_aggregation,9,9,2,1.213237984006677,1.5231443719719797,-0.9753163030547588,3.863761384606621,5,0,4,joint_groupby_separate,5.80089911632964,-1.7597532985212574
bag8,Is-this-a-good-customer,source::Is-this-a-good-customer,M14b_groupby_shift_features,6,6,2,3.3979172368567263,3.6233105437964706,3.1199851502185365,4.066469030889169,6,0,0,groupby_shift_cohen_d__sel_combined_union,5.20999704630261,2.417370992523637
bag8,Is-this-a-good-customer,source::Is-this-a-good-customer,M16_nearest_test_distance,7,7,0,-0.5879212744797702,-1.4312309175856495,-2.1934590506437237,-0.2877822610147009,1,0,6,nearest_test_rel_k5_both,0.2524462847093088,-4.720658810012235
bag8,Is-this-a-good-customer,source::Is-this-a-good-customer,M17_test_directed_augmentation,12,12,0,-4.812765392421725,-4.501782606064379,-7.8208758661243385,-1.4969013275379282,2,0,10,tdda_k5_lam06_aug1,2.3759650325584087,-10.86250674066267
bag8,Is-this-a-good-customer,source::Is-this-a-good-customer,M18_leaf_density,8,8,0,1.2205815803094295,0.665252595324493,-0.7489790775250798,2.1798693327624634,5,0,3,leaf_density_embed_k10_cumshift,4.867584932349494,-3.974105016136922
bag8,Is-this-a-good-customer,source::Is-this-a-good-customer,M19_neighborhood_consensus,6,6,0,-8.822748347690816,-8.35021095903032,-10.909549114026289,-6.380325123499768,0,0,6,neighbor_consensus_k20_dist,-2.181833948009496,-13.102601692549923
bag8,Is-this-a-good-customer,source::Is-this-a-good-customer,M1_frequency_encoding,6,6,4,2.37889163182298,2.042793384801742,1.5846451091919742,2.428887702592479,6,0,0,joint_freq_combined,2.6413642288275496,1.0921634885063245
bag8,Is-this-a-good-customer,source::Is-this-a-good-customer,M20_cluster_membership,8,8,0,-0.8439174157044336,-0.3706009554804494,-1.6585688387633415,0.3145145774451386,2,0,6,cluster_membership_k10_both_cumshift,2.694801763547056,-2.252072330358852
bag8,Is-this-a-good-customer,source::Is-this-a-good-customer,M2_frequency_ratio,7,7,2,0.0,0.12026155126020269,0.0,0.1644586197832785,3,3,1,freq_ratio_v2_ratio_ungated,0.9197651133108886,-0.4068514940560268
bag8,Is-this-a-good-customer,source::Is-this-a-good-customer,M3_joint_pca,4,4,0,-5.03326296849299,-5.3532920177005066,-5.353292017700506,-5.03326296849299,0,0,4,joint_pca_10,-5.03326296849299,-6.313379165323053
bag8,Is-this-a-good-customer,source::Is-this-a-good-customer,M3b_joint_tsne,3,3,0,-4.03827341482646,-3.0404295236056256,-4.458186213007636,-2.1215947798140316,0,0,3,joint_tsne_3d_p30,-0.2049161448016038,-4.878099011188813
bag8,Is-this-a-good-customer,source::Is-this-a-good-customer,M4_target_encoding,12,12,2,4.607036303379934,4.642435508681792,3.9977345953840873,5.1575485937419625,12,0,0,target_enc_absolute,6.7385490029238895,2.7747954767782703
bag8,Is-this-a-good-customer,source::Is-this-a-good-customer,M5_joint_scaling,1,1,0,0.0179389695660787,0.0179389695660787,0.0179389695660787,0.0179389695660787,1,0,0,joint_scaling,0.0179389695660787,0.0179389695660787
bag8,Is-this-a-good-customer,source::Is-this-a-good-customer,M6_adversarial_validation,16,16,0,-0.0004335702614281494,0.08498315850516286,-0.5823797045760488,0.4622400949519108,8,0,8,adversarial_lgbm_both_ratio,5.247229892501691,-3.708814212433157
bag8,Is-this-a-good-customer,source::Is-this-a-good-customer,M7_pseudo_labeling,9,9,0,4.735291806335023,4.6638430403391995,3.321419183858188,5.648228188028595,9,0,0,pseudo_label_v2_cal_iso_wfixed_conf90,6.700015445940563,2.904703966354946
bag8,Is-this-a-good-customer,source::Is-this-a-good-customer,M8_label_propagation,11,11,0,-1.9574613377268344,-1.8070124570155648,-2.544732256814492,0.04281506331479179,3,0,8,label_prop_weighted_adaptive_a05,2.2979765817862603,-6.613193001092052
bag8,Is-this-a-good-customer,source::Is-this-a-good-customer,M9_optimal_transport,9,9,0,1.938709423920617,1.9023075873892514,1.2366507781231288,2.760596050716891,9,0,0,ot_disp_v2_selective_and_summary,2.8073132463844184,0.4961669679076711
bag8,MIC,source::MIC,M14_groupby_aggregation,9,9,2,7.006442825721082,5.573822872046905,0.518879637770595,10.198438728526074,9,0,0,joint_groupby_mean_only,10.349040308504518,0.3244762118139481
bag8,MIC,source::MIC,M14b_groupby_shift_features,6,6,2,12.963878235149716,12.716840594811567,11.374023898500166,13.781272409712745,6,0,0,groupby_shift_cohen_d_min10,15.728216516485702,9.747260994566869
bag8,MIC,source::MIC,M16_nearest_test_distance,7,7,0,-2.482619729808867,-0.9922615744923812,-2.692968429205724,0.15167120849177262,2,0,5,nearest_test_k10_cumshift_both,3.443704033899753,-2.8243208841096514
bag8,MIC,source::MIC,M17_test_directed_augmentation,12,12,0,8.654422142074186,8.614695396639705,7.026487356757738,9.645775305805154,12,0,0,tdda_k5_lam07_aug2,12.327638298642198,4.517206550997886
bag8,MIC,source::MIC,M18_leaf_density,8,8,0,7.1302917202550535,5.494814240792306,2.3758974538978404,8.646301161304216,7,0,1,leaf_density_conf,9.663748099351396,-2.245243378083214
bag8,MIC,source::MIC,M19_neighborhood_consensus,6,6,0,7.361949662696107,7.329254443295728,5.968260482019572,8.100778021591818,6,0,0,neighbor_consensus_k5_dist,10.99559929422257,4.405276477141804
bag8,MIC,source::MIC,M1_frequency_encoding,6,6,4,6.868183314677837,6.5633731529013675,5.362973889713833,7.826268349253739,6,0,0,joint_freq_combined,8.753469086311608,3.883535759569388
bag8,MIC,source::MIC,M20_cluster_membership,8,8,0,1.568025207021438,2.246956783507958,0.8888502866633445,2.65925074125139,8,0,0,cluster_membership_k15_both,7.402270231800842,0.0295979877500992
bag8,MIC,source::MIC,M2_frequency_ratio,7,7,2,6.69259413300774,4.685412880520841,0.037896206482446626,8.57336075697727,5,0,2,freq_ratio_v2_ratio_ungated,9.312337679399509,-0.4295555756808021
bag8,MIC,source::MIC,M3_joint_pca,4,4,0,-12.032832070843831,-10.318339274122394,-13.546333771138226,-8.804837573828,0,0,4,joint_pca_5,-2.751894365013792,-14.455798589788117
bag8,MIC,source::MIC,M3b_joint_tsne,3,3,0,0.7823870254038452,1.1930366398296772,0.42458118147080626,1.7561672909756323,3,0,0,joint_tsne_2d_p30,2.7299475565474194,0.0667753375377673
bag8,MIC,source::MIC,M4_target_encoding,12,12,2,10.646652854467902,10.44503316552286,10.03797319233366,11.698280042179526,12,0,0,target_enc_ratio,12.196546797140387,5.334813112383503
bag8,MIC,source::MIC,M5_joint_scaling,1,1,0,-0.6826147628258489,-0.6826147628258489,-0.6826147628258489,-0.6826147628258489,0,0,1,joint_scaling,-0.6826147628258489,-0.6826147628258489
bag8,MIC,source::MIC,M6_adversarial_validation,16,16,0,-0.3094545162510885,-0.8078507751871262,-1.740628703258517,0.055842440498074276,5,0,11,adversarial_reweight_lgbm_ratio_winsorize,1.8423564103781187,-4.414702119125422
bag8,MIC,source::MIC,M7_pseudo_labeling,9,9,0,5.217503256223611,6.3061792700068136,4.558513865252164,9.493092896131284,8,1,0,pseudo_label_v2_cal_iso_wquad_conf90,9.651031124928746,0.0
bag8,MIC,source::MIC,M8_label_propagation,11,11,0,2.3281595513456663,2.575905303340027,0.9405061980928008,4.001927315349127,10,0,1,label_prop_weighted_k15_a08,6.49086354798212,-1.3683211692958508
bag8,MIC,source::MIC,M9_optimal_transport,9,9,0,-0.8869031888462567,0.1164193855317225,-1.8647981865816643,4.731839212463479,4,0,5,ot_disp_v2_selective_and_summary,4.768130933965496,-7.410029491789165
bag8,Marketing_Campaign,source::Marketing_Campaign,M14_groupby_aggregation,9,9,2,0.6122111577320843,-1.9995127797957153,-6.363911658386404,2.925628446860585,5,0,4,joint_groupby_separate,3.981796423817782,-9.407122077170962
bag8,Marketing_Campaign,source::Marketing_Campaign,M14b_groupby_shift_features,6,6,2,3.4092926767946548,2.8258748770837543,1.6908005254764147,3.8172171344536285,6,0,0,groupby_shift_cohen_d,3.827748169920008,1.237753976949588
bag8,Marketing_Campaign,source::Marketing_Campaign,M16_nearest_test_distance,7,7,0,-7.351157306318181,-7.598075832312853,-9.243022199280297,-5.832595610130912,0,0,7,nearest_test_rel_k10_cumshift_both,-4.184836068965619,-11.499301832083756
bag8,Marketing_Campaign,source::Marketing_Campaign,M17_test_directed_augmentation,12,12,0,4.309669550820697,4.247772032144016,3.3521036784629206,5.142182531038154,12,0,0,tdda_k5_lam08_aug1,7.217925237560181,1.956344309982276
bag8,Marketing_Campaign,source::Marketing_Campaign,M18_leaf_density,8,8,0,-6.141607205089725,-6.231909420846037,-7.395630235288459,-5.004924210406974,0,0,8,leaf_density_conf_cumshift,-3.372565150307803,-10.03051379795076
bag8,Marketing_Campaign,source::Marketing_Campaign,M19_neighborhood_consensus,6,6,0,-10.763106602847992,-10.504962357079203,-13.127584687901525,-6.880718982112083,0,0,6,neighbor_consensus_k5_dist_cumshift,-5.558596630868545,-16.442630481124528
bag8,Marketing_Campaign,source::Marketing_Campaign,M1_frequency_encoding,6,6,4,2.728737555549537,2.4433190998175136,2.047631860761765,2.765698095759405,6,0,0,joint_freq_combined__sel_combined_union,2.793647309276089,1.8101772735347192
bag8,Marketing_Campaign,source::Marketing_Campaign,M20_cluster_membership,8,8,0,-2.7661151215752904,-2.117195526051142,-2.911012942658747,-1.2992164294094435,0,0,8,cluster_membership_k15_both,-0.140338621627381,-3.0511346406507784
bag8,Marketing_Campaign,source::Marketing_Campaign,M2_frequency_ratio,7,7,2,0.9879863770551895,0.6743060655634242,0.0,1.160260165716573,4,3,0,freq_ratio_v2_ratio_ungated,1.4116357504556338,0.0
bag8,Marketing_Campaign,source::Marketing_Campaign,M3_joint_pca,4,4,0,-1.0919115214508595,-1.083301496169585,-1.3416489889993932,-0.8335640286210511,0,0,4,joint_pca_var95,-0.4918318509433372,-1.6575510908332844
bag8,Marketing_Campaign,source::Marketing_Campaign,M3b_joint_tsne,3,3,0,0.3492069741425437,1.4316540622819807,0.018876744490577302,2.303207836003666,2,0,1,joint_tsne_3d_p30,4.257208697864788,-0.3114534851613891
bag8,Marketing_Campaign,source::Marketing_Campaign,M4_target_encoding,12,12,2,3.727775336131354,3.623374510237087,3.0259442189252477,4.920973373886016,12,0,0,target_enc_oof_absolute,5.688609804466752,0.1645489376079455
bag8,Marketing_Campaign,source::Marketing_Campaign,M5_joint_scaling,1,1,0,1.5061451218652997,1.5061451218652997,1.5061451218652997,1.5061451218652997,1,0,0,joint_scaling,1.5061451218652997,1.5061451218652997
bag8,Marketing_Campaign,source::Marketing_Campaign,M6_adversarial_validation,16,16,0,-1.0206797528987526,-1.3725851170095047,-2.270628626645448,-0.08049512452646018,4,0,12,adversarial_reweight_lgbm_cal_iso_ratio_winsorize,1.8658363970835496,-6.294402626257975
bag8,Marketing_Campaign,source::Marketing_Campaign,M7_pseudo_labeling,9,9,0,1.1324554704412275,1.2180803830604534,0.2131310555391075,1.728952756082905,7,0,2,pseudo_label_lgbm_conf90_iter3,4.43677700087324,-0.6891647808426293
bag8,Marketing_Campaign,source::Marketing_Campaign,M8_label_propagation,11,11,0,-8.962839360535318,-8.150892956338398,-10.898889243036605,-5.91761373141653,0,0,11,label_prop_v3_t01_k15,-1.628178197111587,-12.250129386976637
bag8,Marketing_Campaign,source::Marketing_Campaign,M9_optimal_transport,9,9,0,-1.735850722907687,-3.649623391557997,-3.555225968151629,-1.5663767557610313,1,0,8,ot_disp_v2_summary_only,1.3249944318788318,-11.404844826595635
bag8,NATICUSdroid,source::NATICUSdroid,M14_groupby_aggregation,9,0,2,,,,,0,0,0,,,
bag8,NATICUSdroid,source::NATICUSdroid,M14b_groupby_shift_features,6,0,2,,,,,0,0,0,,,
bag8,NATICUSdroid,source::NATICUSdroid,M16_nearest_test_distance,7,0,0,,,,,0,0,0,,,
bag8,NATICUSdroid,source::NATICUSdroid,M17_test_directed_augmentation,12,0,0,,,,,0,0,0,,,
bag8,NATICUSdroid,source::NATICUSdroid,M18_leaf_density,8,0,0,,,,,0,0,0,,,
bag8,NATICUSdroid,source::NATICUSdroid,M19_neighborhood_consensus,6,0,0,,,,,0,0,0,,,
bag8,NATICUSdroid,source::NATICUSdroid,M1_frequency_encoding,6,0,4,,,,,0,0,0,,,
bag8,NATICUSdroid,source::NATICUSdroid,M20_cluster_membership,8,0,0,,,,,0,0,0,,,
bag8,NATICUSdroid,source::NATICUSdroid,M2_frequency_ratio,7,0,2,,,,,0,0,0,,,
bag8,NATICUSdroid,source::NATICUSdroid,M3_joint_pca,4,0,0,,,,,0,0,0,,,
bag8,NATICUSdroid,source::NATICUSdroid,M3b_joint_tsne,3,0,0,,,,,0,0,0,,,
bag8,NATICUSdroid,source::NATICUSdroid,M4_target_encoding,12,0,2,,,,,0,0,0,,,
bag8,NATICUSdroid,source::NATICUSdroid,M5_joint_scaling,1,0,0,,,,,0,0,0,,,
bag8,NATICUSdroid,source::NATICUSdroid,M6_adversarial_validation,16,0,0,,,,,0,0,0,,,
bag8,NATICUSdroid,source::NATICUSdroid,M7_pseudo_labeling,9,0,0,,,,,0,0,0,,,
bag8,NATICUSdroid,source::NATICUSdroid,M8_label_propagation,11,0,0,,,,,0,0,0,,,
bag8,NATICUSdroid,source::NATICUSdroid,M9_optimal_transport,9,0,0,,,,,0,0,0,,,
bag8,QSAR-TID-11,source::QSAR-TID-11,M14_groupby_aggregation,9,9,2,0.0,-0.0020162520286023554,0.0,0.0,0,7,2,joint_groupby_combined,0.0,-0.0172825112144518
bag8,QSAR-TID-11,source::QSAR-TID-11,M14b_groupby_shift_features,6,6,2,0.0,-0.003024378042903533,-0.00064781778222705,0.0,0,4,2,groupby_shift_cohen_d,0.0,-0.0172825112144518
bag8,QSAR-TID-11,source::QSAR-TID-11,M16_nearest_test_distance,7,7,0,-3.2265528676196897,-4.527811485537674,-5.901643368231358,-3.072924138204314,0,0,7,nearest_test_k5_both,-2.7078707055128093,-7.811121812759872
bag8,QSAR-TID-11,source::QSAR-TID-11,M17_test_directed_augmentation,12,12,0,-2.014203677640912,-2.021001337902949,-2.0547559913597544,-1.9055651873427828,0,0,12,tdda_v2_k5_lam07_nopfl_dw,-1.7024972296588203,-2.408032522539106
bag8,QSAR-TID-11,source::QSAR-TID-11,M18_leaf_density,8,8,0,-2.7472302426033623,-2.960959908098548,-3.5478951800818526,-2.295385222071571,0,0,8,leaf_density_embed_k5,-1.6555745667084272,-4.884571011704453
bag8,QSAR-TID-11,source::QSAR-TID-11,M19_neighborhood_consensus,6,6,0,-7.544459876499346,-7.754733539992799,-7.987086183992987,-7.187395193331206,0,0,6,neighbor_consensus_k10_uniform,-6.680467544814327,-9.556012023377743
bag8,QSAR-TID-11,source::QSAR-TID-11,M1_frequency_encoding,6,6,4,-0.0008637570429694,-0.006048756085807066,-0.013177822671581199,-0.00021593926074235,0,2,4,joint_freq_combined,0.0,-0.0172825112144518
bag8,QSAR-TID-11,source::QSAR-TID-11,M20_cluster_membership,8,8,0,-0.8800709807641196,-0.8478182256678957,-1.4815311223294447,-0.5966315292006731,1,0,7,cluster_membership_k10_weight,0.4416551259440239,-1.672883566468544
bag8,QSAR-TID-11,source::QSAR-TID-11,M2_frequency_ratio,7,7,2,0.0,-0.002592324036774457,-0.0004318785214847,0.0,0,5,2,freq_ratio_log,0.0,-0.0172825112144518
bag8,QSAR-TID-11,source::QSAR-TID-11,M3_joint_pca,4,4,0,-5.310954288598389,-5.477904834928717,-9.517224425133923,-1.2716346983931837,0,0,4,joint_pca_5,-0.8830037973116073,-10.406706965206483
bag8,QSAR-TID-11,source::QSAR-TID-11,M3b_joint_tsne,3,3,0,2.1415409493509814,2.0581102506088924,1.9236141544772067,2.234321696111623,3,0,0,joint_tsne_2d_p30,2.327102442872264,1.705687359603432
bag8,QSAR-TID-11,source::QSAR-TID-11,M4_target_encoding,12,12,2,0.0,-0.0015121890214517665,0.0,0.0,0,10,2,target_enc_absolute,0.0,-0.0172825112144518
bag8,QSAR-TID-11,source::QSAR-TID-11,M5_joint_scaling,1,1,0,0.0,0.0,0.0,0.0,0,1,0,joint_scaling,0.0,0.0
bag8,QSAR-TID-11,source::QSAR-TID-11,M6_adversarial_validation,16,16,0,-0.0236927526891168,-0.7174933192687916,-1.664665582135069,0.05986999058807442,5,0,11,adversarial_reweight_lgbm_cal_iso_ratio_hard,0.1180921395381342,-1.992171540070728
bag8,QSAR-TID-11,source::QSAR-TID-11,M8_label_propagation,11,11,0,-0.447363349685646,-0.4640607833122401,-1.0960925237751957,0.14584068542671164,3,0,8,label_prop_k10_a05,1.0357947679110422,-1.8378865767438075
bag8,QSAR-TID-11,source::QSAR-TID-11,M9_optimal_transport,9,9,0,0.0,-0.01725529405705441,0.0,0.0,0,8,1,ot_disp_v2_selective,0.0,-0.1552976465134897
bag8,QSAR_fish_toxicity,source::QSAR_fish_toxicity,M14_groupby_aggregation,9,9,2,0.0,-0.026680554058870806,-0.0880282371556745,0.0646718599749387,4,1,4,joint_groupby_mean_only,0.1241615701158511,-0.234334379575705
bag8,QSAR_fish_toxicity,source::QSAR_fish_toxicity,M14b_groupby_shift_features,6,6,2,0.2753954411302115,0.2560139500451272,0.2136606323418667,0.3685722075896457,5,1,0,groupby_shift_cohen_d,0.3925793255217984,0.0
bag8,QSAR_fish_toxicity,source::QSAR_fish_toxicity,M16_nearest_test_distance,7,7,0,-1.86090148482412,-2.0318792563114147,-2.2132121339081188,-1.7817708347327614,0,0,7,nearest_test_rel_k10_both,-1.5066097942255543,-2.8656775778484693
bag8,QSAR_fish_toxicity,source::QSAR_fish_toxicity,M17_test_directed_augmentation,12,12,0,-4.7154538005881435,-4.737844976698982,-4.846908315982309,-4.476706007380361,0,0,12,tdda_v2_k5_lam07_pfl_dw_cumshift,-4.273726352854932,-5.396339924107601
bag8,QSAR_fish_toxicity,source::QSAR_fish_toxicity,M18_leaf_density,8,8,0,-1.8166477205963436,-1.5485893225780802,-1.9898516832609179,-1.03837928146628,0,0,8,leaf_density_embed_k10_cumshift,-0.5302833097600228,-2.226391812156097
bag8,QSAR_fish_toxicity,source::QSAR_fish_toxicity,M19_neighborhood_consensus,6,6,0,-4.000535097916499,-3.8937082786263466,-4.1525651025258705,-3.695852778135191,0,0,6,neighbor_consensus_k10_dist_cumshift,-2.51389636861726,-5.04974933170407
bag8,QSAR_fish_toxicity,source::QSAR_fish_toxicity,M1_frequency_encoding,6,6,4,0.0,0.0,0.0,0.0,0,6,0,joint_freq_combined,0.0,0.0
bag8,QSAR_fish_toxicity,source::QSAR_fish_toxicity,M20_cluster_membership,8,8,0,-0.3461879601374517,-0.41600188711565944,-0.6393459510042063,-0.06779094625553822,2,0,6,cluster_membership_k10_weight,0.6894209218027579,-1.696362601100747
bag8,QSAR_fish_toxicity,source::QSAR_fish_toxicity,M2_frequency_ratio,7,7,2,0.0,0.0,0.0,0.0,0,7,0,freq_ratio_log,0.0,0.0
bag8,QSAR_fish_toxicity,source::QSAR_fish_toxicity,M3_joint_pca,4,4,0,0.8121635140990973,0.8001002389617407,0.8001002389617405,0.8121635140990973,4,0,0,joint_pca_5,0.8121635140990973,0.7639104135496703
bag8,QSAR_fish_toxicity,source::QSAR_fish_toxicity,M3b_joint_tsne,3,3,0,0.8204731504535564,0.3190717700862521,-0.026177942149151923,0.9150221725053083,2,0,1,joint_tsne_2d_p50,1.0095711945570602,-0.8728290347518602
bag8,QSAR_fish_toxicity,source::QSAR_fish_toxicity,M4_target_encoding,12,12,2,0.0,0.0,0.0,0.0,0,12,0,target_enc_absolute,0.0,0.0
bag8,QSAR_fish_toxicity,source::QSAR_fish_toxicity,M5_joint_scaling,1,1,0,-0.3226968957991785,-0.3226968957991785,-0.3226968957991785,-0.3226968957991785,0,0,1,joint_scaling,-0.3226968957991785,-0.3226968957991785
bag8,QSAR_fish_toxicity,source::QSAR_fish_toxicity,M6_adversarial_validation,16,16,0,0.04655587608539355,-0.22070470153916505,-0.9539850117198977,0.39087153353322585,8,0,8,adversarial_reweight_lgbm_raw_hard,0.8695158632889273,-1.4077702731643635
bag8,QSAR_fish_toxicity,source::QSAR_fish_toxicity,M8_label_propagation,11,11,0,-0.8429274860172099,-1.034854130576947,-1.0633135595985321,-0.7034020010915832,0,0,11,label_prop_v3_t005_k10,-0.4602317764425501,-2.6086589518308565
bag8,QSAR_fish_toxicity,source::QSAR_fish_toxicity,M9_optimal_transport,9,9,0,-9.613406346204291,-7.467743127254177,-9.613406346204291,-3.129189191908937,0,0,9,ot_disp_v2_summary_only,-2.029590594305436,-10.657065777202614
bag8,SDSS17,source::SDSS17,M14_groupby_aggregation,9,0,2,,,,,0,0,0,,,
bag8,SDSS17,source::SDSS17,M14b_groupby_shift_features,6,0,2,,,,,0,0,0,,,
bag8,SDSS17,source::SDSS17,M16_nearest_test_distance,7,0,0,,,,,0,0,0,,,
bag8,SDSS17,source::SDSS17,M17_test_directed_augmentation,12,0,0,,,,,0,0,0,,,
bag8,SDSS17,source::SDSS17,M18_leaf_density,8,0,0,,,,,0,0,0,,,
bag8,SDSS17,source::SDSS17,M19_neighborhood_consensus,6,0,0,,,,,0,0,0,,,
bag8,SDSS17,source::SDSS17,M1_frequency_encoding,6,0,4,,,,,0,0,0,,,
bag8,SDSS17,source::SDSS17,M20_cluster_membership,8,0,0,,,,,0,0,0,,,
bag8,SDSS17,source::SDSS17,M2_frequency_ratio,7,0,2,,,,,0,0,0,,,
bag8,SDSS17,source::SDSS17,M3_joint_pca,4,0,0,,,,,0,0,0,,,
bag8,SDSS17,source::SDSS17,M3b_joint_tsne,3,0,0,,,,,0,0,0,,,
bag8,SDSS17,source::SDSS17,M4_target_encoding,12,0,2,,,,,0,0,0,,,
bag8,SDSS17,source::SDSS17,M5_joint_scaling,1,0,0,,,,,0,0,0,,,
bag8,SDSS17,source::SDSS17,M6_adversarial_validation,16,0,0,,,,,0,0,0,,,
bag8,SDSS17,source::SDSS17,M7_pseudo_labeling,9,0,0,,,,,0,0,0,,,
bag8,SDSS17,source::SDSS17,M8_label_propagation,11,0,0,,,,,0,0,0,,,
bag8,SDSS17,source::SDSS17,M9_optimal_transport,9,0,0,,,,,0,0,0,,,
bag8,airfoil_self_noise,source::airfoil_self_noise,M14_groupby_aggregation,9,9,2,0.0,-2.20837459202592,-2.9838354706599217,0.5652025904770731,4,1,4,joint_groupby_combined,1.1837680743081156,-8.26223157126583
bag8,airfoil_self_noise,source::airfoil_self_noise,M14b_groupby_shift_features,6,6,2,-0.0370534809134792,-0.002746243408462625,-0.1441854933447022,0.21957413671077344,2,1,3,groupby_shift_cohen_d,0.3904811187100112,-0.4580721290975763
bag8,airfoil_self_noise,source::airfoil_self_noise,M16_nearest_test_distance,7,7,0,-75.71078491810523,-81.54105242951832,-93.23930167819216,-68.15433571924407,0,0,7,nearest_test_k10_both,-64.56312517734484,-107.72618211630568
bag8,airfoil_self_noise,source::airfoil_self_noise,M17_test_directed_augmentation,12,12,0,-1.7525689089875207,-1.2147969917081665,-2.15494094591013,0.5566811977376603,4,0,8,tdda_v2_k5_lam07_pfl_dw_cumshift,1.0423085443492537,-4.210907883058032
bag8,airfoil_self_noise,source::airfoil_self_noise,M18_leaf_density,8,8,0,-36.36998973832873,-39.33582243970902,-44.102349257049696,-34.509414004808356,0,0,8,leaf_density_conf_shallow,-30.81691560986044,-51.20496830651808
bag8,airfoil_self_noise,source::airfoil_self_noise,M19_neighborhood_consensus,6,6,0,-37.27605644272235,-37.53607201441953,-38.73262278030866,-36.42245320185701,0,0,6,neighbor_consensus_k10_uniform,-35.679254726051354,-39.629000793948485
bag8,airfoil_self_noise,source::airfoil_self_noise,M1_frequency_encoding,6,6,4,0.1693774365227235,0.11158673520566713,-0.0458343592926754,0.20394391543017548,4,0,2,joint_freq_combined__sel_combined_intersection,0.3414844700393877,-0.1086133823523498
bag8,airfoil_self_noise,source::airfoil_self_noise,M20_cluster_membership,8,8,0,-9.298667040001156,-7.708980056728086,-9.843563052418393,-5.603456462935829,0,0,8,cluster_membership_k10_weight,-0.1945266013900935,-11.329883409260486
bag8,airfoil_self_noise,source::airfoil_self_noise,M2_frequency_ratio,7,7,2,0.0,-0.08604762715383339,-0.0292699391713202,0.010667518368925,2,3,2,freq_ratio_log,0.0241259660393081,-0.5892545145113515
bag8,airfoil_self_noise,source::airfoil_self_noise,M3_joint_pca,4,4,0,-2.827097579837577,-2.827097579837577,-2.827097579837577,-2.827097579837577,0,0,4,joint_pca_10,-2.827097579837577,-2.827097579837577
bag8,airfoil_self_noise,source::airfoil_self_noise,M3b_joint_tsne,3,3,0,-2.45817696059228,-1.8067904045357972,-3.4870673451046077,-0.45220674199522803,1,0,2,joint_tsne_2d_p50,1.553763476601824,-4.515957729616936
bag8,airfoil_self_noise,source::airfoil_self_noise,M4_target_encoding,12,12,2,-0.13477468216510685,-4.380640158774734,-10.285180722731468,0.41623884877375744,6,0,6,target_enc_ratio__sel_combined_union,0.6043727738570696,-13.107050456881629
bag8,airfoil_self_noise,source::airfoil_self_noise,M5_joint_scaling,1,1,0,0.0,0.0,0.0,0.0,0,1,0,joint_scaling,0.0,0.0
bag8,airfoil_self_noise,source::airfoil_self_noise,M6_adversarial_validation,16,16,0,-0.11742240784640905,-13.609201898115938,-29.58223340832801,0.3597198130190567,7,0,9,adversarial_reweight_lgbm_cal_iso_ratio_winsorize,0.990288428133071,-36.22009294720278
bag8,airfoil_self_noise,source::airfoil_self_noise,M8_label_propagation,11,11,0,-25.58658569060573,-25.267890134019865,-29.215817548939313,-22.51883981900076,0,0,11,label_prop_weighted_adaptive_a05,-16.893312616922202,-31.72378863255632
bag8,airfoil_self_noise,source::airfoil_self_noise,M9_optimal_transport,9,9,0,-32.65279585249195,-31.853183690919177,-35.192481702350015,-26.05936074107939,0,0,9,ot_disp_v2_summary_only,-22.37777600059912,-42.31344277072122
bag8,anneal,source::anneal,M14_groupby_aggregation,9,0,2,,,,,0,0,0,,,
bag8,anneal,source::anneal,M14b_groupby_shift_features,6,0,2,,,,,0,0,0,,,
bag8,anneal,source::anneal,M16_nearest_test_distance,7,0,0,,,,,0,0,0,,,
bag8,anneal,source::anneal,M17_test_directed_augmentation,12,0,0,,,,,0,0,0,,,
bag8,anneal,source::anneal,M18_leaf_density,8,0,0,,,,,0,0,0,,,
bag8,anneal,source::anneal,M19_neighborhood_consensus,6,0,0,,,,,0,0,0,,,
bag8,anneal,source::anneal,M1_frequency_encoding,6,0,4,,,,,0,0,0,,,
bag8,anneal,source::anneal,M20_cluster_membership,8,0,0,,,,,0,0,0,,,
bag8,anneal,source::anneal,M2_frequency_ratio,7,0,2,,,,,0,0,0,,,
bag8,anneal,source::anneal,M3_joint_pca,4,0,0,,,,,0,0,0,,,
bag8,anneal,source::anneal,M3b_joint_tsne,3,0,0,,,,,0,0,0,,,
bag8,anneal,source::anneal,M4_target_encoding,12,0,2,,,,,0,0,0,,,
bag8,anneal,source::anneal,M5_joint_scaling,1,0,0,,,,,0,0,0,,,
bag8,anneal,source::anneal,M6_adversarial_validation,16,0,0,,,,,0,0,0,,,
bag8,anneal,source::anneal,M7_pseudo_labeling,9,0,0,,,,,0,0,0,,,
bag8,anneal,source::anneal,M8_label_propagation,11,0,0,,,,,0,0,0,,,
bag8,anneal,source::anneal,M9_optimal_transport,9,0,0,,,,,0,0,0,,,
bag8,bank-marketing,source::bank-marketing,M14_groupby_aggregation,9,9,2,-0.0356196463453524,-0.028761547357344843,-0.0741037853269742,0.0217221303815465,3,0,6,joint_groupby_combined__sel_combined_union,0.0528382568617989,-0.083829793723012
bag8,bank-marketing,source::bank-marketing,M14b_groupby_shift_features,6,6,2,-0.0772139650419752,-0.07053040709498848,-0.1105703076097641,-0.04331069358364517,1,0,5,groupby_shift_cohen_d__sel_combined_intersection,0.0015593903184779,-0.1166152112412295
bag8,bank-marketing,source::bank-marketing,M16_nearest_test_distance,7,7,0,-0.625577737583198,-0.7127748744555278,-0.836502114987506,-0.6128213336015333,0,0,7,nearest_test_k10_cumshift_both,-0.4244619134844797,-1.0407375729429371
bag8,bank-marketing,source::bank-marketing,M17_test_directed_augmentation,12,12,0,-18.934304374922107,-18.114455418786964,-22.086751642237193,-14.938444334525428,0,0,12,tdda_v2_k5_lam07_nopfl_dw,-9.885140930085733,-22.55550616652272
bag8,bank-marketing,source::bank-marketing,M18_leaf_density,8,8,0,0.00191153525495385,-0.31383181704718516,-0.09540251653778803,0.1499150901016244,4,0,4,leaf_density_embed_k5,0.3355073265731967,-3.012962389744963
bag8,bank-marketing,source::bank-marketing,M19_neighborhood_consensus,6,6,0,-1.8663165525207375,-1.8571260565504817,-2.186651762406863,-1.520709240442586,0,0,6,neighbor_consensus_k10_dist_cumshift,-1.4097173183713754,-2.3014689471045995
bag8,bank-marketing,source::bank-marketing,M1_frequency_encoding,6,6,4,-0.007880771278273201,0.007087735025093682,-0.01613584863446625,0.0401356704610161,2,0,4,joint_freq_combined__sel_combined_intersection,0.0654860891389691,-0.0444517463861092
bag8,bank-marketing,source::bank-marketing,M20_cluster_membership,8,8,0,0.1164759024028319,0.0858211107492147,0.014468728882376151,0.16770254056849024,6,0,2,cluster_membership_k10_both,0.2415051059250767,-0.1198125345830865
bag8,bank-marketing,source::bank-marketing,M2_frequency_ratio,7,7,2,0.0058592648946742,0.03816629738912924,0.0030551742182874002,0.07155192944389656,6,0,1,freq_ratio_log,0.1304628712340669,-0.0183722617292044
bag8,bank-marketing,source::bank-marketing,M3_joint_pca,4,4,0,0.1282267763842281,0.1282267763842281,0.1282267763842281,0.1282267763842281,4,0,0,joint_pca_10,0.1282267763842281,0.1282267763842281
bag8,bank-marketing,source::bank-marketing,M3b_joint_tsne,3,3,0,0.2298333408414519,0.20795711210529114,0.1680801763706041,0.25877216220805854,3,0,0,joint_tsne_3d_p30,0.2877109835746652,0.1063270118997563
bag8,bank-marketing,source::bank-marketing,M4_target_encoding,12,12,2,0.0610101445088639,0.05951579065233068,0.033931591435771,0.06729655822679548,12,0,0,target_enc_oof_absolute,0.127481427529918,0.0124382517322336
bag8,bank-marketing,source::bank-marketing,M5_joint_scaling,1,1,0,0.0533110728726993,0.0533110728726993,0.0533110728726993,0.0533110728726993,1,0,0,joint_scaling,0.0533110728726993,0.0533110728726993
bag8,bank-marketing,source::bank-marketing,M6_adversarial_validation,16,16,0,0.061531363052543156,0.08189353547768541,0.04374370725373945,0.11011681464499126,14,0,2,adversarial_logreg_feature,0.369513399441881,-0.0871944280849742
bag8,bank-marketing,source::bank-marketing,M7_pseudo_labeling,9,9,0,0.0654947630528894,0.038046129349574624,-0.0298872504397645,0.0944947862588241,6,0,3,pseudo_label_v2_cal_iso_wfixed_conf90,0.1637046539502384,-0.1264307077655185
bag8,bank-marketing,source::bank-marketing,M8_label_propagation,11,11,0,-0.0958665100119293,0.04074861369291787,-0.24926133553439633,0.3106551230265532,5,0,6,label_prop_v3_t01_k15,0.496274806997204,-0.3315753646540743
bag8,bank-marketing,source::bank-marketing,M9_optimal_transport,9,9,0,-1.1674764432798517,-0.7910147466162228,-1.1674824209835089,-0.0738264251329777,1,0,8,ot_disp_v2_summary_only,0.025960896323526,-1.180377141674567
bag8,bike_sharing,source::bike_sharing,M14_groupby_aggregation,9,9,2,0.0,0.03132573504142771,0.0,0.0592978354369737,4,3,2,joint_groupby_combined,0.1465877632591598,-0.0376786542879612
bag8,bike_sharing,source::bike_sharing,M14b_groupby_shift_features,6,6,2,-0.0257409688163342,-0.0588187259579507,-0.11373458411330352,-0.01790937197192045,0,1,5,groupby_shift_cohen_d__sel_combined_intersection,0.0,-0.1430657892122933
bag8,bike_sharing,source::bike_sharing,M16_nearest_test_distance,7,7,0,-0.9409209610822116,-1.059351883873694,-1.19865327788458,-0.6384378860316089,0,0,7,nearest_test_k10_filter_both,-0.4256907883338042,-2.374669109867464
bag8,bike_sharing,source::bike_sharing,M17_test_directed_augmentation,12,12,0,0.022618169710452152,-0.018998539172467382,-0.09897469047007126,0.0664764372968959,7,0,5,tdda_k5_lam07_aug1_cumshift,0.1316506993536318,-0.2509749330002978
bag8,bike_sharing,source::bike_sharing,M18_leaf_density,8,8,0,-0.3102411801745848,-0.2890321812362312,-0.5125061951559627,-0.06626114286527562,1,0,7,leaf_density_conf_cumshift,0.0512453876692986,-0.5917651695747056
bag8,bike_sharing,source::bike_sharing,M19_neighborhood_consensus,6,6,0,0.1592954496832214,0.19827002818911157,0.07575333382603489,0.255151083805269,6,0,0,neighbor_consensus_k20_dist,0.4660688039210149,0.069951542127621
bag8,bike_sharing,source::bike_sharing,M1_frequency_encoding,6,6,4,0.05093576065232445,0.036784029634934455,0.012604181386469375,0.05448733313744785,4,2,0,joint_freq_combined__sel_combined_union,0.0633344775746178,0.0
bag8,bike_sharing,source::bike_sharing,M20_cluster_membership,8,8,0,-0.33212756035521906,-0.33241496442507124,-0.4331283333481195,-0.25563225308246657,0,0,8,cluster_membership_k10_weight,-0.0470739495048916,-0.5179139635077219
bag8,bike_sharing,source::bike_sharing,M2_frequency_ratio,7,7,2,-0.0006408748083331,0.006515619877437389,-0.030352672498745802,0.0240524213559475,2,1,4,freq_ratio_log__sel_combined_union,0.1112446003260427,-0.0523938840900513
bag8,bike_sharing,source::bike_sharing,M3_joint_pca,4,4,0,-0.3163725311998352,-0.3163725311998352,-0.3453136619704791,-0.2874314004291914,0,0,4,joint_pca_var90,-0.2874314004291914,-0.3453136619704791
bag8,bike_sharing,source::bike_sharing,M3b_joint_tsne,3,3,0,-0.5510839467919827,-0.47188626714755905,-0.5677861664894113,-0.41558520762791873,0,0,3,joint_tsne_2d_p30,-0.2800864684638547,-0.58448838618684
bag8,bike_sharing,source::bike_sharing,M4_target_encoding,12,12,2,-0.05322927945057595,-0.0659320313409843,-0.12013002979677695,-0.00024083693343135003,2,1,9,target_enc_diff,0.0025270455620528,-0.1627072207176567
bag8,bike_sharing,source::bike_sharing,M5_joint_scaling,1,1,0,0.0,0.0,0.0,0.0,0,1,0,joint_scaling,0.0,0.0
bag8,bike_sharing,source::bike_sharing,M6_adversarial_validation,16,16,0,-0.22356853854120964,-0.26009492136575374,-0.36789279835825783,-0.13795164202236387,1,0,15,adversarial_lgbm_cal_platt_feature,0.0579034109554119,-0.6187139593847785
bag8,bike_sharing,source::bike_sharing,M8_label_propagation,11,11,0,-0.9305646725290776,-1.041097106021536,-1.4325705071173211,-0.43146536057474155,0,0,11,label_prop_weighted_adaptive_a05,-0.210850439264085,-2.5147258096803813
bag8,bike_sharing,source::bike_sharing,M9_optimal_transport,9,9,0,-0.6749488646824701,-0.8605082690163949,-1.5063379304064668,-0.2932492214429923,1,0,8,ot_displacement_no_mag,0.6458017296810765,-2.2116406433274323
bag8,blood-transfusion-service-center,source::blood-transfusion-service-center,M14_groupby_aggregation,9,9,2,0.0,0.13308019470906038,0.0,0.0,2,6,1,targeted_groupby_top3,0.6493763444481228,-0.1010309365147022
bag8,blood-transfusion-service-center,source::blood-transfusion-service-center,M14b_groupby_shift_features,6,6,2,0.0,-0.016838489419117034,0.0,0.0,0,5,1,groupby_shift_cohen_d,0.0,-0.1010309365147022
bag8,blood-transfusion-service-center,source::blood-transfusion-service-center,M16_nearest_test_distance,7,7,0,-2.6036514264305555,-1.5533386214208629,-2.7776772145771007,-2.3322149769944227,1,0,6,nearest_test_rel_k5_both,4.85116880164678,-2.9011033420192174
bag8,blood-transfusion-service-center,source::blood-transfusion-service-center,M17_test_directed_augmentation,12,12,0,-10.376971681870433,-10.137710779299335,-11.539122125354151,-7.551094291331149,0,0,12,tdda_k5_lam07_aug1,-6.743730819908164,-15.065649060622771
bag8,blood-transfusion-service-center,source::blood-transfusion-service-center,M18_leaf_density,8,8,0,1.897276795298695,2.2998956013655927,-0.467394370051082,3.0753606593952427,5,0,3,leaf_density_embed_k10,8.167256715400042,-0.6426409486804923
bag8,blood-transfusion-service-center,source::blood-transfusion-service-center,M19_neighborhood_consensus,6,6,0,-4.787561407866114,-4.901417660488352,-7.839600759415874,-2.1140092022344783,0,0,6,neighbor_consensus_k10_uniform,-1.5742303757929783,-8.179380427781844
bag8,blood-transfusion-service-center,source::blood-transfusion-service-center,M1_frequency_encoding,6,6,4,0.0,-0.03367697883823407,-0.07577320238602665,0.0,0,4,2,joint_freq_combined,0.0,-0.1010309365147022
bag8,blood-transfusion-service-center,source::blood-transfusion-service-center,M20_cluster_membership,8,8,0,0.5696881932721689,0.23678073340038952,-0.055482822635991136,0.9102255936619683,6,0,2,cluster_membership_k10_feature,1.6740826180483035,-2.536129083859887
bag8,blood-transfusion-service-center,source::blood-transfusion-service-center,M2_frequency_ratio,7,7,2,0.0,-0.014432990930671743,0.0,0.0,0,6,1,freq_ratio_log,0.0,-0.1010309365147022
bag8,blood-transfusion-service-center,source::blood-transfusion-service-center,M3_joint_pca,4,4,0,0.43173886870606926,0.328476832343357,-0.606901254888439,1.3671169559378653,2,0,2,joint_pca_10,1.3671169559378653,-0.9166873639765758
bag8,blood-transfusion-service-center,source::blood-transfusion-service-center,M3b_joint_tsne,3,3,0,1.249668492239563,1.2866289765145056,1.2004580069122062,1.3543197039793338,3,0,0,joint_tsne_3d_p30,1.4589709157191044,1.1512475215848497
bag8,blood-transfusion-service-center,source::blood-transfusion-service-center,M4_target_encoding,12,12,2,0.0,-0.008419244709558517,0.0,0.0,0,11,1,target_enc_absolute,0.0,-0.1010309365147022
bag8,blood-transfusion-service-center,source::blood-transfusion-service-center,M5_joint_scaling,1,1,0,0.0,0.0,0.0,0.0,0,1,0,joint_scaling,0.0,0.0
bag8,blood-transfusion-service-center,source::blood-transfusion-service-center,M6_adversarial_validation,16,16,0,-0.16792183573213348,0.3975567351852735,-1.0660237170123508,0.7079953357383981,5,0,11,adversarial_lgbm_feature,5.408943763654954,-2.734654874111253
bag8,blood-transfusion-service-center,source::blood-transfusion-service-center,M7_pseudo_labeling,9,9,0,-0.4467251242891333,-0.5586075317627905,-1.0983746648088382,0.0,2,1,6,pseudo_label_lgbm_conf90_iter1,1.1247269007496998,-3.4832941136850977
bag8,blood-transfusion-service-center,source::blood-transfusion-service-center,M8_label_propagation,11,11,0,-1.3459846517169256,-1.2415783634595736,-1.990519930457054,-0.2523668601689847,3,0,8,label_prop_v3_t005_k15,0.4830120689872937,-3.457615417320937
bag8,blood-transfusion-service-center,source::blood-transfusion-service-center,M9_optimal_transport,9,9,0,-3.264225366342395,-3.102211033981493,-3.33006385997116,-2.2807733918190425,0,0,9,ot_disp_v2_selective,-2.2807733918190425,-4.447129248035181
bag8,brfss_diabetes,source::brfss_diabetes,M14_groupby_aggregation,9,9,2,-0.0174713495061994,-0.008879490933139255,-0.0435952478877998,0.0299091201541531,3,0,6,joint_groupby_combined__sel_combined_intersection,0.0519443703608518,-0.0480022376656706
bag8,brfss_diabetes,source::brfss_diabetes,M14b_groupby_shift_features,6,6,2,-0.0114881695479732,-0.0005362567001216822,-0.02536133992269165,0.033021726646480204,2,0,4,groupby_shift_cohen_d__sel_combined_union,0.0530405622697944,-0.0511543920382783
bag8,brfss_diabetes,source::brfss_diabetes,M16_nearest_test_distance,7,7,0,-0.2452260848014777,-0.23601023421520834,-0.2821586448206785,-0.18794945492543685,0,0,7,nearest_test_rel_k10_both,-0.138618785132583,-0.328010570080167
bag8,brfss_diabetes,source::brfss_diabetes,M17_test_directed_augmentation,12,12,0,-8.705420248124856,-8.690016204418681,-8.797583362526456,-8.625252834400124,0,0,12,tdda_k5_lam07_aug1_cumshift,-8.429675177192468,-8.857212921781503
bag8,brfss_diabetes,source::brfss_diabetes,M18_leaf_density,4,4,0,-0.13804537853483545,-0.14403304058602695,-0.17211800535123808,-0.10996041376962432,0,0,4,leaf_density_conf_deep,-0.1042735980924911,-0.1957678071819458
bag8,brfss_diabetes,source::brfss_diabetes,M19_neighborhood_consensus,6,6,0,-0.11112551315169765,-0.10736108226487706,-0.11424472978976774,-0.10163948328556252,0,0,6,neighbor_consensus_k10_uniform,-0.0862936251827649,-0.1218599001037935
bag8,brfss_diabetes,source::brfss_diabetes,M1_frequency_encoding,6,6,4,0.0545891065985552,0.04793343690923851,0.029299367171257626,0.06400698228455885,6,0,0,joint_freq_combined__sel_combined_intersection,0.069537226020777,0.0208694540288251
bag8,brfss_diabetes,source::brfss_diabetes,M20_cluster_membership,8,8,0,-0.0127123082654333,0.0032419374767467864,-0.0344684257675096,0.05307598587102335,3,0,5,cluster_membership_k5_feature,0.0968468075145373,-0.0701598226484462
bag8,brfss_diabetes,source::brfss_diabetes,M2_frequency_ratio,7,7,2,0.094924253233284,0.09987447484544594,0.094901051810223,0.105443688040541,7,0,0,freq_ratio_v2_both_gated,0.1308210731032495,0.0726865178800599
bag8,brfss_diabetes,source::brfss_diabetes,M3_joint_pca,4,4,0,-0.24349987632920816,-0.24349987632920816,-0.2466519177078274,-0.2403478349505889,0,0,4,joint_pca_5,-0.2403478349505889,-0.2466519177078274
bag8,brfss_diabetes,source::brfss_diabetes,M4_target_encoding,12,12,2,0.08239567311969101,0.08763811500484382,0.0715375954643495,0.10948182792275257,12,0,0,target_enc_oof_ratio,0.1252715638995557,0.0468353115483532
bag8,brfss_diabetes,source::brfss_diabetes,M5_joint_scaling,1,1,0,0.0955524995582352,0.0955524995582352,0.0955524995582352,0.0955524995582352,1,0,0,joint_scaling,0.0955524995582352,0.0955524995582352
bag8,brfss_diabetes,source::brfss_diabetes,M6_adversarial_validation,16,16,0,-0.0421883979639861,-0.043469965853123266,-0.079839335810256,0.0030227763074592248,5,0,11,adversarial_reweight_lgbm_ratio_winsorize_tempered,0.0870200255799606,-0.261809151254502
bag8,brfss_diabetes,source::brfss_diabetes,M7_pseudo_labeling,9,9,0,-0.1926711705001891,-0.23844678299833955,-0.2578028379996946,-0.0949796955947044,1,0,8,pseudo_label_lgbm_conf90_iter1,0.0014921226863799,-0.7292134942600267
bag8,brfss_diabetes,source::brfss_diabetes,M8_label_propagation,11,11,0,-0.2538928709138831,-0.2831416955517488,-0.3299779076275239,-0.20439613768889345,0,0,11,label_prop_k15_a08,-0.1594288043471562,-0.6020067207576111
bag8,brfss_diabetes,source::brfss_diabetes,M9_optimal_transport,9,9,0,-0.7696058911594246,-0.8060286434310554,-0.7701096181587789,-0.0747832334925022,0,0,9,ot_disp_v2_summary_only,-0.0203371018969157,-2.1235467776442656
bag8,churn,source::churn,M14_groupby_aggregation,9,9,2,-0.5581875847153036,-0.6220843679081596,-0.9393094643152924,0.0066109345157123,3,0,6,targeted_groupby_top5,0.7432285446708791,-2.4995351529923013
bag8,churn,source::churn,M14b_groupby_shift_features,6,6,2,0.29001587878248547,0.11246112502146521,-0.9324615293018859,1.0580617612762488,3,0,3,groupby_shift_ratio_log,1.2784082715531062,-1.1577963357667795
bag8,churn,source::churn,M16_nearest_test_distance,7,7,0,-1.2004664571065222,-1.4971824814764854,-3.0159629992315606,-0.4694189856309556,2,0,5,nearest_test_rel_k10_both,1.5571007932268144,-3.8661477367306567
bag8,churn,source::churn,M17_test_directed_augmentation,12,12,0,3.10501248779438,3.085267880199437,2.473703352721857,3.4021145560589274,12,0,0,tdda_k5_lam06_aug1,5.239451509121171,0.4887928358335026
bag8,churn,source::churn,M18_leaf_density,8,8,0,-1.6213542614720258,-1.2633186128855098,-2.070179283227237,-0.46903025465594395,2,0,6,leaf_density_conf_cumshift,1.4567379793221429,-3.8090770137255134
bag8,churn,source::churn,M19_neighborhood_consensus,6,6,0,-2.0782824430985594,-1.964620013967312,-2.9945407875851124,-1.3003138889766248,1,0,5,neighbor_consensus_k20_dist,5.368299525692984,-8.658503449949793
bag8,churn,source::churn,M1_frequency_encoding,6,6,4,0.6595259879697022,0.5356696115085489,0.4673649813179885,0.9289265853715564,5,0,1,joint_freq_separate__sel_combined_intersection,1.0356445237310057,-0.5627169275587085
bag8,churn,source::churn,M20_cluster_membership,8,8,0,-1.3790620067035968,-1.605890292494793,-3.095242800614625,-0.35448377604948006,2,0,6,cluster_membership_k5_both,0.3706587465195876,-3.847849793548854
bag8,churn,source::churn,M2_frequency_ratio,7,7,2,0.0,-0.18776745094141328,-0.4514897098898,0.0,1,3,3,freq_ratio_v2_ratio_ungated,0.6346045705632217,-1.0459973073735145
bag8,churn,source::churn,M3_joint_pca,4,4,0,2.019078715614813,1.8569628514134309,1.5817413211546247,2.2943002458736195,4,0,0,joint_pca_10,2.2943002458736195,1.0953937285504776
bag8,churn,source::churn,M3b_joint_tsne,3,3,0,1.1635896812641713,1.117139255690651,0.5587844748572758,1.6987192493107863,2,0,1,joint_tsne_3d_p30,2.2338488173574014,-0.0460207315496197
bag8,churn,source::churn,M4_target_encoding,12,12,2,0.42668867368841057,0.3549243378209402,-0.5008108928138341,0.9617793686376239,8,0,4,target_enc_oof_inv_ratio,1.6433639584789794,-0.7065223088694635
bag8,churn,source::churn,M5_joint_scaling,1,1,0,0.6887610652271038,0.6887610652271038,0.6887610652271038,0.6887610652271038,1,0,0,joint_scaling,0.6887610652271038,0.6887610652271038
bag8,churn,source::churn,M6_adversarial_validation,16,16,0,0.8099423037962028,0.9487092300833385,0.5229397170549126,1.3098603693384514,14,0,2,adversarial_lgbm_cal_iso_feature,2.894566077669729,-0.6004263400697966
bag8,churn,source::churn,M7_pseudo_labeling,9,9,0,2.839080373865748,2.9464531636884734,2.488440018584832,3.575863508178085,9,0,0,pseudo_label_v2_cal_iso_wquad_conf90,3.8869987646378834,1.5487493471200018
bag8,churn,source::churn,M8_label_propagation,11,11,0,-2.4317605344966253,-2.8835794687429557,-5.5424886215937015,-1.400858528659891,2,0,9,label_prop_weighted_adaptive_a05,2.939653854879553,-6.556381766320384
bag8,churn,source::churn,M9_optimal_transport,9,9,0,1.680461433197314,3.4170472593704924,0.1646112662662671,8.316751240315114,7,0,2,ot_disp_v2_selective,8.378005210198788,-3.0598996311669904
bag8,coil2000_insurance_policies,source::coil2000_insurance_policies,M14_groupby_aggregation,9,9,2,1.791546129732738,1.5374229555876044,1.3667311460684517,1.9269199033510025,9,0,0,joint_groupby_combined__sel_combined_union,1.9772682802544976,0.4604666544292677
bag8,coil2000_insurance_policies,source::coil2000_insurance_policies,M14b_groupby_shift_features,6,6,2,0.8736942740608243,0.9209994661450401,0.7444894485510003,0.9351010323149163,6,0,0,groupby_shift_cohen_d__sel_combined_intersection,1.4606723680285074,0.6609447556060792
bag8,coil2000_insurance_policies,source::coil2000_insurance_policies,M16_nearest_test_distance,7,7,0,-1.8139108329657327,-2.5254419233863885,-3.8799940724756823,-1.224545416794648,0,0,7,nearest_test_k10_both,-0.0730510986023315,-5.582052553595997
bag8,coil2000_insurance_policies,source::coil2000_insurance_policies,M17_test_directed_augmentation,12,12,0,-10.25815166070597,-8.48223726264672,-11.101481330769856,-3.415627351356352,0,0,12,tdda_v2_k5_lam07_nopfl_dw,-2.5103717903643195,-13.655983252192312
bag8,coil2000_insurance_policies,source::coil2000_insurance_policies,M18_leaf_density,8,8,0,-0.1932102522868282,0.1578505282407654,-0.765619400734042,0.964070995426578,4,0,4,leaf_density_conf,2.6424174958397777,-1.3837462045031526
bag8,coil2000_insurance_policies,source::coil2000_insurance_policies,M19_neighborhood_consensus,6,6,0,-12.090229313247228,-12.5160593255372,-15.439253824299525,-10.918452320568905,0,0,6,neighbor_consensus_k20_dist,-6.763286084222389,-17.0691559248466
bag8,coil2000_insurance_policies,source::coil2000_insurance_policies,M1_frequency_encoding,6,6,4,0.650439225844945,0.5699756534060897,0.030955497096782844,1.0888799166056828,4,0,2,joint_freq_separate,1.1588376372173863,-0.0993499028440621
bag8,coil2000_insurance_policies,source::coil2000_insurance_policies,M20_cluster_membership,8,8,0,1.532622815692525,1.5353531339559208,0.9177504554808293,2.2997926908803072,7,0,1,cluster_membership_k15_both,2.856824659797385,-0.1010232931411152
bag8,coil2000_insurance_policies,source::coil2000_insurance_policies,M2_frequency_ratio,7,7,2,0.1958760931394554,0.15630650838617371,0.06215113759498425,0.21170517084310256,6,0,1,freq_ratio_log__sel_combined_intersection,0.36774753155085,-0.0171906828632629
bag8,coil2000_insurance_policies,source::coil2000_insurance_policies,M3_joint_pca,4,4,0,3.3757122953587944,3.040323665394069,2.84435477121127,3.571681189541594,4,0,0,joint_pca_var90,3.891857869747152,1.5180122011115351
bag8,coil2000_insurance_policies,source::coil2000_insurance_policies,M3b_joint_tsne,3,3,0,1.827192773897389,1.735403386060791,1.3555831516176151,2.161118314422266,3,0,0,joint_tsne_3d_p30,2.4950438549471428,0.8839735293378411
bag8,coil2000_insurance_policies,source::coil2000_insurance_policies,M4_target_encoding,12,12,2,1.4847649254011142,1.3670460839510608,0.9104021439047016,1.6336713460503773,12,0,0,target_enc_absolute,2.121306600385525,0.3437364860486628
bag8,coil2000_insurance_policies,source::coil2000_insurance_policies,M5_joint_scaling,1,1,0,0.1453619790352754,0.1453619790352754,0.1453619790352754,0.1453619790352754,1,0,0,joint_scaling,0.1453619790352754,0.1453619790352754
bag8,coil2000_insurance_policies,source::coil2000_insurance_policies,M6_adversarial_validation,16,16,0,0.36998409213901784,0.4897437092296242,0.23383001451002755,0.6917089164265395,14,0,2,adversarial_rf_feature,1.530340561344918,-0.1656527988634433
bag8,coil2000_insurance_policies,source::coil2000_insurance_policies,M7_pseudo_labeling,9,9,0,0.1793013364353363,0.18441478432364045,-0.0477385926242823,0.5489629985796899,5,0,4,pseudo_label_v2_cal_iso_wquad_conf90,0.6464806455245707,-0.344796616777049
bag8,coil2000_insurance_policies,source::coil2000_insurance_policies,M8_label_propagation,11,11,0,0.357524402048436,0.36069727714134564,-0.08216753873953266,0.8095072257837005,8,0,3,label_prop_weighted_k15_a08,1.5681450324772137,-0.8443140188381241
bag8,coil2000_insurance_policies,source::coil2000_insurance_policies,M9_optimal_transport,9,9,0,0.0,-0.04725130206968683,0.0,0.0,1,7,1,ot_displacement_no_mag,0.0218282388236469,-0.4470899574508283
bag8,concrete_compressive_strength,source::concrete_compressive_strength,M14_groupby_aggregation,9,9,2,-2.226378463129534,-1.8062777401209662,-2.485257222453704,-2.043541375377232,0,0,9,joint_groupby_combined__sel_combined_intersection,-0.0005940518927285,-2.509763969330809
bag8,concrete_compressive_strength,source::concrete_compressive_strength,M14b_groupby_shift_features,6,6,2,-2.405646356903403,-1.6582614361510413,-2.537160553751226,-0.5863415541670918,0,0,6,groupby_shift_cohen_d__sel_combined_intersection,-0.0005940518927285,-2.576776611917892
bag8,concrete_compressive_strength,source::concrete_compressive_strength,M16_nearest_test_distance,7,7,0,-17.025134040004616,-17.549943645368128,-18.233476585227297,-16.600151078584855,0,0,7,nearest_test_k5_both,-15.859835399834989,-20.29738075011299
bag8,concrete_compressive_strength,source::concrete_compressive_strength,M17_test_directed_augmentation,12,12,0,-1.802151891564454,-2.43925317689501,-2.431390598039165,-1.3878468084497495,0,0,12,tdda_k5_lam08_aug1,-1.1381688840178283,-6.172034407692855
bag8,concrete_compressive_strength,source::concrete_compressive_strength,M18_leaf_density,8,8,0,-8.549699593116621,-8.273920520686131,-8.721061443477804,-7.963002180143262,0,0,8,leaf_density_embed_k10,-5.742331820868294,-10.170536370802266
bag8,concrete_compressive_strength,source::concrete_compressive_strength,M19_neighborhood_consensus,6,6,0,-11.489337245773944,-11.095797899928371,-11.52607947330935,-11.320688150128555,0,0,6,neighbor_consensus_k10_uniform,-8.956413949580243,-11.836900291040852
bag8,concrete_compressive_strength,source::concrete_compressive_strength,M1_frequency_encoding,6,6,4,-0.0005940518927285,-0.0007197073614315999,-0.00132231561685685,-0.000148512973182125,0,2,4,joint_freq_combined,0.0,-0.0015650701915663
bag8,concrete_compressive_strength,source::concrete_compressive_strength,M20_cluster_membership,8,8,0,-2.8360184605998637,-2.9320586371544004,-3.996741201665789,-1.319743961602201,0,0,8,cluster_membership_k10_weight,-0.6541241983875891,-5.705789855333038
bag8,concrete_compressive_strength,source::concrete_compressive_strength,M2_frequency_ratio,7,7,2,0.0,-0.00030844601204211425,-0.00029702594636425,0.0,0,5,2,freq_ratio_log,0.0,-0.0015650701915663
bag8,concrete_compressive_strength,source::concrete_compressive_strength,M3_joint_pca,4,4,0,-5.719284524188383,-5.118774684396234,-6.4432674446075655,-4.394791763977052,0,0,4,joint_pca_10,-2.5932622446006066,-6.4432674446075655
bag8,concrete_compressive_strength,source::concrete_compressive_strength,M3b_joint_tsne,3,3,0,0.4067498434809656,-0.08109019990066864,-0.7330423823244745,0.8147820042139542,2,0,1,joint_tsne_2d_p30,1.2228141649469428,-1.8728346081299143
bag8,concrete_compressive_strength,source::concrete_compressive_strength,M4_target_encoding,12,12,2,0.0,-0.00017992684035789998,0.0,0.0,0,10,2,target_enc_absolute,0.0,-0.0015650701915663
bag8,concrete_compressive_strength,source::concrete_compressive_strength,M5_joint_scaling,1,1,0,0.0684255324050392,0.0684255324050392,0.0684255324050392,0.0684255324050392,1,0,0,joint_scaling,0.0684255324050392,0.0684255324050392
bag8,concrete_compressive_strength,source::concrete_compressive_strength,M6_adversarial_validation,16,16,0,-0.24240181449027426,-4.126325271160068,-9.42855266281456,0.24919613456419087,5,0,11,adversarial_reweight_lgbm_cal_iso_ratio_winsorize,0.7265284034852515,-11.417289634207842
bag8,concrete_compressive_strength,source::concrete_compressive_strength,M8_label_propagation,11,11,0,-4.124348622850205,-4.268714123410264,-5.378827417292037,-3.0218852684127366,0,0,11,label_prop_k15_a05,-1.219845425138141,-7.735449358216945
bag8,concrete_compressive_strength,source::concrete_compressive_strength,M9_optimal_transport,9,9,0,-27.97642613234352,-27.03464469503793,-31.086951175549405,-14.465421392536925,0,0,9,ot_disp_v2_summary_only,-10.168478566592176,-43.58602530370112
bag8,credit-g,source::credit-g,M14_groupby_aggregation,9,9,2,-1.9973342645373424,-0.8572190933295367,-5.14742179788818,3.831354050206828,4,0,5,joint_groupby_combined,5.191143172877509,-6.528618603872173
bag8,credit-g,source::credit-g,M14b_groupby_shift_features,6,6,2,4.145337719794382,3.473049314380312,3.5546785106982606,4.552607893300147,5,0,1,groupby_shift_ratio_raw,4.786312750462774,-0.2848490292379524
bag8,credit-g,source::credit-g,M16_nearest_test_distance,7,7,0,-2.056095378347772,-2.425151413411893,-3.9643431348769735,-0.8557119556087281,0,0,7,nearest_test_rel_k10_both,-0.1171598242758368,-5.162694510288245
bag8,credit-g,source::credit-g,M17_test_directed_augmentation,12,12,0,-0.7323912744664457,-1.3236803750909274,-3.6272433090635454,0.4676297449275826,4,0,8,tdda_k5_lam07_aug2,1.324506568431199,-4.357951996570626
bag8,credit-g,source::credit-g,M18_leaf_density,8,8,0,-1.8353658552369607,-1.832511928894402,-4.08733377011566,-0.17320938448640455,2,0,6,leaf_density_embed_k10,1.5561081918946178,-4.937900892521786
bag8,credit-g,source::credit-g,M19_neighborhood_consensus,6,6,0,-7.126389978615627,-6.699793783868004,-8.448883914183936,-4.650696241540792,0,0,6,neighbor_consensus_k10_uniform,-3.217183924098247,-10.013618599989307
bag8,credit-g,source::credit-g,M1_frequency_encoding,6,6,4,1.9581170454083485,1.4385989072503598,0.6328468413571567,2.1457578488151734,5,0,1,joint_freq_separate,2.89379071051505,-0.5778262477871299
bag8,credit-g,source::credit-g,M20_cluster_membership,8,8,0,-1.0700476482740733,-0.9306388472053222,-1.677468012080488,-0.6819395516397581,1,0,7,cluster_membership_k10_weight,1.199115011031306,-1.8910724265674068
bag8,credit-g,source::credit-g,M2_frequency_ratio,7,7,2,0.524967131310863,0.2415566214733617,-0.5247341577319076,0.7354069880166298,4,0,3,freq_ratio_v2_ratio_ungated,1.5527947898823868,-0.8082112314491626
bag8,credit-g,source::credit-g,M3_joint_pca,4,4,0,-6.615038858698709,-6.224167436558091,-7.191350778222418,-5.647855517034382,0,0,4,joint_pca_10,-4.475241250612527,-7.191350778222418
bag8,credit-g,source::credit-g,M3b_joint_tsne,3,3,0,-0.3712045691813854,-0.231782825135988,-1.01276203379722,0.47948551150254537,1,0,2,joint_tsne_2d_p30,1.3301755921864762,-1.6543194984130547
bag8,credit-g,source::credit-g,M4_target_encoding,12,12,2,4.296084568373727,3.5306930178767524,1.479563428221745,5.281381605804045,12,0,0,target_enc_absolute,5.965521463467555,0.3395460483927688
bag8,credit-g,source::credit-g,M5_joint_scaling,1,1,0,0.4884679372700417,0.4884679372700417,0.4884679372700417,0.4884679372700417,1,0,0,joint_scaling,0.4884679372700417,0.4884679372700417
bag8,credit-g,source::credit-g,M6_adversarial_validation,16,16,0,-1.106106781110212,-1.1840963045472186,-1.977194992931855,0.14868891529829414,4,0,12,adversarial_reweight_lgbm_ratio_hard_tempered,0.9130234560387684,-4.93036808013462
bag8,credit-g,source::credit-g,M7_pseudo_labeling,9,9,0,1.139732634343573,1.2606689315725121,0.443012203414876,2.110585309876843,7,1,1,pseudo_label_lgbm_conf90_iter3,3.3268885938465376,-0.871114097774883
bag8,credit-g,source::credit-g,M8_label_propagation,11,11,0,-4.187311792941381,-4.863638799269248,-8.400069477898443,-1.566397858299779,1,0,10,label_prop_k15_a05,0.0489762234931177,-11.268647269976803
bag8,credit-g,source::credit-g,M9_optimal_transport,9,9,0,-11.214597399652444,-10.502259110280823,-14.935677289140168,-5.9569532129515705,0,0,9,ot_disp_v2_summary_only,-2.330771227970087,-15.60736600330464
bag8,credit_card_clients_default,source::credit_card_clients_default,M14_groupby_aggregation,9,9,2,-0.0182161951066792,-0.07450609429344615,-0.1929787966982642,0.0363875999623355,3,0,6,joint_groupby_combined__sel_combined_union,0.1395485062070525,-0.342708126971581
bag8,credit_card_clients_default,source::credit_card_clients_default,M14b_groupby_shift_features,6,6,2,0.09114144237239374,0.07850909856469618,0.057090773759202275,0.09328241637312343,6,0,0,groupby_shift_cohen_d__sel_combined_union,0.1203648416774371,0.0286702397044474
bag8,credit_card_clients_default,source::credit_card_clients_default,M16_nearest_test_distance,7,7,0,-0.2887403534676456,-0.30597820151900984,-0.30934162944334676,-0.2479565903636486,0,0,7,nearest_test_k5_both,-0.1841282430885243,-0.5543823744629083
bag8,credit_card_clients_default,source::credit_card_clients_default,M17_test_directed_augmentation,12,12,0,-12.663005720566076,-11.708964414906978,-14.459017524947177,-9.185146862978181,0,0,12,tdda_k5_lam06_aug1,-6.227224437274328,-14.749805912644614
bag8,credit_card_clients_default,source::credit_card_clients_default,M18_leaf_density,8,8,0,0.111066385557077,0.09543458793662492,0.0108985878395207,0.19453525792263762,6,0,2,leaf_density_embed_k10_cumshift,0.280830395130182,-0.1380883440224411
bag8,credit_card_clients_default,source::credit_card_clients_default,M19_neighborhood_consensus,6,6,0,-1.7504925919835859,-1.8097747287759798,-1.8626048299029536,-1.7005637793691144,0,0,6,neighbor_consensus_k10_uniform,-1.6572437682987775,-2.116523002682895
bag8,credit_card_clients_default,source::credit_card_clients_default,M1_frequency_encoding,6,6,4,0.2856901373703615,0.1992359947715366,0.07144268995556607,0.30541576393780095,6,0,0,joint_freq_combined,0.3119909727936141,2.687415063426074e-05
bag8,credit_card_clients_default,source::credit_card_clients_default,M20_cluster_membership,8,8,0,0.0319488860821292,0.02310785040074168,-0.010931060771552101,0.09711310259515893,6,0,2,cluster_membership_k15_both,0.1370536892229578,-0.1582394779749927
bag8,credit_card_clients_default,source::credit_card_clients_default,M2_frequency_ratio,7,7,2,0.1058304052079986,0.13294834278278087,0.07909510434941065,0.2105432936519983,7,0,0,freq_ratio_log,0.2455043241180153,2.687415063426074e-05
bag8,credit_card_clients_default,source::credit_card_clients_default,M3_joint_pca,4,4,0,-0.1987612181102928,-0.18446416997148152,-0.22020567056224025,-0.16301971751953406,0,0,4,joint_pca_var95,-0.0557952157472579,-0.2845390279180826
bag8,credit_card_clients_default,source::credit_card_clients_default,M3b_joint_tsne,3,3,0,0.0942700414090514,0.10488085188548092,0.04929167129312425,0.15516462723962285,3,0,0,joint_tsne_3d_p30,0.2160592130701943,0.0043133011771971
bag8,credit_card_clients_default,source::credit_card_clients_default,M4_target_encoding,12,12,2,0.23541308055386734,0.2073001062230665,0.15265973244902104,0.2807408146280528,12,0,0,target_enc_ratio__sel_combined_union,0.31904543733584,2.687415063426074e-05
bag8,credit_card_clients_default,source::credit_card_clients_default,M5_joint_scaling,1,1,0,0.0237522701379023,0.0237522701379023,0.0237522701379023,0.0237522701379023,1,0,0,joint_scaling,0.0237522701379023,0.0237522701379023
bag8,credit_card_clients_default,source::credit_card_clients_default,M6_adversarial_validation,16,16,0,0.044740981785296605,0.020440311010966543,-0.03827214977573973,0.07075851887060886,11,0,5,adversarial_lgbm_feature,0.1774365795799637,-0.2016994585799042
bag8,credit_card_clients_default,source::credit_card_clients_default,M7_pseudo_labeling,9,9,0,-0.0347034865224172,-0.043714787366523136,-0.085621043929107,0.0474418339243032,4,0,5,pseudo_label_lgbm_conf80_iter5,0.0833053879491936,-0.2683204780087386
bag8,credit_card_clients_default,source::credit_card_clients_default,M8_label_propagation,11,11,0,-0.2394979514507055,-0.24171629043052867,-0.38432722825789145,-0.1077631045413095,2,0,9,label_prop_v3_t01_k15,0.1171309855507846,-0.6059493905098918
bag8,credit_card_clients_default,source::credit_card_clients_default,M9_optimal_transport,9,9,0,-0.5383026743318584,-0.6714143237919136,-0.966295918349554,0.0171636242067559,3,0,6,ot_disp_v2_summary_only,0.2995213668981478,-1.818054206684684
bag8,customer_satisfaction_in_airline,source::customer_satisfaction_in_airline,M14_groupby_aggregation,9,0,2,,,,,0,0,0,,,
bag8,customer_satisfaction_in_airline,source::customer_satisfaction_in_airline,M14b_groupby_shift_features,6,0,2,,,,,0,0,0,,,
bag8,customer_satisfaction_in_airline,source::customer_satisfaction_in_airline,M16_nearest_test_distance,7,0,0,,,,,0,0,0,,,
bag8,customer_satisfaction_in_airline,source::customer_satisfaction_in_airline,M17_test_directed_augmentation,12,0,0,,,,,0,0,0,,,
bag8,customer_satisfaction_in_airline,source::customer_satisfaction_in_airline,M18_leaf_density,8,0,0,,,,,0,0,0,,,
bag8,customer_satisfaction_in_airline,source::customer_satisfaction_in_airline,M19_neighborhood_consensus,6,0,0,,,,,0,0,0,,,
bag8,customer_satisfaction_in_airline,source::customer_satisfaction_in_airline,M1_frequency_encoding,6,0,4,,,,,0,0,0,,,
bag8,customer_satisfaction_in_airline,source::customer_satisfaction_in_airline,M20_cluster_membership,8,0,0,,,,,0,0,0,,,
bag8,customer_satisfaction_in_airline,source::customer_satisfaction_in_airline,M2_frequency_ratio,7,0,2,,,,,0,0,0,,,
bag8,customer_satisfaction_in_airline,source::customer_satisfaction_in_airline,M3_joint_pca,4,0,0,,,,,0,0,0,,,
bag8,customer_satisfaction_in_airline,source::customer_satisfaction_in_airline,M3b_joint_tsne,3,0,0,,,,,0,0,0,,,
bag8,customer_satisfaction_in_airline,source::customer_satisfaction_in_airline,M4_target_encoding,12,0,2,,,,,0,0,0,,,
bag8,customer_satisfaction_in_airline,source::customer_satisfaction_in_airline,M5_joint_scaling,1,0,0,,,,,0,0,0,,,
bag8,customer_satisfaction_in_airline,source::customer_satisfaction_in_airline,M6_adversarial_validation,16,0,0,,,,,0,0,0,,,
bag8,customer_satisfaction_in_airline,source::customer_satisfaction_in_airline,M7_pseudo_labeling,9,0,0,,,,,0,0,0,,,
bag8,customer_satisfaction_in_airline,source::customer_satisfaction_in_airline,M8_label_propagation,11,0,0,,,,,0,0,0,,,
bag8,customer_satisfaction_in_airline,source::customer_satisfaction_in_airline,M9_optimal_transport,9,0,0,,,,,0,0,0,,,
bag8,diabetes,source::diabetes,M14_groupby_aggregation,9,9,2,-0.9549570341712128,-1.2058758281778725,-1.8819939296014208,-0.4695932075586209,0,0,9,joint_groupby_combined__sel_combined_intersection,-0.0794603053225855,-2.874360421662258
bag8,diabetes,source::diabetes,M14b_groupby_shift_features,6,6,2,-0.8197588349594775,-1.3531351002596308,-2.5686201875766956,-0.10997460496864198,0,0,6,groupby_shift_ratio_log,-0.0694931960739425,-3.384845902144088
bag8,diabetes,source::diabetes,M16_nearest_test_distance,7,7,0,0.3258971701387426,-0.37284242185670763,-1.0035613179858767,1.0584819160081433,4,0,3,nearest_test_rel_k10_cumshift_both,1.6047719583199975,-4.650407277500227
bag8,diabetes,source::diabetes,M17_test_directed_augmentation,12,12,0,-7.230339965650876,-6.770264073908696,-7.757004713120134,-6.04731040340338,0,0,12,tdda_v2_k5_lam07_nopfl_dw,-3.956698601246875,-8.145090829936825
bag8,diabetes,source::diabetes,M18_leaf_density,8,8,0,-0.23278394622427204,-0.15324640998802125,-0.8042625684769074,0.2825140063414364,3,0,5,leaf_density_conf_shallow,2.5875126197750205,-1.9529905245801995
bag8,diabetes,source::diabetes,M19_neighborhood_consensus,6,6,0,-10.045791261359128,-10.183049099341728,-10.498388349282529,-9.103684254530975,0,0,6,neighbor_consensus_k10_dist,-7.480737435600723,-14.08707200688614
bag8,diabetes,source::diabetes,M1_frequency_encoding,6,6,4,-0.065875642459273,-0.04844531592728616,-0.07606413960675737,-0.01646891061481825,0,2,4,joint_freq_combined,0.0,-0.0794603053225855
bag8,diabetes,source::diabetes,M20_cluster_membership,8,8,0,-0.1792284627735699,-0.32989777578869434,-1.2934307655197252,1.1030591118366004,4,0,4,cluster_membership_k5_feature,1.9832313580929304,-3.3526921353551185
bag8,diabetes,source::diabetes,M2_frequency_ratio,7,7,2,0.0,-0.020762278254551212,-0.0329378212296365,0.0,0,5,2,freq_ratio_log,0.0,-0.0794603053225855
bag8,diabetes,source::diabetes,M3_joint_pca,4,4,0,-2.2113380140334518,-2.430792369938536,-2.733786197386827,-1.9083441865851605,0,0,4,joint_pca_10,-1.9083441865851605,-3.3921492651020806
bag8,diabetes,source::diabetes,M3b_joint_tsne,3,3,0,0.4196929513390363,-0.28227525903108125,-0.747944057675778,0.5343776447986743,2,0,1,joint_tsne_2d_p50,0.6490623382583123,-1.9155810666905924
bag8,diabetes,source::diabetes,M4_target_encoding,12,12,2,0.0,-0.01211132898182154,0.0,0.0,0,10,2,target_enc_absolute,0.0,-0.0794603053225855
bag8,diabetes,source::diabetes,M5_joint_scaling,1,1,0,0.357844396865966,0.357844396865966,0.357844396865966,0.357844396865966,1,0,0,joint_scaling,0.357844396865966,0.357844396865966
bag8,diabetes,source::diabetes,M6_adversarial_validation,16,16,0,-0.3368531010137547,-1.5415489816759504,-2.376760869263838,0.2826680249497356,6,0,10,adversarial_logreg_feature,1.7425980030820194,-9.957458597759295
bag8,diabetes,source::diabetes,M7_pseudo_labeling,9,9,0,0.8795255897108413,0.712276204289196,0.0,2.152596868086768,6,1,2,pseudo_label_v2_cal_iso_wprop_conf85,2.363398923956416,-1.813456313727576
bag8,diabetes,source::diabetes,M8_label_propagation,11,11,0,0.7184207957511376,0.22301701080065195,-0.36487385047157367,1.09063568279712,7,0,4,label_prop_weighted_adaptive_a05,3.0981363845901537,-2.766295647436785
bag8,diabetes,source::diabetes,M9_optimal_transport,9,9,0,0.2186532375322978,0.3606131368170231,-1.0779015572269794,2.240386145172093,5,0,4,ot_disp_v2_selective,2.3034615298835392,-3.458574499142169
bag8,diabetes_hospital,source::diabetes_130_us,M14_groupby_aggregation,9,9,2,0.3473088348422133,0.244292210794459,0.1351728439940215,0.5399332961994521,7,0,2,targeted_groupby_top5_shifted_agg,0.5496800361856544,-0.4283331233572692
bag8,diabetes_hospital,source::diabetes_130_us,M14b_groupby_shift_features,6,6,2,0.5664570636249038,0.6260114498925281,0.44168525466242514,0.8104233803354828,6,0,0,groupby_shift_ratio_log,1.0327212500951948,0.2985931844295581
bag8,diabetes_hospital,source::diabetes_130_us,M16_nearest_test_distance,7,7,0,-1.6708078278595906,-1.5429037828129386,-1.754007083353061,-1.5587293427773303,0,0,7,nearest_test_k10_both,-0.6466059504930486,-1.857439849077149
bag8,diabetes_hospital,source::diabetes_130_us,M17_test_directed_augmentation,12,12,0,-12.84609500472357,-11.777037065648884,-13.163062598979053,-12.03417351435318,0,0,12,tdda_v2_k5_lam07_nopfl_dw,-2.0342890312715367,-14.303990712439766
bag8,diabetes_hospital,source::diabetes_130_us,M18_leaf_density,7,7,0,-0.4595046417947027,-0.42481604575379045,-0.7097070671445815,-0.20736189320678705,1,0,6,leaf_density_embed_k5,0.1126650944332444,-0.7927348522123375
bag8,diabetes_hospital,source::diabetes_130_us,M19_neighborhood_consensus,6,6,0,-0.9223213702328189,-1.1313919511902548,-1.5352108201809687,-0.7029159358115732,0,0,6,neighbor_consensus_k5_dist,-0.6274373618534917,-1.94698351032089
bag8,diabetes_hospital,source::diabetes_130_us,M1_frequency_encoding,6,6,4,-0.2508522080156385,-0.36990683199545,-0.5120648396462781,-0.14084941756010408,0,0,6,joint_freq_combined,-0.1041818207415926,-0.9102372176017464
bag8,diabetes_hospital,source::diabetes_130_us,M20_cluster_membership,8,8,0,-5.330257454721872,-3.6232129622978104,-5.7625118359717655,-0.49354603367247296,1,0,7,cluster_membership_k10_feature_cumshift,0.3161914649602973,-6.163260782692102
bag8,diabetes_hospital,source::diabetes_130_us,M2_frequency_ratio,7,7,2,-0.4792688645445017,-0.5201123463915042,-0.856774543825493,-0.3026994498867669,1,0,6,freq_ratio_v2_diff_gated,0.1403169567645492,-0.9828865295360568
bag8,diabetes_hospital,source::diabetes_130_us,M3_joint_pca,4,4,0,-0.5935584156421774,-0.6069331088454789,-0.6651292688465229,-0.5353622556411333,0,0,4,joint_pca_5,-0.3607737756380011,-0.8798418284595596
bag8,diabetes_hospital,source::diabetes_130_us,M3b_joint_tsne,3,3,0,0.0330847673976473,0.008994676715654832,-0.009051833524263649,0.039086232296569545,2,0,1,joint_tsne_3d_p30,0.0450876971954918,-0.0511884344461746
bag8,diabetes_hospital,source::diabetes_130_us,M4_target_encoding,12,12,2,-0.1290089334286753,-0.09953707798270754,-0.23237401345845535,0.018469169797949027,3,0,9,target_enc_diff,0.4887809607902783,-0.6686985611284917
bag8,diabetes_hospital,source::diabetes_130_us,M5_joint_scaling,1,1,0,0.0,0.0,0.0,0.0,0,1,0,joint_scaling,0.0,0.0
bag8,diabetes_hospital,source::diabetes_130_us,M6_adversarial_validation,16,16,0,-1.4072397340656204,-2.4817591566109933,-3.4511040348976936,-0.6952223285539433,0,0,16,adversarial_rf_feature,-0.3286456327204446,-9.579023860380474
bag8,diabetes_hospital,source::diabetes_130_us,M7_pseudo_labeling,9,9,0,-15.379958608844207,-13.967401286080351,-17.28241395704288,-13.95518376756264,0,0,9,pseudo_label_lgbm_conf90_iter1,-4.403107838292228,-18.956290203046265
bag8,diabetes_hospital,source::diabetes_130_us,M8_label_propagation,11,11,0,-0.2541733194183744,-0.34302617636343335,-0.6298650220908162,0.1028461563730724,5,0,6,label_prop_weighted_adaptive_a05,0.2687573303606769,-1.239713128172891
bag8,diabetes_hospital,source::diabetes_130_us,M9_optimal_transport,9,9,0,-2.4839747350060355,-1.716765912946859,-2.5742945255449268,-0.402865252763669,1,0,8,ot_disp_v2_selective_abs,0.4851710570916956,-2.776882321110309
bag8,diamonds,source::diamonds,M14_groupby_aggregation,9,9,2,0.7665918024410279,0.69528997934369,0.7014086741849985,0.7665918024410279,9,0,0,joint_groupby_combined__sel_combined_union,0.7938021721946422,0.334025576793551
bag8,diamonds,source::diamonds,M14b_groupby_shift_features,6,6,2,0.5367567985487832,0.47878654276414334,0.3930619552345857,0.5811115072480827,6,0,0,groupby_shift_cohen_d,0.5958964101478492,0.262249165061742
bag8,diamonds,source::diamonds,M16_nearest_test_distance,7,7,0,-0.5874396536299575,-0.6675863124811832,-0.7791404279203418,-0.5789474641368874,0,0,7,nearest_test_k5_both,-0.4335970176075878,-0.9358917320162792
bag8,diamonds,source::diamonds,M17_test_directed_augmentation,12,12,0,-1.9309479875306939,-2.112311461784544,-2.6023800429061392,-1.834253606428853,0,0,12,tdda_k5_lam06_aug1,-1.3667245198347435,-2.748440694715121
bag8,diamonds,source::diamonds,M18_leaf_density,2,2,0,-0.16922228134659956,-0.16922228134659956,-0.20761169265433838,-0.13083287003886074,0,0,2,leaf_density_conf,-0.0924434587311219,-0.2460011039620772
bag8,diamonds,source::diamonds,M19_neighborhood_consensus,6,6,0,-1.1036752155712048,-1.1028018310078729,-1.1406180148092713,-1.073025167869709,0,0,6,neighbor_consensus_k10_uniform,-1.0239861987632106,-1.1697335896171122
bag8,diamonds,source::diamonds,M1_frequency_encoding,6,6,4,0.5165689033543177,0.5200021524837981,0.5116465709889644,0.5403194156950702,6,0,0,joint_freq_combined,0.5488485631898775,0.4797844983284417
bag8,diamonds,source::diamonds,M20_cluster_membership,8,8,0,0.010811911831172399,0.10255917105747457,-0.02317259280745375,0.15160858447789555,5,0,3,cluster_membership_k5_feature,0.5439494369392062,-0.0920275566151187
bag8,diamonds,source::diamonds,M2_frequency_ratio,7,7,2,0.2168019704366476,0.1490240835497374,0.0,0.2715454554784271,4,3,0,freq_ratio_log,0.2832757034546601,0.0
bag8,diamonds,source::diamonds,M3_joint_pca,4,4,0,0.3421765696002384,0.3559653860584817,0.0760769072332846,0.6220650484254355,4,0,0,joint_pca_5,0.6634314978001657,0.0760769072332846
bag8,diamonds,source::diamonds,M3b_joint_tsne,3,3,0,0.1914150590372934,0.2861341064384294,0.18588132565593468,0.3390273635203561,3,0,0,joint_tsne_2d_p30,0.4866396680034188,0.180347592274576
bag8,diamonds,source::diamonds,M4_target_encoding,12,12,2,0.3041243102564662,0.27207103029456375,0.2161571593079243,0.3113795126259395,12,0,0,target_enc_absolute,0.3113795126259395,0.2140432965352671
bag8,diamonds,source::diamonds,M5_joint_scaling,1,1,0,0.0631024011107509,0.0631024011107509,0.0631024011107509,0.0631024011107509,1,0,0,joint_scaling,0.0631024011107509,0.0631024011107509
bag8,diamonds,source::diamonds,M6_adversarial_validation,16,16,0,-0.1641959247510265,-0.187304853003072,-0.3036289991072041,-0.02957489280456565,2,0,14,adversarial_reweight_lgbm_ratio_normalize,0.040571075831767,-0.6449412968934731
bag8,diamonds,source::diamonds,M8_label_propagation,11,11,0,-4.009075615309871,-3.8347096769123237,-4.849305097919413,-2.6579656563364944,0,0,11,label_prop_k10_a05,-2.413439055487519,-5.731587265723342
bag8,diamonds,source::diamonds,M9_optimal_transport,9,9,0,-5.127107088135474,-4.777163418725992,-7.850714226812356,-1.0765684126284525,0,0,9,ot_disp_v2_summary_only,-0.4326966674247326,-8.33881613998058
bag8,folktables_coverage,source::folktables,M14_groupby_aggregation,9,9,2,0.0108222137056122,-0.014847426646675476,-0.0847318702724708,0.0581962374113704,5,0,4,joint_groupby_separate,0.0876215608745771,-0.1249731233214448
bag8,folktables_coverage,source::folktables,M14b_groupby_shift_features,6,6,2,0.0588134558129755,0.07173211334917744,0.05733455957018568,0.07742191311485418,6,0,0,groupby_shift_ratio_raw,0.1291698806509611,0.0431295614467497
bag8,folktables_coverage,source::folktables,M16_nearest_test_distance,7,7,0,-1.1580058323698494,-1.2370723624611197,-1.3403865624906368,-1.0925769657090676,0,0,7,nearest_test_rel_k10_both,-1.0522954096987984,-1.5832782387597808
bag8,folktables_coverage,source::folktables,M17_test_directed_augmentation,12,12,0,-2.700379552639535,-2.7055335248117163,-2.8535674283034407,-2.58774916967259,0,0,12,tdda_k5_lam06_aug1,-2.4042508971977523,-2.8944059352108744
bag8,folktables_coverage,source::folktables,M18_leaf_density,4,4,0,-0.36977814793408265,-0.37435944883868594,-0.4220583358629871,-0.32207926090978156,0,0,4,leaf_density_conf_deep,-0.2912179820602928,-0.4666635174262858
bag8,folktables_coverage,source::folktables,M19_neighborhood_consensus,6,6,0,-1.3126848590658087,-1.3867929349561885,-1.4253543704981169,-1.2263583820386428,0,0,6,neighbor_consensus_k10_dist_cumshift,-1.0293631229121496,-2.005531004688223
bag8,folktables_coverage,source::folktables,M1_frequency_encoding,6,6,4,0.0867899346464518,0.060836063752343524,0.026574993582186027,0.08860866619897398,6,0,0,joint_freq_combined__sel_combined_union,0.0892149100498147,0.0065033465607641
bag8,folktables_coverage,source::folktables,M20_cluster_membership,8,8,0,-0.1744486375396952,-0.15371161400550543,-0.22081432624542896,-0.1364836086582675,1,0,7,cluster_membership_k10_weight,0.0801723032080198,-0.3040073594391071
bag8,folktables_coverage,source::folktables,M2_frequency_ratio,7,7,2,0.1188574661723329,0.12078564326922271,0.1155180644633442,0.12786701340741805,7,0,0,freq_ratio_log__sel_combined_union,0.137484934447512,0.1023869465231896
bag8,folktables_coverage,source::folktables,M3_joint_pca,4,4,0,-0.3505088421601472,-0.3505088421601472,-0.3505088421601472,-0.3505088421601472,0,0,4,joint_pca_10,-0.3505088421601472,-0.3505088421601472
bag8,folktables_coverage,source::folktables,M4_target_encoding,12,12,2,0.11392750613208216,0.12587989652066026,0.0801426802293378,0.1874428266221376,12,0,0,target_enc_oof_diff,0.1912205117056353,0.044687736167327
bag8,folktables_coverage,source::folktables,M5_joint_scaling,1,1,0,-0.0146537745430715,-0.0146537745430715,-0.0146537745430715,-0.0146537745430715,0,0,1,joint_scaling,-0.0146537745430715,-0.0146537745430715
bag8,folktables_coverage,source::folktables,M6_adversarial_validation,16,16,0,-0.0211188876723166,-0.06484959798002533,-0.10590245276177288,-0.0018045261937532752,4,0,12,adversarial_reweight_lgbm_ratio_hard_tempered,0.0466067190702018,-0.3394705514085568
bag8,folktables_coverage,source::folktables,M7_pseudo_labeling,9,9,0,0.003948738525119,0.18073442288443553,-0.0891218567359804,0.4926136168413537,5,0,4,pseudo_label_v2_cal_iso_wfixed_conf90,0.5549507871469485,-0.1560931802646264
bag8,folktables_coverage,source::folktables,M8_label_propagation,11,11,0,-1.197930560643946,-1.2795134221791225,-1.3981207849111672,-1.0881166114534384,0,0,11,label_prop_weighted_adaptive_a05,-0.8868182936710524,-1.9106391853750664
bag8,folktables_coverage,source::folktables,M9_optimal_transport,9,9,0,-5.240190083273325,-3.8203332023588428,-6.05811451303626,-0.3044987745943214,0,0,9,ot_disp_v2_selective_abs,-0.1992583391358116,-6.825334781174192
bag8,folktables_coverage_covid,source::folktables,M14_groupby_aggregation,9,9,2,0.0076986720477397,-0.007730194067403213,-0.0044286855123874,0.0453235577804937,5,0,4,joint_groupby_separate,0.0840806538731712,-0.1290091360802748
bag8,folktables_coverage_covid,source::folktables,M14b_groupby_shift_features,6,6,2,-0.0009664628262097,-0.017892373594631483,-0.0381754616185249,0.0013912373434898,2,0,4,groupby_shift_cohen_d__sel_combined_intersection,0.028021991207679,-0.0850419833071415
bag8,folktables_coverage_covid,source::folktables,M16_nearest_test_distance,7,7,0,-1.1813091206207371,-1.145610438613517,-1.2510798800814846,-1.0354696571189608,0,0,7,nearest_test_k10_cumshift_both,-0.8061344804044923,-1.4587303948684995
bag8,folktables_coverage_covid,source::folktables,M17_test_directed_augmentation,12,12,0,-3.0216120605795247,-3.0059295901914402,-3.1300174131255805,-2.9059583366091353,0,0,12,tdda_k5_lam06_aug1,-2.7209696594022224,-3.2040968474470968
bag8,folktables_coverage_covid,source::folktables,M18_leaf_density,4,4,0,-0.30524593895174756,-0.30637089526475014,-0.36731430543794386,-0.24430252877855385,0,0,4,leaf_density_conf_deep,-0.1034230960170649,-0.5115686071384405
bag8,folktables_coverage_covid,source::folktables,M19_neighborhood_consensus,6,6,0,-0.7568038952058211,-0.8547209676103488,-0.9975440316774523,-0.5488769108566921,0,0,6,neighbor_consensus_k10_dist_cumshift,-0.4799069938497161,-1.5774523614924236
bag8,folktables_coverage_covid,source::folktables,M1_frequency_encoding,6,6,4,0.0564078898465167,0.044937881688272986,0.0177399238424954,0.07244296011712577,5,0,1,joint_freq_combined,0.0818306160425194,-0.007657690987732
bag8,folktables_coverage_covid,source::folktables,M20_cluster_membership,8,8,0,-0.2324659551980326,-0.22418615047316037,-0.26210670023399973,-0.20755050558468047,1,0,7,cluster_membership_k10_weight,0.1011999224175836,-0.4884506253975255
bag8,folktables_coverage_covid,source::folktables,M2_frequency_ratio,7,7,2,0.031807414150094,0.022915967327608654,0.01429518286129165,0.047655847267282246,5,0,2,freq_ratio_log__sel_combined_union,0.0715706160038999,-0.0668683191178811
bag8,folktables_coverage_covid,source::folktables,M3_joint_pca,4,4,0,-0.34264294041116167,-0.34264294041116167,-0.3687443229777854,-0.3165415578445379,0,0,4,joint_pca_10,-0.3165415578445379,-0.3687443229777854
bag8,folktables_coverage_covid,source::folktables,M4_target_encoding,12,12,2,0.0480848024472778,0.06858953407337952,0.0212186422464664,0.11539008201999983,11,0,1,target_enc_oof_ratio,0.1543851844026737,-0.0097225276063033
bag8,folktables_coverage_covid,source::folktables,M5_joint_scaling,1,1,0,0.0005842598598591,0.0005842598598591,0.0005842598598591,0.0005842598598591,1,0,0,joint_scaling,0.0005842598598591,0.0005842598598591
bag8,folktables_coverage_covid,source::folktables,M6_adversarial_validation,16,16,0,-0.48664461817401483,-0.6233669906397616,-0.8186770734494776,-0.3713406906749253,0,0,16,adversarial_reweight_lgbm_raw_hard,-0.1322185861481012,-1.6125776451465923
bag8,folktables_coverage_covid,source::folktables,M7_pseudo_labeling,9,9,0,-1.051686880649986,-2.3753292117703593,-1.8338860587488728,-0.813497877768719,0,0,9,pseudo_label_lgbm_conf95_iter3,-0.2732450639926084,-8.052433587178365
bag8,folktables_coverage_covid,source::folktables,M8_label_propagation,11,11,0,-1.425917868769424,-1.388290216439733,-1.5358794158377669,-1.266030129967451,0,0,11,label_prop_weighted_adaptive_a05,-0.9786629199075776,-1.58948188723799
bag8,folktables_coverage_covid,source::folktables,M9_optimal_transport,9,9,0,-6.977481288439591,-5.35635971525369,-8.935405262359353,-0.3540355890259381,0,0,9,ot_disp_v2_summary_only,-0.1481288156050525,-9.4744270557996
bag8,folktables_employment,source::folktables,M14_groupby_aggregation,9,9,2,0.0,-0.006105248823300668,0.0,0.0027231178166623,3,4,2,joint_groupby_mean_only,0.0063939983137004,-0.0356979810323098
bag8,folktables_employment,source::folktables,M14b_groupby_shift_features,6,6,2,-0.0022512549831302,-0.0021889846114286336,-0.0099694976259885,0.007261351061494999,3,0,3,groupby_shift_ratio_raw,0.0079114928099625,-0.0144328650817027
bag8,folktables_employment,source::folktables,M16_nearest_test_distance,7,7,0,-0.1543860384427701,-0.16207125455669075,-0.1783012303823001,-0.13879892190614235,0,0,7,nearest_test_k10_filter_both,-0.1002570279055234,-0.245655410971657
bag8,folktables_employment,source::folktables,M17_test_directed_augmentation,12,12,0,-1.4167492619027517,-1.4260407350739428,-1.5390245655872015,-1.36867474155977,0,0,12,tdda_k5_lam06_aug1,-1.209926073194017,-1.5498648157387376
bag8,folktables_employment,source::folktables,M18_leaf_density,4,4,0,-0.12661147306678175,-0.1174494145937071,-0.1448585056135399,-0.09920238204694892,0,0,4,leaf_density_conf_cumshift,-0.0586777222289776,-0.1578969900122873
bag8,folktables_employment,source::folktables,M19_neighborhood_consensus,6,6,0,-0.9294315716148117,-1.0275587370880246,-1.4031123776538745,-0.4308401132170521,0,0,6,neighbor_consensus_k10_dist_cumshift,-0.2584260954512064,-2.2224142437626235
bag8,folktables_employment,source::folktables,M1_frequency_encoding,6,6,4,-0.0199975494120501,-0.018942448026310867,-0.02540271336001175,-0.0119385646767205,0,0,6,joint_freq_separate__sel_combined_union,-0.0068951596669981,-0.0303077585591573
bag8,folktables_employment,source::folktables,M20_cluster_membership,8,8,0,-0.14272106359089515,-0.13235821684298035,-0.15920801717324817,-0.1352898502788692,0,0,8,cluster_membership_k10_weight,-0.0106014362884223,-0.1690001943178826
bag8,folktables_employment,source::folktables,M2_frequency_ratio,7,7,2,0.0169898920470666,0.0100483010572438,-0.007860330576739051,0.02829636361636475,4,0,3,freq_ratio_log,0.0282976182349263,-0.0158214689605377
bag8,folktables_employment,source::folktables,M3_joint_pca,4,4,0,-0.0687145166414231,-0.0687145166414231,-0.0687145166414231,-0.0687145166414231,0,0,4,joint_pca_10,-0.0687145166414231,-0.0687145166414231
bag8,folktables_employment,source::folktables,M4_target_encoding,12,12,2,-0.0147990088321235,-0.014228937025478448,-0.028964255834938,-0.005937181771043075,3,0,9,target_enc_ratio,0.01018306387913,-0.0348484835714682
bag8,folktables_employment,source::folktables,M5_joint_scaling,1,1,0,1.4093019193796826e-05,1.4093019193796826e-05,1.4093019193796826e-05,1.4093019193796826e-05,1,0,0,joint_scaling,1.4093019193796826e-05,1.4093019193796826e-05
bag8,folktables_employment,source::folktables,M6_adversarial_validation,16,16,0,-0.0160359515614944,-0.04298542379242472,-0.0857751104145394,-0.00672622607208735,1,0,15,adversarial_reweight_lgbm_ratio_winsorize,0.0030389148365048,-0.1106289976362743
bag8,folktables_employment,source::folktables,M7_pseudo_labeling,9,9,0,-0.0627256441888603,-0.08629562571484002,-0.1366174316552398,-0.0379017280576383,0,0,9,pseudo_label_lgbm_conf95_iter3,-0.0154356991641413,-0.1777607827930465
bag8,folktables_employment,source::folktables,M8_label_propagation,11,11,0,-1.0993263764595165,-1.128388323190302,-1.1508122844635476,-1.0199891617152899,0,0,11,label_prop_weighted_k10_a05,-0.9433824320981836,-1.6449720711998796
bag8,folktables_employment,source::folktables,M9_optimal_transport,9,9,0,-0.1374480606057765,-0.5671807830766868,-0.1649217644812596,-0.0126852338389401,1,0,8,ot_disp_v2_selective_abs,0.0166230511095971,-2.380808019844933
bag8,folktables_income,source::folktables,M14_groupby_aggregation,9,9,2,0.0,0.03205222764901425,0.0,0.0661783975039018,4,4,1,joint_groupby_separate,0.0999054588936316,-8.355410910790447e-08
bag8,folktables_income,source::folktables,M14b_groupby_shift_features,6,6,2,0.0345192719969279,0.02959936748436495,0.03122280064191745,0.038452903612690124,5,0,1,groupby_shift_cohen_d,0.0386696534582515,-8.355410910790447e-08
bag8,folktables_income,source::folktables,M16_nearest_test_distance,7,7,0,-0.0062162859345539,-0.0006475922172600432,-0.01883546810955595,0.0162357833284517,3,0,4,nearest_test_rel_k5_both,0.0271272985745122,-0.0202447885985701
bag8,folktables_income,source::folktables,M17_test_directed_augmentation,12,12,0,-7.0705992054432265,-7.137292315072352,-7.126833471374364,-7.040922265786596,0,0,12,tdda_v2_k5_lam06_pfl_dw,-7.016478174786156,-7.851747606645753
bag8,folktables_income,source::folktables,M18_leaf_density,4,4,0,-0.00832731485735815,0.045253225050839646,-0.02853230949809035,0.06545821969157185,2,0,2,leaf_density_conf_shallow,0.2558859922206538,-0.0582184623025789
bag8,folktables_income,source::folktables,M19_neighborhood_consensus,6,6,0,3.5649978826241595,3.5704517441269465,3.5367711279515293,3.60779772877838,6,0,0,neighbor_consensus_k10_dist_cumshift,3.622532086249768,3.520756059373151
bag8,folktables_income,source::folktables,M1_frequency_encoding,6,6,4,-1.1338988581444915,-1.1518420830813842,-2.1932661700366323,-0.09237766171247278,0,0,6,joint_freq_combined__sel_combined_union,-0.0727559505881807,-2.2789062947086625
bag8,folktables_income,source::folktables,M20_cluster_membership,8,8,0,-0.0565111538584744,-0.005949702580700326,-0.06277193105932975,0.08251221201531563,3,0,5,cluster_membership_k5_feature,0.1027357138950064,-0.0829446868629821
bag8,folktables_income,source::folktables,M2_frequency_ratio,7,7,2,-3.282755517022684,-2.459984556618397,-3.5211126709914424,-1.6874513597425504,1,0,6,freq_ratio_v2_diff_gated,0.0480220390483519,-3.56803035688646
bag8,folktables_income,source::folktables,M3_joint_pca,4,4,0,-0.5711713955307702,-0.5711713955307702,-0.5711713955307702,-0.5711713955307702,0,0,4,joint_pca_10,-0.5711713955307702,-0.5711713955307702
bag8,folktables_income,source::folktables,M4_target_encoding,12,12,2,-0.3553018683272158,-0.3214913133017716,-0.3843027819992241,-0.24909166709656747,0,0,12,target_enc_oof_inv_ratio,-0.1563459938496385,-0.4886550123366109
bag8,folktables_income,source::folktables,M5_joint_scaling,1,1,0,3.237722719064433e-07,3.237722719064433e-07,3.237722719064433e-07,3.237722719064433e-07,1,0,0,joint_scaling,3.237722719064433e-07,3.237722719064433e-07
bag8,folktables_income,source::folktables,M6_adversarial_validation,16,16,0,-0.12084728733915426,-0.16981129568816236,-0.18730807037069386,-0.08274443634612483,0,0,16,adversarial_reweight_lgbm_ratio_winsorize_tempered,-0.0248741310287121,-0.6166586374093024
bag8,folktables_income,source::folktables,M7_pseudo_labeling,9,9,0,-23.851772384830547,-24.628729646695106,-24.35854184800678,-22.16580176868768,0,0,9,pseudo_label_lgbm_conf80_iter5,-20.59251603737078,-32.99011138189277
bag8,folktables_income,source::folktables,M8_label_propagation,11,11,0,0.8454678708573992,0.8021229914107754,0.3581203500302482,1.0340509393218322,11,0,0,label_prop_weighted_adaptive_a05,1.6180717974193854,0.3112449712444657
bag8,folktables_income,source::folktables,M9_optimal_transport,9,9,0,-0.0380468305629864,-0.09894658014524954,-0.192574540423623,0.016967153477021,4,0,5,ot_disp_v2_selective_abs,0.0286015014528276,-0.2772636859836575
bag8,folktables_mobility,source::folktables,M14_groupby_aggregation,9,9,2,-0.0650114966407752,-0.1366789782839819,-0.2567202347959392,-0.0269599036592716,0,0,9,joint_groupby_mean_only,-0.0204173685341069,-0.3267951149308142
bag8,folktables_mobility,source::folktables,M14b_groupby_shift_features,6,6,2,-0.058875062678113,-0.04801846261020042,-0.08805418553590023,-0.0418011871753657,1,0,5,groupby_shift_cohen_d__sel_combined_intersection,0.0727751807304412,-0.1092453758724718
bag8,folktables_mobility,source::folktables,M16_nearest_test_distance,7,7,0,-0.612879185115374,-0.6019555535520793,-0.7716051946686676,-0.41995953407494,0,0,7,nearest_test_rel_k5_both,-0.2320980148088938,-0.9855822174530728
bag8,folktables_mobility,source::folktables,M17_test_directed_augmentation,12,12,0,-6.5179277531835025,-6.496124377837382,-6.582344330241138,-6.398149155862966,0,0,12,tdda_k5_lam07_aug2,-6.283136112237337,-6.642319212835585
bag8,folktables_mobility,source::folktables,M18_leaf_density,4,4,0,0.12872592354732415,0.09468534104405048,0.0736027705940554,0.14980849399731921,3,0,1,leaf_density_conf_deep,0.1576755319308777,-0.0363860148493241
bag8,folktables_mobility,source::folktables,M19_neighborhood_consensus,6,6,0,-0.5978720140964944,-0.5976638327442344,-0.6808858950592782,-0.4841864619852147,0,0,6,neighbor_consensus_k10_uniform,-0.3095600402787278,-0.9258304613320296
bag8,folktables_mobility,source::folktables,M1_frequency_encoding,6,6,4,-0.0064601117713991,-0.018512814875046333,-0.05905813762724727,0.021652592107545925,3,0,3,joint_freq_separate__sel_combined_intersection,0.022531023392178,-0.0751203695876554
bag8,folktables_mobility,source::folktables,M20_cluster_membership,8,8,0,-0.20556984070418935,-0.22681075289066965,-0.2897541533420296,-0.1822448193574241,0,0,8,cluster_membership_k10_weight,-0.0190771487609483,-0.3973272766238779
bag8,folktables_mobility,source::folktables,M2_frequency_ratio,7,7,2,-0.1150211790168344,-0.0939761986032148,-0.174490507200352,-0.03613207032977585,2,0,5,freq_ratio_log__sel_combined_intersection,0.0529234510549386,-0.174490507200352
bag8,folktables_mobility,source::folktables,M3_joint_pca,4,4,0,-0.3270019372016061,-0.337597057327951,-0.337597057327951,-0.3270019372016061,0,0,4,joint_pca_10,-0.3270019372016061,-0.3693824177069856
bag8,folktables_mobility,source::folktables,M4_target_encoding,12,12,2,0.0930447563233657,0.15163525536464642,0.0819028605607073,0.27144376998178454,11,0,1,target_enc_oof_absolute,0.2826960616671247,-0.010139008269411
bag8,folktables_mobility,source::folktables,M5_joint_scaling,1,1,0,0.1259215338670896,0.1259215338670896,0.1259215338670896,0.1259215338670896,1,0,0,joint_scaling,0.1259215338670896,0.1259215338670896
bag8,folktables_mobility,source::folktables,M6_adversarial_validation,16,16,0,-0.01564981918571065,-0.021708857122751533,-0.07153016986130742,0.03347868668845825,7,0,9,adversarial_lgbm_feature,0.0708688828638041,-0.1668223089236941
bag8,folktables_mobility,source::folktables,M7_pseudo_labeling,9,9,0,-0.1289963489181008,-0.30240013632527474,-0.4574706964524399,0.0061033385800022,3,0,6,pseudo_label_lgbm_conf90_iter1,0.0362164893370302,-1.5334906210782835
bag8,folktables_mobility,source::folktables,M8_label_propagation,11,11,0,-2.516720450043868,-2.4065837470936513,-2.7354472713640448,-2.2404883386778485,0,0,11,label_prop_weighted_adaptive_a05,-1.3074022732668282,-3.0138781249959568
bag8,folktables_mobility,source::folktables,M9_optimal_transport,9,9,0,-6.4076592563739965,-4.992842526478775,-8.13245513075622,-0.2758294858871769,0,0,9,ot_disp_v2_selective_abs,-0.0529721679167023,-9.081362450581588
bag8,folktables_travel_time,source::folktables,M14_groupby_aggregation,9,9,2,0.0,0.018905391812232324,0.0,0.0243352926911177,4,4,1,joint_groupby_combined,0.0789244175819853,-0.0180636063971604
bag8,folktables_travel_time,source::folktables,M14b_groupby_shift_features,6,6,2,-0.011853880239942398,-0.015793842582827598,-0.05660969491953963,0.0088039732490915,3,0,3,groupby_shift_cohen_d__sel_combined_union,0.0583275422188176,-0.0735444618352625
bag8,folktables_travel_time,source::folktables,M16_nearest_test_distance,7,7,0,0.0554441098779188,0.031851110708028665,0.0393194009459512,0.0888135061877738,6,0,1,nearest_test_k10_cumshift_both,0.1118630304723122,-0.2006151796614803
bag8,folktables_travel_time,source::folktables,M17_test_directed_augmentation,12,12,0,-8.544090338327901,-8.545098152882323,-8.577007634104,-8.522095298472319,0,0,12,tdda_v2_k5_lam07_nopfl_dw,-8.48051098090477,-8.616999241965763
bag8,folktables_travel_time,source::folktables,M18_leaf_density,4,4,0,-0.18604691738565649,-0.19314668785158168,-0.21932581067850584,-0.15986779455873232,0,0,4,leaf_density_conf_shallow,-0.1165984675959735,-0.2838944490390402
bag8,folktables_travel_time,source::folktables,M19_neighborhood_consensus,6,6,0,0.750770600654574,0.7484984599659015,0.7249150529998608,0.7791355338504279,6,0,0,neighbor_consensus_k5_dist,0.7804869619249185,0.7040755478640068
bag8,folktables_travel_time,source::folktables,M1_frequency_encoding,6,6,4,0.0200914659035901,-0.006424898132172566,-0.04775988316403533,0.027021378199172302,4,0,2,joint_freq_separate__sel_combined_union,0.0386914439893517,-0.0763781140340232
bag8,folktables_travel_time,source::folktables,M20_cluster_membership,8,8,0,0.03411651299549255,0.029937394021713915,0.0219325368942767,0.040420424710943495,6,0,2,cluster_membership_k10_feature,0.0656424809785675,-0.0040239786505935
bag8,folktables_travel_time,source::folktables,M2_frequency_ratio,7,7,2,0.038579158337385,0.024279847660887928,-0.0008260326524274497,0.04448406352372035,5,0,2,freq_ratio_v2_diff_gated,0.0743881519968711,-0.0303244384506264
bag8,folktables_travel_time,source::folktables,M3_joint_pca,4,4,0,0.05073273372265,0.05073273372265,0.0420659633803405,0.0593995040649595,4,0,0,joint_pca_10,0.0593995040649595,0.0420659633803405
bag8,folktables_travel_time,source::folktables,M4_target_encoding,12,12,2,0.2701541273712815,0.15149879215098191,-0.0608928658587093,0.3165954322576842,7,0,5,target_enc_absolute,0.3434477584528234,-0.1031645027777921
bag8,folktables_travel_time,source::folktables,M5_joint_scaling,1,1,0,0.0,0.0,0.0,0.0,0,1,0,joint_scaling,0.0,0.0
bag8,folktables_travel_time,source::folktables,M6_adversarial_validation,16,16,0,-0.24192816147402463,-0.260751969258584,-0.357290329042582,-0.006988136373136,3,0,13,adversarial_rf_feature,0.0209967713088746,-0.7504837667951402
bag8,folktables_travel_time,source::folktables,M7_pseudo_labeling,9,9,0,-4.668625917085616,-5.824553573385201,-8.432995240455922,-2.1065840389800905,0,0,9,pseudo_label_lgbm_conf95_iter3,-0.9025640892656284,-13.37948678621768
bag8,folktables_travel_time,source::folktables,M8_label_propagation,11,11,0,-0.6718456410976111,-0.6808687220368349,-0.8708503991767946,-0.5184674806596503,0,0,11,label_prop_weighted_adaptive_a05,-0.2683514066283866,-0.9471879738259782
bag8,folktables_travel_time,source::folktables,M9_optimal_transport,9,9,0,-0.0421819731986486,-4.899730037708337,-10.95801094435702,-0.0052331875770219,2,0,7,ot_disp_v2_selective_abs,0.0357980929975518,-11.249938987512287
bag8,folktables_travel_time_covid,source::folktables,M14_groupby_aggregation,9,9,2,0.0715059197831542,0.05014740726674737,0.0,0.076531553524496,6,3,0,joint_groupby_mean_only,0.0887890983596599,0.0
bag8,folktables_travel_time_covid,source::folktables,M14b_groupby_shift_features,6,6,2,0.12736651924040576,0.11020418445421769,0.1219550601951849,0.1389604504774057,5,1,0,groupby_shift_ratio_raw,0.1435157335079775,0.0
bag8,folktables_travel_time_covid,source::folktables,M16_nearest_test_distance,7,7,0,-0.001806956525989,-0.2695192849323742,-0.3437551841878638,0.03704104581746045,3,0,4,nearest_test_k10_filter_both,0.0860874734660211,-1.3574872347258449
bag8,folktables_travel_time_covid,source::folktables,M17_test_directed_augmentation,12,12,0,-5.969191709617638,-5.955966451039984,-6.007089015735328,-5.947295162928111,0,0,12,tdda_k5_lam07_aug2,-5.672995267294066,-6.032245425860504
bag8,folktables_travel_time_covid,source::folktables,M18_leaf_density,4,4,0,0.5334487514107803,0.5394358887612127,0.4154669532418013,0.6574176869301918,4,0,0,leaf_density_conf,0.8656940535137309,0.2251519987095592
bag8,folktables_travel_time_covid,source::folktables,M19_neighborhood_consensus,6,6,0,6.111577063002408,6.128162514116872,6.107054988515099,6.15943521365581,6,0,0,neighbor_consensus_k10_dist_cumshift,6.18353818744808,6.081347210355394
bag8,folktables_travel_time_covid,source::folktables,M1_frequency_encoding,6,6,4,-0.3871798494744455,-0.40781707128176414,-1.0193272571943717,0.20001117488191708,3,0,3,joint_freq_combined__sel_combined_intersection,0.2185161589549099,-1.0567573442629616
bag8,folktables_travel_time_covid,source::folktables,M20_cluster_membership,8,8,0,0.03309871334889335,-0.01399592803514266,0.00966752558895985,0.0672734090309143,6,0,2,cluster_membership_k10_both,0.0795499680524354,-0.3845788256328262
bag8,folktables_travel_time_covid,source::folktables,M2_frequency_ratio,7,7,2,0.0681074637467488,0.08583109314053952,0.0628403295444384,0.10945768424583865,7,0,0,freq_ratio_v2_diff_gated,0.1454554652890041,0.0426586953674697
bag8,folktables_travel_time_covid,source::folktables,M3_joint_pca,4,4,0,0.0549187965942796,0.0549187965942796,0.0549187965942796,0.0549187965942796,4,0,0,joint_pca_10,0.0549187965942796,0.0549187965942796
bag8,folktables_travel_time_covid,source::folktables,M4_target_encoding,12,12,2,0.8570262063837277,0.8125656640005018,0.6856474985546531,0.9205966328957549,12,0,0,target_enc_ratio__sel_combined_intersection,1.004420824092242,0.5966990463218523
bag8,folktables_travel_time_covid,source::folktables,M5_joint_scaling,1,1,0,0.0,0.0,0.0,0.0,0,1,0,joint_scaling,0.0,0.0
bag8,folktables_travel_time_covid,source::folktables,M6_adversarial_validation,16,16,0,-0.41688796908255865,-0.4921696952028682,-0.7978094459164535,-0.17382884564049592,0,0,16,adversarial_logreg_feature,-0.0217106428388522,-1.253912889652218
bag8,folktables_travel_time_covid,source::folktables,M7_pseudo_labeling,9,9,0,-0.2227434587268028,-0.5868907357050788,-0.6061391954321793,-0.0707304722298903,2,0,7,pseudo_label_lgbm_conf90_iter1,0.7740931664703651,-3.541347627430784
bag8,folktables_travel_time_covid,source::folktables,M8_label_propagation,11,11,0,3.1098076958763112,2.726063028214788,1.6050886374786664,3.5415990883272004,11,0,0,label_prop_weighted_adaptive_a05,4.193475553964301,0.980691986903633
bag8,folktables_travel_time_covid,source::folktables,M9_optimal_transport,9,9,0,-0.0198618708143392,-6.122612255802607,-13.518786588935804,0.0310932027609522,3,0,6,ot_displacement_mag,0.216329946495259,-14.608306400841132
bag8,gas_sensor_drift,source::gas_sensor_drift,M14_groupby_aggregation,9,9,2,0.0,-0.6063940617531074,0.0,0.0,0,7,2,joint_groupby_combined,0.0,-4.201614129928751
bag8,gas_sensor_drift,source::gas_sensor_drift,M14b_groupby_shift_features,6,6,2,0.0,-0.9095910926296611,-0.9419493193869116,0.0,0,4,2,groupby_shift_cohen_d,0.0,-4.201614129928751
bag8,gas_sensor_drift,source::gas_sensor_drift,M16_nearest_test_distance,7,7,0,-16.97997667627108,-12.3708883280279,-17.453919498429208,-5.7321560122522275,0,0,7,nearest_test_rel_k5_both,-3.133722280666309,-20.11036831789504
bag8,gas_sensor_drift,source::gas_sensor_drift,M17_test_directed_augmentation,12,12,0,7.180006438222286,7.97397444704356,4.2067762710520675,10.70212133245686,11,0,1,tdda_k5_lam06_aug1,18.55923049506331,-2.663165124524479
bag8,gas_sensor_drift,source::gas_sensor_drift,M18_leaf_density,8,8,0,0.25186023152929127,1.0115965915161835,0.012686311719313892,1.8562710290884705,6,0,2,leaf_density_conf_deep,6.325875583368387,-3.6697674857553193
bag8,gas_sensor_drift,source::gas_sensor_drift,M19_neighborhood_consensus,6,6,0,3.3018169823113492,2.5934381644589184,0.9606713276289419,4.060657957396323,5,0,1,neighbor_consensus_k10_uniform,5.192988734563476,-0.7298881042587829
bag8,gas_sensor_drift,source::gas_sensor_drift,M1_frequency_encoding,6,6,4,-1.2559324258492155,-1.8191821852593222,-3.465193703908867,-0.3139831064623039,0,2,4,joint_freq_combined,0.0,-4.201614129928751
bag8,gas_sensor_drift,source::gas_sensor_drift,M20_cluster_membership,8,8,0,-6.649294699621009,-6.564914256712589,-11.438422741807722,-2.4338228381051032,2,0,6,cluster_membership_k10_feature_cumshift,2.0408211574216035,-14.322985627942169
bag8,gas_sensor_drift,source::gas_sensor_drift,M2_frequency_ratio,7,7,2,0.0,-0.7796495079682809,-0.6279662129246077,0.0,0,5,2,freq_ratio_log,0.0,-4.201614129928751
bag8,gas_sensor_drift,source::gas_sensor_drift,M3_joint_pca,4,4,0,6.046267010740005,5.4856629885090555,4.989756766907236,6.542173232341824,4,0,0,joint_pca_var95,7.156622379504333,2.6934955530518803
bag8,gas_sensor_drift,source::gas_sensor_drift,M3b_joint_tsne,3,3,0,-0.0358444970477136,2.9149122667000196,-0.1286828615801075,4.48312901310628,1,0,2,joint_tsne_2d_p50,9.002102523260275,-0.2215212261125014
bag8,gas_sensor_drift,source::gas_sensor_drift,M4_target_encoding,12,12,2,0.0,-0.45479554631483055,0.0,0.0,0,10,2,target_enc_absolute,0.0,-4.201614129928751
bag8,gas_sensor_drift,source::gas_sensor_drift,M5_joint_scaling,1,1,0,-3.196198315585136,-3.196198315585136,-3.196198315585136,-3.196198315585136,0,0,1,joint_scaling,-3.196198315585136,-3.196198315585136
bag8,gas_sensor_drift,source::gas_sensor_drift,M6_adversarial_validation,16,16,0,3.1238515506403997,1.935961401969688,-0.48202769384242333,4.306315107800685,11,0,5,adversarial_reweight_lgbm_ratio_normalize,6.476956000674282,-5.776874263088557
bag8,gas_sensor_drift,source::gas_sensor_drift,M7_pseudo_labeling,9,9,0,-19.104777119161994,-13.632670982514465,-22.20319164006593,-3.889425723570944,1,1,7,pseudo_label_lgbm_conf90_iter1,0.5299181163241967,-23.6988685874394
bag8,gas_sensor_drift,source::gas_sensor_drift,M8_label_propagation,11,11,0,-12.588982076501402,-8.713774645858273,-15.446752650704024,-5.0488588751237184,2,0,9,label_prop_v3_adaptive,41.18265900132294,-48.08745354122336
bag8,gas_sensor_drift,source::gas_sensor_drift,M9_optimal_transport,9,9,0,-11.897766288237635,-32.652217262356324,-63.23880106413113,-9.300759634547193,0,0,9,ot_disp_v2_summary_only,-4.537473314294211,-64.38123092283446
bag8,hazelnut-spread-contaminant-detection,source::hazelnut-spread-contaminant-detection,M14_groupby_aggregation,9,9,2,0.0,0.060416323392086135,0.0,0.0,1,7,1,joint_groupby_combined__sel_combined_union,0.7909045971328836,-0.2471576866041084
bag8,hazelnut-spread-contaminant-detection,source::hazelnut-spread-contaminant-detection,M14b_groupby_shift_features,6,6,2,0.0,0.0906244850881292,0.0,0.0,1,4,1,groupby_shift_cohen_d__sel_combined_union,0.7909045971328836,-0.2471576866041084
bag8,hazelnut-spread-contaminant-detection,source::hazelnut-spread-contaminant-detection,M16_nearest_test_distance,7,7,0,-5.211496363251079,-5.560543545149118,-6.50730880587531,-4.681872749099583,0,0,7,nearest_test_rel_k10_cumshift_both,-3.862721559211824,-7.471223783631134
bag8,hazelnut-spread-contaminant-detection,source::hazelnut-spread-contaminant-detection,M17_test_directed_augmentation,12,12,0,21.23614151542969,19.475142998375826,14.321022526657709,23.51175764423416,12,0,0,tdda_k5_lam07_aug2,25.248923098651336,13.38182331756236
bag8,hazelnut-spread-contaminant-detection,source::hazelnut-spread-contaminant-detection,M18_leaf_density,8,8,0,-5.027893510345267,-5.498375820916584,-6.343125485488267,-3.601440576230598,0,0,8,leaf_density_conf_cumshift,-3.3189746486829192,-10.140526798954827
bag8,hazelnut-spread-contaminant-detection,source::hazelnut-spread-contaminant-detection,M19_neighborhood_consensus,6,6,0,2.5280700515500354,2.3138667231598915,2.0266930301532438,3.437257255843594,5,0,1,neighbor_consensus_k10_dist,4.194619024080346,-0.9674458018501628
bag8,hazelnut-spread-contaminant-detection,source::hazelnut-spread-contaminant-detection,M1_frequency_encoding,6,6,4,0.0,0.1812489701762584,-0.18536826495308129,0.5931784478496627,2,2,2,joint_freq_combined__sel_combined_union,0.7909045971328836,-0.2471576866041084
bag8,hazelnut-spread-contaminant-detection,source::hazelnut-spread-contaminant-detection,M20_cluster_membership,8,8,0,-1.101617117435282,-0.9886307464162015,-2.665772191229398,0.017654120471801475,2,0,6,cluster_membership_k5_feature,2.2809123649460563,-2.803474330908831
bag8,hazelnut-spread-contaminant-detection,source::hazelnut-spread-contaminant-detection,M2_frequency_ratio,7,7,2,0.0,0.07767813007553932,0.0,0.0,1,5,1,freq_ratio_log__sel_combined_union,0.7909045971328836,-0.2471576866041084
bag8,hazelnut-spread-contaminant-detection,source::hazelnut-spread-contaminant-detection,M3_joint_pca,4,4,0,-0.727349763434729,0.22067650589648735,-0.833274486265073,0.3266012287268314,1,0,3,joint_pca_var95,3.488454205211512,-1.151048654756105
bag8,hazelnut-spread-contaminant-detection,source::hazelnut-spread-contaminant-detection,M3b_joint_tsne,3,3,0,-0.6496716333592251,-0.49196149047857646,-0.780312124849948,-0.2824659275475291,1,0,2,joint_tsne_2d_p50,0.0847397782641669,-0.9109526163406712
bag8,hazelnut-spread-contaminant-detection,source::hazelnut-spread-contaminant-detection,M4_target_encoding,12,12,2,0.0,0.0453122425440646,0.0,0.0,1,10,1,target_enc_ratio__sel_combined_union,0.7909045971328836,-0.2471576866041084
bag8,hazelnut-spread-contaminant-detection,source::hazelnut-spread-contaminant-detection,M5_joint_scaling,1,1,0,-0.8756443753971918,-0.8756443753971918,-0.8756443753971918,-0.8756443753971918,0,0,1,joint_scaling,-0.8756443753971918,-0.8756443753971918
bag8,hazelnut-spread-contaminant-detection,source::hazelnut-spread-contaminant-detection,M6_adversarial_validation,16,16,0,-1.2534425534919529,-0.8339365157827882,-2.1873455264458577,0.28070051550025155,6,0,10,adversarial_reweight_lgbm_ratio_hard_tempered,1.8289668808699933,-2.9376456464938268
bag8,hazelnut-spread-contaminant-detection,source::hazelnut-spread-contaminant-detection,M7_pseudo_labeling,9,9,0,-3.42489937151324,-2.2660044409920763,-5.042016806722733,1.546500953322535,3,0,6,pseudo_label_lgbm_conf90_iter1,2.167925993926944,-6.235435350610862
bag8,hazelnut-spread-contaminant-detection,source::hazelnut-spread-contaminant-detection,M8_label_propagation,11,11,0,-2.7328578490219897,-2.571081908699305,-3.9827695784196058,-1.5006002400960554,1,0,10,label_prop_v3_t005_k15,1.405267989548747,-5.225619659628546
bag8,hazelnut-spread-contaminant-detection,source::hazelnut-spread-contaminant-detection,M9_optimal_transport,9,9,0,-2.9376456464939444,-15.59682696608061,-3.00120048019224,-2.85996751641844,0,0,9,ot_disp_v2_selective_and_summary,-2.803474330908831,-60.12287267848328
bag8,healthcare_insurance_expenses,source::healthcare_insurance_expenses,M14_groupby_aggregation,9,9,2,-0.3445468861953234,-0.1411759086240313,-0.3445468861953234,0.2590075837143414,3,0,6,joint_groupby_combined,0.2590075837143414,-0.5576357852231957
bag8,healthcare_insurance_expenses,source::healthcare_insurance_expenses,M14b_groupby_shift_features,6,6,2,0.1392756097066533,0.11812607298662074,0.1392756097066533,0.1392756097066533,5,0,1,groupby_shift_cohen_d__sel_combined_union,0.2771866644827241,-0.1255326653896129
bag8,healthcare_insurance_expenses,source::healthcare_insurance_expenses,M16_nearest_test_distance,7,7,0,-0.607230917974116,-0.45640772990384637,-0.7287928279330455,-0.2148158198708933,1,0,6,nearest_test_rel_k5_both,0.1448907220845487,-0.8452966178294805
bag8,healthcare_insurance_expenses,source::healthcare_insurance_expenses,M17_test_directed_augmentation,12,12,0,-12.33130282311389,-12.264289819519297,-18.605347272120635,-5.698884095046647,0,0,12,tdda_k5_lam06_aug1,-3.200381318413038,-18.90745323412768
bag8,healthcare_insurance_expenses,source::healthcare_insurance_expenses,M18_leaf_density,8,8,0,0.2203911605457184,0.12305684840635174,-0.10619398174481462,0.27817120262576056,5,0,3,leaf_density_conf_shallow,0.5112436983516455,-0.312606295091789
bag8,healthcare_insurance_expenses,source::healthcare_insurance_expenses,M19_neighborhood_consensus,6,6,0,-1.6149406930877597,-1.562518294637034,-1.8585616263700766,-1.1767436301511152,0,0,6,neighbor_consensus_k10_dist,-0.7148518843220305,-2.4599299506882395
bag8,healthcare_insurance_expenses,source::healthcare_insurance_expenses,M1_frequency_encoding,6,6,4,0.27502957407120265,0.20062426641905437,0.0657466540598736,0.31139943104266676,4,2,0,joint_freq_combined,0.3341780529493354,0.0
bag8,healthcare_insurance_expenses,source::healthcare_insurance_expenses,M20_cluster_membership,8,8,0,-0.16762733750023326,0.059783605479804755,-0.2856100139642069,0.3001271373756905,3,0,5,cluster_membership_k10_feature,0.8641517959982371,-0.3403127707638918
bag8,healthcare_insurance_expenses,source::healthcare_insurance_expenses,M2_frequency_ratio,7,7,2,0.0,0.16489734241893378,0.0,0.38470351014214377,3,4,0,freq_ratio_log,0.3848743766482489,0.0
bag8,healthcare_insurance_expenses,source::healthcare_insurance_expenses,M3_joint_pca,4,4,0,-0.2704914172405533,-0.2704914172405533,-0.2704914172405533,-0.2704914172405533,0,0,4,joint_pca_10,-0.2704914172405533,-0.2704914172405533
bag8,healthcare_insurance_expenses,source::healthcare_insurance_expenses,M3b_joint_tsne,3,3,0,-0.1926383446244111,-0.24093936122161652,-0.29973051519907046,-0.15799769894555984,0,0,3,joint_tsne_2d_p30,-0.1233570532667086,-0.4068226857737299
bag8,healthcare_insurance_expenses,source::healthcare_insurance_expenses,M4_target_encoding,12,12,2,0.02550140022607605,0.3067459475923197,-0.151015375070365,0.8729287966488758,6,1,5,target_enc_oof_absolute,0.913665960208968,-0.151015375070365
bag8,healthcare_insurance_expenses,source::healthcare_insurance_expenses,M5_joint_scaling,1,1,0,0.2737436367449844,0.2737436367449844,0.2737436367449844,0.2737436367449844,1,0,0,joint_scaling,0.2737436367449844,0.2737436367449844
bag8,healthcare_insurance_expenses,source::healthcare_insurance_expenses,M6_adversarial_validation,16,16,0,-0.44241522597219995,-0.5317036439113959,-0.9684589613820186,-0.21365801505464604,3,0,13,adversarial_lgbm_cal_platt_feature,0.4733833768813402,-1.5819286292944876
bag8,healthcare_insurance_expenses,source::healthcare_insurance_expenses,M8_label_propagation,11,11,0,-1.957273240502352,-2.0441348063906126,-3.0473932596562427,-1.2150243250757946,1,0,10,label_prop_v3_t005_k15,0.0135747233525557,-4.18539840746993
bag8,healthcare_insurance_expenses,source::healthcare_insurance_expenses,M9_optimal_transport,9,9,0,0.3527076544906071,0.31889003501967295,0.2656699935623308,0.4427730867414826,8,0,1,ot_disp_v2_selective_and_summary,0.4754578813604125,-0.0104417280541568
bag8,heloc,source::heloc,M14_groupby_aggregation,9,9,2,-0.9102691427062348,-0.8649157699881457,-0.9174113402611072,-0.7760346843102148,0,0,9,joint_groupby_mean_only,-0.6549894991100005,-1.0610757752675344
bag8,heloc,source::heloc,M14b_groupby_shift_features,6,6,2,-0.510135146596925,-0.46537251522218687,-0.5605701084747744,-0.3515219773405743,0,0,6,groupby_shift_cohen_d__sel_combined_union,-0.2950014682565128,-0.6009306465269102
bag8,heloc,source::heloc,M16_nearest_test_distance,7,7,0,-0.484334778535664,-0.48367307725068553,-0.4940115648549265,-0.45153473873404826,0,0,7,nearest_test_rel_k10_both,-0.4274629418583015,-0.5828212131828838
bag8,heloc,source::heloc,M17_test_directed_augmentation,12,12,0,-6.603745793316863,-6.745620959365717,-7.056301004813122,-6.35342201801441,0,0,12,tdda_v2_k5_lam07_pfl_nodw,-5.889569702760172,-8.73152930633551
bag8,heloc,source::heloc,M18_leaf_density,8,8,0,-0.34505158780392253,-0.312200608704784,-0.4475220987352382,-0.22952667850036546,0,0,8,leaf_density_conf_cumshift,-0.0316358802267832,-0.4758164663614774
bag8,heloc,source::heloc,M19_neighborhood_consensus,6,6,0,-1.3570936595349705,-1.227490643576957,-1.6071337447479237,-0.934141401928412,0,0,6,neighbor_consensus_k20_dist,-0.4106264421799772,-1.756492344333357
bag8,heloc,source::heloc,M1_frequency_encoding,6,6,4,0.0,0.011324105941040835,0.0,0.025479238367341877,2,4,0,joint_freq_combined__sel_combined_union,0.0339723178231225,0.0
bag8,heloc,source::heloc,M20_cluster_membership,8,8,0,-0.0390692130767771,-0.010317023362020242,-0.0808748134388934,0.059881343261121524,3,0,5,cluster_membership_k10_both_cumshift,0.2348847001546315,-0.1655730032472217
bag8,heloc,source::heloc,M2_frequency_ratio,7,7,2,0.0,0.004853188260446071,0.0,0.0,1,6,0,freq_ratio_log__sel_combined_union,0.0339723178231225,0.0
bag8,heloc,source::heloc,M3_joint_pca,4,4,0,0.2147373306820485,0.21312027584425955,0.17881073923675342,0.2490468672895546,4,0,0,joint_pca_10,0.2490468672895546,0.1739595747233865
bag8,heloc,source::heloc,M3b_joint_tsne,3,3,0,-0.2541263297423825,-0.32076546769123665,-0.37006086810162764,-0.2381504983064186,0,0,3,joint_tsne_3d_p30,-0.2221746668704547,-0.4859954064608728
bag8,heloc,source::heloc,M4_target_encoding,12,12,2,0.0,0.0028310264852602087,0.0,0.0,1,11,0,target_enc_ratio__sel_combined_union,0.0339723178231225,0.0
bag8,heloc,source::heloc,M5_joint_scaling,1,1,0,-0.0274970039329932,-0.0274970039329932,-0.0274970039329932,-0.0274970039329932,0,0,1,joint_scaling,-0.0274970039329932,-0.0274970039329932
bag8,heloc,source::heloc,M6_adversarial_validation,16,16,0,0.03622708791504885,-0.013196063308007914,-0.13133169999960762,0.1043759791461684,9,0,7,adversarial_rf_feature,0.1921946182039379,-0.2555109448635357
bag8,heloc,source::heloc,M7_pseudo_labeling,9,9,0,-0.0537399129639973,-0.04082140453324252,-0.1040344839663475,-0.0005127633760921,1,1,7,pseudo_label_lgbm_conf95_iter3,0.2048001824843328,-0.1900512386062664
bag8,heloc,source::heloc,M8_label_propagation,11,11,0,-0.0993351900362643,-0.044393690519176125,-0.12236508662552545,0.1298528804598279,4,0,7,label_prop_weighted_adaptive_a05,0.390320526871874,-0.5855701001133703
bag8,heloc,source::heloc,M9_optimal_transport,9,9,0,0.0431160101896906,0.007981735243825191,-0.1025530695606057,0.0622055201091591,6,0,3,ot_disp_v2_summary_only,0.2390589192444203,-0.2494114593498816
bag8,hiva_agnostic,source::hiva_agnostic,M14_groupby_aggregation,9,9,2,0.0,0.09359437016339209,0.0,0.0,1,7,1,joint_groupby_combined__sel_combined_intersection,1.0174406329332846,-0.1750913014627558
bag8,hiva_agnostic,source::hiva_agnostic,M14b_groupby_shift_features,6,6,2,0.0,0.14039155524508815,0.0,0.0,1,4,1,groupby_shift_cohen_d__sel_combined_intersection,1.0174406329332846,-0.1750913014627558
bag8,hiva_agnostic,source::hiva_agnostic,M16_nearest_test_distance,7,7,0,-1.9349292060336265,-1.5473332173808376,-2.265414423059184,-0.7655825104805807,1,0,6,nearest_test_k10_cumshift_both,0.527582798312999,-3.361992246865707
bag8,hiva_agnostic,source::hiva_agnostic,M17_test_directed_augmentation,12,12,0,0.11686496513050675,-0.2277542506016357,0.05163008531767445,0.1820304562171474,10,0,2,tdda_k10_lam07_aug1,0.1820304562171474,-3.2983294359246265
bag8,hiva_agnostic,source::hiva_agnostic,M18_leaf_density,8,8,0,-0.8274642538402501,-1.2101462303239117,-1.7406185417871423,-0.15809646207120492,2,0,6,leaf_density_conf,1.9024808408339515,-5.0514652449789175
bag8,hiva_agnostic,source::hiva_agnostic,M19_neighborhood_consensus,6,6,0,2.2750803778035125,2.130136537705753,0.53460855821631,2.823325001322738,5,0,1,neighbor_consensus_k5_dist_cumshift,6.1927862577520845,-0.9226522813076472
bag8,hiva_agnostic,source::hiva_agnostic,M1_frequency_encoding,6,6,4,0.6411602176665023,0.8752193102043604,0.5658150063135032,1.2363963583417645,6,0,0,joint_freq_separate__sel_combined_union,1.4497906916511134,0.5436963931460224
bag8,hiva_agnostic,source::hiva_agnostic,M20_cluster_membership,8,8,0,-3.5570871537895754,-3.927070125419208,-6.000705105398016,-1.273878936651792,0,0,8,cluster_membership_k5_feature,-0.8327265012156688,-8.119420803422964
bag8,hiva_agnostic,source::hiva_agnostic,M2_frequency_ratio,7,7,2,1.354763173300238,0.8261307594744857,0.0,1.4241498124692313,4,3,0,freq_ratio_log__sel_combined_intersection,1.579852518082698,0.0
bag8,hiva_agnostic,source::hiva_agnostic,M3_joint_pca,4,4,0,0.0,0.0,0.0,0.0,0,4,0,joint_pca_10,0.0,0.0
bag8,hiva_agnostic,source::hiva_agnostic,M3b_joint_tsne,3,3,0,-3.1548992572725303,-3.7307878102186613,-4.458139653476495,-2.715491690487762,0,0,3,joint_tsne_2d_p50,-2.276084123702994,-5.76138004968046
bag8,hiva_agnostic,source::hiva_agnostic,M4_target_encoding,12,12,2,0.5654274688126032,-1.5597256415670566,-4.192207078627498,0.5654274688126032,7,0,5,target_enc_ratio__sel_combined_intersection,1.8369216472937475,-7.323097948065472
bag8,hiva_agnostic,source::hiva_agnostic,M5_joint_scaling,1,1,0,0.0,0.0,0.0,0.0,0,1,0,joint_scaling,0.0,0.0
bag8,hiva_agnostic,source::hiva_agnostic,M6_adversarial_validation,16,16,0,-1.3892918199335067,-1.5037638929745678,-2.36021420913233,-0.38534211005844166,4,0,12,adversarial_lgbm_both_ratio,1.5033538243635736,-4.650426683838622
bag8,hiva_agnostic,source::hiva_agnostic,M7_pseudo_labeling,9,9,0,0.9824532373704346,1.0772840914137414,0.4600385169656505,1.801029967262047,9,0,0,pseudo_label_v2_cal_platt_wprop_conf90,2.240391223627696,0.058755303830179
bag8,hiva_agnostic,source::hiva_agnostic,M8_label_propagation,11,11,0,2.928379028339365,2.5368785492538177,0.5308176955312957,4.134019925747822,9,0,2,label_prop_v3_adaptive,7.532275851698008,-1.6496029525274043
bag8,hiva_agnostic,source::hiva_agnostic,M9_optimal_transport,9,9,0,0.0053314895945768,0.049704491949377434,0.0,0.1539167714801332,5,3,1,ot_disp_v2_selective,0.1539167714801332,-0.1736581479707127
bag8,houses,source::houses,M14_groupby_aggregation,9,9,2,-0.4315488527105285,-0.4973176530229407,-0.4726878961020588,-0.4275624347728646,1,0,8,joint_groupby_combined__sel_combined_intersection,0.0005728432066925,-1.2042482492533515
bag8,houses,source::houses,M14b_groupby_shift_features,6,6,2,-1.1662638513640522,-0.8729084009376288,-1.2076514733603296,-0.6385166013806506,1,0,5,groupby_shift_cohen_d__sel_combined_intersection,0.0005728432066925,-1.2214473473590888
bag8,houses,source::houses,M16_nearest_test_distance,7,7,0,-2.1929152808025814,-2.4462248156174917,-2.690441613983272,-2.099602137726948,0,0,7,nearest_test_k5_both,-2.0608268441666904,-3.28974408093273
bag8,houses,source::houses,M17_test_directed_augmentation,12,12,0,-2.4174283419964233,-2.0207636742588897,-3.468168443526821,0.024014288734792527,4,0,8,tdda_v2_k10_lam07_pfl_dw,0.0948649377519929,-4.803935085289379
bag8,houses,source::houses,M18_leaf_density,8,8,0,-1.0981722600582056,-1.192116912671473,-1.2843398762802951,-1.0297061674973833,0,0,8,leaf_density_conf_shallow,-0.6687052901398844,-1.9283604274384003
bag8,houses,source::houses,M19_neighborhood_consensus,6,6,0,-2.5039774291022194,-2.5824866666370765,-2.608726087204465,-2.3913899131870817,0,0,6,neighbor_consensus_k10_uniform,-2.307543033388056,-3.181919060442715
bag8,houses,source::houses,M1_frequency_encoding,6,6,4,0.0,0.00010104007761223331,-0.00020229223039185,0.000429632405019375,2,2,2,joint_freq_combined__sel_combined_intersection,0.0005728432066925,-0.0002697229738558
bag8,houses,source::houses,M20_cluster_membership,8,8,0,-0.573785904305415,-0.4878861451563402,-0.6709383732168381,-0.4093923029578729,1,0,7,cluster_membership_k10_weight,0.1363343301811361,-0.7250026930423724
bag8,houses,source::houses,M2_frequency_ratio,7,7,2,0.0,4.330289040524286e-05,0.0,0.0,1,5,1,freq_ratio_log__sel_combined_intersection,0.0005728432066925,-0.0002697229738558
bag8,houses,source::houses,M3_joint_pca,4,4,0,-0.4983816242482587,-0.42326863813233656,-0.7622599169109031,-0.15939034546969214,1,0,3,joint_pca_10,0.0659486128780743,-0.7622599169109031
bag8,houses,source::houses,M3b_joint_tsne,3,3,0,-0.5860161801232873,-0.691423316830622,-0.778094443423159,-0.5520486218844175,0,0,3,joint_tsne_2d_p50,-0.5180810636455477,-0.9701727067230308
bag8,houses,source::houses,M4_target_encoding,12,12,2,0.0,2.526001940305833e-05,0.0,0.0,1,10,1,target_enc_ratio__sel_combined_intersection,0.0005728432066925,-0.0002697229738558
bag8,houses,source::houses,M5_joint_scaling,1,1,0,0.056160112603363,0.056160112603363,0.056160112603363,0.056160112603363,1,0,0,joint_scaling,0.056160112603363,0.056160112603363
bag8,houses,source::houses,M6_adversarial_validation,16,16,0,-0.10205025289503715,-0.26852543262931294,-0.6138035564277171,0.00429854320799455,4,0,12,adversarial_reweight_lgbm_ratio_winsorize_tempered,0.1737411670364625,-0.8357505217951072
bag8,houses,source::houses,M8_label_propagation,11,11,0,-0.0390844192100602,-0.20598260786214062,-0.5181058495157375,0.04337405281734415,4,0,7,label_prop_weighted_adaptive_a05,0.1812813807740201,-0.8006773867248516
bag8,houses,source::houses,M9_optimal_transport,9,9,0,-9.94151411752789,-8.006889240558099,-10.22006107906977,-2.535033535316496,0,0,9,ot_disp_v2_summary_only,-1.1211683671424473,-13.208755188079769
bag8,in_vehicle_coupon_recommendation,source::in_vehicle_coupon_recommendation,M14_groupby_aggregation,9,9,2,1.9406657194122725,2.6794481469196105,1.7463055628152306,3.686860038443424,9,0,0,joint_groupby_mean_only,4.3003966473665285,0.9835391085556388
bag8,in_vehicle_coupon_recommendation,source::in_vehicle_coupon_recommendation,M14b_groupby_shift_features,6,6,2,3.3343761651818564,2.941270156121727,3.131781320347597,3.5456615484395684,6,0,0,groupby_shift_ratio_raw,3.5910453790077304,0.707483512430601
bag8,in_vehicle_coupon_recommendation,source::in_vehicle_coupon_recommendation,M16_nearest_test_distance,7,7,0,-11.502660830261243,-11.854788697766777,-12.4590127529348,-10.885378207682859,0,0,7,nearest_test_k10_filter_both,-10.545058340686094,-14.247019792184789
bag8,in_vehicle_coupon_recommendation,source::in_vehicle_coupon_recommendation,M17_test_directed_augmentation,12,12,0,-4.0255816884064535,-4.143721955943169,-5.038781031929899,-3.1493638354189364,0,0,12,tdda_k5_lam06_aug1,-3.002455295274422,-5.932176730130204
bag8,in_vehicle_coupon_recommendation,source::in_vehicle_coupon_recommendation,M18_leaf_density,8,8,0,-7.825421804729919,-8.311832368020397,-8.9497266678484,-7.393391134135118,0,0,8,leaf_density_conf_shallow,-6.827570241243031,-10.879041008719526
bag8,in_vehicle_coupon_recommendation,source::in_vehicle_coupon_recommendation,M19_neighborhood_consensus,6,6,0,-16.38161703368003,-16.561664442798552,-16.837400106816695,-16.29018399747947,0,0,6,neighbor_consensus_k20_dist,-16.16184877567858,-17.19586969714448
bag8,in_vehicle_coupon_recommendation,source::in_vehicle_coupon_recommendation,M1_frequency_encoding,6,6,4,2.3488546998654014,2.4775089279750127,2.2244209755492013,2.778164880069908,6,0,0,joint_freq_combined__sel_combined_union,3.0132036235595985,2.0499292036444654
bag8,in_vehicle_coupon_recommendation,source::in_vehicle_coupon_recommendation,M20_cluster_membership,8,8,0,-4.240551748922915,-3.9553561192138256,-4.911795472797211,-3.9562182883191515,0,0,8,cluster_membership_k10_weight,-0.3169197616903113,-5.133030766189071
bag8,in_vehicle_coupon_recommendation,source::in_vehicle_coupon_recommendation,M2_frequency_ratio,7,7,2,1.5058903699464763,1.3597142506820532,0.0,2.6303886294705014,4,3,0,freq_ratio_log__sel_combined_union,2.751332125886892,0.0
bag8,in_vehicle_coupon_recommendation,source::in_vehicle_coupon_recommendation,M3_joint_pca,4,4,0,-1.9351373093140285,-1.9351373093140285,-1.9351373093140285,-1.9351373093140285,0,0,4,joint_pca_10,-1.9351373093140285,-1.9351373093140285
bag8,in_vehicle_coupon_recommendation,source::in_vehicle_coupon_recommendation,M3b_joint_tsne,3,3,0,-3.675294819946604,-3.7398179637937248,-4.032057074074479,-3.415317281589411,0,0,3,joint_tsne_2d_p30,-3.1553397432322177,-4.388819328202354
bag8,in_vehicle_coupon_recommendation,source::in_vehicle_coupon_recommendation,M4_target_encoding,12,12,2,1.8546486470492756,-0.8072071240277334,-4.665985842735688,2.1252015956415735,7,0,5,target_enc_ratio__sel_combined_union,2.3025408726044043,-5.128212856854314
bag8,in_vehicle_coupon_recommendation,source::in_vehicle_coupon_recommendation,M5_joint_scaling,1,1,0,-0.0005007484587821,-0.0005007484587821,-0.0005007484587821,-0.0005007484587821,0,0,1,joint_scaling,-0.0005007484587821,-0.0005007484587821
bag8,in_vehicle_coupon_recommendation,source::in_vehicle_coupon_recommendation,M6_adversarial_validation,16,16,0,-0.2363615203429747,-2.463725398535078,-5.864144997204298,-0.07544013830070939,3,0,13,adversarial_reweight_lgbm_raw_hard,0.3003191044822702,-6.83804586559091
bag8,in_vehicle_coupon_recommendation,source::in_vehicle_coupon_recommendation,M7_pseudo_labeling,9,9,0,-0.2250779889294455,-0.19105968548641689,-0.3630647656535204,0.0493423193162655,3,0,6,pseudo_label_lgbm_conf90_iter3,0.1377700024148379,-0.6506478854315692
bag8,in_vehicle_coupon_recommendation,source::in_vehicle_coupon_recommendation,M8_label_propagation,11,11,0,-7.1604685828770105,-7.651818878559241,-8.706826573333181,-6.656364276305945,0,0,11,label_prop_weighted_k10_a05,-6.031863506535935,-9.8306994010513
bag8,in_vehicle_coupon_recommendation,source::in_vehicle_coupon_recommendation,M9_optimal_transport,9,9,0,0.0,-0.1504337304261304,0.0,0.0,0,7,2,ot_disp_v2_selective,0.0,-0.7531315061925468
bag8,jm1,source::jm1,M14_groupby_aggregation,9,9,2,-0.2468378208899287,0.035555401160489705,-0.4789651911891259,0.6258001416880191,3,0,6,joint_groupby_combined__sel_combined_intersection,1.0326116437226471,-0.7283812062407745
bag8,jm1,source::jm1,M14b_groupby_shift_features,6,6,2,-0.4714334536255274,-0.37904753298587596,-0.5886327797647058,-0.14528027207606015,0,0,6,groupby_shift_cohen_d_min10,-0.0024303929445433,-0.6647261310156546
bag8,jm1,source::jm1,M16_nearest_test_distance,7,7,0,-1.1932988222251744,-3.051962364672267,-5.514476034773342,-0.8392215454024006,1,0,6,nearest_test_k5_both,0.201314804319885,-7.664357374449096
bag8,jm1,source::jm1,M17_test_directed_augmentation,12,12,0,-14.273697510658431,-13.145216274683655,-15.138170982996591,-11.053396934164958,0,0,12,tdda_k5_lam06_aug1,-7.702492845879753,-15.938408930212828
bag8,jm1,source::jm1,M18_leaf_density,8,8,0,-1.685379932314344,-1.6295910286875994,-1.800208797836918,-1.4805930572505352,0,0,8,leaf_density_embed_k20,-1.1357449359834637,-2.059445967027646
bag8,jm1,source::jm1,M19_neighborhood_consensus,6,6,0,-7.883249592868397,-7.9300377394471395,-8.895379068274854,-7.342347191526375,0,0,6,neighbor_consensus_k10_dist_cumshift,-5.876795767142745,-9.542129532647252
bag8,jm1,source::jm1,M1_frequency_encoding,6,6,4,0.0,-0.0006861503609007667,-0.002315361983875425,0.0007715236718487,2,2,2,joint_freq_combined__sel_combined_intersection,0.0010286982291316,-0.0030871493118339
bag8,jm1,source::jm1,M20_cluster_membership,8,8,0,-0.0840079751511047,-0.07426028768661279,-0.13431031611358646,0.06646120283441102,3,0,5,cluster_membership_k10_weight,0.2617583944091924,-0.5901956809622768
bag8,jm1,source::jm1,M2_frequency_ratio,7,7,2,0.0,-0.00029406444038604287,0.0,0.0,1,5,1,freq_ratio_log__sel_combined_intersection,0.0010286982291316,-0.0030871493118339
bag8,jm1,source::jm1,M3_joint_pca,4,4,0,0.6843661103315252,0.7788198683942522,0.5401087964715241,0.9230771822542532,4,0,0,joint_pca_10,1.4391092082381212,0.3074380446758371
bag8,jm1,source::jm1,M3b_joint_tsne,3,3,0,0.6644459854203933,0.6286031795773629,0.511043932646792,0.7640838294294491,3,0,0,joint_tsne_3d_p30,0.8637216734385048,0.3576418798731908
bag8,jm1,source::jm1,M4_target_encoding,12,12,2,0.0,-0.00017153759022519167,0.0,0.0,1,10,1,target_enc_ratio__sel_combined_intersection,0.0010286982291316,-0.0030871493118339
bag8,jm1,source::jm1,M5_joint_scaling,1,1,0,0.2135514905371265,0.2135514905371265,0.2135514905371265,0.2135514905371265,1,0,0,joint_scaling,0.2135514905371265,0.2135514905371265
bag8,jm1,source::jm1,M6_adversarial_validation,16,16,0,-0.3729540541125391,-0.5028754189049899,-0.8248732429478569,-0.02340850113722355,4,0,12,adversarial_reweight_lgbm_cal_iso_ratio_winsorize,0.2452049437147421,-1.834641963577991
bag8,jm1,source::jm1,M7_pseudo_labeling,9,9,0,0.4818334839639924,0.4405833966028075,0.3245661228614624,0.6073400289265906,8,0,1,pseudo_label_v2_cal_iso_wfixed_conf90,0.6584216302196811,-0.0188154552744715
bag8,jm1,source::jm1,M8_label_propagation,11,11,0,1.5079372931068122,1.4067223356877376,1.323053520656995,2.4796040870525506,9,0,2,label_prop_weighted_k15_a05,2.703398688604098,-1.675593023258102
bag8,jm1,source::jm1,M9_optimal_transport,9,9,0,-2.9539446238571574,-3.479868945659474,-3.247545348084888,-2.5381730437985977,0,0,9,ot_disp_v2_summary_only,-0.9739025592506364,-7.049574915971028
bag8,kddcup09_appetency,source::kddcup09_appetency,M14_groupby_aggregation,9,9,2,-1.1756274339610535,-1.1026367938658375,-1.497586290718061,-0.8281518760936082,1,0,8,joint_groupby_combined__sel_combined_intersection,0.0349014288622392,-1.698642146134114
bag8,kddcup09_appetency,source::kddcup09_appetency,M14b_groupby_shift_features,6,6,2,-0.40064766270577046,-0.35461759761106376,-0.622799331675613,-0.1313481027202909,1,0,5,groupby_shift_ratio_raw,0.2830335582147518,-0.8710123477455689
bag8,kddcup09_appetency,source::kddcup09_appetency,M16_nearest_test_distance,7,7,0,-1.054016203061414,-1.009318770636584,-1.2607145383781664,-0.7130283701252771,0,0,7,nearest_test_rel_k10_both,-0.5990907939398575,-1.4646385804479305
bag8,kddcup09_appetency,source::kddcup09_appetency,M17_test_directed_augmentation,12,12,0,-14.335396126712716,-11.995252265679552,-16.1072906038321,-6.94439227333079,0,0,12,tdda_v2_k5_lam06_pfl_dw,-6.317763325638664,-16.471792633253447
bag8,kddcup09_appetency,source::kddcup09_appetency,M18_leaf_density,8,8,0,-0.4632219251353905,-0.4718378714237858,-0.724686538700937,-0.2090373643055031,1,0,7,leaf_density_conf_cumshift,0.0093342191716686,-0.979442415802536
bag8,kddcup09_appetency,source::kddcup09_appetency,M19_neighborhood_consensus,6,6,0,-2.3634475223799942,-2.2896040366373303,-2.4400187780040072,-2.1459276799791733,0,0,6,neighbor_consensus_k10_uniform,-1.91337152086406,-2.5583940584756872
bag8,kddcup09_appetency,source::kddcup09_appetency,M1_frequency_encoding,6,6,4,3.779457054999165,3.7665457870413412,3.6014534907236935,4.037691440496129,6,0,0,joint_freq_combined__sel_combined_union,4.105095768372786,3.2693763055832803
bag8,kddcup09_appetency,source::kddcup09_appetency,M20_cluster_membership,8,8,0,-0.36100009146784007,-0.34842407542706155,-0.5782827333141904,-0.07156566556215224,2,0,6,cluster_membership_k10_both_cumshift,0.2455583522490138,-1.0411629080538825
bag8,kddcup09_appetency,source::kddcup09_appetency,M2_frequency_ratio,7,7,2,-0.1006014133127505,0.016618649178596075,-0.600285599218924,0.7105285165621364,3,0,4,freq_ratio_log__sel_combined_union,1.4862193493600528,-1.4897732264835544
bag8,kddcup09_appetency,source::kddcup09_appetency,M3_joint_pca,4,4,0,-0.31388603828131484,-0.5196799488610913,-0.6474398257038672,-0.18612616143853888,0,0,4,joint_pca_var90,-0.1144651718798286,-1.3364825470019066
bag8,kddcup09_appetency,source::kddcup09_appetency,M3b_joint_tsne,3,3,0,-1.0290114195485311,-0.9692823862118555,-1.112658387126623,-0.8557709019654256,0,0,3,joint_tsne_2d_p30,-0.6825303843823199,-1.1963053547047149
bag8,kddcup09_appetency,source::kddcup09_appetency,M4_target_encoding,12,12,2,-90.9961778878652,-59.71396980957397,-105.1187707246996,-0.15596748824942985,3,0,9,target_enc_oof_inv_ratio,1.4812079055580714,-114.27183069908864
bag8,kddcup09_appetency,source::kddcup09_appetency,M5_joint_scaling,1,1,0,-0.6969529488589231,-0.6969529488589231,-0.6969529488589231,-0.6969529488589231,0,0,1,joint_scaling,-0.6969529488589231,-0.6969529488589231
bag8,kddcup09_appetency,source::kddcup09_appetency,M6_adversarial_validation,16,16,0,-0.4421726349471726,-0.38124215309065546,-0.6053872723659248,-0.2078354790665047,3,0,13,adversarial_reweight_lgbm_raw_hard,0.3704751215539243,-0.9834525051068816
bag8,kddcup09_appetency,source::kddcup09_appetency,M7_pseudo_labeling,9,9,0,-2.59779261949406,-2.71959454380241,-3.300003190390568,-1.8472140396214007,0,0,9,pseudo_label_v2_cal_platt_wprop_conf90,-1.2261505535442112,-4.494056796684659
bag8,kddcup09_appetency,source::kddcup09_appetency,M8_label_propagation,11,11,0,-0.21364843272398,-0.1933051266788547,-0.800065018147848,0.4458130189624305,4,0,7,label_prop_weighted_k15_a08,1.302313171398524,-1.7318380199481884
bag8,kddcup09_appetency,source::kddcup09_appetency,M9_optimal_transport,9,9,0,-0.4597925677195788,3.2897363304491134,-0.7674113086879915,8.127333700041566,4,0,5,ot_disp_v2_selective_and_summary,8.619567957967309,-1.1480165828882496
bag8,lending_club,source::lending_club,M14_groupby_aggregation,9,9,2,0.0390691824979141,0.02916318088558905,-0.0878389109795216,0.0911742835470213,5,0,4,joint_groupby_combined__sel_combined_intersection,0.2707479942441374,-0.0878389109795216
bag8,lending_club,source::lending_club,M14b_groupby_shift_features,6,6,2,-0.03147057215368295,-0.019196272528077183,-0.041491908171594975,0.007050298961263548,2,0,4,groupby_shift_cohen_d,0.0172138734912565,-0.0445086001743671
bag8,lending_club,source::lending_club,M16_nearest_test_distance,7,7,0,0.196944890339402,0.1599365303518075,0.1658597483911692,0.21937548180282085,6,0,1,nearest_test_rel_k5_both,0.290249135334523,-0.1381087735992525
bag8,lending_club,source::lending_club,M17_test_directed_augmentation,12,12,0,-11.357872060267464,-11.355428742153805,-11.482670533609461,-11.175775424097374,0,0,12,tdda_v2_k5_lam06_pfl_dw,-10.756205263577106,-12.397351408006957
bag8,lending_club,source::lending_club,M18_leaf_density,7,7,0,-0.0473587947663295,-0.039602060313481555,-0.12721908954621092,0.060931422618494054,3,0,4,leaf_density_conf_deep,0.1805814343929215,-0.2778617279655292
bag8,lending_club,source::lending_club,M19_neighborhood_consensus,6,6,0,-0.6581312670529476,-0.7872588237540321,-1.0599794732951273,-0.5697865354324166,0,0,6,neighbor_consensus_k20_dist,-0.4937472432247437,-1.1792759982587944
bag8,lending_club,source::lending_club,M1_frequency_encoding,6,6,4,0.2212483893296617,0.21086296892823878,0.15521988579262352,0.2534158397867684,6,0,0,joint_freq_combined__sel_combined_intersection,0.2880456438081805,0.1372866832158474
bag8,lending_club,source::lending_club,M20_cluster_membership,8,8,0,-0.22491314048555072,-0.20037729850201266,-0.3364278326148646,-0.07730874079280182,1,0,7,cluster_membership_k10_feature_cumshift,0.0325919058475628,-0.3653293723202149
bag8,lending_club,source::lending_club,M2_frequency_ratio,7,7,2,-0.0037795665650045,-0.028513397324898625,-0.04006003043807585,0.0237375584696989,3,0,4,freq_ratio_log,0.0237375584696989,-0.1869068292422309
bag8,lending_club,source::lending_club,M3_joint_pca,4,4,0,-0.0972085716109443,-0.10442039566220157,-0.1565146480112624,-0.0451143192618835,0,0,4,joint_pca_10,-0.0451143192618835,-0.1781501201650342
bag8,lending_club,source::lending_club,M3b_joint_tsne,3,3,0,-0.0635522877449411,-0.07200784494412515,-0.14878419582587854,0.008996284537220248,1,0,2,joint_tsne_2d_p30,0.0815448568193816,-0.234016103906816
bag8,lending_club,source::lending_club,M4_target_encoding,12,12,2,0.2261673707553376,0.22491374319112464,0.1886721538266835,0.25258787302410607,12,0,0,target_enc_inv_ratio,0.2963997455714787,0.1614190138271258
bag8,lending_club,source::lending_club,M5_joint_scaling,1,1,0,-0.0068798839642498,-0.0068798839642498,-0.0068798839642498,-0.0068798839642498,0,0,1,joint_scaling,-0.0068798839642498,-0.0068798839642498
bag8,lending_club,source::lending_club,M6_adversarial_validation,16,16,0,-0.6292538355699859,-1.1074815613082634,-1.7510562836827914,-0.12168218424543081,4,0,12,adversarial_reweight_lgbm_raw_hard,0.1631210543278259,-4.26101680670972
bag8,lending_club,source::lending_club,M7_pseudo_labeling,9,9,0,-1.5265452984819587,-2.949404681735344,-4.4476566373890245,-0.7363422580686755,2,0,7,pseudo_label_lgbm_conf90_iter1,0.3261107188435193,-12.082139413799858
bag8,lending_club,source::lending_club,M8_label_propagation,11,11,0,-0.3367309935113919,-0.370072774658087,-0.5554636898347881,-0.1632771550677429,0,0,11,label_prop_v3_t01_k15,-0.07848250987037,-0.7845255540407061
bag8,lending_club,source::lending_club,M9_optimal_transport,9,9,0,-0.7041626028239453,-0.5130091771752223,-0.7442726578235205,-0.0934928918352841,0,0,9,ot_disp_v2_selective_abs,-0.0320844277662876,-0.8721776262967152
bag8,maternal_health_risk,source::maternal_health_risk,M14_groupby_aggregation,9,9,2,1.7007154195693202,4.734109508624324,0.0,7.148047025114,6,3,0,targeted_groupby_top3,13.07147261179188,0.0
bag8,maternal_health_risk,source::maternal_health_risk,M14b_groupby_shift_features,6,6,2,0.0,0.36132438396785993,0.0,0.3504231631783796,2,4,0,groupby_shift_cohen_d__sel_combined_intersection,1.7007154195693202,0.0
bag8,maternal_health_risk,source::maternal_health_risk,M16_nearest_test_distance,7,7,0,-60.249879671959285,-61.571564004309096,-67.31452637672865,-56.061626656282684,0,0,7,nearest_test_k5_both,-48.83412020062957,-75.16464209155208
bag8,maternal_health_risk,source::maternal_health_risk,M17_test_directed_augmentation,12,12,0,27.88529939958343,27.930552558538977,27.50888990591637,28.308874183045372,12,0,0,tdda_v2_k5_lam07_nopfl_dw,29.063431938438963,27.03166826072652
bag8,maternal_health_risk,source::maternal_health_risk,M18_leaf_density,8,8,0,-41.154638227191946,-42.061273435763,-50.773200341405214,-33.565306661950025,0,0,8,leaf_density_conf_deep,-25.279353018231102,-58.272094167056906
bag8,maternal_health_risk,source::maternal_health_risk,M19_neighborhood_consensus,6,6,0,-82.12790042505864,-84.56775089899604,-87.475714367731,-79.31305244208619,0,0,6,neighbor_consensus_k5_dist_cumshift,-75.575911701215,-99.94170404626016
bag8,maternal_health_risk,source::maternal_health_risk,M1_frequency_encoding,6,6,4,0.4672308842378395,0.7226487679357199,0.11680772105945987,1.39234428573645,4,2,0,joint_freq_combined__sel_combined_intersection,1.7007154195693202,0.0
bag8,maternal_health_risk,source::maternal_health_risk,M20_cluster_membership,8,8,0,4.119012895585471,2.9805912218107835,-3.577275103755399,9.652092498920577,4,0,4,cluster_membership_k10_feature,10.149817620047148,-6.139574269620249
bag8,maternal_health_risk,source::maternal_health_risk,M2_frequency_ratio,7,7,2,0.0,0.3097066148295942,0.0,0.23361544211891974,2,5,0,freq_ratio_log__sel_combined_intersection,1.7007154195693202,0.0
bag8,maternal_health_risk,source::maternal_health_risk,M3_joint_pca,4,4,0,3.531105059798174,4.438581610126744,3.531105059798174,4.438581610126744,4,0,0,joint_pca_10,7.161011261112453,3.531105059798174
bag8,maternal_health_risk,source::maternal_health_risk,M3b_joint_tsne,3,3,0,-19.192094401406976,-23.37169138581793,-27.718009330295047,-16.935574949135336,0,0,3,joint_tsne_2d_p30,-14.6790554968637,-36.24392425918312
bag8,maternal_health_risk,source::maternal_health_risk,M4_target_encoding,12,12,2,0.0,0.18066219198392997,0.0,0.0,2,10,0,target_enc_ratio__sel_combined_intersection,1.7007154195693202,0.0
bag8,maternal_health_risk,source::maternal_health_risk,M5_joint_scaling,1,1,0,-2.3473040935467298,-2.3473040935467298,-2.3473040935467298,-2.3473040935467298,0,0,1,joint_scaling,-2.3473040935467298,-2.3473040935467298
bag8,maternal_health_risk,source::maternal_health_risk,M6_adversarial_validation,16,16,0,-2.753310968354916,-19.362493511260638,-36.33880256410132,-0.364596152614256,4,0,12,adversarial_reweight_lgbm_ratio_winsorize_tempered,2.218111453739352,-63.93028713784486
bag8,maternal_health_risk,source::maternal_health_risk,M7_pseudo_labeling,9,9,0,6.292605481977454,6.98785402031095,5.277056138654013,9.4233121182164,8,1,0,pseudo_label_lgbm_conf80_iter5,12.42906562783397,0.0
bag8,maternal_health_risk,source::maternal_health_risk,M8_label_propagation,11,11,0,-30.649310446865133,-30.460393612722303,-41.29399707015918,-19.982830534982668,0,0,11,label_prop_v3_t005_k15,-9.611478325224247,-47.52155230245677
bag8,maternal_health_risk,source::maternal_health_risk,M9_optimal_transport,9,9,0,-29.0452273528797,-27.75847869597824,-29.36989025425085,-22.122403781610306,0,0,9,ot_disp_v2_selective_abs,-18.299940291246088,-44.55370112590067
bag8,miami_housing,source::miami_housing,M14_groupby_aggregation,9,9,2,-2.132441230250969,-1.5136848754425165,-2.647103998529976,-4.224467097592993e-07,0,1,8,joint_groupby_mean_only,0.0,-2.6471042497322346
bag8,miami_housing,source::miami_housing,M14b_groupby_shift_features,6,6,2,-4.2910502088734885e-07,-0.43795695315874195,-0.4621042476468081,-4.224467097592993e-07,0,0,6,groupby_shift_cohen_d_min10,-2.582067822505493e-09,-2.011601584105666
bag8,miami_housing,source::miami_housing,M16_nearest_test_distance,7,7,0,-2.0790856923676992,-2.2881729882300728,-2.4815759316125865,-2.0263955363153783,0,0,7,nearest_test_rel_k5_both,-1.9009526464150504,-3.0212296429718304
bag8,miami_housing,source::miami_housing,M17_test_directed_augmentation,12,12,0,2.003771298756266,2.058895928269655,1.897442934961709,2.21220106555149,12,0,0,tdda_k5_lam08_aug1,2.7441313739913253,1.3679618931815545
bag8,miami_housing,source::miami_housing,M18_leaf_density,8,8,0,-1.6602869953305373,-1.779915021624593,-2.1410697695170016,-1.4164242561904568,0,0,8,leaf_density_conf_deep,-0.8403968639733248,-2.8041697653091613
bag8,miami_housing,source::miami_housing,M19_neighborhood_consensus,6,6,0,-0.4252888045094934,-0.48406981151212913,-0.5611941358349772,-0.38432566949247393,0,0,6,neighbor_consensus_k20_dist,-0.1704929574152321,-0.9061810985416168
bag8,miami_housing,source::miami_housing,M1_frequency_encoding,6,6,4,-2.178816660076992e-07,-0.00023870958906020267,-0.0015133960308018983,0.0009763539258329443,2,0,4,joint_freq_combined__sel_combined_union,0.0013018060951332,-0.0020177169806478
bag8,miami_housing,source::miami_housing,M20_cluster_membership,8,8,0,0.0570667290034415,0.04659348875075241,-0.25851404924292776,0.4069537035366698,5,0,3,cluster_membership_k10_weight,0.5452890740289683,-0.4890196717539011
bag8,miami_housing,source::miami_housing,M2_frequency_ratio,7,7,2,-4.331812641928929e-07,-0.0001024601082254955,-4.357633320153984e-07,-2.582067822505493e-09,1,0,6,freq_ratio_log__sel_combined_union,0.0013018060951332,-0.0020177169806478
bag8,miami_housing,source::miami_housing,M3_joint_pca,4,4,0,-1.8995599610804017,-1.78157004256735,-2.004201833312678,-1.6769281703350738,0,0,4,joint_pca_5,-1.0090329065438914,-2.318127341564705
bag8,miami_housing,source::miami_housing,M3b_joint_tsne,3,3,0,-0.5925107955652403,-0.24911083467221903,-0.6220632137962341,-0.04785843599471462,1,0,2,joint_tsne_2d_p50,0.4967939235758111,-0.6516156320272278
bag8,miami_housing,source::miami_housing,M4_target_encoding,12,12,2,-0.0010092793507555577,-0.24280211069628455,-0.5825814529269354,-4.224467097592993e-07,1,0,11,target_enc_ratio__sel_combined_union,0.0013018060951332,-0.5825814788771231
bag8,miami_housing,source::miami_housing,M5_joint_scaling,1,1,0,-0.2630723682779901,-0.2630723682779901,-0.2630723682779901,-0.2630723682779901,0,0,1,joint_scaling,-0.2630723682779901,-0.2630723682779901
bag8,miami_housing,source::miami_housing,M6_adversarial_validation,16,16,0,-0.7684655415813475,-0.7078808508482908,-1.0936105467557606,-0.21230753924516027,1,0,15,adversarial_reweight_lgbm_cal_iso_ratio_winsorize,0.1474261991072124,-1.7593934033194658
bag8,miami_housing,source::miami_housing,M8_label_propagation,11,11,0,0.8552725478530672,0.6252440321924925,0.30330663646763295,1.2097555841694505,9,0,2,label_prop_weighted_adaptive_a05,2.761020537715709,-2.122276417511123
bag8,miami_housing,source::miami_housing,M9_optimal_transport,9,9,0,-8.333734118231499,-7.527304335717356,-8.810240784430162,-3.763436037083745,0,0,9,ot_disp_v2_summary_only,-1.9191288382977565,-12.69269203448687
bag8,online_shoppers_intention,source::online_shoppers_intention,M14_groupby_aggregation,9,9,2,0.2038213059678673,0.38219675600958136,0.1795459594143156,0.4472618096125643,7,0,2,joint_groupby_combined__sel_combined_intersection,1.661029137286273,-0.1092390594907193
bag8,online_shoppers_intention,source::online_shoppers_intention,M14b_groupby_shift_features,6,6,2,-0.1646601336977861,0.09858996878548724,-0.19832500108793344,0.23399372963214857,2,0,4,groupby_shift_cohen_d__sel_combined_intersection,1.0454429907226404,-0.2819146378049557
bag8,online_shoppers_intention,source::online_shoppers_intention,M16_nearest_test_distance,7,7,0,-0.4101617516723721,-0.35084746150871426,-0.5045149854462354,-0.2456161243265127,1,0,6,nearest_test_k5_both,0.5077211632930431,-1.0532294226361745
bag8,online_shoppers_intention,source::online_shoppers_intention,M17_test_directed_augmentation,12,12,0,-15.24560467369129,-14.513870917753126,-17.252958271595453,-12.039140561126857,0,0,12,tdda_v2_k5_lam07_nopfl_dw,-9.51410374733481,-18.984924093739416
bag8,online_shoppers_intention,source::online_shoppers_intention,M18_leaf_density,8,8,0,0.0191225607283711,0.011192995875470985,-0.552722159498159,0.4926635780486971,4,0,4,leaf_density_conf_shallow,1.2421649028871649,-1.2767458210907616
bag8,online_shoppers_intention,source::online_shoppers_intention,M19_neighborhood_consensus,6,6,0,-3.728326810288214,-3.690845064509071,-3.8918418804691344,-3.2139070254227557,0,0,6,neighbor_consensus_k10_dist_cumshift,-2.990562386495569,-4.709073712318713
bag8,online_shoppers_intention,source::online_shoppers_intention,M1_frequency_encoding,6,6,4,1.1317235267039636,1.126895175542056,0.964172107626763,1.2109905486457893,6,0,0,joint_freq_combined__sel_combined_intersection,1.4755288475852275,0.8766606283650868
bag8,online_shoppers_intention,source::online_shoppers_intention,M20_cluster_membership,8,8,0,0.16534717180764025,0.1568450751963335,-0.028741094268551575,0.31729710047014387,5,0,3,cluster_membership_k10_both,0.4731402450895093,-0.2040503186711099
bag8,online_shoppers_intention,source::online_shoppers_intention,M2_frequency_ratio,7,7,2,0.097559411620397,0.21896886048835995,0.0,0.25878435476802764,4,3,0,freq_ratio_log__sel_combined_intersection,0.9176539022620672,0.0
bag8,online_shoppers_intention,source::online_shoppers_intention,M3_joint_pca,4,4,0,0.1020251593355655,0.20399306549528348,-0.057310429009608074,0.36332865384045704,2,0,2,joint_pca_var95,0.7140616089974214,-0.1021396656874185
bag8,online_shoppers_intention,source::online_shoppers_intention,M3b_joint_tsne,3,3,0,0.4378722887760372,0.4726058821150308,0.42092534872916576,0.506919618831399,3,0,0,joint_tsne_2d_p30,0.5759669488867609,0.4039784086822944
bag8,online_shoppers_intention,source::online_shoppers_intention,M4_target_encoding,12,12,2,0.8459729261180885,0.8674428670558126,0.7657612267752374,0.9239517516037188,12,0,0,target_enc_ratio__sel_combined_intersection,1.2254469755436308,0.7197869265808665
bag8,online_shoppers_intention,source::online_shoppers_intention,M5_joint_scaling,1,1,0,0.4630636861426435,0.4630636861426435,0.4630636861426435,0.4630636861426435,1,0,0,joint_scaling,0.4630636861426435,0.4630636861426435
bag8,online_shoppers_intention,source::online_shoppers_intention,M6_adversarial_validation,16,16,0,0.17862990860102923,0.0789449728276094,-0.10339923555560028,0.3319252868955544,11,0,5,adversarial_reweight_lgbm_cal_iso_ratio_hard_tempered,0.6018453843634741,-1.1768962824369276
bag8,online_shoppers_intention,source::online_shoppers_intention,M7_pseudo_labeling,9,9,0,0.4877970581027646,0.4306965574046331,0.1797749721176424,0.6907023132572403,9,0,0,pseudo_label_v2_cal_iso_wquad_conf90,0.7129165454806818,0.0354969690167989
bag8,online_shoppers_intention,source::online_shoppers_intention,M8_label_propagation,11,11,0,-1.5128579182287256,-1.5817907419324586,-1.830269525050649,-0.8475760150415554,0,0,11,label_prop_weighted_adaptive_a05,-0.4289407933458056,-3.5375592284102515
bag8,online_shoppers_intention,source::online_shoppers_intention,M9_optimal_transport,9,9,0,-0.8162012746847346,-0.6914275201512387,-1.6336621192377774,0.0918340940371626,3,0,6,ot_disp_v2_summary_only,1.360564470511063,-1.6693881009580929
bag8,physiochemical_protein,source::physiochemical_protein,M14_groupby_aggregation,9,9,2,0.0,1.1730800263296607e-05,0.0,0.0,2,7,0,joint_groupby_combined__sel_combined_intersection,7.077533799069478e-05,0.0
bag8,physiochemical_protein,source::physiochemical_protein,M14b_groupby_shift_features,6,6,2,0.0,1.759620039494491e-05,0.0,2.6101398284231008e-05,2,4,0,groupby_shift_cohen_d__sel_combined_intersection,7.077533799069478e-05,0.0
bag8,physiochemical_protein,source::physiochemical_protein,M16_nearest_test_distance,7,7,0,-4.073466536198839,-4.451626243586817,-5.560334035873498,-3.444256507748931,0,0,7,nearest_test_k10_both,-3.3029474175849773,-5.775788664079042
bag8,physiochemical_protein,source::physiochemical_protein,M17_test_directed_augmentation,12,12,0,1.713814232847985,1.5387110061647398,0.8784964548719335,2.0516435154309822,12,0,0,tdda_k5_lam07_aug2,2.576361366103685,0.7789264510203305
bag8,physiochemical_protein,source::physiochemical_protein,M18_leaf_density,8,8,0,-1.9630915156942415,-2.4969745590136143,-2.805998163736055,-1.7740101029384343,0,0,8,leaf_density_conf_shallow,-1.3552573691007106,-5.258112240480837
bag8,physiochemical_protein,source::physiochemical_protein,M19_neighborhood_consensus,6,6,0,-5.2044214249270215,-5.188938014187419,-5.236657051965863,-5.149474601745352,0,0,6,neighbor_consensus_k10_dist_cumshift,-4.870709178522763,-5.475514801750767
bag8,physiochemical_protein,source::physiochemical_protein,M1_frequency_encoding,6,6,4,3.4801864378974675e-05,3.519240078988982e-05,8.700466094743669e-06,6.178196958776476e-05,4,2,0,joint_freq_combined__sel_combined_intersection,7.077533799069478e-05,0.0
bag8,physiochemical_protein,source::physiochemical_protein,M20_cluster_membership,8,8,0,-0.39761134418266947,-0.33959528080926116,-0.4500361793060525,-0.2795754462506422,1,0,7,cluster_membership_k10_weight,0.0631853818836903,-0.5122901124940569
bag8,physiochemical_protein,source::physiochemical_protein,M2_frequency_ratio,7,7,2,0.0,1.508245748138135e-05,0.0,1.7400932189487337e-05,2,5,0,freq_ratio_log__sel_combined_intersection,7.077533799069478e-05,0.0
bag8,physiochemical_protein,source::physiochemical_protein,M3_joint_pca,4,4,0,-0.0566689983280417,0.8849703974098384,-0.1686141238733596,0.9969155229551564,2,0,2,joint_pca_10,3.836180669287651,-0.1829610829922137
bag8,physiochemical_protein,source::physiochemical_protein,M3b_joint_tsne,3,3,0,0.9359090322353604,0.9788628495875723,0.897219551304812,1.0390292391942266,3,0,0,joint_tsne_3d_p30,1.142149446153093,0.8585300703742637
bag8,physiochemical_protein,source::physiochemical_protein,M4_target_encoding,12,12,2,0.0,8.798100197472455e-06,0.0,0.0,2,10,0,target_enc_ratio__sel_combined_intersection,7.077533799069478e-05,0.0
bag8,physiochemical_protein,source::physiochemical_protein,M5_joint_scaling,1,1,0,0.059772004309693,0.059772004309693,0.059772004309693,0.059772004309693,1,0,0,joint_scaling,0.059772004309693,0.059772004309693
bag8,physiochemical_protein,source::physiochemical_protein,M6_adversarial_validation,16,16,0,0.0703460554827035,-0.4469277204066804,-1.1764119571362008,0.1195768903131742,9,0,7,adversarial_reweight_lgbm_ratio_hard,0.173687392931621,-1.4948575922599403
bag8,physiochemical_protein,source::physiochemical_protein,M8_label_propagation,11,11,0,1.2170678837617843,1.25043819114508,0.9631574219875183,1.4947983912028358,11,0,0,label_prop_v3_t005_k10,1.871061522909346,0.7345529792232982
bag8,physiochemical_protein,source::physiochemical_protein,M9_optimal_transport,9,9,0,-26.783438737382184,-21.036555108749226,-29.21456418527323,-5.279914250637397,0,0,9,ot_disp_v2_summary_only,-2.2011216653663506,-33.98534205487526
bag8,polish_companies_bankruptcy,source::polish_companies_bankruptcy,M14_groupby_aggregation,9,9,2,0.0,-0.04633213943163475,0.0,0.0,0,7,2,joint_groupby_combined,0.0,-0.3055689292634662
bag8,polish_companies_bankruptcy,source::polish_companies_bankruptcy,M14b_groupby_shift_features,6,6,2,0.0,-0.06949820914745213,-0.08356524421593495,0.0,0,4,2,groupby_shift_cohen_d,0.0,-0.3055689292634662
bag8,polish_companies_bankruptcy,source::polish_companies_bankruptcy,M16_nearest_test_distance,7,7,0,-2.621610718493681,-2.6736998604158493,-3.2346390914142473,-1.160749379130551,1,0,6,nearest_test_rel_k10_both,0.5351119746836223,-7.838623338011295
bag8,polish_companies_bankruptcy,source::polish_companies_bankruptcy,M17_test_directed_augmentation,12,12,0,-0.4108444511133032,0.073335823703838,-2.3229306113343218,1.571586052838182,5,0,7,tdda_k5_lam08_aug1,3.763038197217511,-2.806106255173636
bag8,polish_companies_bankruptcy,source::polish_companies_bankruptcy,M18_leaf_density,8,8,0,-9.89039981716002,-10.793427242718817,-18.450167819998324,-2.337689430323463,1,0,7,leaf_density_conf_cumshift,3.809492376201983,-28.20343426740374
bag8,polish_companies_bankruptcy,source::polish_companies_bankruptcy,M19_neighborhood_consensus,6,6,0,-7.091258192630003,-7.047476792340415,-7.655299295764957,-7.011422607618517,0,0,6,neighbor_consensus_k10_uniform,-5.115299851081394,-8.158920774943127
bag8,polish_companies_bankruptcy,source::polish_companies_bankruptcy,M1_frequency_encoding,6,6,4,-0.1114203256212466,-0.13899641829490428,-0.2570317783529113,-0.02785508140531165,0,2,4,joint_freq_combined,0.0,-0.3055689292634662
bag8,polish_companies_bankruptcy,source::polish_companies_bankruptcy,M20_cluster_membership,8,8,0,-0.02140614236020225,0.059130727586348186,-0.3563933874117571,0.34241347319870413,3,0,5,cluster_membership_k10_feature,0.9453180011700444,-0.7588038224746653
bag8,polish_companies_bankruptcy,source::polish_companies_bankruptcy,M2_frequency_ratio,7,7,2,0.0,-0.059569893554958966,-0.0557101628106233,0.0,0,5,2,freq_ratio_log,0.0,-0.3055689292634662
bag8,polish_companies_bankruptcy,source::polish_companies_bankruptcy,M3_joint_pca,4,4,0,-22.09069847039114,-22.247888288109927,-22.850171479370733,-21.488415279130336,0,0,4,joint_pca_5,-20.386028527114537,-24.424127684542903
bag8,polish_companies_bankruptcy,source::polish_companies_bankruptcy,M3b_joint_tsne,3,3,0,-20.007662123639545,-20.00323674746181,-20.610490102221952,-19.398196080790534,0,0,3,joint_tsne_2d_p30,-18.78873003794152,-21.21331808080436
bag8,polish_companies_bankruptcy,source::polish_companies_bankruptcy,M4_target_encoding,12,12,2,0.0,-0.03474910457372606,0.0,0.0,0,10,2,target_enc_absolute,0.0,-0.3055689292634662
bag8,polish_companies_bankruptcy,source::polish_companies_bankruptcy,M5_joint_scaling,1,1,0,0.2500338729916395,0.2500338729916395,0.2500338729916395,0.2500338729916395,1,0,0,joint_scaling,0.2500338729916395,0.2500338729916395
bag8,polish_companies_bankruptcy,source::polish_companies_bankruptcy,M6_adversarial_validation,16,16,0,-1.56087065634441,-1.7071642105497122,-2.8841795078415675,-0.1943160658253731,4,0,12,adversarial_rf_feature,1.5355855116539607,-7.5343383459643904
bag8,polish_companies_bankruptcy,source::polish_companies_bankruptcy,M7_pseudo_labeling,9,9,0,0.9996227637637988,1.255054614693333,0.0665261273305382,2.6833035932934965,7,0,2,pseudo_label_lgbm_conf80_iter5,4.791938636355106,-1.8240600415536308
bag8,polish_companies_bankruptcy,source::polish_companies_bankruptcy,M8_label_propagation,11,11,0,-1.624841500657087,-1.6894155936861919,-1.9620272296497787,-0.6013601534951921,2,0,9,label_prop_weighted_k15_a08,0.1148268051884063,-5.3223899249915725
bag8,polish_companies_bankruptcy,source::polish_companies_bankruptcy,M9_optimal_transport,9,9,0,-7.995730867026846,-14.991926470473654,-23.315588351350648,-2.707470279288963,0,0,9,ot_disp_v2_summary_only,-0.5997903331131577,-36.65265766177059
bag8,qsar-biodeg,source::qsar-biodeg,M14_groupby_aggregation,9,9,2,-0.9831995969655398,-1.3228258814958143,-1.865932637758174,0.2454713385561312,4,0,5,joint_groupby_mean_only,0.9560385803260092,-4.733172216908394
bag8,qsar-biodeg,source::qsar-biodeg,M14b_groupby_shift_features,6,6,2,0.5344587145246839,0.37920770633005846,0.340607910281051,0.7745270551470873,5,0,1,groupby_shift_cohen_d_min10,0.8869678229568952,-0.8111798249136406
bag8,qsar-biodeg,source::qsar-biodeg,M16_nearest_test_distance,7,7,0,-6.3949591489546425,-6.590238931416188,-6.984981126013795,-5.985937602675045,0,0,7,nearest_test_k10_cumshift_both,-5.871452457268649,-7.923423456312341
bag8,qsar-biodeg,source::qsar-biodeg,M17_test_directed_augmentation,12,12,0,0.4932791086513748,0.6238028830592295,-0.09736348303518305,1.035075678477908,7,0,5,tdda_k5_lam07_aug2,2.994429071049429,-0.9741459247521972
bag8,qsar-biodeg,source::qsar-biodeg,M18_leaf_density,8,8,0,-3.82145282233628,-2.9134388621578227,-3.9231971145070985,-1.4746533684770697,1,0,7,leaf_density_conf_cumshift,0.1879367119107171,-5.096341294237045
bag8,qsar-biodeg,source::qsar-biodeg,M19_neighborhood_consensus,6,6,0,-17.960879374420287,-18.344248849429064,-18.7737750162454,-16.385394382342373,0,0,6,neighbor_consensus_k5_dist,-15.238352523711177,-24.00040887551914
bag8,qsar-biodeg,source::qsar-biodeg,M1_frequency_encoding,6,6,4,0.2390461518242413,0.23150142497982892,0.15186805002881515,0.30826293616424694,6,0,0,joint_freq_separate,0.3500266499222024,0.1067457159336998
bag8,qsar-biodeg,source::qsar-biodeg,M20_cluster_membership,8,8,0,0.47612093953765683,0.7901336876921876,-0.5074802315986597,2.1206766889844553,4,0,4,cluster_membership_k10_both,3.483181343594182,-1.9763290279712948
bag8,qsar-biodeg,source::qsar-biodeg,M2_frequency_ratio,7,7,2,0.0,-0.09087049806670311,-0.23933820576660175,0.0,1,3,3,freq_ratio_log__sel_combined_intersection,0.2390461518242413,-0.3964632267579596
bag8,qsar-biodeg,source::qsar-biodeg,M3_joint_pca,4,4,0,-0.9768474237192079,-0.680303151992162,-2.7219062360818254,1.0647556603704555,2,0,2,joint_pca_var95,2.0453997853404284,-2.812917545870661
bag8,qsar-biodeg,source::qsar-biodeg,M3b_joint_tsne,3,3,0,1.8241689240002832,2.895860865501828,1.763421703988755,3.492454056264129,3,0,0,joint_tsne_3d_p30,5.160739188527974,1.702674483977227
bag8,qsar-biodeg,source::qsar-biodeg,M4_target_encoding,12,12,2,-0.4789684654755541,-0.40006522538042333,-0.6038945393214574,-0.19980140331912857,2,0,10,target_enc_oof_absolute,0.4269828637350182,-1.1008973357378409
bag8,qsar-biodeg,source::qsar-biodeg,M5_joint_scaling,1,1,0,-0.5397156854870424,-0.5397156854870424,-0.5397156854870424,-0.5397156854870424,0,0,1,joint_scaling,-0.5397156854870424,-0.5397156854870424
bag8,qsar-biodeg,source::qsar-biodeg,M6_adversarial_validation,16,16,0,-1.1883674914757019,-0.7910828630047622,-1.7822591832711774,-0.08144654317633032,4,0,12,adversarial_reweight_lgbm_ratio_hard_tempered,1.9154357809887304,-2.94624017055933
bag8,qsar-biodeg,source::qsar-biodeg,M7_pseudo_labeling,9,9,0,-4.548740152305943,-4.159042841879496,-5.6827856105021946,-3.1744803265162056,0,0,9,pseudo_label_v2_cal_iso_wfixed_conf90,-0.967866764991562,-6.140580165156583
bag8,qsar-biodeg,source::qsar-biodeg,M8_label_propagation,11,11,0,-7.146705996597511,-6.2761861206673295,-10.630982542475547,-2.699673629719325,1,0,10,label_prop_k10_a05,0.0448302801527897,-11.399303451347404
bag8,qsar-biodeg,source::qsar-biodeg,M9_optimal_transport,9,9,0,-6.934528807470689,-8.479088532096284,-7.448981826943279,-1.537664006542058,1,0,8,ot_disp_v2_summary_only,0.083381400544646,-23.20164134315609
bag8,seismic-bumps,source::seismic-bumps,M14_groupby_aggregation,9,9,2,-0.4157390397153129,-0.38622954954606786,-0.4860535278585413,-0.2060911821236185,0,0,9,joint_groupby_separate,-0.1385155249864646,-0.6642157465479437
bag8,seismic-bumps,source::seismic-bumps,M14b_groupby_shift_features,6,6,2,-0.1385155249864646,-0.19205371982821418,-0.1891997194114805,-0.1385155249864646,0,0,6,groupby_shift_ratio_raw,-0.1355720694267447,-0.3951092236966606
bag8,seismic-bumps,source::seismic-bumps,M16_nearest_test_distance,7,7,0,-0.8273929103870523,-0.8281166891938139,-2.899169903168974,1.7766022824290904,3,0,4,nearest_test_k10_both,1.936588479986507,-4.6608771524763855
bag8,seismic-bumps,source::seismic-bumps,M17_test_directed_augmentation,12,12,0,-12.882030642083642,-12.022386592121288,-14.896609711359448,-9.674645168471976,0,0,12,tdda_k5_lam06_aug1,-6.0740067362036925,-16.622560944618684
bag8,seismic-bumps,source::seismic-bumps,M18_leaf_density,8,8,0,-2.954427554430151,-2.103274480949472,-3.889409897723906,-0.47704527510581785,2,0,6,leaf_density_conf_cumshift,2.485619300173278,-5.53801618772943
bag8,seismic-bumps,source::seismic-bumps,M19_neighborhood_consensus,6,6,0,-8.363784910007922,-9.275277640260189,-10.747192480519134,-7.1163428999788,0,0,6,neighbor_consensus_k10_dist_cumshift,-5.388036719221064,-15.293868734998924
bag8,seismic-bumps,source::seismic-bumps,M1_frequency_encoding,6,6,4,-0.0029434555596973,-0.004975841541419667,-0.009723915688345599,-0.000735863889924325,0,2,4,joint_freq_combined,0.0,-0.0119840690645617
bag8,seismic-bumps,source::seismic-bumps,M20_cluster_membership,8,8,0,-3.2777135598083262,-3.4159265281065982,-4.603329798222974,-2.042332728959129,1,0,7,cluster_membership_k10_feature,1.1272441089807357,-7.483392671228684
bag8,seismic-bumps,source::seismic-bumps,M2_frequency_ratio,7,7,2,-0.0053612940552004,-0.0191474787685505,-0.0351637815973037,0.0,0,3,4,freq_ratio_v2_both_gated,0.0,-0.0583434941300457
bag8,seismic-bumps,source::seismic-bumps,M3_joint_pca,4,4,0,1.5174016799809378,4.242265589354967,0.9947820712678426,4.764885198068062,4,0,0,joint_pca_10,12.93947692619015,0.9947820712678426
bag8,seismic-bumps,source::seismic-bumps,M3b_joint_tsne,3,3,0,-3.133912249188196,-3.332900671167467,-3.4936886308735855,-3.0726185004717133,0,0,3,joint_tsne_2d_p50,-3.01132475175523,-3.853465012558975
bag8,seismic-bumps,source::seismic-bumps,M4_target_encoding,12,12,2,0.0030485789725497,0.8746197779426006,0.0030485789725497,2.030041886502315,10,0,2,target_enc_oof_absolute,2.483859659762718,-0.0293294321843239
bag8,seismic-bumps,source::seismic-bumps,M5_joint_scaling,1,1,0,-0.4358550062159222,-0.4358550062159222,-0.4358550062159222,-0.4358550062159222,0,0,1,joint_scaling,-0.4358550062159222,-0.4358550062159222
bag8,seismic-bumps,source::seismic-bumps,M6_adversarial_validation,16,16,0,-2.7381390743840304,-3.371182403056666,-4.846306027078787,-1.3945787335607904,1,0,15,adversarial_lgbm_cal_platt_feature,1.567573136267303,-9.463135096691923
bag8,seismic-bumps,source::seismic-bumps,M7_pseudo_labeling,9,9,0,-0.1584481792671765,0.16546271187065534,-0.7863253508540803,1.6692303530016204,3,0,6,pseudo_label_v2_cal_iso_wfixed_conf90,2.291740346760203,-1.5638154972600355
bag8,seismic-bumps,source::seismic-bumps,M8_label_propagation,11,11,0,-0.1681854315078924,-0.028365040169602816,-1.917631878288967,0.8685883439222765,5,0,6,label_prop_v3_t01_k15,4.591736019441226,-3.3680354261507857
bag8,seismic-bumps,source::seismic-bumps,M9_optimal_transport,9,9,0,-0.5414007432214866,-0.4663443697889103,-0.7474985936213084,0.7506567415242245,4,0,5,ot_displacement_mag,1.9801848852008987,-5.900403787919769
bag8,shifts_weather,source::shifts_weather,M14_groupby_aggregation,9,9,2,-1.2858059138045952,-1.1925068241148216,-1.6093496015315316,-0.9801813682189996,0,0,9,joint_groupby_combined__sel_combined_intersection,-0.000621674775385,-1.6093496015315316
bag8,shifts_weather,source::shifts_weather,M14b_groupby_shift_features,6,6,2,-1.1267276734351164,-0.9637056000017762,-1.2553357311333535,-1.0055117051676579,0,0,6,groupby_shift_cohen_d__sel_combined_intersection,-0.000621674775385,-1.2648451122537685
bag8,shifts_weather,source::shifts_weather,M16_nearest_test_distance,7,7,0,0.4318726794260912,0.41595173679614433,0.353892271443844,0.5130621645746217,7,0,0,nearest_test_rel_k10_both,0.5542217159307933,0.1916588901791948
bag8,shifts_weather,source::shifts_weather,M17_test_directed_augmentation,12,12,0,-0.7584607585979293,-0.7777329507363316,-0.8548506774893394,-0.6002887143677437,0,0,12,tdda_v2_k5_lam06_pfl_dw,-0.1877258742160722,-1.608793855909735
bag8,shifts_weather,source::shifts_weather,M18_leaf_density,8,8,0,0.19981584349715756,0.34337086275994766,0.02046651470423375,0.781640023707075,6,0,2,leaf_density_conf_shallow,0.8945925817966213,-0.1505580372443073
bag8,shifts_weather,source::shifts_weather,M19_neighborhood_consensus,6,6,0,-0.06668958876763255,0.05439357761853807,-0.27022732572899005,0.2907887152360363,3,0,3,neighbor_consensus_k10_dist_cumshift,0.7401328450518498,-0.3522671136598397
bag8,shifts_weather,source::shifts_weather,M1_frequency_encoding,6,6,4,0.0,0.002922700892541033,-0.00046625608153875,0.007042333089756075,2,2,2,joint_freq_combined__sel_combined_union,0.0093897774530081,-0.000621674775385
bag8,shifts_weather,source::shifts_weather,M20_cluster_membership,8,8,0,0.4147379129302175,0.27218775596625644,-0.08707106440561573,0.5181320133175586,5,0,3,cluster_membership_k10_both_cumshift,0.8165648054622423,-0.2760687289874604
bag8,shifts_weather,source::shifts_weather,M2_frequency_ratio,7,7,2,0.0,0.0012525860968033,0.0,0.0,1,5,1,freq_ratio_log__sel_combined_union,0.0093897774530081,-0.000621674775385
bag8,shifts_weather,source::shifts_weather,M3_joint_pca,4,4,0,-0.7283184984730313,-0.6604060920404289,-0.735518770967015,-0.6532058195464452,0,0,4,joint_pca_var90,-0.4395662329446669,-0.7454211382709861
bag8,shifts_weather,source::shifts_weather,M3b_joint_tsne,3,3,0,-0.8355516028280967,-0.844523441444295,-0.9127575759737064,-0.7718033876067845,0,0,3,joint_tsne_2d_p50,-0.7080551723854721,-0.9899635491193162
bag8,shifts_weather,source::shifts_weather,M4_target_encoding,12,12,2,0.0,0.0007306752231352583,0.0,0.0,1,10,1,target_enc_ratio__sel_combined_union,0.0093897774530081,-0.000621674775385
bag8,shifts_weather,source::shifts_weather,M5_joint_scaling,1,1,0,-0.1257984656332593,-0.1257984656332593,-0.1257984656332593,-0.1257984656332593,0,0,1,joint_scaling,-0.1257984656332593,-0.1257984656332593
bag8,shifts_weather,source::shifts_weather,M6_adversarial_validation,16,16,0,-1.148561141704,-2.003467854097839,-2.049166222529016,-0.3410544705334091,1,0,15,adversarial_lgbm_cal_platt_feature,0.0568449123010466,-9.173672384253992
bag8,shifts_weather,source::shifts_weather,M8_label_propagation,11,11,0,-2.67747601521867,-2.771339732106037,-4.334939133405233,-1.0966932941838623,3,0,8,label_prop_k15_a05,0.5542163852150286,-6.458461352636407
bag8,shifts_weather,source::shifts_weather,M9_optimal_transport,9,9,0,-27.557738551345405,-25.153289202293575,-34.15637357734568,-2.089028751108815,0,0,9,ot_disp_v2_summary_only,-0.4076201955754709,-52.86731217144364
bag8,splice,source::splice,M14_groupby_aggregation,9,0,2,,,,,0,0,0,,,
bag8,splice,source::splice,M14b_groupby_shift_features,6,0,2,,,,,0,0,0,,,
bag8,splice,source::splice,M16_nearest_test_distance,7,0,0,,,,,0,0,0,,,
bag8,splice,source::splice,M17_test_directed_augmentation,12,0,0,,,,,0,0,0,,,
bag8,splice,source::splice,M18_leaf_density,8,0,0,,,,,0,0,0,,,
bag8,splice,source::splice,M19_neighborhood_consensus,6,0,0,,,,,0,0,0,,,
bag8,splice,source::splice,M1_frequency_encoding,6,0,4,,,,,0,0,0,,,
bag8,splice,source::splice,M20_cluster_membership,8,0,0,,,,,0,0,0,,,
bag8,splice,source::splice,M2_frequency_ratio,7,0,2,,,,,0,0,0,,,
bag8,splice,source::splice,M3_joint_pca,4,0,0,,,,,0,0,0,,,
bag8,splice,source::splice,M3b_joint_tsne,3,0,0,,,,,0,0,0,,,
bag8,splice,source::splice,M4_target_encoding,12,0,2,,,,,0,0,0,,,
bag8,splice,source::splice,M5_joint_scaling,1,0,0,,,,,0,0,0,,,
bag8,splice,source::splice,M6_adversarial_validation,16,0,0,,,,,0,0,0,,,
bag8,splice,source::splice,M7_pseudo_labeling,9,0,0,,,,,0,0,0,,,
bag8,splice,source::splice,M8_label_propagation,11,0,0,,,,,0,0,0,,,
bag8,splice,source::splice,M9_optimal_transport,9,0,0,,,,,0,0,0,,,
bag8,students_dropout_and_academic_success,source::students_dropout_and_academic_success,M14_groupby_aggregation,9,9,2,-0.7595321362471139,-0.7046471598534753,-0.9115591695147746,-0.4757293211395165,1,0,8,joint_groupby_combined__sel_combined_intersection,0.4397211010174069,-1.8987095909937464
bag8,students_dropout_and_academic_success,source::students_dropout_and_academic_success,M14b_groupby_shift_features,6,6,2,-1.9686678666966841,-1.7901663817873683,-2.0525522249008215,-1.7343864355578682,0,0,6,groupby_shift_cohen_d__sel_combined_intersection,-0.8071378542658483,-2.2597184002511974
bag8,students_dropout_and_academic_success,source::students_dropout_and_academic_success,M16_nearest_test_distance,7,7,0,-2.3565514834523493,-2.5155077604325577,-3.098668219308614,-2.229592170170141,0,0,7,nearest_test_k10_filter_both,-1.154530049122512,-3.4409520114955328
bag8,students_dropout_and_academic_success,source::students_dropout_and_academic_success,M17_test_directed_augmentation,12,12,0,-1.7275883008251935,-1.9666193696003047,-3.375336657873428,-0.8277785990892741,0,0,12,tdda_k5_lam06_aug1,-0.2052407264294087,-3.624244116944348
bag8,students_dropout_and_academic_success,source::students_dropout_and_academic_success,M18_leaf_density,8,8,0,-1.630011821136891,-1.5677106117175388,-1.8298988086994379,-1.2451255345366088,0,0,8,leaf_density_conf_cumshift,-0.4502578550232852,-2.582083300195788
bag8,students_dropout_and_academic_success,source::students_dropout_and_academic_success,M19_neighborhood_consensus,6,6,0,-4.568868597249487,-4.573315111808223,-5.040862378781128,-4.27021943940006,0,0,6,neighbor_consensus_k20_dist,-3.4240784362488297,-5.50921168069294
bag8,students_dropout_and_academic_success,source::students_dropout_and_academic_success,M1_frequency_encoding,6,6,4,0.6784912793841494,0.6074776452793303,0.4284736634155459,0.7186708194942759,6,0,0,joint_freq_combined__sel_combined_intersection,0.929553223120229,0.281131632163792
bag8,students_dropout_and_academic_success,source::students_dropout_and_academic_success,M20_cluster_membership,8,8,0,-0.947689184095586,-0.7523361283440125,-0.9980534835319449,-0.6871747378849017,1,0,7,cluster_membership_k10_weight,0.15574095368871,-1.032937554292285
bag8,students_dropout_and_academic_success,source::students_dropout_and_academic_success,M2_frequency_ratio,7,7,2,0.587163864397196,0.37660170688765365,0.0,0.6612554766343441,4,3,0,freq_ratio_log__sel_combined_intersection,0.726537130547691,0.0
bag8,students_dropout_and_academic_success,source::students_dropout_and_academic_success,M3_joint_pca,4,4,0,-0.1279598341136509,-0.10908221720720285,-0.2573842661010297,0.02034221478017595,1,0,3,joint_pca_5,0.4652483614616565,-0.6456575620631662
bag8,students_dropout_and_academic_success,source::students_dropout_and_academic_success,M3b_joint_tsne,3,3,0,-1.3875517983037982,-1.3368508923959839,-1.6385087364096722,-1.0605435013362023,0,0,3,joint_tsne_2d_p50,-0.7335352043686068,-1.8894656745155465
bag8,students_dropout_and_academic_success,source::students_dropout_and_academic_success,M4_target_encoding,12,12,2,1.380729568718484,1.0393189365556252,0.43728678223381434,1.47892740339915,11,0,1,target_enc_inv_ratio,1.6288956292236991,-0.0546568308916894
bag8,students_dropout_and_academic_success,source::students_dropout_and_academic_success,M5_joint_scaling,1,1,0,0.3366344117186429,0.3366344117186429,0.3366344117186429,0.3366344117186429,1,0,0,joint_scaling,0.3366344117186429,0.3366344117186429
bag8,students_dropout_and_academic_success,source::students_dropout_and_academic_success,M6_adversarial_validation,16,16,0,0.20762442625883687,0.05275163050756261,-0.21392106542107187,0.3378266292858425,11,0,5,adversarial_reweight_lgbm_cal_iso_ratio_winsorize,0.6431836930863704,-1.3280841718334888
bag8,students_dropout_and_academic_success,source::students_dropout_and_academic_success,M7_pseudo_labeling,9,9,0,0.4237839433752923,0.4572466197895692,0.3042544083113682,0.5948944776062433,8,1,0,pseudo_label_v2_cal_iso_wfixed_conf90,0.9241069169279508,0.0
bag8,students_dropout_and_academic_success,source::students_dropout_and_academic_success,M8_label_propagation,11,11,0,-2.83062176599037,-2.915521058404545,-3.4092975493552604,-1.6171758966821437,0,0,11,label_prop_k15_a08,-0.7370717818691197,-6.4416283585194565
bag8,students_dropout_and_academic_success,source::students_dropout_and_academic_success,M9_optimal_transport,9,9,0,-0.7924624156039223,-1.2203808850110425,-2.260734197343376,-0.1017186599193663,2,0,7,ot_disp_v2_selective_and_summary_abs,0.512627762972086,-2.8509657128873496
bag8,superconductivity,source::superconductivity,M14_groupby_aggregation,9,9,2,-0.0739915161779428,-0.05168495935947563,-0.0770885212989811,-0.007515476161698,2,0,7,targeted_groupby_top3,0.0336209742514198,-0.1228382844057522
bag8,superconductivity,source::superconductivity,M14b_groupby_shift_features,6,6,2,-0.06798061137964635,-0.06504464894643466,-0.12118504287090973,-0.0140859613401037,1,0,5,groupby_shift_cohen_d__sel_combined_union,0.0106876920609597,-0.129953431618688
bag8,superconductivity,source::superconductivity,M16_nearest_test_distance,7,7,0,-1.912708266524026,-1.7610405401381286,-1.9600233262952993,-1.7411354053772907,0,0,7,nearest_test_k10_filter_both,-1.0186366393583175,-1.9936214117393751
bag8,superconductivity,source::superconductivity,M17_test_directed_augmentation,12,12,0,-0.9922040394407194,-1.0702422836028023,-1.344758793102184,-0.8818097884490033,0,0,12,tdda_k10_lam07_aug1,-0.7278397250233356,-1.369727112249547
bag8,superconductivity,source::superconductivity,M18_leaf_density,8,8,0,-1.5646219017450984,-1.9697368845500316,-2.473596019393943,-1.4362097188311358,0,0,8,leaf_density_conf_shallow,-1.0353478861493983,-3.779391874940024
bag8,superconductivity,source::superconductivity,M19_neighborhood_consensus,6,6,0,-6.331414145916005,-6.53876381533258,-7.197927355139703,-6.223363667000809,0,0,6,neighbor_consensus_k20_dist,-5.341767659226333,-7.553875008693788
bag8,superconductivity,source::superconductivity,M1_frequency_encoding,6,6,4,0.0,-0.0021660255058846664,-0.0056366071212735,0.000763049733033,2,2,2,joint_freq_combined__sel_combined_union,0.001017399644044,-0.007515476161698
bag8,superconductivity,source::superconductivity,M20_cluster_membership,8,8,0,-0.004655972181633401,0.018128523895495213,-0.03587757131694608,0.0510384411368531,4,0,4,cluster_membership_k10_feature_cumshift,0.1516038424588563,-0.0744248065566511
bag8,superconductivity,source::superconductivity,M2_frequency_ratio,7,7,2,0.0,-0.0009282966453791428,0.0,0.0,1,5,1,freq_ratio_log__sel_combined_union,0.001017399644044,-0.007515476161698
bag8,superconductivity,source::superconductivity,M3_joint_pca,4,4,0,-0.03660237732109525,-0.026627110042735675,-0.0524757922943889,-0.010753695069442022,1,0,3,joint_pca_10,0.0521879543693428,-0.085491639898095
bag8,superconductivity,source::superconductivity,M3b_joint_tsne,3,3,0,-0.1436612032285946,-0.12944468425011366,-0.1665395991465162,-0.0994580288429516,0,0,3,joint_tsne_2d_p30,-0.0552548544573086,-0.1894179950644378
bag8,superconductivity,source::superconductivity,M4_target_encoding,12,12,2,0.0,-0.0005415063764711666,0.0,0.0,1,10,1,target_enc_ratio__sel_combined_union,0.001017399644044,-0.007515476161698
bag8,superconductivity,source::superconductivity,M5_joint_scaling,1,1,0,-0.0300901726175902,-0.0300901726175902,-0.0300901726175902,-0.0300901726175902,0,0,1,joint_scaling,-0.0300901726175902,-0.0300901726175902
bag8,superconductivity,source::superconductivity,M6_adversarial_validation,16,16,0,0.108900484362526,-0.4820336627516221,-1.2015502347443725,0.1683767948119836,9,0,7,adversarial_reweight_lgbm_raw_hard,0.212480902233636,-1.634688175440335
bag8,superconductivity,source::superconductivity,M8_label_propagation,11,11,0,-2.0921028410022022,-2.1219587221565988,-2.4304647970198197,-1.742896511162057,0,0,11,label_prop_weighted_adaptive_a05,-1.4208334176390536,-2.983563567787588
bag8,superconductivity,source::superconductivity,M9_optimal_transport,9,9,0,-12.925999354135184,-18.578636418611975,-16.10851232516502,-6.390210718045335,0,0,9,ot_disp_v2_summary_only,-2.2909486196906133,-48.29210302215618
bag8,synthetic_label_shift,source::synthetic_generator,M14_groupby_aggregation,9,9,2,-0.026645469947019,-0.030424996895333307,-0.0534920736602113,-0.0125726888745312,0,0,9,joint_groupby_combined__sel_combined_union,-0.0085624472747704,-0.0571943977488378
bag8,synthetic_label_shift,source::synthetic_generator,M14b_groupby_shift_features,6,6,2,-0.0460358620993471,-0.03667284148548677,-0.0460358620993471,-0.028011716765921797,0,0,6,groupby_shift_cohen_d__sel_combined_union,-0.0138899321940855,-0.0460358620993471
bag8,synthetic_label_shift,source::synthetic_generator,M16_nearest_test_distance,7,7,0,-0.0189475321689408,-0.023850964418063888,-0.04510570985516685,-0.00324501904383335,2,0,5,nearest_test_k10_cumshift_both,0.0116361369197582,-0.0629438978792642
bag8,synthetic_label_shift,source::synthetic_generator,M17_test_directed_augmentation,12,12,0,-12.95523085276118,-12.670640348242648,-13.023243230123603,-12.863867942239438,0,0,12,tdda_k5_lam06_aug1,-10.383942454327617,-13.33511128268674
bag8,synthetic_label_shift,source::synthetic_generator,M18_leaf_density,6,6,0,0.2151783885176553,0.16113910911422427,0.0882118758013286,0.27516379154543136,5,0,1,leaf_density_conf_shallow,0.2914073545015147,-0.0959781076353895
bag8,synthetic_label_shift,source::synthetic_generator,M19_neighborhood_consensus,6,6,0,-0.843804421197355,-0.8267049426417747,-0.8951195875365248,-0.789997481768661,0,0,6,neighbor_consensus_k20_dist,-0.6268140002953869,-0.9615203348852072
bag8,synthetic_label_shift,source::synthetic_generator,M1_frequency_encoding,6,6,4,-0.022573059728652298,-0.0192733688701552,-0.028304366395736125,-0.014515366782462574,1,0,5,joint_freq_separate,0.0098815190832173,-0.0383313417616805
bag8,synthetic_label_shift,source::synthetic_generator,M20_cluster_membership,8,8,0,-0.09990021607576641,-0.0978937239093436,-0.11534372376474053,-0.08233867840462031,0,0,8,cluster_membership_k5_feature,-0.0412620435836483,-0.1406085932558446
bag8,synthetic_label_shift,source::synthetic_generator,M2_frequency_ratio,7,7,2,-0.0012075339925591,-0.005331664322201115,-0.00850667836694205,-0.0006140065334682,0,0,7,freq_ratio_log__sel_combined_union,-0.000321082630357,-0.0175516638316712
bag8,synthetic_label_shift,source::synthetic_generator,M3_joint_pca,4,4,0,-0.1436248683529222,-0.1436248683529222,-0.1436248683529222,-0.1436248683529222,0,0,4,joint_pca_10,-0.1436248683529222,-0.1436248683529222
bag8,synthetic_label_shift,source::synthetic_generator,M3b_joint_tsne,3,3,0,-0.0527219141845926,-0.0534897575743823,-0.07736957728690895,-0.0292260161669608,0,0,3,joint_tsne_3d_p30,-0.005730118149329,-0.1020172403892253
bag8,synthetic_label_shift,source::synthetic_generator,M4_target_encoding,12,12,2,-0.025071689651130852,-0.03201433966239084,-0.0503642607472922,-0.020325115618347,0,0,12,target_enc_ratio__sel_combined_intersection,-0.0009069304365794,-0.0503642607472922
bag8,synthetic_label_shift,source::synthetic_generator,M5_joint_scaling,1,1,0,-0.0961452315102025,-0.0961452315102025,-0.0961452315102025,-0.0961452315102025,0,0,1,joint_scaling,-0.0961452315102025,-0.0961452315102025
bag8,synthetic_label_shift,source::synthetic_generator,M6_adversarial_validation,16,16,0,-0.0629042196726465,-0.32368827259110494,-0.8265707315650457,-0.026091072147859575,2,0,14,adversarial_logreg_feature,0.2844042424611802,-0.9752340007606176
bag8,synthetic_label_shift,source::synthetic_generator,M7_pseudo_labeling,9,9,0,-0.0298701927653781,-0.03360152887601365,-0.0555110909748114,-0.0134697454716821,1,1,7,pseudo_label_v2_cal_iso_wquad_conf90,0.0108871879140832,-0.078088173378778
bag8,synthetic_label_shift,source::synthetic_generator,M8_label_propagation,11,11,0,-0.7651011441918054,-0.7203133752908031,-0.7973304531855472,-0.6058011900455706,0,0,11,label_prop_k15_a08,-0.5188106533271156,-0.9796593093141412
bag8,synthetic_label_shift,source::synthetic_generator,M9_optimal_transport,9,9,0,-0.3436282627594746,-0.2790364901555101,-0.4003688295922165,-0.0897407666975532,0,0,9,ot_disp_v2_selective_abs,-0.0382205353413591,-0.4839197960602764
bag8,synthetic_large_test,source::synthetic_generator,M14_groupby_aggregation,9,9,2,-0.1574330826454793,-0.1268233611592079,-0.1959355246801973,-0.0401994481951431,0,1,8,joint_groupby_combined__sel_combined_intersection,0.0,-0.237988572437429
bag8,synthetic_large_test,source::synthetic_generator,M14b_groupby_shift_features,6,6,2,0.0433694405789713,0.03470791399460638,0.01376667102964225,0.054945930755929,5,1,0,groupby_shift_cohen_d,0.0588047608149149,0.0
bag8,synthetic_large_test,source::synthetic_generator,M16_nearest_test_distance,7,7,0,0.0666725552507377,-0.2847009828198995,-0.7733825157184423,0.2857820129231577,4,0,3,nearest_test_k10_both,0.3427451471121941,-1.4271235765116588
bag8,synthetic_large_test,source::synthetic_generator,M17_test_directed_augmentation,12,12,0,-15.995746280451458,-15.679407654065779,-16.225218393129527,-14.83927872373392,0,0,12,tdda_k5_lam06_aug1,-13.94717091901355,-17.147066341087687
bag8,synthetic_large_test,source::synthetic_generator,M18_leaf_density,8,8,0,-0.0374522895036004,-0.4358422875194484,-0.5552521606534246,0.11715651928926966,4,0,4,leaf_density_embed_k20,0.4548868178495561,-2.340601890716925
bag8,synthetic_large_test,source::synthetic_generator,M19_neighborhood_consensus,6,6,0,-3.8529842729245543,-3.782213927764189,-3.995655591761678,-3.6195210765046273,0,0,6,neighbor_consensus_k5_dist_cumshift,-2.957895600949815,-4.444506710714173
bag8,synthetic_large_test,source::synthetic_generator,M1_frequency_encoding,6,6,4,0.0207309814021056,0.028340307453091906,0.0,0.08004159876934028,3,2,1,joint_freq_combined,0.0936680604150913,-0.0579896559251344
bag8,synthetic_large_test,source::synthetic_generator,M20_cluster_membership,8,8,0,-0.1757020502827979,-0.14274197491428492,-0.2740463299570381,-0.02366994337992725,2,0,6,cluster_membership_k5_feature,0.1300245111839469,-0.3685001930761967
bag8,synthetic_large_test,source::synthetic_generator,M2_frequency_ratio,7,7,2,-0.1057755345564664,-0.09160795021002166,-0.1057755345564664,-0.06801557210160944,0,1,6,freq_ratio_log__sel_combined_intersection,0.0,-0.1878979035975335
bag8,synthetic_large_test,source::synthetic_generator,M3_joint_pca,4,4,0,0.3026918947689816,0.3026918947689816,0.3026918947689816,0.3026918947689816,4,0,0,joint_pca_10,0.3026918947689816,0.3026918947689816
bag8,synthetic_large_test,source::synthetic_generator,M3b_joint_tsne,3,3,0,-0.2965604911520446,-0.34896834323967346,-0.43892909950485337,-0.23280366093067914,0,0,3,joint_tsne_2d_p30,-0.1690468307093137,-0.5812977078576621
bag8,synthetic_large_test,source::synthetic_generator,M4_target_encoding,12,12,2,-0.03261994945870325,0.05310086453652598,-0.0652398989174065,0.1923014234819202,5,1,6,target_enc_oof_inv_ratio,0.2950225990114804,-0.100818423913817
bag8,synthetic_large_test,source::synthetic_generator,M5_joint_scaling,1,1,0,0.0121522151131727,0.0121522151131727,0.0121522151131727,0.0121522151131727,1,0,0,joint_scaling,0.0121522151131727,0.0121522151131727
bag8,synthetic_large_test,source::synthetic_generator,M6_adversarial_validation,16,16,0,-0.3693294764431157,-0.4181070607725576,-0.5393720300856376,-0.18552962531965167,2,0,14,adversarial_logreg_feature,0.1970704329961553,-1.4935576182712504
bag8,synthetic_large_test,source::synthetic_generator,M7_pseudo_labeling,9,9,0,-1.5155887660158274,-2.1161653166645635,-3.800479009448491,-1.2802613361760673,0,1,8,pseudo_label_v2_cal_platt_wprop_conf90,0.0,-4.329987466919552
bag8,synthetic_large_test,source::synthetic_generator,M8_label_propagation,11,11,0,-0.7674400009230818,-0.7887102943545217,-0.9524092613232253,-0.6288121474234403,0,0,11,label_prop_weighted_adaptive_a05,-0.2848947553391104,-1.2760266977067791
bag8,synthetic_large_test,source::synthetic_generator,M9_optimal_transport,9,9,0,-1.8548497887089064,-1.4831740368837645,-2.13179608983192,-0.0519458437883956,1,0,8,ot_disp_v2_summary_only,0.0435421029213012,-2.89228202039369
bag8,synthetic_partial_shift,source::synthetic_generator,M14_groupby_aggregation,9,9,2,-0.0082327464914741,-0.011302805154462435,-0.0248395185368621,-0.0059170995537729,2,0,7,joint_groupby_combined__sel_combined_union,0.0201188033253658,-0.0385000403942373
bag8,synthetic_partial_shift,source::synthetic_generator,M14b_groupby_shift_features,6,6,2,-0.034072188368586,-0.024382827042224636,-0.034746837444116704,-0.018985080402492673,1,0,5,groupby_shift_cohen_d__sel_combined_intersection,0.0057468998362063,-0.0349717204692936
bag8,synthetic_partial_shift,source::synthetic_generator,M16_nearest_test_distance,7,7,0,-0.0314065017774525,-0.04984629248792124,-0.0804481209637157,-0.0241688585171476,1,0,6,nearest_test_rel_k5_both,0.0074498942751827,-0.1157334809514523
bag8,synthetic_partial_shift,source::synthetic_generator,M17_test_directed_augmentation,12,12,0,-12.532627277534441,-12.138145663418209,-12.75226020654056,-12.116578057159016,0,0,12,tdda_k5_lam07_aug1_cumshift,-9.218503697095208,-13.096064799367264
bag8,synthetic_partial_shift,source::synthetic_generator,M18_leaf_density,6,6,0,-0.05809960161265035,-0.06935898884872879,-0.1274684522939617,-0.019395122104707726,1,0,5,leaf_density_conf_cumshift,0.0111101854654164,-0.1539798838760295
bag8,synthetic_partial_shift,source::synthetic_generator,M19_neighborhood_consensus,6,6,0,-0.9079480113394924,-0.9209193129867007,-1.0822946848480077,-0.8344755856333982,0,0,6,neighbor_consensus_k20_dist,-0.5336801622399989,-1.225544673252341
bag8,synthetic_partial_shift,source::synthetic_generator,M1_frequency_encoding,6,6,4,-0.0010895108869872,0.00013701298870771698,-0.0044747234322269,0.00691452973413755,3,0,3,joint_freq_separate__sel_combined_intersection,0.0084541390927659,-0.0094324550470842
bag8,synthetic_partial_shift,source::synthetic_generator,M20_cluster_membership,8,8,0,-0.0947480552363911,-0.09388791506250042,-0.133515528585151,-0.054356869934277,1,0,7,cluster_membership_k10_weight,0.0021643952356292,-0.1858424677089854
bag8,synthetic_partial_shift,source::synthetic_generator,M2_frequency_ratio,7,7,2,-0.0374632182869983,-0.016258536964855543,-0.042703840447953154,0.0190018676792746,3,0,4,freq_ratio_v2_both_gated,0.0190018676792746,-0.047944462608908
bag8,synthetic_partial_shift,source::synthetic_generator,M3_joint_pca,4,4,0,0.0476994680936388,0.0476994680936388,0.0476994680936388,0.0476994680936388,4,0,0,joint_pca_10,0.0476994680936388,0.0476994680936388
bag8,synthetic_partial_shift,source::synthetic_generator,M3b_joint_tsne,3,3,0,-0.1026121464803867,-0.11717552465172627,-0.12851059314237331,-0.09855876707540945,0,0,3,joint_tsne_2d_p50,-0.0945053876704322,-0.1544090398043599
bag8,synthetic_partial_shift,source::synthetic_generator,M4_target_encoding,12,12,2,-0.0221199796913367,-0.0149773535259072,-0.0276391709211936,0.000541514335551,5,0,7,target_enc_oof_absolute,0.000541514335551,-0.0276391709211936
bag8,synthetic_partial_shift,source::synthetic_generator,M5_joint_scaling,1,1,0,0.0148954670732159,0.0148954670732159,0.0148954670732159,0.0148954670732159,1,0,0,joint_scaling,0.0148954670732159,0.0148954670732159
bag8,synthetic_partial_shift,source::synthetic_generator,M6_adversarial_validation,16,16,0,-0.0656801374679276,-0.10977447553465561,-0.20922922195784152,-0.04838209528093973,1,0,15,adversarial_reweight_lgbm_cal_iso_ratio_hard_tempered,0.018433759637884,-0.2610158933261134
bag8,synthetic_partial_shift,source::synthetic_generator,M7_pseudo_labeling,9,9,0,-0.0116729747657495,-0.009948188262236266,-0.021123048142949,0.0,2,1,6,pseudo_label_lgbm_conf90_iter1,0.0139307803931967,-0.0296932022774644
bag8,synthetic_partial_shift,source::synthetic_generator,M8_label_propagation,11,11,0,-0.6321323882812684,-0.7177899593518171,-0.9320690011860644,-0.5365182092871819,0,0,11,label_prop_v3_t01_k15,-0.1750926269578749,-1.2736001645831363
bag8,synthetic_partial_shift,source::synthetic_generator,M9_optimal_transport,9,9,0,-0.3251961457835285,-0.27232619642815203,-0.3396976935887366,-0.121025960838822,0,0,9,ot_disp_v2_selective_abs,-0.0660930047513841,-0.4725136414990576
bag8,synthetic_shift_0.0,source::synthetic_generator,M14_groupby_aggregation,9,9,2,0.0498514950201622,0.07298251582718057,0.0458666551221577,0.0704152367159597,9,0,0,joint_groupby_combined__sel_combined_union,0.2521436142859076,0.0131516115152636
bag8,synthetic_shift_0.0,source::synthetic_generator,M14b_groupby_shift_features,6,6,2,-0.0293205503604934,0.03188008572710673,-0.0293205503604934,0.07898961186680975,2,0,4,groupby_shift_cohen_d__sel_combined_intersection,0.1934697165287032,-0.0293205503604934
bag8,synthetic_shift_0.0,source::synthetic_generator,M16_nearest_test_distance,7,7,0,-0.0259342563730916,-0.109190704082979,-0.3276505908713795,0.0480640565473971,3,0,4,nearest_test_rel_k10_cumshift_both,0.2450922515034552,-0.4243198550632518
bag8,synthetic_shift_0.0,source::synthetic_generator,M17_test_directed_augmentation,12,12,0,-18.44909539214755,-17.81471940277029,-18.9076328050386,-16.740509193665126,0,0,12,tdda_k5_lam06_aug1,-15.021099973237591,-19.079241247126905
bag8,synthetic_shift_0.0,source::synthetic_generator,M18_leaf_density,8,8,0,0.1352918739439497,0.09780588647767807,-0.04570266994108146,0.2381700270510565,6,0,2,leaf_density_embed_k10,0.4403494065048348,-0.2569401808297288
bag8,synthetic_shift_0.0,source::synthetic_generator,M19_neighborhood_consensus,6,6,0,-2.493501267277428,-2.7118010732938926,-3.5600321870112994,-2.071401361601707,0,0,6,neighbor_consensus_k20_dist,-1.5666324265608222,-3.870927592015289
bag8,synthetic_shift_0.0,source::synthetic_generator,M1_frequency_encoding,6,6,4,0.1325697199395635,0.1019509535629235,0.09144633617754565,0.14390519557529963,5,0,1,joint_freq_separate__sel_combined_union,0.1912641158444205,-0.0701200633900912
bag8,synthetic_shift_0.0,source::synthetic_generator,M20_cluster_membership,8,8,0,0.005247525791622899,0.030236817559311586,-0.025122529727186198,0.08844335755069425,4,0,4,cluster_membership_k10_both_cumshift,0.1421423548797309,-0.0660122346063488
bag8,synthetic_shift_0.0,source::synthetic_generator,M2_frequency_ratio,7,7,2,0.0960461205042284,0.07416346942420159,0.0,0.1267072497193179,4,3,0,freq_ratio_log__sel_combined_union,0.1696836660265469,0.0
bag8,synthetic_shift_0.0,source::synthetic_generator,M3_joint_pca,4,4,0,0.0632818813430303,0.0632818813430303,0.0632818813430303,0.0632818813430303,4,0,0,joint_pca_10,0.0632818813430303,0.0632818813430303
bag8,synthetic_shift_0.0,source::synthetic_generator,M3b_joint_tsne,3,3,0,0.1111245578959927,0.0901891164566339,0.044280098496085954,0.14656585513686124,2,0,1,joint_tsne_3d_p30,0.1820071523777298,-0.0225643609038208
bag8,synthetic_shift_0.0,source::synthetic_generator,M4_target_encoding,12,12,2,0.208261179853731,0.24704094207084895,0.208261179853731,0.324707056872714,12,0,0,target_enc_oof_absolute,0.324707056872714,0.1282282122729547
bag8,synthetic_shift_0.0,source::synthetic_generator,M5_joint_scaling,1,1,0,0.0464160054785008,0.0464160054785008,0.0464160054785008,0.0464160054785008,1,0,0,joint_scaling,0.0464160054785008,0.0464160054785008
bag8,synthetic_shift_0.0,source::synthetic_generator,M6_adversarial_validation,16,16,0,0.030952202911391953,0.010947035738316888,-0.028562118898424825,0.07720422320879433,12,0,4,adversarial_reweight_lgbm_ratio_hard_tempered,0.1975529475352714,-0.185762413022212
bag8,synthetic_shift_0.0,source::synthetic_generator,M7_pseudo_labeling,9,9,0,-0.045948647712546,-0.04888671553857524,-0.0818941993849309,0.0,2,1,6,pseudo_label_lgbm_conf90_iter3,0.129056337436991,-0.226365143834638
bag8,synthetic_shift_0.0,source::synthetic_generator,M8_label_propagation,11,11,0,-0.1471111058635496,-0.3545538505866793,-0.6413050465455057,-0.08398091081299741,1,0,10,label_prop_weighted_k15_a08,0.0497039083572501,-1.079047088672671
bag8,synthetic_shift_0.0,source::synthetic_generator,M9_optimal_transport,9,9,0,-0.534198125583735,-0.4892707411371582,-0.5975538002581547,-0.378469598459225,0,0,9,ot_disp_v2_summary_only,-0.1224723324202271,-0.7567998095147144
bag8,synthetic_shift_0.5,source::synthetic_generator,M14_groupby_aggregation,9,9,2,-0.05531054513898,-0.03282698088501203,-0.0716439697745306,0.0222121547386904,3,0,6,joint_groupby_separate,0.0617348083680649,-0.0974631569724544
bag8,synthetic_shift_0.5,source::synthetic_generator,M14b_groupby_shift_features,6,6,2,0.0684033401609444,0.06829884749750065,0.05595175011916438,0.11975469899434227,5,0,1,groupby_shift_cohen_d,0.1368718186054749,-0.0525584526530724
bag8,synthetic_shift_0.5,source::synthetic_generator,M16_nearest_test_distance,7,7,0,-0.327832839530823,-0.24920511519771035,-0.37426015123150713,-0.16073685729272918,1,0,6,nearest_test_k10_filter_both,0.1174280409238234,-0.4640369907285004
bag8,synthetic_shift_0.5,source::synthetic_generator,M17_test_directed_augmentation,12,12,0,-18.747518638505625,-17.860422744204204,-19.2875842197296,-16.731529469699442,0,0,12,tdda_k5_lam06_aug1,-14.116467576930718,-19.901919657789463
bag8,synthetic_shift_0.5,source::synthetic_generator,M18_leaf_density,8,8,0,-0.01810437172332945,-0.025203426859950473,-0.12039997511717525,0.07586167364352983,4,0,4,leaf_density_conf_shallow,0.3481804108988363,-0.4088567221568714
bag8,synthetic_shift_0.5,source::synthetic_generator,M19_neighborhood_consensus,6,6,0,-3.264742992016285,-3.1923865722638936,-3.5295423286480125,-3.015692871038201,0,0,6,neighbor_consensus_k20_dist,-2.1667354418378606,-3.907613069475502
bag8,synthetic_shift_0.5,source::synthetic_generator,M1_frequency_encoding,6,6,4,0.057912005343946596,0.07387224189580041,0.0514266749739578,0.10300398222897975,6,0,0,joint_freq_separate__sel_combined_intersection,0.1158728644006612,0.0442370369116291
bag8,synthetic_shift_0.5,source::synthetic_generator,M20_cluster_membership,8,8,0,-0.10993713829929955,-0.17626928459597963,-0.29189686264709186,-0.012689751891528874,2,0,6,cluster_membership_k5_feature,0.1750754219902515,-0.711415907615671
bag8,synthetic_shift_0.5,source::synthetic_generator,M2_frequency_ratio,7,7,2,0.0449454157467407,0.037482429529576644,0.0449454157467407,0.0589175775983923,6,0,1,freq_ratio_v2_diff_gated,0.0806574797803118,-0.070951875510282
bag8,synthetic_shift_0.5,source::synthetic_generator,M3_joint_pca,4,4,0,-0.558275802658321,-0.558275802658321,-0.558275802658321,-0.558275802658321,0,0,4,joint_pca_10,-0.558275802658321,-0.558275802658321
bag8,synthetic_shift_0.5,source::synthetic_generator,M3b_joint_tsne,3,3,0,-0.1177130209148873,-0.10132531437634086,-0.1712241209669776,-0.039620361054977356,1,0,2,joint_tsne_2d_p30,0.0384722988049326,-0.2247352210190679
bag8,synthetic_shift_0.5,source::synthetic_generator,M4_target_encoding,12,12,2,0.1577812076702962,0.16534742643528316,0.1577812076702962,0.1943482116772825,12,0,0,target_enc_oof_absolute,0.1943482116772825,0.1117610102427521
bag8,synthetic_shift_0.5,source::synthetic_generator,M5_joint_scaling,1,1,0,-0.0110246545146277,-0.0110246545146277,-0.0110246545146277,-0.0110246545146277,0,0,1,joint_scaling,-0.0110246545146277,-0.0110246545146277
bag8,synthetic_shift_0.5,source::synthetic_generator,M6_adversarial_validation,16,16,0,-0.22708834151740126,-0.20168135752087524,-0.3032003904388385,-0.08419326724179044,2,0,14,adversarial_reweight_lgbm_ratio_winsorize_tempered,0.0880018212664427,-0.5652048875859474
bag8,synthetic_shift_0.5,source::synthetic_generator,M7_pseudo_labeling,9,9,0,0.0,-0.06264583964131805,-0.051760508677879,0.0838899671083995,4,1,4,pseudo_label_lgbm_conf90_iter1,0.1464878577354229,-0.7479991961935203
bag8,synthetic_shift_0.5,source::synthetic_generator,M8_label_propagation,11,11,0,-0.5590086083498389,-0.5307171272026713,-0.6857432815559389,-0.3426802970695914,1,0,10,label_prop_weighted_k10_a05,0.006293986661689,-0.9291406208524844
bag8,synthetic_shift_0.5,source::synthetic_generator,M9_optimal_transport,9,9,0,-2.383645926528573,-2.3026374237750535,-4.26087426650215,-0.1078201440793293,2,0,7,ot_disp_v2_selective_abs,0.2317864402286364,-4.26087426650215
bag8,synthetic_shift_1.0,source::synthetic_generator,M14_groupby_aggregation,9,9,2,-0.0644179091583097,-0.07087781027891676,-0.1018980038798955,-0.0249787006595578,1,0,8,joint_groupby_mean_only,0.1009585927653716,-0.2128769818664254
bag8,synthetic_shift_1.0,source::synthetic_generator,M14b_groupby_shift_features,6,6,2,-0.0431486780277629,-0.055219174114180127,-0.0714454269185876,-0.025390194844320577,0,0,6,groupby_shift_ratio_log,-0.0194707004498398,-0.1251986111810129
bag8,synthetic_shift_1.0,source::synthetic_generator,M16_nearest_test_distance,7,7,0,-1.112013855751896,-0.9656630096963285,-1.1604216301898187,-0.9842579587591854,0,0,7,nearest_test_k10_cumshift_both,-0.1964734185595822,-1.1617946156648131
bag8,synthetic_shift_1.0,source::synthetic_generator,M17_test_directed_augmentation,12,12,0,-18.166805852065558,-17.058316795281684,-18.731588646164862,-15.101531472962089,0,0,12,tdda_k5_lam06_aug1,-13.107121531134135,-18.870312368648047
bag8,synthetic_shift_1.0,source::synthetic_generator,M18_leaf_density,8,8,0,-0.309234868917191,-0.3397707483597684,-0.45769996349140873,-0.17171752694647302,0,0,8,leaf_density_embed_k10_cumshift,-0.0802273150080452,-0.7253779343248343
bag8,synthetic_shift_1.0,source::synthetic_generator,M19_neighborhood_consensus,6,6,0,-3.191572984495443,-3.3941458843368575,-3.604548548324775,-3.1235479775321595,0,0,6,neighbor_consensus_k5_dist_cumshift,-2.911074460695705,-4.2275748315222685
bag8,synthetic_shift_1.0,source::synthetic_generator,M1_frequency_encoding,6,6,4,-0.09167688978804105,-0.08444931225337098,-0.11228773022295647,-0.0831579565190804,0,0,6,joint_freq_separate,-0.0075474055351805,-0.1163183659449414
bag8,synthetic_shift_1.0,source::synthetic_generator,M20_cluster_membership,8,8,0,-0.6719479235441503,-0.687778405925338,-0.8336169632275438,-0.5757847434978454,1,0,7,cluster_membership_k10_feature_cumshift,0.0398246079303605,-1.3950335341665625
bag8,synthetic_shift_1.0,source::synthetic_generator,M2_frequency_ratio,7,7,2,0.0268414645788663,0.018532436357456016,0.022441487734956453,0.0315104181094086,6,0,1,freq_ratio_log__sel_combined_intersection,0.0361793716399509,-0.0411975934053552
bag8,synthetic_shift_1.0,source::synthetic_generator,M3_joint_pca,4,4,0,-1.4398522763978296,-1.4398522763978296,-1.4398522763978296,-1.4398522763978296,0,0,4,joint_pca_10,-1.4398522763978296,-1.4398522763978296
bag8,synthetic_shift_1.0,source::synthetic_generator,M3b_joint_tsne,3,3,0,-0.1630319887148621,-0.19921671312469655,-0.2305330933258411,-0.14980797071863475,0,0,3,joint_tsne_2d_p50,-0.1365839527224074,-0.2980341979368201
bag8,synthetic_shift_1.0,source::synthetic_generator,M4_target_encoding,12,12,2,0.087903187020473,0.07163143567203394,0.087903187020473,0.094703881156934,10,0,2,target_enc_absolute,0.094703881156934,-0.0267290564113138
bag8,synthetic_shift_1.0,source::synthetic_generator,M5_joint_scaling,1,1,0,0.0259020534643869,0.0259020534643869,0.0259020534643869,0.0259020534643869,1,0,0,joint_scaling,0.0259020534643869,0.0259020534643869
bag8,synthetic_shift_1.0,source::synthetic_generator,M6_adversarial_validation,16,16,0,-0.4592837142805812,-0.6534823729139364,-0.9413059950246394,-0.32166801516321586,0,0,16,adversarial_logreg_feature,-0.1313569729315484,-1.540144449312778
bag8,synthetic_shift_1.0,source::synthetic_generator,M7_pseudo_labeling,9,9,0,-0.1192730949203854,-0.26626818506548267,-0.1787129280874391,-0.0996016655999828,0,1,8,pseudo_label_v2_cal_platt_wprop_conf90,0.0,-1.3040150350741415
bag8,synthetic_shift_1.0,source::synthetic_generator,M8_label_propagation,11,11,0,-1.36200159121786,-1.216687027508418,-1.5861675647677553,-0.7772422599148305,0,0,11,label_prop_weighted_k15_a08,-0.1971478675648973,-1.7537520842682282
bag8,synthetic_shift_1.0,source::synthetic_generator,M9_optimal_transport,9,9,0,-2.1389427578268463,-1.3658653989451996,-2.1389427578268463,-0.2604497242025293,2,0,7,ot_disp_v2_selective_and_summary_abs,0.2384658982926081,-2.1947373547034013
bag8,synthetic_shift_3.0,source::synthetic_generator,M14_groupby_aggregation,9,9,2,-0.2535654521469682,-0.20284390900753252,-0.323783699270981,-0.0791649123991523,2,0,7,joint_groupby_combined__sel_combined_intersection,0.0256671823083833,-0.3771546387112341
bag8,synthetic_shift_3.0,source::synthetic_generator,M14b_groupby_shift_features,6,6,2,-0.19460383746166227,-0.18709677436395578,-0.201414872717597,-0.1877928022057275,0,0,6,groupby_shift_cohen_d__sel_combined_intersection,-0.1356818448547124,-0.2084834514823733
bag8,synthetic_shift_3.0,source::synthetic_generator,M16_nearest_test_distance,7,7,0,-2.1176019735598874,-3.1155451461940946,-3.4067934589020306,-1.813720444207896,0,0,7,nearest_test_k5_both,-1.451966907323198,-7.798219336255724
bag8,synthetic_shift_3.0,source::synthetic_generator,M17_test_directed_augmentation,12,12,0,-20.699552357684027,-19.982497739362326,-22.319873475609874,-19.333822903732564,0,0,12,tdda_k5_lam06_aug1,-13.038992007989092,-22.595290503927057
bag8,synthetic_shift_3.0,source::synthetic_generator,M18_leaf_density,8,8,0,-1.6922074545453438,-2.005690404016018,-2.3926465543412334,-1.517466164924358,0,0,8,leaf_density_conf_shallow,-0.4952601296418281,-3.89977928125073
bag8,synthetic_shift_3.0,source::synthetic_generator,M19_neighborhood_consensus,6,6,0,-4.602282691324893,-4.811471415800652,-4.821202598225666,-4.545924247182467,0,0,6,neighbor_consensus_k20_dist,-4.2506644820637804,-5.992284630429427
bag8,synthetic_shift_3.0,source::synthetic_generator,M1_frequency_encoding,6,6,4,-0.06979032867861845,-0.05505355703113914,-0.09842124244217594,-0.008001678708232526,2,0,4,joint_freq_separate__sel_combined_intersection,0.005935387326011,-0.10130572974081
bag8,synthetic_shift_3.0,source::synthetic_generator,M20_cluster_membership,8,8,0,-5.262675756605384,-3.7502732932849177,-5.601226604450472,-0.9528119273866765,1,0,7,cluster_membership_k10_feature_cumshift,0.177459364190834,-6.676732259432399
bag8,synthetic_shift_3.0,source::synthetic_generator,M2_frequency_ratio,7,7,2,-0.0364206143530085,-0.006851223363941114,-0.0364206143530085,0.0536364073647143,3,0,4,freq_ratio_log__sel_combined_intersection,0.064441348111082,-0.1104108833290729
bag8,synthetic_shift_3.0,source::synthetic_generator,M3_joint_pca,4,4,0,-1.4997511337263372,-1.4997511337263372,-1.4997511337263372,-1.4997511337263372,0,0,4,joint_pca_10,-1.4997511337263372,-1.4997511337263372
bag8,synthetic_shift_3.0,source::synthetic_generator,M3b_joint_tsne,3,3,0,-0.2597147986956549,-0.21816180446975916,-0.3667578053711257,-0.09034230068134054,1,0,2,joint_tsne_2d_p50,0.0790301973329738,-0.4738008120465964
bag8,synthetic_shift_3.0,source::synthetic_generator,M4_target_encoding,12,12,2,-0.1350003451082433,-0.029704011716913507,-0.1445096438949557,0.0944986566926421,5,0,7,target_enc_oof_diff,0.1860494307614997,-0.1445096438949557
bag8,synthetic_shift_3.0,source::synthetic_generator,M5_joint_scaling,1,1,0,-0.0734117866332094,-0.0734117866332094,-0.0734117866332094,-0.0734117866332094,0,0,1,joint_scaling,-0.0734117866332094,-0.0734117866332094
bag8,synthetic_shift_3.0,source::synthetic_generator,M6_adversarial_validation,16,16,0,-3.0713252087469267,-3.609641660301375,-6.348019573623656,-0.523746422819715,0,0,16,adversarial_logreg_feature,-0.1132795217964033,-7.890047464872429
bag8,synthetic_shift_3.0,source::synthetic_generator,M7_pseudo_labeling,9,9,0,-0.0974069172382855,-1.5558419087177184,-2.53857070643073,0.0,2,1,6,pseudo_label_v2_cal_iso_wfixed_conf90,0.2808254420021185,-5.939325760603243
bag8,synthetic_shift_3.0,source::synthetic_generator,M8_label_propagation,11,11,0,-1.3413737624340998,-1.5466939312671024,-1.6927661258490851,-1.2273929298522,0,0,11,label_prop_weighted_k15_a08,-0.7844299813292863,-2.9723532194167146
bag8,synthetic_shift_3.0,source::synthetic_generator,M9_optimal_transport,9,9,0,-0.8379990311609329,-1.1975359328885824,-2.098052440137584,-0.2159007045360038,2,0,7,ot_disp_v2_selective_abs,0.1015355377948109,-2.63069203842678
bag8,synthetic_shift_5.0,source::synthetic_generator,M14_groupby_aggregation,9,9,2,-0.1667402309794435,-0.15176584338308607,-0.300095820740295,-0.0403210614420015,1,0,8,joint_groupby_separate,0.0462012162355376,-0.3634467953697224
bag8,synthetic_shift_5.0,source::synthetic_generator,M14b_groupby_shift_features,6,6,2,0.011103262587632,0.06186083639196749,-0.01762798880495035,0.20120608877965684,4,0,2,groupby_shift_ratio_log,0.2645736975103318,-0.1529838292416448
bag8,synthetic_shift_5.0,source::synthetic_generator,M16_nearest_test_distance,7,7,0,-8.934375393240572,-9.66003806048711,-10.108069260738151,-8.063971093924224,0,0,7,nearest_test_k10_cumshift_both,-5.825752965465233,-16.51605735537921
bag8,synthetic_shift_5.0,source::synthetic_generator,M17_test_directed_augmentation,12,12,0,-19.488874821983956,-17.27978577717253,-20.285099346753892,-16.274347230043706,0,0,12,tdda_v2_k5_lam07_nopfl_dw,-6.990730563905223,-20.38216348610173
bag8,synthetic_shift_5.0,source::synthetic_generator,M18_leaf_density,8,8,0,-4.334085776903644,-4.40085505934093,-5.723137194823533,-3.3051314622132013,0,0,8,leaf_density_conf_shallow,-1.4988905470315588,-6.7223476572074485
bag8,synthetic_shift_5.0,source::synthetic_generator,M19_neighborhood_consensus,6,6,0,-4.871042882463538,-4.914735121759837,-5.191945884611098,-4.693116218390123,0,0,6,neighbor_consensus_k10_uniform,-4.38168841616994,-5.43191566710274
bag8,synthetic_shift_5.0,source::synthetic_generator,M1_frequency_encoding,6,6,4,0.09567935041835171,0.032692939841436376,-0.1014597006044852,0.1478771601563224,4,0,2,joint_freq_separate,0.1564686734544736,-0.1497734476994406
bag8,synthetic_shift_5.0,source::synthetic_generator,M20_cluster_membership,8,8,0,-4.012569392272316,-3.6082702838518155,-5.813901168321073,-0.7740970115756063,0,0,8,cluster_membership_k5_feature,-0.5189091056983531,-6.72150763509408
bag8,synthetic_shift_5.0,source::synthetic_generator,M2_frequency_ratio,7,7,2,0.0015552884672568,0.010368985832229541,-0.0163762726855115,0.006167093040219699,4,0,3,freq_ratio_v2_diff_gated,0.1078222443344451,-0.0163762726855115
bag8,synthetic_shift_5.0,source::synthetic_generator,M3_joint_pca,4,4,0,-1.641777476811456,-1.641777476811456,-1.641777476811456,-1.641777476811456,0,0,4,joint_pca_10,-1.641777476811456,-1.641777476811456
bag8,synthetic_shift_5.0,source::synthetic_generator,M3b_joint_tsne,3,3,0,-0.4147463636399177,-0.2303518065285658,-0.4415231081350671,-0.11137778347774038,1,0,2,joint_tsne_3d_p30,0.1919907966844369,-0.4682998526302165
bag8,synthetic_shift_5.0,source::synthetic_generator,M4_target_encoding,12,12,2,0.0852580859821545,0.15711878957856887,0.0852580859821545,0.2458187483454118,10,0,2,target_enc_oof_absolute,0.3652765465076862,-0.0063126414262997
bag8,synthetic_shift_5.0,source::synthetic_generator,M5_joint_scaling,1,1,0,-0.1430615878430778,-0.1430615878430778,-0.1430615878430778,-0.1430615878430778,0,0,1,joint_scaling,-0.1430615878430778,-0.1430615878430778
bag8,synthetic_shift_5.0,source::synthetic_generator,M6_adversarial_validation,16,16,0,-5.202523093746634,-5.196056586883725,-7.911319946707671,-1.180488897860283,0,0,16,adversarial_rf_feature,-0.3646694018119473,-9.970056122625948
bag8,synthetic_shift_5.0,source::synthetic_generator,M7_pseudo_labeling,9,9,0,-7.027358854868555,-6.415186964017508,-8.90010914465541,-4.451701348351946,0,1,8,pseudo_label_v2_cal_platt_wprop_conf90,0.0,-11.504876328368114
bag8,synthetic_shift_5.0,source::synthetic_generator,M8_label_propagation,11,11,0,-2.5129136765830435,-2.3732968598907624,-3.0031123235153223,-1.7089043924257694,0,0,11,label_prop_k15_a08,-1.18745026923542,-3.425626812441312
bag8,synthetic_shift_5.0,source::synthetic_generator,M9_optimal_transport,9,9,0,-1.340192904008894,-1.1422554161257712,-1.8504689111558537,-0.1586061554658449,1,0,8,ot_disp_v2_selective_abs,0.1186011419476278,-2.1859288311641376
bag8,synthetic_small_test,source::synthetic_generator,M14_groupby_aggregation,9,9,2,-0.1118274661950566,-0.0982998365132763,-0.1204490849039738,-0.0642500776579534,0,1,8,joint_groupby_combined__sel_combined_intersection,0.0,-0.1916091363800671
bag8,synthetic_small_test,source::synthetic_generator,M14b_groupby_shift_features,6,6,2,-0.0454219838598191,-0.0460770578303673,-0.10758005109579287,0.015262166942421225,2,1,3,groupby_shift_ratio_log,0.0203495559232283,-0.1131587455545111
bag8,synthetic_small_test,source::synthetic_generator,M16_nearest_test_distance,7,7,0,-0.3638830249202874,-0.40402517295312157,-0.4516206741345318,-0.27874454016976813,0,0,7,nearest_test_k10_cumshift_both,-0.0849799991125045,-0.9185827580304592
bag8,synthetic_small_test,source::synthetic_generator,M17_test_directed_augmentation,12,12,0,-12.946374799515688,-11.567874644199767,-14.198878872596561,-11.886517943744003,0,0,12,tdda_v2_k5_lam07_nopfl_dw,-1.999518203660392,-14.552595043837162
bag8,synthetic_small_test,source::synthetic_generator,M18_leaf_density,8,8,0,-1.0415676131428866,-1.0889389703505157,-1.4615070082349264,-0.568828727740706,0,0,8,leaf_density_embed_k10,-0.4610664181612128,-2.110553241665265
bag8,synthetic_small_test,source::synthetic_generator,M19_neighborhood_consensus,6,6,0,-1.0705546363388665,-1.0922196230577734,-1.3340528581300148,-0.7543995613117797,0,0,6,neighbor_consensus_k10_dist,-0.5093411435056243,-1.831967187133468
bag8,synthetic_small_test,source::synthetic_generator,M1_frequency_encoding,6,6,4,-0.063410103776421,-0.05324589152399319,-0.09052699644361982,-0.0133048693127486,0,2,4,joint_freq_combined__sel_combined_intersection,0.0,-0.0964860564335732
bag8,synthetic_small_test,source::synthetic_generator,M20_cluster_membership,8,8,0,-0.13544182626171541,-0.16783232853439128,-0.37012735905874383,-0.05036673576639103,1,0,7,cluster_membership_k5_feature,0.1162333669322802,-0.3726314321395725
bag8,synthetic_small_test,source::synthetic_generator,M2_frequency_ratio,7,7,2,-0.076073106255139,-0.06008416945829796,-0.076073106255139,-0.0548360307589191,0,1,6,freq_ratio_log__sel_combined_intersection,0.0,-0.0826978059248306
bag8,synthetic_small_test,source::synthetic_generator,M3_joint_pca,4,4,0,-0.5105139372269983,-0.5105139372269983,-0.5105139372269983,-0.5105139372269983,0,0,4,joint_pca_10,-0.5105139372269983,-0.5105139372269983
bag8,synthetic_small_test,source::synthetic_generator,M3b_joint_tsne,3,3,0,-0.156457021864671,-0.15079380173236323,-0.2076478829488369,-0.09677133058204346,0,0,3,joint_tsne_2d_p50,-0.0370856392994159,-0.2588387440330028
bag8,synthetic_small_test,source::synthetic_generator,M4_target_encoding,12,12,2,-0.0710649600933064,-0.08117106094513614,-0.123048249367677,-0.0710649600933064,0,1,11,target_enc_ratio__sel_combined_intersection,0.0,-0.123048249367677
bag8,synthetic_small_test,source::synthetic_generator,M5_joint_scaling,1,1,0,-0.0656130541450766,-0.0656130541450766,-0.0656130541450766,-0.0656130541450766,0,0,1,joint_scaling,-0.0656130541450766,-0.0656130541450766
bag8,synthetic_small_test,source::synthetic_generator,M6_adversarial_validation,16,16,0,-0.4747595772871027,-0.4374659255878378,-0.6441728000608682,-0.35046721566095046,2,0,14,adversarial_lgbm_cal_iso_feature,0.1833995803300099,-0.7816511667712965
bag8,synthetic_small_test,source::synthetic_generator,M7_pseudo_labeling,9,9,0,-0.1193713825653427,-0.10430468124312373,-0.1427955598663401,-0.0681171272259491,0,1,8,pseudo_label_v2_cal_platt_wprop_conf90,0.0,-0.1827656377779075
bag8,synthetic_small_test,source::synthetic_generator,M8_label_propagation,11,11,0,-0.6088701241893417,-0.6347234540878781,-0.7655807230749239,-0.5304514304913667,0,0,11,label_prop_k15_a08,-0.1055831320566001,-1.1348839568158162
bag8,synthetic_small_test,source::synthetic_generator,M9_optimal_transport,9,9,0,-0.5521639629016745,-0.6843832478567488,-1.0265431746575202,-0.2062849064617794,0,0,9,ot_disp_v2_selective_abs,-0.0234875715562909,-1.3507096986871074
bag8,tabred_cooking_time,source::tabred_cooking_time,M14_groupby_aggregation,7,7,2,-0.0536291420006735,-0.05292607005981164,-0.054702882872483705,-0.0536291420006735,0,0,7,joint_groupby_combined__sel_combined_union,-0.0347084059258521,-0.0654808927458415
bag8,tabred_cooking_time,source::tabred_cooking_time,M14b_groupby_shift_features,5,5,2,-0.0480480078146697,-0.052279114942240947,-0.0625861799302411,-0.0479973263956393,0,0,5,groupby_shift_cohen_d__sel_combined_union,-0.034692565873186,-0.0680714946974686
bag8,tabred_cooking_time,source::tabred_cooking_time,M16_nearest_test_distance,7,7,0,-0.0413166571086573,-0.061523611136511065,-0.0439744028160919,-0.020801392941537447,0,0,7,nearest_test_k10_both,-0.0042243342045717,-0.2555726951270898
bag8,tabred_cooking_time,source::tabred_cooking_time,M17_test_directed_augmentation,12,12,0,-0.5157244057957294,-0.5403679248557838,-0.6541174223174593,-0.4092777246432183,0,0,12,tdda_v2_k5_lam07_nopfl_dw,-0.3509146355553868,-0.7816106842451214
bag8,tabred_cooking_time,source::tabred_cooking_time,M18_leaf_density,4,4,0,0.0008787441215454004,-0.008246895188942375,-0.02661162388050345,0.019243472813106476,2,0,2,leaf_density_conf,0.0341593311492187,-0.068904400148079
bag8,tabred_cooking_time,source::tabred_cooking_time,M19_neighborhood_consensus,6,6,0,-0.22239690670103673,-0.22126885192222714,-0.2265842113970351,-0.21972730567051846,0,0,6,neighbor_consensus_k10_dist_cumshift,-0.1970828798331246,-0.2389190000087843
bag8,tabred_cooking_time,source::tabred_cooking_time,M1_frequency_encoding,6,6,4,-0.0001457789468246,-0.013436454183993023,-0.030135364120468324,-6.021305680982662e-05,0,0,6,joint_freq_combined__sel_combined_intersection,-3.169109347156883e-05,-0.0401318925116829
bag8,tabred_cooking_time,source::tabred_cooking_time,M20_cluster_membership,8,8,0,0.00318820180140125,-0.007034729508032299,-0.030937500660112,0.011023645178282774,5,0,3,cluster_membership_k10_weight,0.0288715894638677,-0.0509368062616517
bag8,tabred_cooking_time,source::tabred_cooking_time,M2_frequency_ratio,7,7,2,-0.0410980785994801,-0.03177497471052888,-0.04425786721945005,-0.020621928773152352,0,0,7,freq_ratio_log__sel_combined_intersection,-3.169109347156883e-05,-0.0515354612955457
bag8,tabred_cooking_time,source::tabred_cooking_time,M3_joint_pca,4,4,0,-0.08672255979524715,-0.09238124009376,-0.1078610151992474,-0.07124278468975975,0,0,4,joint_pca_5,-0.0564544328959513,-0.1396254078885944
bag8,tabred_cooking_time,source::tabred_cooking_time,M4_target_encoding,12,12,2,-0.049048960579749,-0.05093247380352136,-0.0757922308416002,-0.04575052520355255,0,0,12,target_enc_ratio__sel_combined_intersection,-3.169109347156883e-05,-0.0757922308416002
bag8,tabred_cooking_time,source::tabred_cooking_time,M5_joint_scaling,1,1,0,-0.0378320152978985,-0.0378320152978985,-0.0378320152978985,-0.0378320152978985,0,0,1,joint_scaling,-0.0378320152978985,-0.0378320152978985
bag8,tabred_cooking_time,source::tabred_cooking_time,M6_adversarial_validation,16,16,0,-0.051891632774281896,-0.08803979277985868,-0.11393388250487413,-0.0250296662814136,0,0,16,adversarial_lgbm_cal_iso_feature,-0.0168645805494349,-0.2814076347660912
bag8,tabred_cooking_time,source::tabred_cooking_time,M8_label_propagation,11,11,0,-0.1906651981668249,-0.1876053629179679,-0.2206007964759675,-0.15506386067144118,0,0,11,label_prop_v3_t01_k15,-0.1086572813682757,-0.2589770678393058
bag8,tabred_cooking_time,source::tabred_cooking_time,M9_optimal_transport,9,9,0,-0.0471769173536204,-1.7766469841756325,-3.912096959883461,0.0844131776697846,4,0,5,ot_disp_v2_selective_and_summary_top10,0.1040199184448193,-4.433803396541466
bag8,tabred_delivery_eta,source::tabred_delivery_eta,M14_groupby_aggregation,7,7,2,0.0195966458164803,0.019872065496060985,0.0175262905077323,0.0338412670195677,6,0,1,joint_groupby_mean_only,0.0605674944187804,-0.0437947968174338
bag8,tabred_delivery_eta,source::tabred_delivery_eta,M14b_groupby_shift_features,4,4,2,0.0605674944187804,0.048827339348668675,0.048249490766969626,0.06114534300047945,4,0,0,groupby_shift_cohen_d__sel_combined_intersection,0.0628788887455766,0.0112954798115373
bag8,tabred_delivery_eta,source::tabred_delivery_eta,M16_nearest_test_distance,7,7,0,0.0346455166058903,0.02465887361211552,-0.011130638257391101,0.05519951953912045,5,0,2,nearest_test_k5_both,0.0826429927974857,-0.0328141566820261
bag8,tabred_delivery_eta,source::tabred_delivery_eta,M17_test_directed_augmentation,10,10,0,-0.13779783724009625,-0.12588514585470859,-0.2523081661759215,0.027338109771388522,4,0,6,tdda_v2_k5_lam07_nopfl_dw,0.1108999422476889,-0.3902530386258487
bag8,tabred_delivery_eta,source::tabred_delivery_eta,M18_leaf_density,4,4,0,-0.056558000640075996,-0.08907329323200025,-0.1084937019033528,-0.037137591968723446,1,0,3,leaf_density_conf_cumshift,0.001529990284666,-0.244707161932515
bag8,tabred_delivery_eta,source::tabred_delivery_eta,M19_neighborhood_consensus,6,6,0,-0.19920615859494675,-0.20283018406379125,-0.20994162889369022,-0.19093627514349298,0,0,6,neighbor_consensus_k5_dist_cumshift,-0.1757431092322521,-0.2411259116409886
bag8,tabred_delivery_eta,source::tabred_delivery_eta,M1_frequency_encoding,6,6,4,0.0,4.999958712726884e-06,-6.374908042143395e-05,7.499898752506944e-05,2,2,2,joint_freq_combined__sel_combined_intersection,9.999865003342592e-05,-8.499877389524527e-05
bag8,tabred_delivery_eta,source::tabred_delivery_eta,M20_cluster_membership,8,8,0,-0.2643233958021026,-0.25987918636617435,-0.4765449710671657,0.0026426340620309755,2,0,6,cluster_membership_k10_feature_cumshift,0.0121505680839015,-0.6108805463406056
bag8,tabred_delivery_eta,source::tabred_delivery_eta,M2_frequency_ratio,7,7,2,0.0,2.1428394483115218e-06,0.0,0.0,1,5,1,freq_ratio_log__sel_combined_intersection,9.999865003342592e-05,-8.499877389524527e-05
bag8,tabred_delivery_eta,source::tabred_delivery_eta,M3_joint_pca,4,4,0,-0.015046145280459201,-0.0194795302388761,-0.022600340223702074,-0.011925335295633225,0,0,4,joint_pca_var95,-0.0072346370115399,-0.0405911933830461
bag8,tabred_delivery_eta,source::tabred_delivery_eta,M4_target_encoding,12,12,2,4.999932501671296e-05,0.004447258286092432,0.0,0.0106704199113942,6,5,1,target_enc_oof_absolute,0.0106704199113942,-8.499877389524527e-05
bag8,tabred_delivery_eta,source::tabred_delivery_eta,M5_joint_scaling,1,1,0,0.0208668850285538,0.0208668850285538,0.0208668850285538,0.0208668850285538,1,0,0,joint_scaling,0.0208668850285538,0.0208668850285538
bag8,tabred_delivery_eta,source::tabred_delivery_eta,M6_adversarial_validation,16,16,0,-0.10881348749034164,-0.30158754572409213,-0.29433508236384504,0.020217360139573624,5,0,11,adversarial_lgbm_cal_platt_feature,0.0773388241437478,-1.5362381886027965
bag8,tabred_delivery_eta,source::tabred_delivery_eta,M8_label_propagation,11,11,0,-0.0818953187798721,-0.08501642186944754,-0.17411088597663515,0.00883304125398645,3,0,8,label_prop_v3_t005_k15,0.0875270801059225,-0.3093073079469655
bag8,tabred_delivery_eta,source::tabred_delivery_eta,M9_optimal_transport,9,9,0,-0.1747748198260481,-2.0677965797394657,-2.4413397062283035,-0.1376882807237524,1,0,8,ot_disp_v2_summary_only,0.0239975434851828,-6.970953071442654
bag8,tabred_delivery_eta__gap_far,source::tabred_delivery_eta,M14_groupby_aggregation,9,9,2,-0.5715015051348792,-0.44273377300677136,-0.5715015051348792,-0.5540119105539836,2,0,7,joint_groupby_combined__sel_combined_union,0.0226513324942154,-0.5923706650851925
bag8,tabred_delivery_eta__gap_far,source::tabred_delivery_eta,M14b_groupby_shift_features,6,6,2,-0.5715015051348792,-0.3790919314138465,-0.5715015051348792,-0.1428645934378458,2,0,4,groupby_shift_cohen_d__sel_combined_union,0.0114400549286061,-0.5715015051348792
bag8,tabred_delivery_eta__gap_far,source::tabred_delivery_eta,M16_nearest_test_distance,7,7,0,0.2119277589518564,0.16122263900004877,0.0531462408359598,0.2664755587596608,5,0,2,nearest_test_k10_cumshift_both,0.3562720496779109,-0.0788849348206673
bag8,tabred_delivery_eta__gap_far,source::tabred_delivery_eta,M17_test_directed_augmentation,12,12,0,-1.4491094375738554,-1.5123225933023088,-2.189541564998524,-0.6671924642205613,0,0,12,tdda_v2_k5_lam07_nopfl_dw,-0.3679907839786565,-2.9319664859633336
bag8,tabred_delivery_eta__gap_far,source::tabred_delivery_eta,M18_leaf_density,8,8,0,-0.045134104670746855,-0.10528556368343386,-0.20636733214900987,0.03901284293788285,4,0,4,leaf_density_conf_cumshift,0.1672692015613353,-0.542487130905279
bag8,tabred_delivery_eta__gap_far,source::tabred_delivery_eta,M19_neighborhood_consensus,6,6,0,-1.6281589698215284,-1.81702426778082,-2.200065255772867,-1.4975082294846975,0,0,6,neighbor_consensus_k20_dist,-1.439056451127608,-2.362112548785188
bag8,tabred_delivery_eta__gap_far,source::tabred_delivery_eta,M1_frequency_encoding,6,6,4,1.4377127831964757e-05,3.03517222693684e-05,3.594281957991189e-06,6.110281119009653e-05,4,2,0,joint_freq_combined__sel_combined_union,7.667803897614044e-05,0.0
bag8,tabred_delivery_eta__gap_far,source::tabred_delivery_eta,M20_cluster_membership,8,8,0,-1.5732222512084741,-1.5082785499058629,-2.4483527084636334,-0.2009324681898831,1,0,7,cluster_membership_k10_feature,0.2228685757010211,-3.407415048802475
bag8,tabred_delivery_eta__gap_far,source::tabred_delivery_eta,M2_frequency_ratio,7,7,2,0.0,1.3007880972586457e-05,0.0,7.188563915982378e-06,2,5,0,freq_ratio_log__sel_combined_union,7.667803897614044e-05,0.0
bag8,tabred_delivery_eta__gap_far,source::tabred_delivery_eta,M3_joint_pca,4,4,0,0.12098301962303534,0.1430677636634531,0.015086020775456926,0.24896476251103156,3,0,1,joint_pca_var95,0.4030651458193641,-0.0727601304116223
bag8,tabred_delivery_eta__gap_far,source::tabred_delivery_eta,M3b_joint_tsne,3,3,0,0.1839327987080138,0.11567840242675782,0.06364429241913605,0.2018397105750076,2,0,1,joint_tsne_2d_p30,0.2197466224420014,-0.0566442138697417
bag8,tabred_delivery_eta__gap_far,source::tabred_delivery_eta,M4_target_encoding,12,12,2,4.55275834040526e-05,0.02445987210116922,0.0,0.0586854820094445,7,5,0,target_enc_oof_absolute,0.0586854820094445,0.0
bag8,tabred_delivery_eta__gap_far,source::tabred_delivery_eta,M5_joint_scaling,1,1,0,-0.104807047890806,-0.104807047890806,-0.104807047890806,-0.104807047890806,0,0,1,joint_scaling,-0.104807047890806,-0.104807047890806
bag8,tabred_delivery_eta__gap_far,source::tabred_delivery_eta,M6_adversarial_validation,16,16,0,-0.0913728195862237,-15.696717558045615,-0.6660308679109685,0.0003115048990921,5,1,10,adversarial_lgbm_feature,0.0867748553401982,-246.86066515925924
bag8,tabred_delivery_eta__gap_far,source::tabred_delivery_eta,M8_label_propagation,11,11,0,-1.5651759270570904,-1.6685202072331309,-1.857458848485749,-1.4924738336940595,0,0,11,label_prop_k10_a05,-0.7147492774770314,-2.7342887526489843
bag8,tabred_delivery_eta__gap_far,source::tabred_delivery_eta,M9_optimal_transport,9,9,0,-0.1213029247928813,-3.2140361080819293,-7.13500459332169,0.2232192011684047,3,0,6,ot_disp_v2_selective_top10,0.433663080655242,-8.179901625010679
bag8,tabred_delivery_eta__gap_maxdiff,source::tabred_delivery_eta,M14_groupby_aggregation,9,9,2,0.4039205899235514,0.3313149198128241,0.4039205899235514,0.4039205899235514,9,0,0,joint_groupby_combined,0.4039205899235514,0.0461862789683843
bag8,tabred_delivery_eta__gap_maxdiff,source::tabred_delivery_eta,M14b_groupby_shift_features,6,6,2,0.4039205899235514,0.26640386393188675,0.16220728945046933,0.4039205899235514,5,0,1,groupby_shift_cohen_d,0.4039205899235514,-0.0988953653956604
bag8,tabred_delivery_eta__gap_maxdiff,source::tabred_delivery_eta,M16_nearest_test_distance,7,7,0,0.099212439472422,0.06029171939503559,0.0391286170139066,0.12174128635373266,5,0,2,nearest_test_rel_k10_cumshift_both,0.1309929290374944,-0.1299031394799458
bag8,tabred_delivery_eta__gap_maxdiff,source::tabred_delivery_eta,M17_test_directed_augmentation,12,12,0,-1.5003262805063944,-1.6190203244309673,-1.9472843470633647,-1.2315105965974462,0,0,12,tdda_v2_k5_lam07_pfl_nodw,-0.7774430869863918,-2.605548985558073
bag8,tabred_delivery_eta__gap_maxdiff,source::tabred_delivery_eta,M18_leaf_density,8,8,0,0.044684590163721394,0.024397466597440028,0.02699603386865687,0.06435642852466943,7,0,1,leaf_density_embed_k10,0.190645184142263,-0.2543576427942624
bag8,tabred_delivery_eta__gap_maxdiff,source::tabred_delivery_eta,M19_neighborhood_consensus,6,6,0,-1.6677904469438602,-1.685511111988559,-1.7543445724049032,-1.604345876750412,0,0,6,neighbor_consensus_k10_uniform,-1.5627760504520165,-1.8483160933471043
bag8,tabred_delivery_eta__gap_maxdiff,source::tabred_delivery_eta,M1_frequency_encoding,6,6,4,0.0005790214824268,0.0044345565538495,0.0001447553706067,0.009688241504947976,4,2,0,joint_freq_combined__sel_combined_intersection,0.0127246481791217,0.0
bag8,tabred_delivery_eta__gap_maxdiff,source::tabred_delivery_eta,M20_cluster_membership,8,8,0,-0.2751979890546607,-0.35488940240863254,-0.4820307648423795,-0.1601786370144254,1,0,7,cluster_membership_k10_feature_cumshift,0.076562103146277,-0.9243877228108612
bag8,tabred_delivery_eta__gap_maxdiff,source::tabred_delivery_eta,M2_frequency_ratio,7,7,2,0.0,0.0019005242373640715,0.0,0.0002895107412134,2,5,0,freq_ratio_log__sel_combined_intersection,0.0127246481791217,0.0
bag8,tabred_delivery_eta__gap_maxdiff,source::tabred_delivery_eta,M3_joint_pca,4,4,0,0.17953426213222154,0.18907130478217785,0.039462800940449703,0.3291427659739497,4,0,0,joint_pca_var95,0.3677601977306655,0.0294564971336028
bag8,tabred_delivery_eta__gap_maxdiff,source::tabred_delivery_eta,M3b_joint_tsne,3,3,0,0.4575136953153801,0.45814430934524575,0.43325031078888104,0.48272300088667763,3,0,0,joint_tsne_2d_p30,0.5079323064579752,0.408986926262382
bag8,tabred_delivery_eta__gap_maxdiff,source::tabred_delivery_eta,M4_target_encoding,12,12,2,0.0,-0.06090737395974375,-0.1488384314356947,0.0,2,5,5,target_enc_ratio__sel_combined_intersection,0.0127246481791217,-0.1488384314356947
bag8,tabred_delivery_eta__gap_maxdiff,source::tabred_delivery_eta,M5_joint_scaling,1,1,0,0.0266676611763055,0.0266676611763055,0.0266676611763055,0.0266676611763055,1,0,0,joint_scaling,0.0266676611763055,0.0266676611763055
bag8,tabred_delivery_eta__gap_maxdiff,source::tabred_delivery_eta,M6_adversarial_validation,16,16,0,0.0,-0.0941773732003261,-0.010814415016899174,0.0,3,8,5,adversarial_lgbm_both_ratio,0.3205804376043019,-2.072659878077526
bag8,tabred_delivery_eta__gap_maxdiff,source::tabred_delivery_eta,M8_label_propagation,11,11,0,-1.5250219850789328,-1.6166230932915022,-2.0021155805859654,-1.357964459074791,0,0,11,label_prop_v3_t01_k15,-0.3797048650956657,-2.500912177619943
bag8,tabred_delivery_eta__gap_maxdiff,source::tabred_delivery_eta,M9_optimal_transport,9,9,0,-0.1687222217899143,-2.2025568529476565,-3.968683772867868,-0.0776995735628135,2,0,7,ot_disp_v2_selective_and_summary_abs,0.1172302096569398,-5.988486946220046
bag8,tabred_delivery_eta__gap_near,source::tabred_delivery_eta,M14_groupby_aggregation,9,9,2,0.3428914297323313,0.27680609695062447,0.3428914297323313,0.3428914297323313,8,0,1,joint_groupby_combined,0.3428914297323313,-0.0003162236035135
bag8,tabred_delivery_eta__gap_near,source::tabred_delivery_eta,M14b_groupby_shift_features,6,6,2,0.3428914297323313,0.2252140324998639,0.0854856897304477,0.3428914297323313,4,0,2,groupby_shift_cohen_d,0.3428914297323313,-0.0199653003266282
bag8,tabred_delivery_eta__gap_near,source::tabred_delivery_eta,M16_nearest_test_distance,7,7,0,0.1943821440518471,0.13772184255589726,0.03384544774600115,0.2011809640543706,6,0,1,nearest_test_rel_k10_cumshift_both,0.3391336182415844,-0.0395156880028942
bag8,tabred_delivery_eta__gap_near,source::tabred_delivery_eta,M17_test_directed_augmentation,12,12,0,0.2276542511894568,0.09450576473216488,-0.2878348183117089,0.3591629441038287,8,0,4,tdda_v2_k5_lam07_nopfl_dw,0.6745130736371416,-0.6774156978830047
bag8,tabred_delivery_eta__gap_near,source::tabred_delivery_eta,M18_leaf_density,8,8,0,0.2202239816035656,0.2299996216394562,0.17344152318254977,0.29097114257041756,8,0,0,leaf_density_conf_cumshift,0.3686333019072088,0.1162256902470281
bag8,tabred_delivery_eta__gap_near,source::tabred_delivery_eta,M19_neighborhood_consensus,6,6,0,0.04655679814645265,0.04914974805879391,-0.016389915726939274,0.0941141778907428,4,0,2,neighbor_consensus_k20_dist,0.2469506889731754,-0.1177602810340869
bag8,tabred_delivery_eta__gap_near,source::tabred_delivery_eta,M1_frequency_encoding,6,6,4,-0.0002439440108691,-0.00018672253812753334,-0.00029815370535239997,-6.0986002717275e-05,0,2,4,joint_freq_combined,0.0,-0.0003162236035135
bag8,tabred_delivery_eta__gap_near,source::tabred_delivery_eta,M20_cluster_membership,8,8,0,0.20352366381742326,0.1639391492700686,0.11522304937402013,0.24010072447520092,6,0,2,cluster_membership_k10_feature,0.3882592601874233,-0.135022369252156
bag8,tabred_delivery_eta__gap_near,source::tabred_delivery_eta,M2_frequency_ratio,7,7,2,0.0,-8.00239449118e-05,-0.00012197200543455,0.0,0,5,2,freq_ratio_log,0.0,-0.0003162236035135
bag8,tabred_delivery_eta__gap_near,source::tabred_delivery_eta,M3_joint_pca,4,4,0,0.2015999302513966,0.16598346687065463,0.11734959584465932,0.2502338012773919,3,0,1,joint_pca_var95,0.3274485911022042,-0.0667145841223789
bag8,tabred_delivery_eta__gap_near,source::tabred_delivery_eta,M3b_joint_tsne,3,3,0,0.1137427347712937,0.11937010436868019,0.052756105906665844,0.1831704180320013,2,0,1,joint_tsne_2d_p50,0.2525981012927089,-0.008230522957962
bag8,tabred_delivery_eta__gap_near,source::tabred_delivery_eta,M4_target_encoding,12,12,2,0.0,0.22582249169138183,0.0,0.542086013582193,5,5,2,target_enc_oof_absolute,0.542086013582193,-0.0003162236035135
bag8,tabred_delivery_eta__gap_near,source::tabred_delivery_eta,M5_joint_scaling,1,1,0,0.3884043833369546,0.3884043833369546,0.3884043833369546,0.3884043833369546,1,0,0,joint_scaling,0.3884043833369546,0.3884043833369546
bag8,tabred_delivery_eta__gap_near,source::tabred_delivery_eta,M6_adversarial_validation,16,16,0,0.2896334853573788,0.31720098641046923,0.23107330778551,0.4481662040924319,14,0,2,adversarial_lgbm_both_ratio,0.6774057488018562,-0.0980446531370931
bag8,tabred_delivery_eta__gap_near,source::tabred_delivery_eta,M8_label_propagation,11,11,0,0.4811586524410222,0.4387576497058856,0.32386131692254116,0.5409495542666597,11,0,0,label_prop_v3_adaptive,0.6293782411800066,0.2058116693405249
bag8,tabred_delivery_eta__gap_near,source::tabred_delivery_eta,M9_optimal_transport,9,9,0,-0.6530298924134247,-2.6708513463415526,-5.602559187086296,0.372705098301581,3,0,6,ot_disp_v2_selective_and_summary_top10,1.2185673660379397,-8.733093353032817
bag8,tabred_ecom_offers,source::tabred_ecom_offers,M14_groupby_aggregation,8,8,2,0.3047802450151925,0.22987980772038627,0.12388680654668975,0.35051147379065695,6,0,2,joint_groupby_combined,0.5500615831169906,-0.1637681612329828
bag8,tabred_ecom_offers,source::tabred_ecom_offers,M14b_groupby_shift_features,6,6,2,0.0896971255915026,-0.1642494867070848,-0.0035680020345983735,0.11506297807606691,4,0,2,groupby_shift_ratio_raw,0.1605206299460676,-1.4142736856992049
bag8,tabred_ecom_offers,source::tabred_ecom_offers,M16_nearest_test_distance,7,7,0,-0.2283209856243086,-0.18497934570201172,-0.5363721203685926,0.1488187582730152,3,0,4,nearest_test_rel_k10_both,0.3003994753694156,-0.5918271854680343
bag8,tabred_ecom_offers,source::tabred_ecom_offers,M17_test_directed_augmentation,12,12,0,-2.2043138866398513,-1.8753525222463525,-2.965360067377058,-0.3903266462242719,2,0,10,tdda_k5_lam06_aug1,0.5475544436622373,-3.998311963249108
bag8,tabred_ecom_offers,source::tabred_ecom_offers,M18_leaf_density,7,7,0,-0.1192384765638189,-0.2719103665994726,-0.3004334512852044,0.06572003866600165,3,0,4,leaf_density_embed_k5,0.1508134276641745,-1.4655206920582582
bag8,tabred_ecom_offers,source::tabred_ecom_offers,M19_neighborhood_consensus,6,6,0,1.3683322309446369,1.3227504726043982,1.287864167403001,1.4894583173732145,6,0,0,neighbor_consensus_k10_dist,1.5216326248635297,0.8873305898017229
bag8,tabred_ecom_offers,source::tabred_ecom_offers,M1_frequency_encoding,6,6,4,-0.000969729263971,-0.03879129405380707,-0.0867955469890804,-0.00024243231599275,0,2,4,joint_freq_combined,0.0,-0.1154041528974502
bag8,tabred_ecom_offers,source::tabred_ecom_offers,M20_cluster_membership,8,8,0,0.2826028198806789,0.2195546684695592,0.012920580695114398,0.40320688051933473,6,0,2,cluster_membership_k10_both_cumshift,0.5195066173227829,-0.1371381215473403
bag8,tabred_ecom_offers,source::tabred_ecom_offers,M2_frequency_ratio,7,7,2,0.0,-0.016624840308774456,-0.0004848646319855,0.0,0,5,2,freq_ratio_log,0.0,-0.1154041528974502
bag8,tabred_ecom_offers,source::tabred_ecom_offers,M3_joint_pca,4,4,0,-0.09627960536547756,-0.10772364938566881,-0.2470020766716642,0.04299882192051785,1,0,3,joint_pca_5,0.2842687015031447,-0.5226040883148648
bag8,tabred_ecom_offers,source::tabred_ecom_offers,M3b_joint_tsne,3,3,0,0.3797219134995065,0.3367801310071159,0.2689282215954528,0.42610293166497437,3,0,0,joint_tsne_2d_p50,0.4724839498304422,0.1581345296913991
bag8,tabred_ecom_offers,source::tabred_ecom_offers,M4_target_encoding,12,12,2,0.0,-0.009697823513451767,0.0,0.0,0,10,2,target_enc_absolute,0.0,-0.1154041528974502
bag8,tabred_ecom_offers,source::tabred_ecom_offers,M5_joint_scaling,1,1,0,0.1412010748139483,0.1412010748139483,0.1412010748139483,0.1412010748139483,1,0,0,joint_scaling,0.1412010748139483,0.1412010748139483
bag8,tabred_ecom_offers,source::tabred_ecom_offers,M6_adversarial_validation,16,16,0,0.0811514749316624,0.240988870445555,-0.0284822579714088,0.2724790587142263,9,3,4,adversarial_reweight_lgbm_cal_iso_ratio_winsorize,2.2246743081096856,-0.7549547591215372
bag8,tabred_ecom_offers,source::tabred_ecom_offers,M7_pseudo_labeling,9,9,0,0.0,1.1200796911397362,-0.1317458605743818,2.377140522512066,4,1,4,pseudo_label_lgbm_conf80_iter5,8.924322859112953,-4.771962677881167
bag8,tabred_ecom_offers,source::tabred_ecom_offers,M8_label_propagation,11,11,0,0.4179490657844283,0.8053739242741692,0.2099828389772802,0.8510301550763446,10,0,1,label_prop_v3_adaptive,3.58068496083337,-0.1174575723096763
bag8,tabred_ecom_offers,source::tabred_ecom_offers,M9_optimal_transport,9,9,0,1.5543252420279796,2.4484678456553293,0.7476506450522196,4.230355435150237,9,0,0,ot_displacement_mag,4.689243356000821,0.4356335299677679
bag8,tabred_homesite,source::tabred_homesite,M14_groupby_aggregation,5,5,1,1.471448906157338,1.16059723011311,1.2292823586192367,1.6944327352475517,4,0,1,targeted_groupby_top3,1.8501548668513752,-0.4423327163099514
bag8,tabred_homesite,source::tabred_homesite,M14b_groupby_shift_features,3,3,2,-0.2742395640510522,-0.5982686680229444,-1.060975386250747,0.02645260219080442,1,0,2,groupby_shift_cohen_d__sel_combined_union,0.327144768432661,-1.847711208450442
bag8,tabred_homesite,source::tabred_homesite,M16_nearest_test_distance,7,7,0,-1.524720659298806,-1.8650262736912606,-2.2602465651323644,-1.1395848224378395,0,0,7,nearest_test_rel_k5_both,-0.1086206159237295,-4.62217986547588
bag8,tabred_homesite,source::tabred_homesite,M17_test_directed_augmentation,11,11,0,-5.810164397118502,-3.607703410958283,-7.064249888508053,1.3152074971438075,5,0,6,tdda_v2_k5_lam07_nopfl_dw,2.609766080799448,-13.485878709014822
bag8,tabred_homesite,source::tabred_homesite,M18_leaf_density,4,4,0,-2.2370012645932764,-2.813177733384704,-4.800116379231547,-0.2500626187464329,1,0,3,leaf_density_conf_shallow,2.043387154909525,-8.822095559261788
bag8,tabred_homesite,source::tabred_homesite,M19_neighborhood_consensus,6,6,0,-4.4195547654391785,-4.582373688315315,-5.036738876772707,-4.233867272693419,0,0,6,neighbor_consensus_k10_dist,-3.947363598042718,-5.293330645308765
bag8,tabred_homesite,source::tabred_homesite,M1_frequency_encoding,6,6,4,1.0431977713842382,1.090177104142882,0.9339967865897958,1.1499245520464727,6,0,0,joint_freq_combined,1.532112725962331,0.8394577522009531
bag8,tabred_homesite,source::tabred_homesite,M20_cluster_membership,8,8,0,-4.326436107496475,-3.393042599075093,-5.376109573642695,-0.38495256248124754,2,0,6,cluster_membership_k5_feature,0.9073914557483016,-7.62427530255555
bag8,tabred_homesite,source::tabred_homesite,M2_frequency_ratio,7,7,2,1.0538887768876195,1.0485214557570584,0.9468870846542978,1.1767742487278496,7,0,0,freq_ratio_v2_ratio_gated,1.425813585518646,0.6126251611288485
bag8,tabred_homesite,source::tabred_homesite,M3_joint_pca,4,4,0,-7.27280086016758,-7.6442598464159115,-7.986448386879704,-6.930612319703788,0,0,4,joint_pca_5,-6.798196580099847,-9.233241085228636
bag8,tabred_homesite,source::tabred_homesite,M4_target_encoding,12,12,2,0.38881659732796886,0.43124207083750804,0.1207014521438697,0.5545042733472038,12,0,0,target_enc_oof_inv_ratio,1.1568278870301618,0.1121639206053634
bag8,tabred_homesite,source::tabred_homesite,M5_joint_scaling,1,1,0,0.4641118218091815,0.4641118218091815,0.4641118218091815,0.4641118218091815,1,0,0,joint_scaling,0.4641118218091815,0.4641118218091815
bag8,tabred_homesite,source::tabred_homesite,M6_adversarial_validation,16,16,0,-0.784475438178551,-3.9625066436963,-5.896333901483938,0.6935560727965467,5,0,11,adversarial_logreg_feature,1.1114369322310016,-22.317199078741115
bag8,tabred_homesite,source::tabred_homesite,M7_pseudo_labeling,9,9,0,-40.68529345282878,-40.316949282548705,-44.49694237242552,-34.96484186475573,0,0,9,pseudo_label_lgbm_conf90_iter1,-4.437500381821839,-75.16986480459909
bag8,tabred_homesite,source::tabred_homesite,M8_label_propagation,11,11,0,-2.3814062032269003,-8.826055396625259,-12.826152032207421,-1.3846837600570607,2,0,9,label_prop_v3_t005_k10,1.2506032781680814,-40.56405745040932
bag8,tabred_homesite,source::tabred_homesite,M9_optimal_transport,9,9,0,-1.8351263676853549,-3.2603663722738365,-6.043655957333852,-0.8426955995826106,0,0,9,ot_disp_v2_selective_top10,-0.5186664956107185,-9.402097880737616
bag8,tabred_homesite__gap_far,source::tabred_homesite,M14_groupby_aggregation,9,9,2,-61.40775749928972,-47.66588837359931,-63.59282904461142,-57.56420048852598,2,0,7,joint_groupby_combined__sel_combined_union,4.999178838538769,-63.6016923746687
bag8,tabred_homesite__gap_far,source::tabred_homesite,M14b_groupby_shift_features,6,6,2,-57.1589638245792,-38.58539948853383,-59.328003169944125,-12.489148937834162,2,0,4,groupby_shift_cohen_d__sel_combined_union,2.897787556405856,-62.44202991113219
bag8,tabred_homesite__gap_far,source::tabred_homesite,M16_nearest_test_distance,7,7,0,-0.9425108771307272,-1.076689777117073,-1.581583042885549,-0.4413416996217493,0,0,7,nearest_test_rel_k10_both,-0.0755989916659325,-2.4728690860082536
bag8,tabred_homesite__gap_far,source::tabred_homesite,M17_test_directed_augmentation,12,12,0,10.473067207503455,2.1522033630254263,-0.7153228728660372,11.889244870347763,8,0,4,tdda_v2_k5_lam07_pfl_nodw,19.34395716404718,-40.89488351238123
bag8,tabred_homesite__gap_far,source::tabred_homesite,M18_leaf_density,8,8,0,-3.360766208814762,-3.712920649734255,-6.126744316389624,-0.07683725101219396,2,0,6,leaf_density_embed_k10_cumshift,4.360497702051266,-13.976819785038302
bag8,tabred_homesite__gap_far,source::tabred_homesite,M19_neighborhood_consensus,6,6,0,-17.96219007671996,-20.88098459431588,-24.99423231830827,-15.690440377160868,0,0,6,neighbor_consensus_k10_uniform,-15.093729715356847,-31.996360820952965
bag8,tabred_homesite__gap_far,source::tabred_homesite,M1_frequency_encoding,6,6,4,-0.6874294518030558,0.6628815033597478,-0.9880657867640636,2.30994022465927,2,0,4,joint_freq_combined,5.5231580566367535,-2.391795684601134
bag8,tabred_homesite__gap_far,source::tabred_homesite,M20_cluster_membership,8,8,0,1.7224839221798434,1.4852269142836745,0.031151998289769,3.312278579677439,6,0,2,cluster_membership_k15_both,3.940010896682249,-1.4838257260763723
bag8,tabred_homesite__gap_far,source::tabred_homesite,M2_frequency_ratio,7,7,2,1.430645745731861,1.407966048232095,1.10609145392494,1.7585889578548182,6,0,1,freq_ratio_log__sel_combined_union,3.020049373962084,-0.3242936056287971
bag8,tabred_homesite__gap_far,source::tabred_homesite,M3_joint_pca,4,4,0,2.0848377098196775,1.4733331074052491,-2.094743784589875,5.6529146018148015,2,0,2,joint_pca_var95,5.671488492008563,-3.947831482026922
bag8,tabred_homesite__gap_far,source::tabred_homesite,M3b_joint_tsne,3,3,0,-68.71987445353663,-68.65539807213892,-69.70533337851899,-67.6377009564577,0,0,3,joint_tsne_3d_p30,-66.5555274593788,-70.69079230350133
bag8,tabred_homesite__gap_far,source::tabred_homesite,M4_target_encoding,12,12,2,1.6945905011169686,2.149009957343005,0.6204331040163558,2.943603152217156,11,0,1,target_enc_oof_inv_ratio,6.030714045510538,-0.0252865592813699
bag8,tabred_homesite__gap_far,source::tabred_homesite,M5_joint_scaling,1,1,0,1.234349053578656,1.234349053578656,1.234349053578656,1.234349053578656,1,0,0,joint_scaling,1.234349053578656,1.234349053578656
bag8,tabred_homesite__gap_far,source::tabred_homesite,M6_adversarial_validation,16,16,0,0.0058654390085591,-1.0515754569177376,0.0,0.43834380857295213,8,5,3,adversarial_lgbm_both_ratio,2.247505884990377,-17.435212967573417
bag8,tabred_homesite__gap_far,source::tabred_homesite,M7_pseudo_labeling,9,9,0,6.969444973057963,-3.087929158241492,-20.752965956992043,14.32653029303729,5,0,4,pseudo_label_lgbm_conf90_iter3,17.879161528976564,-30.955180225389284
bag8,tabred_homesite__gap_far,source::tabred_homesite,M8_label_propagation,11,11,0,20.64347776216543,20.36747034635473,3.693532115233676,33.39233530498983,11,0,0,label_prop_weighted_k15_a08,41.26010484798074,0.7498637914718957
bag8,tabred_homesite__gap_far,source::tabred_homesite,M9_optimal_transport,9,9,0,-1.040137850851082,8.967054191153046,-2.5513356256338144,2.981989191950994,3,0,6,ot_disp_v2_selective_abs,46.76840379246247,-4.674885232910079
bag8,tabred_homesite__gap_near,source::tabred_homesite,M14_groupby_aggregation,9,9,2,-2.568081904818134,-2.187537905237413,-3.287404478800748,-2.0322780515146763,2,0,7,joint_groupby_combined__sel_combined_intersection,0.6550025078926541,-3.912902369220308
bag8,tabred_homesite__gap_near,source::tabred_homesite,M14b_groupby_shift_features,6,6,2,-3.2756026318118,-2.017132347878908,-3.5114920485055,-0.4152774909270507,2,0,4,groupby_shift_cohen_d__sel_combined_intersection,1.2250317174639644,-3.724662909744944
bag8,tabred_homesite__gap_near,source::tabred_homesite,M16_nearest_test_distance,7,7,0,-0.0802525595251364,-0.19397178515541988,-0.3814947039205952,0.22305490809343653,2,0,5,nearest_test_rel_k10_cumshift_both,0.7264036821765626,-1.687074027085048
bag8,tabred_homesite__gap_near,source::tabred_homesite,M17_test_directed_augmentation,12,12,0,-14.176083557076506,-13.801915833161061,-16.356179742129534,-10.419850706635351,0,0,12,tdda_v2_k5_lam07_nopfl_dw,-7.694804236862712,-21.6115422063553
bag8,tabred_homesite__gap_near,source::tabred_homesite,M18_leaf_density,8,8,0,-0.30389755996782714,-1.1572448588200832,-0.5717994866191938,-0.19251762900866393,2,0,6,leaf_density_conf_cumshift,0.1262797627829033,-7.245153866579831
bag8,tabred_homesite__gap_near,source::tabred_homesite,M19_neighborhood_consensus,6,6,0,-4.830791018794219,-5.770857305834684,-6.9054081963823135,-4.2542707933789385,0,0,6,neighbor_consensus_k5_dist,-3.526391880328878,-9.778125276605264
bag8,tabred_homesite__gap_near,source::tabred_homesite,M1_frequency_encoding,6,6,4,0.46499277136892414,0.48063021862935273,0.44478210839996424,0.6162039359163304,6,0,0,joint_freq_combined__sel_combined_union,0.6620836160856365,0.1870592747768552
bag8,tabred_homesite__gap_near,source::tabred_homesite,M20_cluster_membership,8,8,0,0.2080075531820205,0.12443572419094051,-0.05030537279046346,0.3668899182719652,6,0,2,cluster_membership_k10_weight,0.879237600684599,-0.878057415985366
bag8,tabred_homesite__gap_near,source::tabred_homesite,M2_frequency_ratio,7,7,2,1.2067388546312885,1.154136336622688,1.101112324079044,1.2492255037915978,7,0,0,freq_ratio_log__sel_combined_intersection,1.3684241583810357,0.8031156876052079
bag8,tabred_homesite__gap_near,source::tabred_homesite,M3_joint_pca,4,4,0,2.293984008497666,2.0750597468506395,1.3799309591952962,2.9891127961530097,4,0,0,joint_pca_var95,3.5299324344263354,0.1823385359808895
bag8,tabred_homesite__gap_near,source::tabred_homesite,M3b_joint_tsne,3,3,0,-2.8141504145397294,-3.0318944914875434,-3.3027468798865494,-2.65217006461463,0,0,3,joint_tsne_2d_p30,-2.490189714689531,-3.79134334523337
bag8,tabred_homesite__gap_near,source::tabred_homesite,M4_target_encoding,12,12,2,-0.20918773788089115,-0.20254919894932613,-0.33517245448880506,0.1292302245306233,4,0,8,target_enc_inv_ratio,0.3021272829200646,-0.8267193815828624
bag8,tabred_homesite__gap_near,source::tabred_homesite,M5_joint_scaling,1,1,0,1.269878736022257,1.269878736022257,1.269878736022257,1.269878736022257,1,0,0,joint_scaling,1.269878736022257,1.269878736022257
bag8,tabred_homesite__gap_near,source::tabred_homesite,M6_adversarial_validation,16,16,0,0.0,-4.674103059628682,-0.46735314076654466,0.2584604490605221,5,5,6,adversarial_logreg_feature,1.066296875461454,-72.65954621898238
bag8,tabred_homesite__gap_near,source::tabred_homesite,M7_pseudo_labeling,9,9,0,-140.3817897500953,-198.06056314479827,-393.5249166494548,-11.857315669902317,0,0,9,pseudo_label_lgbm_conf80_iter5,-2.261823975452324,-452.7197356386265
bag8,tabred_homesite__gap_near,source::tabred_homesite,M8_label_propagation,11,11,0,-5.077154574690804,-11.78183749393122,-22.467471159236265,-0.5983536423448099,3,0,8,label_prop_k15_a05,0.5824211489097542,-31.199362700262085
bag8,tabred_homesite__gap_near,source::tabred_homesite,M9_optimal_transport,9,9,0,0.2891452512321252,0.47109039231332406,-0.3811996577457266,1.5448617708674512,5,0,4,ot_disp_v2_selective_abs,2.103679225799068,-1.1931667305931286
bag8,tabred_sberbank,source::tabred_sberbank,M14_groupby_aggregation,7,7,2,-0.1381654525292439,0.017689103907278434,-0.5549688944075598,0.6213741322917796,3,0,4,joint_groupby_combined__sel_combined_union,0.9037258240823396,-0.7745471199705862
bag8,tabred_sberbank,source::tabred_sberbank,M14b_groupby_shift_features,6,6,2,0.4166325941960973,0.3849175996855434,0.0261263482468219,1.034481439517727,5,0,1,groupby_shift_cohen_d__sel_combined_union,1.1863229848256631,-0.8464712293265975
bag8,tabred_sberbank,source::tabred_sberbank,M16_nearest_test_distance,7,7,0,-26.487487121133256,-30.494866495911122,-39.757309076483445,-22.548933451694147,0,0,7,nearest_test_k10_cumshift_both,-18.55874223372213,-43.8053510601673
bag8,tabred_sberbank,source::tabred_sberbank,M17_test_directed_augmentation,12,12,0,-25.986804417748797,-25.157953146947886,-26.62158829808166,-24.337252603589718,0,0,12,tdda_v2_k5_lam06_pfl_dw,-15.280520738951823,-35.289018870864275
bag8,tabred_sberbank,source::tabred_sberbank,M18_leaf_density,8,8,0,-0.1303031518225246,-0.5022642076189913,-1.1646724434788167,-0.043719111947032624,1,0,7,leaf_density_conf,0.8985960972147095,-2.031200855128028
bag8,tabred_sberbank,source::tabred_sberbank,M19_neighborhood_consensus,6,6,0,-3.4712840507659486,-3.315446640295265,-3.917549401012232,-2.6555198218145035,0,0,6,neighbor_consensus_k5_dist_cumshift,-2.054758974720872,-4.445449835593801
bag8,tabred_sberbank,source::tabred_sberbank,M1_frequency_encoding,6,6,4,-1.2981139942489632,-0.9544994087535891,-1.444082212631111,-0.53972848062789,1,0,5,joint_freq_combined__sel_combined_intersection,0.1447471960157081,-1.495844065193291
bag8,tabred_sberbank,source::tabred_sberbank,M20_cluster_membership,8,8,0,-2.931959088472099,-3.135631604457732,-3.9088508182691406,-0.7562397430882636,1,0,7,cluster_membership_k5_feature,0.6143085007131049,-9.497175718357536
bag8,tabred_sberbank,source::tabred_sberbank,M2_frequency_ratio,7,7,2,-0.9957202014003156,-0.9801445738979001,-1.4360955801192703,-0.684398427614451,1,0,6,freq_ratio_v2_both_gated,0.2513745030467002,-1.8756783034642424
bag8,tabred_sberbank,source::tabred_sberbank,M3_joint_pca,4,4,0,-1.8463429131345417,-1.5571555931659284,-2.160351911331082,-1.2431465949693878,0,0,4,joint_pca_var95,-0.2922145244695476,-2.243722021925083
bag8,tabred_sberbank,source::tabred_sberbank,M3b_joint_tsne,3,3,0,1.315448844775789,1.3129827889759336,1.1756039631504553,1.4515946427013398,3,0,0,joint_tsne_3d_p30,1.5877404406268905,1.0357590815251216
bag8,tabred_sberbank,source::tabred_sberbank,M4_target_encoding,12,12,2,-0.30430097098651115,-0.1903459590076034,-0.37264072796082137,-0.09980489417136555,3,0,9,target_enc_oof_inv_ratio,0.7839418475297576,-0.8363833933675336
bag8,tabred_sberbank,source::tabred_sberbank,M5_joint_scaling,1,1,0,1.187277823562457,1.187277823562457,1.187277823562457,1.187277823562457,1,0,0,joint_scaling,1.187277823562457,1.187277823562457
bag8,tabred_sberbank,source::tabred_sberbank,M6_adversarial_validation,16,16,0,-0.3595073683085713,-5.078150739311066,-1.2017767211961512,0.0,2,6,8,adversarial_lgbm_both_ratio,6.317381253679216,-43.67936446282811
bag8,tabred_sberbank,source::tabred_sberbank,M8_label_propagation,11,11,0,-14.818204488797566,-16.721335378068343,-18.265026074607654,-10.277337659119935,0,0,11,label_prop_v3_t01_k15,-2.1991046165273804,-47.50524599783802
bag8,tabred_sberbank,source::tabred_sberbank,M9_optimal_transport,9,9,0,-15.129744085000464,-40.596375483762685,-80.29481173553879,-0.9913774719077388,1,0,8,ot_disp_v2_selective_abs,0.0575418733377154,-100.94912289522556
bag8,tabred_sberbank__gap_far,source::tabred_sberbank,M14_groupby_aggregation,8,8,2,0.9433820228389656,0.5032302722167337,0.8742092170591733,0.9473043707861781,7,0,1,joint_groupby_combined,1.0613464908882435,-2.434794618857848
bag8,tabred_sberbank__gap_far,source::tabred_sberbank,M14b_groupby_shift_features,6,6,2,0.5227005603185771,0.552741977921776,0.4543996292642055,1.344371123707253,5,0,1,groupby_shift_cohen_d,2.0031907967314933,-1.7820340135875508
bag8,tabred_sberbank__gap_far,source::tabred_sberbank,M16_nearest_test_distance,7,7,0,-21.64652492426973,-20.465416140350584,-24.078492461806057,-16.86234247424751,0,0,7,nearest_test_rel_k5_both,-12.682901962886724,-27.04681622319052
bag8,tabred_sberbank__gap_far,source::tabred_sberbank,M17_test_directed_augmentation,12,12,0,-17.37050831079439,-17.199729564683008,-18.72719581558525,-15.290869094470693,0,0,12,tdda_v2_k5_lam07_pfl_nodw,-7.733748545668667,-27.108333067054865
bag8,tabred_sberbank__gap_far,source::tabred_sberbank,M18_leaf_density,8,8,0,0.6746119169314593,0.5169541679309244,0.024956381803283245,0.9853632325668942,6,0,2,leaf_density_conf,1.6761184504351694,-0.809424365967999
bag8,tabred_sberbank__gap_far,source::tabred_sberbank,M19_neighborhood_consensus,6,6,0,-21.892271166335956,-20.883140215741836,-22.617770802792705,-20.09170783680227,0,0,6,neighbor_consensus_k10_uniform,-16.19475058460708,-22.968424301936032
bag8,tabred_sberbank__gap_far,source::tabred_sberbank,M1_frequency_encoding,6,6,4,-0.2770757298562998,0.21565109347173483,-0.5258183850077887,1.1075827862288652,2,0,4,joint_freq_separate,1.568228250993977,-0.6805732519832701
bag8,tabred_sberbank__gap_far,source::tabred_sberbank,M20_cluster_membership,8,8,0,-2.5919837234562655,-2.1585724676568057,-3.5439555804472382,0.47573046663416296,3,0,5,cluster_membership_k10_feature_cumshift,1.5448367932526537,-7.869394672087515
bag8,tabred_sberbank__gap_far,source::tabred_sberbank,M2_frequency_ratio,7,7,2,1.7274895139993505,1.2235711763146053,0.8170048409627128,1.8648880448594711,6,0,1,freq_ratio_log,2.0026576882199416,-0.5289347396614225
bag8,tabred_sberbank__gap_far,source::tabred_sberbank,M3_joint_pca,4,4,0,-4.249703409239402,-3.812518275470575,-4.282661552670481,-3.7795601320394954,0,0,4,joint_pca_10,-2.464185183936077,-4.286481099467419
bag8,tabred_sberbank__gap_far,source::tabred_sberbank,M3b_joint_tsne,3,3,0,0.9471234723384636,0.32834482533547077,-0.47064451862592693,1.4367234927983648,2,0,1,joint_tsne_2d_p50,1.926323513258266,-1.8884125095903173
bag8,tabred_sberbank__gap_far,source::tabred_sberbank,M4_target_encoding,12,12,2,-0.3168057234454945,-0.01880668877713748,-0.6113753179990978,0.2502962901349389,3,0,9,target_enc_diff,2.0502276854680184,-1.5046244774598816
bag8,tabred_sberbank__gap_far,source::tabred_sberbank,M5_joint_scaling,1,1,0,-0.3771706674879269,-0.3771706674879269,-0.3771706674879269,-0.3771706674879269,0,0,1,joint_scaling,-0.3771706674879269,-0.3771706674879269
bag8,tabred_sberbank__gap_far,source::tabred_sberbank,M6_adversarial_validation,16,16,0,-0.3764115294078005,-3.0013177308252232,-1.761806918189154,0.0,1,6,9,adversarial_logreg_feature,3.729919150243172,-21.813503533814675
bag8,tabred_sberbank__gap_far,source::tabred_sberbank,M8_label_propagation,11,11,0,1.3891487190199543,-0.29994221642140345,-0.8494187291317953,2.8887046015800344,8,0,3,label_prop_k15_a05,6.154774575608332,-17.289991573585493
bag8,tabred_sberbank__gap_far,source::tabred_sberbank,M9_optimal_transport,9,9,0,-1.588049052418795,-11.950236833195653,-28.236097818561067,2.8703682967084068,4,0,5,ot_disp_v2_selective_and_summary_abs,3.7609673926467946,-30.63238530485217
bag8,tabred_sberbank__gap_near,source::tabred_sberbank,M14_groupby_aggregation,8,8,2,0.0889962921532567,0.22106394477847174,0.0889962921532567,0.2919068388275865,7,0,1,joint_groupby_combined__sel_combined_union,0.7429462466746264,-0.1184235278477329
bag8,tabred_sberbank__gap_near,source::tabred_sberbank,M14b_groupby_shift_features,6,6,2,0.40623980345951893,0.38176009952764295,0.09094459409729613,0.5835542781271458,6,0,0,groupby_shift_ratio_raw,0.823806028775031,0.0257696674788791
bag8,tabred_sberbank__gap_near,source::tabred_sberbank,M16_nearest_test_distance,7,7,0,-11.650026387123908,-9.239708044512593,-12.866521759109945,-5.935839722223336,0,0,7,nearest_test_k10_cumshift_both,-1.2153662244635952,-14.207840737334084
bag8,tabred_sberbank__gap_near,source::tabred_sberbank,M17_test_directed_augmentation,12,12,0,-11.200229408726727,-11.646158664698694,-15.300777203366962,-7.883172927730205,0,0,12,tdda_v2_k5_lam07_pfl_nodw,-5.503687008042569,-19.07231722163368
bag8,tabred_sberbank__gap_near,source::tabred_sberbank,M18_leaf_density,8,8,0,-0.8202994285593816,-0.6406976170501782,-1.2671779393766989,-0.19167380152526514,2,0,6,leaf_density_conf_shallow,0.4802147647696011,-1.4412835585234671
bag8,tabred_sberbank__gap_near,source::tabred_sberbank,M19_neighborhood_consensus,6,6,0,-17.345213163984752,-17.26636104762374,-19.098534881893674,-15.753924226538967,0,0,6,neighbor_consensus_k5_dist_cumshift,-13.860249625859003,-20.14102029666025
bag8,tabred_sberbank__gap_near,source::tabred_sberbank,M1_frequency_encoding,6,6,4,0.3226635521783068,0.3320054382491852,0.13472148525387723,0.5317819956579883,6,0,0,joint_freq_separate,0.577573417583495,0.0955698344580534
bag8,tabred_sberbank__gap_near,source::tabred_sberbank,M20_cluster_membership,8,8,0,-1.2965379517693605,-1.1205561769708325,-1.4794488812654525,-0.364000117594952,2,0,6,cluster_membership_k5_feature,0.6158751333859356,-3.5961732077252573
bag8,tabred_sberbank__gap_near,source::tabred_sberbank,M2_frequency_ratio,7,7,2,-0.2381446338910605,-0.1717910328239156,-0.2721075391646005,-0.16848048931608944,1,0,6,freq_ratio_v2_both_gated,0.2228539055231716,-0.3060704444381406
bag8,tabred_sberbank__gap_near,source::tabred_sberbank,M3_joint_pca,4,4,0,-2.586839113212081,-2.3972556075136913,-2.656356482513118,-2.3277382382126537,0,0,4,joint_pca_var90,-1.6613757320363756,-2.753968471594228
bag8,tabred_sberbank__gap_near,source::tabred_sberbank,M3b_joint_tsne,3,3,0,0.2462757122412444,-0.05471033251670163,-0.9729377580914975,1.0140101154370673,2,0,1,joint_tsne_2d_p50,1.7817445186328902,-2.1921512284242395
bag8,tabred_sberbank__gap_near,source::tabred_sberbank,M4_target_encoding,12,12,2,0.43444012024889067,0.40200068954700646,0.204925718401115,0.6640528538186775,11,0,1,target_enc_ratio__sel_combined_union,0.758634868858716,-0.3840015378581178
bag8,tabred_sberbank__gap_near,source::tabred_sberbank,M5_joint_scaling,1,1,0,-0.034069234930955,-0.034069234930955,-0.034069234930955,-0.034069234930955,0,0,1,joint_scaling,-0.034069234930955,-0.034069234930955
bag8,tabred_sberbank__gap_near,source::tabred_sberbank,M6_adversarial_validation,16,16,0,0.0,-1.3341481487298101,-0.441771739731347,0.0,3,6,7,adversarial_lgbm_both_ratio,2.294468267929372,-11.581842707101666
bag8,tabred_sberbank__gap_near,source::tabred_sberbank,M8_label_propagation,11,11,0,-12.67444249148117,-13.170987289686087,-16.910086257348155,-11.779075470261684,0,0,11,label_prop_v3_t01_k15,-3.188413099475232,-22.161273803132627
bag8,tabred_sberbank__gap_near,source::tabred_sberbank,M9_optimal_transport,9,9,0,-0.2229273966176188,-21.767825513836822,-47.15992193522394,0.1581813522038005,3,0,6,ot_disp_v2_selective_and_summary_abs,0.4661060464306766,-52.96246343122957
bag8,tabred_weather,source::tabred_weather,M14_groupby_aggregation,8,8,2,-0.09416738883785081,-0.13354506531217425,-0.15256279668124875,-0.06840662682940556,2,0,6,joint_groupby_combined__sel_combined_union,0.0430323411014528,-0.4158499472319311
bag8,tabred_weather,source::tabred_weather,M14b_groupby_shift_features,6,6,2,-0.4041339097388307,-0.30613242786392214,-0.4501450326449074,-0.14150725252465343,1,0,5,groupby_shift_cohen_d__sel_combined_intersection,3.192808092200696e-05,-0.5091115687199328
bag8,tabred_weather,source::tabred_weather,M16_nearest_test_distance,7,7,0,-0.0115892199785364,-0.007372682273888344,-0.0451916902437425,0.0337753436896776,3,0,4,nearest_test_rel_k5_both,0.0527218298166305,-0.0699086926471827
bag8,tabred_weather,source::tabred_weather,M17_test_directed_augmentation,12,12,0,-0.3539782140978859,-0.37737605668438917,-0.4823819255859234,-0.19249864956572638,0,0,12,tdda_v2_k5_lam07_pfl_nodw,-0.0792566469133782,-0.7867947238139317
bag8,tabred_weather,source::tabred_weather,M18_leaf_density,4,4,0,-2.1268314006850604,-6.139757580801147,-7.293561068438059,-0.9730279130481481,0,0,4,leaf_density_conf,-0.8806998228500679,-19.4246676989844
bag8,tabred_weather,source::tabred_weather,M19_neighborhood_consensus,6,6,0,0.1228975517135398,0.10715572813379592,0.08333463542605055,0.13354063677400516,6,0,0,neighbor_consensus_k20_dist,0.185056073227925,0.0048478636900565
bag8,tabred_weather,source::tabred_weather,M1_frequency_encoding,6,6,4,0.0,-5.321340463414438e-06,-3.591907673418771e-05,2.3946060691505218e-05,2,2,2,joint_freq_combined__sel_combined_intersection,3.192808092200696e-05,-4.7892102312250274e-05
bag8,tabred_weather,source::tabred_weather,M20_cluster_membership,8,8,0,-0.1414767944425703,-0.17185152328270376,-0.2545887709428439,-0.1087896154567267,0,0,8,cluster_membership_k10_feature_cumshift,-0.0598419155730205,-0.3194940790836391
bag8,tabred_weather,source::tabred_weather,M2_frequency_ratio,7,7,2,0.0,-2.2805744843204737e-06,0.0,0.0,1,5,1,freq_ratio_log__sel_combined_intersection,3.192808092200696e-05,-4.7892102312250274e-05
bag8,tabred_weather,source::tabred_weather,M3_joint_pca,4,4,0,-0.03623388943761345,-0.08157858607375801,-0.11986677066893119,0.002054295157559725,1,0,3,joint_pca_10,0.0139162880340442,-0.2677628534538493
bag8,tabred_weather,source::tabred_weather,M4_target_encoding,12,12,2,0.0,-1.3303351158536095e-06,0.0,0.0,1,10,1,target_enc_ratio__sel_combined_intersection,3.192808092200696e-05,-4.7892102312250274e-05
bag8,tabred_weather,source::tabred_weather,M5_joint_scaling,1,1,0,0.0289576361611027,0.0289576361611027,0.0289576361611027,0.0289576361611027,1,0,0,joint_scaling,0.0289576361611027,0.0289576361611027
bag8,tabred_weather,source::tabred_weather,M6_adversarial_validation,16,16,0,-0.11135684504849469,-0.8969799120449963,-0.6003336846670568,-0.0045066730143133275,4,0,12,adversarial_reweight_lgbm_cal_iso_ratio_hard,0.1428844349491922,-5.105926508466734
bag8,tabred_weather,source::tabred_weather,M8_label_propagation,11,11,0,-0.307722927701816,-0.2803763211662074,-0.4814980435830222,-0.0969583249518721,2,0,9,label_prop_v3_t01_k15,0.0413500860102412,-0.5545695240955296
bag8,tabred_weather,source::tabred_weather,M9_optimal_transport,9,9,0,-5.627729051859415,-21.421623845248966,-43.03675445323311,-1.9509107303343984,0,0,9,ot_disp_v2_summary_only,-0.0916075819431001,-51.09046773745697
bag8,tabred_weather__gap_far,source::tabred_weather,M14_groupby_aggregation,9,9,2,-0.7464738482096563,-0.8196051297977511,-1.060512475263882,-0.6914139765927203,1,0,8,joint_groupby_combined__sel_combined_intersection,0.0008353530793474,-1.4175388487936174
bag8,tabred_weather__gap_far,source::tabred_weather,M14b_groupby_shift_features,6,6,2,-0.6347483086813693,-0.6044056468837308,-0.8705782464277452,-0.5104209620008445,1,0,5,groupby_shift_cohen_d__sel_combined_intersection,0.0008353530793474,-0.9396058782351198
bag8,tabred_weather__gap_far,source::tabred_weather,M16_nearest_test_distance,7,7,0,0.5144489288815725,0.5753574962753004,0.3084922238923845,0.777000862794573,7,0,0,nearest_test_rel_k5_both,1.0384452558841109,0.3036221157875045
bag8,tabred_weather__gap_far,source::tabred_weather,M17_test_directed_augmentation,12,12,0,-0.6644125097111258,-0.7270426882913616,-1.0146618034081605,-0.39545638559120316,0,0,12,tdda_v2_k10_lam07_pfl_dw,-0.1513798257999833,-1.6714485435756854
bag8,tabred_weather__gap_far,source::tabred_weather,M18_leaf_density,7,7,0,0.2186188010889556,0.23499543525874725,0.19494368936439077,0.3171845053301249,7,0,0,leaf_density_embed_k5,0.3390593441385075,0.0630335121947364
bag8,tabred_weather__gap_far,source::tabred_weather,M19_neighborhood_consensus,6,6,0,-0.32059239131395467,-0.25675351050294615,-0.39357290506251863,-0.145856637429376,1,0,5,neighbor_consensus_k10_dist_cumshift,0.0268806544268454,-0.4207058057033901
bag8,tabred_weather__gap_far,source::tabred_weather,M1_frequency_encoding,6,6,4,0.0,-0.00024308590756216665,-0.0011734581015254248,0.0006265148095105501,2,2,2,joint_freq_combined__sel_combined_intersection,0.0008353530793474,-0.0015646108020339
bag8,tabred_weather__gap_far,source::tabred_weather,M20_cluster_membership,8,8,0,0.19851092601401224,0.24456940391206078,0.14726256721584097,0.24874963676349357,8,0,0,cluster_membership_k15_both,0.6111467417419635,0.077708865555617
bag8,tabred_weather__gap_far,source::tabred_weather,M2_frequency_ratio,7,7,2,0.0,-0.00010417967466949999,0.0,0.0,1,5,1,freq_ratio_log__sel_combined_intersection,0.0008353530793474,-0.0015646108020339
bag8,tabred_weather__gap_far,source::tabred_weather,M3_joint_pca,4,4,0,-0.07528334197052404,-0.11578851916200232,-0.25109156229107915,0.06001970115855278,2,0,2,joint_pca_10,0.0977571653435916,-0.4103445580505528
bag8,tabred_weather__gap_far,source::tabred_weather,M3b_joint_tsne,3,3,0,-0.1730990367354589,-0.13357001673892163,-0.17340127163478014,-0.11350327184133174,0,0,3,joint_tsne_2d_p50,-0.0539075069472046,-0.1737035065341014
bag8,tabred_weather__gap_far,source::tabred_weather,M4_target_encoding,12,12,2,0.0,-6.077147689054166e-05,0.0,0.0,1,10,1,target_enc_ratio__sel_combined_intersection,0.0008353530793474,-0.0015646108020339
bag8,tabred_weather__gap_far,source::tabred_weather,M5_joint_scaling,1,1,0,0.2851192403360571,0.2851192403360571,0.2851192403360571,0.2851192403360571,1,0,0,joint_scaling,0.2851192403360571,0.2851192403360571
bag8,tabred_weather__gap_far,source::tabred_weather,M6_adversarial_validation,16,16,0,-0.1481802347994449,-99.06127880210731,-0.1538952945379804,0.0,2,5,9,adversarial_logreg_feature,0.1715927791737896,-1581.5179559591486
bag8,tabred_weather__gap_far,source::tabred_weather,M8_label_propagation,11,11,0,-18.99361918986504,-18.666359021449317,-24.537509168356927,-5.649952156236191,0,0,11,label_prop_k15_a05,-3.3616412865399536,-52.31433251341412
bag8,tabred_weather__gap_far,source::tabred_weather,M9_optimal_transport,9,9,0,-2.060519925047728,-9.721980487144444,-20.00326415411015,-0.2370202683454015,1,0,8,ot_disp_v2_summary_only,0.0601544235944617,-24.23481206302092
bag8,tabred_weather__gap_maxdiff,source::tabred_weather,M14_groupby_aggregation,9,9,2,0.0495641754234573,-0.019205015965812443,0.0072886157104435,0.0691410150755012,8,0,1,targeted_groupby_top3_shifted_agg,0.0699118644438548,-0.5156581902849273
bag8,tabred_weather__gap_maxdiff,source::tabred_weather,M14b_groupby_shift_features,6,6,2,-0.3817286174064116,-0.41488097225928744,-0.622518999777326,-0.23513968376786132,1,0,5,groupby_shift_cohen_d__sel_combined_intersection,0.0001036960916417,-0.836873128378568
bag8,tabred_weather__gap_maxdiff,source::tabred_weather,M16_nearest_test_distance,7,7,0,0.8095953934660675,0.9363471885249748,0.5262349089924367,1.1349704740461042,7,0,0,nearest_test_rel_k5_both,2.222698718273909,0.1997254418577655
bag8,tabred_weather__gap_maxdiff,source::tabred_weather,M17_test_directed_augmentation,12,12,0,-2.1957577517260134,-2.5568671162169863,-2.8809756288718056,-1.0650565258140123,0,0,12,tdda_v2_k5_lam07_pfl_nodw,-0.5743377301125404,-6.812197240872632
bag8,tabred_weather__gap_maxdiff,source::tabred_weather,M18_leaf_density,8,8,0,0.0024940970618382505,-0.024631386728619628,-0.24188874140977307,0.2114526703255984,4,0,4,leaf_density_conf_cumshift,0.3559925684924661,-0.5366940892709793
bag8,tabred_weather__gap_maxdiff,source::tabred_weather,M19_neighborhood_consensus,6,6,0,-1.6383901071310851,-1.7035323207059925,-1.913123948667837,-1.437402207102982,0,0,6,neighbor_consensus_k10_dist_cumshift,-1.3555632033815688,-2.2137423703185144
bag8,tabred_weather__gap_maxdiff,source::tabred_weather,M1_frequency_encoding,6,6,4,0.0001036960916417,9.505477418836668e-05,2.5924022910425e-05,0.000162025196102975,4,2,0,joint_freq_combined__sel_combined_union,0.0001814682309234,0.0
bag8,tabred_weather__gap_maxdiff,source::tabred_weather,M20_cluster_membership,8,8,0,-0.2551474692443646,0.037171062910677954,-0.4172170433872426,0.268116378755474,3,0,5,cluster_membership_k10_both,1.3936872873850856,-0.5562008598941693
bag8,tabred_weather__gap_maxdiff,source::tabred_weather,M2_frequency_ratio,7,7,2,0.0,4.0737760366442864e-05,0.0,5.184804582085e-05,2,5,0,freq_ratio_log__sel_combined_union,0.0001814682309234,0.0
bag8,tabred_weather__gap_maxdiff,source::tabred_weather,M3_joint_pca,4,4,0,-1.2787636443000696,-1.4462138687345014,-1.4594952859353296,-1.2654822270992412,0,0,4,joint_pca_var90,-1.2455540273485213,-1.9817741589893447
bag8,tabred_weather__gap_maxdiff,source::tabred_weather,M3b_joint_tsne,3,3,0,-0.997788698852768,-0.8532594988416071,-1.3664002925865866,-0.4123833051022081,1,0,2,joint_tsne_2d_p30,0.1730220886483518,-1.7350118863204052
bag8,tabred_weather__gap_maxdiff,source::tabred_weather,M4_target_encoding,12,12,2,0.0,2.376369354709167e-05,0.0,0.0,2,10,0,target_enc_ratio__sel_combined_union,0.0001814682309234,0.0
bag8,tabred_weather__gap_maxdiff,source::tabred_weather,M5_joint_scaling,1,1,0,-0.3385536885902237,-0.3385536885902237,-0.3385536885902237,-0.3385536885902237,0,0,1,joint_scaling,-0.3385536885902237,-0.3385536885902237
bag8,tabred_weather__gap_maxdiff,source::tabred_weather,M6_adversarial_validation,16,16,0,0.0,-89.8793979643341,-0.019833586523592125,0.1634622660800002,5,5,6,adversarial_reweight_lgbm_ratio_normalize,0.5874488472652221,-1439.2187499827314
bag8,tabred_weather__gap_maxdiff,source::tabred_weather,M8_label_propagation,11,11,0,-31.99444778189031,-31.938758107187905,-43.21429989340022,-22.21970445667452,0,0,11,label_prop_v3_adaptive,-11.27139775531466,-49.35921314483512
bag8,tabred_weather__gap_maxdiff,source::tabred_weather,M9_optimal_transport,9,9,0,-3.419027512040604,-9.227631494862703,-19.8339432982101,0.4274933285507633,3,0,6,ot_disp_v2_selective_and_summary_abs,2.1183789998256883,-21.08247215626053
bag8,tabred_weather__gap_near,source::tabred_weather,M14_groupby_aggregation,9,9,2,-0.0052414050691074,-0.16001445184594312,-0.3344038807096277,0.0,0,4,5,targeted_groupby_top3,0.0,-0.5902548675832516
bag8,tabred_weather__gap_near,source::tabred_weather,M14b_groupby_shift_features,6,6,2,-0.32134266561094993,-0.23891807907707943,-0.3273966763639072,-0.0936756810275375,0,0,6,groupby_shift_cohen_d__sel_combined_intersection,-0.0052414050691074,-0.438380372056843
bag8,tabred_weather__gap_near,source::tabred_weather,M16_nearest_test_distance,7,7,0,-0.4400712738945647,-0.5133762515241088,-0.6474183281992784,-0.38773847462220024,0,0,7,nearest_test_rel_k5_both,-0.2886097581127137,-0.7946391230185263
bag8,tabred_weather__gap_near,source::tabred_weather,M17_test_directed_augmentation,12,12,0,-0.4822077823282622,-0.6960544241263665,-0.783905032684311,-0.3531326809290716,0,0,12,tdda_v2_k5_lam07_pfl_dw_cumshift,-0.2607156747063004,-1.6838756584106525
bag8,tabred_weather__gap_near,source::tabred_weather,M18_leaf_density,8,8,0,0.0224072583072511,-0.11978705369349454,-0.19013974182124282,0.059696829361400076,5,0,3,leaf_density_embed_k10,0.0944397733763377,-0.6349951095922866
bag8,tabred_weather__gap_near,source::tabred_weather,M19_neighborhood_consensus,6,6,0,-2.731702564083931,-2.8164307111163094,-2.997504447545083,-2.699044491494931,0,0,6,neighbor_consensus_k10_uniform,-2.5725009039346136,-3.088414691931316
bag8,tabred_weather__gap_near,source::tabred_weather,M1_frequency_encoding,6,6,4,0.0,-0.0015905205857761,-0.00393105380183055,0.00035238248383432497,2,2,2,joint_freq_combined__sel_combined_union,0.0004698433117791,-0.0052414050691074
bag8,tabred_weather__gap_near,source::tabred_weather,M20_cluster_membership,8,8,0,-0.40246620377691567,-0.6738783944639802,-0.777153023966056,-0.286077185105105,1,0,7,cluster_membership_k10_feature,0.0317344711010712,-2.3932012394500988
bag8,tabred_weather__gap_near,source::tabred_weather,M2_frequency_ratio,7,7,2,0.0,-0.0006816516796183285,0.0,0.0,1,5,1,freq_ratio_log__sel_combined_union,0.0004698433117791,-0.0052414050691074
bag8,tabred_weather__gap_near,source::tabred_weather,M3_joint_pca,4,4,0,-0.40185421138480615,-0.49100201474203176,-0.6313742219084475,-0.26148200421839035,0,0,4,joint_pca_5,-0.1506110997203702,-1.0096885364781445
bag8,tabred_weather__gap_near,source::tabred_weather,M3b_joint_tsne,3,3,0,0.3197582307832273,0.36412150132032495,0.27683635121940636,0.4292250161526947,3,0,0,joint_tsne_2d_p50,0.5386918015221621,0.2339144716555854
bag8,tabred_weather__gap_near,source::tabred_weather,M4_target_encoding,12,12,2,0.0,-0.000397630146444025,0.0,0.0,1,10,1,target_enc_ratio__sel_combined_union,0.0004698433117791,-0.0052414050691074
bag8,tabred_weather__gap_near,source::tabred_weather,M5_joint_scaling,1,1,0,0.0834512096009197,0.0834512096009197,0.0834512096009197,0.0834512096009197,1,0,0,joint_scaling,0.0834512096009197,0.0834512096009197
bag8,tabred_weather__gap_near,source::tabred_weather,M6_adversarial_validation,16,16,0,0.0,-97.60969687242094,-0.1560339887145518,0.000801761945359625,4,5,7,adversarial_reweight_lgbm_ratio_winsorize,0.085802410387243,-1560.5847482904403
bag8,tabred_weather__gap_near,source::tabred_weather,M8_label_propagation,11,11,0,-9.778947388817189,-10.799126730088522,-12.430870013549306,-9.248216041594041,0,0,11,label_prop_v3_adaptive,-5.435726918638732,-18.09679140055145
bag8,tabred_weather__gap_near,source::tabred_weather,M9_optimal_transport,9,9,0,-0.7710172662077044,-4.648931442648532,-9.89702857747518,-0.3503970332972979,0,0,9,ot_disp_v2_selective_top10,-0.1700589724440891,-10.864182597517011
bag8,taiwanese_bankruptcy_prediction,source::taiwanese_bankruptcy_prediction,M14_groupby_aggregation,9,9,2,0.0,-0.2099319943693851,0.0,0.0,0,7,2,joint_groupby_combined,0.0,-1.820714379498661
bag8,taiwanese_bankruptcy_prediction,source::taiwanese_bankruptcy_prediction,M14b_groupby_shift_features,6,6,2,0.0,-0.31489799155407766,-0.0515051773693536,0.0,0,4,2,groupby_shift_cohen_d,0.0,-1.820714379498661
bag8,taiwanese_bankruptcy_prediction,source::taiwanese_bankruptcy_prediction,M16_nearest_test_distance,7,7,0,-2.3522135970931464,-4.085290464678194,-5.726212333084192,-1.8441909944995203,0,0,7,nearest_test_rel_k5_both,-0.610441872297779,-10.493571128189007
bag8,taiwanese_bankruptcy_prediction,source::taiwanese_bankruptcy_prediction,M17_test_directed_augmentation,12,12,0,2.330307196374135,1.4184814757028275,0.03323454620500438,3.4293951799401254,9,0,3,tdda_k10_lam07_aug1,4.884183048931149,-5.301154991810002
bag8,taiwanese_bankruptcy_prediction,source::taiwanese_bankruptcy_prediction,M18_leaf_density,8,8,0,-4.868195659298403,-4.665545605047696,-8.83746578005941,-1.193877978419943,1,0,7,leaf_density_embed_k5,2.940385027811369,-10.961320954855925
bag8,taiwanese_bankruptcy_prediction,source::taiwanese_bankruptcy_prediction,M19_neighborhood_consensus,6,6,0,-4.503105734441734,-4.236505815716121,-8.049767279821387,0.04735550063968541,2,0,4,neighbor_consensus_k10_dist_cumshift,1.6508298283984175,-10.395841371197228
bag8,taiwanese_bankruptcy_prediction,source::taiwanese_bankruptcy_prediction,M1_frequency_encoding,6,6,4,-0.0686735698258048,-0.6297959831081553,-1.3827041770804471,-0.0171683924564512,0,2,4,joint_freq_combined,0.0,-1.820714379498661
bag8,taiwanese_bankruptcy_prediction,source::taiwanese_bankruptcy_prediction,M20_cluster_membership,8,8,0,-0.37880721194924544,-0.5406981430567435,-1.3277708202421052,0.2710107325033214,3,0,5,cluster_membership_k15_both,1.7684343607611943,-3.327847972162729
bag8,taiwanese_bankruptcy_prediction,source::taiwanese_bankruptcy_prediction,M2_frequency_ratio,7,7,2,0.0,-0.2699125641892094,-0.0343367849129024,0.0,0,5,2,freq_ratio_log,0.0,-1.820714379498661
bag8,taiwanese_bankruptcy_prediction,source::taiwanese_bankruptcy_prediction,M3_joint_pca,4,4,0,-4.0874921757652745,-3.7288962849363942,-4.803112685636952,-3.013275775064716,0,0,4,joint_pca_5,-0.6706822644904367,-6.069918523724593
bag8,taiwanese_bankruptcy_prediction,source::taiwanese_bankruptcy_prediction,M3b_joint_tsne,3,3,0,-2.594964343389789,-1.858709364363625,-2.798223949094187,-1.2873222691461454,1,0,2,joint_tsne_2d_p30,0.0203198050974985,-3.0014835547985848
bag8,taiwanese_bankruptcy_prediction,source::taiwanese_bankruptcy_prediction,M4_target_encoding,12,12,2,0.0,-0.15744899577703883,0.0,0.0,0,10,2,target_enc_absolute,0.0,-1.820714379498661
bag8,taiwanese_bankruptcy_prediction,source::taiwanese_bankruptcy_prediction,M5_joint_scaling,1,1,0,1.8106038803576228,1.8106038803576228,1.8106038803576228,1.8106038803576228,1,0,0,joint_scaling,1.8106038803576228,1.8106038803576228
bag8,taiwanese_bankruptcy_prediction,source::taiwanese_bankruptcy_prediction,M6_adversarial_validation,16,16,0,-0.03662813730289145,-0.7303577922673856,-1.9446973686523679,0.6067927243161808,8,0,8,adversarial_lgbm_feature,1.12170265276598,-4.919336606254464
bag8,taiwanese_bankruptcy_prediction,source::taiwanese_bankruptcy_prediction,M7_pseudo_labeling,9,9,0,-3.3800285854980583,-2.865365953426968,-4.065419377744959,-2.128864742177655,1,0,8,pseudo_label_v2_cal_iso_wprop_conf90,1.2415394369962434,-5.19629514189479
bag8,taiwanese_bankruptcy_prediction,source::taiwanese_bankruptcy_prediction,M8_label_propagation,11,11,0,-5.872156104615717,-5.131576353299035,-6.410525269080754,-3.2007857699765174,0,0,11,label_prop_k15_a05,-1.685059885190543,-8.65912455677312
bag8,taiwanese_bankruptcy_prediction,source::taiwanese_bankruptcy_prediction,M9_optimal_transport,9,9,0,-2.4946121753092494,-7.209203395645953,-7.1022177891997735,-0.475816549137368,2,0,7,ot_disp_v2_selective,0.4153001283746779,-24.29330959500933
bag8,tschalzev_mbgm,source::tschalzev_mbgm,M14_groupby_aggregation,9,9,2,-0.0416195504313597,0.01259145887962128,-0.0416195504313597,0.0281487798668241,3,0,6,joint_groupby_combined__sel_combined_union,0.24022464002914,-0.0508392881165552
bag8,tschalzev_mbgm,source::tschalzev_mbgm,M14b_groupby_shift_features,6,6,2,-0.11744061899676535,-0.044020105973006075,-0.21328869526649985,0.15759534733095978,2,0,4,groupby_shift_ratio_log,0.271120648783189,-0.3043959953781516
bag8,tschalzev_mbgm,source::tschalzev_mbgm,M16_nearest_test_distance,7,7,0,-2.447302270883467,-2.106920790524297,-3.006916856683117,-1.2918832810057383,0,0,7,nearest_test_rel_k10_both,-0.2465129733413684,-3.4570300140675343
bag8,tschalzev_mbgm,source::tschalzev_mbgm,M17_test_directed_augmentation,12,12,0,-18.93182615469827,-18.864506359491937,-19.00178013072396,-18.736458114933672,0,0,12,tdda_v2_k5_lam07_nopfl_dw,-18.55486338455848,-19.09743767238519
bag8,tschalzev_mbgm,source::tschalzev_mbgm,M18_leaf_density,8,8,0,-0.09540438744562105,-0.024543688016326615,-0.2862301024577249,0.26244645816029827,4,0,4,leaf_density_conf_deep,0.3233840705767541,-0.309816692910496
bag8,tschalzev_mbgm,source::tschalzev_mbgm,M19_neighborhood_consensus,6,6,0,-0.6915504096564105,-0.7239917971251063,-0.8533789962458325,-0.4094108335013706,0,0,6,neighbor_consensus_k5_dist,-0.308984087258636,-1.4291797096205172
bag8,tschalzev_mbgm,source::tschalzev_mbgm,M1_frequency_encoding,6,6,4,0.23732113724651416,0.23668507560057464,0.22510674011829,0.2478063474453831,6,0,0,joint_freq_combined__sel_combined_intersection,0.2486011427146931,0.2245303444751716
bag8,tschalzev_mbgm,source::tschalzev_mbgm,M20_cluster_membership,8,8,0,0.14918230106460514,0.15143066191210036,0.06444589375495673,0.20206827532634192,8,0,0,cluster_membership_k15_both,0.3520965590593767,0.0135561805828442
bag8,tschalzev_mbgm,source::tschalzev_mbgm,M2_frequency_ratio,7,7,2,-0.1986450414916588,-0.1552200285407399,-0.27465455104283,-0.07332951594630839,1,0,6,freq_ratio_v2_both_gated,0.0835900588101951,-0.2755170831254387
bag8,tschalzev_mbgm,source::tschalzev_mbgm,M3_joint_pca,4,4,0,-0.7766755233642546,-0.7724623915186459,-1.1413238979636562,-0.40781401691924424,0,0,4,joint_pca_5,-0.3410631918192666,-1.195435327526808
bag8,tschalzev_mbgm,source::tschalzev_mbgm,M3b_joint_tsne,3,3,0,0.0399002786027071,0.011556193684146737,-0.0294132473506584,0.06669767717823205,2,0,1,joint_tsne_2d_p50,0.093495075753757,-0.0987267733040239
bag8,tschalzev_mbgm,source::tschalzev_mbgm,M4_target_encoding,12,12,2,-0.06528962261172995,-0.29450226345960745,-0.7783086186644071,0.07731398549637145,4,0,8,target_enc_oof_diff,0.1679378733984919,-0.7800905598636756
bag8,tschalzev_mbgm,source::tschalzev_mbgm,M5_joint_scaling,1,1,0,0.0,0.0,0.0,0.0,0,1,0,joint_scaling,0.0,0.0
bag8,tschalzev_mbgm,source::tschalzev_mbgm,M6_adversarial_validation,16,16,0,-0.6497718618869457,-0.5145122076914801,-0.8110186185108703,-0.14644232039576993,4,0,12,adversarial_lgbm_cal_platt_feature,0.2234343894259007,-1.1888288120319417
bag8,tschalzev_mbgm,source::tschalzev_mbgm,M8_label_propagation,11,11,0,-0.1294374205027908,-0.24550144943950683,-0.3629094549121591,-0.10925123341627375,1,0,10,label_prop_weighted_adaptive_a05,0.1686546258553581,-0.7650174032974902
bag8,tschalzev_mbgm,source::tschalzev_mbgm,M9_optimal_transport,9,9,0,0.0,0.1759143071443097,0.0,0.4214952986784188,4,3,2,ot_disp_v2_selective,0.4214952986784188,-0.0925259644948999
bag8,tschalzev_ogpcc,source::tschalzev_ogpcc,M14_groupby_aggregation,9,9,2,-0.1115097506255688,-3.2013405467037424,-5.495266180528977,-0.05797035894222,2,0,7,joint_groupby_combined__sel_combined_intersection,0.313284633780011,-9.962849223846368
bag8,tschalzev_ogpcc,source::tschalzev_ogpcc,M14b_groupby_shift_features,6,6,2,-8.035822003680693,-6.358732159280767,-8.36422560459126,-6.010600392411636,1,0,5,groupby_shift_cohen_d__sel_combined_intersection,0.3139619518274561,-8.585490906600608
bag8,tschalzev_ogpcc,source::tschalzev_ogpcc,M16_nearest_test_distance,7,7,0,-4.530409982107842,-4.857946762009833,-7.098241014639592,-3.9962389796429933,1,0,6,nearest_test_k10_filter_both,0.1881499898809501,-7.474407353276772
bag8,tschalzev_ogpcc,source::tschalzev_ogpcc,M17_test_directed_augmentation,12,12,0,2.48888844158384,1.1562408972765905,1.3528972193052935,2.854278556241435,11,0,1,tdda_k5_lam06_aug1,5.953590793524521,-13.507208816046225
bag8,tschalzev_ogpcc,source::tschalzev_ogpcc,M18_leaf_density,7,7,0,-2.2708367455609086,-3.349519731644324,-4.404956085978992,-2.216315213452381,0,0,7,leaf_density_conf_shallow,-1.8025081927623468,-6.130750584324271
bag8,tschalzev_ogpcc,source::tschalzev_ogpcc,M19_neighborhood_consensus,6,6,0,-9.987676414299923,-10.087226704364912,-10.382961463047693,-9.79610488061995,0,0,6,neighbor_consensus_k10_uniform,-9.716732381549884,-10.584304167349506
bag8,tschalzev_ogpcc,source::tschalzev_ogpcc,M1_frequency_encoding,6,6,4,0.0018636762714592,0.10514792650796882,0.0004659190678648,0.23542939440287303,4,1,1,joint_freq_separate__sel_combined_intersection,0.3139619518274561,-8.637910257270358e-05
bag8,tschalzev_ogpcc,source::tschalzev_ogpcc,M20_cluster_membership,8,8,0,-1.4756217011716453,-1.2785387480537453,-1.64481958529639,-1.2849185312320281,1,0,7,cluster_membership_k10_weight,0.2841408346578937,-1.937967701610246
bag8,tschalzev_ogpcc,source::tschalzev_ogpcc,M2_frequency_ratio,7,7,2,0.0,0.04510560699947752,0.0,0.0009318381357296,2,4,1,freq_ratio_log__sel_combined_intersection,0.3139619518274561,-8.637910257270358e-05
bag8,tschalzev_ogpcc,source::tschalzev_ogpcc,M3_joint_pca,4,4,0,-2.9880935881235255,-2.9151678935493415,-4.26777909048716,-1.6354823911857066,0,0,4,joint_pca_10,-1.2427642485242292,-4.441720149426087
bag8,tschalzev_ogpcc,source::tschalzev_ogpcc,M3b_joint_tsne,3,3,0,1.680886504006036,1.7771867620378234,1.674768173010872,1.8314552220488811,3,0,0,joint_tsne_2d_p50,1.9820239400917263,1.6686498420157083
bag8,tschalzev_ogpcc,source::tschalzev_ogpcc,M4_target_encoding,12,12,2,0.0,0.02623356613676495,-8.637910257270358e-05,0.0,2,6,4,target_enc_ratio__sel_combined_intersection,0.313284633780011,-8.637910257270358e-05
bag8,tschalzev_ogpcc,source::tschalzev_ogpcc,M5_joint_scaling,1,1,0,-0.1128224992349152,-0.1128224992349152,-0.1128224992349152,-0.1128224992349152,0,0,1,joint_scaling,-0.1128224992349152,-0.1128224992349152
bag8,tschalzev_ogpcc,source::tschalzev_ogpcc,M6_adversarial_validation,16,16,0,0.05888391143605581,-0.5887287842049294,-1.616710025092579,0.3925006536174488,8,0,8,adversarial_reweight_lgbm_cal_iso_ratio_hard,0.8421141013639704,-2.5790375569529167
bag8,tschalzev_ogpcc,source::tschalzev_ogpcc,M7_pseudo_labeling,9,9,0,-1.8424531340760104,-2.0624169120829694,-2.392969163630738,-1.585770902062705,0,0,9,pseudo_label_v2_cal_iso_wfixed_conf90,-1.4584229442451064,-3.286294362074593
bag8,tschalzev_ogpcc,source::tschalzev_ogpcc,M8_label_propagation,11,11,0,-0.3244877043869952,0.3765637094197393,-0.6947488282789275,1.1734575604843547,5,0,6,label_prop_k10_a05,3.126777531783317,-1.272908865711078
bag8,tschalzev_ogpcc,source::tschalzev_ogpcc,M9_optimal_transport,9,9,0,-0.101179675717617,-0.22554773340814124,-0.1016911136249382,-0.1009328667906481,0,0,9,ot_disp_v2_selective_and_summary,-0.1008962449681855,-0.8233817783110232
bag8,tschalzev_sctp,source::tschalzev_sctp,M14_groupby_aggregation,9,9,2,0.0,0.0,0.0,0.0,0,9,0,joint_groupby_combined,0.0,0.0
bag8,tschalzev_sctp,source::tschalzev_sctp,M14b_groupby_shift_features,6,6,2,0.0,0.0,0.0,0.0,0,6,0,groupby_shift_cohen_d,0.0,0.0
bag8,tschalzev_sctp,source::tschalzev_sctp,M16_nearest_test_distance,7,7,0,-1.3950739353042214,-1.4966852816160447,-2.482372425867082,-0.8000372429288085,1,0,6,nearest_test_k10_filter_both,0.0569398468158892,-2.5738435452322
bag8,tschalzev_sctp,source::tschalzev_sctp,M17_test_directed_augmentation,12,12,0,-13.489905798149211,-14.663374057180166,-27.068890900056736,-2.103552904363091,0,0,12,tdda_v2_k5_lam07_nopfl_dw,-1.4882865003395305,-33.17262590800208
bag8,tschalzev_sctp,source::tschalzev_sctp,M18_leaf_density,4,4,0,-1.619478696347535,-1.6392866130812578,-1.8323034192324117,-1.4264618901963813,0,0,4,leaf_density_conf_shallow,-1.2560838777585035,-2.062105181871458
bag8,tschalzev_sctp,source::tschalzev_sctp,M19_neighborhood_consensus,6,6,0,-8.699570265803548,-8.669774936153638,-8.841049982220442,-8.43312578940616,0,0,6,neighbor_consensus_k10_dist_cumshift,-8.35377901274804,-9.033209220933594
bag8,tschalzev_sctp,source::tschalzev_sctp,M1_frequency_encoding,6,6,4,0.0,0.0,0.0,0.0,0,6,0,joint_freq_combined,0.0,0.0
bag8,tschalzev_sctp,source::tschalzev_sctp,M20_cluster_membership,8,8,0,-5.582379227207324,-5.29368774126184,-5.752125780591926,-4.673166989478352,0,0,8,cluster_membership_k10_weight,-3.980655383458151,-6.270993546883308
bag8,tschalzev_sctp,source::tschalzev_sctp,M2_frequency_ratio,7,7,2,0.0,0.0,0.0,0.0,0,7,0,freq_ratio_log,0.0,0.0
bag8,tschalzev_sctp,source::tschalzev_sctp,M3_joint_pca,4,4,0,-3.624561810172151,-3.664244242836574,-4.214790204965095,-3.0740158480436297,0,0,4,joint_pca_5,-2.8774076185271884,-4.5304457324748055
bag8,tschalzev_sctp,source::tschalzev_sctp,M3b_joint_tsne,3,3,0,-1.336048958072884,-1.7168933144228873,-2.564223661218036,-0.6791407894527369,0,0,3,joint_tsne_3d_p30,-0.0222326208325898,-3.792398364363188
bag8,tschalzev_sctp,source::tschalzev_sctp,M4_target_encoding,12,12,2,0.0,0.0,0.0,0.0,0,12,0,target_enc_absolute,0.0,0.0
bag8,tschalzev_sctp,source::tschalzev_sctp,M5_joint_scaling,1,1,0,-0.2154294914794937,-0.2154294914794937,-0.2154294914794937,-0.2154294914794937,0,0,1,joint_scaling,-0.2154294914794937,-0.2154294914794937
bag8,tschalzev_sctp,source::tschalzev_sctp,M6_adversarial_validation,16,16,0,-0.2970965512733873,-0.21337766066265956,-0.33689244923645145,-0.030041993342652326,4,0,12,adversarial_reweight_lgbm_cal_iso_ratio_winsorize,0.0761993479395832,-0.425662601166558
bag8,tschalzev_sctp,source::tschalzev_sctp,M7_pseudo_labeling,9,9,0,-0.6219279681503266,-0.6346697009444333,-0.6336198271828702,-0.4141286068974653,0,0,9,pseudo_label_v2_cal_iso_wfixed_conf90,-0.1604793984511892,-1.349714126646822
bag8,tschalzev_sctp,source::tschalzev_sctp,M8_label_propagation,11,11,0,-1.8113370053553897,-2.78245734515031,-4.608276349635272,-1.3215730881624252,0,0,11,label_prop_k10_a05,-0.673023529874637,-5.491717164754244
bag8,tschalzev_sctp,source::tschalzev_sctp,M9_optimal_transport,9,9,0,-0.1928811411201076,-0.5228115533093513,-0.3526337038901578,0.0754001575752267,4,0,5,ot_disp_v2_selective_and_summary_top10,0.1846984842219777,-2.3193787021754826
bag8,website_phishing,source::website_phishing,M14_groupby_aggregation,9,9,2,0.0,0.016946697765510322,0.0,0.0,2,7,0,joint_groupby_combined__sel_combined_intersection,0.1223156502280234,0.0
bag8,website_phishing,source::website_phishing,M14b_groupby_shift_features,6,6,2,0.0,0.025420046648265485,0.0,0.022653472246177125,2,4,0,groupby_shift_cohen_d__sel_combined_intersection,0.1223156502280234,0.0
bag8,website_phishing,source::website_phishing,M16_nearest_test_distance,7,7,0,-36.65345563672748,-39.002397192888395,-47.10175862068249,-30.36531695220108,0,0,7,nearest_test_k10_cumshift_both,-29.61776693171516,-51.81140663600902
bag8,website_phishing,source::website_phishing,M17_test_directed_augmentation,12,12,0,-17.877250957648933,-18.628679822395668,-18.478503810546787,-17.877250957648933,0,0,12,tdda_v2_k5_lam07_pfl_dw_cumshift,-15.559854353580056,-26.80678252708723
bag8,website_phishing,source::website_phishing,M18_leaf_density,8,8,0,-26.53205299733523,-26.85360494614937,-31.95381074803165,-22.321561520197868,0,0,8,leaf_density_embed_k5,-7.230008643657858,-44.09418432063197
bag8,website_phishing,source::website_phishing,M19_neighborhood_consensus,6,6,0,-69.54988535309775,-75.38222366977087,-85.91261458055808,-65.99509242533685,0,0,6,neighbor_consensus_k20_dist,-59.49707754614767,-97.51947466048726
bag8,website_phishing,source::website_phishing,M1_frequency_encoding,6,6,4,-0.9166970460347968,-0.997774856612824,-1.0821123375459247,-0.8645771911777573,0,0,6,joint_freq_combined__sel_combined_intersection,-0.7839491786224654,-1.38485119470984
bag8,website_phishing,source::website_phishing,M20_cluster_membership,8,8,0,-17.3954218429215,-18.071413365120662,-23.829936767911484,-11.77668351918108,0,0,8,cluster_membership_k10_weight,-7.181442756308307,-29.713206718466544
bag8,website_phishing,source::website_phishing,M2_frequency_ratio,7,7,2,-1.0078071046577337,-1.1275797810198473,-1.552972570846757,-0.9123322639847835,1,0,6,freq_ratio_v2_diff_gated,0.2021341666948571,-2.1567758595129747
bag8,website_phishing,source::website_phishing,M3_joint_pca,4,4,0,0.0,0.0,0.0,0.0,0,4,0,joint_pca_10,0.0,0.0
bag8,website_phishing,source::website_phishing,M3b_joint_tsne,3,3,0,-33.07101132229619,-34.815268617319624,-37.36524233673535,-31.393166250392184,0,0,3,joint_tsne_2d_p30,-29.71532117848818,-41.65947335117451
bag8,website_phishing,source::website_phishing,M4_target_encoding,12,12,2,-1.1486006736189514,-9.706445284385088,-22.341030408318183,-0.0023240491379,0,0,12,target_enc_absolute,-0.0023240491379,-23.92838672319982
bag8,website_phishing,source::website_phishing,M5_joint_scaling,1,1,0,0.0,0.0,0.0,0.0,0,1,0,joint_scaling,0.0,0.0
bag8,website_phishing,source::website_phishing,M6_adversarial_validation,16,16,0,-4.731543203734689,-9.26030572881643,-13.857697901763457,-1.174417007876365,1,0,15,adversarial_reweight_lgbm_cal_iso_ratio_hard,1.0917973988377574,-27.291398521966272
bag8,website_phishing,source::website_phishing,M7_pseudo_labeling,9,9,0,-2.2622250465724325,-3.3466205669921685,-4.474860317297672,-1.9082046551846648,0,0,9,pseudo_label_v2_cal_iso_wfixed_conf90,-1.1675395930342176,-6.971762963591411
bag8,website_phishing,source::website_phishing,M8_label_propagation,11,11,0,-54.10147489272338,-48.45725872955343,-61.589509633795885,-34.24676790997315,0,0,11,label_prop_k15_a08,-23.108346447564,-66.34821850558468
bag8,website_phishing,source::website_phishing,M9_optimal_transport,9,9,0,0.0,0.8823589409217246,0.0,1.9853076170738804,4,5,0,ot_disp_v2_selective,1.9853076170738804,0.0
bag8,wine_quality,source::wine_quality,M14_groupby_aggregation,9,9,2,-3.170289205625062,-5.183487475302414,-9.827763830785932,0.0,0,3,6,joint_groupby_combined,0.0,-16.414246260206145
bag8,wine_quality,source::wine_quality,M14b_groupby_shift_features,6,6,2,0.0,-0.3140872029925242,-0.2800355670968952,0.0,0,4,2,groupby_shift_cohen_d,0.0,-1.5111424618259517
bag8,wine_quality,source::wine_quality,M16_nearest_test_distance,7,7,0,0.3546711415288308,-1.859004067697714,-4.516899121993026,0.9136500872507456,4,0,3,nearest_test_k10_cumshift_both,5.12593463154183,-11.2871361774701
bag8,wine_quality,source::wine_quality,M17_test_directed_augmentation,12,12,0,-12.511805559188947,-10.104325667398905,-15.999559682439205,-2.1329607570713494,0,0,12,tdda_k10_lam07_aug1,-0.679017447936549,-18.053530118951063
bag8,wine_quality,source::wine_quality,M18_leaf_density,8,8,0,-1.6317231017681082,-5.096929671562744,-9.867534481117143,-0.49626499426738757,2,0,6,leaf_density_embed_k20,0.217146441602818,-16.982014182363006
bag8,wine_quality,source::wine_quality,M19_neighborhood_consensus,6,6,0,-15.738120733169758,-14.411957444433911,-19.035218142144306,-11.09326338653885,0,0,6,neighbor_consensus_k20_dist,-5.533152600182626,-19.783122383950303
bag8,wine_quality,source::wine_quality,M1_frequency_encoding,6,6,4,-0.3733807561291936,-3.0332381405090008,-6.638095438080654,-0.0933451890322984,0,2,4,joint_freq_combined,0.0,-8.726333665397808
bag8,wine_quality,source::wine_quality,M20_cluster_membership,8,8,0,-1.00888205077392,-1.2349305647485551,-1.8193228628879115,0.5948721276130424,3,0,5,cluster_membership_k5_both,2.2384269685204123,-7.698491419338922
bag8,wine_quality,source::wine_quality,M2_frequency_ratio,7,7,2,0.0,-1.299959203075286,-0.1866903780645968,0.0,0,5,2,freq_ratio_log,0.0,-8.726333665397808
bag8,wine_quality,source::wine_quality,M3_joint_pca,4,4,0,-18.642124760638893,-16.44739607680265,-22.905647729252234,-12.183873108189312,0,0,4,joint_pca_5,-5.402237875259256,-23.103096910673564
bag8,wine_quality,source::wine_quality,M3b_joint_tsne,3,3,0,2.1257760862519257,3.443169603949002,2.0610279871485506,4.166614461900917,3,0,0,joint_tsne_2d_p50,6.207452837549907,1.9962798880451755
bag8,wine_quality,source::wine_quality,M4_target_encoding,12,12,2,-0.46619500555818316,-0.9912300580385721,-0.5590092549871728,0.0,0,5,7,target_enc_absolute,0.0,-8.726333665397808
bag8,wine_quality,source::wine_quality,M5_joint_scaling,1,1,0,0.5105435057618266,0.5105435057618266,0.5105435057618266,0.5105435057618266,1,0,0,joint_scaling,0.5105435057618266,0.5105435057618266
bag8,wine_quality,source::wine_quality,M6_adversarial_validation,16,16,0,-0.6008182085763406,-2.0431322910262133,-8.626500336118754,4.5779683268933855,7,0,9,adversarial_reweight_lgbm_ratio_winsorize_tempered,6.878205037369422,-15.08506555882506
bag8,wine_quality,source::wine_quality,M7_pseudo_labeling,9,9,0,-4.113669384342932,-5.370164362511432,-10.908674614121493,-2.604489314966084,1,1,7,pseudo_label_v2_cal_iso_wprop_conf85,1.521055963760935,-12.348847565948295
bag8,wine_quality,source::wine_quality,M8_label_propagation,11,11,0,-8.841285301403806,-5.770981239747833,-14.442476299493375,2.126823923021649,5,0,6,label_prop_v3_t005_k15,6.760235863052837,-18.41510533948231
bag8,wine_quality,source::wine_quality,M9_optimal_transport,9,9,0,-9.966706179495349,-11.550135767142853,-12.674878875216033,-5.801731517230839,0,0,9,ot_disp_v2_selective,-5.452491424901839,-23.91135627287428
tabicl,Amazon_employee_access,source::Amazon_employee_access,M14_groupby_aggregation,9,9,2,5.060450259821418e-05,0.03506485588290578,0.0,0.0001012090052329,5,2,2,joint_groupby_combined__sel_combined_intersection,0.2133979158271414,-5.060450263475464e-05
tabicl,Amazon_employee_access,source::Amazon_employee_access,M14b_groupby_shift_features,6,6,2,2.530225129910709e-05,0.05260572624523974,0.0,0.07669007615117965,3,2,1,groupby_shift_cohen_d__sel_combined_intersection,0.2134315271058276,-8.434083769414068e-05
tabicl,Amazon_employee_access,source::Amazon_employee_access,M16_nearest_test_distance,7,7,0,-11.49802016182971,-10.259119410653375,-12.326786272558511,-7.827260011762993,0,0,7,nearest_test_rel_k5_both,-4.916767603626869,-15.09095554047405
tabicl,Amazon_employee_access,source::Amazon_employee_access,M17_test_directed_augmentation,12,12,0,-2.604702635962221,-3.3349228469930927,-2.604879751721369,-2.6045635673723693,0,0,12,tdda_v2_k5_lam06_pfl_dw,-2.60444150451212,-11.3674880975535
tabicl,Amazon_employee_access,source::Amazon_employee_access,M18_leaf_density,8,8,0,1.5463279946635642,1.2663876864653707,-0.7613153022942671,3.4828396013481693,4,0,4,leaf_density_conf_cumshift,4.15423070386644,-2.443845468470759
tabicl,Amazon_employee_access,source::Amazon_employee_access,M19_neighborhood_consensus,6,6,0,-17.384743043617988,-17.3231499819226,-17.71945510308421,-17.020172604372686,0,0,6,neighbor_consensus_k10_dist_cumshift,-16.343434520884394,-18.096304369218046
tabicl,Amazon_employee_access,source::Amazon_employee_access,M1_frequency_encoding,6,6,4,8.48454612409063,8.510014698517194,8.062249452461614,9.42732847756811,6,0,0,joint_freq_combined,9.611126202852912,6.816796582756457
tabicl,Amazon_employee_access,source::Amazon_employee_access,M20_cluster_membership,8,8,0,3.0054636062371602,3.106355823520494,2.597330008109756,3.577202856378689,8,0,0,cluster_membership_k15_both,4.653879086189411,2.1410930891075663
tabicl,Amazon_employee_access,source::Amazon_employee_access,M2_frequency_ratio,7,7,2,4.3695870028841,2.9170912258942496,9.271239324040172e-05,4.777860606657091,6,1,0,freq_ratio_log,6.494144940274987,0.0
tabicl,Amazon_employee_access,source::Amazon_employee_access,M3_joint_pca,4,4,0,-2.530225131737732e-05,-2.5302251303674643e-05,-5.9038586399601145e-05,8.434083778549184e-06,1,1,2,joint_pca_var95,3.373633511419674e-05,-8.434083769414068e-05
tabicl,Amazon_employee_access,source::Amazon_employee_access,M3b_joint_tsne,3,3,0,2.106778858212008,2.1671147852172385,1.851455001082973,2.4526066058488896,3,0,0,joint_tsne_2d_p30,2.7984343534857707,1.5961311439539376
tabicl,Amazon_employee_access,source::Amazon_employee_access,M4_target_encoding,12,12,2,-5.782495058189882,-4.117574569603,-11.231388920602555,7.176340875043041,5,0,7,target_enc_oof_diff,7.704652800615563,-21.586976780871485
tabicl,Amazon_employee_access,source::Amazon_employee_access,M5_joint_scaling,1,1,0,8.421578124790345e-05,8.421578124790345e-05,8.421578124790345e-05,8.421578124790345e-05,1,0,0,joint_scaling,8.421578124790345e-05,8.421578124790345e-05
tabicl,Amazon_employee_access,source::Amazon_employee_access,M6_adversarial_validation,7,7,0,1.422063156857205,0.9349758281919435,0.5558801751608569,1.646353922948797,6,0,1,adversarial_lgbm_cal_iso_both_ratio,1.870695293543024,-1.152395849275932
tabicl,Amazon_employee_access,source::Amazon_employee_access,M7_pseudo_labeling,9,9,0,-1.5828093156974046,-1.3613691965785035,-1.5828430520324457,-1.1984824953976114,0,0,9,pseudo_label_lgbm_conf95_iter3,-0.2189564864471525,-2.0671549880229665
tabicl,Amazon_employee_access,source::Amazon_employee_access,M8_label_propagation,11,11,0,-29.89439688263023,-26.20117521138965,-31.270599038265665,-20.353150672347645,0,0,11,label_prop_v3_adaptive,-12.631952904455662,-33.057749957758205
tabicl,Amazon_employee_access,source::Amazon_employee_access,M9_optimal_transport,9,9,0,0.0,-15.805058850753634,-8.434083769414068e-05,3.361127861314881e-05,3,3,3,ot_disp_v2_selective,3.373633511419674e-05,-75.77360214219233
tabicl,Another-Dataset-on-used-Fiat-500,source::Another-Dataset-on-used-Fiat-500,M14_groupby_aggregation,9,9,2,0.1515150432810429,0.19116678872610615,0.1109647279999296,0.3074840158385584,9,0,0,joint_groupby_combined__sel_combined_intersection,0.3561346051435206,0.0642362553102818
tabicl,Another-Dataset-on-used-Fiat-500,source::Another-Dataset-on-used-Fiat-500,M14b_groupby_shift_features,6,6,2,0.24374517922717398,0.2404899983113056,0.23357123175817687,0.2539946684571015,6,0,0,groupby_shift_cohen_d__sel_combined_intersection,0.3561064806214147,0.1117520699898159
tabicl,Another-Dataset-on-used-Fiat-500,source::Another-Dataset-on-used-Fiat-500,M16_nearest_test_distance,7,7,0,-5.592174565509054,-5.44255685695073,-6.32670538389943,-4.598929798746684,0,0,7,nearest_test_k5_both,-3.7004688439406426,-6.953984223913182
tabicl,Another-Dataset-on-used-Fiat-500,source::Another-Dataset-on-used-Fiat-500,M17_test_directed_augmentation,12,12,0,-6.341175668989102,-6.9425071355988415,-6.655086602645348,-6.039803336720885,0,0,12,tdda_k5_lam06_aug1,-4.736373329513685,-13.535988016761571
tabicl,Another-Dataset-on-used-Fiat-500,source::Another-Dataset-on-used-Fiat-500,M18_leaf_density,8,8,0,-1.4304760404527808,-1.4903200130265501,-1.8843601362190312,-1.2729650177626088,0,0,8,leaf_density_embed_k5,-0.3265917350247675,-2.364510026590552
tabicl,Another-Dataset-on-used-Fiat-500,source::Another-Dataset-on-used-Fiat-500,M19_neighborhood_consensus,6,6,0,-4.279798177764424,-4.271231026994249,-4.582952534694699,-4.054175891411893,0,0,6,neighbor_consensus_k5_dist,-3.5797931304212405,-4.825024226382898
tabicl,Another-Dataset-on-used-Fiat-500,source::Another-Dataset-on-used-Fiat-500,M1_frequency_encoding,6,6,4,0.2285681544395727,0.11421245454617678,-0.13421162417474047,0.3459693118360143,4,0,2,joint_freq_combined__sel_combined_intersection,0.3561167378646258,-0.2579431333886939
tabicl,Another-Dataset-on-used-Fiat-500,source::Another-Dataset-on-used-Fiat-500,M20_cluster_membership,8,8,0,-0.6446077441795888,-0.6722640895660945,-0.871394218766585,-0.5178153664190521,0,0,8,cluster_membership_k5_feature,-0.4532166781537673,-0.9003081165140876
tabicl,Another-Dataset-on-used-Fiat-500,source::Another-Dataset-on-used-Fiat-500,M2_frequency_ratio,7,7,2,8.510456045092398e-06,0.14959809272173666,-4.787130169385936e-06,0.38623230860769814,4,1,2,freq_ratio_log,0.4302140397195447,-0.1554909440784906
tabicl,Another-Dataset-on-used-Fiat-500,source::Another-Dataset-on-used-Fiat-500,M3_joint_pca,4,4,0,-1.719540200285778,-1.759589026550128,-1.8106148877601886,-1.6685143390757173,0,0,4,joint_pca_10,-1.515459863179071,-2.083815842449884
tabicl,Another-Dataset-on-used-Fiat-500,source::Another-Dataset-on-used-Fiat-500,M3b_joint_tsne,3,3,0,-2.508876587226067,-2.6203986391008693,-2.72205790575934,-2.4629783465049977,0,0,3,joint_tsne_2d_p30,-2.417080105783928,-2.935239224292612
tabicl,Another-Dataset-on-used-Fiat-500,source::Another-Dataset-on-used-Fiat-500,M4_target_encoding,12,12,2,0.07100339188130649,0.05355207357245312,-0.23254445997201287,0.318914292570432,6,0,6,target_enc_ratio__sel_combined_intersection,0.3561346051435206,-0.2356804805893599
tabicl,Another-Dataset-on-used-Fiat-500,source::Another-Dataset-on-used-Fiat-500,M5_joint_scaling,1,1,0,8.950042965873408e-06,8.950042965873408e-06,8.950042965873408e-06,8.950042965873408e-06,1,0,0,joint_scaling,8.950042965873408e-06,8.950042965873408e-06
tabicl,Another-Dataset-on-used-Fiat-500,source::Another-Dataset-on-used-Fiat-500,M6_adversarial_validation,7,7,0,-0.0981365865105081,-0.06799444543849774,-0.18298299762123316,-0.049075751666848355,1,0,6,adversarial_lgbm_cal_platt_feature,0.3541191065021794,-0.2678261394849925
tabicl,Another-Dataset-on-used-Fiat-500,source::Another-Dataset-on-used-Fiat-500,M8_label_propagation,11,11,0,-1.4985178138587494,-1.6497902236773418,-2.0923160923605146,-0.9648770355646596,0,0,11,label_prop_k15_a08,-0.8981415947450179,-2.957644701175528
tabicl,Another-Dataset-on-used-Fiat-500,source::Another-Dataset-on-used-Fiat-500,M9_optimal_transport,9,9,0,-8.103807119932485,-9.38541897718562,-10.59824220522379,-2.772587526247281,0,0,9,ot_disp_v2_summary_only,-1.7014696411353447,-20.867797798946008
tabicl,Bank_Customer_Churn,source::Bank_Customer_Churn,M14_groupby_aggregation,9,9,2,-1.5547101648307668,-1.616530954105359,-2.287867619892858,-1.1515621098528532,0,0,9,joint_groupby_mean_only,-0.0908722368869903,-2.8435299529988645
tabicl,Bank_Customer_Churn,source::Bank_Customer_Churn,M14b_groupby_shift_features,6,6,2,-0.5303908714661185,-0.8838000885778966,-0.9408553254679357,-0.3999091485283723,0,0,6,groupby_shift_cohen_d,-0.3563907983721779,-2.4515359391452995
tabicl,Bank_Customer_Churn,source::Bank_Customer_Churn,M16_nearest_test_distance,7,7,0,-5.772416741748155,-5.443544566323443,-5.884139622705591,-4.719810335081463,0,0,7,nearest_test_k10_cumshift_both,-4.210294600820776,-6.914200706121064
tabicl,Bank_Customer_Churn,source::Bank_Customer_Churn,M17_test_directed_augmentation,12,12,0,-19.424432016018393,-17.76882948750836,-28.992707875688666,-5.2984228254055745,0,0,12,tdda_k5_lam06_aug1,-3.468959779904212,-30.777632868254425
tabicl,Bank_Customer_Churn,source::Bank_Customer_Churn,M18_leaf_density,8,8,0,-4.06536050615313,-3.7362309743098585,-4.128574353601618,-3.4824419528772186,0,0,8,leaf_density_embed_k10_cumshift,-2.472232941949699,-4.344068289462632
tabicl,Bank_Customer_Churn,source::Bank_Customer_Churn,M19_neighborhood_consensus,6,6,0,-8.712693666665995,-8.93882356230142,-9.370239978743939,-8.41952080943703,0,0,6,neighbor_consensus_k10_dist_cumshift,-7.544682055724861,-10.751653378287724
tabicl,Bank_Customer_Churn,source::Bank_Customer_Churn,M1_frequency_encoding,6,6,4,-0.1485268399351528,-0.31971703683681274,-0.31795341376121006,-0.13363368842266463,0,0,6,joint_freq_combined__sel_combined_union,-0.1260262919019131,-0.9921240062935932
tabicl,Bank_Customer_Churn,source::Bank_Customer_Churn,M20_cluster_membership,8,8,0,-3.8601225735219336,-3.734737755996668,-4.254572251968044,-3.2963924171391916,0,0,8,cluster_membership_k10_weight,-1.5622152258857267,-5.493658964277663
tabicl,Bank_Customer_Churn,source::Bank_Customer_Churn,M2_frequency_ratio,7,7,2,-0.1182550371366233,-0.10306541967697032,-0.17886657183411386,-0.0061216959708018,0,0,7,freq_ratio_v2_both_gated,-0.0032991175890418,-0.2299272474032958
tabicl,Bank_Customer_Churn,source::Bank_Customer_Churn,M3_joint_pca,4,4,0,-4.048154299738746,-3.916856827003713,-4.048392569342409,-3.9166185574000503,0,0,4,joint_pca_5,-3.522671153901823,-4.048447554635537
tabicl,Bank_Customer_Churn,source::Bank_Customer_Churn,M3b_joint_tsne,3,3,0,-5.936399688711924,-6.284520201952035,-6.499090999287446,-5.895889147996568,0,0,3,joint_tsne_2d_p50,-5.855378607281214,-7.06178230986297
tabicl,Bank_Customer_Churn,source::Bank_Customer_Churn,M4_target_encoding,12,12,2,-0.14696709390443505,-3.704480938099952,-8.912052383981894,0.1334686980264776,5,0,7,target_enc_ratio,0.1343666875974182,-9.149084566567344
tabicl,Bank_Customer_Churn,source::Bank_Customer_Churn,M5_joint_scaling,1,1,0,0.0003665410075391,0.0003665410075391,0.0003665410075391,0.0003665410075391,1,0,0,joint_scaling,0.0003665410075391,0.0003665410075391
tabicl,Bank_Customer_Churn,source::Bank_Customer_Churn,M6_adversarial_validation,7,7,0,-0.93567409546599,-1.2868525898231,-1.5065973775041352,-0.8341961654528735,0,0,7,adversarial_lgbm_cal_iso_both_ratio,-0.7324984323344197,-2.658208515047272
tabicl,Bank_Customer_Churn,source::Bank_Customer_Churn,M7_pseudo_labeling,9,9,0,-0.5165509385644507,-0.7008086571217551,-0.88241171625394,-0.3499124055907167,0,0,9,pseudo_label_lgbm_conf95_iter3,-0.1712744731677157,-1.844214602117586
tabicl,Bank_Customer_Churn,source::Bank_Customer_Churn,M8_label_propagation,11,11,0,-3.824872672203107,-3.84241705684083,-4.285852263445008,-3.1803361566191883,0,0,11,label_prop_k15_a08,-2.663312310016787,-5.526205315014527
tabicl,Bank_Customer_Churn,source::Bank_Customer_Churn,M9_optimal_transport,9,9,0,-13.37751355868706,-13.502338201984877,-21.748383960626768,-5.472809645653043,0,0,9,ot_disp_v2_selective_abs,-3.563373994720872,-21.75080331352539
tabicl,E-CommereShippingData,source::E-CommereShippingData,M14_groupby_aggregation,9,9,2,-1.74852062030744,-1.4941039154159212,-1.9842077943984808,-0.7931277893485208,0,0,9,joint_groupby_combined__sel_combined_intersection,-0.1941529441174024,-2.63320118327617
tabicl,E-CommereShippingData,source::E-CommereShippingData,M14b_groupby_shift_features,6,6,2,-0.3668468227779945,-0.35362964508128125,-0.3887487920010845,-0.3424111037026425,0,0,6,groupby_shift_cohen_d__sel_combined_union,-0.0466540793883555,-0.6111148331237032
tabicl,E-CommereShippingData,source::E-CommereShippingData,M16_nearest_test_distance,7,7,0,-0.4831693529938713,-0.28834470833711007,-0.697493511822108,0.4822723046543411,3,0,4,nearest_test_k10_both,0.5726078872811915,-1.6774090783115567
tabicl,E-CommereShippingData,source::E-CommereShippingData,M17_test_directed_augmentation,12,12,0,-3.7456509849848425,-4.171354919017646,-5.483707221051587,-3.001824046907585,0,0,12,tdda_k5_lam06_aug1,-2.572742926670904,-5.7049073031646405
tabicl,E-CommereShippingData,source::E-CommereShippingData,M18_leaf_density,8,8,0,-0.6283342430936718,-0.6601590245632067,-1.2297153838899995,-0.176230016514836,1,0,7,leaf_density_conf_shallow,0.456831418490397,-1.6328857181503096
tabicl,E-CommereShippingData,source::E-CommereShippingData,M19_neighborhood_consensus,6,6,0,-4.031719970377263,-3.830596608057251,-4.129624299785648,-3.518927761839957,0,0,6,neighbor_consensus_k5_dist,-3.111920261650796,-4.297963344022221
tabicl,E-CommereShippingData,source::E-CommereShippingData,M1_frequency_encoding,6,6,4,-0.4803109738211231,-0.35953798796469144,-0.5929551803884792,-0.24331780292156774,1,0,5,joint_freq_separate,0.4805939300534141,-0.8823765816666695
tabicl,E-CommereShippingData,source::E-CommereShippingData,M20_cluster_membership,8,8,0,-0.9956069075014529,-0.913659927456921,-1.166083882970449,-0.8399023791614221,1,0,7,cluster_membership_k10_weight,0.1408270449136847,-1.4171320977839654
tabicl,E-CommereShippingData,source::E-CommereShippingData,M2_frequency_ratio,7,7,2,0.0003039729656044,0.042665390832868536,0.0002634397143397,0.10795013527137876,6,0,1,freq_ratio_log__sel_combined_intersection,0.1701643255095933,-0.0882377126165548
tabicl,E-CommereShippingData,source::E-CommereShippingData,M3_joint_pca,4,4,0,0.0190023535796546,0.018992203837380622,-0.3621898659540975,0.4001844233711327,2,0,2,joint_pca_5,0.4002299296154226,-0.3622658214252093
tabicl,E-CommereShippingData,source::E-CommereShippingData,M3b_joint_tsne,3,3,0,-1.351035765539611,-1.4058741077588273,-1.585756422186944,-1.1985726222211026,0,0,3,joint_tsne_2d_p30,-1.046109478902594,-1.8204770788342768
tabicl,E-CommereShippingData,source::E-CommereShippingData,M4_target_encoding,12,12,2,-0.10031874871410346,-0.30397168402323665,-0.8438048223247295,0.13630320508451216,6,0,6,target_enc_ratio__sel_combined_intersection,0.2310644926964748,-0.8465807380500716
tabicl,E-CommereShippingData,source::E-CommereShippingData,M5_joint_scaling,1,1,0,0.0001215188320392,0.0001215188320392,0.0001215188320392,0.0001215188320392,1,0,0,joint_scaling,0.0001215188320392,0.0001215188320392
tabicl,E-CommereShippingData,source::E-CommereShippingData,M6_adversarial_validation,7,7,0,0.2307858578667138,0.11338459968099705,0.12886860659405386,0.44522032062079786,6,0,1,adversarial_lgbm_cal_iso_feature,0.659735875399066,-1.245007389928504
tabicl,E-CommereShippingData,source::E-CommereShippingData,M7_pseudo_labeling,9,9,0,-0.5964266899831862,-0.6584523170490306,-0.7566023680696147,-0.5921985313649969,0,0,9,pseudo_label_v2_cal_platt_wprop_conf90,-0.1106218002250505,-1.2311871713329725
tabicl,E-CommereShippingData,source::E-CommereShippingData,M8_label_propagation,11,11,0,0.543424192982839,0.16941902117142366,-0.28218593785150275,0.7576852631972331,7,0,4,label_prop_weighted_k15_a08,0.9160387626826644,-1.319992944464338
tabicl,E-CommereShippingData,source::E-CommereShippingData,M9_optimal_transport,9,9,0,-1.9214905302990868,-1.6531775858266722,-2.1336478655348365,-1.2448675541160863,0,0,9,ot_disp_v2_selective_abs,-0.2064017402654291,-2.250919320864328
tabicl,Fitness_Club,source::Fitness_Club,M14_groupby_aggregation,9,9,2,-0.1401428080699876,0.07006131070192242,-0.2146295260718568,0.5081792923887177,4,0,5,targeted_groupby_top5,0.665008030435533,-0.942549550283237
tabicl,Fitness_Club,source::Fitness_Club,M14b_groupby_shift_features,6,6,2,-0.28953941447970255,-0.29949853039297497,-0.30711471385826883,-0.2690828442015847,0,0,6,groupby_shift_cohen_d__sel_combined_intersection,-0.2608555898710632,-0.3818196291007122
tabicl,Fitness_Club,source::Fitness_Club,M16_nearest_test_distance,7,7,0,-0.3502330192974764,-0.4458798207058052,-0.5852414493786382,-0.2451151812702177,0,0,7,nearest_test_rel_k10_both,-0.1793466865629141,-0.9308657777825338
tabicl,Fitness_Club,source::Fitness_Club,M17_test_directed_augmentation,12,12,0,-8.088662330512246,-9.090487483246568,-12.986598755433134,-3.7257673558861497,0,0,12,tdda_k5_lam06_aug1,-2.9648027172367435,-22.33918160797548
tabicl,Fitness_Club,source::Fitness_Club,M18_leaf_density,8,8,0,0.3074089998767678,0.34576402028448194,0.035067948287227674,0.7043855000879278,6,0,2,leaf_density_embed_k20,0.8381491686804694,-0.1289879985767278
tabicl,Fitness_Club,source::Fitness_Club,M19_neighborhood_consensus,6,6,0,-13.40465325676541,-12.704321662934646,-14.371630107283739,-12.099128837632367,0,0,6,neighbor_consensus_k10_uniform,-8.340174809190781,-14.71853889950842
tabicl,Fitness_Club,source::Fitness_Club,M1_frequency_encoding,6,6,4,0.12904750691522632,0.11553983013579121,-0.0036830056305391726,0.13412900884234968,4,0,2,joint_freq_separate__sel_combined_union,0.3950573311270051,-0.0478096971483069
tabicl,Fitness_Club,source::Fitness_Club,M20_cluster_membership,8,8,0,-0.1157502965506219,-0.04039572344185039,-0.23837070154286244,0.13099810835081996,3,0,5,cluster_membership_k5_both,0.2853274458417238,-0.2544284879482254
tabicl,Fitness_Club,source::Fitness_Club,M2_frequency_ratio,7,7,2,0.0,0.05280144989516703,0.0,0.13844677008194334,3,3,1,freq_ratio_log,0.1405263062505894,-0.0478096971483069
tabicl,Fitness_Club,source::Fitness_Club,M3_joint_pca,4,4,0,0.2351538949082059,0.2351538949082059,0.2351538949082059,0.2351538949082059,4,0,0,joint_pca_10,0.2351538949082059,0.2351538949082059
tabicl,Fitness_Club,source::Fitness_Club,M3b_joint_tsne,3,3,0,-1.3809665765671215,-1.5603628366302313,-1.6975995702688085,-1.333427972960099,0,0,3,joint_tsne_2d_p50,-1.2858893693530764,-2.0142325639704954
tabicl,Fitness_Club,source::Fitness_Club,M4_target_encoding,12,12,2,0.06321289183193965,0.06293793287778376,0.0127781150680155,0.12761930679500266,10,0,2,target_enc_ratio__sel_combined_union,0.1750553734738897,-0.0934406775641023
tabicl,Fitness_Club,source::Fitness_Club,M5_joint_scaling,1,1,0,0.0017687704017689,0.0017687704017689,0.0017687704017689,0.0017687704017689,1,0,0,joint_scaling,0.0017687704017689,0.0017687704017689
tabicl,Fitness_Club,source::Fitness_Club,M6_adversarial_validation,7,7,0,-0.1680464122426257,-0.053000276119067,-0.264697284403939,0.23141138093928895,3,0,4,adversarial_lgbm_both_ratio,0.3087017035717955,-0.4450854172333386
tabicl,Fitness_Club,source::Fitness_Club,M7_pseudo_labeling,9,9,0,0.1360763042590998,0.04330164497241762,0.1360763042590998,0.2490131284682219,8,0,1,pseudo_label_lgbm_conf95_iter3,0.2811815975796501,-1.0348562130546055
tabicl,Fitness_Club,source::Fitness_Club,M8_label_propagation,11,11,0,-1.4396301851526738,-2.6194348242160714,-4.275884755349047,-0.8809070677253275,2,0,9,label_prop_k15_a08,0.1748437882708469,-6.878979010317183
tabicl,Fitness_Club,source::Fitness_Club,M9_optimal_transport,9,9,0,0.1365523709658722,-0.4050806803935072,-1.3337287703251746,0.7320890649505984,5,0,4,ot_displacement_no_mag,0.8457003169942551,-2.0867289579657045
tabicl,HR_Analytics_Job_Change_of_Data_Scientists,source::HR_Analytics_Job_Change_of_Data_Scientists,M14_groupby_aggregation,9,9,2,0.2664735202887209,0.25818035002020806,0.0946932476801974,0.5223979498821986,7,0,2,joint_groupby_mean_only,0.8660999721325684,-0.4116904598933598
tabicl,HR_Analytics_Job_Change_of_Data_Scientists,source::HR_Analytics_Job_Change_of_Data_Scientists,M14b_groupby_shift_features,6,6,2,0.1687645381001562,0.20411934333517068,-0.027789667600745777,0.2427571727237745,4,0,2,groupby_shift_cohen_d__sel_combined_union,0.7822014669382942,-0.0691281312248501
tabicl,HR_Analytics_Job_Change_of_Data_Scientists,source::HR_Analytics_Job_Change_of_Data_Scientists,M16_nearest_test_distance,7,7,0,-0.0664102795900979,-0.4487989928527942,-0.43390539814782314,-0.032373449457133247,1,0,6,nearest_test_rel_k10_both,0.0702308145655391,-2.212855789735088
tabicl,HR_Analytics_Job_Change_of_Data_Scientists,source::HR_Analytics_Job_Change_of_Data_Scientists,M17_test_directed_augmentation,12,12,0,-17.191129285111003,-17.19941758020621,-17.297072804472975,-14.86195795896773,0,0,12,tdda_v2_k10_lam07_pfl_dw,-14.841573781997552,-28.220905314628432
tabicl,HR_Analytics_Job_Change_of_Data_Scientists,source::HR_Analytics_Job_Change_of_Data_Scientists,M18_leaf_density,8,8,0,0.0033426854786151455,0.0813749660897425,-0.20247632672382815,0.30133287451558016,4,0,4,leaf_density_embed_k20,0.971448066864679,-0.6803578410998935
tabicl,HR_Analytics_Job_Change_of_Data_Scientists,source::HR_Analytics_Job_Change_of_Data_Scientists,M19_neighborhood_consensus,6,6,0,-1.3241876939080406,-1.292241975355853,-1.4425121114650867,-1.2281346937631212,0,0,6,neighbor_consensus_k20_dist,-0.7962763942648601,-1.6307294590219257
tabicl,HR_Analytics_Job_Change_of_Data_Scientists,source::HR_Analytics_Job_Change_of_Data_Scientists,M1_frequency_encoding,6,6,4,-0.01118891862307395,-0.0022630623948794565,-0.08485884575555057,0.05608340000897717,3,0,3,joint_freq_combined,0.500840470769492,-0.4611330259792389
tabicl,HR_Analytics_Job_Change_of_Data_Scientists,source::HR_Analytics_Job_Change_of_Data_Scientists,M20_cluster_membership,8,8,0,0.14198918155142906,0.08576242841058948,-0.0501188553758194,0.291248250292544,5,0,3,cluster_membership_k5_feature,0.3375500726632572,-0.4484508235561034
tabicl,HR_Analytics_Job_Change_of_Data_Scientists,source::HR_Analytics_Job_Change_of_Data_Scientists,M2_frequency_ratio,7,7,2,0.245567792933606,0.2745019468284641,0.13433932363449705,0.44295593992036353,6,0,1,freq_ratio_v2_ratio_ungated,0.5753253303584543,-0.0539700226025322
tabicl,HR_Analytics_Job_Change_of_Data_Scientists,source::HR_Analytics_Job_Change_of_Data_Scientists,M3_joint_pca,4,4,0,0.5887023778690125,0.5886574559237568,0.5886574559237568,0.5887023778690125,4,0,0,joint_pca_10,0.5887023778690125,0.58852269008799
tabicl,HR_Analytics_Job_Change_of_Data_Scientists,source::HR_Analytics_Job_Change_of_Data_Scientists,M3b_joint_tsne,3,3,0,-0.4592421549312758,-0.591245496319725,-0.7270576164286986,-0.389431705516527,0,0,3,joint_tsne_3d_p30,-0.3196212561017782,-0.9948730779261212
tabicl,HR_Analytics_Job_Change_of_Data_Scientists,source::HR_Analytics_Job_Change_of_Data_Scientists,M4_target_encoding,12,12,2,0.2431370324470596,0.18233171448999838,0.1351615617842832,0.2607983967838783,11,0,1,target_enc_inv_ratio,0.3754198063331526,-0.2977279741004945
tabicl,HR_Analytics_Job_Change_of_Data_Scientists,source::HR_Analytics_Job_Change_of_Data_Scientists,M5_joint_scaling,1,1,0,0.0001572597800337,0.0001572597800337,0.0001572597800337,0.0001572597800337,1,0,0,joint_scaling,0.0001572597800337,0.0001572597800337
tabicl,HR_Analytics_Job_Change_of_Data_Scientists,source::HR_Analytics_Job_Change_of_Data_Scientists,M6_adversarial_validation,7,7,0,-0.096116968658916,-0.08581020823959883,-0.17960329147505422,0.04578401276143885,2,0,5,adversarial_lgbm_both_ratio,0.1023419889675874,-0.3392579205586324
tabicl,HR_Analytics_Job_Change_of_Data_Scientists,source::HR_Analytics_Job_Change_of_Data_Scientists,M7_pseudo_labeling,9,9,0,-0.3614053129857654,-0.32969046621481635,-0.3758082782645517,-0.1932838272337759,0,0,9,pseudo_label_lgbm_conf95_iter3,-0.0724822449470777,-0.5814772120642616
tabicl,HR_Analytics_Job_Change_of_Data_Scientists,source::HR_Analytics_Job_Change_of_Data_Scientists,M8_label_propagation,11,11,0,0.1729827560183072,-0.06960531329875862,-0.4239626876243827,0.26444883666602315,6,0,5,label_prop_weighted_k15_a08,0.3319103041767596,-0.8633874468845932
tabicl,HR_Analytics_Job_Change_of_Data_Scientists,source::HR_Analytics_Job_Change_of_Data_Scientists,M9_optimal_transport,9,9,0,0.3523596803989857,0.23096646902417767,0.2248083417426766,0.3812109089706623,7,0,2,ot_disp_v2_selective,0.4726754917616929,-0.4385605193215895
tabicl,Is-this-a-good-customer,source::Is-this-a-good-customer,M14_groupby_aggregation,9,9,2,1.0681760302446226,-0.4003567760548862,0.4740075970343685,1.912589866555704,7,0,2,joint_groupby_mean_only,4.4297501491548505,-7.864676181491901
tabicl,Is-this-a-good-customer,source::Is-this-a-good-customer,M14b_groupby_shift_features,6,6,2,4.52348755767421,4.038330708925012,3.1358241897512933,5.410062304290269,6,0,0,groupby_shift_ratio_log,5.546767673506849,1.2573845110888604
tabicl,Is-this-a-good-customer,source::Is-this-a-good-customer,M16_nearest_test_distance,7,7,0,-1.219542814920065,-2.0669884278368182,-2.8601268085401665,-1.0417526025880912,0,0,7,nearest_test_k10_cumshift_both,-0.3390807277561901,-5.106536629924956
tabicl,Is-this-a-good-customer,source::Is-this-a-good-customer,M17_test_directed_augmentation,12,12,0,-27.790272113479695,-28.62624679322016,-28.40815886099486,-26.3399726678934,0,0,12,tdda_k5_lam08_aug1,-26.090743550471768,-39.11599884741251
tabicl,Is-this-a-good-customer,source::Is-this-a-good-customer,M18_leaf_density,8,8,0,3.1156927660785314,3.1345538326524065,2.125516661704774,3.7873081461872866,8,0,0,leaf_density_conf_shallow,5.316549076435431,1.6798604460418067
tabicl,Is-this-a-good-customer,source::Is-this-a-good-customer,M19_neighborhood_consensus,6,6,0,-9.992509376729938,-9.750035569998783,-12.50322820156892,-7.058627129566873,0,0,6,neighbor_consensus_k5_dist_cumshift,-4.731586995847583,-14.362806813657471
tabicl,Is-this-a-good-customer,source::Is-this-a-good-customer,M1_frequency_encoding,6,6,4,2.000857266861074,1.9210489502964478,1.1185568982482728,2.528324479691599,6,0,0,joint_freq_combined__sel_combined_union,3.458599510508987,0.5373759982017706
tabicl,Is-this-a-good-customer,source::Is-this-a-good-customer,M20_cluster_membership,8,8,0,0.8719731126677721,0.7411861129942026,0.655459426886582,0.9622581389537443,8,0,0,cluster_membership_k10_both_cumshift,1.1534842457785195,0.0636673087200653
tabicl,Is-this-a-good-customer,source::Is-this-a-good-customer,M2_frequency_ratio,7,7,2,3.4845446860812874,2.4868425165419645,0.0,4.10633217715891,4,3,0,freq_ratio_log__sel_combined_union,5.71068857539464,0.0
tabicl,Is-this-a-good-customer,source::Is-this-a-good-customer,M3_joint_pca,4,4,0,-3.784946776521197,-2.9838296992153372,-3.784946776521197,-2.9838296992153372,0,0,4,joint_pca_var90,-0.5804784672977574,-3.784946776521197
tabicl,Is-this-a-good-customer,source::Is-this-a-good-customer,M3b_joint_tsne,3,3,0,1.114446919398962,0.898077705601548,0.5893859123674563,1.3149541057343466,3,0,0,joint_tsne_3d_p30,1.5154612920697312,0.0643249053359506
tabicl,Is-this-a-good-customer,source::Is-this-a-good-customer,M4_target_encoding,12,12,2,3.4795230391963203,2.3952458554474876,0.5188138391805406,3.797515839111206,10,0,2,target_enc_ratio__sel_combined_union,4.881997276354357,-0.0833354256862408
tabicl,Is-this-a-good-customer,source::Is-this-a-good-customer,M5_joint_scaling,1,1,0,0.0039455796953338,0.0039455796953338,0.0039455796953338,0.0039455796953338,1,0,0,joint_scaling,0.0039455796953338,0.0039455796953338
tabicl,Is-this-a-good-customer,source::Is-this-a-good-customer,M6_adversarial_validation,7,7,0,3.1714091338974195,3.0363883222455477,2.7843537439366504,3.613971656390192,7,0,0,adversarial_rf_feature,3.892254587932006,1.3944037332357255
tabicl,Is-this-a-good-customer,source::Is-this-a-good-customer,M7_pseudo_labeling,9,9,0,-0.9266134132970754,-0.9253978559162189,-1.3006663247164585,-0.4784912103245354,0,0,9,pseudo_label_v2_cal_platt_wprop_conf90,-0.4466874467197604,-1.6483555899897384
tabicl,Is-this-a-good-customer,source::Is-this-a-good-customer,M8_label_propagation,11,11,0,-1.42459339605611,-2.3140009710691394,-2.310794508231343,-0.4402310435819375,1,0,10,label_prop_k10_a05,0.5181263518093976,-8.43487222897753
tabicl,Is-this-a-good-customer,source::Is-this-a-good-customer,M9_optimal_transport,9,9,0,0.9163309934849926,1.076831064492141,-0.2748156039307982,2.979988737163421,5,0,4,ot_disp_v2_summary_only,3.166028797949263,-1.1496582291042814
tabicl,MIC,source::MIC,M14_groupby_aggregation,8,8,2,-7.013102818256012,-11.00040825243376,-21.016093537395015,3.0491324887474036,4,0,4,targeted_groupby_top5,3.352033975155688,-38.2842653286767
tabicl,MIC,source::MIC,M14b_groupby_shift_features,6,6,2,-13.949410255577375,-13.437052858919037,-16.541225248503412,-11.8705263797396,0,0,6,groupby_shift_cohen_d__sel_combined_intersection,-5.147261080401254,-18.993506894685783
tabicl,MIC,source::MIC,M16_nearest_test_distance,7,7,0,-5.182811214530321,-5.154575844842454,-5.925356439203065,-4.634056102982923,0,0,7,nearest_test_rel_k10_both,-3.6139959973686633,-6.166398617626217
tabicl,MIC,source::MIC,M17_test_directed_augmentation,12,12,0,-15.888955992887476,-16.054447201930277,-16.810954123148292,-15.589409326273381,0,0,12,tdda_k5_lam07_aug2,-14.19843582664716,-17.155972067706937
tabicl,MIC,source::MIC,M18_leaf_density,8,8,0,-3.006383947927261,-3.0213549227169976,-3.869598093549867,-2.022298646940802,0,0,8,leaf_density_embed_k10_cumshift,-0.3464215926688989,-5.776620054104594
tabicl,MIC,source::MIC,M19_neighborhood_consensus,6,6,0,-7.437509938817673,-6.57868846747153,-8.295555480258066,-5.0112621866403355,0,0,6,neighbor_consensus_k10_dist_cumshift,-3.1979311034262685,-8.615096227114808
tabicl,MIC,source::MIC,M1_frequency_encoding,6,6,4,-0.9597885203454927,-2.0307815811043843,-2.044711133554479,-0.003566979277906425,2,0,4,joint_freq_combined__sel_combined_intersection,2.6817245431136314,-10.8556585188361
tabicl,MIC,source::MIC,M20_cluster_membership,8,8,0,-3.371727670419415,-3.7078792350625274,-3.825133810884531,-3.098277527485282,0,0,8,cluster_membership_k15_both,-3.0100970361188413,-5.167648820435566
tabicl,MIC,source::MIC,M2_frequency_ratio,7,7,2,0.3212447649124296,0.013520711533645844,-2.0981199262503676,1.8364640099882799,5,0,2,freq_ratio_log__sel_combined_intersection,4.841162168484793,-4.544450120137525
tabicl,MIC,source::MIC,M3_joint_pca,4,4,0,-0.6866090184511383,-1.2786659553176374,-2.8534887897476047,0.8882138159788289,2,0,2,joint_pca_var95,0.9315401480673512,-4.672985932435624
tabicl,MIC,source::MIC,M3b_joint_tsne,3,3,0,-3.871772549136049,-2.9726777014567154,-4.294876031412283,-2.100026795340814,0,0,3,joint_tsne_2d_p50,-0.3282810415455789,-4.717979513688517
tabicl,MIC,source::MIC,M4_target_encoding,12,12,2,-0.5025557140358365,-0.42350244956753363,-0.9089825153393916,-0.022702527381194354,3,0,9,target_enc_ratio,0.4194490670472975,-1.312156480232293
tabicl,MIC,source::MIC,M5_joint_scaling,1,1,0,0.0103355228883784,0.0103355228883784,0.0103355228883784,0.0103355228883784,1,0,0,joint_scaling,0.0103355228883784,0.0103355228883784
tabicl,MIC,source::MIC,M6_adversarial_validation,7,7,0,-5.061376026063484,-5.402271260756229,-5.53815652946515,-4.883844932265284,0,0,7,adversarial_logreg_feature,-4.766182956805802,-7.144336918963448
tabicl,MIC,source::MIC,M7_pseudo_labeling,9,9,0,-11.282248573184306,-12.26513607703813,-20.79576960002045,-6.596917327022737,0,1,8,pseudo_label_v2_cal_platt_wprop_conf90,0.0,-20.954769479565574
tabicl,MIC,source::MIC,M8_label_propagation,11,11,0,-4.222851470315474,-2.523814638607045,-4.986064749860663,0.2480891092489539,4,0,7,label_prop_weighted_k15_a08,1.5950843920771909,-6.256664881670624
tabicl,MIC,source::MIC,M9_optimal_transport,9,9,0,-6.090505787433799,-5.35972692154753,-6.798699009220106,-4.696797022974414,0,0,9,ot_disp_v2_selective_and_summary_abs,-2.536980083059869,-7.824678535301482
tabicl,Marketing_Campaign,source::Marketing_Campaign,M14_groupby_aggregation,9,9,2,-5.904722748020343,-6.859838884756603,-8.166498385131955,-2.571290271312343,2,0,7,joint_groupby_combined__sel_combined_union,1.664950536185888,-27.48550740718532
tabicl,Marketing_Campaign,source::Marketing_Campaign,M14b_groupby_shift_features,6,6,2,-2.6713555190047047,-2.210380192878732,-2.8887470486722946,-2.4118386665714295,1,0,5,groupby_shift_cohen_d__sel_combined_union,0.3229125009251059,-2.955938679199593
tabicl,Marketing_Campaign,source::Marketing_Campaign,M16_nearest_test_distance,7,7,0,-6.815389378879455,-6.435392477768695,-7.247488626444133,-6.25952190522886,0,0,7,nearest_test_k10_filter_both,-3.1433718511203925,-8.07496505103504
tabicl,Marketing_Campaign,source::Marketing_Campaign,M17_test_directed_augmentation,12,12,0,-32.97173208923266,-29.08948529232708,-36.43076359752146,-12.825069841016617,0,0,12,tdda_v2_k5_lam07_pfl_dw_cumshift,-11.47004977669876,-75.94181489418634
tabicl,Marketing_Campaign,source::Marketing_Campaign,M18_leaf_density,8,8,0,-0.9536781362224864,-1.2112696514646117,-2.8319395607180367,-0.13522854006955864,1,0,7,leaf_density_conf_cumshift,1.656532171676555,-3.2617586649010843
tabicl,Marketing_Campaign,source::Marketing_Campaign,M19_neighborhood_consensus,6,6,0,-15.938414344297865,-15.119547722854612,-16.277138671122426,-13.12802722372192,0,0,6,neighbor_consensus_k5_dist_cumshift,-9.582379787840614,-20.67679956376412
tabicl,Marketing_Campaign,source::Marketing_Campaign,M1_frequency_encoding,6,6,4,0.14246680845474358,0.2774863577452206,-0.34995920839311967,1.2980193485792246,3,0,3,joint_freq_separate__sel_combined_intersection,2.859460268527076,-2.6485780535768835
tabicl,Marketing_Campaign,source::Marketing_Campaign,M20_cluster_membership,8,8,0,1.4513920053707097,1.4376366487366106,1.3648585327381524,1.986263910619216,7,0,1,cluster_membership_k15_both,2.746376854110052,-0.850312561673323
tabicl,Marketing_Campaign,source::Marketing_Campaign,M2_frequency_ratio,7,7,2,-0.0923601047035556,-0.8462062068481886,-1.5347755319655167,0.0,0,3,4,freq_ratio_v2_both_gated,0.0,-2.7615322793027306
tabicl,Marketing_Campaign,source::Marketing_Campaign,M3_joint_pca,4,4,0,-1.3660576925228598,-1.2725084225750654,-2.9186252650101934,0.280059149912268,2,0,2,joint_pca_5,0.6812030843078357,-3.039121389562378
tabicl,Marketing_Campaign,source::Marketing_Campaign,M3b_joint_tsne,3,3,0,1.443446900866053,1.2814824712014934,0.7444338228801324,1.8995133343551343,3,0,0,joint_tsne_2d_p50,2.3555797678442154,0.0454207448942116
tabicl,Marketing_Campaign,source::Marketing_Campaign,M4_target_encoding,12,12,2,-1.6738562270901114,-1.6688409111044644,-2.4105701927965684,-0.9729442789371163,1,0,11,target_enc_ratio__sel_combined_intersection,0.5645386630195971,-2.8774271209668445
tabicl,Marketing_Campaign,source::Marketing_Campaign,M5_joint_scaling,1,1,0,0.0,0.0,0.0,0.0,0,1,0,joint_scaling,0.0,0.0
tabicl,Marketing_Campaign,source::Marketing_Campaign,M6_adversarial_validation,7,7,0,-3.787805946074125,-3.7407441928036813,-3.8616380233929553,-3.436569472412442,0,0,7,adversarial_lgbm_cal_iso_both_ratio,-3.197921868493371,-4.6030665434474765
tabicl,Marketing_Campaign,source::Marketing_Campaign,M7_pseudo_labeling,9,9,0,-2.602571332470355,-3.3189942729081094,-4.544245525735595,-1.541531101057489,0,0,9,pseudo_label_lgbm_conf95_iter3,-1.4795329299475029,-6.965569566564695
tabicl,Marketing_Campaign,source::Marketing_Campaign,M8_label_propagation,11,11,0,-12.998999602013663,-13.106682128232091,-13.750359456428004,-11.868106878729549,0,0,11,label_prop_v3_t005_k10,-10.613270377105158,-17.176336474129897
tabicl,Marketing_Campaign,source::Marketing_Campaign,M9_optimal_transport,9,9,0,-7.313502104230332,-12.265649961127272,-10.709215005277464,-4.595483833580699,1,0,8,ot_disp_v2_summary_only,0.0145598246084641,-36.79188388520436
tabicl,NATICUSdroid,source::NATICUSdroid,M14_groupby_aggregation,9,0,2,,,,,0,0,0,,,
tabicl,NATICUSdroid,source::NATICUSdroid,M14b_groupby_shift_features,6,0,2,,,,,0,0,0,,,
tabicl,NATICUSdroid,source::NATICUSdroid,M16_nearest_test_distance,7,0,0,,,,,0,0,0,,,
tabicl,NATICUSdroid,source::NATICUSdroid,M17_test_directed_augmentation,12,0,0,,,,,0,0,0,,,
tabicl,NATICUSdroid,source::NATICUSdroid,M18_leaf_density,8,0,0,,,,,0,0,0,,,
tabicl,NATICUSdroid,source::NATICUSdroid,M19_neighborhood_consensus,6,0,0,,,,,0,0,0,,,
tabicl,NATICUSdroid,source::NATICUSdroid,M1_frequency_encoding,6,0,4,,,,,0,0,0,,,
tabicl,NATICUSdroid,source::NATICUSdroid,M20_cluster_membership,8,0,0,,,,,0,0,0,,,
tabicl,NATICUSdroid,source::NATICUSdroid,M2_frequency_ratio,7,0,2,,,,,0,0,0,,,
tabicl,NATICUSdroid,source::NATICUSdroid,M3_joint_pca,4,0,0,,,,,0,0,0,,,
tabicl,NATICUSdroid,source::NATICUSdroid,M3b_joint_tsne,3,0,0,,,,,0,0,0,,,
tabicl,NATICUSdroid,source::NATICUSdroid,M4_target_encoding,12,0,2,,,,,0,0,0,,,
tabicl,NATICUSdroid,source::NATICUSdroid,M5_joint_scaling,1,0,0,,,,,0,0,0,,,
tabicl,NATICUSdroid,source::NATICUSdroid,M6_adversarial_validation,7,0,0,,,,,0,0,0,,,
tabicl,NATICUSdroid,source::NATICUSdroid,M7_pseudo_labeling,9,0,0,,,,,0,0,0,,,
tabicl,NATICUSdroid,source::NATICUSdroid,M8_label_propagation,11,0,0,,,,,0,0,0,,,
tabicl,NATICUSdroid,source::NATICUSdroid,M9_optimal_transport,9,0,0,,,,,0,0,0,,,
tabicl,QSAR_fish_toxicity,source::QSAR_fish_toxicity,M14_groupby_aggregation,9,9,2,0.2800538456188817,0.142131113721674,-0.036368316149621,0.4170975946048188,6,0,3,joint_groupby_mean_only,0.627428801078448,-0.5152171796859762
tabicl,QSAR_fish_toxicity,source::QSAR_fish_toxicity,M14b_groupby_shift_features,6,6,2,0.2720029173930115,0.24089552387616056,0.16979740069248694,0.358776237473262,5,0,1,groupby_shift_ratio_log,0.4143062827504091,-0.0363685469051264
tabicl,QSAR_fish_toxicity,source::QSAR_fish_toxicity,M16_nearest_test_distance,7,7,0,-4.161038912610537,-5.40098499430786,-6.324164572879502,-4.073309716946975,0,0,7,nearest_test_k5_both,-3.890689791506291,-8.960217676385243
tabicl,QSAR_fish_toxicity,source::QSAR_fish_toxicity,M17_test_directed_augmentation,12,12,0,-4.700406455099163,-4.392936031946396,-4.857879715762437,-3.003802753074955,0,0,12,tdda_v2_k5_lam07_pfl_dw,-2.958710790137827,-7.332190602055284
tabicl,QSAR_fish_toxicity,source::QSAR_fish_toxicity,M18_leaf_density,8,8,0,-1.9029309345059882,-2.1962267971933134,-2.0523157767714784,-1.6889520547586858,0,0,8,leaf_density_embed_k10_cumshift,-1.373114652881454,-4.982881656122479
tabicl,QSAR_fish_toxicity,source::QSAR_fish_toxicity,M19_neighborhood_consensus,6,6,0,-5.272656445405483,-5.0059658042633535,-5.6037251446676155,-4.486242648279541,0,0,6,neighbor_consensus_k10_dist_cumshift,-3.485479267829385,-6.066816573280549
tabicl,QSAR_fish_toxicity,source::QSAR_fish_toxicity,M1_frequency_encoding,6,6,4,-1.8426501594792327e-06,0.0576704321894946,-0.02727733150392454,0.1570367496732045,2,1,3,joint_freq_combined__sel_combined_union,0.2093838314354698,-0.0363713389906628
tabicl,QSAR_fish_toxicity,source::QSAR_fish_toxicity,M20_cluster_membership,8,8,0,-0.5621522875809204,-0.5866192299869767,-1.0958564996576001,-0.09212542371055946,1,0,7,cluster_membership_k10_weight,0.1877465479672559,-1.3804311340000794
tabicl,QSAR_fish_toxicity,source::QSAR_fish_toxicity,M2_frequency_ratio,7,7,2,0.0,0.02471508829848717,-5.413174658971056e-06,2.9570493495063067e-06,2,3,2,freq_ratio_log__sel_combined_union,0.2093762521575172,-0.0363657218174881
tabicl,QSAR_fish_toxicity,source::QSAR_fish_toxicity,M3_joint_pca,4,4,0,-0.7138855626729314,-0.7218464958193975,-0.7218489095577967,-0.7138831489345321,0,0,4,joint_pca_var90,-0.7138759077193345,-0.7457389502123929
tabicl,QSAR_fish_toxicity,source::QSAR_fish_toxicity,M3b_joint_tsne,3,3,0,-1.1727699976799322,-1.0853063192605372,-1.1880194951867487,-1.0263249825440233,0,0,3,joint_tsne_3d_p30,-0.8798799674081142,-1.2032689926935654
tabicl,QSAR_fish_toxicity,source::QSAR_fish_toxicity,M4_target_encoding,12,12,2,-5.413174658971057e-06,0.014414900997034576,-8.71565425186939e-06,0.0,2,3,7,target_enc_ratio__sel_combined_union,0.209382332897606,-0.036368316149621
tabicl,QSAR_fish_toxicity,source::QSAR_fish_toxicity,M5_joint_scaling,1,1,0,1.5380252452335523e-06,1.5380252452335523e-06,1.5380252452335523e-06,1.5380252452335523e-06,1,0,0,joint_scaling,1.5380252452335523e-06,1.5380252452335523e-06
tabicl,QSAR_fish_toxicity,source::QSAR_fish_toxicity,M6_adversarial_validation,7,7,0,-0.1190720516880344,-0.2945846588524143,-0.41414507310171944,0.1447345133041574,3,0,4,adversarial_lgbm_cal_platt_feature,0.5272107021780091,-1.9314101428617505
tabicl,QSAR_fish_toxicity,source::QSAR_fish_toxicity,M8_label_propagation,11,11,0,-3.479777672015424,-3.063236713471612,-3.744939020177015,-2.1085618817723635,0,0,11,label_prop_k15_a05,-1.47283952895296,-4.521448832372101
tabicl,QSAR_fish_toxicity,source::QSAR_fish_toxicity,M9_optimal_transport,9,9,0,-20.55846931759686,-17.42960897807005,-25.59934186542592,-4.913225368801628,0,0,9,ot_disp_v2_summary_only,-2.2425378317769824,-27.48093966715841
tabicl,airfoil_self_noise,source::airfoil_self_noise,M14_groupby_aggregation,9,9,2,-2.6922784147272742,-4.842706984608544,-8.811164123000099,-1.8409932157409985,0,0,9,joint_groupby_combined__sel_combined_intersection,-1.2852819957244965e-05,-9.138776190576982
tabicl,airfoil_self_noise,source::airfoil_self_noise,M14b_groupby_shift_features,6,6,2,-0.8662677048978702,-1.4241673268387316,-1.4618522643755198,-0.3657020998767846,0,0,6,groupby_shift_cohen_d__sel_combined_intersection,-9.685281398625386e-05,-4.953144349351502
tabicl,airfoil_self_noise,source::airfoil_self_noise,M16_nearest_test_distance,7,7,0,-79.44511512519874,-82.45206286042722,-88.1140009506031,-73.55551764710358,0,0,7,nearest_test_k10_both,-73.31179041576166,-101.06849728661672
tabicl,airfoil_self_noise,source::airfoil_self_noise,M17_test_directed_augmentation,12,12,0,-7.638528327630467,-6.309053382692867,-10.515848128273282,3.852242984903159,5,0,7,tdda_v2_k5_lam07_pfl_dw_cumshift,3.878225745776985,-31.1011196328484
tabicl,airfoil_self_noise,source::airfoil_self_noise,M18_leaf_density,8,8,0,-14.657958605837882,-21.13978380488342,-27.381529289653066,-13.04924312010478,0,0,8,leaf_density_conf_shallow,-5.125862894629728,-52.70271930910056
tabicl,airfoil_self_noise,source::airfoil_self_noise,M19_neighborhood_consensus,6,6,0,-57.8781996680801,-57.51414761235795,-58.59284100577621,-56.1928414511984,0,0,6,neighbor_consensus_k5_dist,-54.35645751288767,-60.50991866118712
tabicl,airfoil_self_noise,source::airfoil_self_noise,M1_frequency_encoding,6,6,4,-1.841752821693575,-2.2886495349143208,-2.9949138321118554,-1.3285598455087926,1,0,5,joint_freq_separate__sel_combined_intersection,0.2792577397339063,-5.790852950134201
tabicl,airfoil_self_noise,source::airfoil_self_noise,M20_cluster_membership,8,8,0,-8.130000572616744,-6.959700105303459,-8.255445550862706,-6.633616395612263,0,0,8,cluster_membership_k5_both,-2.3507715856877014,-10.143907777850664
tabicl,airfoil_self_noise,source::airfoil_self_noise,M2_frequency_ratio,7,7,2,-2.4717513987888555,-3.145154472348301,-5.910469130590496,-2.232712732074834e-05,0,0,7,freq_ratio_v2_both_gated,-1.606752161323872e-05,-7.723330924692004
tabicl,airfoil_self_noise,source::airfoil_self_noise,M3_joint_pca,4,4,0,-0.15914757821462505,-0.1592161268986164,-0.15923118258932079,-0.15913252252392066,0,0,4,joint_pca_10,-0.1591284038941715,-0.159440947271044
tabicl,airfoil_self_noise,source::airfoil_self_noise,M3b_joint_tsne,3,3,0,-4.817326461625643,-6.368719846321395,-8.421025229913312,-3.540717770381602,0,0,3,joint_tsne_2d_p50,-2.2641090791375613,-12.02472399820098
tabicl,airfoil_self_noise,source::airfoil_self_noise,M4_target_encoding,12,12,2,-7.347536134762934,-11.033156045061004,-18.33212462483496,-6.7376597851588365,1,0,11,target_enc_ratio__sel_combined_intersection,0.3253221889825503,-20.837697454413
tabicl,airfoil_self_noise,source::airfoil_self_noise,M5_joint_scaling,1,1,0,-0.0003316410829174,-0.0003316410829174,-0.0003316410829174,-0.0003316410829174,0,0,1,joint_scaling,-0.0003316410829174,-0.0003316410829174
tabicl,airfoil_self_noise,source::airfoil_self_noise,M6_adversarial_validation,7,7,0,-17.27393740294585,-17.268178669280868,-20.734551272306177,-14.405653448309732,0,0,7,adversarial_logreg_feature,-12.205042932754498,-21.117860908033908
tabicl,airfoil_self_noise,source::airfoil_self_noise,M8_label_propagation,11,11,0,-21.572034853340124,-21.345836231320007,-24.76906962970468,-18.17482693571685,0,0,11,label_prop_v3_t005_k15,-15.334777074205366,-26.74199489489557
tabicl,airfoil_self_noise,source::airfoil_self_noise,M9_optimal_transport,9,9,0,-83.23570339479109,-76.97256739796379,-97.13396807639144,-47.32826498084081,0,0,9,ot_disp_v2_selective_abs,-32.33117411407517,-115.72437290801214
tabicl,anneal,source::anneal,M14_groupby_aggregation,9,0,2,,,,,0,0,0,,,
tabicl,anneal,source::anneal,M14b_groupby_shift_features,6,0,2,,,,,0,0,0,,,
tabicl,anneal,source::anneal,M16_nearest_test_distance,7,0,0,,,,,0,0,0,,,
tabicl,anneal,source::anneal,M17_test_directed_augmentation,12,0,0,,,,,0,0,0,,,
tabicl,anneal,source::anneal,M18_leaf_density,8,0,0,,,,,0,0,0,,,
tabicl,anneal,source::anneal,M19_neighborhood_consensus,6,0,0,,,,,0,0,0,,,
tabicl,anneal,source::anneal,M1_frequency_encoding,6,0,4,,,,,0,0,0,,,
tabicl,anneal,source::anneal,M20_cluster_membership,8,0,0,,,,,0,0,0,,,
tabicl,anneal,source::anneal,M2_frequency_ratio,7,0,2,,,,,0,0,0,,,
tabicl,anneal,source::anneal,M3_joint_pca,4,0,0,,,,,0,0,0,,,
tabicl,anneal,source::anneal,M3b_joint_tsne,3,0,0,,,,,0,0,0,,,
tabicl,anneal,source::anneal,M4_target_encoding,12,0,2,,,,,0,0,0,,,
tabicl,anneal,source::anneal,M5_joint_scaling,1,0,0,,,,,0,0,0,,,
tabicl,anneal,source::anneal,M6_adversarial_validation,7,0,0,,,,,0,0,0,,,
tabicl,anneal,source::anneal,M7_pseudo_labeling,9,0,0,,,,,0,0,0,,,
tabicl,anneal,source::anneal,M8_label_propagation,11,0,0,,,,,0,0,0,,,
tabicl,anneal,source::anneal,M9_optimal_transport,9,0,0,,,,,0,0,0,,,
tabicl,bike_sharing,source::bike_sharing,M14_groupby_aggregation,9,9,2,-0.4269898658797869,-0.6748927165631344,-1.3668576797909506,0.0,2,1,6,targeted_groupby_top5,4.016885458710853e-06,-1.568527465943922
tabicl,bike_sharing,source::bike_sharing,M14b_groupby_shift_features,6,6,2,-0.30084915028825715,-0.3041432908238317,-0.4583000971607567,-0.2264267221967668,1,0,5,groupby_shift_cohen_d__sel_combined_intersection,4.016885458710853e-06,-0.510762468967408
tabicl,bike_sharing,source::bike_sharing,M16_nearest_test_distance,7,7,0,-2.937668434497204,-2.420856857922298,-4.167210584231031,-0.5470125898816152,1,0,6,nearest_test_k10_cumshift_both,0.168944305771928,-4.748827528505516
tabicl,bike_sharing,source::bike_sharing,M17_test_directed_augmentation,12,12,0,-0.5832342651809377,-0.6694583204478916,-0.982222974131574,-0.18734485090474995,0,0,12,tdda_v2_k5_lam07_pfl_dw_cumshift,-0.1836785618823811,-1.7006392475932277
tabicl,bike_sharing,source::bike_sharing,M18_leaf_density,8,8,0,-0.3337721534696529,-0.342497864523134,-0.5842701953673437,-0.16638952010425467,2,0,6,leaf_density_embed_k5,0.2171821355994379,-0.8594151323985723
tabicl,bike_sharing,source::bike_sharing,M19_neighborhood_consensus,6,6,0,-0.5689706440603775,-0.6123153251093675,-0.5867596476507342,-0.5464785536916608,0,0,6,neighbor_consensus_k5_dist,-0.4413183061038461,-0.9629618506819952
tabicl,bike_sharing,source::bike_sharing,M1_frequency_encoding,6,6,4,-0.42020808580659175,-0.44134480867546455,-0.7879498418839467,-0.05718006638633827,2,0,4,joint_freq_separate__sel_combined_intersection,5.34415344530748e-06,-0.9609568707703968
tabicl,bike_sharing,source::bike_sharing,M20_cluster_membership,8,8,0,-0.5279856199342775,-0.5504418492550136,-0.7433595771206319,-0.24452218091353164,0,0,8,cluster_membership_k5_both,-0.2252725018736478,-0.992960969583588
tabicl,bike_sharing,source::bike_sharing,M2_frequency_ratio,7,7,2,-0.2379791786804138,-0.36429696580269433,-0.575553638327978,-0.15849163428260643,1,0,6,freq_ratio_log__sel_combined_intersection,4.016885458710853e-06,-0.8440130536027365
tabicl,bike_sharing,source::bike_sharing,M3_joint_pca,4,4,0,-0.3559419821996822,-0.3559411425465675,-0.4204946244920418,-0.291388500254208,0,0,4,joint_pca_10,-0.2913859812948638,-0.4204946244920418
tabicl,bike_sharing,source::bike_sharing,M3b_joint_tsne,3,3,0,-1.256934611468726,-1.192505586553187,-1.2654413011600565,-1.151784384404087,0,0,3,joint_tsne_2d_p30,-1.0466341573394478,-1.273947990851387
tabicl,bike_sharing,source::bike_sharing,M4_target_encoding,12,12,2,-2.090069237352929,-2.910934578017591,-4.774120944369685,-2.0486505810565605,0,1,11,target_enc_ratio__sel_combined_intersection,0.0,-4.787055802907715
tabicl,bike_sharing,source::bike_sharing,M5_joint_scaling,1,1,0,2.033743897142626e-06,2.033743897142626e-06,2.033743897142626e-06,2.033743897142626e-06,1,0,0,joint_scaling,2.033743897142626e-06,2.033743897142626e-06
tabicl,bike_sharing,source::bike_sharing,M6_adversarial_validation,7,7,0,-0.1162836491171561,-0.2613756181506185,-0.4182531362584817,-0.09020555119048365,1,0,6,adversarial_logreg_feature,0.0162026289524184,-0.7126309319916612
tabicl,bike_sharing,source::bike_sharing,M8_label_propagation,11,11,0,-0.6422033956626952,-0.7113698617946497,-0.794529590799431,-0.6030491386212948,0,0,11,label_prop_k15_a05,-0.439280046278857,-1.2748593190496809
tabicl,bike_sharing,source::bike_sharing,M9_optimal_transport,9,9,0,-14.183941404920017,-11.022599237433518,-15.42166614299962,-2.2339344038336386,0,0,9,ot_disp_v2_selective_abs,-1.6298601604275882,-18.74358066505649
tabicl,blood-transfusion-service-center,source::blood-transfusion-service-center,M14_groupby_aggregation,9,9,2,-0.0301739224892217,-0.3485423313311434,-0.2423971773301663,-0.0301739224892217,1,0,8,joint_groupby_mean_only,0.0543130604806283,-1.371304197393834
tabicl,blood-transfusion-service-center,source::blood-transfusion-service-center,M14b_groupby_shift_features,6,6,2,-0.0301739224892217,-0.07369142403481198,-0.07166306591195362,-0.0301739224892217,0,1,5,groupby_shift_cohen_d_min10,0.0,-0.2661339963550092
tabicl,blood-transfusion-service-center,source::blood-transfusion-service-center,M16_nearest_test_distance,7,7,0,-0.0158915991776877,0.24206670103616826,-0.1259258365217432,0.4183614353131002,3,0,4,nearest_test_rel_k5_both,1.3614473827139502,-0.2359600738657987
tabicl,blood-transfusion-service-center,source::blood-transfusion-service-center,M17_test_directed_augmentation,12,12,0,-25.040433056135626,-25.436742383096213,-27.896369674805623,-21.594068209157626,0,0,12,tdda_k5_lam06_aug1,-20.171870662498684,-37.04050145035991
tabicl,blood-transfusion-service-center,source::blood-transfusion-service-center,M18_leaf_density,8,8,0,-0.9597821845115582,-0.8567005218077255,-1.5915235416943516,0.1087518456382326,3,0,5,leaf_density_embed_k10_cumshift,0.5901013441476493,-2.2507734582131613
tabicl,blood-transfusion-service-center,source::blood-transfusion-service-center,M19_neighborhood_consensus,6,6,0,-21.037560498714633,-21.0866098860499,-25.695358043764294,-19.415259556081292,0,0,6,neighbor_consensus_k10_uniform,-10.993969238691855,-27.328119279527243
tabicl,blood-transfusion-service-center,source::blood-transfusion-service-center,M1_frequency_encoding,6,6,4,-0.0854927803861976,-0.10922959941102735,-0.20317107809417412,-0.04400363696346568,1,0,5,joint_freq_combined,0.0543130604806283,-0.2661339963550092
tabicl,blood-transfusion-service-center,source::blood-transfusion-service-center,M20_cluster_membership,8,8,0,0.6188671502540272,-0.6968038775502264,-2.5276694869226457,0.6865573163715307,5,0,3,cluster_membership_k10_feature_cumshift,0.7284990686315976,-3.8011095957096974
tabicl,blood-transfusion-service-center,source::blood-transfusion-service-center,M2_frequency_ratio,7,7,2,-0.0301739224892217,-0.04424071778301837,-0.0666843687011954,0.0120695689957033,2,0,5,freq_ratio_v2_both_gated,0.0721156747492436,-0.2423971773301663
tabicl,blood-transfusion-service-center,source::blood-transfusion-service-center,M3_joint_pca,4,4,0,0.2261535490567197,0.22698333192518502,0.10284278581740744,0.3502940951644973,4,0,0,joint_pca_10,0.4316882510791817,0.0239379785081191
tabicl,blood-transfusion-service-center,source::blood-transfusion-service-center,M3b_joint_tsne,3,3,0,-4.0103154583016565,-3.735095758619366,-4.9587321320089055,-2.6490692350709715,0,0,3,joint_tsne_2d_p50,-1.2878230118402865,-5.9071488057161545
tabicl,blood-transfusion-service-center,source::blood-transfusion-service-center,M4_target_encoding,12,12,2,-0.0301739224892217,-0.03290633880353478,-0.0301739224892217,-0.0092784811654464,2,1,9,target_enc_diff,0.0721156747492436,-0.2423971773301663
tabicl,blood-transfusion-service-center,source::blood-transfusion-service-center,M5_joint_scaling,1,1,0,-0.0301739224892217,-0.0301739224892217,-0.0301739224892217,-0.0301739224892217,0,0,1,joint_scaling,-0.0301739224892217,-0.0301739224892217
tabicl,blood-transfusion-service-center,source::blood-transfusion-service-center,M6_adversarial_validation,7,7,0,-0.5947280122627331,-1.1182311989162999,-1.4448279885258877,-0.13950410164190602,2,0,5,adversarial_lgbm_cal_iso_both_ratio,0.1485562783885947,-4.212782478204373
tabicl,blood-transfusion-service-center,source::blood-transfusion-service-center,M7_pseudo_labeling,9,9,0,-3.342264814390146,-4.275689518831005,-6.341955028785944,-1.8888875478256983,0,0,9,pseudo_label_v2_cal_platt_wprop_conf90,-0.0123713082205952,-10.917327475569197
tabicl,blood-transfusion-service-center,source::blood-transfusion-service-center,M8_label_propagation,11,11,0,-7.474080600581783,-5.99084943797873,-8.235368664985026,-5.018375918795966,0,0,11,label_prop_v3_t005_k15,-0.8342083770855343,-9.137971266379456
tabicl,blood-transfusion-service-center,source::blood-transfusion-service-center,M9_optimal_transport,9,9,0,-5.78836413085024,-5.915742785862176,-8.99343817765605,-3.4738231164432083,0,0,9,ot_disp_v2_summary_only,-1.0987330975744234,-10.170019995252668
tabicl,churn,source::churn,M14_groupby_aggregation,9,9,2,-4.519232843430128,-6.122129616324925,-6.634399012050284,-3.7413145868860416,0,0,9,joint_groupby_combined__sel_combined_intersection,-1.3917188338359716,-19.18396286774283
tabicl,churn,source::churn,M14b_groupby_shift_features,6,6,2,-2.0026100092498678,-2.323799491528557,-2.4263832394694225,-0.8606126609663352,0,0,6,groupby_shift_cohen_d,-0.5904666194350616,-6.2995224501554485
tabicl,churn,source::churn,M16_nearest_test_distance,7,7,0,-6.564612528860307,-7.120407357849183,-7.7689058335122025,-6.135525520056163,0,0,7,nearest_test_rel_k10_cumshift_both,-5.824570344328028,-9.644805924619211
tabicl,churn,source::churn,M17_test_directed_augmentation,12,12,0,-17.872082068173356,-20.887649647225977,-19.91622978589835,-17.618324460609532,0,0,12,tdda_k5_lam07_aug1_cumshift,-16.272759542715765,-46.46092229442861
tabicl,churn,source::churn,M18_leaf_density,8,8,0,-6.161625286204066,-6.593104841561317,-7.640058329020461,-5.183276490397748,0,0,8,leaf_density_embed_k10_cumshift,-4.8231943587825,-9.349655833912191
tabicl,churn,source::churn,M19_neighborhood_consensus,6,6,0,-16.57987358999662,-16.333664980127423,-17.221147862983145,-16.013790140649064,0,0,6,neighbor_consensus_k5_dist_cumshift,-11.96256306328474,-19.619678025974697
tabicl,churn,source::churn,M1_frequency_encoding,6,6,4,-4.749135966385021,-4.5271299467896196,-4.901731892041129,-2.8628359465789974,0,0,6,joint_freq_combined__sel_combined_union,-1.14680039058761,-9.331040883476575
tabicl,churn,source::churn,M20_cluster_membership,8,8,0,-6.994329391352243,-7.191143983019221,-7.7630348139062395,-6.384507009113109,0,0,8,cluster_membership_k5_both,-6.04168384758498,-8.882878772060764
tabicl,churn,source::churn,M2_frequency_ratio,7,7,2,-1.852344215888945,-2.861112473877456,-5.72113400946553,0.00153710407706595,3,0,4,freq_ratio_v2_both_gated,0.0023072878608018,-6.738556578337121
tabicl,churn,source::churn,M3_joint_pca,4,4,0,-2.2606819513989893,-1.9916234681134162,-2.4770530105423303,-1.7752524089700752,0,0,4,joint_pca_5,-0.3189637816833325,-3.126166187972354
tabicl,churn,source::churn,M3b_joint_tsne,3,3,0,-1.233433012302752,-3.9108866467766155,-5.826492540296918,-0.6565539360193804,0,0,3,joint_tsne_2d_p50,-0.0796748597360088,-10.419552068291086
tabicl,churn,source::churn,M4_target_encoding,12,12,2,-7.702570491641953,-8.171150088139857,-10.055282878223828,-6.526100076179539,0,0,12,target_enc_ratio__sel_combined_union,-5.845424049321612,-10.296727335718646
tabicl,churn,source::churn,M5_joint_scaling,1,1,0,0.0023072878608018,0.0023072878608018,0.0023072878608018,0.0023072878608018,1,0,0,joint_scaling,0.0023072878608018,0.0023072878608018
tabicl,churn,source::churn,M6_adversarial_validation,7,7,0,-1.814712905672749,-2.8082886824491062,-3.681214143824821,-1.697344729399018,0,0,7,adversarial_logreg_feature,-1.458901051519528,-5.62728907350379
tabicl,churn,source::churn,M7_pseudo_labeling,9,9,0,-6.8309590514495895,-7.60844725245338,-9.001206414573495,-5.1942401871000445,0,0,9,pseudo_label_lgbm_conf95_iter3,-4.538226358776423,-12.952869288683392
tabicl,churn,source::churn,M8_label_propagation,11,11,0,-10.05272593333138,-8.047338841913657,-11.487255236980591,-5.100496419346964,1,0,10,label_prop_v3_t005_k15,0.4116273340443253,-12.374761508185673
tabicl,churn,source::churn,M9_optimal_transport,9,9,0,-7.200118582194896,-12.068474211859185,-12.327251611895178,-6.4947575123677765,0,0,9,ot_disp_v2_selective_and_summary_abs,-5.588822309691732,-25.865633541269023
tabicl,coil2000_insurance_policies,source::coil2000_insurance_policies,M14_groupby_aggregation,8,8,2,-2.94264271999863,-5.412956068319211,-7.551528131537296,0.3154886819866964,3,0,5,targeted_groupby_top5,0.5870454689272837,-22.19844663010129
tabicl,coil2000_insurance_policies,source::coil2000_insurance_policies,M14b_groupby_shift_features,6,6,2,-7.076040270965631,-6.123562113319644,-7.659109191762401,-5.229295091634807,0,0,6,groupby_shift_cohen_d__sel_combined_intersection,-2.171874541892761,-7.9502387322079855
tabicl,coil2000_insurance_policies,source::coil2000_insurance_policies,M16_nearest_test_distance,7,7,0,0.2432533875096583,0.1653820827341732,0.08173442164627735,0.27076009485618996,6,0,1,nearest_test_k10_both,0.6155203555962269,-0.4060881969716074
tabicl,coil2000_insurance_policies,source::coil2000_insurance_policies,M17_test_directed_augmentation,12,12,0,-17.3979454218788,-17.31841196774737,-18.347226296676943,-13.93428452524423,0,0,12,tdda_v2_k5_lam07_pfl_dw,-13.558867133052216,-27.8379974534095
tabicl,coil2000_insurance_policies,source::coil2000_insurance_policies,M18_leaf_density,8,8,0,-0.6365815752467382,-0.5896536791746764,-0.7989101133302969,-0.4162956955925763,0,0,8,leaf_density_conf,-0.0087965380805627,-1.1165028734271851
tabicl,coil2000_insurance_policies,source::coil2000_insurance_policies,M19_neighborhood_consensus,6,6,0,-20.68651294314342,-21.42745432624265,-24.30615515730545,-19.26616750233335,0,0,6,neighbor_consensus_k5_dist,-16.095821281810032,-26.790457205269576
tabicl,coil2000_insurance_policies,source::coil2000_insurance_policies,M1_frequency_encoding,6,6,4,-0.157866166390077,-0.0056057734440200235,-0.3474379946059428,-0.1084973611934862,1,0,5,joint_freq_separate__sel_combined_intersection,1.349413582841131,-0.5646461939192432
tabicl,coil2000_insurance_policies,source::coil2000_insurance_policies,M20_cluster_membership,8,8,0,0.8500487743221284,0.814695707832607,0.27235133604723616,1.238725310494242,8,0,0,cluster_membership_k15_both,1.5929204832058463,0.2301617673499759
tabicl,coil2000_insurance_policies,source::coil2000_insurance_policies,M2_frequency_ratio,7,7,2,-0.2346779626377566,-0.25949352370774836,-0.32420934687967135,-0.14796726283294845,0,0,7,freq_ratio_log__sel_combined_intersection,-0.099602014474322,-0.5378214694169204
tabicl,coil2000_insurance_policies,source::coil2000_insurance_policies,M3_joint_pca,4,4,0,-0.009004672359374799,0.022138407306475177,-0.3739384271588607,0.38707216210596107,2,0,2,joint_pca_var95,0.8549964575238342,-0.7484334835791839
tabicl,coil2000_insurance_policies,source::coil2000_insurance_policies,M3b_joint_tsne,3,3,0,0.81099747522963,0.7727506414104344,0.671755875578119,0.8928688241523477,3,0,0,joint_tsne_2d_p30,0.9747401730750654,0.5325142759266079
tabicl,coil2000_insurance_policies,source::coil2000_insurance_policies,M4_target_encoding,12,12,2,-0.6458772860360575,-0.7548893840523263,-1.0650833988097934,-0.5920890881193547,0,0,12,target_enc_ratio__sel_combined_intersection,-0.1675017921804485,-1.1179304941319623
tabicl,coil2000_insurance_policies,source::coil2000_insurance_policies,M5_joint_scaling,1,1,0,-1.1490592981470454e-06,-1.1490592981470454e-06,-1.1490592981470454e-06,-1.1490592981470454e-06,0,0,1,joint_scaling,-1.1490592981470454e-06,-1.1490592981470454e-06
tabicl,coil2000_insurance_policies,source::coil2000_insurance_policies,M6_adversarial_validation,7,7,0,0.3629764845605787,0.3990713414963865,0.3320421102655628,0.4309720634428649,7,0,0,adversarial_lgbm_cal_platt_feature,0.6531472503934818,0.2513473081037901
tabicl,coil2000_insurance_policies,source::coil2000_insurance_policies,M7_pseudo_labeling,9,9,0,-1.016861495600492,-0.9199317641677549,-1.0173423930648986,-0.8381951364378353,1,0,8,pseudo_label_v2_cal_iso_wprop_conf85,0.1145841301485756,-1.6442926975278318
tabicl,coil2000_insurance_policies,source::coil2000_insurance_policies,M8_label_propagation,11,11,0,-20.49742062778151,-20.55648473601878,-22.413645813692863,-19.934943315599646,0,0,11,label_prop_v3_adaptive,-15.43675675678103,-23.18372061072852
tabicl,coil2000_insurance_policies,source::coil2000_insurance_policies,M9_optimal_transport,9,9,0,0.5203714027147542,0.26911963041005704,0.1261010129449707,0.7330668551138908,8,0,1,ot_disp_v2_selective_and_summary_abs,0.7445417488198754,-1.2961427650220467
tabicl,concrete_compressive_strength,source::concrete_compressive_strength,M14_groupby_aggregation,9,9,2,-10.882186859634723,-8.84663168501968,-11.3261246467902,-8.931111880447249,1,0,8,joint_groupby_combined__sel_combined_intersection,0.9573466066679878,-13.622580077417805
tabicl,concrete_compressive_strength,source::concrete_compressive_strength,M14b_groupby_shift_features,6,6,2,-8.24133327757777,-6.196073850388423,-9.399239801677998,-3.5351080677173954,1,0,5,groupby_shift_cohen_d__sel_combined_intersection,0.9573282159192672,-9.899529788952256
tabicl,concrete_compressive_strength,source::concrete_compressive_strength,M16_nearest_test_distance,7,7,0,-26.941157472823228,-26.470048691020388,-27.678893194537665,-24.19644139566187,0,0,7,nearest_test_k10_filter_both,-21.154830239316027,-33.4436839446044
tabicl,concrete_compressive_strength,source::concrete_compressive_strength,M17_test_directed_augmentation,12,12,0,-14.825004334959914,-14.171243927459122,-17.705363742270876,-6.413524684990828,0,0,12,tdda_v2_k5_lam07_pfl_dw_cumshift,-6.244129463700298,-34.50713050886785
tabicl,concrete_compressive_strength,source::concrete_compressive_strength,M18_leaf_density,8,8,0,-3.3938586011259284,-2.7600151628457317,-4.299469682743663,-1.4643834781937084,1,0,7,leaf_density_embed_k5,0.7210240000883282,-4.5916112846757775
tabicl,concrete_compressive_strength,source::concrete_compressive_strength,M19_neighborhood_consensus,6,6,0,-14.80531703347646,-15.034213399631675,-15.373368001000603,-14.464657483156614,0,0,6,neighbor_consensus_k10_uniform,-14.262666604355328,-16.418157103256494
tabicl,concrete_compressive_strength,source::concrete_compressive_strength,M1_frequency_encoding,6,6,4,2.032420204547461e-06,-0.33716380634081994,-1.47661389973991,0.7179826925818531,3,0,3,joint_freq_combined__sel_combined_intersection,0.9573466066679878,-1.9688238783957708
tabicl,concrete_compressive_strength,source::concrete_compressive_strength,M20_cluster_membership,8,8,0,-4.807362251452674,-4.901412976433607,-5.30182781744044,-4.718624247736058,0,0,8,cluster_membership_k10_weight,-1.98141823252678,-6.762775528945668
tabicl,concrete_compressive_strength,source::concrete_compressive_strength,M2_frequency_ratio,7,7,2,2.3432630186967035e-05,-0.1444945520869953,4.235716832039497e-06,2.47219911036093e-05,5,1,1,freq_ratio_log__sel_combined_intersection,0.9573055412717548,-1.96884875392678
tabicl,concrete_compressive_strength,source::concrete_compressive_strength,M3_joint_pca,4,4,0,-3.3692864760328787,-3.17673093040889,-3.9036161669364238,-2.642401239505345,0,0,4,joint_pca_10,-2.064676205619393,-3.903674563950409
tabicl,concrete_compressive_strength,source::concrete_compressive_strength,M3b_joint_tsne,3,3,0,-3.874324262238808,-3.7434994535650987,-3.950091417704218,-3.602319893762834,0,0,3,joint_tsne_2d_p50,-3.33031552528686,-4.025858573169628
tabicl,concrete_compressive_strength,source::concrete_compressive_strength,M4_target_encoding,12,12,2,8.212460371535558e-06,-0.08427935217326978,0.0,8.471433664078994e-06,8,3,1,target_enc_ratio__sel_combined_intersection,0.9573699595639298,-1.9687982486772944
tabicl,concrete_compressive_strength,source::concrete_compressive_strength,M5_joint_scaling,1,1,0,2.9001481944884573e-05,2.9001481944884573e-05,2.9001481944884573e-05,2.9001481944884573e-05,1,0,0,joint_scaling,2.9001481944884573e-05,2.9001481944884573e-05
tabicl,concrete_compressive_strength,source::concrete_compressive_strength,M6_adversarial_validation,7,7,0,-2.25823794793368,-2.0055932511684857,-2.4966459057245913,-1.564421449992419,0,0,7,adversarial_lgbm_cal_platt_feature,-0.9237432527564676,-2.7350368460552303
tabicl,concrete_compressive_strength,source::concrete_compressive_strength,M8_label_propagation,11,11,0,-2.272627056494573,-2.586994784581406,-2.956941226530541,-1.9375567856242921,1,0,10,label_prop_weighted_adaptive_a05,0.0819098143429484,-6.9316060050220685
tabicl,concrete_compressive_strength,source::concrete_compressive_strength,M9_optimal_transport,9,9,0,-47.73218085920885,-40.201393902581216,-51.196405369800246,-21.46883696662999,0,0,9,ot_disp_v2_selective_abs,-16.059318857531025,-62.12297381897634
tabicl,credit-g,source::credit-g,M14_groupby_aggregation,9,9,2,-9.703059383698116,-9.286976382781793,-10.548523704655333,-8.376377504436197,0,0,9,joint_groupby_combined__sel_combined_intersection,-6.735128262238795,-10.790961535341246
tabicl,credit-g,source::credit-g,M14b_groupby_shift_features,6,6,2,-6.662821725002079,-6.4638927035102505,-6.8574977099979755,-6.291494762864931,0,0,6,groupby_shift_cohen_d__sel_combined_intersection,-5.210849815693572,-7.156754141547953
tabicl,credit-g,source::credit-g,M16_nearest_test_distance,7,7,0,-4.408309204111832,-4.323359453509745,-4.528716846597153,-3.7664596199997753,0,0,7,nearest_test_k10_both,-3.721677358259578,-5.543176679002949
tabicl,credit-g,source::credit-g,M17_test_directed_augmentation,12,12,0,-20.85810542712041,-18.936381949228082,-22.046406282497017,-13.300951254301568,0,0,12,tdda_v2_k5_lam06_pfl_dw,-13.176162738385154,-26.763449060177287
tabicl,credit-g,source::credit-g,M18_leaf_density,8,8,0,-4.580343301172503,-4.088955331316436,-5.30131411452513,-2.279307969502011,0,0,8,leaf_density_embed_k10,-1.6149049999483398,-6.842363783599583
tabicl,credit-g,source::credit-g,M19_neighborhood_consensus,6,6,0,-8.658154693508468,-8.68914531666927,-9.897086350407918,-6.904890795298112,0,0,6,neighbor_consensus_k10_uniform,-6.106819559641041,-12.081209888088583
tabicl,credit-g,source::credit-g,M1_frequency_encoding,6,6,4,-4.2576189584141435,-4.2504650068515675,-4.782800130393676,-3.9429409673617486,0,0,6,joint_freq_combined__sel_combined_union,-2.7934042041634664,-5.398239095386515
tabicl,credit-g,source::credit-g,M20_cluster_membership,8,8,0,-3.041388191112296,-2.9709033302013284,-4.606923550071011,-1.7356666524079256,0,0,8,cluster_membership_k10_both_cumshift,-0.7143036255046539,-4.822294368143816
tabicl,credit-g,source::credit-g,M2_frequency_ratio,7,7,2,-1.512419112408467,-1.9294681484793463,-3.4701827723995904,-0.5705165743044598,0,0,7,freq_ratio_v2_both_gated,-0.3230636023169709,-3.589395631221888
tabicl,credit-g,source::credit-g,M3_joint_pca,4,4,0,-3.9629204052824276,-4.086587889613802,-5.402251208427808,-2.647257086468421,0,0,4,joint_pca_var90,-2.647257086468421,-5.773253661421933
tabicl,credit-g,source::credit-g,M3b_joint_tsne,3,3,0,-3.378494189073791,-3.2477760060889693,-3.7680379144682448,-2.792873189202105,0,0,3,joint_tsne_2d_p30,-2.207252189330419,-4.157581639862698
tabicl,credit-g,source::credit-g,M4_target_encoding,12,12,2,-4.038427782702764,-4.464707418131487,-5.849697690232375,-3.1851531166890457,0,0,12,target_enc_absolute,-2.910788011452188,-6.252819173180211
tabicl,credit-g,source::credit-g,M5_joint_scaling,1,1,0,0.0,0.0,0.0,0.0,0,1,0,joint_scaling,0.0,0.0
tabicl,credit-g,source::credit-g,M6_adversarial_validation,7,7,0,-1.0838605377706252,-1.1692907304805913,-1.5961424713141081,-0.7401021023767079,0,0,7,adversarial_lgbm_both_ratio,-0.6225265396852364,-1.8061588885266453
tabicl,credit-g,source::credit-g,M7_pseudo_labeling,9,9,0,-1.5046603938065797,-7.578216127350491,-14.247367419577046,0.5039331983178649,3,1,5,pseudo_label_v2_cal_iso_wfixed_conf90,0.5039331983178649,-24.458578620452634
tabicl,credit-g,source::credit-g,M8_label_propagation,11,11,0,-2.534799917987679,-3.7572768158197247,-6.212491536949048,-1.8797339615043338,0,0,11,label_prop_k10_a05,-1.201863862514326,-7.530529672673532
tabicl,credit-g,source::credit-g,M9_optimal_transport,9,9,0,-5.917837235064108,-6.405384360593242,-6.882101403207016,-5.897599664870566,0,0,9,ot_disp_v2_selective_and_summary_abs,-4.910708359208003,-7.905131227072302
tabicl,credit_card_clients_default,source::credit_card_clients_default,M14_groupby_aggregation,9,9,2,-1.486891698233439,-1.6190222563638916,-1.516366628942866,-1.3087756672129287,0,0,9,joint_groupby_combined__sel_combined_intersection,-0.4228314467975686,-3.527419381303796
tabicl,credit_card_clients_default,source::credit_card_clients_default,M14b_groupby_shift_features,6,6,2,-1.214702707399748,-0.9556319172625104,-1.3971889041699246,-0.45304937501546116,0,0,6,groupby_shift_cohen_d__sel_combined_union,-0.1722829805963391,-1.474920540865211
tabicl,credit_card_clients_default,source::credit_card_clients_default,M16_nearest_test_distance,7,7,0,-0.8476272726999579,-1.0466330723724329,-1.1247572547408984,-0.8106715241524736,0,0,7,nearest_test_k5_both,-0.697932340774932,-1.910014335345396
tabicl,credit_card_clients_default,source::credit_card_clients_default,M17_test_directed_augmentation,12,12,0,-11.978615075754545,-12.502639008517008,-12.671802863232756,-10.034390500539963,0,0,12,tdda_k5_lam06_aug1,-7.323593556559231,-27.40741014641097
tabicl,credit_card_clients_default,source::credit_card_clients_default,M18_leaf_density,8,8,0,-0.6090984955860519,-0.6436074366308651,-0.6731072109583772,-0.5780035298736776,0,0,8,leaf_density_embed_k10_cumshift,-0.4742196041799206,-0.9515498604482164
tabicl,credit_card_clients_default,source::credit_card_clients_default,M19_neighborhood_consensus,6,6,0,-2.752356272736214,-2.7637049915489253,-2.8767153362774276,-2.626995375851581,0,0,6,neighbor_consensus_k10_uniform,-2.5473744686643465,-3.0267661674755746
tabicl,credit_card_clients_default,source::credit_card_clients_default,M1_frequency_encoding,6,6,4,-0.0345800053477412,-0.08137305631427273,-0.30364678892189834,0.1854697419753342,3,0,3,joint_freq_combined__sel_combined_intersection,0.2107016138183521,-0.4952638819782479
tabicl,credit_card_clients_default,source::credit_card_clients_default,M20_cluster_membership,8,8,0,-0.5391827766937638,-0.44706610736556207,-0.6082561236052149,-0.24997764074372833,1,0,7,cluster_membership_k10_weight,0.0334868861517748,-0.7324314599242226
tabicl,credit_card_clients_default,source::credit_card_clients_default,M2_frequency_ratio,7,7,2,-0.0489893038401992,-0.032440317788325713,-0.06722105296727475,0.06482451045940475,3,0,4,freq_ratio_log__sel_combined_intersection,0.2105213531475071,-0.3838211888098479
tabicl,credit_card_clients_default,source::credit_card_clients_default,M3_joint_pca,4,4,0,-1.350579965597944,-1.1814284363981404,-1.4099539018,-1.1220545001960844,0,0,4,joint_pca_5,-0.6145964460453185,-1.4099573683513544
tabicl,credit_card_clients_default,source::credit_card_clients_default,M3b_joint_tsne,3,3,0,-1.0767339632134152,-1.098929136063761,-1.145875485634967,-1.0408852000673818,0,0,3,joint_tsne_3d_p30,-1.0050364369213485,-1.2150170080565192
tabicl,credit_card_clients_default,source::credit_card_clients_default,M4_target_encoding,12,12,2,-0.3744268346202884,-0.4336844487655657,-0.7950096451014207,-0.15088627007625502,1,0,11,target_enc_ratio__sel_combined_intersection,0.2106461489965342,-0.8449002522956094
tabicl,credit_card_clients_default,source::credit_card_clients_default,M5_joint_scaling,1,1,0,6.933102723582654e-05,6.933102723582654e-05,6.933102723582654e-05,6.933102723582654e-05,1,0,0,joint_scaling,6.933102723582654e-05,6.933102723582654e-05
tabicl,credit_card_clients_default,source::credit_card_clients_default,M6_adversarial_validation,7,7,0,0.0616075507959793,0.045052622084597316,0.058067046338784456,0.0987805365620434,6,0,1,adversarial_rf_feature,0.1087526493118859,-0.1686870113173397
tabicl,credit_card_clients_default,source::credit_card_clients_default,M7_pseudo_labeling,9,9,0,-0.0121467959706003,-0.04751845893662837,-0.0556635707281723,0.0047745967418758,3,0,6,pseudo_label_lgbm_conf90_iter1,0.0730841468366775,-0.322583403492464
tabicl,credit_card_clients_default,source::credit_card_clients_default,M8_label_propagation,11,11,0,-0.6799848488594956,-0.6769805043462424,-0.8068282742097757,-0.5325477973879146,0,0,11,label_prop_k15_a08,-0.432366774075836,-0.9801281098721296
tabicl,credit_card_clients_default,source::credit_card_clients_default,M9_optimal_transport,9,9,0,-1.6857561946694826,-1.5785719672625016,-1.707170237946405,-0.3746001621883979,0,0,9,ot_disp_v2_summary_only,-0.2917403405124103,-3.5096013073058328
tabicl,diabetes,source::diabetes,M14_groupby_aggregation,9,9,2,0.3711213588139165,0.46833047537708716,-0.3416790860125662,1.5510258893482074,5,0,4,targeted_groupby_top5,1.994428199932012,-0.8555224452646567
tabicl,diabetes,source::diabetes,M14b_groupby_shift_features,6,6,2,-0.34782531816581536,0.002870567436493813,-0.48850502616126973,0.49891983351027885,2,0,4,groupby_shift_ratio_log,0.969464538018282,-0.5023604523102443
tabicl,diabetes,source::diabetes,M16_nearest_test_distance,7,7,0,-3.6251682495806894,-3.675419655783813,-4.504906687044187,-3.0530649559868652,0,0,7,nearest_test_rel_k10_cumshift_both,-1.6768169580762304,-5.310009096767668
tabicl,diabetes,source::diabetes,M17_test_directed_augmentation,12,12,0,-30.19336282435158,-30.861233392982797,-37.123550926964654,-24.07858345621253,0,0,12,tdda_k5_lam06_aug1,-17.99880095665401,-49.00333882675831
tabicl,diabetes,source::diabetes,M18_leaf_density,8,8,0,-1.0859456970520558,-0.7612425845333854,-1.4502773355240204,0.13475378631748816,3,0,5,leaf_density_conf_shallow,1.5558832335365085,-2.8588576877961605
tabicl,diabetes,source::diabetes,M19_neighborhood_consensus,6,6,0,-11.243461474221128,-10.830519834752772,-11.937585468875387,-9.533521003449675,0,0,6,neighbor_consensus_k10_dist_cumshift,-9.037194955415773,-12.326500124372616
tabicl,diabetes,source::diabetes,M1_frequency_encoding,6,6,4,-0.2266330513980229,-0.3850574698910891,-0.753062781555939,-0.056658262849505724,0,2,4,joint_freq_combined,0.0,-0.9285393582752444
tabicl,diabetes,source::diabetes,M20_cluster_membership,8,8,0,-1.9538710008093327,-2.0341288883185937,-2.35598015102974,-1.4295934793834475,0,0,8,cluster_membership_k10_both,-1.1706295073145456,-3.7961549848350975
tabicl,diabetes,source::diabetes,M2_frequency_ratio,7,7,2,-0.0142059635321743,-0.17111290003854143,-0.12041950746509861,-0.00710298176608715,0,2,5,freq_ratio_log,0.0,-0.9285393582752444
tabicl,diabetes,source::diabetes,M3_joint_pca,4,4,0,-0.9090335180165902,-1.0032305831082942,-1.4813750432197872,-0.4308890579050973,0,0,4,joint_pca_10,-0.4308890579050973,-1.7639662384948993
tabicl,diabetes,source::diabetes,M3b_joint_tsne,3,3,0,-1.929286072196336,-2.1810928211998464,-2.759378189215122,-1.4769040786828156,0,0,3,joint_tsne_2d_p30,-1.0245220851692949,-3.589470306233908
tabicl,diabetes,source::diabetes,M4_target_encoding,12,12,2,0.0,-0.09744819776712012,-0.003551490883043575,0.0,0,9,3,target_enc_diff,0.0,-0.9285393582752444
tabicl,diabetes,source::diabetes,M5_joint_scaling,1,1,0,0.0,0.0,0.0,0.0,0,1,0,joint_scaling,0.0,0.0
tabicl,diabetes,source::diabetes,M6_adversarial_validation,7,7,0,-0.9846272511632236,-0.9603477669464413,-1.269629675295314,-0.6289629899906385,0,0,7,adversarial_logreg_feature,-0.5850203691609891,-1.355601417728972
tabicl,diabetes,source::diabetes,M7_pseudo_labeling,9,9,0,0.6091637210296044,0.13401206376410496,-0.2440772443890526,0.76977149120326,5,1,3,pseudo_label_v2_cal_iso_wfixed_conf90,0.76977149120326,-1.836469890224679
tabicl,diabetes,source::diabetes,M8_label_propagation,11,11,0,-2.664978734782224,-3.5293869345113524,-5.553939148908604,-1.4495224973553977,0,0,11,label_prop_weighted_k15_a08,-0.3143711008092416,-8.862086837213695
tabicl,diabetes,source::diabetes,M9_optimal_transport,9,9,0,-11.749945221066737,-9.810886581868099,-13.016042282406962,-5.868091372933287,0,0,9,ot_disp_v2_summary_only,-3.191408942837079,-13.92301988791884
tabicl,gas_sensor_drift,source::gas_sensor_drift,M14_groupby_aggregation,9,9,2,-0.0001340473746656,-2.909204218867656,-0.0001340473746656,-0.0001340473746656,2,0,7,targeted_groupby_top3,0.0001120242913814,-19.12048253491672
tabicl,gas_sensor_drift,source::gas_sensor_drift,M14b_groupby_shift_features,6,6,2,-0.0001340473746656,-4.3637803165584925,-5.29646544679488,-0.0001340473746656,1,0,5,groupby_shift_cohen_d,0.0001120242913814,-19.12048253491672
tabicl,gas_sensor_drift,source::gas_sensor_drift,M16_nearest_test_distance,7,7,0,11.832832644423087,11.62852320491606,10.487519496572252,13.175367824094266,7,0,0,nearest_test_k10_both,14.310680238801462,7.930374909854827
tabicl,gas_sensor_drift,source::gas_sensor_drift,M17_test_directed_augmentation,12,12,0,-19.955906932320048,-18.233579901191124,-38.712092044118904,1.8626570576258716,5,0,7,tdda_v2_k5_lam07_pfl_dw,2.2561935254935155,-45.163059675957314
tabicl,gas_sensor_drift,source::gas_sensor_drift,M18_leaf_density,8,8,0,1.8092730895572906,2.533749118759429,1.3642900895160517,3.8945367747188535,7,0,1,leaf_density_conf_deep,9.413275492645091,-4.137372084118253
tabicl,gas_sensor_drift,source::gas_sensor_drift,M19_neighborhood_consensus,6,6,0,-25.1187168840636,-25.536531910335714,-25.562277924697526,-24.930481805607013,0,0,6,neighbor_consensus_k20_dist,-24.220635667275616,-28.183253642247823
tabicl,gas_sensor_drift,source::gas_sensor_drift,M1_frequency_encoding,6,6,4,-7.061909246601617,-8.72754888601817,-16.105839212837946,-1.7655778471814036,0,0,6,joint_freq_combined,-0.0001340473746656,-19.120724193239727
tabicl,gas_sensor_drift,source::gas_sensor_drift,M20_cluster_membership,8,8,0,5.623306820924462,5.943482178715993,5.074361176179304,7.098336856180173,8,0,0,cluster_membership_k15_both,9.87169485896014,2.0841018272854
tabicl,gas_sensor_drift,source::gas_sensor_drift,M2_frequency_ratio,7,7,2,-0.0001340473746656,-3.740436800721232,-3.5310216469881417,-0.0001340473746656,1,0,6,freq_ratio_v2_diff_gated,0.0001120242913814,-19.120724193239727
tabicl,gas_sensor_drift,source::gas_sensor_drift,M3_joint_pca,4,4,0,-8.872230142240001,-6.759728649950271,-18.305625497684346,2.673666705494072,2,0,2,joint_pca_10,9.34873546271612,-18.6431897780372
tabicl,gas_sensor_drift,source::gas_sensor_drift,M3b_joint_tsne,3,3,0,-12.98050672492704,-11.306960201876343,-23.19367481639169,-0.2570188488863412,1,0,2,joint_tsne_3d_p30,12.466469027154355,-33.406842907856344
tabicl,gas_sensor_drift,source::gas_sensor_drift,M4_target_encoding,12,12,2,-0.0001340473746656,-2.1819438083164964,-0.0001340473746656,0.0,1,3,8,target_enc_ratio_cap5,0.0001120242913814,-19.120724193239727
tabicl,gas_sensor_drift,source::gas_sensor_drift,M5_joint_scaling,1,1,0,0.0004203882201076,0.0004203882201076,0.0004203882201076,0.0004203882201076,1,0,0,joint_scaling,0.0004203882201076,0.0004203882201076
tabicl,gas_sensor_drift,source::gas_sensor_drift,M6_adversarial_validation,7,7,0,5.727780647803932,4.8327271787612505,2.9851563984772223,6.218664202867216,6,0,1,adversarial_rf_feature,10.583895803976374,-0.890227403140429
tabicl,gas_sensor_drift,source::gas_sensor_drift,M7_pseudo_labeling,9,9,0,-299.1633314788763,-276.769867718929,-310.7233021347278,-299.1235619421783,0,0,9,pseudo_label_v2_cal_platt_wprop_conf90,-0.0001340473746656,-390.3030968414565
tabicl,gas_sensor_drift,source::gas_sensor_drift,M8_label_propagation,11,11,0,13.708362843118044,2.103225180106661,-8.66178849473691,14.53617992513008,8,0,3,label_prop_weighted_adaptive_a05,16.56678755505469,-30.89529654144199
tabicl,gas_sensor_drift,source::gas_sensor_drift,M9_optimal_transport,9,9,0,-54.835898424219934,-126.03469486080674,-254.04756593340085,-37.22315528570313,1,0,8,ot_disp_v2_summary_only,6.433761943701351,-292.013386081377
tabicl,hazelnut-spread-contaminant-detection,source::hazelnut-spread-contaminant-detection,M14_groupby_aggregation,9,0,2,,,,,0,0,0,,,
tabicl,hazelnut-spread-contaminant-detection,source::hazelnut-spread-contaminant-detection,M14b_groupby_shift_features,6,0,2,,,,,0,0,0,,,
tabicl,hazelnut-spread-contaminant-detection,source::hazelnut-spread-contaminant-detection,M16_nearest_test_distance,7,0,0,,,,,0,0,0,,,
tabicl,hazelnut-spread-contaminant-detection,source::hazelnut-spread-contaminant-detection,M17_test_directed_augmentation,12,0,0,,,,,0,0,0,,,
tabicl,hazelnut-spread-contaminant-detection,source::hazelnut-spread-contaminant-detection,M18_leaf_density,8,0,0,,,,,0,0,0,,,
tabicl,hazelnut-spread-contaminant-detection,source::hazelnut-spread-contaminant-detection,M19_neighborhood_consensus,6,0,0,,,,,0,0,0,,,
tabicl,hazelnut-spread-contaminant-detection,source::hazelnut-spread-contaminant-detection,M1_frequency_encoding,6,0,4,,,,,0,0,0,,,
tabicl,hazelnut-spread-contaminant-detection,source::hazelnut-spread-contaminant-detection,M20_cluster_membership,8,0,0,,,,,0,0,0,,,
tabicl,hazelnut-spread-contaminant-detection,source::hazelnut-spread-contaminant-detection,M2_frequency_ratio,7,0,2,,,,,0,0,0,,,
tabicl,hazelnut-spread-contaminant-detection,source::hazelnut-spread-contaminant-detection,M3_joint_pca,4,0,0,,,,,0,0,0,,,
tabicl,hazelnut-spread-contaminant-detection,source::hazelnut-spread-contaminant-detection,M3b_joint_tsne,3,0,0,,,,,0,0,0,,,
tabicl,hazelnut-spread-contaminant-detection,source::hazelnut-spread-contaminant-detection,M4_target_encoding,12,0,2,,,,,0,0,0,,,
tabicl,hazelnut-spread-contaminant-detection,source::hazelnut-spread-contaminant-detection,M5_joint_scaling,1,0,0,,,,,0,0,0,,,
tabicl,hazelnut-spread-contaminant-detection,source::hazelnut-spread-contaminant-detection,M6_adversarial_validation,7,0,0,,,,,0,0,0,,,
tabicl,hazelnut-spread-contaminant-detection,source::hazelnut-spread-contaminant-detection,M7_pseudo_labeling,9,0,0,,,,,0,0,0,,,
tabicl,hazelnut-spread-contaminant-detection,source::hazelnut-spread-contaminant-detection,M8_label_propagation,11,0,0,,,,,0,0,0,,,
tabicl,hazelnut-spread-contaminant-detection,source::hazelnut-spread-contaminant-detection,M9_optimal_transport,9,0,0,,,,,0,0,0,,,
tabicl,healthcare_insurance_expenses,source::healthcare_insurance_expenses,M14_groupby_aggregation,9,9,2,-0.766375837278615,-0.601348996646593,-0.8218446148220826,-0.3657389355535655,1,0,8,joint_groupby_combined__sel_combined_union,0.5132044974955295,-1.2766793120442754
tabicl,healthcare_insurance_expenses,source::healthcare_insurance_expenses,M14b_groupby_shift_features,6,6,2,-0.2892707828287679,-0.3093499227913459,-0.3057137879958027,-0.27321880211197536,1,0,5,groupby_shift_cohen_d__sel_combined_union,0.4183029866892785,-1.1167980261886257
tabicl,healthcare_insurance_expenses,source::healthcare_insurance_expenses,M16_nearest_test_distance,7,7,0,-1.3592615184888797,-1.3613397058543857,-1.820978250530336,-0.7605348477730292,0,0,7,nearest_test_k10_cumshift_both,-0.4875283633712076,-2.5195618625138807
tabicl,healthcare_insurance_expenses,source::healthcare_insurance_expenses,M17_test_directed_augmentation,12,12,0,-10.803982541727814,-10.608030882149174,-12.082015781862337,-8.284458043304815,0,0,12,tdda_k5_lam06_aug1,-7.938983327839602,-15.184368610103558
tabicl,healthcare_insurance_expenses,source::healthcare_insurance_expenses,M18_leaf_density,8,8,0,-0.1930034106478677,-0.21799877155884234,-0.32717819757231503,0.02155397125870378,2,0,6,leaf_density_conf_shallow,0.3648546340935121,-1.1571821591438023
tabicl,healthcare_insurance_expenses,source::healthcare_insurance_expenses,M19_neighborhood_consensus,6,6,0,0.9488318974255712,0.8837966438649568,0.8697693656380658,1.0000641280373093,6,0,0,neighbor_consensus_k5_dist,1.1346471111865983,0.4099122305352138
tabicl,healthcare_insurance_expenses,source::healthcare_insurance_expenses,M1_frequency_encoding,6,6,4,-0.29175161106831965,-0.17222649782680868,-0.4334675249535204,0.015186921212932025,2,0,4,joint_freq_separate__sel_combined_union,0.4559550514719379,-0.5426044186875794
tabicl,healthcare_insurance_expenses,source::healthcare_insurance_expenses,M20_cluster_membership,8,8,0,-0.9766084164092287,-1.5210776988037353,-1.8050105492414836,-0.8075226842003173,0,0,8,cluster_membership_k10_weight,-0.1040176558195193,-3.653798280146104
tabicl,healthcare_insurance_expenses,source::healthcare_insurance_expenses,M2_frequency_ratio,7,7,2,-4.876847989206138e-06,-0.09959503278487995,-0.19104430315324103,0.02947875235213609,2,0,5,freq_ratio_v2_ratio_ungated,0.0594328145070364,-0.4334620655509971
tabicl,healthcare_insurance_expenses,source::healthcare_insurance_expenses,M3_joint_pca,4,4,0,-1.3397474527077113,-1.3397509352032448,-1.3397525771519438,-1.3397458107590123,0,0,4,joint_pca_var90,-1.3397458107590123,-1.339763024638544
tabicl,healthcare_insurance_expenses,source::healthcare_insurance_expenses,M3b_joint_tsne,3,3,0,0.0144007530202863,-0.011027848377414004,-0.12576233376691587,0.11642093771093799,2,0,1,joint_tsne_2d_p30,0.2184411224015897,-0.265925420554118
tabicl,healthcare_insurance_expenses,source::healthcare_insurance_expenses,M4_target_encoding,12,12,2,0.07231143896866646,0.033376099676871586,0.071011948391164,0.17240424852900424,10,0,2,target_enc_oof_ratio,0.2197039565063295,-0.4334646253365087
tabicl,healthcare_insurance_expenses,source::healthcare_insurance_expenses,M5_joint_scaling,1,1,0,8.059812722474116e-06,8.059812722474116e-06,8.059812722474116e-06,8.059812722474116e-06,1,0,0,joint_scaling,8.059812722474116e-06,8.059812722474116e-06
tabicl,healthcare_insurance_expenses,source::healthcare_insurance_expenses,M6_adversarial_validation,7,7,0,0.1848167755155149,0.22068217369496787,0.17563504548649161,0.2645599444617214,6,0,1,adversarial_lgbm_cal_platt_feature,0.618497419890333,-0.1389289594374985
tabicl,healthcare_insurance_expenses,source::healthcare_insurance_expenses,M8_label_propagation,11,11,0,-0.1200101403049834,-0.5107098283726351,-1.2117342326376828,0.1612925971629155,4,0,7,label_prop_weighted_adaptive_a05,0.4258426008361469,-1.9287110445535656
tabicl,healthcare_insurance_expenses,source::healthcare_insurance_expenses,M9_optimal_transport,9,9,0,-3.574313926858735,-5.618994051844002,-12.046784848402188,-0.5276158963655402,1,0,8,ot_disp_v2_summary_only,0.2087005129113752,-12.046855547846954
tabicl,heloc,source::heloc,M14_groupby_aggregation,9,9,2,-1.2427263806043372,-1.5623594462242092,-2.083526070883617,-0.9310258063747754,0,0,9,joint_groupby_mean_only,-0.4466700585123483,-2.917838200556383
tabicl,heloc,source::heloc,M14b_groupby_shift_features,6,6,2,-0.7377840642487844,-0.6411886105497427,-0.8171603043539206,-0.5344716134769802,0,0,6,groupby_shift_cohen_d__sel_combined_union,-0.1829975705587504,-0.8782461166334596
tabicl,heloc,source::heloc,M16_nearest_test_distance,7,7,0,-1.0106705342792646,-1.1272910501461308,-1.5843796341924308,-0.7993693826735198,0,0,7,nearest_test_k10_filter_both,-0.4371101742002507,-1.6757586088114986
tabicl,heloc,source::heloc,M17_test_directed_augmentation,12,12,0,-25.35006560742007,-21.502200654550293,-27.08172042932069,-11.69754356453867,0,0,12,tdda_v2_k5_lam07_pfl_dw,-11.596756612285928,-40.16003067284032
tabicl,heloc,source::heloc,M18_leaf_density,8,8,0,-0.27227757319628315,-0.2834705293041673,-0.5760931286046831,-0.0017698877694836239,2,0,6,leaf_density_embed_k10_cumshift,0.1090256625267158,-0.6712770718057499
tabicl,heloc,source::heloc,M19_neighborhood_consensus,6,6,0,-1.9924530634493292,-1.9170918547932814,-2.0626821548588348,-1.8736770727982497,0,0,6,neighbor_consensus_k20_dist,-1.5177241319009906,-2.079743942050146
tabicl,heloc,source::heloc,M1_frequency_encoding,6,6,4,-0.0048419596467627005,-0.025983016258326882,-0.10522293219399062,0.0459372299460787,2,0,4,joint_freq_separate__sel_combined_intersection,0.0675604939908033,-0.1379550423478651
tabicl,heloc,source::heloc,M20_cluster_membership,8,8,0,-0.7573824384752113,-0.7905818214553526,-1.1547860853000897,-0.5869809022845605,0,0,8,cluster_membership_k10_weight,-0.1350289053546648,-1.176826713968898
tabicl,heloc,source::heloc,M2_frequency_ratio,7,7,2,-0.006943646376493,-0.014822887020241243,-0.0069851240544300496,-0.0034995021828455003,1,0,6,freq_ratio_log__sel_combined_intersection,0.0621077320572205,-0.1379550423478651
tabicl,heloc,source::heloc,M3_joint_pca,4,4,0,-0.01601627392616385,0.07974396988742294,-0.06979539806410383,0.13352309402536294,2,0,2,joint_pca_5,0.4232326572411007,-0.0722242298390812
tabicl,heloc,source::heloc,M3b_joint_tsne,3,3,0,-0.826252033917061,-0.976637966359614,-1.489290762890731,-0.3887922036072206,1,0,2,joint_tsne_2d_p50,0.0486676267026198,-2.1523294918644007
tabicl,heloc,source::heloc,M4_target_encoding,12,12,2,-0.0069989227377680995,-0.010839288120525307,-0.0076425118924177,0.0,2,3,7,target_enc_ratio__sel_combined_intersection,0.0551088107161238,-0.1381487344770185
tabicl,heloc,source::heloc,M5_joint_scaling,1,1,0,-0.006971376582467,-0.006971376582467,-0.006971376582467,-0.006971376582467,0,0,1,joint_scaling,-0.006971376582467,-0.006971376582467
tabicl,heloc,source::heloc,M6_adversarial_validation,7,7,0,0.4458704589766081,0.43377675099524565,0.3612137963894449,0.48552876870855544,7,0,0,adversarial_rf_feature,0.5544153712290015,0.3426662965651096
tabicl,heloc,source::heloc,M7_pseudo_labeling,9,9,0,-0.1472427182735774,-0.6394847309464611,-0.3119415579290894,-0.1435633848745721,0,0,9,pseudo_label_v2_cal_platt_wprop_conf90,-0.006971243743169,-3.8653377847179673
tabicl,heloc,source::heloc,M8_label_propagation,11,11,0,-1.4627502323848396,-1.5557450868750822,-1.6693574168793022,-1.3859921144850027,0,0,11,label_prop_weighted_k15_a08,-1.170655853296081,-2.302720027851195
tabicl,heloc,source::heloc,M9_optimal_transport,9,9,0,-0.1165653345238528,-0.6411293211273977,-0.4255229632212744,-0.0092708785811828,2,0,7,ot_disp_v2_selective_abs,0.3504733655583778,-3.102595145530044
tabicl,houses,source::houses,M14_groupby_aggregation,9,9,2,-1.018572352003142,-1.2119651486295007,-1.4032230259250922,-0.9642506594476992,1,0,8,joint_groupby_combined__sel_combined_intersection,0.2488720331513168,-3.0399799269511627
tabicl,houses,source::houses,M14b_groupby_shift_features,6,6,2,-0.30612017292840504,-0.1740182808409426,-0.30758146063997677,-0.121949186011024,1,0,5,groupby_shift_cohen_d__sel_combined_intersection,0.2488607092314205,-0.3121026348378684
tabicl,houses,source::houses,M16_nearest_test_distance,7,7,0,-3.4432452856210256,-3.361958501539037,-3.8053718411411386,-3.0955764871239912,0,0,7,nearest_test_rel_k5_both,-2.4796871538263603,-3.808880414795616
tabicl,houses,source::houses,M17_test_directed_augmentation,12,12,0,-8.312201416066575,-7.4465274008531805,-8.77332228218324,-4.299906404203921,0,0,12,tdda_v2_k10_lam07_pfl_dw,-4.295373540535911,-15.45293694294547
tabicl,houses,source::houses,M18_leaf_density,8,8,0,-0.94574197901655,-0.870780550957407,-1.3113839197805688,-0.434169719167277,0,0,8,leaf_density_embed_k10_cumshift,-0.2040526731601752,-1.4249049247218288
tabicl,houses,source::houses,M19_neighborhood_consensus,6,6,0,-5.24740521513136,-5.212307497188375,-5.420172086633279,-5.103439362861407,0,0,6,neighbor_consensus_k5_dist_cumshift,-4.717711172312712,-5.528111591316142
tabicl,houses,source::houses,M1_frequency_encoding,6,6,4,0.2488610944897894,0.21248398592124104,0.06221517730785513,0.3536555645224628,4,1,1,joint_freq_separate__sel_combined_union,0.3885950279209636,-2.274869938109189e-07
tabicl,houses,source::houses,M20_cluster_membership,8,8,0,-2.2980353307886534,-2.0314482926134056,-2.350153587626809,-1.638140455380418,0,0,8,cluster_membership_k10_weight,-0.6069236203029176,-3.072005566040176
tabicl,houses,source::houses,M2_frequency_ratio,7,7,2,0.0,0.09106589748558544,-8.995167631829811e-07,0.1244350090796451,2,2,3,freq_ratio_log__sel_combined_union,0.3885950279209636,-1.9646476293598527e-06
tabicl,houses,source::houses,M3_joint_pca,4,4,0,-1.6697212815177473,-1.6699481345255234,-1.6983587957222852,-1.6413106203209855,0,0,4,joint_pca_var90,-1.6413106203209855,-1.6990393547456135
tabicl,houses,source::houses,M3b_joint_tsne,3,3,0,-5.501082834345323,-6.012197265951716,-6.840131343021849,-4.9287059730783875,0,0,3,joint_tsne_2d_p50,-4.356329111811452,-8.179179851698374
tabicl,houses,source::houses,M4_target_encoding,12,12,2,0.0,0.05312136915513401,-8.336281206263493e-07,5.0246819632840375e-06,4,3,5,target_enc_ratio__sel_combined_union,0.3885906615760884,-2.879538480807908e-06
tabicl,houses,source::houses,M5_joint_scaling,1,1,0,2.483113066979564e-06,2.483113066979564e-06,2.483113066979564e-06,2.483113066979564e-06,1,0,0,joint_scaling,2.483113066979564e-06,2.483113066979564e-06
tabicl,houses,source::houses,M6_adversarial_validation,7,7,0,0.4586328583125644,0.4092406838834529,0.4517808083921979,0.4729932472842797,7,0,0,adversarial_rf_feature,0.487444570425451,0.0690592470931996
tabicl,houses,source::houses,M8_label_propagation,11,11,0,-2.4343049888505948,-2.301063951791378,-2.6228868908555025,-1.8324491792584763,0,0,11,label_prop_k15_a08,-1.62403579961509,-2.936254816749714
tabicl,houses,source::houses,M9_optimal_transport,9,9,0,-40.7971044080882,-30.942453885563104,-41.38284641837379,-5.179645523112141,0,0,9,ot_disp_v2_summary_only,-3.40568202378513,-51.9436952780724
tabicl,in_vehicle_coupon_recommendation,source::in_vehicle_coupon_recommendation,M14_groupby_aggregation,9,9,2,-2.078151640818912,-6.361149925526465,-2.872977856826689,-0.4127899668063266,2,0,7,targeted_groupby_top5,1.5896842372110005,-29.498858293602016
tabicl,in_vehicle_coupon_recommendation,source::in_vehicle_coupon_recommendation,M14b_groupby_shift_features,6,6,2,-4.426945290316478,-2.8463964039009872,-4.49401736547637,-0.9305681866575788,2,0,4,groupby_shift_cohen_d__sel_combined_union,0.5811877666452281,-4.524191733450577
tabicl,in_vehicle_coupon_recommendation,source::in_vehicle_coupon_recommendation,M16_nearest_test_distance,7,7,0,-11.37252779718068,-11.024540397903094,-11.656166440304819,-10.18853617400664,0,0,7,nearest_test_rel_k5_both,-9.94980562813441,-12.160044131383644
tabicl,in_vehicle_coupon_recommendation,source::in_vehicle_coupon_recommendation,M17_test_directed_augmentation,12,12,0,-7.148814914138358,-7.236198356085008,-7.231412722941633,-6.497750749027572,0,0,12,tdda_k5_lam06_aug1,-6.089444389445186,-11.488076345225226
tabicl,in_vehicle_coupon_recommendation,source::in_vehicle_coupon_recommendation,M18_leaf_density,8,8,0,-3.300667267983063,-4.283730009836877,-6.6559904147634015,-2.1266060929446713,0,0,8,leaf_density_conf_deep,-1.7858548039527933,-8.1097533988765
tabicl,in_vehicle_coupon_recommendation,source::in_vehicle_coupon_recommendation,M19_neighborhood_consensus,6,6,0,-20.650829757378304,-20.66277104345192,-21.1198993604502,-20.09706650666279,0,0,6,neighbor_consensus_k20_dist,-19.96690819441832,-21.51932390030479
tabicl,in_vehicle_coupon_recommendation,source::in_vehicle_coupon_recommendation,M1_frequency_encoding,6,6,4,0.24837212870448405,-0.3708522593392414,-0.869965871515897,0.6369913036870645,3,0,3,joint_freq_combined__sel_combined_intersection,0.98860163815652,-3.234245275359504
tabicl,in_vehicle_coupon_recommendation,source::in_vehicle_coupon_recommendation,M20_cluster_membership,8,8,0,-1.7877799480319512,-1.7182657908871977,-2.2938993279186897,-1.5522425566619786,1,0,7,cluster_membership_k10_weight,0.2012047742262707,-2.525568216202955
tabicl,in_vehicle_coupon_recommendation,source::in_vehicle_coupon_recommendation,M2_frequency_ratio,7,7,2,0.9650555568725,1.028524206125414,0.0002358727356201,1.7626414871788676,6,0,1,freq_ratio_log__sel_combined_intersection,2.708953512156509,-9.434598008548536e-05
tabicl,in_vehicle_coupon_recommendation,source::in_vehicle_coupon_recommendation,M3_joint_pca,4,4,0,0.2265689657109726,0.2265630696711309,0.22648642504573294,0.22664561033637054,4,0,0,joint_pca_var90,0.2267340626122216,0.2263802846503568
tabicl,in_vehicle_coupon_recommendation,source::in_vehicle_coupon_recommendation,M3b_joint_tsne,3,3,0,-2.4722393366661035,-3.4767071933152356,-4.172027995779086,-2.2791524625268194,0,0,3,joint_tsne_2d_p30,-2.086065588387535,-5.8718166548920685
tabicl,in_vehicle_coupon_recommendation,source::in_vehicle_coupon_recommendation,M4_target_encoding,12,12,2,1.7750004361801959,-6.400248445382869,-17.932746885490765,1.8027482298146587,7,0,5,target_enc_inv_ratio,1.8571407764181784,-18.15157335244244
tabicl,in_vehicle_coupon_recommendation,source::in_vehicle_coupon_recommendation,M5_joint_scaling,1,1,0,0.000188685731925,0.000188685731925,0.000188685731925,0.000188685731925,1,0,0,joint_scaling,0.000188685731925,0.000188685731925
tabicl,in_vehicle_coupon_recommendation,source::in_vehicle_coupon_recommendation,M6_adversarial_validation,7,7,0,-1.31345461526019,-0.8991569619924294,-1.7065517272875117,0.12396936025275951,2,0,5,adversarial_lgbm_feature,0.5822889730878974,-2.3977683577052087
tabicl,in_vehicle_coupon_recommendation,source::in_vehicle_coupon_recommendation,M7_pseudo_labeling,9,9,0,-0.3814483531747087,-0.6148819810170393,-0.6904539079944778,-0.3812124866674034,0,0,9,pseudo_label_v2_cal_platt_wprop_conf90,-0.0062727947149388,-2.1103962444553765
tabicl,in_vehicle_coupon_recommendation,source::in_vehicle_coupon_recommendation,M8_label_propagation,11,11,0,-18.68777102970078,-17.879385415451953,-20.47691375452208,-15.363317258423713,0,0,11,label_prop_weighted_adaptive_a05,-12.996449635310894,-22.13550172292856
tabicl,in_vehicle_coupon_recommendation,source::in_vehicle_coupon_recommendation,M9_optimal_transport,9,9,0,-9.433663762189938e-05,-0.4237071317477675,-0.0001886826177246,0.0,2,1,6,ot_disp_v2_selective_top10,0.000141536097981,-2.6261722330578223
tabicl,jm1,source::jm1,M14_groupby_aggregation,9,9,2,-1.889370932368839,-2.6946094551560895,-3.1910539021057915,-1.6309983163695545,0,0,9,joint_groupby_combined__sel_combined_intersection,-0.7832201719840025,-7.595088176880868
tabicl,jm1,source::jm1,M14b_groupby_shift_features,6,6,2,-2.851587047887344,-2.839240273779648,-3.609333656221204,-2.5271733159812637,0,0,6,groupby_shift_cohen_d__sel_combined_intersection,-1.0466021546909758,-4.004714127867166
tabicl,jm1,source::jm1,M16_nearest_test_distance,7,7,0,-13.480479247443464,-15.31607286065953,-17.707729757440756,-12.934940027286153,0,0,7,nearest_test_k10_filter_both,-12.876077440527837,-19.570613767191585
tabicl,jm1,source::jm1,M17_test_directed_augmentation,12,12,0,-11.112812295343373,-10.877553536322827,-11.833762188039248,-7.6396921522067665,0,0,12,tdda_v2_k10_lam07_pfl_dw,-7.637309296014057,-21.563044971031644
tabicl,jm1,source::jm1,M18_leaf_density,8,8,0,-4.251837994702639,-4.643638789537988,-4.78140221907366,-3.952792602408495,0,0,8,leaf_density_conf_shallow,-3.552771850080061,-7.349838417715406
tabicl,jm1,source::jm1,M19_neighborhood_consensus,6,6,0,-22.74835170429737,-22.75397679237743,-23.140508975613272,-22.31210472890794,0,0,6,neighbor_consensus_k10_dist_cumshift,-21.802188845995573,-23.78705136317756
tabicl,jm1,source::jm1,M1_frequency_encoding,6,6,4,-0.26126474789875886,-0.29878250210432095,-0.5416886771157137,-0.06521393549253365,2,0,4,joint_freq_combined,0.0001115470714395,-0.6352500790213569
tabicl,jm1,source::jm1,M20_cluster_membership,8,8,0,-1.9475891858441656,-1.8767296661376807,-2.278798501648488,-1.6255776857339095,0,0,8,cluster_membership_k10_weight,-0.9101340498022674,-2.351468414382012
tabicl,jm1,source::jm1,M2_frequency_ratio,7,7,2,0.0,-0.12799384481680745,-0.13089257423004874,3.719506039796463e-05,3,1,3,freq_ratio_log,0.0003346412143439,-0.6345807965926944
tabicl,jm1,source::jm1,M3_joint_pca,4,4,0,-1.5615074951722345,-1.548045134962377,-1.6703387206321276,-1.4392139095024836,0,0,4,joint_pca_var95,-1.3494780633830528,-1.7196874861219853
tabicl,jm1,source::jm1,M3b_joint_tsne,3,3,0,-1.625221026644402,-1.8135975821913117,-2.122890159631409,-1.4101167269777597,0,0,3,joint_tsne_2d_p30,-1.1950124273111171,-2.620559292618416
tabicl,jm1,source::jm1,M4_target_encoding,12,12,2,0.0001859117857579,-0.07456392424934177,6.507547661938504e-05,0.0003346412143439,9,0,3,target_enc_ratio_cap5,0.0004462645051904,-0.6349898914439389
tabicl,jm1,source::jm1,M5_joint_scaling,1,1,0,-0.0007436217365034,-0.0007436217365034,-0.0007436217365034,-0.0007436217365034,0,0,1,joint_scaling,-0.0007436217365034,-0.0007436217365034
tabicl,jm1,source::jm1,M6_adversarial_validation,7,7,0,-2.6575294931063493,-2.2249192644733538,-2.849391345221235,-1.6376428810817556,0,0,7,adversarial_lgbm_cal_iso_feature,-1.0862010093641534,-2.8566358962369924
tabicl,jm1,source::jm1,M7_pseudo_labeling,9,9,0,-4.676420866559943,-8.305470716783827,-11.515281954314124,-4.644992310861947,0,0,9,pseudo_label_v2_cal_platt_wprop_conf90,-0.1925366731522758,-23.09734701708218
tabicl,jm1,source::jm1,M8_label_propagation,11,11,0,-6.997434072209908,-6.849787545553906,-7.295868512136376,-6.727688653644474,0,0,11,label_prop_weighted_adaptive_a05,-4.595912107554539,-7.69454577392961
tabicl,jm1,source::jm1,M9_optimal_transport,9,9,0,-20.2091309520852,-16.811304035217287,-21.295246964130687,-5.929534823708308,0,0,9,ot_disp_v2_summary_only,-3.4726618963087907,-27.301533540868483
tabicl,maternal_health_risk,source::maternal_health_risk,M14_groupby_aggregation,9,9,2,-0.4190860382690495,-0.7113296222018395,-1.6550237226467706,0.0,1,2,6,joint_groupby_combined__sel_combined_intersection,0.2744204974768068,-2.5183859409194325
tabicl,maternal_health_risk,source::maternal_health_risk,M14b_groupby_shift_features,6,6,2,0.0,-0.38756435431381314,-0.020027144490651676,0.03828312004724235,2,2,2,groupby_shift_ratio_log,0.1686585142944331,-2.5183859409194325
tabicl,maternal_health_risk,source::maternal_health_risk,M16_nearest_test_distance,7,7,0,-107.36188466227368,-109.91705827404529,-117.3724908884121,-100.83574019383113,0,0,7,nearest_test_rel_k5_both,-98.15351779353374,-127.48754329802304
tabicl,maternal_health_risk,source::maternal_health_risk,M17_test_directed_augmentation,12,12,0,6.892254853324012,7.155567175190037,3.157390983316104,11.584751574512335,11,0,1,tdda_k5_lam07_aug1_cumshift,13.092295663219112,-0.6681124646619091
tabicl,maternal_health_risk,source::maternal_health_risk,M18_leaf_density,8,8,0,-41.78464843986542,-44.014153137282065,-59.52054937568404,-27.105521583521238,0,0,8,leaf_density_conf,-17.628981215382264,-77.15949691306236
tabicl,maternal_health_risk,source::maternal_health_risk,M19_neighborhood_consensus,6,6,0,-134.3580606193396,-136.16176771654918,-137.1455687962113,-130.74235960054153,0,0,6,neighbor_consensus_k5_dist_cumshift,-118.22701234437326,-162.41560860013192
tabicl,maternal_health_risk,source::maternal_health_risk,M1_frequency_encoding,6,6,4,-0.0148198408883392,-0.8358945672587589,-1.896199376133744,0.0,1,2,3,joint_freq_combined__sel_combined_intersection,0.0510441600629898,-2.5183859409194325
tabicl,maternal_health_risk,source::maternal_health_risk,M20_cluster_membership,8,8,0,-7.537071919169195,-6.537537915771488,-8.266117596180308,-4.667386642862953,0,0,8,cluster_membership_k10_weight,-2.849879515308769,-8.419890123501625
tabicl,maternal_health_risk,source::maternal_health_risk,M2_frequency_ratio,7,7,2,0.0,-0.3218991194623632,0.0,0.0482167951942284,2,4,1,freq_ratio_v2_ratio_ungated,0.1686585142944331,-2.5183859409194325
tabicl,maternal_health_risk,source::maternal_health_risk,M3_joint_pca,4,4,0,-5.301731151944631,-5.517948180374326,-5.517948180374327,-5.301731151944631,0,0,4,joint_pca_5,-5.301731151944631,-6.166599265663414
tabicl,maternal_health_risk,source::maternal_health_risk,M3b_joint_tsne,3,3,0,-36.30149645894706,-36.08351682357212,-38.71944352814593,-33.55657993668577,0,0,3,joint_tsne_2d_p30,-30.811663414424483,-41.1373905973448
tabicl,maternal_health_risk,source::maternal_health_risk,M4_target_encoding,12,12,2,0.0,-0.22051959762012965,-0.04461003720918062,0.0,1,8,3,target_enc_ratio__sel_combined_intersection,0.2290310671513215,-2.5183859409194325
tabicl,maternal_health_risk,source::maternal_health_risk,M5_joint_scaling,1,1,0,0.0,0.0,0.0,0.0,0,1,0,joint_scaling,0.0,0.0
tabicl,maternal_health_risk,source::maternal_health_risk,M6_adversarial_validation,7,7,0,-11.917129167253462,-15.587465130653333,-19.058176728784254,-7.326827643370658,0,0,7,adversarial_lgbm_cal_iso_both_ratio,-4.733084516377964,-39.69203348663209
tabicl,maternal_health_risk,source::maternal_health_risk,M7_pseudo_labeling,9,9,0,-4.052014471792759,-7.6104318795106725,-9.369543842904289,-3.19251882074326,0,1,8,pseudo_label_v2_cal_platt_wprop_conf90,0.0,-21.39513402392095
tabicl,maternal_health_risk,source::maternal_health_risk,M8_label_propagation,11,11,0,-66.0941660213058,-65.53805164965596,-75.55832156091526,-58.13031709722554,0,0,11,label_prop_weighted_adaptive_a05,-36.99625414192244,-91.0704972805534
tabicl,maternal_health_risk,source::maternal_health_risk,M9_optimal_transport,9,9,0,-73.3205933872624,-74.73336465739827,-92.08949141736964,-51.87430537689597,0,0,9,ot_disp_v2_summary_only,-37.75336810972962,-105.9468489488872
tabicl,miami_housing,source::miami_housing,M14_groupby_aggregation,9,9,2,-0.5442200178170763,-0.6327087447046644,-0.5442300807826236,-0.5263989313225274,1,0,8,joint_groupby_mean_only,0.1222244835363288,-1.4030460440213568
tabicl,miami_housing,source::miami_housing,M14b_groupby_shift_features,6,6,2,0.12923718476825374,0.032584910469191014,-0.0830102197418395,0.15234618651353599,4,0,2,groupby_shift_cohen_d_min10,0.1600661928744504,-0.2293209321125713
tabicl,miami_housing,source::miami_housing,M16_nearest_test_distance,7,7,0,-1.4132626813083846,-1.5275131273447793,-2.1418667030120844,-0.9742216534206813,0,0,7,nearest_test_rel_k5_both,-0.6408129932792801,-2.406339503960259
tabicl,miami_housing,source::miami_housing,M17_test_directed_augmentation,12,12,0,-8.197703374975797,-7.262735267795091,-8.553660483748823,-3.6520392848142564,0,0,12,tdda_v2_k5_lam07_pfl_dw_cumshift,-3.641793277934943,-17.31144035700606
tabicl,miami_housing,source::miami_housing,M18_leaf_density,8,8,0,-1.0164945701948425,-0.6964976612063662,-1.157013494702213,-0.06567003583920909,1,0,7,leaf_density_embed_k5,0.5718272042119258,-1.6872337854917523
tabicl,miami_housing,source::miami_housing,M19_neighborhood_consensus,6,6,0,-5.610529523669658,-5.611436136637145,-5.898000253354217,-5.338869432777116,0,0,6,neighbor_consensus_k5_dist,-5.265622368065604,-5.93979550535594
tabicl,miami_housing,source::miami_housing,M1_frequency_encoding,6,6,4,0.7127107629154238,0.6387035502407938,0.0880360423269908,1.0829229296992349,4,0,2,joint_freq_combined__sel_combined_union,1.417794505451735,-0.0971328505958375
tabicl,miami_housing,source::miami_housing,M20_cluster_membership,8,8,0,-1.9694867447388709,-1.6586585260129758,-2.0256071464905503,-1.2672864113697844,0,0,8,cluster_membership_k10_weight,-0.6223143961707753,-2.083567614607029
tabicl,miami_housing,source::miami_housing,M2_frequency_ratio,7,7,2,5.288038018196143e-06,0.4039576124299332,-5.708619604072839e-06,0.7680497614110917,5,0,2,freq_ratio_log__sel_combined_union,1.388744721388672,-0.0971348280001336
tabicl,miami_housing,source::miami_housing,M3_joint_pca,4,4,0,-1.3546664862772704,-1.4294633459832986,-1.4414422271870377,-1.3426876050735312,0,0,4,joint_pca_var95,-1.3426660797081766,-1.665854331670477
tabicl,miami_housing,source::miami_housing,M3b_joint_tsne,3,3,0,-4.240825229982683,-4.08928096349944,-4.327160032647393,-3.9271740275931077,0,0,3,joint_tsne_2d_p30,-3.6135228252035327,-4.413494835312103
tabicl,miami_housing,source::miami_housing,M4_target_encoding,12,12,2,0.7268056901255284,0.7060775352876255,0.6440424714434376,0.7819188134579359,11,0,1,target_enc_ratio__sel_combined_union,1.4178407136415163,-0.0971566342252863
tabicl,miami_housing,source::miami_housing,M5_joint_scaling,1,1,0,-4.972987188058266e-06,-4.972987188058266e-06,-4.972987188058266e-06,-4.972987188058266e-06,0,0,1,joint_scaling,-4.972987188058266e-06,-4.972987188058266e-06
tabicl,miami_housing,source::miami_housing,M6_adversarial_validation,7,7,0,0.6847138633674226,0.677175233463957,0.6007569359752052,0.8015056149625159,7,0,0,adversarial_lgbm_cal_platt_feature,0.820422751361326,0.4305649176435089
tabicl,miami_housing,source::miami_housing,M8_label_propagation,11,11,0,-3.570508348932047,-3.9941942695165524,-5.008463914720057,-3.2763769712039945,0,0,11,label_prop_weighted_adaptive_a05,-1.9270294736892328,-5.892139857826651
tabicl,miami_housing,source::miami_housing,M9_optimal_transport,9,9,0,-20.476458099288266,-20.749752132132524,-27.944078145156844,-1.7989877961085283,0,0,9,ot_disp_v2_summary_only,-0.9736003520320264,-47.23938713533453
tabicl,online_shoppers_intention,source::online_shoppers_intention,M14_groupby_aggregation,9,9,2,-0.4145899822562661,-0.9834988961357887,-2.518909687694907,-0.3208439564698393,2,0,7,joint_groupby_combined__sel_combined_intersection,1.0749302052359724,-2.615562566993785
tabicl,online_shoppers_intention,source::online_shoppers_intention,M14b_groupby_shift_features,6,6,2,-0.4170123601832808,-0.29270399954779824,-0.5063981057003847,-0.20971736905522298,1,0,5,groupby_shift_cohen_d__sel_combined_intersection,0.3993290013139644,-0.6447158853489026
tabicl,online_shoppers_intention,source::online_shoppers_intention,M16_nearest_test_distance,7,7,0,-3.0329382838663754,-2.846276761869011,-3.3534188836469667,-2.4870554179511295,0,0,7,nearest_test_k10_filter_both,-1.2120367959207907,-3.99801365009972
tabicl,online_shoppers_intention,source::online_shoppers_intention,M17_test_directed_augmentation,12,12,0,-25.190186947016514,-26.614686473643527,-28.658244866072845,-19.10081331338915,0,0,12,tdda_v2_k5_lam07_pfl_dw_cumshift,-19.01651456151924,-59.73450737916882
tabicl,online_shoppers_intention,source::online_shoppers_intention,M18_leaf_density,8,8,0,-2.023896758252703,-2.000702489598865,-2.078067184651745,-1.9561610154607416,0,0,8,leaf_density_embed_k20,-1.6908197932500093,-2.254264899138072
tabicl,online_shoppers_intention,source::online_shoppers_intention,M19_neighborhood_consensus,6,6,0,-7.592580256408629,-7.660063668166448,-7.739224960182027,-7.4974413633142065,0,0,6,neighbor_consensus_k10_dist_cumshift,-6.510988511872663,-9.010398057252871
tabicl,online_shoppers_intention,source::online_shoppers_intention,M1_frequency_encoding,6,6,4,0.844077588765028,0.8014235507619744,0.6386599405306053,1.0403204805998683,6,0,0,joint_freq_combined__sel_combined_union,1.2808323290559431,0.1636316289885672
tabicl,online_shoppers_intention,source::online_shoppers_intention,M20_cluster_membership,8,8,0,-2.0925106130432876,-1.9084553101551962,-2.2025168506664743,-1.4391952860524169,0,0,8,cluster_membership_k10_weight,-1.2145802927443052,-2.431946320105113
tabicl,online_shoppers_intention,source::online_shoppers_intention,M2_frequency_ratio,7,7,2,0.0001211188963047,-0.256668244096133,-0.6089858109213778,0.08605497586703435,4,0,3,freq_ratio_log__sel_combined_union,0.5936037110830276,-1.3445408685435762
tabicl,online_shoppers_intention,source::online_shoppers_intention,M3_joint_pca,4,4,0,-3.807069709980754,-4.314103689887112,-4.612873727494476,-3.508299672373391,0,0,4,joint_pca_var95,-3.3962949729600944,-6.245980366626847
tabicl,online_shoppers_intention,source::online_shoppers_intention,M3b_joint_tsne,3,3,0,-3.693520744638692,-3.608535652356279,-3.7278579517581214,-3.531705899095643,0,0,3,joint_tsne_2d_p50,-3.3698910535525943,-3.7621951588775504
tabicl,online_shoppers_intention,source::online_shoppers_intention,M4_target_encoding,12,12,2,-1.361376395138174,-1.7013773237164473,-2.837724902650672,-1.2567902281274226,1,0,11,target_enc_ratio__sel_combined_union,0.720536314473253,-2.977465829331334
tabicl,online_shoppers_intention,source::online_shoppers_intention,M5_joint_scaling,1,1,0,0.0003633566890368,0.0003633566890368,0.0003633566890368,0.0003633566890368,1,0,0,joint_scaling,0.0003633566890368,0.0003633566890368
tabicl,online_shoppers_intention,source::online_shoppers_intention,M6_adversarial_validation,7,7,0,-0.5204478976787639,-0.640407513178128,-0.7050936551865499,-0.5169354496841982,0,0,7,adversarial_lgbm_both_ratio,-0.5136652394823091,-1.004681245344327
tabicl,online_shoppers_intention,source::online_shoppers_intention,M7_pseudo_labeling,9,9,0,-1.508778092014035,-1.6978446892392047,-1.7747551884307573,-1.464448575944559,0,0,9,pseudo_label_lgbm_conf95_iter3,-1.2856770849101509,-2.7217838391055538
tabicl,online_shoppers_intention,source::online_shoppers_intention,M8_label_propagation,11,11,0,-1.185875114305878,-1.7297099697917522,-2.7329267775711754,-0.9985041816299532,0,0,11,label_prop_weighted_adaptive_a05,-0.7624434526151515,-3.255554815384305
tabicl,online_shoppers_intention,source::online_shoppers_intention,M9_optimal_transport,9,9,0,-5.90466731667145,-4.612234488874938,-6.238713232845106,-1.9548589873250528,0,0,9,ot_disp_v2_summary_only,-0.4545592180563411,-7.402908064701621
tabicl,polish_companies_bankruptcy,source::polish_companies_bankruptcy,M14_groupby_aggregation,9,0,2,,,,,0,0,0,,,
tabicl,polish_companies_bankruptcy,source::polish_companies_bankruptcy,M14b_groupby_shift_features,6,0,2,,,,,0,0,0,,,
tabicl,polish_companies_bankruptcy,source::polish_companies_bankruptcy,M16_nearest_test_distance,7,0,0,,,,,0,0,0,,,
tabicl,polish_companies_bankruptcy,source::polish_companies_bankruptcy,M17_test_directed_augmentation,12,0,0,,,,,0,0,0,,,
tabicl,polish_companies_bankruptcy,source::polish_companies_bankruptcy,M18_leaf_density,8,0,0,,,,,0,0,0,,,
tabicl,polish_companies_bankruptcy,source::polish_companies_bankruptcy,M19_neighborhood_consensus,6,0,0,,,,,0,0,0,,,
tabicl,polish_companies_bankruptcy,source::polish_companies_bankruptcy,M1_frequency_encoding,6,0,4,,,,,0,0,0,,,
tabicl,polish_companies_bankruptcy,source::polish_companies_bankruptcy,M20_cluster_membership,8,0,0,,,,,0,0,0,,,
tabicl,polish_companies_bankruptcy,source::polish_companies_bankruptcy,M2_frequency_ratio,7,0,2,,,,,0,0,0,,,
tabicl,polish_companies_bankruptcy,source::polish_companies_bankruptcy,M3_joint_pca,4,0,0,,,,,0,0,0,,,
tabicl,polish_companies_bankruptcy,source::polish_companies_bankruptcy,M3b_joint_tsne,3,0,0,,,,,0,0,0,,,
tabicl,polish_companies_bankruptcy,source::polish_companies_bankruptcy,M4_target_encoding,12,0,2,,,,,0,0,0,,,
tabicl,polish_companies_bankruptcy,source::polish_companies_bankruptcy,M5_joint_scaling,1,0,0,,,,,0,0,0,,,
tabicl,polish_companies_bankruptcy,source::polish_companies_bankruptcy,M6_adversarial_validation,7,0,0,,,,,0,0,0,,,
tabicl,polish_companies_bankruptcy,source::polish_companies_bankruptcy,M7_pseudo_labeling,9,0,0,,,,,0,0,0,,,
tabicl,polish_companies_bankruptcy,source::polish_companies_bankruptcy,M8_label_propagation,11,0,0,,,,,0,0,0,,,
tabicl,polish_companies_bankruptcy,source::polish_companies_bankruptcy,M9_optimal_transport,9,0,0,,,,,0,0,0,,,
tabicl,qsar-biodeg,source::qsar-biodeg,M14_groupby_aggregation,9,9,2,-3.1373713380839097,-8.05413597575112,-4.100986108111948,-1.8599294608794144,0,0,9,joint_groupby_combined__sel_combined_union,-1.0836392427841068,-41.90599582523572
tabicl,qsar-biodeg,source::qsar-biodeg,M14b_groupby_shift_features,6,6,2,-3.1954941337364016,-2.835420715468173,-3.7637659252860876,-0.8925807960843959,0,0,6,groupby_shift_cohen_d__sel_combined_union,-0.1790470020873162,-6.3643561505792094
tabicl,qsar-biodeg,source::qsar-biodeg,M16_nearest_test_distance,7,7,0,-5.668862016842959,-5.903898160430208,-6.791009861081106,-4.803138271071781,0,0,7,nearest_test_k5_both,-4.026668106240622,-8.44346073562209
tabicl,qsar-biodeg,source::qsar-biodeg,M17_test_directed_augmentation,12,12,0,-16.74368386957456,-16.829983324935814,-19.54833369322679,-11.65820917008573,0,0,12,tdda_v2_k5_lam06_pfl_dw,-11.489419131937035,-29.53555747498732
tabicl,qsar-biodeg,source::qsar-biodeg,M18_leaf_density,8,8,0,-1.3762326351399814,-1.664496059166404,-2.8831290937880976,-0.31207262650250983,2,0,6,leaf_density_conf_deep,1.1583171381272426,-5.170949398977851
tabicl,qsar-biodeg,source::qsar-biodeg,M19_neighborhood_consensus,6,6,0,-27.714946375872753,-28.944162527891663,-32.69537716835812,-26.986566976174885,0,0,6,neighbor_consensus_k10_uniform,-22.02997912617857,-35.10580868063039
tabicl,qsar-biodeg,source::qsar-biodeg,M1_frequency_encoding,6,6,4,-2.1302994313682673,-1.5818517718754828,-2.5628014107823365,-0.6151479162167346,1,0,5,joint_freq_separate,0.7608147988194713,-3.174260418915916
tabicl,qsar-biodeg,source::qsar-biodeg,M20_cluster_membership,8,8,0,-1.6490318865614988,-1.7070197221621273,-1.9997930612536574,-1.4220740660764375,0,0,8,cluster_membership_k10_weight,-0.3960627654214467,-2.8706902756781902
tabicl,qsar-biodeg,source::qsar-biodeg,M2_frequency_ratio,7,7,2,-0.0556035413517268,-0.7362392160491816,-1.2676347801050367,0.0,0,3,4,freq_ratio_v2_both_gated,0.0,-2.562801410782471
tabicl,qsar-biodeg,source::qsar-biodeg,M3_joint_pca,4,4,0,-4.819333477290742,-5.094202116173647,-5.992856114590079,-3.92067947887431,0,0,4,joint_pca_10,-3.3263154106384656,-7.411826099474638
tabicl,qsar-biodeg,source::qsar-biodeg,M3b_joint_tsne,3,3,0,-1.073022385374054,-0.3804673816550803,-1.0812099618513806,-0.026002303318266806,1,0,2,joint_tsne_2d_p50,1.02101777873752,-1.0893975383287071
tabicl,qsar-biodeg,source::qsar-biodeg,M4_target_encoding,12,12,2,-1.7004966529908068,-1.739904988123523,-2.4152900741380696,-1.0638001151658902,1,0,11,target_enc_ratio__sel_combined_union,0.1509753113078519,-3.413409630749226
tabicl,qsar-biodeg,source::qsar-biodeg,M5_joint_scaling,1,1,0,0.0,0.0,0.0,0.0,0,1,0,joint_scaling,0.0,0.0
tabicl,qsar-biodeg,source::qsar-biodeg,M6_adversarial_validation,7,7,0,-0.5078096883322859,-0.2641103947516951,-1.15111926869633,0.03796876124659976,2,0,5,adversarial_logreg_feature,2.162239976966868,-1.2769020369969872
tabicl,qsar-biodeg,source::qsar-biodeg,M7_pseudo_labeling,9,9,0,-9.72450154754212,-9.053900045586516,-12.300619016770955,-3.3076009501188066,0,0,9,pseudo_label_v2_cal_iso_wfixed_conf90,-3.3076009501188066,-15.001259627150269
tabicl,qsar-biodeg,source::qsar-biodeg,M8_label_propagation,11,11,0,-15.970992586194532,-14.059434770944081,-16.3170301590728,-13.555747498740295,0,0,11,label_prop_v3_adaptive,-6.741164615273686,-17.174656301734636
tabicl,qsar-biodeg,source::qsar-biodeg,M9_optimal_transport,9,9,0,-7.551284819693364,-11.651451170453514,-19.010292953285784,-3.8388037141006417,1,0,8,ot_disp_v2_selective_abs,0.1056287338948693,-22.957424602317754
tabicl,seismic-bumps,source::seismic-bumps,M14_groupby_aggregation,9,9,2,-2.715290953521737,-1.8310814886056674,-2.7414911730818097,-0.9709634627862386,1,0,8,joint_groupby_combined__sel_combined_union,2.430822141781434,-3.746483790217405
tabicl,seismic-bumps,source::seismic-bumps,M14b_groupby_shift_features,6,6,2,-0.8540298160897892,-0.5821961221148071,-1.093274813506156,0.02575884160750963,2,0,4,groupby_shift_cohen_d__sel_combined_union,0.3754511356474945,-1.3065668176850893
tabicl,seismic-bumps,source::seismic-bumps,M16_nearest_test_distance,7,7,0,-6.30084498616178,-6.232957366889745,-6.722386063486509,-6.080300883303195,0,0,7,nearest_test_rel_k5_both,-4.38274836983548,-7.341734318651541
tabicl,seismic-bumps,source::seismic-bumps,M17_test_directed_augmentation,12,12,0,-15.582737985115072,-16.05022048609274,-15.96371708918789,-13.683395110250874,0,0,12,tdda_v2_k10_lam07_pfl_dw,-13.427023160058605,-27.88280090998482
tabicl,seismic-bumps,source::seismic-bumps,M18_leaf_density,8,8,0,-1.2195540859607559,-0.8798019453528632,-1.7187473870774301,-0.18360100361253429,2,0,6,leaf_density_conf_shallow,0.6128749649593,-1.855378578427145
tabicl,seismic-bumps,source::seismic-bumps,M19_neighborhood_consensus,6,6,0,-14.798476105451385,-14.057357496970882,-15.166515538693734,-12.860081114652736,0,0,6,neighbor_consensus_k20_dist,-9.565991882363177,-17.678056087731633
tabicl,seismic-bumps,source::seismic-bumps,M1_frequency_encoding,6,6,4,-0.07541177320782416,0.0686008500021797,-0.4773810450654794,0.2783950623545823,3,0,3,joint_freq_separate__sel_combined_union,1.2969681190358748,-0.5194993444645016
tabicl,seismic-bumps,source::seismic-bumps,M20_cluster_membership,8,8,0,-4.674521140076836,-4.8674803357732,-5.709127461588302,-3.520982936263064,0,0,8,cluster_membership_k10_both_cumshift,-2.791064910255056,-7.579327015083005
tabicl,seismic-bumps,source::seismic-bumps,M2_frequency_ratio,7,7,2,-0.7138821036467161,-0.3114549229082942,-0.7731773933359045,0.35841833540232965,3,0,4,freq_ratio_v2_diff_gated,0.438441608450077,-1.0752258492942706
tabicl,seismic-bumps,source::seismic-bumps,M3_joint_pca,4,4,0,-2.2830189174362507,-2.102047047314971,-2.606274167929589,-1.7787917968216325,0,0,4,joint_pca_5,-1.2358761864577927,-2.606274167929589
tabicl,seismic-bumps,source::seismic-bumps,M3b_joint_tsne,3,3,0,-6.484166645289965,-6.427957179485709,-6.646874974544648,-6.237144117328899,0,0,3,joint_tsne_2d_p50,-5.990121589367833,-6.809583303799331
tabicl,seismic-bumps,source::seismic-bumps,M4_target_encoding,12,12,2,-0.8714096139683727,-3.9024827139547544,-8.481685325197638,-0.8363894283035813,1,0,11,target_enc_ratio__sel_combined_intersection,0.2783950623545823,-8.815511475149476
tabicl,seismic-bumps,source::seismic-bumps,M5_joint_scaling,1,1,0,0.0,0.0,0.0,0.0,0,1,0,joint_scaling,0.0,0.0
tabicl,seismic-bumps,source::seismic-bumps,M6_adversarial_validation,7,7,0,-0.2588480858210474,-0.7115840009081131,-0.7744662199945088,-0.1655389795334398,1,0,6,adversarial_lgbm_cal_platt_feature,0.0095883722426332,-2.8518178937224805
tabicl,seismic-bumps,source::seismic-bumps,M7_pseudo_labeling,9,9,0,0.0382638922074331,0.058095891061599354,0.0382638922074331,0.1168056296264372,7,0,2,pseudo_label_lgbm_conf80_iter5,0.4377810221457301,-0.2471376370228284
tabicl,seismic-bumps,source::seismic-bumps,M8_label_propagation,11,11,0,-4.393161639734479,-4.717836205115201,-5.729263498874603,-3.4562736482683754,0,0,11,label_prop_v3_t005_k10,-1.423021956922908,-10.609037307806682
tabicl,seismic-bumps,source::seismic-bumps,M9_optimal_transport,9,9,0,-7.036850808505688,-5.554120758727893,-8.040437212037116,-3.11201782765411,0,0,9,ot_disp_v2_summary_only,-0.5458769352437491,-8.128644769748274
tabicl,splice,source::splice,M14_groupby_aggregation,9,0,2,,,,,0,0,0,,,
tabicl,splice,source::splice,M14b_groupby_shift_features,6,0,2,,,,,0,0,0,,,
tabicl,splice,source::splice,M16_nearest_test_distance,7,0,0,,,,,0,0,0,,,
tabicl,splice,source::splice,M17_test_directed_augmentation,12,0,0,,,,,0,0,0,,,
tabicl,splice,source::splice,M18_leaf_density,8,0,0,,,,,0,0,0,,,
tabicl,splice,source::splice,M19_neighborhood_consensus,6,0,0,,,,,0,0,0,,,
tabicl,splice,source::splice,M1_frequency_encoding,6,0,4,,,,,0,0,0,,,
tabicl,splice,source::splice,M20_cluster_membership,8,0,0,,,,,0,0,0,,,
tabicl,splice,source::splice,M2_frequency_ratio,7,0,2,,,,,0,0,0,,,
tabicl,splice,source::splice,M3_joint_pca,4,0,0,,,,,0,0,0,,,
tabicl,splice,source::splice,M3b_joint_tsne,3,0,0,,,,,0,0,0,,,
tabicl,splice,source::splice,M4_target_encoding,12,0,2,,,,,0,0,0,,,
tabicl,splice,source::splice,M5_joint_scaling,1,0,0,,,,,0,0,0,,,
tabicl,splice,source::splice,M6_adversarial_validation,7,0,0,,,,,0,0,0,,,
tabicl,splice,source::splice,M7_pseudo_labeling,9,0,0,,,,,0,0,0,,,
tabicl,splice,source::splice,M8_label_propagation,11,0,0,,,,,0,0,0,,,
tabicl,splice,source::splice,M9_optimal_transport,9,0,0,,,,,0,0,0,,,
tabicl,students_dropout_and_academic_success,source::students_dropout_and_academic_success,M14_groupby_aggregation,9,9,2,-3.4737358979312507,-7.486545506525404,-4.594347200759089,-2.595414164510915,1,0,8,joint_groupby_combined__sel_combined_intersection,1.4748929816055554,-41.5212046741991
tabicl,students_dropout_and_academic_success,source::students_dropout_and_academic_success,M14b_groupby_shift_features,6,6,2,-2.5621710218757725,-0.852172172115484,-2.7109140304068475,1.4158443511018666,2,0,4,groupby_shift_cohen_d__sel_combined_intersection,3.2605122406499567,-3.230557671768523
tabicl,students_dropout_and_academic_success,source::students_dropout_and_academic_success,M16_nearest_test_distance,7,7,0,-1.6665340560551622,-1.2088741823992193,-2.068859604780126,-0.17751777917334258,1,0,6,nearest_test_k10_cumshift_both,0.1758864397786819,-2.478716892611118
tabicl,students_dropout_and_academic_success,source::students_dropout_and_academic_success,M17_test_directed_augmentation,12,12,0,-37.31324724208626,-33.20095378551349,-39.35591367604011,-21.083649642014002,0,0,12,tdda_v2_k5_lam07_pfl_dw_cumshift,-20.986685299232605,-61.63935365235216
tabicl,students_dropout_and_academic_success,source::students_dropout_and_academic_success,M18_leaf_density,8,8,0,-0.4830485552127197,-0.6712410637657785,-1.227516901560757,0.0470005205869553,2,0,6,leaf_density_conf,0.8972830155135189,-2.46832752301971
tabicl,students_dropout_and_academic_success,source::students_dropout_and_academic_success,M19_neighborhood_consensus,6,6,0,-3.148320470789753,-3.253419762000451,-3.2316141458982823,-3.1349376375196005,0,0,6,neighbor_consensus_k5_dist_cumshift,-3.0737804466589496,-3.7602417864002393
tabicl,students_dropout_and_academic_success,source::students_dropout_and_academic_success,M1_frequency_encoding,6,6,4,1.926016267762301,1.9741567525428614,1.5601141912960022,2.4256579712116673,6,0,0,joint_freq_separate,2.5833160524025307,1.3792398891613442
tabicl,students_dropout_and_academic_success,source::students_dropout_and_academic_success,M20_cluster_membership,8,8,0,-0.4600121098143506,-0.43427842267130634,-0.6243198773134854,-0.11689429778342873,2,0,6,cluster_membership_k5_feature,0.1379346292292353,-1.3791722261633392
tabicl,students_dropout_and_academic_success,source::students_dropout_and_academic_success,M2_frequency_ratio,7,7,2,1.2704301453429852,0.9482227282715835,0.00030244515596164603,1.6646327641146972,7,0,0,freq_ratio_v2_ratio_ungated,2.037228774940288,2.975907649289208e-05
tabicl,students_dropout_and_academic_success,source::students_dropout_and_academic_success,M3_joint_pca,4,4,0,2.529802618837808,1.9990178971771686,1.8912458415892561,2.637574674425721,3,0,1,joint_pca_5,2.9608908411894586,-0.0244244901563995
tabicl,students_dropout_and_academic_success,source::students_dropout_and_academic_success,M3b_joint_tsne,3,3,0,0.0998225637604487,0.06700377111172313,-0.022962055610903462,0.1733789941587125,2,0,1,joint_tsne_3d_p30,0.2469354245569763,-0.1457466749822556
tabicl,students_dropout_and_academic_success,source::students_dropout_and_academic_success,M4_target_encoding,12,12,2,0.8769091050509041,0.8707454546719829,0.21057877229089542,1.438283639773538,12,0,0,target_enc_ratio,1.6491439256553986,0.2032572168522061
tabicl,students_dropout_and_academic_success,source::students_dropout_and_academic_success,M5_joint_scaling,1,1,0,-0.000202168293117,-0.000202168293117,-0.000202168293117,-0.000202168293117,0,0,1,joint_scaling,-0.000202168293117,-0.000202168293117
tabicl,students_dropout_and_academic_success,source::students_dropout_and_academic_success,M6_adversarial_validation,7,7,0,0.0773095706740486,0.062278480365011525,0.0480271798364895,0.1565612548014676,6,0,1,adversarial_logreg_feature,0.3038557086299466,-0.3543927860248287
tabicl,students_dropout_and_academic_success,source::students_dropout_and_academic_success,M7_pseudo_labeling,9,9,0,-0.436197564401994,-1.584960993727706,-3.039805813370342,0.7890372489331577,4,0,5,pseudo_label_v2_cal_iso_wfixed_conf90,0.789268687004586,-8.431880114986278
tabicl,students_dropout_and_academic_success,source::students_dropout_and_academic_success,M8_label_propagation,11,11,0,-0.6273246387443301,-0.929336354483053,-1.7016556584016667,-0.34904828493576273,0,0,11,label_prop_k15_a08,-0.1751921885085206,-2.149848739363719
tabicl,students_dropout_and_academic_success,source::students_dropout_and_academic_success,M9_optimal_transport,9,9,0,-4.378482928961609,-4.749744377014061,-7.64122686316762,-1.313331735348172,0,0,9,ot_disp_v2_selective_abs,-0.0601989917618518,-8.896638287152932
tabicl,superconductivity,source::superconductivity,M14_groupby_aggregation,7,7,2,-0.4843632061291236,-0.6321310581360483,-0.7562425001670401,-0.28777784632203496,1,0,6,joint_groupby_combined__sel_combined_intersection,0.0808444741143446,-1.9333579819594089
tabicl,superconductivity,source::superconductivity,M14b_groupby_shift_features,6,6,2,-0.6620084911061228,-0.5430393153501586,-0.7924242099780208,-0.4224509811204169,1,0,5,groupby_shift_cohen_d__sel_combined_intersection,0.0808780217882902,-0.8366023376164946
tabicl,superconductivity,source::superconductivity,M16_nearest_test_distance,7,7,0,-1.408705920864688,-1.447341998840198,-1.9013454882967111,-0.9357801787755142,0,0,7,nearest_test_k5_both,-0.6489938316012626,-2.399442905270986
tabicl,superconductivity,source::superconductivity,M17_test_directed_augmentation,12,12,0,-2.8969233994517465,-2.958940618415418,-3.1276080156194124,-2.0850203404487146,0,0,12,tdda_v2_k5_lam06_pfl_dw,-2.0848990612482665,-6.453934023806765
tabicl,superconductivity,source::superconductivity,M18_leaf_density,8,8,0,-0.3420960966425411,-0.3932379802854171,-0.4216631858339718,-0.20986124710364162,0,0,8,leaf_density_embed_k5,-0.0541356294739932,-1.1972755435130045
tabicl,superconductivity,source::superconductivity,M19_neighborhood_consensus,6,6,0,-8.368883653591697,-8.409786104582896,-8.657749890344697,-8.155311760812044,0,0,6,neighbor_consensus_k20_dist,-8.042273078771425,-8.840516475728027
tabicl,superconductivity,source::superconductivity,M1_frequency_encoding,6,6,4,0.0808467887095429,0.293489378480769,0.02019839231543738,0.6199401513410485,4,0,2,joint_freq_separate__sel_combined_union,0.7996421115176382,-1.961712106245915e-05
tabicl,superconductivity,source::superconductivity,M20_cluster_membership,8,8,0,0.43015252114502783,0.42003479726226695,0.3910742800533422,0.4529242751134822,8,0,0,cluster_membership_k15_both,0.5032151818352357,0.3413702865943033
tabicl,superconductivity,source::superconductivity,M2_frequency_ratio,7,7,2,0.0,0.12578296342271195,0.0,0.04042723631055522,3,3,1,freq_ratio_log__sel_combined_union,0.7996379388848837,-1.166754701056288e-05
tabicl,superconductivity,source::superconductivity,M3_joint_pca,4,4,0,0.1763615899500185,0.16500426523230222,0.04851066529315143,0.2928551898891693,3,0,1,joint_pca_var90,0.3341231746990195,-0.0268292936698475
tabicl,superconductivity,source::superconductivity,M3b_joint_tsne,3,3,0,0.1672863594030822,0.1295573670201337,0.10233005130530005,0.1756491789264416,3,0,0,joint_tsne_2d_p50,0.184011998449801,0.0373737432075179
tabicl,superconductivity,source::superconductivity,M4_target_encoding,12,12,2,0.0,0.07336796710510197,-1.166754701056288e-05,1.920977891883986e-06,3,4,5,target_enc_ratio__sel_combined_union,0.7996421115176382,-2.9407362941690843e-05
tabicl,superconductivity,source::superconductivity,M5_joint_scaling,1,1,0,-2.7314535602951388e-05,-2.7314535602951388e-05,-2.7314535602951388e-05,-2.7314535602951388e-05,0,0,1,joint_scaling,-2.7314535602951388e-05,-2.7314535602951388e-05
tabicl,superconductivity,source::superconductivity,M6_adversarial_validation,7,7,0,0.2390078313004787,0.21259566801479585,0.13836115459628184,0.2564192316482621,7,0,0,adversarial_logreg_feature,0.402373564559576,0.0572275077544283
tabicl,superconductivity,source::superconductivity,M8_label_propagation,11,11,0,-10.792830534326,-9.735919092726467,-11.469908848991615,-10.27307760898235,0,0,11,label_prop_weighted_adaptive_a05,-3.468507612569139,-12.191074612869912
tabicl,superconductivity,source::superconductivity,M9_optimal_transport,9,9,0,-27.11409488900394,-28.797167437480805,-30.69832151022284,-7.501309867247642,0,0,9,ot_disp_v2_summary_only,-4.511361988526772,-68.66465256128494
tabicl,synthetic_large_test,source::synthetic_generator,M14_groupby_aggregation,9,9,2,-0.0039267166846388,0.0875407567263594,-0.131632013944614,0.2722445865408872,4,0,5,joint_groupby_mean_only,0.3925015982902751,-0.1845189122478594
tabicl,synthetic_large_test,source::synthetic_generator,M14b_groupby_shift_features,6,6,2,0.3049510831403087,0.24381468715116705,0.2950687914305805,0.3371117464213613,5,0,1,groupby_shift_ratio_log,0.3450113088619488,-0.131632013944614
tabicl,synthetic_large_test,source::synthetic_generator,M16_nearest_test_distance,7,7,0,-0.8037664015812074,-1.1581713435554766,-1.567147868176459,-0.737081493630181,0,0,7,nearest_test_k10_cumshift_both,-0.1759746919301044,-2.518999587763744
tabicl,synthetic_large_test,source::synthetic_generator,M17_test_directed_augmentation,12,12,0,-21.583820260703035,-21.97210189712037,-21.677042845873327,-20.16294324566985,0,0,12,tdda_k5_lam06_aug1,-18.800520628787755,-34.01486973407962
tabicl,synthetic_large_test,source::synthetic_generator,M18_leaf_density,8,8,0,-0.33722452461373353,-0.568363265787371,-1.134161361218805,0.0460388652824468,3,0,5,leaf_density_conf_cumshift,0.1679574264851695,-1.7260566094454075
tabicl,synthetic_large_test,source::synthetic_generator,M19_neighborhood_consensus,6,6,0,-2.385059478644117,-2.4656505232241046,-2.856695581036219,-2.131919796969286,0,0,6,neighbor_consensus_k5_dist_cumshift,-1.418091705585524,-3.5442449582262765
tabicl,synthetic_large_test,source::synthetic_generator,M1_frequency_encoding,6,6,4,0.0725331220768433,0.055276088714117606,-0.08313648832829724,0.1286395340765301,4,0,2,joint_freq_separate,0.3059069891292181,-0.131632013944614
tabicl,synthetic_large_test,source::synthetic_generator,M20_cluster_membership,8,8,0,-0.0961287166697522,-0.14655370150651648,-0.2833554546581582,-0.04933364652074235,2,0,6,cluster_membership_k5_feature,0.0477765851597946,-0.4273075422006622
tabicl,synthetic_large_test,source::synthetic_generator,M2_frequency_ratio,7,7,2,0.1075086436768853,0.06332548269382011,0.0508685462281541,0.10950532657969045,6,0,1,freq_ratio_v2_both_gated,0.1466540035087804,-0.131632013944614
tabicl,synthetic_large_test,source::synthetic_generator,M3_joint_pca,4,4,0,0.3680070613660233,0.3680068972056256,0.36800049495017384,0.3680134636214751,4,0,0,joint_pca_10,0.3680134636214751,0.3680000024689809
tabicl,synthetic_large_test,source::synthetic_generator,M3b_joint_tsne,3,3,0,-0.431448980683891,-0.4225370410779599,-0.4473457810011151,-0.4021842709577703,0,0,3,joint_tsne_2d_p30,-0.3729195612316496,-0.4632425813183393
tabicl,synthetic_large_test,source::synthetic_generator,M4_target_encoding,12,12,2,-0.021647339007105748,-0.12212236633494607,-0.4052729488181766,0.12824661616751631,6,0,6,target_enc_inv_ratio,0.1284364676660715,-0.4405306621399162
tabicl,synthetic_large_test,source::synthetic_generator,M5_joint_scaling,1,1,0,4.92481190699927e-06,4.92481190699927e-06,4.92481190699927e-06,4.92481190699927e-06,1,0,0,joint_scaling,4.92481190699927e-06,4.92481190699927e-06
tabicl,synthetic_large_test,source::synthetic_generator,M6_adversarial_validation,7,7,0,-0.037857357360855,-0.09481918573528628,-0.20806033390990503,-0.01324708735708465,2,0,5,adversarial_logreg_feature,0.1362544423895915,-0.3195165426417612
tabicl,synthetic_large_test,source::synthetic_generator,M7_pseudo_labeling,9,9,0,-7.190834074055148,-7.5376847089598344,-10.868884201555064,-4.928909667232096,0,1,8,pseudo_label_v2_cal_platt_wprop_conf90,0.0,-13.340555362041457
tabicl,synthetic_large_test,source::synthetic_generator,M8_label_propagation,11,11,0,-1.1154531499509082,-1.1917083105452508,-1.3976322312075922,-0.8373549319911153,0,0,11,label_prop_weighted_adaptive_a05,-0.4872704102352906,-2.413028142039792
tabicl,synthetic_large_test,source::synthetic_generator,M9_optimal_transport,9,9,0,-4.944185120448473,-3.9262197163699426,-5.174163986340481,-0.9099466593295246,0,0,9,ot_disp_v2_summary_only,-0.0428379837910885,-8.633513395509702
tabicl,synthetic_shift_0.0,source::synthetic_generator,M14_groupby_aggregation,9,9,2,-0.1272723290421694,-0.12538368096998154,-0.2426800017623034,-0.0264016087221924,1,0,8,joint_groupby_mean_only,0.1100799938300588,-0.2443628717609671
tabicl,synthetic_shift_0.0,source::synthetic_generator,M14b_groupby_shift_features,6,6,2,0.03268488715936655,0.02772789068937152,0.02971872307889205,0.035054858602165596,5,0,1,groupby_shift_cohen_d__sel_combined_intersection,0.0613190470356272,-0.0248963280199637
tabicl,synthetic_shift_0.0,source::synthetic_generator,M16_nearest_test_distance,7,7,0,-0.2968954769443292,-0.3846342540588915,-0.5887930836917893,-0.23382590684490845,0,0,7,nearest_test_rel_k10_cumshift_both,-0.1417247151107997,-0.6085816052837161
tabicl,synthetic_shift_0.0,source::synthetic_generator,M17_test_directed_augmentation,12,12,0,-14.7767909732544,-13.752956967491896,-16.699097854831194,-6.887564072738184,0,0,12,tdda_k10_lam07_aug1,-6.528884433934487,-29.753877302878543
tabicl,synthetic_shift_0.0,source::synthetic_generator,M18_leaf_density,8,8,0,-0.4625651488447074,-0.4933663209679141,-0.5206537620135644,-0.42399655916506546,0,0,8,leaf_density_embed_k10,-0.333360479125756,-0.7976296395520318
tabicl,synthetic_shift_0.0,source::synthetic_generator,M19_neighborhood_consensus,6,6,0,-3.447325365662683,-3.3765997236766534,-3.8817320402464253,-2.9700689308624844,0,0,6,neighbor_consensus_k10_uniform,-2.285692636733387,-4.241737256297742
tabicl,synthetic_shift_0.0,source::synthetic_generator,M1_frequency_encoding,6,6,4,-0.02783923635919975,-0.015634905271992617,-0.06417316072662277,0.0026025288547035993,2,0,4,joint_freq_combined__sel_combined_intersection,0.1464096898809055,-0.1210059638713693
tabicl,synthetic_shift_0.0,source::synthetic_generator,M20_cluster_membership,8,8,0,-0.11996156967623595,-0.060052666219961484,-0.1398388859163574,-0.02775467002765017,2,0,6,cluster_membership_k10_feature,0.1389340261684034,-0.1491580956574927
tabicl,synthetic_shift_0.0,source::synthetic_generator,M2_frequency_ratio,7,7,2,0.0,-0.0007804264314960142,-0.04554319787750485,0.03075254648256165,2,3,2,freq_ratio_log__sel_combined_intersection,0.1152639099565385,-0.0911455921871242
tabicl,synthetic_shift_0.0,source::synthetic_generator,M3_joint_pca,4,4,0,-0.4670175662029087,-0.46701122372804416,-0.4670175662029087,-0.46701122372804416,0,0,4,joint_pca_5,-0.4669921963034507,-0.4670175662029087
tabicl,synthetic_shift_0.0,source::synthetic_generator,M3b_joint_tsne,3,3,0,-0.6015625997618246,-0.6256640042648267,-0.715727147407623,-0.5235501588705294,0,0,3,joint_tsne_2d_p30,-0.4455377179792342,-0.8298916950534213
tabicl,synthetic_shift_0.0,source::synthetic_generator,M4_target_encoding,12,12,2,-0.0254290959089255,-0.05782857169914141,-0.18059985774246642,0.042748280618543605,6,0,6,target_enc_ratio__sel_combined_intersection,0.0914923141467043,-0.1820628552790348
tabicl,synthetic_shift_0.0,source::synthetic_generator,M5_joint_scaling,1,1,0,8.456633166408337e-05,8.456633166408337e-05,8.456633166408337e-05,8.456633166408337e-05,1,0,0,joint_scaling,8.456633166408337e-05,8.456633166408337e-05
tabicl,synthetic_shift_0.0,source::synthetic_generator,M6_adversarial_validation,7,7,0,-0.1922277283360554,-0.12788603899140807,-0.2018513768709386,-0.0481013294080653,1,0,6,adversarial_lgbm_cal_platt_feature,0.0219449630474835,-0.2250140950932769
tabicl,synthetic_shift_0.0,source::synthetic_generator,M7_pseudo_labeling,9,9,0,-0.1907055343674298,-0.31030393863079936,-0.3658931468881684,-0.1509170753545304,0,1,8,pseudo_label_v2_cal_platt_wprop_conf90,0.0,-1.1690872510588706
tabicl,synthetic_shift_0.0,source::synthetic_generator,M8_label_propagation,11,11,0,-0.4629160991207952,-0.4950090219590438,-0.7009660942286913,-0.2403459710104261,0,0,11,label_prop_k15_a05,-0.129344204166085,-1.0586520786361706
tabicl,synthetic_shift_0.0,source::synthetic_generator,M9_optimal_transport,9,9,0,-0.21597395424634,-0.2508472301420471,-0.2412931139242579,-0.1151793436248286,0,0,9,ot_displacement_no_mag,-0.1151201471927142,-0.5112964974232193
tabicl,synthetic_shift_0.5,source::synthetic_generator,M14_groupby_aggregation,9,9,2,-0.2230541555033435,-0.2828524558409826,-0.5698945777039145,0.0602319396492909,3,0,6,joint_groupby_combined__sel_combined_intersection,0.0841026622753063,-0.6713493544180413
tabicl,synthetic_shift_0.5,source::synthetic_generator,M14b_groupby_shift_features,6,6,2,0.13876224331303139,0.03444068084776702,-0.10464889472578588,0.1512443266029956,4,0,2,groupby_shift_cohen_d,0.1548821305268008,-0.1953816123605202
tabicl,synthetic_shift_0.5,source::synthetic_generator,M16_nearest_test_distance,7,7,0,-0.3071315844566122,-0.331663179802047,-0.4639650918858693,-0.12217553964191069,0,0,7,nearest_test_rel_k5_both,-0.0891493266782303,-0.7530800844239273
tabicl,synthetic_shift_0.5,source::synthetic_generator,M17_test_directed_augmentation,12,12,0,-15.81084210240337,-15.35666403483115,-18.25772995483819,-9.429221414914776,0,0,12,tdda_k10_lam07_aug1,-8.608886116214048,-30.90758960289561
tabicl,synthetic_shift_0.5,source::synthetic_generator,M18_leaf_density,8,8,0,-0.3693275176694244,-0.45037799936931444,-0.5635021361268273,-0.32887429692604586,0,0,8,leaf_density_conf_deep,-0.2713170894102816,-0.8140690237336567
tabicl,synthetic_shift_0.5,source::synthetic_generator,M19_neighborhood_consensus,6,6,0,-2.786158278030971,-2.686164230291272,-2.9160594197631133,-2.570470149779087,0,0,6,neighbor_consensus_k5_dist_cumshift,-2.0553550113924035,-3.031379906924332
tabicl,synthetic_shift_0.5,source::synthetic_generator,M1_frequency_encoding,6,6,4,-0.1066991021394795,-0.08316202010459504,-0.15610594664446373,-0.0134872106168838,2,0,4,joint_freq_combined__sel_combined_union,0.1000080662519861,-0.2305905076784537
tabicl,synthetic_shift_0.5,source::synthetic_generator,M20_cluster_membership,8,8,0,-0.2777179420947339,-0.28073332407549834,-0.3693569565450812,-0.1991014245808556,0,0,8,cluster_membership_k5_feature,-0.0481704117262101,-0.6059361726483997
tabicl,synthetic_shift_0.5,source::synthetic_generator,M2_frequency_ratio,7,7,2,-0.2733273440641669,-0.15053358803285674,-0.27333575517147435,-0.0021364212638891513,2,0,5,freq_ratio_log__sel_combined_union,0.0793419755218505,-0.3088053948169538
tabicl,synthetic_shift_0.5,source::synthetic_generator,M3_joint_pca,4,4,0,-0.3339882501876833,-0.3340029696255348,-0.3340029696255348,-0.3339882501876833,0,0,4,joint_pca_5,-0.3339882501876833,-0.3340471279390892
tabicl,synthetic_shift_0.5,source::synthetic_generator,M3b_joint_tsne,3,3,0,-0.5864728702676354,-0.6784791697384432,-0.7775984623149691,-0.5333567274265135,0,0,3,joint_tsne_2d_p30,-0.4802405845853917,-0.9687240543623028
tabicl,synthetic_shift_0.5,source::synthetic_generator,M4_target_encoding,12,12,2,0.038468199411553994,-0.061780985250738864,-0.20593334651631978,0.0418032034712415,7,0,5,target_enc_ratio__sel_combined_intersection,0.0491292779627656,-0.2079982733678765
tabicl,synthetic_shift_0.5,source::synthetic_generator,M5_joint_scaling,1,1,0,2.523332199152716e-05,2.523332199152716e-05,2.523332199152716e-05,2.523332199152716e-05,1,0,0,joint_scaling,2.523332199152716e-05,2.523332199152716e-05
tabicl,synthetic_shift_0.5,source::synthetic_generator,M6_adversarial_validation,7,7,0,-0.2522154646450987,-0.2721582001441177,-0.32460565995184054,-0.19360266315843178,0,0,7,adversarial_lgbm_cal_iso_both_ratio,-0.1934891132093544,-0.4229861769338259
tabicl,synthetic_shift_0.5,source::synthetic_generator,M7_pseudo_labeling,9,9,0,-0.1467065341939253,-0.3557262898196727,-0.2648741811891998,-0.1283282646598128,0,0,9,pseudo_label_v2_cal_platt_wprop_conf90,-1.6822214661018106e-05,-1.7018614032872112
tabicl,synthetic_shift_0.5,source::synthetic_generator,M8_label_propagation,11,11,0,-0.3208248672032897,-0.6642113828723477,-0.8382215184554982,-0.19970071597868555,0,0,11,label_prop_k15_a05,-0.0636973158726474,-2.614988038143675
tabicl,synthetic_shift_0.5,source::synthetic_generator,M9_optimal_transport,9,9,0,-1.071566663787257,-1.297912365962311,-1.6373734433247569,-0.4299253404878695,0,0,9,ot_disp_v2_summary_only,-0.2677171354694984,-3.63651702437564
tabicl,synthetic_shift_1.0,source::synthetic_generator,M14_groupby_aggregation,9,9,2,-0.1715715799851296,-0.10945004464831028,-0.2055804027936428,0.0201708070213889,3,0,6,joint_groupby_mean_only,0.2059684617089144,-0.4930164669910709
tabicl,synthetic_shift_1.0,source::synthetic_generator,M14b_groupby_shift_features,6,6,2,0.15467863231198745,0.04264106952999713,-0.10877415243598293,0.18777303969767328,4,0,2,groupby_shift_cohen_d,0.1977036324708433,-0.2534272413890976
tabicl,synthetic_shift_1.0,source::synthetic_generator,M16_nearest_test_distance,7,7,0,-0.2239017375379295,-0.26634877761028425,-0.2715793163937459,-0.1834445314778983,0,0,7,nearest_test_k10_both,-0.1669974387285744,-0.5634945712621976
tabicl,synthetic_shift_1.0,source::synthetic_generator,M17_test_directed_augmentation,12,12,0,-17.579729387528253,-16.613192285752042,-20.67363229667379,-9.700956845949598,0,0,12,tdda_k10_lam07_aug1,-8.881388801759117,-33.7708023316231
tabicl,synthetic_shift_1.0,source::synthetic_generator,M18_leaf_density,8,8,0,-0.2122269437891408,-0.23340298853251576,-0.3108744098511344,-0.17312587978943383,0,0,8,leaf_density_conf_cumshift,-0.0746641866124103,-0.4168660972989009
tabicl,synthetic_shift_1.0,source::synthetic_generator,M19_neighborhood_consensus,6,6,0,-2.829956794180869,-2.79991387844268,-3.047055115842558,-2.2497096369807688,0,0,6,neighbor_consensus_k10_dist_cumshift,-2.0537316281968687,-3.9101229131202815
tabicl,synthetic_shift_1.0,source::synthetic_generator,M1_frequency_encoding,6,6,4,-0.01915937686983505,-0.039220096255664284,-0.09234357283200215,0.0330572528087352,3,0,3,joint_freq_combined__sel_combined_union,0.0673406066582905,-0.1980669216681402
tabicl,synthetic_shift_1.0,source::synthetic_generator,M20_cluster_membership,8,8,0,-0.034685861766974954,-0.11639393693446395,-0.2613803850089247,0.00491885316540535,3,0,5,cluster_membership_k5_feature,0.0124013721432682,-0.3662367937151725
tabicl,synthetic_shift_1.0,source::synthetic_generator,M2_frequency_ratio,7,7,2,-0.0883123012281517,-0.04140907093727947,-0.0889232876053781,0.043313980202251606,3,0,4,freq_ratio_log__sel_combined_union,0.10420620360891,-0.2145387841354616
tabicl,synthetic_shift_1.0,source::synthetic_generator,M3_joint_pca,4,4,0,-0.4362938127803643,-0.4362938127803643,-0.4362938127803643,-0.4362938127803643,0,0,4,joint_pca_10,-0.4362938127803643,-0.4362938127803643
tabicl,synthetic_shift_1.0,source::synthetic_generator,M3b_joint_tsne,3,3,0,-0.3440101001001951,-0.35274280178920864,-0.4343535182040291,-0.2667657345298814,0,0,3,joint_tsne_2d_p30,-0.1895213689595677,-0.5246969363078631
tabicl,synthetic_shift_1.0,source::synthetic_generator,M4_target_encoding,12,12,2,0.07597285337986584,-0.04806976605744002,-0.2451933742985862,0.0784456968931362,7,0,5,target_enc_ratio__sel_combined_union,0.1405681496269362,-0.2464999769228924
tabicl,synthetic_shift_1.0,source::synthetic_generator,M5_joint_scaling,1,1,0,4.953943604075151e-05,4.953943604075151e-05,4.953943604075151e-05,4.953943604075151e-05,1,0,0,joint_scaling,4.953943604075151e-05,4.953943604075151e-05
tabicl,synthetic_shift_1.0,source::synthetic_generator,M6_adversarial_validation,7,7,0,-0.3164166342527421,-0.31820713101070475,-0.34081893476504244,-0.2931165861912056,0,0,7,adversarial_lgbm_cal_iso_both_ratio,-0.2698165381296691,-0.3733457027800261
tabicl,synthetic_shift_1.0,source::synthetic_generator,M7_pseudo_labeling,9,9,0,-0.1276961528416922,-0.5152092169184702,-0.3409056287780224,-0.1276961528416922,0,1,8,pseudo_label_v2_cal_platt_wprop_conf90,0.0,-3.103893362070586
tabicl,synthetic_shift_1.0,source::synthetic_generator,M8_label_propagation,11,11,0,-0.1571886304021513,-0.2619435207945718,-0.385520019175018,-0.00904094706854575,3,0,8,label_prop_weighted_k10_a05,0.1256072399573948,-1.1375988383992903
tabicl,synthetic_shift_1.0,source::synthetic_generator,M9_optimal_transport,9,9,0,-1.4502174492259752,-1.4427966251938065,-2.414040202738517,-0.6910999018045428,0,0,9,ot_disp_v2_summary_only,-0.3845416153142189,-2.414106255319798
tabicl,synthetic_shift_3.0,source::synthetic_generator,M14_groupby_aggregation,9,9,2,-0.4599431397736084,-0.37058447672029904,-0.4980298430333951,-0.162117875811836,0,0,9,joint_groupby_mean_only,-0.0934833143771765,-0.6506137780979784
tabicl,synthetic_shift_3.0,source::synthetic_generator,M14b_groupby_shift_features,6,6,2,0.1250450736263898,0.07905021454093288,0.08195223381214672,0.13478342991287,5,0,1,groupby_shift_ratio_raw,0.1410548986548583,-0.1224612612111364
tabicl,synthetic_shift_3.0,source::synthetic_generator,M16_nearest_test_distance,7,7,0,-0.0179803908261729,-1.4116142835299694,-3.1586207347675552,0.1244645334950941,3,0,4,nearest_test_k5_both,0.5439661029976575,-4.338973294336348
tabicl,synthetic_shift_3.0,source::synthetic_generator,M17_test_directed_augmentation,12,12,0,-17.30631423247281,-16.758990263551603,-18.5038744921296,-12.045614918736689,0,0,12,tdda_k10_lam07_aug1,-11.839502730582762,-31.02498039654983
tabicl,synthetic_shift_3.0,source::synthetic_generator,M18_leaf_density,8,8,0,-1.344706741379214,-1.643741123255222,-2.1611587581020166,-0.8358326539923414,0,0,8,leaf_density_conf_shallow,-0.0007931322920086,-4.171924915719487
tabicl,synthetic_shift_3.0,source::synthetic_generator,M19_neighborhood_consensus,6,6,0,-2.8799900899346698,-2.858296150146762,-3.5790421741963754,-2.0594722481376033,0,0,6,neighbor_consensus_k10_dist_cumshift,-1.6451934956610856,-4.146577388861285
tabicl,synthetic_shift_3.0,source::synthetic_generator,M1_frequency_encoding,6,6,4,0.051995136545493204,0.026940605293493913,-0.0755233651049507,0.1218868535460771,4,0,2,joint_freq_combined__sel_combined_union,0.1474571933419486,-0.1169583948964779
tabicl,synthetic_shift_3.0,source::synthetic_generator,M20_cluster_membership,8,8,0,0.1353844115980573,0.03669258928257409,-0.24183789193612998,0.3783097942025977,5,0,3,cluster_membership_k15_both,0.5158221715634895,-0.5563373314287045
tabicl,synthetic_shift_3.0,source::synthetic_generator,M2_frequency_ratio,7,7,2,-0.1449878536286483,0.020003520619636818,-0.14562563011089835,0.19832395611119258,3,0,4,freq_ratio_log__sel_combined_union,0.3645056128418319,-0.1848897668763143
tabicl,synthetic_shift_3.0,source::synthetic_generator,M3_joint_pca,4,4,0,-0.4258057447308049,-0.42579961226462404,-0.4258057447308049,-0.4257996122646241,0,0,4,joint_pca_var90,-0.4257812148660816,-0.4258057447308049
tabicl,synthetic_shift_3.0,source::synthetic_generator,M3b_joint_tsne,3,3,0,-0.7399760752053307,-0.6227505773376436,-0.7561657859082589,-0.5479481177008718,0,0,3,joint_tsne_3d_p30,-0.355920160196413,-0.7723554966111872
tabicl,synthetic_shift_3.0,source::synthetic_generator,M4_target_encoding,12,12,2,0.1314718981781589,0.020342071688795062,-0.19204839905841709,0.1349387857226508,7,0,5,target_enc_ratio__sel_combined_union,0.3006952581319085,-0.2046117780963297
tabicl,synthetic_shift_3.0,source::synthetic_generator,M5_joint_scaling,1,1,0,2.452986472325436e-05,2.452986472325436e-05,2.452986472325436e-05,2.452986472325436e-05,1,0,0,joint_scaling,2.452986472325436e-05,2.452986472325436e-05
tabicl,synthetic_shift_3.0,source::synthetic_generator,M6_adversarial_validation,7,7,0,-0.2520361831857164,-0.2223433660090522,-0.267669883622161,-0.16437053505359164,0,0,7,adversarial_lgbm_feature,-0.096058950170811,-0.3442275913553328
tabicl,synthetic_shift_3.0,source::synthetic_generator,M7_pseudo_labeling,9,9,0,-0.5997715451934132,-3.0664729352463302,-2.6826350634791805,-0.5997715451934132,0,1,8,pseudo_label_v2_cal_platt_wprop_conf90,0.0,-13.499724856684272
tabicl,synthetic_shift_3.0,source::synthetic_generator,M8_label_propagation,11,11,0,-0.1018316449972479,-0.19408920946860092,-0.38627586776439793,0.01558464070704245,3,0,8,label_prop_weighted_k15_a08,0.1844972890411415,-0.622837794634393
tabicl,synthetic_shift_3.0,source::synthetic_generator,M9_optimal_transport,9,9,0,-1.722577042172564,-1.7318447884621948,-1.9113507042933549,-1.0574088776851212,0,0,9,ot_disp_v2_summary_only,-0.3584957959900475,-3.437590709395535
tabicl,synthetic_shift_5.0,source::synthetic_generator,M14_groupby_aggregation,9,9,2,-0.2128022108329407,-0.20866696736786403,-0.280750465756842,-0.134170922465229,0,0,9,joint_groupby_combined,-0.101627558410943,-0.33061040269058
tabicl,synthetic_shift_5.0,source::synthetic_generator,M14b_groupby_shift_features,6,6,2,0.020958516098911348,0.06165434114573213,0.0030934839132201494,0.16075060449750378,4,0,2,groupby_shift_ratio_raw,0.2141549326002224,-0.0906323584053433
tabicl,synthetic_shift_5.0,source::synthetic_generator,M16_nearest_test_distance,7,7,0,-6.938552180158284,-10.299197403666112,-15.23692791683885,-5.813451864132965,0,0,7,nearest_test_k5_both,-5.154650349604835,-17.900419733956035
tabicl,synthetic_shift_5.0,source::synthetic_generator,M17_test_directed_augmentation,12,12,0,-16.948545845778437,-16.380877456848392,-18.986451537658763,-10.464048600865144,0,0,12,tdda_k5_lam06_aug1,-10.139854955275636,-31.723666691090816
tabicl,synthetic_shift_5.0,source::synthetic_generator,M18_leaf_density,8,8,0,-4.756499242779322,-5.872573826307934,-7.003610726563341,-3.901791532568704,0,0,8,leaf_density_conf_shallow,-0.6774968230549051,-13.694252796817322
tabicl,synthetic_shift_5.0,source::synthetic_generator,M19_neighborhood_consensus,6,6,0,-1.6796642128351413,-1.799739947911533,-1.8177133712644404,-1.3589976158278954,0,0,6,neighbor_consensus_k10_dist_cumshift,-1.107662345038562,-3.215610409193999
tabicl,synthetic_shift_5.0,source::synthetic_generator,M1_frequency_encoding,6,6,4,0.17122769472363694,0.14990064865609312,-0.060271992459476904,0.35503093267132607,4,0,2,joint_freq_combined__sel_combined_union,0.4217977238721945,-0.1437093451829506
tabicl,synthetic_shift_5.0,source::synthetic_generator,M20_cluster_membership,8,8,0,-0.4816643333661235,-0.5085529302251395,-0.8542286212513739,-0.28100193326486067,2,0,6,cluster_membership_k5_both,0.1517649767327523,-1.2748535526939222
tabicl,synthetic_shift_5.0,source::synthetic_generator,M2_frequency_ratio,7,7,2,-0.2383825263033014,0.018712651113545743,-0.23857329475763528,0.3720288355190105,3,0,4,freq_ratio_log__sel_combined_union,0.4852802627054982,-0.3828202601301269
tabicl,synthetic_shift_5.0,source::synthetic_generator,M3_joint_pca,4,4,0,-1.287348886454151,-1.2873553899242256,-1.287366229040924,-1.2873380473374525,0,0,4,joint_pca_var90,-1.287305529987357,-1.2874182568012436
tabicl,synthetic_shift_5.0,source::synthetic_generator,M3b_joint_tsne,3,3,0,-1.5782621080521215,-1.269275020619614,-1.6557747995738934,-1.0372687853815883,0,0,3,joint_tsne_2d_p50,-0.496275462711055,-1.7332874910956655
tabicl,synthetic_shift_5.0,source::synthetic_generator,M4_target_encoding,12,12,2,0.11206779564014291,0.006561278657355414,-0.301563737691643,0.11817238617952291,7,0,5,target_enc_ratio__sel_combined_intersection,0.5668077630620858,-0.308143081543578
tabicl,synthetic_shift_5.0,source::synthetic_generator,M5_joint_scaling,1,1,0,8.671293375887117e-06,8.671293375887117e-06,8.671293375887117e-06,8.671293375887117e-06,1,0,0,joint_scaling,8.671293375887117e-06,8.671293375887117e-06
tabicl,synthetic_shift_5.0,source::synthetic_generator,M6_adversarial_validation,7,7,0,-0.4745972292616019,-0.46595194976199483,-0.6231538274438607,-0.3240982613623295,0,0,7,adversarial_rf_feature,-0.1371972038547002,-0.7553650376052815
tabicl,synthetic_shift_5.0,source::synthetic_generator,M7_pseudo_labeling,9,9,0,-5.275536850612244,-7.898869017656624,-10.462661193924358,-5.275536850612244,0,1,8,pseudo_label_v2_cal_platt_wprop_conf90,0.0,-19.05270455472694
tabicl,synthetic_shift_5.0,source::synthetic_generator,M8_label_propagation,11,11,0,0.288216449356826,0.03899007653243252,-0.42131646708963977,0.40518786140326324,7,0,4,label_prop_weighted_k10_a05,0.4840402677521459,-0.7677129593780343
tabicl,synthetic_shift_5.0,source::synthetic_generator,M9_optimal_transport,9,9,0,-2.7568903181107656,-3.0129825159266455,-3.020844488590966,-1.8347502949323808,0,0,9,ot_disp_v2_summary_only,-0.9736388345608088,-5.8139201139754775
tabicl,synthetic_small_test,source::synthetic_generator,M14_groupby_aggregation,9,9,2,0.0358941653064951,0.04018973710185349,-0.0064221624374485,0.0459725093296181,5,0,4,joint_groupby_combined,0.2799045450470489,-0.0865720213724181
tabicl,synthetic_small_test,source::synthetic_generator,M14b_groupby_shift_features,6,6,2,0.36603146605256087,0.24626237564482553,0.11826157785540525,0.3681774856789135,5,0,1,groupby_shift_cohen_d_min10,0.368861032671036,-0.027914151584589
tabicl,synthetic_small_test,source::synthetic_generator,M16_nearest_test_distance,7,7,0,-0.5207038435688345,-0.5330576496720203,-0.6173701054060838,-0.46156908053074874,0,0,7,nearest_test_k5_both,-0.2713204665414625,-0.7815008657201798
tabicl,synthetic_small_test,source::synthetic_generator,M17_test_directed_augmentation,12,12,0,-2.16315599051041,-3.453266157090287,-7.026831285977543,-0.4293469932516363,0,0,12,tdda_k5_lam06_aug1,-0.4047234050940707,-7.313285164995485
tabicl,synthetic_small_test,source::synthetic_generator,M18_leaf_density,8,8,0,-0.9125511309046355,-0.9935236306963829,-1.631388223534457,-0.32535247180128585,0,0,8,leaf_density_embed_k10_cumshift,-0.0536981799845887,-2.1596269804581376
tabicl,synthetic_small_test,source::synthetic_generator,M19_neighborhood_consensus,6,6,0,-0.7822003091539336,-0.9497382068007959,-1.129410388261,-0.7226999279573177,0,0,6,neighbor_consensus_k5_dist,-0.6900645331945946,-1.495950540447179
tabicl,synthetic_small_test,source::synthetic_generator,M1_frequency_encoding,6,6,4,0.0358941653064951,0.059473887127245016,-0.08049163243101427,0.20662194891650001,4,0,2,joint_freq_combined__sel_combined_union,0.3202497140230894,-0.1794390336489271
tabicl,synthetic_small_test,source::synthetic_generator,M20_cluster_membership,8,8,0,0.0636652489160622,0.020907794915578898,-0.13584304235001277,0.14621547054423178,4,0,4,cluster_membership_k10_both_cumshift,0.1563891932174611,-0.1407153017240009
tabicl,synthetic_small_test,source::synthetic_generator,M2_frequency_ratio,7,7,2,0.0349721716892223,0.02956738151909466,-0.116648089025145,0.1320517410101594,4,0,3,freq_ratio_log__sel_combined_union,0.2613375011684128,-0.1201453061940013
tabicl,synthetic_small_test,source::synthetic_generator,M3_joint_pca,4,4,0,-0.268745242989791,-0.26877703587314145,-0.26877703587314145,-0.268745242989791,0,0,4,joint_pca_10,-0.268745242989791,-0.2688724145231927
tabicl,synthetic_small_test,source::synthetic_generator,M3b_joint_tsne,3,3,0,-0.0736641107307321,-0.03819385053566417,-0.14820252575376625,0.05407969458490394,1,0,2,joint_tsne_2d_p50,0.18182349990054,-0.2227409407768004
tabicl,synthetic_small_test,source::synthetic_generator,M4_target_encoding,12,12,2,0.095696578895028,0.08851138725706988,-0.0060088549538269,0.15619048769649338,7,0,5,target_enc_ratio__sel_combined_union,0.2755489200275768,-0.0063585766707037
tabicl,synthetic_small_test,source::synthetic_generator,M5_joint_scaling,1,1,0,3.179288341640311e-05,3.179288341640311e-05,3.179288341640311e-05,3.179288341640311e-05,1,0,0,joint_scaling,3.179288341640311e-05,3.179288341640311e-05
tabicl,synthetic_small_test,source::synthetic_generator,M6_adversarial_validation,7,7,0,0.2320880484829293,0.2404949952097327,0.22181894715963765,0.2675689063057148,7,0,0,adversarial_lgbm_cal_platt_feature,0.2903961965537496,0.1822050145007452
tabicl,synthetic_small_test,source::synthetic_generator,M7_pseudo_labeling,9,9,0,-0.0011445438007038,-0.009128090065109043,-0.0074395347047506,0.0003815146002492,3,1,5,pseudo_label_v2_cal_iso_wprop_conf90,0.0004768932503665,-0.0623140513734595
tabicl,synthetic_small_test,source::synthetic_generator,M8_label_propagation,11,11,0,-0.0522357073502925,-0.20088188834002257,-0.3207584001566524,0.03292153071291005,5,0,6,label_prop_weighted_k15_a05,0.102150534215849,-1.2508274097892935
tabicl,synthetic_small_test,source::synthetic_generator,M9_optimal_transport,9,9,0,-1.460660439924496,-1.6289119111754682,-1.5657677122921778,-0.5325943819431305,1,0,8,ot_disp_v2_selective_abs,0.2239490703443371,-4.041924639420985
tabicl,tabred_delivery_eta__gap_far,source::tabred_delivery_eta,M14_groupby_aggregation,7,7,1,-1.599877663159743,-2.0139974216493095,-1.8995757099433865,-1.0375499927640546,0,0,7,joint_groupby_combined__sel_combined_intersection,-0.2653580603283733,-6.358494822642166
tabicl,tabred_delivery_eta__gap_far,source::tabred_delivery_eta,M14b_groupby_shift_features,5,5,1,-1.9594212063161487,-1.811101561276572,-2.1618150666079483,-1.9594072595926573,0,0,5,groupby_shift_cohen_d__sel_combined_intersection,-0.2653580603283733,-2.709506213537732
tabicl,tabred_delivery_eta__gap_far,source::tabred_delivery_eta,M16_nearest_test_distance,7,7,0,0.3967428571610428,0.5686280970679077,0.3817588494381529,0.7133904681587355,7,0,0,nearest_test_rel_k10_cumshift_both,1.1824682965303903,0.2108868905901437
tabicl,tabred_delivery_eta__gap_far,source::tabred_delivery_eta,M17_test_directed_augmentation,12,12,0,-6.727037494002641,-7.267450633005641,-6.784160939486154,-6.499605194680184,0,0,12,tdda_k5_lam07_aug1_cumshift,-3.397956394247194,-16.125218602759638
tabicl,tabred_delivery_eta__gap_far,source::tabred_delivery_eta,M18_leaf_density,8,8,0,-2.1181282079505617,-2.0862249392176464,-2.8312866185804904,-1.4080279535715468,0,0,8,leaf_density_embed_k10_cumshift,-0.6240879646359757,-3.366815620881174
tabicl,tabred_delivery_eta__gap_far,source::tabred_delivery_eta,M19_neighborhood_consensus,6,6,0,1.5084934735243118,1.395454195156006,1.0840982211287606,1.5805519202365266,6,0,0,neighbor_consensus_k20_dist,1.9160093974544987,0.892524286962073
tabicl,tabred_delivery_eta__gap_far,source::tabred_delivery_eta,M1_frequency_encoding,6,6,4,-0.8648594628313362,-1.593923996982003,-2.974737836335229,-0.39537806396184505,0,0,6,joint_freq_combined__sel_combined_intersection,-0.2653580603283733,-3.651552104059098
tabicl,tabred_delivery_eta__gap_far,source::tabred_delivery_eta,M20_cluster_membership,8,8,0,-1.8301353094138153,-1.7257779204981316,-1.8857074031575347,-1.7952131950504269,0,0,8,cluster_membership_k10_weight,-0.774041844022137,-1.968760433787864
tabicl,tabred_delivery_eta__gap_far,source::tabred_delivery_eta,M2_frequency_ratio,7,7,2,-0.2653627877827765,-0.783969400285541,-0.7854285955590636,0.0,0,3,4,freq_ratio_v2_both_gated,0.0,-3.651565823097884
tabicl,tabred_delivery_eta__gap_far,source::tabred_delivery_eta,M3_joint_pca,4,4,0,-1.2981395982816575,-1.2596030957195026,-1.8450492518489252,-0.7126934421522348,0,0,4,joint_pca_var95,-0.0790745826039463,-2.363058603710748
tabicl,tabred_delivery_eta__gap_far,source::tabred_delivery_eta,M3b_joint_tsne,3,3,0,-2.0472059278573367,-2.9222730500154217,-3.6429585786127103,-1.7640539603390908,0,0,3,joint_tsne_2d_p50,-1.480901992820845,-5.238711229368084
tabicl,tabred_delivery_eta__gap_far,source::tabred_delivery_eta,M4_target_encoding,12,12,2,-0.8171917014980535,-0.9999774637260236,-0.8318112581578863,-0.7883666983118776,0,0,12,target_enc_ratio__sel_combined_intersection,-0.2653627877827765,-3.651552104059098
tabicl,tabred_delivery_eta__gap_far,source::tabred_delivery_eta,M5_joint_scaling,1,1,0,-0.1872158792163542,-0.1872158792163542,-0.1872158792163542,-0.1872158792163542,0,0,1,joint_scaling,-0.1872158792163542,-0.1872158792163542
tabicl,tabred_delivery_eta__gap_far,source::tabred_delivery_eta,M6_adversarial_validation,7,7,0,-0.8059976811183631,-0.8481142909946697,-1.0084768200168905,-0.7300603325812403,0,0,7,adversarial_rf_feature,-0.6171866976556671,-1.036541352992396
tabicl,tabred_delivery_eta__gap_far,source::tabred_delivery_eta,M8_label_propagation,11,11,0,-1.188910100547889,-1.5332124994909093,-2.2892860570825797,-0.7068280928313648,0,0,11,label_prop_k10_a05,-0.3061476958169634,-3.277642066101943
tabicl,tabred_delivery_eta__gap_far,source::tabred_delivery_eta,M9_optimal_transport,9,9,0,-0.5315763423530978,-1.1870367891363642,-3.703150288511608,0.4915420244522384,3,0,6,ot_disp_v2_selective_abs,1.7099707719957744,-4.519615799430131
tabicl,tabred_delivery_eta__gap_maxdiff,source::tabred_delivery_eta,M14_groupby_aggregation,7,7,1,-1.388744298768302,-1.634982216020123,-2.169074536202553,-1.0759054334391243,0,0,7,joint_groupby_combined__sel_combined_intersection,-0.1885604370276123,-3.377610837061591
tabicl,tabred_delivery_eta__gap_maxdiff,source::tabred_delivery_eta,M14b_groupby_shift_features,5,5,1,-0.1627815689702722,-0.4911193411450843,-0.6699564416452565,-0.1627815689702722,1,0,4,groupby_shift_ratio_log,0.138056904059277,-1.5981340301988978
tabicl,tabred_delivery_eta__gap_maxdiff,source::tabred_delivery_eta,M16_nearest_test_distance,7,7,0,-0.1195002760491004,-0.12093088661891085,-0.16200076280215003,-0.024268741659712594,2,0,5,nearest_test_rel_k10_both,0.0510967377176895,-0.4055736590772399
tabicl,tabred_delivery_eta__gap_maxdiff,source::tabred_delivery_eta,M17_test_directed_augmentation,12,12,0,-4.734236985128842,-5.254696809438661,-5.281755111824863,-4.285561111306638,0,0,12,tdda_v2_k10_lam07_pfl_dw,-4.23268874780957,-9.14263451262865
tabicl,tabred_delivery_eta__gap_maxdiff,source::tabred_delivery_eta,M18_leaf_density,8,8,0,-0.4104797309320557,-0.4951317721891342,-1.0485227602746168,0.11798634328922163,4,0,4,leaf_density_embed_k10_cumshift,0.2031096276168267,-1.403808546175359
tabicl,tabred_delivery_eta__gap_maxdiff,source::tabred_delivery_eta,M19_neighborhood_consensus,6,6,0,-0.6633524959394638,-0.69997639489518,-0.6818077420159265,-0.6290534582360605,0,0,6,neighbor_consensus_k5_dist,-0.5653791077091438,-1.0021943334066683
tabicl,tabred_delivery_eta__gap_maxdiff,source::tabred_delivery_eta,M1_frequency_encoding,6,6,4,-0.4391508369200995,-0.4362951388516281,-0.6787254441508531,-0.3998932383736781,1,0,5,joint_freq_separate,0.1645055060441768,-0.7585836465611043
tabicl,tabred_delivery_eta__gap_maxdiff,source::tabred_delivery_eta,M20_cluster_membership,8,8,0,-1.0431189000054062,-1.0731604990510721,-1.3859909497042375,-0.7517393247682025,0,0,8,cluster_membership_k10_weight,-0.5487459938939557,-1.571854700635674
tabicl,tabred_delivery_eta__gap_maxdiff,source::tabred_delivery_eta,M2_frequency_ratio,7,7,2,-0.3868073721915376,-0.36863832913076644,-0.41298650391697955,-0.3868073721915376,1,0,6,freq_ratio_v2_both_gated,0.164510467054311,-0.7585836465611043
tabicl,tabred_delivery_eta__gap_maxdiff,source::tabred_delivery_eta,M3_joint_pca,4,4,0,-0.25986405065629264,-0.0991758077034551,-0.396281104361258,0.03724124600151027,1,0,3,joint_pca_var95,0.605087648735887,-0.4820627782371222
tabicl,tabred_delivery_eta__gap_maxdiff,source::tabred_delivery_eta,M3b_joint_tsne,3,3,0,-0.664416495578393,-0.8370897287957685,-0.924348883584132,-0.6634939573987173,0,0,3,joint_tsne_2d_p30,-0.6625714192190415,-1.184281271589871
tabicl,tabred_delivery_eta__gap_maxdiff,source::tabred_delivery_eta,M4_target_encoding,12,12,2,-0.4035758379611253,-0.4135562771524037,-0.4035807709017204,-0.3491211371788711,0,0,12,target_enc_oof_diff,-0.3484498909410224,-0.7585836465611043
tabicl,tabred_delivery_eta__gap_maxdiff,source::tabred_delivery_eta,M5_joint_scaling,1,1,0,-0.0142334747183066,-0.0142334747183066,-0.0142334747183066,-0.0142334747183066,0,0,1,joint_scaling,-0.0142334747183066,-0.0142334747183066
tabicl,tabred_delivery_eta__gap_maxdiff,source::tabred_delivery_eta,M6_adversarial_validation,7,7,0,-0.3461251725761837,-0.354644655671708,-0.3683089996785822,-0.3350777364362212,0,0,7,adversarial_lgbm_cal_iso_both_ratio,-0.3242326668634043,-0.4053812780327611
tabicl,tabred_delivery_eta__gap_maxdiff,source::tabred_delivery_eta,M8_label_propagation,11,11,0,-0.6572377283048632,-1.2445590723694282,-1.86588311581977,-0.5584071332608287,0,0,11,label_prop_k15_a08,-0.5113225110888909,-2.9203741514992108
tabicl,tabred_delivery_eta__gap_maxdiff,source::tabred_delivery_eta,M9_optimal_transport,9,9,0,-3.002016318703012,-4.559613954774534,-3.131672772419751,-2.114312375013602,0,0,9,ot_disp_v2_selective_and_summary_top10,-1.308911368273097,-12.582994542318415
tabicl,tabred_delivery_eta__gap_near,source::tabred_delivery_eta,M14_groupby_aggregation,7,7,1,-0.4953164752452499,-1.4756542309688876,-0.5998368855245544,-0.4684775958204735,1,0,6,joint_groupby_combined__sel_combined_intersection,0.1291677706717727,-7.8268019495186785
tabicl,tabred_delivery_eta__gap_near,source::tabred_delivery_eta,M14b_groupby_shift_features,6,6,2,-0.4547805801437753,-0.44444296072473716,-0.6706929959889733,-0.4042108182804832,1,0,5,groupby_shift_cohen_d__sel_combined_intersection,0.1291630245440306,-0.7562415963414781
tabicl,tabred_delivery_eta__gap_near,source::tabred_delivery_eta,M16_nearest_test_distance,7,7,0,-0.2660954397506588,-0.3298312835177567,-0.36055783783519424,-0.2478907698048361,0,0,7,nearest_test_rel_k10_cumshift_both,-0.2265900800937485,-0.5992362494998286
tabicl,tabred_delivery_eta__gap_near,source::tabred_delivery_eta,M17_test_directed_augmentation,12,12,0,-9.482159423417006,-9.890992764878192,-12.004203377900444,-7.652811088475743,0,0,12,tdda_k5_lam07_aug1_cumshift,-6.924749992927882,-14.4780687582065
tabicl,tabred_delivery_eta__gap_near,source::tabred_delivery_eta,M18_leaf_density,8,8,0,-0.24592991832799097,-0.08988535572457731,-0.5200120895695977,0.4523598415293073,4,0,4,leaf_density_conf,0.4623225976006228,-0.5567460227148637
tabicl,tabred_delivery_eta__gap_near,source::tabred_delivery_eta,M19_neighborhood_consensus,6,6,0,-0.4911308606557788,-0.5071372672943674,-0.5873982695684998,-0.39109524303564347,0,0,6,neighbor_consensus_k20_dist,-0.3563721184974809,-0.7269523209221604
tabicl,tabred_delivery_eta__gap_near,source::tabred_delivery_eta,M1_frequency_encoding,6,6,4,-0.21072391199065305,-0.27152625562655613,-0.6819230984476016,0.12366998605202309,3,0,3,joint_freq_combined__sel_combined_intersection,0.1291677706717727,-0.7330226052494676
tabicl,tabred_delivery_eta__gap_near,source::tabred_delivery_eta,M20_cluster_membership,8,8,0,-0.12876107002930076,-0.11055682503586682,-0.15516563372160247,-0.0945655819630924,1,0,7,cluster_membership_k10_weight,0.0486536891932667,-0.1916960976503192
tabicl,tabred_delivery_eta__gap_near,source::tabred_delivery_eta,M2_frequency_ratio,7,7,2,0.0,-0.05564240284104057,0.0,0.1071813804090765,3,3,1,freq_ratio_log__sel_combined_intersection,0.1291630245440306,-0.7330226052494676
tabicl,tabred_delivery_eta__gap_near,source::tabred_delivery_eta,M3_joint_pca,4,4,0,-0.3825070597102437,-0.40614478243638974,-0.4847850719132174,-0.30386677023341613,0,0,4,joint_pca_10,-0.2831174269047211,-0.5764475834203507
tabicl,tabred_delivery_eta__gap_near,source::tabred_delivery_eta,M3b_joint_tsne,3,3,0,-0.4010480416442231,-0.4584468165743478,-0.4988605297612295,-0.3893337159224038,0,0,3,joint_tsne_2d_p50,-0.3776193902005845,-0.5966730178782359
tabicl,tabred_delivery_eta__gap_near,source::tabred_delivery_eta,M4_target_encoding,12,12,2,0.09873584627318199,0.03158423357056336,0.08975302400706267,0.1071908705760005,11,0,1,target_enc_ratio__sel_combined_intersection,0.1291630245440306,-0.7330178997443666
tabicl,tabred_delivery_eta__gap_near,source::tabred_delivery_eta,M5_joint_scaling,1,1,0,-0.7304251330107991,-0.7304251330107991,-0.7304251330107991,-0.7304251330107991,0,0,1,joint_scaling,-0.7304251330107991,-0.7304251330107991
tabicl,tabred_delivery_eta__gap_near,source::tabred_delivery_eta,M6_adversarial_validation,7,7,0,0.1923729712507286,0.23173698664201678,0.10116521142993405,0.24676537038389257,7,0,0,adversarial_rf_feature,0.6418695713497059,0.0920552002660299
tabicl,tabred_delivery_eta__gap_near,source::tabred_delivery_eta,M8_label_propagation,11,11,0,0.0696026444280957,0.0639926188505559,0.0129484867076093,0.13641130648537644,9,0,2,label_prop_weighted_k15_a05,0.1574349624417883,-0.118093664536643
tabicl,tabred_delivery_eta__gap_near,source::tabred_delivery_eta,M9_optimal_transport,9,9,0,-2.021232181071833,-1.6006982068615379,-2.276216136181565,-0.6180862464576687,0,0,9,ot_disp_v2_summary_only,-0.0722351707146773,-2.843320946231767
tabicl,tabred_homesite__gap_far,source::tabred_homesite,M14_groupby_aggregation,4,4,0,-0.08596160345363502,-0.08596160345363502,-2.16501139250158,1.99308818559431,2,0,2,targeted_groupby_top3,1.99308818559431,-2.16501139250158
tabicl,tabred_homesite__gap_far,source::tabred_homesite,M14b_groupby_shift_features,1,1,1,-3.572012602614319,-3.572012602614319,-3.572012602614319,-3.572012602614319,0,0,1,groupby_shift_cohen_d__sel_combined_intersection,-3.572012602614319,-3.572012602614319
tabicl,tabred_homesite__gap_far,source::tabred_homesite,M16_nearest_test_distance,7,7,0,-33.17485582216801,-32.85205010520353,-34.03349068431329,-31.325563901577553,0,0,7,nearest_test_k10_filter_both,-30.03379593794628,-36.03758980452872
tabicl,tabred_homesite__gap_far,source::tabred_homesite,M17_test_directed_augmentation,12,12,0,-67.8166733895146,-67.78575737423736,-82.80353658137737,-60.04371668102095,0,0,12,tdda_k5_lam08_aug1,-32.71850164073827,-84.00492766579096
tabicl,tabred_homesite__gap_far,source::tabred_homesite,M18_leaf_density,8,8,0,-12.252117697079388,-10.335233900596378,-15.504867705255904,-2.8254766862537952,2,0,6,leaf_density_conf_deep,1.2363862330611035,-21.82934141528668
tabicl,tabred_homesite__gap_far,source::tabred_homesite,M19_neighborhood_consensus,6,6,0,3.4964623284309915,2.8981106980496194,-0.3739902100799566,4.87751697973333,4,0,2,neighbor_consensus_k20_dist,9.76735312394391,-3.045341066425345
tabicl,tabred_homesite__gap_far,source::tabred_homesite,M1_frequency_encoding,6,6,4,-7.550612142553515,-9.11819856748841,-18.924962115843897,1.7069401593858708,2,0,4,joint_freq_separate__sel_combined_union,7.901054215225552,-29.58540015480729
tabicl,tabred_homesite__gap_far,source::tabred_homesite,M20_cluster_membership,8,8,0,-5.512008459886509,-5.800023439118313,-8.076983876067038,-2.9835544605188344,2,0,6,cluster_membership_k10_both_cumshift,0.0347771103382783,-15.30127443391808
tabicl,tabred_homesite__gap_far,source::tabred_homesite,M2_frequency_ratio,7,7,2,0.6778811037099,1.7986135878359077,-6.146009353843503,8.473295758064669,4,0,3,freq_ratio_v2_ratio_gated,15.43558603246583,-8.177744829766707
tabicl,tabred_homesite__gap_far,source::tabred_homesite,M3_joint_pca,4,4,0,-17.355794913166292,-14.04044065542319,-22.044354443075775,-9.351881125513705,1,0,3,joint_pca_10,13.158502948968184,-34.608675744328366
tabicl,tabred_homesite__gap_far,source::tabred_homesite,M3b_joint_tsne,3,3,0,-12.232821306703665,-12.993556967959298,-16.18836329543106,-9.418382809859718,0,0,3,joint_tsne_2d_p30,-6.60394431301577,-20.143905284158457
tabicl,tabred_homesite__gap_far,source::tabred_homesite,M4_target_encoding,12,12,2,-8.251659816629845,-10.984433881699758,-18.520719090344205,-7.191421282719461,1,0,11,target_enc_ratio__sel_combined_intersection,1.7109466133199296,-21.1166832012385
tabicl,tabred_homesite__gap_far,source::tabred_homesite,M5_joint_scaling,1,1,0,-0.0095936856105472,-0.0095936856105472,-0.0095936856105472,-0.0095936856105472,0,0,1,joint_scaling,-0.0095936856105472,-0.0095936856105472
tabicl,tabred_homesite__gap_far,source::tabred_homesite,M6_adversarial_validation,7,7,0,-13.03956305122818,-13.398438534221915,-14.115854655663032,-12.92509293882943,0,0,7,adversarial_lgbm_cal_platt_feature,-11.460529615053275,-15.207081884287026
tabicl,tabred_homesite__gap_far,source::tabred_homesite,M7_pseudo_labeling,9,9,0,10.358782038004076,14.441234436001468,2.3602646985075344,24.82671405365911,8,0,1,pseudo_label_lgbm_conf80_iter5,39.59030601676714,-4.054422362009095
tabicl,tabred_homesite__gap_far,source::tabred_homesite,M8_label_propagation,11,11,0,-23.40532231513091,-22.00672549075971,-26.477754641490616,-16.84520370229064,0,0,11,label_prop_k10_a05,-15.522583317888976,-28.451491927131617
tabicl,tabred_homesite__gap_far,source::tabred_homesite,M9_optimal_transport,9,9,0,-20.41176534717156,-17.106377257150765,-22.11322729403548,-8.868054117108397,1,0,8,ot_disp_v2_selective_and_summary_abs,0.8420639506361155,-36.06277322925645
tabicl,tabred_homesite__gap_near,source::tabred_homesite,M14_groupby_aggregation,4,4,0,-13.284257078092526,-13.037357215876575,-13.435597137650849,-12.886017156318255,0,0,4,targeted_groupby_top5_shifted_agg,-11.95697586559471,-13.623938841726536
tabicl,tabred_homesite__gap_near,source::tabred_homesite,M14b_groupby_shift_features,1,1,1,-150.4626872305441,-150.4626872305441,-150.4626872305441,-150.4626872305441,0,0,1,groupby_shift_cohen_d__sel_combined_intersection,-150.4626872305441,-150.4626872305441
tabicl,tabred_homesite__gap_near,source::tabred_homesite,M16_nearest_test_distance,7,7,0,-13.709053735721753,-14.34695510276674,-15.728476821192269,-12.888461709409725,0,0,7,nearest_test_k10_filter_both,-12.122761011600732,-17.362993910840704
tabicl,tabred_homesite__gap_near,source::tabred_homesite,M17_test_directed_augmentation,12,12,0,-17.579447975465843,-17.683730388017526,-18.8061691630742,-12.170318680830489,0,0,12,tdda_k5_lam06_aug1,-8.036357171429945,-48.09858215920753
tabicl,tabred_homesite__gap_near,source::tabred_homesite,M18_leaf_density,8,8,0,4.6084270412018915,7.421302057869106,3.1918640828478564,13.160029334637073,8,0,0,leaf_density_conf_shallow,16.60518245255336,0.8155918040797899
tabicl,tabred_homesite__gap_near,source::tabred_homesite,M19_neighborhood_consensus,6,6,0,22.431885861593592,22.023312147206408,22.05342459664854,22.634339303969014,6,0,0,neighbor_consensus_k5_dist,22.8772389883994,19.769767545224184
tabicl,tabred_homesite__gap_near,source::tabred_homesite,M1_frequency_encoding,6,6,4,-5.613582825903763,-4.96207238840282,-12.328325703364927,3.110582692563626,2,0,4,joint_freq_separate__sel_combined_intersection,6.403840170674132,-16.401173385484302
tabicl,tabred_homesite__gap_near,source::tabred_homesite,M20_cluster_membership,8,8,0,-5.393573047691277,-6.305002444553338,-8.928563491710788,-5.306402506778382,0,0,8,cluster_membership_k10_weight,-1.9391972976580616,-9.118183030357107
tabicl,tabred_homesite__gap_near,source::tabred_homesite,M2_frequency_ratio,7,7,2,-2.235210453798085,-5.246391903132553,-7.831459175963914,-0.8578159029293411,2,0,5,freq_ratio_log__sel_combined_intersection,2.761011600515301,-19.87199431085857
tabicl,tabred_homesite__gap_near,source::tabred_homesite,M3_joint_pca,4,4,0,-1.0982710342685778,-1.3827281212502198,-4.7789901773413845,2.297991021822586,2,0,2,joint_pca_var95,8.449264411751278,-11.783634828215003
tabicl,tabred_homesite__gap_near,source::tabred_homesite,M3b_joint_tsne,3,3,0,0.1400062224986153,1.7691156643997121,-1.5018445264236446,4.225521134272521,2,0,1,joint_tsne_2d_p30,8.311036046046427,-3.143695275345905
tabicl,tabred_homesite__gap_near,source::tabred_homesite,M4_target_encoding,12,12,2,-3.301257833681766,-3.48513637643178,-3.475765589581948,-2.8535712698345,1,0,11,target_enc_ratio__sel_combined_intersection,5.016222943241604,-15.526023378817028
tabicl,tabred_homesite__gap_near,source::tabred_homesite,M5_joint_scaling,1,1,0,0.0053335703805669,0.0053335703805669,0.0053335703805669,0.0053335703805669,1,0,0,joint_scaling,0.0053335703805669,0.0053335703805669
tabicl,tabred_homesite__gap_near,source::tabred_homesite,M6_adversarial_validation,7,7,0,-1.370283123694594,-2.3728038706484353,-1.692964131739362,0.0777812347212104,3,0,4,adversarial_logreg_feature,0.4720209787100125,-12.48099915551816
tabicl,tabred_homesite__gap_near,source::tabred_homesite,M7_pseudo_labeling,9,9,0,-67.23009911551651,-45.31902652463607,-67.23076581181445,-15.938930619138906,2,0,7,pseudo_label_lgbm_conf80_iter5,16.953197919907186,-89.8675496688748
tabicl,tabred_homesite__gap_near,source::tabred_homesite,M8_label_propagation,11,11,0,-6.971865416241081,-13.576724622104807,-20.969154184630863,-5.980265789590938,2,0,9,label_prop_weighted_adaptive_a05,9.560869371971636,-55.70558691497455
tabicl,tabred_homesite__gap_near,source::tabred_homesite,M9_optimal_transport,9,9,0,-13.322814347304528,-13.085668004998091,-18.34748211031597,-3.540157340326731,1,0,8,ot_disp_v2_selective_abs,0.2177874572198257,-36.35939375083392
tabicl,tabred_weather__gap_far,source::tabred_weather,M14_groupby_aggregation,6,6,2,0.1913161475619631,-1.398929353063519,-0.2174567384927831,0.23080107896843913,4,0,2,targeted_groupby_top3_shifted_agg,0.2439759673558362,-8.910432736453776
tabicl,tabred_weather__gap_far,source::tabred_weather,M14b_groupby_shift_features,2,2,2,-0.04067781443768531,-0.04067781443768531,-0.1971960908076919,0.11584046193232128,1,0,1,groupby_shift_cohen_d__sel_combined_union,0.2723587383023279,-0.3537143671776985
tabicl,tabred_weather__gap_far,source::tabred_weather,M16_nearest_test_distance,7,7,0,-0.80505543228016,-0.6515900933503448,-0.8944308419550075,-0.34375789278926117,0,0,7,nearest_test_k5_both,-0.1304697569746435,-1.1492279947090722
tabicl,tabred_weather__gap_far,source::tabred_weather,M17_test_directed_augmentation,12,12,0,-12.256564114070692,-10.172513088822758,-13.761313310322464,-4.581232103913106,0,0,12,tdda_v2_k10_lam07_pfl_dw,-4.5730769661114055,-18.516016550533728
tabicl,tabred_weather__gap_far,source::tabred_weather,M18_leaf_density,8,8,0,-0.5135772720420599,-0.39779766798671806,-0.9046677730721036,0.048991874006598324,2,0,6,leaf_density_conf,0.5340036964351008,-1.231786330884091
tabicl,tabred_weather__gap_far,source::tabred_weather,M19_neighborhood_consensus,6,6,0,0.3644115162270868,0.3468025121954696,0.3184239752923267,0.3768226500253307,6,0,0,neighbor_consensus_k10_dist_cumshift,0.5177950788615022,0.1501424722516564
tabicl,tabred_weather__gap_far,source::tabred_weather,M1_frequency_encoding,6,6,4,-0.232191562024242,-0.19529977694234515,-0.32333037446338303,-0.05804458743785736,2,0,4,joint_freq_combined,4.404090937511812e-06,-0.3537143671776985
tabicl,tabred_weather__gap_far,source::tabred_weather,M20_cluster_membership,8,8,0,-0.05460242538656625,-0.20127210780957583,-0.19094753035546885,0.005053244639694773,2,0,6,cluster_membership_k10_feature_cumshift,0.0652106146856392,-1.2344879565441618
tabicl,tabred_weather__gap_far,source::tabred_weather,M2_frequency_ratio,7,7,2,4.404090937511812e-06,-0.0836983304054558,-0.116095781012121,4.404090937511812e-06,4,1,2,freq_ratio_log,4.404090937511812e-06,-0.3537143671776985
tabicl,tabred_weather__gap_far,source::tabred_weather,M3_joint_pca,4,4,0,-0.1855773655793952,-0.399032046381309,-0.7795517038258976,0.19494229186519335,2,0,2,joint_pca_var95,0.201849418987212,-1.4268228733536577
tabicl,tabred_weather__gap_far,source::tabred_weather,M3b_joint_tsne,3,3,0,-0.4569155266579532,-0.5121482404432096,-0.609791768300376,-0.38688835569341495,0,0,3,joint_tsne_2d_p30,-0.3168611847288767,-0.7626680099427988
tabicl,tabred_weather__gap_far,source::tabred_weather,M4_target_encoding,12,12,2,2.202045468755906e-06,-0.048823292054692956,0.0,4.404090937511812e-06,6,4,2,target_enc_diff,4.404090937511812e-06,-0.3537143671776985
tabicl,tabred_weather__gap_far,source::tabred_weather,M5_joint_scaling,1,1,0,-0.0052539423485888,-0.0052539423485888,-0.0052539423485888,-0.0052539423485888,0,0,1,joint_scaling,-0.0052539423485888,-0.0052539423485888
tabicl,tabred_weather__gap_far,source::tabred_weather,M6_adversarial_validation,7,7,0,-1.4397181982463774,-1.4413907968446833,-1.532288464685418,-1.4314167494652446,0,0,7,adversarial_rf_feature,-1.138546939142697,-1.5840600122223845
tabicl,tabred_weather__gap_far,source::tabred_weather,M8_label_propagation,11,11,0,-12.619238186840908,-13.730693563284722,-18.421677141991527,-5.649157082143812,0,0,11,label_prop_k15_a05,-4.696590370845618,-33.13448863105755
tabicl,tabred_weather__gap_far,source::tabred_weather,M9_optimal_transport,9,9,0,-4.607744465368883,-42.58931405779549,-80.67292418947524,-3.263256393113564,0,0,9,ot_disp_v2_summary_only,-0.2621490115256006,-109.93371172464408
tabicl,tabred_weather__gap_maxdiff,source::tabred_weather,M14_groupby_aggregation,7,7,2,-0.1657060820032608,-1.525574736413613,-2.58707385114152,-0.1323229123144416,0,0,7,targeted_groupby_top3,-0.0989397426256224,-4.975583803354482
tabicl,tabred_weather__gap_maxdiff,source::tabred_weather,M14b_groupby_shift_features,6,6,2,-2.738343229103017,-2.8467685572745527,-4.437889303681261,-1.6202311077530442,0,0,6,groupby_shift_cohen_d__sel_combined_intersection,-0.2113857790707666,-5.140607377193454
tabicl,tabred_weather__gap_maxdiff,source::tabred_weather,M16_nearest_test_distance,7,7,0,0.5198853989649965,0.1968487999873328,-0.0893566579787754,0.5682681001960008,5,0,2,nearest_test_rel_k10_both,0.7802164864653317,-0.8799831699534496
tabicl,tabred_weather__gap_maxdiff,source::tabred_weather,M17_test_directed_augmentation,12,12,0,-8.019968508925135,-7.62159114456253,-11.029905185679551,-2.9145252775630572,0,0,12,tdda_v2_k10_lam07_pfl_dw,-2.8653574668593214,-15.12801432667512
tabicl,tabred_weather__gap_maxdiff,source::tabred_weather,M18_leaf_density,8,8,0,-0.24043204795153816,-1.0215586823779113,-1.6601818298290811,0.18592944181216664,4,0,4,leaf_density_embed_k10_cumshift,0.30459136190131,-3.737352822044237
tabicl,tabred_weather__gap_maxdiff,source::tabred_weather,M19_neighborhood_consensus,6,6,0,0.23637386548086445,0.3000073675820401,0.19516983081854009,0.3015460134647681,6,0,0,neighbor_consensus_k20_dist,0.6939540393701998,0.1286372197698104
tabicl,tabred_weather__gap_maxdiff,source::tabred_weather,M1_frequency_encoding,6,6,4,-0.2113857790707666,-0.31327029510672555,-0.5991625030080854,-0.052851987661019374,0,1,5,joint_freq_separate,0.0,-0.7284214109871916
tabicl,tabred_weather__gap_maxdiff,source::tabred_weather,M20_cluster_membership,8,8,0,-2.3690527870800064,-2.1111023497786907,-2.485020900584828,-1.8530786821350496,0,0,8,cluster_membership_k5_feature,-1.0627602133342986,-2.7571894451418983
tabicl,tabred_weather__gap_maxdiff,source::tabred_weather,M2_frequency_ratio,7,7,2,-7.390524436963175e-06,-0.13426239316510089,-0.10569658479760179,-7.390524436963175e-06,0,1,6,freq_ratio_v2_ratio_gated,0.0,-0.7284214109871916
tabicl,tabred_weather__gap_maxdiff,source::tabred_weather,M3_joint_pca,4,4,0,-2.35385728949619,-2.283513910472051,-3.0667779948668503,-1.5705932051013907,0,0,4,joint_pca_5,-0.4556850968605908,-3.9706559660352334
tabicl,tabred_weather__gap_maxdiff,source::tabred_weather,M3b_joint_tsne,3,3,0,-0.5388950889270455,-1.0756170593456051,-1.873502013340453,-0.009371120141477784,1,0,2,joint_tsne_2d_p30,0.52015284864409,-3.20810893775386
tabicl,tabred_weather__gap_maxdiff,source::tabred_weather,M4_target_encoding,12,12,2,-7.390524436963175e-06,-0.07832004053245473,-7.390524436963175e-06,-5.542893327722381e-06,0,3,9,target_enc_diff,0.0,-0.7284214109871916
tabicl,tabred_weather__gap_maxdiff,source::tabred_weather,M5_joint_scaling,1,1,0,0.0006910164480615,0.0006910164480615,0.0006910164480615,0.0006910164480615,1,0,0,joint_scaling,0.0006910164480615,0.0006910164480615
tabicl,tabred_weather__gap_maxdiff,source::tabred_weather,M6_adversarial_validation,7,7,0,-0.1464542513197599,-0.14064265107780702,-0.15700484565678674,-0.131863488305575,1,0,6,adversarial_rf_feature,0.1186661583348702,-0.3789737966350359
tabicl,tabred_weather__gap_maxdiff,source::tabred_weather,M8_label_propagation,11,11,0,-16.153605417701833,-14.65477776620775,-18.621433093930648,-11.12734807675698,0,0,11,label_prop_v3_adaptive,-6.168834201216633,-20.10451759806027
tabicl,tabred_weather__gap_maxdiff,source::tabred_weather,M9_optimal_transport,9,9,0,-2.773003923369896,-6.473699511782504,-13.971593622871048,-0.41432656474456,2,0,7,ot_disp_v2_summary_only,0.1801103897060616,-15.461506877979268
tabicl,tabred_weather__gap_near,source::tabred_weather,M14_groupby_aggregation,7,7,2,0.0,-0.8656471955703101,-0.5424796177384915,0.0,1,4,2,joint_groupby_combined__sel_combined_intersection,0.3470919308160448,-5.321663064331233
tabicl,tabred_weather__gap_near,source::tabred_weather,M14b_groupby_shift_features,6,6,2,-4.720933433766287,-3.239606999052407,-4.92454626517035,-1.3576125507029866,1,0,5,groupby_shift_cohen_d__sel_combined_intersection,0.3470919308160448,-5.113944258944319
tabicl,tabred_weather__gap_near,source::tabred_weather,M16_nearest_test_distance,7,7,0,-0.6039263246394585,-0.5572445787717489,-0.7050105557020686,-0.44239204282209366,0,0,7,nearest_test_rel_k10_both,-0.2601614427009233,-0.7418190870135366
tabicl,tabred_weather__gap_near,source::tabred_weather,M17_test_directed_augmentation,12,12,0,-8.184423187177519,-7.627754060643995,-9.566076781683163,-3.7857648788921385,0,0,12,tdda_v2_k5_lam06_pfl_dw,-3.741018562640253,-16.69085915323648
tabicl,tabred_weather__gap_near,source::tabred_weather,M18_leaf_density,8,8,0,-0.49632243210492133,-0.5924622895040146,-1.2132954698481841,0.28907951853906766,3,0,5,leaf_density_embed_k10_cumshift,0.4136427477176995,-2.032922197498901
tabicl,tabred_weather__gap_near,source::tabred_weather,M19_neighborhood_consensus,6,6,0,2.400300069018625,2.4972901411820385,2.252741205128279,2.7290438843830245,6,0,0,neighbor_consensus_k10_dist_cumshift,2.90807389388135,2.2328867418376444
tabicl,tabred_weather__gap_near,source::tabred_weather,M1_frequency_encoding,6,6,4,0.0,-0.11464599620765357,-0.5182724395792542,0.2603189481120336,2,2,2,joint_freq_combined__sel_combined_intersection,0.3470919308160448,-0.6910299194390055
tabicl,tabred_weather__gap_near,source::tabred_weather,M20_cluster_membership,8,8,0,-1.3780808192053695,-1.201427789396067,-1.3901294064914,-1.1689531992130273,1,0,7,cluster_membership_k10_weight,0.1225195157574453,-1.8596169507981737
tabicl,tabred_weather__gap_near,source::tabred_weather,M2_frequency_ratio,7,7,2,7.970866483822332e-06,-0.04912887424608514,0.0,1.3949016940481534e-05,4,2,1,freq_ratio_log__sel_combined_intersection,0.3470919308160448,-0.6910299194390055
tabicl,tabred_weather__gap_near,source::tabred_weather,M3_joint_pca,4,4,0,0.07935691362390258,-0.11158739580903093,-0.5055958739007553,0.47336539171562697,2,0,2,joint_pca_10,0.8962149835344733,-1.5012783940184022
tabicl,tabred_weather__gap_near,source::tabred_weather,M3b_joint_tsne,3,3,0,-1.012885429570413,-1.4684045368113672,-1.843373024931568,-0.8656764950706891,0,0,3,joint_tsne_2d_p30,-0.7184675605709652,-2.673860620292723
tabicl,tabred_weather__gap_near,source::tabred_weather,M4_target_encoding,12,12,2,0.0,-0.028656189699314782,0.0,1.0959941712151933e-05,5,6,1,target_enc_ratio__sel_combined_intersection,0.3470919308160448,-0.691022003275584
tabicl,tabred_weather__gap_near,source::tabred_weather,M5_joint_scaling,1,1,0,-0.0004583237542052,-0.0004583237542052,-0.0004583237542052,-0.0004583237542052,0,0,1,joint_scaling,-0.0004583237542052,-0.0004583237542052
tabicl,tabred_weather__gap_near,source::tabred_weather,M6_adversarial_validation,7,7,0,0.5121683802176297,0.48684664576483033,0.48680916288233833,0.52101791800348,7,0,0,adversarial_logreg_feature,0.5462808892849542,0.3338230890795916
tabicl,tabred_weather__gap_near,source::tabred_weather,M8_label_propagation,11,11,0,-4.327847905921454,-4.558039733898788,-5.43801637158537,-3.617427734730036,0,0,11,label_prop_v3_adaptive,-2.654108919080169,-7.327413828636454
tabicl,tabred_weather__gap_near,source::tabred_weather,M9_optimal_transport,9,9,0,-2.466841840826873,-8.427601597760919,-18.25051249036376,-1.358957380601452,1,0,8,ot_disp_v2_selective_top10,0.3107208045458056,-19.13610750313197
tabicl,taiwanese_bankruptcy_prediction,source::taiwanese_bankruptcy_prediction,M14_groupby_aggregation,9,9,2,0.6567895280017303,0.5901379112918886,0.3994167779100566,0.9231498004936884,8,0,1,joint_groupby_combined__sel_combined_intersection,1.6635891737771935,-0.7898749381017746
tabicl,taiwanese_bankruptcy_prediction,source::taiwanese_bankruptcy_prediction,M14b_groupby_shift_features,6,6,2,0.2509354109747024,0.4785364400542574,0.2303657233842415,0.2598813883520694,6,0,0,groupby_shift_cohen_d__sel_combined_intersection,1.6635891737771935,0.2193861029336667
tabicl,taiwanese_bankruptcy_prediction,source::taiwanese_bankruptcy_prediction,M16_nearest_test_distance,7,7,0,2.3932743460197794,2.4619982100070437,1.7997842823466463,3.14039345168975,7,0,0,nearest_test_k10_both,3.564143736918402,1.3962139190383294
tabicl,taiwanese_bankruptcy_prediction,source::taiwanese_bankruptcy_prediction,M17_test_directed_augmentation,12,12,0,-27.340191529865784,-27.54584373886617,-30.271373283170796,-17.955521390861378,0,0,12,tdda_v2_k5_lam06_pfl_dw,-17.8413764506875,-59.1293216990919
tabicl,taiwanese_bankruptcy_prediction,source::taiwanese_bankruptcy_prediction,M18_leaf_density,8,8,0,1.885865875940834,1.7232972367730368,1.197383586221251,2.0862177761279552,8,0,0,leaf_density_conf,2.7611825313213365,0.8766458778077569
tabicl,taiwanese_bankruptcy_prediction,source::taiwanese_bankruptcy_prediction,M19_neighborhood_consensus,6,6,0,0.4005860312585826,0.12891194727487829,-0.8381144079499672,0.880589036463597,4,0,2,neighbor_consensus_k5_dist_cumshift,1.6002143913563465,-1.4174902540700265
tabicl,taiwanese_bankruptcy_prediction,source::taiwanese_bankruptcy_prediction,M1_frequency_encoding,6,6,4,0.24198943359737407,0.6351928691248361,0.060497358399328675,1.3081892387322092,4,2,0,joint_freq_combined__sel_combined_intersection,1.6635891737771342,0.0
tabicl,taiwanese_bankruptcy_prediction,source::taiwanese_bankruptcy_prediction,M20_cluster_membership,8,8,0,2.854785738924264,2.21467561534159,1.591034447603258,3.073185764293573,7,0,1,cluster_membership_k5_both,3.422309813830972,-0.9756661590987078
tabicl,taiwanese_bankruptcy_prediction,source::taiwanese_bankruptcy_prediction,M2_frequency_ratio,7,7,2,0.0,0.2727330189377655,0.0,0.12277097939358256,3,4,0,freq_ratio_log__sel_combined_intersection,1.6635891737771935,0.0
tabicl,taiwanese_bankruptcy_prediction,source::taiwanese_bankruptcy_prediction,M3_joint_pca,4,4,0,-0.6175360086979045,-1.0626801906767236,-3.0214801121699315,1.3412639127953037,2,0,2,joint_pca_5,2.2641188811620143,-5.2797676264731
tabicl,taiwanese_bankruptcy_prediction,source::taiwanese_bankruptcy_prediction,M3b_joint_tsne,3,3,0,1.4476528577891383,1.2772729264988885,0.9658101645144963,1.6739256541284055,3,0,0,joint_tsne_2d_p30,1.9001984504676728,0.4839674712398543
tabicl,taiwanese_bankruptcy_prediction,source::taiwanese_bankruptcy_prediction,M4_target_encoding,12,12,2,0.0,0.15909426104704474,0.0,0.0035525251898504,5,5,2,target_enc_ratio__sel_combined_intersection,1.6635891737771342,-0.003552525189791
tabicl,taiwanese_bankruptcy_prediction,source::taiwanese_bankruptcy_prediction,M5_joint_scaling,1,1,0,0.136749013102907,0.136749013102907,0.136749013102907,0.136749013102907,1,0,0,joint_scaling,0.136749013102907,0.136749013102907
tabicl,taiwanese_bankruptcy_prediction,source::taiwanese_bankruptcy_prediction,M6_adversarial_validation,7,7,0,-1.6150027604145247,-1.3863992885886811,-1.8183108302345017,-0.8222113747867317,0,0,7,adversarial_lgbm_cal_iso_both_ratio,-0.6411003108954225,-2.167647538768355
tabicl,taiwanese_bankruptcy_prediction,source::taiwanese_bankruptcy_prediction,M7_pseudo_labeling,9,9,0,-4.987731656424229,-3.8162652416875815,-5.5990695755631945,-1.1789917376461645,0,0,9,pseudo_label_v2_cal_iso_wprop_conf90,-1.175439212456492,-5.839202472760949
tabicl,taiwanese_bankruptcy_prediction,source::taiwanese_bankruptcy_prediction,M8_label_propagation,11,11,0,0.3304639593968534,1.0389569742508005,-0.20435542793090739,2.8615251800016512,7,0,4,label_prop_v3_t005_k10,3.742272946615621,-0.9141806164113148
tabicl,taiwanese_bankruptcy_prediction,source::taiwanese_bankruptcy_prediction,M9_optimal_transport,9,9,0,0.3411930544071815,-0.73574093850237,-0.084485286661535,1.0857693339522556,5,0,4,ot_disp_v2_summary_only,2.2063426126219485,-6.485168594401786
tabicl,website_phishing,source::website_phishing,M14_groupby_aggregation,9,0,2,,,,,0,0,0,,,
tabicl,website_phishing,source::website_phishing,M14b_groupby_shift_features,6,0,2,,,,,0,0,0,,,
tabicl,website_phishing,source::website_phishing,M16_nearest_test_distance,7,0,0,,,,,0,0,0,,,
tabicl,website_phishing,source::website_phishing,M17_test_directed_augmentation,12,0,0,,,,,0,0,0,,,
tabicl,website_phishing,source::website_phishing,M18_leaf_density,8,0,0,,,,,0,0,0,,,
tabicl,website_phishing,source::website_phishing,M19_neighborhood_consensus,6,0,0,,,,,0,0,0,,,
tabicl,website_phishing,source::website_phishing,M1_frequency_encoding,6,0,4,,,,,0,0,0,,,
tabicl,website_phishing,source::website_phishing,M20_cluster_membership,8,0,0,,,,,0,0,0,,,
tabicl,website_phishing,source::website_phishing,M2_frequency_ratio,7,0,2,,,,,0,0,0,,,
tabicl,website_phishing,source::website_phishing,M3_joint_pca,4,0,0,,,,,0,0,0,,,
tabicl,website_phishing,source::website_phishing,M3b_joint_tsne,3,0,0,,,,,0,0,0,,,
tabicl,website_phishing,source::website_phishing,M4_target_encoding,12,0,2,,,,,0,0,0,,,
tabicl,website_phishing,source::website_phishing,M5_joint_scaling,1,0,0,,,,,0,0,0,,,
tabicl,website_phishing,source::website_phishing,M6_adversarial_validation,7,0,0,,,,,0,0,0,,,
tabicl,website_phishing,source::website_phishing,M7_pseudo_labeling,9,0,0,,,,,0,0,0,,,
tabicl,website_phishing,source::website_phishing,M8_label_propagation,11,0,0,,,,,0,0,0,,,
tabicl,website_phishing,source::website_phishing,M9_optimal_transport,9,0,0,,,,,0,0,0,,,
tabicl,wine_quality,source::wine_quality,M14_groupby_aggregation,9,9,2,-4.6890554233299,-4.039082390886982,-8.726921053592942,0.594669181706569,3,0,6,joint_groupby_mean_only,2.9179736025467893,-9.843899016997904
tabicl,wine_quality,source::wine_quality,M14b_groupby_shift_features,6,6,2,2.5515984154345803,1.108692711717021,0.39376152476157955,2.552163980671141,4,0,2,groupby_shift_cohen_d_min10,2.5524755659743987,-3.230351190162006
tabicl,wine_quality,source::wine_quality,M16_nearest_test_distance,7,7,0,-43.01151585817348,-42.14532092427705,-43.05525071497878,-40.7318410287129,0,0,7,nearest_test_k10_cumshift_both,-40.14426457223094,-44.2872825521516
tabicl,wine_quality,source::wine_quality,M17_test_directed_augmentation,12,12,0,-19.22776384887817,-18.32289586924671,-20.550235110190595,-12.898184007045913,0,0,12,tdda_v2_k10_lam07_pfl_dw,-12.870238910360497,-32.95727251383465
tabicl,wine_quality,source::wine_quality,M18_leaf_density,8,8,0,-2.7486147711161957,-3.5619043320785004,-3.654067178937453,-2.388204737882267,0,0,8,leaf_density_conf_shallow,-1.5101782662718823,-8.329575446108189
tabicl,wine_quality,source::wine_quality,M19_neighborhood_consensus,6,6,0,-32.95378441205744,-32.75438550451687,-35.30978693683515,-30.68629221521337,0,0,6,neighbor_consensus_k5_dist_cumshift,-26.46553724018431,-38.12762436810896
tabicl,wine_quality,source::wine_quality,M1_frequency_encoding,6,6,4,-0.38721940752684136,-0.10368623999456894,-0.7588561230741996,-0.3254944137902499,1,0,5,joint_freq_separate,2.736482313602223,-1.396506494381249
tabicl,wine_quality,source::wine_quality,M20_cluster_membership,8,8,0,-1.1876971524177713,-0.9003977400569274,-2.147149545787737,0.3016246548270599,3,0,5,cluster_membership_k10_both,1.0839349954215571,-2.7421058024485934
tabicl,wine_quality,source::wine_quality,M2_frequency_ratio,7,7,2,-0.3254944137902499,-0.4578185133504504,-0.6888798750589771,-0.0006934424209590501,2,0,5,freq_ratio_v2_diff_gated,0.000119100051303,-1.5002076447543335
tabicl,wine_quality,source::wine_quality,M3_joint_pca,4,4,0,0.24270235610642588,0.3153322532841391,-0.021885814932751175,0.5799204243233161,2,0,2,joint_pca_5,0.80903489899545,-0.0331105980717455
tabicl,wine_quality,source::wine_quality,M3b_joint_tsne,3,3,0,3.627197066396404,2.557185945042976,1.7626062566493295,3.8867711941133365,2,0,1,joint_tsne_2d_p30,4.146345321830268,-0.1019845530977451
tabicl,wine_quality,source::wine_quality,M4_target_encoding,12,12,2,-0.9227464312934961,-1.846910474373365,-3.629087175017772,-0.44879046846867526,0,0,12,target_enc_ratio__sel_combined_intersection,-0.325423315380677,-3.6853677095144497
tabicl,wine_quality,source::wine_quality,M5_joint_scaling,1,1,0,0.0003615896326714,0.0003615896326714,0.0003615896326714,0.0003615896326714,1,0,0,joint_scaling,0.0003615896326714,0.0003615896326714
tabicl,wine_quality,source::wine_quality,M6_adversarial_validation,7,7,0,-2.2017619367535,-1.9571624216108956,-2.2024301727947657,-1.8544178937212128,0,0,7,adversarial_logreg_feature,-0.6868059415975537,-2.697872939893259
tabicl,wine_quality,source::wine_quality,M7_pseudo_labeling,9,9,0,-6.145352872515077,-21.855708755973236,-19.97205909548335,-0.6551968843698752,1,0,8,pseudo_label_v2_cal_platt_wprop_conf90,0.000119100051303,-115.35354339587548
tabicl,wine_quality,source::wine_quality,M8_label_propagation,11,11,0,-10.785259151196705,-12.532782072636326,-17.05791862792166,-7.908908872895091,0,0,11,label_prop_weighted_adaptive_a05,-1.9924721147349669,-24.84635494066003
tabicl,wine_quality,source::wine_quality,M9_optimal_transport,9,9,0,-50.39004355112828,-40.247199383481174,-50.50217000021054,-3.935280746609789,0,0,9,ot_disp_v2_selective_abs,-1.7477823992522308,-76.1051589722574
tabpfn,Another-Dataset-on-used-Fiat-500,source::Another-Dataset-on-used-Fiat-500,M14_groupby_aggregation,9,9,2,-0.1791802769751554,-0.23748992982929526,-0.1980355258844647,-0.1305629036744924,1,0,8,joint_groupby_combined__sel_combined_intersection,0.4491799684030523,-1.1362493004586862
tabpfn,Another-Dataset-on-used-Fiat-500,source::Another-Dataset-on-used-Fiat-500,M14b_groupby_shift_features,6,6,2,0.1422254737473807,0.19378633747023324,0.11468729621199547,0.19910984457923392,6,0,0,groupby_shift_cohen_d__sel_combined_intersection,0.4491799684030523,0.1055079037002004
tabpfn,Another-Dataset-on-used-Fiat-500,source::Another-Dataset-on-used-Fiat-500,M16_nearest_test_distance,7,7,0,-1.980737802500262,-2.028562733620098,-2.2990646346365287,-1.8977638446231633,0,0,7,nearest_test_k5_both,-0.792780280776633,-3.032764093544406
tabpfn,Another-Dataset-on-used-Fiat-500,source::Another-Dataset-on-used-Fiat-500,M17_test_directed_augmentation,12,12,0,-5.975772997778241,-6.417889104018151,-6.272223198002604,-5.822764833664889,0,0,12,tdda_v2_k10_lam07_pfl_dw,-5.729174345449163,-10.458637017106351
tabpfn,Another-Dataset-on-used-Fiat-500,source::Another-Dataset-on-used-Fiat-500,M18_leaf_density,8,8,0,-0.3002515852661119,-0.3031847725000615,-0.5330183711844703,0.009464534459831295,2,0,6,leaf_density_conf_shallow,0.2722947629933375,-1.1175942646977377
tabpfn,Another-Dataset-on-used-Fiat-500,source::Another-Dataset-on-used-Fiat-500,M19_neighborhood_consensus,6,6,0,-2.6374452554399173,-2.7390434596068527,-2.922979802378465,-2.4505527823168594,0,0,6,neighbor_consensus_k10_uniform,-1.9982440110285105,-3.754712959765615
tabpfn,Another-Dataset-on-used-Fiat-500,source::Another-Dataset-on-used-Fiat-500,M1_frequency_encoding,6,6,4,0.4077100382550593,0.4369631114144954,0.3398901566257887,0.4491799684030523,6,0,0,joint_freq_combined,0.8311377989215597,0.1949339851868792
tabpfn,Another-Dataset-on-used-Fiat-500,source::Another-Dataset-on-used-Fiat-500,M20_cluster_membership,8,8,0,-0.2664861890384753,-0.3164334620822743,-0.3438953789749993,-0.2198160656627767,0,0,8,cluster_membership_k10_weight,-0.1209229702976606,-0.7304894777078226
tabpfn,Another-Dataset-on-used-Fiat-500,source::Another-Dataset-on-used-Fiat-500,M2_frequency_ratio,7,7,2,0.2859372108997521,0.39686553182863155,0.2775043269997659,0.5590625565052767,7,0,0,freq_ratio_log,0.6689451446075012,0.150042600283083
tabpfn,Another-Dataset-on-used-Fiat-500,source::Another-Dataset-on-used-Fiat-500,M3_joint_pca,4,4,0,-0.40277613116502353,-0.44162341782271547,-0.5108934656441606,-0.3335060833435784,0,0,4,joint_pca_5,-0.3335060833435784,-0.6274353256172364
tabpfn,Another-Dataset-on-used-Fiat-500,source::Another-Dataset-on-used-Fiat-500,M3b_joint_tsne,3,3,0,-0.4177373401363098,-0.4672791931681303,-0.5402700641807503,-0.3695173956396,0,0,3,joint_tsne_2d_p30,-0.3212974511428902,-0.6628027882251909
tabpfn,Another-Dataset-on-used-Fiat-500,source::Another-Dataset-on-used-Fiat-500,M4_target_encoding,12,12,2,0.39014340393420754,0.45703267262104624,0.1391932343105786,0.8311377989215597,12,0,0,target_enc_absolute,0.8311377989215597,0.0493336507728835
tabpfn,Another-Dataset-on-used-Fiat-500,source::Another-Dataset-on-used-Fiat-500,M5_joint_scaling,1,1,0,-0.0575526262034885,-0.0575526262034885,-0.0575526262034885,-0.0575526262034885,0,0,1,joint_scaling,-0.0575526262034885,-0.0575526262034885
tabpfn,Another-Dataset-on-used-Fiat-500,source::Another-Dataset-on-used-Fiat-500,M6_adversarial_validation,7,7,0,-0.1928327986070216,-0.1844735951036129,-0.25695852554575654,-0.12808641309324909,0,0,7,adversarial_lgbm_cal_iso_feature,-0.0611044820850891,-0.2672880077551682
tabpfn,Another-Dataset-on-used-Fiat-500,source::Another-Dataset-on-used-Fiat-500,M8_label_propagation,11,11,0,0.101545190755224,0.1254100321595652,0.03155594938420685,0.1969972800939132,9,0,2,label_prop_v3_t005_k10,0.4052237877299914,-0.0357695169232454
tabpfn,Another-Dataset-on-used-Fiat-500,source::Another-Dataset-on-used-Fiat-500,M9_optimal_transport,9,9,0,-2.746335211595317,-3.2830233401651325,-4.449243740273186,-1.080754754973612,0,0,9,ot_disp_v2_summary_only,-0.5070050220393026,-6.304686922772734
tabpfn,Bank_Customer_Churn,source::Bank_Customer_Churn,M14_groupby_aggregation,9,9,2,-0.6165963671166484,-0.8698892244686403,-1.1618912536884267,-0.461726399402746,0,0,9,joint_groupby_combined__sel_combined_intersection,-0.086874400273911,-2.2527851800998064
tabpfn,Bank_Customer_Churn,source::Bank_Customer_Churn,M14b_groupby_shift_features,6,6,2,-0.5204629311569691,-0.4099820693244846,-0.5416105049178961,-0.5183706072976841,1,0,5,groupby_shift_cohen_d__sel_combined_intersection,0.1960260047213634,-0.5486596961715384
tabpfn,Bank_Customer_Churn,source::Bank_Customer_Churn,M16_nearest_test_distance,7,7,0,-2.572108762976949,-2.5112479061823256,-2.803700432229099,-2.2555565843585073,0,0,7,nearest_test_rel_k10_cumshift_both,-2.0476682208087795,-2.8404443263153416
tabpfn,Bank_Customer_Churn,source::Bank_Customer_Churn,M18_leaf_density,8,8,0,-0.6366313909933925,-0.664331952357821,-0.7160582790961545,-0.4873156256261325,0,0,8,leaf_density_conf_deep,-0.3897981424686086,-1.2656133477323386
tabpfn,Bank_Customer_Churn,source::Bank_Customer_Churn,M19_neighborhood_consensus,6,6,0,-7.589232760853456,-7.7267504418472965,-7.829006377753792,-7.16514471540564,0,0,6,neighbor_consensus_k20_dist,-6.620956228910713,-9.62836795015588
tabpfn,Bank_Customer_Churn,source::Bank_Customer_Churn,M1_frequency_encoding,6,6,4,0.2714861852920824,0.15039476032198562,0.12938883644493102,0.48333064574264073,5,0,1,joint_freq_combined__sel_combined_intersection,0.5178083936710972,-0.7943807217120558
tabpfn,Bank_Customer_Churn,source::Bank_Customer_Churn,M20_cluster_membership,8,8,0,-2.1347341436576635,-2.0459282305195265,-2.305007335915324,-2.008362914892424,0,0,8,cluster_membership_k10_weight,-0.9381425435285424,-2.467687157279514
tabpfn,Bank_Customer_Churn,source::Bank_Customer_Churn,M2_frequency_ratio,7,7,2,0.5178083936710972,0.26394334964604343,-0.18919322131009852,0.6691832821097181,4,0,3,freq_ratio_v2_diff_gated,0.7272050468740641,-0.3573901146220964
tabpfn,Bank_Customer_Churn,source::Bank_Customer_Churn,M3_joint_pca,4,4,0,0.2973910130959186,0.02481849802887788,0.024818498028877867,0.2973910130959186,3,0,1,joint_pca_10,0.2973910130959186,-0.7928990471722442
tabpfn,Bank_Customer_Churn,source::Bank_Customer_Churn,M3b_joint_tsne,3,3,0,-0.4846504570778191,-0.5306517251079128,-0.6436963824167711,-0.3946064337840077,0,0,3,joint_tsne_2d_p50,-0.3045624104901963,-0.8027423077557231
tabpfn,Bank_Customer_Churn,source::Bank_Customer_Churn,M4_target_encoding,12,12,2,-0.4027886334175894,-0.5934900331441406,-1.154725413595318,-0.2997139377086297,1,0,11,target_enc_ratio__sel_combined_intersection,0.5178083936710972,-1.154725413595318
tabpfn,Bank_Customer_Churn,source::Bank_Customer_Churn,M5_joint_scaling,1,1,0,-0.0443056373984822,-0.0443056373984822,-0.0443056373984822,-0.0443056373984822,0,0,1,joint_scaling,-0.0443056373984822,-0.0443056373984822
tabpfn,Bank_Customer_Churn,source::Bank_Customer_Churn,M6_adversarial_validation,7,7,0,-0.076105385951073,-0.04699210990722106,-0.10330819770048466,-0.02734773744441615,1,0,6,adversarial_lgbm_cal_platt_feature,0.1212034291044924,-0.1127309422141652
tabpfn,Bank_Customer_Churn,source::Bank_Customer_Churn,M7_pseudo_labeling,9,9,0,-0.180088427971017,-0.32573609690719996,-0.3658527945104895,-0.180088427971017,0,0,9,pseudo_label_lgbm_conf90_iter1,-0.0374380391303372,-1.121855067333279
tabpfn,Bank_Customer_Churn,source::Bank_Customer_Churn,M8_label_propagation,11,11,0,-3.439638958536956,-3.44895036014596,-3.8644382499885364,-2.5383216935898227,0,0,11,label_prop_k15_a08,-2.0554040384051047,-5.611881629151261
tabpfn,Bank_Customer_Churn,source::Bank_Customer_Churn,M9_optimal_transport,9,9,0,-0.8428757196381824,-1.1711912366341564,-2.405761170568306,-0.3059253930650906,2,0,7,ot_disp_v2_selective_and_summary_abs,0.9161242986889082,-2.583541902021349
tabpfn,E-CommereShippingData,source::E-CommereShippingData,M14_groupby_aggregation,9,9,2,-0.2266090378405212,-0.008238591583895493,-0.3993112802404679,0.4127634958673734,4,0,5,targeted_groupby_top3_shifted_agg,0.7146549245528547,-0.7756661324341393
tabpfn,E-CommereShippingData,source::E-CommereShippingData,M14b_groupby_shift_features,6,6,2,0.0533433649315936,0.09481337789281251,0.012085412447547173,0.119908457102485,4,0,2,groupby_shift_cohen_d__sel_combined_intersection,0.3637448195217631,-0.0419808648070558
tabpfn,E-CommereShippingData,source::E-CommereShippingData,M16_nearest_test_distance,7,7,0,-0.2835520538599425,-0.3326999986242735,-0.3874434604623618,-0.17246938368765563,0,0,7,nearest_test_k10_both,-0.1597528803265945,-0.7657693678833429
tabpfn,E-CommereShippingData,source::E-CommereShippingData,M18_leaf_density,8,8,0,0.8176903799325896,0.6898503387943417,0.4545277109756571,1.0131796155719774,7,0,1,leaf_density_embed_k5,1.2924281861186002,-0.1507923784419183
tabpfn,E-CommereShippingData,source::E-CommereShippingData,M19_neighborhood_consensus,6,6,0,-3.03068113322899,-3.0399090942252425,-3.6485179024572667,-2.5624246686824605,0,0,6,neighbor_consensus_k5_dist,-2.076380756477928,-3.840908869715237
tabpfn,E-CommereShippingData,source::E-CommereShippingData,M1_frequency_encoding,6,6,4,0.1407937087326221,-0.2057776658117054,-0.28863264468564354,0.18979353462422222,4,0,2,joint_freq_combined__sel_combined_union,0.2687895006100628,-1.5593949603752295
tabpfn,E-CommereShippingData,source::E-CommereShippingData,M20_cluster_membership,8,8,0,0.370459703842552,0.3962470688391249,0.29643883384371605,0.4620943054530162,8,0,0,cluster_membership_k5_feature,0.8618577006552502,0.0392888985647379
tabpfn,E-CommereShippingData,source::E-CommereShippingData,M2_frequency_ratio,7,7,2,0.019709596031917,-0.0940603370371835,-0.3795496383818586,0.0562645947681136,4,0,3,freq_ratio_log__sel_combined_union,0.614044579391265,-0.6456064474559764
tabpfn,E-CommereShippingData,source::E-CommereShippingData,M3_joint_pca,4,4,0,0.5674239721499434,0.5674239721499434,0.4913926124688116,0.6434553318310754,4,0,0,joint_pca_10,0.6434553318310754,0.4913926124688116
tabpfn,E-CommereShippingData,source::E-CommereShippingData,M3b_joint_tsne,3,3,0,-0.1499538107069311,-0.08434744149207023,-0.2436678842785926,0.042169816687021716,1,0,2,joint_tsne_3d_p30,0.2342934440809745,-0.3373819578502541
tabpfn,E-CommereShippingData,source::E-CommereShippingData,M4_target_encoding,12,12,2,-0.048669811111107394,-0.1311814895009046,-0.5652230940962604,0.12134164764309785,5,0,7,target_enc_ratio__sel_combined_union,0.9352325591796292,-0.7198030142528823
tabpfn,E-CommereShippingData,source::E-CommereShippingData,M5_joint_scaling,1,1,0,-0.0377334884719381,-0.0377334884719381,-0.0377334884719381,-0.0377334884719381,0,0,1,joint_scaling,-0.0377334884719381,-0.0377334884719381
tabpfn,E-CommereShippingData,source::E-CommereShippingData,M6_adversarial_validation,7,7,0,-0.061025827167145,-0.11517813097043361,-0.19920479845790073,0.0755006889878545,2,0,5,adversarial_lgbm_both_ratio,0.2005886168767588,-0.6984014875625566
tabpfn,E-CommereShippingData,source::E-CommereShippingData,M7_pseudo_labeling,9,9,0,-0.2522289847852561,-0.2756239338828085,-0.3115356129760253,-0.2161479795844685,0,0,9,pseudo_label_v2_cal_platt_wprop_conf90,-0.0288143218523147,-0.6484381889770275
tabpfn,E-CommereShippingData,source::E-CommereShippingData,M8_label_propagation,11,11,0,-0.0371343361887463,-0.2815138013818031,-0.5051281599124556,0.07937632458139095,5,0,6,label_prop_k15_a08,0.3823083481273234,-1.4981643188489868
tabpfn,E-CommereShippingData,source::E-CommereShippingData,M9_optimal_transport,9,9,0,-1.0121652565676902,-0.7295611567445095,-1.1951312637105742,-0.0187829117517764,2,0,7,ot_disp_v2_selective_and_summary_abs,0.2622739812070371,-1.7340126503436946
tabpfn,Fitness_Club,source::Fitness_Club,M14_groupby_aggregation,9,9,2,-0.3288395079000789,-0.354396193224285,-0.5386291916113833,-0.2843206698080593,1,0,8,joint_groupby_combined__sel_combined_union,0.0681934084131804,-0.5866983882785655
tabpfn,Fitness_Club,source::Fitness_Club,M14b_groupby_shift_features,6,6,2,-0.20309212854330255,-0.22035173492033175,-0.24083707225667203,-0.1684927224240333,0,0,6,groupby_shift_cohen_d__sel_combined_union,-0.1289045804706164,-0.3766432647526969
tabpfn,Fitness_Club,source::Fitness_Club,M16_nearest_test_distance,7,7,0,-0.3295861079063298,-0.4358773672228264,-0.648088065597884,-0.23161776305872972,0,0,7,nearest_test_k10_cumshift_both,-0.1667540411108956,-0.7953897642293317
tabpfn,Fitness_Club,source::Fitness_Club,M17_test_directed_augmentation,12,12,0,-21.451495419214034,-21.40232988818092,-23.2958001693837,-19.351445403716987,0,0,12,tdda_k5_lam06_aug1,-14.3411913946268,-28.39943566942996
tabpfn,Fitness_Club,source::Fitness_Club,M18_leaf_density,8,8,0,-0.43273231445587756,-0.41803938280071307,-0.5189811125326953,-0.2903836705514444,0,0,8,leaf_density_conf,-0.1604264679483375,-0.6866028605652147
tabpfn,Fitness_Club,source::Fitness_Club,M19_neighborhood_consensus,6,6,0,-12.413737959407083,-11.642307636091777,-12.591270027550653,-11.897837683513696,0,0,6,neighbor_consensus_k10_uniform,-7.933159348336667,-12.716892240918744
tabpfn,Fitness_Club,source::Fitness_Club,M1_frequency_encoding,6,6,4,-0.2237124062066948,-0.2668863155531319,-0.31714323764092595,-0.172557395903741,0,0,6,joint_freq_separate__sel_combined_union,-0.0706886437255594,-0.5794118632580832
tabpfn,Fitness_Club,source::Fitness_Club,M20_cluster_membership,8,8,0,-0.24197685498816845,-0.32921446690200806,-0.45348365302764465,-0.051782979260104244,1,0,7,cluster_membership_k10_weight,0.0220785629084049,-0.941747517784286
tabpfn,Fitness_Club,source::Fitness_Club,M2_frequency_ratio,7,7,2,-0.1814000871008566,-0.19461984643254562,-0.2555130054896832,0.0,0,3,4,freq_ratio_v2_both_gated,0.0,-0.6699128269475962
tabpfn,Fitness_Club,source::Fitness_Club,M3_joint_pca,4,4,0,-0.4571368442670115,-0.4571368442670115,-0.4571368442670115,-0.4571368442670115,0,0,4,joint_pca_10,-0.4571368442670115,-0.4571368442670115
tabpfn,Fitness_Club,source::Fitness_Club,M3b_joint_tsne,3,3,0,0.008262016338859,-0.11492877001235603,-0.17811021660767448,0.009848069758569951,2,0,1,joint_tsne_3d_p30,0.0114341231782809,-0.364482449554208
tabpfn,Fitness_Club,source::Fitness_Club,M4_target_encoding,12,12,2,-0.6520963078531155,-0.6687647408005385,-0.758291013196478,-0.6145570547320467,0,0,12,target_enc_ratio__sel_combined_intersection,-0.2237124062066948,-0.9583346429459269
tabpfn,Fitness_Club,source::Fitness_Club,M5_joint_scaling,1,1,0,-0.2006151674820802,-0.2006151674820802,-0.2006151674820802,-0.2006151674820802,0,0,1,joint_scaling,-0.2006151674820802,-0.2006151674820802
tabpfn,Fitness_Club,source::Fitness_Club,M6_adversarial_validation,7,7,0,-0.0114308557085705,-0.11259994467506251,-0.16754872681963884,0.04073453541634565,3,0,4,adversarial_logreg_feature,0.2353920612133873,-0.7585324354236681
tabpfn,Fitness_Club,source::Fitness_Club,M7_pseudo_labeling,9,9,0,-0.2533263944895996,-0.37642463995787295,-0.3374632365141006,-0.2417097309108404,0,0,9,pseudo_label_lgbm_conf95_iter3,-0.1631373225821156,-0.912452057278836
tabpfn,Fitness_Club,source::Fitness_Club,M8_label_propagation,11,11,0,-1.34175346107613,-1.4167893677189412,-1.8022697617736818,-0.6143945233735542,1,0,10,label_prop_v3_t005_k10,0.1652243936517572,-4.536369091510145
tabpfn,Fitness_Club,source::Fitness_Club,M9_optimal_transport,9,9,0,-0.2996934078181343,-0.29321537384698115,-0.4498038672790174,-0.2358201334422614,2,0,7,ot_disp_v2_selective,0.164112813900555,-0.7543947407310213
tabpfn,Is-this-a-good-customer,source::Is-this-a-good-customer,M14_groupby_aggregation,9,9,2,0.3546572960545809,0.47522066449542,-0.3263708521581625,0.4109973736095387,6,0,3,joint_groupby_combined__sel_combined_union,3.3348029479596746,-1.6939854930120366
tabpfn,Is-this-a-good-customer,source::Is-this-a-good-customer,M14b_groupby_shift_features,6,6,2,-2.1441386384965955,-2.0993323681408502,-2.469381816065318,-1.7724934704003128,0,0,6,groupby_shift_ratio_log,-1.290350743173888,-2.7909582323882467
tabpfn,Is-this-a-good-customer,source::Is-this-a-good-customer,M16_nearest_test_distance,7,7,0,-1.9658787495179788,-1.5519255173531543,-2.6773759376068087,-0.6614866388748981,2,0,5,nearest_test_k10_cumshift_both,0.9526885944809756,-3.172563313471663
tabpfn,Is-this-a-good-customer,source::Is-this-a-good-customer,M17_test_directed_augmentation,12,12,0,-10.430437028468287,-10.860840105443598,-11.639704330997914,-7.998544936013536,0,0,12,tdda_k5_lam06_aug1,-5.956770048962873,-24.353813358942418
tabpfn,Is-this-a-good-customer,source::Is-this-a-good-customer,M18_leaf_density,8,8,0,0.5371368705939066,0.508137445344184,0.3387825479625658,0.7655964671046817,7,0,1,leaf_density_conf_cumshift,1.7020756487766775,-0.8098595135720948
tabpfn,Is-this-a-good-customer,source::Is-this-a-good-customer,M19_neighborhood_consensus,6,6,0,-6.471979105281095,-6.627118027515209,-8.840437683247059,-4.7792304166575414,0,0,6,neighbor_consensus_k5_dist_cumshift,-3.099955620548372,-9.873889604295291
tabpfn,Is-this-a-good-customer,source::Is-this-a-good-customer,M1_frequency_encoding,6,6,4,-0.8220383991385607,-0.8273639333289311,-1.1602680227862696,-0.3274257735483476,0,0,6,joint_freq_separate__sel_combined_union,-0.0998464907494222,-1.7846941819265945
tabpfn,Is-this-a-good-customer,source::Is-this-a-good-customer,M20_cluster_membership,8,8,0,1.6550479807349832,1.7429483961557661,0.6077729518156249,2.4303569999491286,8,0,0,cluster_membership_k10_both_cumshift,4.361670704469256,0.0054419393093205
tabpfn,Is-this-a-good-customer,source::Is-this-a-good-customer,M2_frequency_ratio,7,7,2,-0.0528188227077067,0.14373537790613813,-0.6271034768753433,1.1006686019017964,3,0,4,freq_ratio_v2_both_gated,1.1006686019017964,-0.9888323839040288
tabpfn,Is-this-a-good-customer,source::Is-this-a-good-customer,M3_joint_pca,4,4,0,1.2030178027079017,1.4197714094477563,1.2030178027079017,1.4197714094477563,4,0,0,joint_pca_var90,2.07003222966732,1.2030178027079017
tabpfn,Is-this-a-good-customer,source::Is-this-a-good-customer,M3b_joint_tsne,3,3,0,-0.0812798742824394,0.3614281938048483,-0.10827131123088496,0.6097736647969377,1,0,2,joint_tsne_2d_p50,1.300827203876315,-0.1352627481793305
tabpfn,Is-this-a-good-customer,source::Is-this-a-good-customer,M4_target_encoding,12,12,2,4.043098995278342,4.112243635913919,3.6796458374257224,4.366530618183979,12,0,0,target_enc_ratio__sel_combined_union,5.279379560716172,3.4131435929895613
tabpfn,Is-this-a-good-customer,source::Is-this-a-good-customer,M5_joint_scaling,1,1,0,0.2936319124633995,0.2936319124633995,0.2936319124633995,0.2936319124633995,1,0,0,joint_scaling,0.2936319124633995,0.2936319124633995
tabpfn,Is-this-a-good-customer,source::Is-this-a-good-customer,M6_adversarial_validation,7,7,0,1.5992317262151796,1.5186793839259394,1.410990098289603,1.666193770871117,7,0,0,adversarial_lgbm_feature,2.527358840605042,0.3497973823399161
tabpfn,Is-this-a-good-customer,source::Is-this-a-good-customer,M7_pseudo_labeling,9,9,0,2.557595070243249,2.795704974459619,2.38883674909608,3.5842882190744523,9,0,0,pseudo_label_v2_cal_iso_wfixed_conf90,3.5842882190744523,2.0475951429964785
tabpfn,Is-this-a-good-customer,source::Is-this-a-good-customer,M8_label_propagation,11,11,0,-0.9151479436307742,-0.7420694052293378,-1.7258222930353089,0.5990498432168782,5,0,6,label_prop_weighted_k15_a08,0.9346749023288872,-3.3514779812442224
tabpfn,Is-this-a-good-customer,source::Is-this-a-good-customer,M9_optimal_transport,9,9,0,-0.0852667496052794,-0.22172588372903773,-0.3086190715236298,0.0452815912580024,3,0,6,ot_disp_v2_summary_only,0.8821761936981531,-1.7589977519261006
tabpfn,MIC,source::MIC,M14_groupby_aggregation,5,5,1,4.400631329612178,-1.9383258578476799,4.400631329612178,5.53856092104498,4,0,1,targeted_groupby_top3,5.862403459854185,-29.89385632936192
tabpfn,MIC,source::MIC,M14b_groupby_shift_features,1,1,1,0.8667482836870846,0.8667482836870846,0.8667482836870846,0.8667482836870846,1,0,0,groupby_shift_cohen_d__sel_combined_intersection,0.8667482836870846,0.8667482836870846
tabpfn,MIC,source::MIC,M16_nearest_test_distance,7,7,0,-14.20816836293098,-12.646665580549802,-14.921542963306972,-11.234495628403224,0,0,7,nearest_test_rel_k10_both,-6.848960152096848,-15.157453365400396
tabpfn,MIC,source::MIC,M17_test_directed_augmentation,12,12,0,-5.382392157676208,-6.770315144571604,-7.342282526659056,-4.9160255158328,0,0,12,tdda_v2_k5_lam06_pfl_dw,-4.53436918486137,-13.372518629779345
tabpfn,MIC,source::MIC,M18_leaf_density,8,8,0,-0.1984024086529219,-0.1734394564934949,-2.1956501636662247,1.9753059949448453,4,0,4,leaf_density_conf_shallow,3.009442327538994,-3.347907083391142
tabpfn,MIC,source::MIC,M19_neighborhood_consensus,6,6,0,-6.3116670671463355,-6.666166532677824,-7.72775790323324,-5.413970205590479,0,0,6,neighbor_consensus_k10_dist_cumshift,-4.183014253672973,-9.876124707767229
tabpfn,MIC,source::MIC,M1_frequency_encoding,6,6,4,-4.207457824769003,-4.965593243574163,-5.967375634324166,-2.2558885665364006,0,0,6,joint_freq_combined__sel_combined_intersection,-0.987524436324059,-12.231738990948154
tabpfn,MIC,source::MIC,M20_cluster_membership,8,8,0,0.29858139608972256,-1.7659086838136857,-0.49312630942722074,0.9756923616551008,6,0,2,cluster_membership_k10_both,1.850592336417349,-16.45750537486627
tabpfn,MIC,source::MIC,M2_frequency_ratio,7,7,2,-6.5036407072443865,-7.8062347878176945,-16.404426098398734,0.8078531844951164,3,0,4,freq_ratio_log,3.1129909580383583,-20.0598479377106
tabpfn,MIC,source::MIC,M3_joint_pca,4,4,0,-2.194495190133606,-6.960362430376959,-10.336921170238773,1.1820635497282086,2,0,2,joint_pca_var95,3.6362233226368175,-27.08868266387744
tabpfn,MIC,source::MIC,M3b_joint_tsne,3,3,0,-0.1577671287544884,-0.7241699961335243,-1.5832065911696216,0.4180680325920908,1,0,2,joint_tsne_2d_p30,0.99390319393867,-3.0086460535847546
tabpfn,MIC,source::MIC,M4_target_encoding,12,12,2,-4.604853262636231,-6.061761655485427,-5.975886889443858,-2.8929212169738245,0,0,12,target_enc_oof_ratio_cap5,-1.7198370401402587,-25.77627906720389
tabpfn,MIC,source::MIC,M5_joint_scaling,1,1,0,-4.154737947259413,-4.154737947259413,-4.154737947259413,-4.154737947259413,0,0,1,joint_scaling,-4.154737947259413,-4.154737947259413
tabpfn,MIC,source::MIC,M6_adversarial_validation,7,7,0,-7.606666784049164,-8.365607136384359,-10.394191366671699,-5.225843816537618,0,0,7,adversarial_logreg_feature,-3.056081474195768,-16.65643133002696
tabpfn,MIC,source::MIC,M7_pseudo_labeling,9,9,0,-82.03319854310217,-85.09191675439982,-110.12862080515906,-70.4848467123807,0,0,9,pseudo_label_v2_cal_platt_wprop_conf90,-28.401996852125368,-114.26232700261563
tabpfn,MIC,source::MIC,M8_label_propagation,11,11,0,-9.832256913145054,-11.859799228427727,-18.087617996138654,-5.456539037961935,0,0,11,label_prop_k15_a08,-2.717993618656215,-26.92115016388432
tabpfn,MIC,source::MIC,M9_optimal_transport,9,9,0,-14.543815995319871,-13.572855507571822,-19.875997546373373,-10.234188179000537,1,0,8,ot_disp_v2_summary_only,0.4881576344857205,-22.516582905850896
tabpfn,Marketing_Campaign,source::Marketing_Campaign,M14_groupby_aggregation,8,8,2,-3.684126681746233,-4.130061651307159,-7.2179430578865205,-2.3709795306651067,1,0,7,joint_groupby_mean_only,1.0471753752057804,-8.88697441721304
tabpfn,Marketing_Campaign,source::Marketing_Campaign,M14b_groupby_shift_features,6,6,2,0.5732297889649927,0.6197129221465835,-0.11845380915068926,1.35039665436642,4,0,2,groupby_shift_ratio_raw,1.8313541044901616,-0.5199734171849582
tabpfn,Marketing_Campaign,source::Marketing_Campaign,M16_nearest_test_distance,7,7,0,-0.0186669728620175,-0.7033822746541131,-1.4610954559091467,0.27301848901888875,3,0,4,nearest_test_k5_both,0.5327813581307108,-3.061636374066969
tabpfn,Marketing_Campaign,source::Marketing_Campaign,M17_test_directed_augmentation,12,12,0,-12.308054189681757,-13.524048430010458,-13.29432411552343,-10.702815867660973,0,0,12,tdda_v2_k10_lam07_pfl_dw,-9.154471141437044,-33.18495880920433
tabpfn,Marketing_Campaign,source::Marketing_Campaign,M18_leaf_density,8,8,0,-3.7338970384394754,-3.723179047855139,-4.13650304703747,-3.171470017586892,0,0,8,leaf_density_embed_k5,-2.3763295204393424,-5.123710342590793
tabpfn,Marketing_Campaign,source::Marketing_Campaign,M19_neighborhood_consensus,6,6,0,-15.929022115794579,-15.013266764409893,-18.111327624614404,-11.735602686905366,0,0,6,neighbor_consensus_k5_dist_cumshift,-9.366182576873893,-19.678814773166337
tabpfn,Marketing_Campaign,source::Marketing_Campaign,M1_frequency_encoding,6,6,4,1.6099648786305991,1.5817024076299406,0.8770716530333709,2.218255620568879,6,0,0,joint_freq_separate__sel_combined_intersection,2.65015289333974,0.5663386827961047
tabpfn,Marketing_Campaign,source::Marketing_Campaign,M20_cluster_membership,8,8,0,-1.562039438435472,-1.775840866119515,-2.78070065245724,-0.8978192356492861,1,0,7,cluster_membership_k10_weight,1.199310827056684,-4.9616840674579485
tabpfn,Marketing_Campaign,source::Marketing_Campaign,M2_frequency_ratio,7,7,2,-1.1040758403277522,-1.2654684381451635,-1.8857176942398581,-0.6671848193215817,0,0,7,freq_ratio_v2_both_gated,-0.1335517486157854,-2.5148464509497286
tabpfn,Marketing_Campaign,source::Marketing_Campaign,M3_joint_pca,4,4,0,-1.6993063192710807,-1.5218834146774438,-2.100387756495645,-1.12080197745288,0,0,4,joint_pca_5,-0.5505727433234939,-2.13834827684412
tabpfn,Marketing_Campaign,source::Marketing_Campaign,M3b_joint_tsne,3,3,0,-0.4820314523923358,-0.7683496255272618,-0.9841493148330146,-0.4093908496540461,0,0,3,joint_tsne_2d_p30,-0.3367502469157564,-1.4862671772736935
tabpfn,Marketing_Campaign,source::Marketing_Campaign,M4_target_encoding,12,12,2,1.8025536201067769,1.3826338259366977,-0.16350690795515194,2.9650176371354107,7,0,5,target_enc_ratio,3.671473133077433,-1.1930034460003447
tabpfn,Marketing_Campaign,source::Marketing_Campaign,M5_joint_scaling,1,1,0,-2.015693456361404,-2.015693456361404,-2.015693456361404,-2.015693456361404,0,0,1,joint_scaling,-2.015693456361404,-2.015693456361404
tabpfn,Marketing_Campaign,source::Marketing_Campaign,M6_adversarial_validation,7,7,0,-1.4071679007763025,-1.1985162830656855,-1.5777271346163975,-0.3773765262596098,0,0,7,adversarial_lgbm_cal_iso_both_ratio,-0.1608740714584256,-2.9113646874730548
tabpfn,Marketing_Campaign,source::Marketing_Campaign,M7_pseudo_labeling,9,9,0,-3.714085568951184,-3.705994211062307,-4.5240344886308055,-2.262764827970316,0,0,9,pseudo_label_lgbm_conf95_iter3,-1.6957013475744085,-7.6668617650015936
tabpfn,Marketing_Campaign,source::Marketing_Campaign,M8_label_propagation,11,11,0,-3.125846806661825,-2.572337693286076,-4.056146558336986,-1.191728180874974,2,0,9,label_prop_k15_a05,2.42101917329087,-5.638552541260709
tabpfn,Marketing_Campaign,source::Marketing_Campaign,M9_optimal_transport,9,9,0,-2.858687349559639,-4.422423669600919,-3.1823999519909383,-2.33834064318066,0,0,9,ot_disp_v2_selective_abs,-0.9897010700971948,-11.727777729459753
tabpfn,NATICUSdroid,source::NATICUSdroid,M14_groupby_aggregation,9,0,2,,,,,0,0,0,,,
tabpfn,NATICUSdroid,source::NATICUSdroid,M14b_groupby_shift_features,6,0,2,,,,,0,0,0,,,
tabpfn,NATICUSdroid,source::NATICUSdroid,M16_nearest_test_distance,7,0,0,,,,,0,0,0,,,
tabpfn,NATICUSdroid,source::NATICUSdroid,M17_test_directed_augmentation,11,0,0,,,,,0,0,0,,,
tabpfn,NATICUSdroid,source::NATICUSdroid,M18_leaf_density,8,0,0,,,,,0,0,0,,,
tabpfn,NATICUSdroid,source::NATICUSdroid,M19_neighborhood_consensus,6,0,0,,,,,0,0,0,,,
tabpfn,NATICUSdroid,source::NATICUSdroid,M1_frequency_encoding,6,0,4,,,,,0,0,0,,,
tabpfn,NATICUSdroid,source::NATICUSdroid,M20_cluster_membership,8,0,0,,,,,0,0,0,,,
tabpfn,NATICUSdroid,source::NATICUSdroid,M2_frequency_ratio,7,0,2,,,,,0,0,0,,,
tabpfn,NATICUSdroid,source::NATICUSdroid,M3_joint_pca,4,0,0,,,,,0,0,0,,,
tabpfn,NATICUSdroid,source::NATICUSdroid,M3b_joint_tsne,3,0,0,,,,,0,0,0,,,
tabpfn,NATICUSdroid,source::NATICUSdroid,M4_target_encoding,12,0,2,,,,,0,0,0,,,
tabpfn,NATICUSdroid,source::NATICUSdroid,M5_joint_scaling,1,0,0,,,,,0,0,0,,,
tabpfn,NATICUSdroid,source::NATICUSdroid,M6_adversarial_validation,7,0,0,,,,,0,0,0,,,
tabpfn,NATICUSdroid,source::NATICUSdroid,M7_pseudo_labeling,9,0,0,,,,,0,0,0,,,
tabpfn,NATICUSdroid,source::NATICUSdroid,M8_label_propagation,11,0,0,,,,,0,0,0,,,
tabpfn,NATICUSdroid,source::NATICUSdroid,M9_optimal_transport,9,0,0,,,,,0,0,0,,,
tabpfn,QSAR_fish_toxicity,source::QSAR_fish_toxicity,M14_groupby_aggregation,9,9,2,-0.288781449201989,-0.17539876127558376,-0.3546263603898391,0.0296442820659395,3,0,6,joint_groupby_combined__sel_combined_union,0.1982328064946647,-0.3681853250719928
tabpfn,QSAR_fish_toxicity,source::QSAR_fish_toxicity,M14b_groupby_shift_features,6,6,2,-0.32470881140061414,-0.810325494762811,-0.37808221659515284,-0.2235027836588966,1,0,5,groupby_shift_cohen_d__sel_combined_union,0.2491680409401284,-3.876062593977444
tabpfn,QSAR_fish_toxicity,source::QSAR_fish_toxicity,M16_nearest_test_distance,7,7,0,-0.8544568232276205,-0.9987937426908913,-1.3297693414005733,-0.2341119724120877,0,0,7,nearest_test_k5_both,-0.0225987064754931,-2.9867380415078046
tabpfn,QSAR_fish_toxicity,source::QSAR_fish_toxicity,M17_test_directed_augmentation,12,12,0,-2.3305748462581524,-2.602892669165979,-2.684724734137258,-1.97915700212021,0,0,12,tdda_v2_k10_lam07_pfl_dw,-1.838701411522832,-5.517011119557674
tabpfn,QSAR_fish_toxicity,source::QSAR_fish_toxicity,M18_leaf_density,8,8,0,-0.8543915238270601,-1.1739226989610536,-1.7433701794764136,-0.5602664861383194,0,0,8,leaf_density_embed_k10,-0.4323668855297335,-2.6493363281382565
tabpfn,QSAR_fish_toxicity,source::QSAR_fish_toxicity,M19_neighborhood_consensus,6,6,0,-4.0615669696567505,-4.072117420382374,-4.685407011847536,-3.3460867700139545,0,0,6,neighbor_consensus_k10_dist_cumshift,-3.206872526691994,-5.101750993577928
tabpfn,QSAR_fish_toxicity,source::QSAR_fish_toxicity,M1_frequency_encoding,6,6,4,-0.1745484557946975,-0.15444330166556217,-0.26022320085016615,-0.04363711394867437,0,2,4,joint_freq_combined,0.0,-0.288781449201989
tabpfn,QSAR_fish_toxicity,source::QSAR_fish_toxicity,M20_cluster_membership,8,8,0,-0.29263130524582637,-0.34538468563472946,-0.6562978189336095,0.13199548323327503,3,0,5,cluster_membership_k10_weight,0.2748927091910483,-1.1870948020685204
tabpfn,QSAR_fish_toxicity,source::QSAR_fish_toxicity,M2_frequency_ratio,7,7,2,0.0,-0.06618998642809806,-0.08727422789734875,0.0,0,5,2,freq_ratio_log,0.0,-0.288781449201989
tabpfn,QSAR_fish_toxicity,source::QSAR_fish_toxicity,M3_joint_pca,4,4,0,-1.008639926945686,-0.8939252659435271,-1.008639926945686,-0.8939252659435271,0,0,4,joint_pca_10,-0.5497812829370503,-1.008639926945686
tabpfn,QSAR_fish_toxicity,source::QSAR_fish_toxicity,M3b_joint_tsne,3,3,0,0.1462667663543028,0.1510889722588147,-0.019481243785573255,0.31924808535094673,2,0,1,joint_tsne_2d_p30,0.4922294043475906,-0.1852292539254493
tabpfn,QSAR_fish_toxicity,source::QSAR_fish_toxicity,M4_target_encoding,12,12,2,0.0,-0.03861082541639054,0.0,0.0,0,10,2,target_enc_absolute,0.0,-0.288781449201989
tabpfn,QSAR_fish_toxicity,source::QSAR_fish_toxicity,M5_joint_scaling,1,1,0,-0.0437980085092908,-0.0437980085092908,-0.0437980085092908,-0.0437980085092908,0,0,1,joint_scaling,-0.0437980085092908,-0.0437980085092908
tabpfn,QSAR_fish_toxicity,source::QSAR_fish_toxicity,M6_adversarial_validation,7,7,0,-0.1735559963034699,-0.19580042421644958,-0.206051493381677,-0.1286999982117593,0,0,7,adversarial_lgbm_cal_platt_feature,-0.0120857246101075,-0.5154582654146974
tabpfn,QSAR_fish_toxicity,source::QSAR_fish_toxicity,M8_label_propagation,11,11,0,-1.3133424672586502,-1.0251074397146949,-1.4240510846423553,-0.6191019959184765,0,0,11,label_prop_k15_a08,-0.0623461214664715,-1.537333454492909
tabpfn,QSAR_fish_toxicity,source::QSAR_fish_toxicity,M9_optimal_transport,9,9,0,-3.937132377990269,-3.1972216329191747,-4.053562487571599,-1.661641331398155,0,0,9,ot_disp_v2_selective_and_summary_abs,-0.5456932074434813,-6.007725788000972
tabpfn,airfoil_self_noise,source::airfoil_self_noise,M14_groupby_aggregation,9,9,2,11.815267484865412,11.223019671446599,9.62282868132124,17.797023619617846,8,0,1,joint_groupby_combined,18.16289095422488,-2.007993779250638
tabpfn,airfoil_self_noise,source::airfoil_self_noise,M14b_groupby_shift_features,6,6,2,11.337802983162867,9.573363469890982,1.2848535865751487,17.41017601718604,4,0,2,groupby_shift_cohen_d_min10,17.942497682937475,-0.5460936461569866
tabpfn,airfoil_self_noise,source::airfoil_self_noise,M16_nearest_test_distance,7,7,0,3.398108395245121,1.1099560597967808,-3.87302214370178,6.198626992824545,4,0,3,nearest_test_k10_both,7.8786765456137955,-8.158302220526982
tabpfn,airfoil_self_noise,source::airfoil_self_noise,M17_test_directed_augmentation,12,12,0,13.876824821194045,13.980154177268036,10.837389968343542,22.119554733163522,11,0,1,tdda_v2_k10_lam07_pfl_dw,22.257730621181512,-8.735812771143593
tabpfn,airfoil_self_noise,source::airfoil_self_noise,M18_leaf_density,8,8,0,0.1009822813520671,-5.379515148897596,-19.4228538322231,10.070125947387375,4,0,4,leaf_density_conf,11.961019860690918,-35.19152704670057
tabpfn,airfoil_self_noise,source::airfoil_self_noise,M19_neighborhood_consensus,6,6,0,-42.4263384089134,-43.61679840589679,-45.85444862744978,-41.539961167519564,0,0,6,neighbor_consensus_k10_uniform,-40.62690998030516,-47.97954951656522
tabpfn,airfoil_self_noise,source::airfoil_self_noise,M1_frequency_encoding,6,6,4,5.7509965686276185,8.04988038092438,2.8381245451580885,14.344214804003396,5,0,1,joint_freq_separate__sel_combined_union,17.932081432800015,-0.2105803709725437
tabpfn,airfoil_self_noise,source::airfoil_self_noise,M20_cluster_membership,8,8,0,16.363415677703458,8.587053505378156,-4.558783956886022,17.398970769367207,5,0,3,cluster_membership_k10_weight,20.09525554982685,-7.7481005464259
tabpfn,airfoil_self_noise,source::airfoil_self_noise,M2_frequency_ratio,7,7,2,13.828566221906105,10.346136420080729,3.563430728279563,16.700796977049816,7,0,0,freq_ratio_v2_diff_gated,17.376328812089856,0.6896044959103884
tabpfn,airfoil_self_noise,source::airfoil_self_noise,M3_joint_pca,4,4,0,14.076751991322412,14.076751991322412,14.076751991322412,14.076751991322412,4,0,0,joint_pca_10,14.076751991322412,14.076751991322412
tabpfn,airfoil_self_noise,source::airfoil_self_noise,M3b_joint_tsne,3,3,0,1.439142458947358,1.395369149267774,0.909554442086517,1.9030705112888229,3,0,0,joint_tsne_2d_p50,2.366998563630288,0.3799664252256761
tabpfn,airfoil_self_noise,source::airfoil_self_noise,M4_target_encoding,12,12,2,-2.6672475969040845,-0.6938017035537342,-3.5934049749056753,-2.0827236453138207,2,0,10,target_enc_ratio__sel_combined_union,16.58706023965913,-4.3659990835218965
tabpfn,airfoil_self_noise,source::airfoil_self_noise,M5_joint_scaling,1,1,0,0.973038756629346,0.973038756629346,0.973038756629346,0.973038756629346,1,0,0,joint_scaling,0.973038756629346,0.973038756629346
tabpfn,airfoil_self_noise,source::airfoil_self_noise,M6_adversarial_validation,7,7,0,-3.635823149004727,0.8251834036160126,-5.088248876818078,6.744278914241129,2,0,5,adversarial_lgbm_cal_iso_both_ratio,16.310163573784774,-10.210116674314056
tabpfn,airfoil_self_noise,source::airfoil_self_noise,M8_label_propagation,11,11,0,-13.112696347956344,-11.594788493262694,-14.269963469067786,-8.930281956044055,0,0,11,label_prop_v3_t005_k15,-6.375452487356752,-15.564406748307428
tabpfn,airfoil_self_noise,source::airfoil_self_noise,M9_optimal_transport,9,9,0,-29.551190623904446,-29.78525315352561,-33.14201159329576,-27.178230986487428,0,0,9,ot_disp_v2_selective_abs,-23.417797332115143,-37.241375410532825
tabpfn,anneal,source::anneal,M14_groupby_aggregation,7,0,2,,,,,0,0,0,,,
tabpfn,anneal,source::anneal,M14b_groupby_shift_features,6,0,2,,,,,0,0,0,,,
tabpfn,anneal,source::anneal,M16_nearest_test_distance,7,0,0,,,,,0,0,0,,,
tabpfn,anneal,source::anneal,M17_test_directed_augmentation,12,0,0,,,,,0,0,0,,,
tabpfn,anneal,source::anneal,M18_leaf_density,8,0,0,,,,,0,0,0,,,
tabpfn,anneal,source::anneal,M19_neighborhood_consensus,6,0,0,,,,,0,0,0,,,
tabpfn,anneal,source::anneal,M1_frequency_encoding,6,0,4,,,,,0,0,0,,,
tabpfn,anneal,source::anneal,M20_cluster_membership,8,0,0,,,,,0,0,0,,,
tabpfn,anneal,source::anneal,M2_frequency_ratio,7,0,2,,,,,0,0,0,,,
tabpfn,anneal,source::anneal,M3_joint_pca,4,0,0,,,,,0,0,0,,,
tabpfn,anneal,source::anneal,M3b_joint_tsne,3,0,0,,,,,0,0,0,,,
tabpfn,anneal,source::anneal,M4_target_encoding,12,0,2,,,,,0,0,0,,,
tabpfn,anneal,source::anneal,M5_joint_scaling,1,0,0,,,,,0,0,0,,,
tabpfn,anneal,source::anneal,M6_adversarial_validation,7,0,0,,,,,0,0,0,,,
tabpfn,anneal,source::anneal,M7_pseudo_labeling,9,0,0,,,,,0,0,0,,,
tabpfn,anneal,source::anneal,M8_label_propagation,11,0,0,,,,,0,0,0,,,
tabpfn,anneal,source::anneal,M9_optimal_transport,9,0,0,,,,,0,0,0,,,
tabpfn,bike_sharing,source::bike_sharing,M14_groupby_aggregation,9,9,2,-0.3741194540351646,-0.2860598956539686,-0.6187663156772527,0.0,2,2,5,joint_groupby_combined__sel_combined_intersection,0.5579687759897445,-1.1433972507469747
tabpfn,bike_sharing,source::bike_sharing,M14b_groupby_shift_features,6,6,2,-0.8904545894083851,-0.5019947270531396,-0.9496038633710244,-0.11237284091032149,2,0,4,groupby_shift_cohen_d__sel_combined_intersection,0.5579687759897445,-0.9666954133889408
tabpfn,bike_sharing,source::bike_sharing,M16_nearest_test_distance,7,7,0,0.4015263583444825,0.29303295906100535,0.042419997443556,0.4821220365154254,5,0,2,nearest_test_rel_k10_both,0.6104933038269948,-0.009873016662403
tabpfn,bike_sharing,source::bike_sharing,M18_leaf_density,8,8,0,-0.3437339381995664,-0.3290132594059856,-0.42793234851977713,-0.20318986821143817,1,0,7,leaf_density_conf,0.0635409681353783,-0.7936513343763895
tabpfn,bike_sharing,source::bike_sharing,M19_neighborhood_consensus,6,6,0,0.3324324680146194,0.29689660653794697,0.2541606215905226,0.35375993096479996,6,0,0,neighbor_consensus_k10_dist,0.3633507400894528,0.1642248717116395
tabpfn,bike_sharing,source::bike_sharing,M1_frequency_encoding,6,6,4,0.48573629375562843,0.24528651916359925,-0.03150121794781213,0.5579687759897445,4,0,2,joint_freq_separate__sel_combined_union,0.6159066996576608,-0.4937927204061462
tabpfn,bike_sharing,source::bike_sharing,M20_cluster_membership,8,8,0,0.2543995276843334,0.142586311416693,0.06503550430113159,0.3030924928889765,6,0,2,cluster_membership_k10_both,0.3887988906761255,-0.3774507664463558
tabpfn,bike_sharing,source::bike_sharing,M2_frequency_ratio,7,7,2,0.1832830140901258,0.24562395796877085,0.06601075060343915,0.46612095042769364,6,0,1,freq_ratio_log__sel_combined_intersection,0.5579687759897445,-0.0861474863607401
tabpfn,bike_sharing,source::bike_sharing,M3_joint_pca,4,4,0,0.12222114835941585,0.12222114835941585,0.0470629981287882,0.1973792985900435,4,0,0,joint_pca_var90,0.1973792985900435,0.0470629981287882
tabpfn,bike_sharing,source::bike_sharing,M3b_joint_tsne,3,3,0,-0.0214754287844794,-0.06225814428666606,-0.1966300558950743,0.09250512507283551,1,0,2,joint_tsne_2d_p50,0.2064856789301504,-0.3717846830056692
tabpfn,bike_sharing,source::bike_sharing,M4_target_encoding,12,12,2,0.5042423307197013,0.5021752379441021,0.25890270836745444,0.7407696099782403,12,0,0,target_enc_oof_inv_ratio,0.7859502120543652,0.2227850994960768
tabpfn,bike_sharing,source::bike_sharing,M5_joint_scaling,1,1,0,0.099062617236871,0.099062617236871,0.099062617236871,0.099062617236871,1,0,0,joint_scaling,0.099062617236871,0.099062617236871
tabpfn,bike_sharing,source::bike_sharing,M6_adversarial_validation,7,7,0,0.1794520259229422,0.1678928002771453,0.062871591213105,0.2595401034211405,7,0,0,adversarial_lgbm_cal_iso_both_ratio,0.3382570113766104,0.0127171753719735
tabpfn,bike_sharing,source::bike_sharing,M8_label_propagation,11,11,0,-0.8424110197358131,-0.9093687942028249,-1.2800615923393561,-0.43195107962823387,1,0,10,label_prop_weighted_adaptive_a05,0.0400172000228868,-2.259663990966412
tabpfn,bike_sharing,source::bike_sharing,M9_optimal_transport,9,9,0,-3.55684361741013,-4.444514353368812,-6.493824634421034,-0.941096560963276,0,0,9,ot_disp_v2_selective_abs,-0.4625920547614502,-11.120862582027904
tabpfn,blood-transfusion-service-center,source::blood-transfusion-service-center,M14_groupby_aggregation,9,9,2,0.0,0.16559140775058973,0.0,0.5055218694443441,3,5,1,joint_groupby_combined__sel_combined_intersection,0.7575922005197279,-0.2783132696531085
tabpfn,blood-transfusion-service-center,source::blood-transfusion-service-center,M14b_groupby_shift_features,6,6,2,0.0,0.07987982181110323,0.0,0.0,1,4,1,groupby_shift_cohen_d__sel_combined_intersection,0.7575922005197279,-0.2783132696531085
tabpfn,blood-transfusion-service-center,source::blood-transfusion-service-center,M16_nearest_test_distance,7,7,0,0.3138300286304597,0.2571018719305235,-0.1380220716925468,0.5420252050599668,5,0,2,nearest_test_rel_k5_both,1.1821161279629602,-0.5042393198145951
tabpfn,blood-transfusion-service-center,source::blood-transfusion-service-center,M17_test_directed_augmentation,12,12,0,-22.310098795784537,-21.796577434098296,-23.52491993930577,-19.27297194373352,0,0,12,tdda_k5_lam06_aug1,-17.228291860940043,-27.696856569515138
tabpfn,blood-transfusion-service-center,source::blood-transfusion-service-center,M18_leaf_density,8,8,0,-0.9510105504505528,-0.6448511551825568,-1.5056886008961672,-0.4265217451356492,1,0,7,leaf_density_embed_k10_cumshift,2.083452544677153,-1.5488266644041029
tabpfn,blood-transfusion-service-center,source::blood-transfusion-service-center,M19_neighborhood_consensus,6,6,0,-18.32921273157417,-18.884162090595325,-23.47877281705117,-17.165076962843514,0,0,6,neighbor_consensus_k10_uniform,-9.405824353841576,-25.26839817443858
tabpfn,blood-transfusion-service-center,source::blood-transfusion-service-center,M1_frequency_encoding,6,6,4,0.0,0.15975964362220643,-0.20873495223983135,0.5681941503897959,2,2,2,joint_freq_combined__sel_combined_intersection,0.7575922005197279,-0.2783132696531085
tabpfn,blood-transfusion-service-center,source::blood-transfusion-service-center,M20_cluster_membership,8,8,0,0.8232488757959425,-0.25419147084762816,-2.054915815415434,1.4426956825433443,5,0,3,cluster_membership_k10_both,1.4660528844541147,-3.1816110007241374
tabpfn,blood-transfusion-service-center,source::blood-transfusion-service-center,M2_frequency_ratio,7,7,2,0.0,0.06846841869523133,0.0,0.0,1,5,1,freq_ratio_log__sel_combined_intersection,0.7575922005197279,-0.2783132696531085
tabpfn,blood-transfusion-service-center,source::blood-transfusion-service-center,M3_joint_pca,4,4,0,1.048336335814927,1.1427023912644758,0.980015903615428,1.2110228234639746,4,0,0,joint_pca_var95,1.699082286411118,0.7750546070169314
tabpfn,blood-transfusion-service-center,source::blood-transfusion-service-center,M3b_joint_tsne,3,3,0,-2.082860598694132,-1.855684884790857,-2.293889341617935,-1.5310682849154167,0,0,3,joint_tsne_2d_p50,-0.9792759711367012,-2.5049180845417376
tabpfn,blood-transfusion-service-center,source::blood-transfusion-service-center,M4_target_encoding,12,12,2,0.0,0.039939910905551615,0.0,0.0,1,10,1,target_enc_ratio__sel_combined_intersection,0.7575922005197279,-0.2783132696531085
tabpfn,blood-transfusion-service-center,source::blood-transfusion-service-center,M5_joint_scaling,1,1,0,-0.4422823069318858,-0.4422823069318858,-0.4422823069318858,-0.4422823069318858,0,0,1,joint_scaling,-0.4422823069318858,-0.4422823069318858
tabpfn,blood-transfusion-service-center,source::blood-transfusion-service-center,M6_adversarial_validation,7,7,0,0.2719991791682907,0.5824184714207374,0.2681515302790548,1.8249201366211436,6,0,1,adversarial_lgbm_cal_iso_both_ratio,2.167015585937752,-2.548228798961278
tabpfn,blood-transfusion-service-center,source::blood-transfusion-service-center,M7_pseudo_labeling,9,9,0,-0.2182307523830591,-1.1105345118758414,-2.325854424697544,1.4106072773839338,3,1,5,pseudo_label_v2_cal_iso_wfixed_conf90,1.4106072773839338,-7.132850436954749
tabpfn,blood-transfusion-service-center,source::blood-transfusion-service-center,M8_label_propagation,11,11,0,-4.787560452483503,-5.0453349903037354,-5.167047156390144,-4.575347817593823,0,0,11,label_prop_weighted_k10_a05,-3.987249483527101,-6.508643397927777
tabpfn,blood-transfusion-service-center,source::blood-transfusion-service-center,M9_optimal_transport,9,9,0,-1.599536703610676,-1.4940826229433253,-1.701450070342872,-0.871541802238715,0,0,9,ot_disp_v2_selective_and_summary_abs,-0.6643607082041588,-2.359792661053674
tabpfn,churn,source::churn,M14_groupby_aggregation,9,9,2,1.2557849223127775,1.9407805639459812,0.0787107920458135,2.5571553793706907,8,0,1,joint_groupby_combined__sel_combined_union,8.395428494775574,-0.0674820872671219
tabpfn,churn,source::churn,M14b_groupby_shift_features,6,6,2,2.2385582273680464,2.7391525238181837,1.9329706457835698,2.3933063447385736,6,0,0,groupby_shift_cohen_d__sel_combined_union,5.801042615883667,1.8807589031718488
tabpfn,churn,source::churn,M16_nearest_test_distance,7,7,0,0.9384178974684804,0.695694831657071,0.34178165199590327,1.0187635588634258,5,0,2,nearest_test_k10_filter_both,1.786482882874588,-0.5761273804622291
tabpfn,churn,source::churn,M17_test_directed_augmentation,12,12,0,-4.896637517519489,-5.557497377875172,-6.78799488405862,-3.773725119919302,0,0,12,tdda_k5_lam07_aug1_cumshift,-1.4206797818553702,-13.429362554494864
tabpfn,churn,source::churn,M18_leaf_density,8,8,0,0.7204729007758852,1.576044408313261,0.13412144347259788,3.509870071974725,7,0,1,leaf_density_conf_shallow,4.979291654909976,-1.9358414243224007
tabpfn,churn,source::churn,M19_neighborhood_consensus,6,6,0,-6.3640086476058935,-6.400719727982373,-6.550967738578113,-6.273387593842331,0,0,6,neighbor_consensus_k10_dist_cumshift,-5.431238349206916,-7.388594711985534
tabpfn,churn,source::churn,M1_frequency_encoding,6,6,4,2.0069661913067414,2.1367756849395225,0.8385586032000185,3.295358879118685,6,0,0,joint_freq_combined__sel_combined_union,4.016488040446605,0.6163211710232691
tabpfn,churn,source::churn,M20_cluster_membership,8,8,0,-0.1260815289540431,-0.008903244066411742,-0.8936187189792882,1.2169108803953186,4,0,4,cluster_membership_k10_weight,1.7274396702855592,-2.020935578920084
tabpfn,churn,source::churn,M2_frequency_ratio,7,7,2,3.5340122209014524,3.106766777307245,1.5079826724086114,4.722453824698041,7,0,0,freq_ratio_log__sel_combined_union,5.226201737384958,0.5262804886509985
tabpfn,churn,source::churn,M3_joint_pca,4,4,0,3.146263420094711,2.8361752498994792,2.814689221599816,3.1677494483943742,4,0,0,joint_pca_10,3.1677494483943742,1.8844247110141208
tabpfn,churn,source::churn,M3b_joint_tsne,3,3,0,-0.0913734405860313,0.36249481544539597,-0.8969115858029307,1.3949670886780092,1,0,2,joint_tsne_3d_p30,2.8813076179420496,-1.7024497310198303
tabpfn,churn,source::churn,M4_target_encoding,12,12,2,-0.4422892565232324,-0.7328071781219626,-3.4083542257397212,1.812308325662595,6,0,6,target_enc_oof_diff,2.3745067927305623,-3.5346916095786653
tabpfn,churn,source::churn,M5_joint_scaling,1,1,0,0.5353756238812031,0.5353756238812031,0.5353756238812031,0.5353756238812031,1,0,0,joint_scaling,0.5353756238812031,0.5353756238812031
tabpfn,churn,source::churn,M6_adversarial_validation,7,7,0,0.7648326448862677,0.6752437869596324,-0.1377193124470085,1.0897379930338333,4,0,3,adversarial_lgbm_cal_iso_both_ratio,2.7569563618532325,-0.6991198591957227
tabpfn,churn,source::churn,M7_pseudo_labeling,9,9,0,-0.3410126418332272,-0.530573968112967,-1.7925193235485974,0.1869243987844236,3,0,6,pseudo_label_v2_cal_iso_wprop_conf85,1.529434008520489,-1.7925193235485974
tabpfn,churn,source::churn,M8_label_propagation,11,11,0,-1.9017245486546563,-4.346929552151106,-8.512393205881835,-0.4332548326215935,2,0,9,label_prop_k10_a05,0.1184738212751263,-12.094468561939369
tabpfn,churn,source::churn,M9_optimal_transport,9,9,0,-0.1919605480439495,-0.06914056657729657,-0.5690733022799146,0.0810091494864915,3,0,6,ot_disp_v2_selective_and_summary_abs,1.6039875200637466,-1.3166350196819716
tabpfn,coil2000_insurance_policies,source::coil2000_insurance_policies,M14_groupby_aggregation,6,6,1,-0.8234512935955408,-1.3696535004113548,-2.555340541011086,-0.21218762311036565,0,0,6,targeted_groupby_top3,-0.0084714146670211,-3.421476977511784
tabpfn,coil2000_insurance_policies,source::coil2000_insurance_policies,M14b_groupby_shift_features,6,6,2,-2.2106187105169117,-1.8324422581961473,-2.516689135104203,-1.179068508584403,0,0,6,groupby_shift_cohen_d__sel_combined_union,-0.0522009513705333,-3.0672841255323275
tabpfn,coil2000_insurance_policies,source::coil2000_insurance_policies,M16_nearest_test_distance,7,7,0,-0.0645514689169901,-0.27566598648736446,-0.598808068455108,0.011939971516658196,2,0,5,nearest_test_k5_both,0.2226394402129641,-0.9140136828306256
tabpfn,coil2000_insurance_policies,source::coil2000_insurance_policies,M18_leaf_density,8,8,0,-0.2528270824510783,-0.4219852533613519,-0.9719609746802373,0.21883624619168285,4,0,4,leaf_density_embed_k10_cumshift,0.2805948816378846,-1.4974657820379047
tabpfn,coil2000_insurance_policies,source::coil2000_insurance_policies,M19_neighborhood_consensus,6,6,0,-7.61320684563903,-8.526450486162597,-10.38732204555966,-7.371459267357191,0,0,6,neighbor_consensus_k20_dist,-5.340510181091403,-11.988875191143006
tabpfn,coil2000_insurance_policies,source::coil2000_insurance_policies,M1_frequency_encoding,6,6,4,-0.8456618023986027,-0.8434608965583039,-0.996802190592121,-0.6850865148138172,0,0,6,joint_freq_separate,-0.6172948533597424,-1.0734031822506933
tabpfn,coil2000_insurance_policies,source::coil2000_insurance_policies,M20_cluster_membership,8,8,0,-0.7477772500874991,-0.8220430715536429,-0.8968034674482629,-0.7003208321168741,0,0,8,cluster_membership_k15_both,-0.5574586968789984,-1.1906120319598308
tabpfn,coil2000_insurance_policies,source::coil2000_insurance_policies,M2_frequency_ratio,7,7,2,-0.4537056834587121,-0.5219112781282396,-0.7160240089426777,-0.4368200906569071,1,0,6,freq_ratio_v2_both_gated,0.0340180387440253,-0.9280031029838204
tabpfn,coil2000_insurance_policies,source::coil2000_insurance_policies,M3_joint_pca,4,4,0,-0.3851242825187765,-0.3952065430334601,-0.674318039348538,-0.10601278620369858,1,0,3,joint_pca_var95,0.5101181201277571,-1.3206957272240445
tabpfn,coil2000_insurance_policies,source::coil2000_insurance_policies,M3b_joint_tsne,3,3,0,0.4104231349637098,0.23799205662779,0.0027979895813669553,0.559401662842173,2,0,1,joint_tsne_2d_p30,0.7083801907206361,-0.4048271558009759
tabpfn,coil2000_insurance_policies,source::coil2000_insurance_policies,M4_target_encoding,12,12,2,-0.42303518921699895,-0.576793337152846,-0.9862881225821715,-0.3954101316702449,1,0,11,target_enc_ratio__sel_combined_union,0.2966374203895499,-1.1442110850370744
tabpfn,coil2000_insurance_policies,source::coil2000_insurance_policies,M5_joint_scaling,1,1,0,0.2186006387815575,0.2186006387815575,0.2186006387815575,0.2186006387815575,1,0,0,joint_scaling,0.2186006387815575,0.2186006387815575
tabpfn,coil2000_insurance_policies,source::coil2000_insurance_policies,M6_adversarial_validation,7,7,0,-0.5024815637392427,-0.45230373559701686,-0.5445602085308422,-0.2927976707724885,0,0,7,adversarial_lgbm_cal_iso_both_ratio,-0.1558576430207395,-0.8330711838124742
tabpfn,coil2000_insurance_policies,source::coil2000_insurance_policies,M7_pseudo_labeling,9,9,0,-1.8601316385244768,-2.089948832163424,-2.5895079155987912,-1.8601316385244768,0,0,9,pseudo_label_lgbm_conf95_iter3,-0.9678225506583148,-3.172438510637273
tabpfn,coil2000_insurance_policies,source::coil2000_insurance_policies,M8_label_propagation,11,11,0,-0.1368591538612859,-0.18375920281645872,-0.36753824558299775,-0.011258575429214,3,0,8,label_prop_v3_adaptive,0.1117167633650802,-0.6187657620991026
tabpfn,coil2000_insurance_policies,source::coil2000_insurance_policies,M9_optimal_transport,9,9,0,-0.718903129569279,-0.809984113319823,-1.4751875156682597,-0.025694088468973,1,0,8,ot_disp_v2_selective_and_summary_abs,0.2771179545289029,-1.7340354075589637
tabpfn,concrete_compressive_strength,source::concrete_compressive_strength,M14_groupby_aggregation,9,9,2,-6.834804309073206,-5.397909825560294,-8.523130102377827,-5.620640027468321,2,0,7,joint_groupby_combined__sel_combined_intersection,1.773020520587553,-9.41801280299394
tabpfn,concrete_compressive_strength,source::concrete_compressive_strength,M14b_groupby_shift_features,6,6,2,-5.040445178500622,-3.43579850227227,-6.062020512332001,0.06807641663550101,2,0,4,groupby_shift_cohen_d__sel_combined_intersection,1.773020520587553,-7.675292501958343
tabpfn,concrete_compressive_strength,source::concrete_compressive_strength,M16_nearest_test_distance,7,7,0,-8.376425228889463,-8.176822372420585,-9.123111386551876,-7.156609074938867,0,0,7,nearest_test_k10_filter_both,-4.729337294186193,-11.572553160886953
tabpfn,concrete_compressive_strength,source::concrete_compressive_strength,M17_test_directed_augmentation,12,12,0,-9.458022406163604,-9.378664490095879,-11.086367329685576,-5.118946731015731,0,0,12,tdda_v2_k10_lam07_pfl_dw,-4.836548880985953,-20.884360098776423
tabpfn,concrete_compressive_strength,source::concrete_compressive_strength,M18_leaf_density,8,8,0,-0.5181748629903513,-0.4754357700230206,-1.5298922115411324,0.47860332884654555,3,0,5,leaf_density_conf,1.429294184346401,-2.469572606673002
tabpfn,concrete_compressive_strength,source::concrete_compressive_strength,M19_neighborhood_consensus,6,6,0,-9.633607319681714,-9.107733810172723,-10.08010434170383,-8.880995612252018,0,0,6,neighbor_consensus_k10_uniform,-6.230071690837575,-10.290054805348683
tabpfn,concrete_compressive_strength,source::concrete_compressive_strength,M1_frequency_encoding,6,6,4,1.7153200938971154,1.1627802048282228,0.42883002347427884,1.7585954139149438,4,2,0,joint_freq_combined__sel_combined_intersection,1.773020520587553,0.0
tabpfn,concrete_compressive_strength,source::concrete_compressive_strength,M20_cluster_membership,8,8,0,-0.9972832720714859,-0.9307742624198722,-1.522826341934716,-0.42219858907382296,1,0,7,cluster_membership_k15_both,0.5023716581093027,-1.8944003376269365
tabpfn,concrete_compressive_strength,source::concrete_compressive_strength,M2_frequency_ratio,7,7,2,0.0,0.4983342556004086,0.0,0.8576600469485577,2,4,1,freq_ratio_log__sel_combined_intersection,1.773020520587553,-8.252818083729982e-07
tabpfn,concrete_compressive_strength,source::concrete_compressive_strength,M3_joint_pca,4,4,0,0.7749921847928067,1.3812551798609298,0.7228266971586316,1.4334206674951049,4,0,0,joint_pca_10,3.252209652699474,0.7228266971586316
tabpfn,concrete_compressive_strength,source::concrete_compressive_strength,M3b_joint_tsne,3,3,0,-0.6318089488222847,-0.6365048960792532,-1.145695519818898,-0.12496629871112402,1,0,2,joint_tsne_2d_p30,0.3818763514000367,-1.6595820908155117
tabpfn,concrete_compressive_strength,source::concrete_compressive_strength,M4_target_encoding,12,12,2,0.0,0.2906950512070557,0.0,0.0,2,10,0,target_enc_ratio__sel_combined_intersection,1.773020520587553,0.0
tabpfn,concrete_compressive_strength,source::concrete_compressive_strength,M5_joint_scaling,1,1,0,-1.799056374293382,-1.799056374293382,-1.799056374293382,-1.799056374293382,0,0,1,joint_scaling,-1.799056374293382,-1.799056374293382
tabpfn,concrete_compressive_strength,source::concrete_compressive_strength,M6_adversarial_validation,7,7,0,0.1355401947416839,0.16627470191877888,0.08013448413564035,0.5296635201551975,6,0,1,adversarial_logreg_feature,0.7922947305957109,-0.9835080204876184
tabpfn,concrete_compressive_strength,source::concrete_compressive_strength,M8_label_propagation,11,11,0,-2.780119773627104,-2.930562700187457,-3.800883611710703,-2.441989399982339,1,0,10,label_prop_weighted_adaptive_a05,0.9642370567655116,-6.372155261292887
tabpfn,concrete_compressive_strength,source::concrete_compressive_strength,M9_optimal_transport,9,9,0,-10.236977975177169,-11.590326824251969,-14.8157987882229,-5.837445222902753,0,0,9,ot_disp_v2_selective_abs,-3.275554135060732,-21.132163448548628
tabpfn,credit-g,source::credit-g,M14_groupby_aggregation,8,8,2,0.06802007247979869,0.40851193175400113,-1.6152859921481042,1.878405353589256,4,0,4,joint_groupby_combined__sel_combined_union,4.736857884894273,-2.216394309763544
tabpfn,credit-g,source::credit-g,M14b_groupby_shift_features,6,6,2,3.092530855307568,2.9813345889786915,1.8098064011144381,4.064105639107602,6,0,0,groupby_shift_cohen_d,4.639927273934316,1.292823065898352
tabpfn,credit-g,source::credit-g,M16_nearest_test_distance,7,7,0,-3.2952258528742484,-3.082502034254079,-3.486390096320262,-2.4603403626987657,0,0,7,nearest_test_k10_cumshift_both,-1.6730368004385556,-4.715790668427693
tabpfn,credit-g,source::credit-g,M17_test_directed_augmentation,12,12,0,-1.3302595363285032,-1.948458755993799,-2.443275114290289,-0.8655928989292949,0,0,12,tdda_k5_lam07_aug1_cumshift,-0.0365263238483569,-7.801870190611464
tabpfn,credit-g,source::credit-g,M18_leaf_density,8,8,0,-1.9478609146116599,-2.4391928391808477,-3.8834348503692153,-1.0479233667285848,0,0,8,leaf_density_embed_k10_cumshift,-0.5634878101926976,-5.149970741464262
tabpfn,credit-g,source::credit-g,M19_neighborhood_consensus,6,6,0,-2.499008207916029,-2.579002954050267,-3.4514899902614276,-1.2086646222275947,0,0,6,neighbor_consensus_k10_uniform,-0.7383296454550708,-5.190137651639796
tabpfn,credit-g,source::credit-g,M1_frequency_encoding,6,6,4,0.5970026196160297,0.5290517004304406,0.17000668154668747,0.9597328398554367,5,0,1,joint_freq_combined,2.159068459619752,-1.2870811117279806
tabpfn,credit-g,source::credit-g,M20_cluster_membership,8,8,0,-0.814186347694181,-0.93737903750392,-1.7742270312463517,-0.3654773906204766,1,0,7,cluster_membership_k10_weight,0.2766042538109679,-1.9301130562668527
tabpfn,credit-g,source::credit-g,M2_frequency_ratio,7,7,2,1.8151668967909984,0.9815491107829786,-0.4893777863200475,2.125975262215931,4,0,3,freq_ratio_v2_ratio_ungated,2.3778917899959646,-0.5954098630978806
tabpfn,credit-g,source::credit-g,M3_joint_pca,4,4,0,-0.8597405225632976,-0.823354736054804,-0.905003584371373,-0.7780916742467286,0,0,4,joint_pca_5,-0.533145129297022,-1.0407927697955992
tabpfn,credit-g,source::credit-g,M3b_joint_tsne,3,3,0,-0.0419872033390498,-0.3345904063768573,-0.569872220773705,0.04699300953889421,1,0,2,joint_tsne_2d_p30,0.1359732224168382,-1.0977572382083602
tabpfn,credit-g,source::credit-g,M4_target_encoding,12,12,2,3.6759816600109922,3.1244863694841793,1.8865899805710686,4.0190031914022075,12,0,0,target_enc_ratio__sel_combined_union,5.07990283917552,1.5399144783441348
tabpfn,credit-g,source::credit-g,M5_joint_scaling,1,1,0,-0.2949544150407466,-0.2949544150407466,-0.2949544150407466,-0.2949544150407466,0,0,1,joint_scaling,-0.2949544150407466,-0.2949544150407466
tabpfn,credit-g,source::credit-g,M6_adversarial_validation,7,7,0,-0.5853714816811271,-0.5841726121290992,-0.8735600276470431,-0.21340929666549205,0,0,7,adversarial_logreg_feature,-0.047448082829767,-1.2824500717677298
tabpfn,credit-g,source::credit-g,M7_pseudo_labeling,9,9,0,-0.7036503837873794,-0.2735570473631265,-0.9436480066986987,1.0004518610088524,3,0,6,pseudo_label_v2_cal_iso_wfixed_conf90,1.0004518610088524,-1.2324187787867278
tabpfn,credit-g,source::credit-g,M8_label_propagation,11,11,0,-2.253870933719353,-3.118626996670564,-4.613740482945196,-1.7418867124488147,0,0,11,label_prop_weighted_k15_a05,-1.4439207829830492,-5.773902992294266
tabpfn,credit-g,source::credit-g,M9_optimal_transport,9,9,0,-1.006100123619339,-1.5147441664214378,-2.8442616061088994,-0.8485644579193954,2,0,7,ot_disp_v2_selective,0.1773982763965192,-3.115592363548956
tabpfn,diabetes,source::diabetes,M14_groupby_aggregation,9,9,2,-2.881369258505174,-2.4233823933484153,-3.0337286768446,-2.172406949564345,0,0,9,joint_groupby_combined__sel_combined_union,-0.4044339326081904,-3.841459685731024
tabpfn,diabetes,source::diabetes,M14b_groupby_shift_features,6,6,2,-2.197875484230685,-2.5727854384013127,-2.530924190079198,-1.8170437471469736,0,0,6,groupby_shift_cohen_d__sel_combined_intersection,-0.8074278471983178,-5.901493554600416
tabpfn,diabetes,source::diabetes,M16_nearest_test_distance,7,7,0,-1.846691213117368,-1.7468023194855609,-2.190958623931759,-1.3830565944502873,0,0,7,nearest_test_k10_filter_both,-0.7053243686846646,-2.527570217832803
tabpfn,diabetes,source::diabetes,M17_test_directed_augmentation,12,12,0,-17.85158667396103,-17.69338757899908,-20.48093826101398,-12.554404481139198,0,0,12,tdda_v2_k10_lam07_pfl_dw,-12.113728331555237,-30.0954100031014
tabpfn,diabetes,source::diabetes,M18_leaf_density,8,8,0,-0.4705325313604166,-0.4015065275583677,-0.7904393502847313,0.10812955528118928,2,0,6,leaf_density_embed_k10,0.6834937742745071,-1.7362507881834786
tabpfn,diabetes,source::diabetes,M19_neighborhood_consensus,6,6,0,-11.900463434807552,-12.145672435968104,-14.34520333393993,-10.376900133549633,0,0,6,neighbor_consensus_k20_dist,-8.940678157537988,-15.103267255207813
tabpfn,diabetes,source::diabetes,M1_frequency_encoding,6,6,4,-0.8074278471983178,-0.5384620757835692,-0.8078257469138719,-0.20185696179957946,0,2,4,joint_freq_combined,0.0,-0.80795838015239
tabpfn,diabetes,source::diabetes,M20_cluster_membership,8,8,0,-2.4440757486486544,-2.4220842226281234,-2.8921898176828273,-2.3667686569517024,0,0,8,cluster_membership_k10_weight,-0.7870372708061869,-3.1197626173113937
tabpfn,diabetes,source::diabetes,M2_frequency_ratio,7,7,2,0.0,-0.23076946105010113,-0.4037139235991589,0.0,0,5,2,freq_ratio_log,0.0,-0.80795838015239
tabpfn,diabetes,source::diabetes,M3_joint_pca,4,4,0,-2.0745482268284547,-2.156365586852981,-2.2422853495411594,-1.988628464140276,0,0,4,joint_pca_10,-1.988628464140276,-2.4877374296147385
tabpfn,diabetes,source::diabetes,M3b_joint_tsne,3,3,0,-1.8162963010209168,-1.8955327264961699,-2.5862972137541345,-1.1651500265005788,0,0,3,joint_tsne_2d_p30,-0.5140037519802405,-3.356298126487352
tabpfn,diabetes,source::diabetes,M4_target_encoding,12,12,2,0.0,-0.13461551894589233,0.0,0.0,0,10,2,target_enc_absolute,0.0,-0.80795838015239
tabpfn,diabetes,source::diabetes,M5_joint_scaling,1,1,0,-0.4611709378063565,-0.4611709378063565,-0.4611709378063565,-0.4611709378063565,0,0,1,joint_scaling,-0.4611709378063565,-0.4611709378063565
tabpfn,diabetes,source::diabetes,M6_adversarial_validation,7,7,0,0.3253358000458128,0.007125143346380448,-0.49243842404700977,0.3979149720248092,4,0,3,adversarial_lgbm_both_ratio,0.4210340036090678,-0.5074468961858164
tabpfn,diabetes,source::diabetes,M7_pseudo_labeling,9,9,0,0.1547468166324958,-0.17431179144354803,-0.125411986152853,0.1547468166324958,5,1,3,pseudo_label_lgbm_conf90_iter1,0.7460297310470593,-1.5851040165960584
tabpfn,diabetes,source::diabetes,M8_label_propagation,11,11,0,-3.73765092272229,-3.865399258247628,-4.194349733484954,-3.6934028502769296,0,0,11,label_prop_weighted_adaptive_a05,-2.795677359228639,-4.842823903484065
tabpfn,diabetes,source::diabetes,M9_optimal_transport,9,9,0,-4.488380644224703,-3.5421654965582423,-4.624175918191849,-3.089404616134768,0,0,9,ot_disp_v2_selective,-0.704451794540498,-5.132193211125135
tabpfn,gas_sensor_drift,source::gas_sensor_drift,M14_groupby_aggregation,9,9,2,0.0,1.1082978582062202,0.0,0.0,2,7,0,joint_groupby_combined__sel_combined_intersection,8.428313066279928,0.0
tabpfn,gas_sensor_drift,source::gas_sensor_drift,M14b_groupby_shift_features,6,6,2,0.0,1.6624467873093305,0.0,1.1597757431820406,2,4,0,groupby_shift_cohen_d__sel_combined_intersection,8.428313066279928,0.0
tabpfn,gas_sensor_drift,source::gas_sensor_drift,M16_nearest_test_distance,7,7,0,22.62824398023005,22.101915987130855,20.287943110683106,23.651953759354093,7,0,0,nearest_test_rel_k10_cumshift_both,24.163510244095896,20.041863945515605
tabpfn,gas_sensor_drift,source::gas_sensor_drift,M18_leaf_density,8,8,0,1.233223620223614,-0.1979272732459081,-1.4198741944015014,2.963779601652432,5,0,3,leaf_density_embed_k10,4.446725429396033,-9.90386102860002
tabpfn,gas_sensor_drift,source::gas_sensor_drift,M19_neighborhood_consensus,6,6,0,-9.176120433659179,-8.525905943819952,-9.825536901729595,-8.05172725331423,0,0,6,neighbor_consensus_k20_dist,-1.2244655419062007,-13.859790669409508
tabpfn,gas_sensor_drift,source::gas_sensor_drift,M1_frequency_encoding,6,6,4,1.546367657576054,3.324893574618661,0.3865919143940135,6.70782671410396,4,2,0,joint_freq_combined__sel_combined_intersection,8.428313066279928,0.0
tabpfn,gas_sensor_drift,source::gas_sensor_drift,M20_cluster_membership,8,8,0,7.298867315415583,7.654459658559615,5.244691568349169,9.37927359331605,8,0,0,cluster_membership_k10_weight,14.413736947110309,3.120013662812642
tabpfn,gas_sensor_drift,source::gas_sensor_drift,M2_frequency_ratio,7,7,2,0.0,1.4249543891222831,0.0,0.773183828788027,2,5,0,freq_ratio_log__sel_combined_intersection,8.428313066279928,0.0
tabpfn,gas_sensor_drift,source::gas_sensor_drift,M3_joint_pca,4,4,0,-8.326293890651627,-8.81375088158778,-17.798549226502075,0.6585044542626705,2,0,2,joint_pca_5,2.064686485658894,-20.66710223070676
tabpfn,gas_sensor_drift,source::gas_sensor_drift,M3b_joint_tsne,3,3,0,1.7093814222378918,1.2638410258866268,-1.8468631473933121,4.597315397342198,2,0,1,joint_tsne_3d_p30,7.485249372446504,-5.403107717024516
tabpfn,gas_sensor_drift,source::gas_sensor_drift,M4_target_encoding,12,12,2,0.0,0.8312233936546652,0.0,0.0,2,10,0,target_enc_ratio__sel_combined_intersection,8.428313066279928,0.0
tabpfn,gas_sensor_drift,source::gas_sensor_drift,M5_joint_scaling,1,1,0,-9.930785318559613,-9.930785318559613,-9.930785318559613,-9.930785318559613,0,0,1,joint_scaling,-9.930785318559613,-9.930785318559613
tabpfn,gas_sensor_drift,source::gas_sensor_drift,M6_adversarial_validation,7,7,0,10.083909075006163,9.660489471981256,6.843579924565469,10.091584353214362,7,0,0,adversarial_logreg_feature,19.39426585876706,4.274922814535918
tabpfn,gas_sensor_drift,source::gas_sensor_drift,M7_pseudo_labeling,5,5,0,-197.44142848786493,-145.0728687557506,-197.44142848786493,-133.0400583151582,0,1,4,pseudo_label_v2_cal_platt_wprop_conf90,0.0,-197.44142848786493
tabpfn,gas_sensor_drift,source::gas_sensor_drift,M8_label_propagation,11,11,0,8.603211217387372,3.29132045700778,-6.6691537739242115,12.455879436747338,7,0,4,label_prop_k10_a05,15.55887556163827,-13.969255993581728
tabpfn,gas_sensor_drift,source::gas_sensor_drift,M9_optimal_transport,9,9,0,-16.61687171818556,-12.264828103297416,-20.388072118541952,-2.032669973314553,2,0,7,ot_disp_v2_summary_only,13.230080684120324,-26.965763563886984
tabpfn,hazelnut-spread-contaminant-detection,source::hazelnut-spread-contaminant-detection,M14_groupby_aggregation,9,0,2,,,,,0,0,0,,,
tabpfn,hazelnut-spread-contaminant-detection,source::hazelnut-spread-contaminant-detection,M14b_groupby_shift_features,6,0,2,,,,,0,0,0,,,
tabpfn,hazelnut-spread-contaminant-detection,source::hazelnut-spread-contaminant-detection,M16_nearest_test_distance,7,0,0,,,,,0,0,0,,,
tabpfn,hazelnut-spread-contaminant-detection,source::hazelnut-spread-contaminant-detection,M17_test_directed_augmentation,12,0,0,,,,,0,0,0,,,
tabpfn,hazelnut-spread-contaminant-detection,source::hazelnut-spread-contaminant-detection,M18_leaf_density,8,0,0,,,,,0,0,0,,,
tabpfn,hazelnut-spread-contaminant-detection,source::hazelnut-spread-contaminant-detection,M19_neighborhood_consensus,6,0,0,,,,,0,0,0,,,
tabpfn,hazelnut-spread-contaminant-detection,source::hazelnut-spread-contaminant-detection,M1_frequency_encoding,6,0,4,,,,,0,0,0,,,
tabpfn,hazelnut-spread-contaminant-detection,source::hazelnut-spread-contaminant-detection,M20_cluster_membership,8,0,0,,,,,0,0,0,,,
tabpfn,hazelnut-spread-contaminant-detection,source::hazelnut-spread-contaminant-detection,M2_frequency_ratio,7,0,2,,,,,0,0,0,,,
tabpfn,hazelnut-spread-contaminant-detection,source::hazelnut-spread-contaminant-detection,M3_joint_pca,4,0,0,,,,,0,0,0,,,
tabpfn,hazelnut-spread-contaminant-detection,source::hazelnut-spread-contaminant-detection,M3b_joint_tsne,3,0,0,,,,,0,0,0,,,
tabpfn,hazelnut-spread-contaminant-detection,source::hazelnut-spread-contaminant-detection,M4_target_encoding,12,0,2,,,,,0,0,0,,,
tabpfn,hazelnut-spread-contaminant-detection,source::hazelnut-spread-contaminant-detection,M5_joint_scaling,1,0,0,,,,,0,0,0,,,
tabpfn,hazelnut-spread-contaminant-detection,source::hazelnut-spread-contaminant-detection,M6_adversarial_validation,7,0,0,,,,,0,0,0,,,
tabpfn,hazelnut-spread-contaminant-detection,source::hazelnut-spread-contaminant-detection,M7_pseudo_labeling,9,0,0,,,,,0,0,0,,,
tabpfn,hazelnut-spread-contaminant-detection,source::hazelnut-spread-contaminant-detection,M8_label_propagation,11,0,0,,,,,0,0,0,,,
tabpfn,hazelnut-spread-contaminant-detection,source::hazelnut-spread-contaminant-detection,M9_optimal_transport,9,0,0,,,,,0,0,0,,,
tabpfn,healthcare_insurance_expenses,source::healthcare_insurance_expenses,M14_groupby_aggregation,9,9,2,3.1901612465418725,3.9069745749416516,-1.2583211351268233,9.966781522519543,6,0,3,targeted_groupby_top5,10.520773789621073,-2.053319013283621
tabpfn,healthcare_insurance_expenses,source::healthcare_insurance_expenses,M14b_groupby_shift_features,6,6,2,0.2243845360627002,2.930722498569027,0.2223471857664575,4.669451532768018,5,0,1,groupby_shift_cohen_d__sel_combined_union,10.918896653260695,-0.15613933464277
tabpfn,healthcare_insurance_expenses,source::healthcare_insurance_expenses,M16_nearest_test_distance,7,7,0,9.673205224103144,9.864107031353202,9.461832645481078,10.273044850353056,7,0,0,nearest_test_rel_k10_cumshift_both,10.60611297838652,9.29967602531448
tabpfn,healthcare_insurance_expenses,source::healthcare_insurance_expenses,M17_test_directed_augmentation,12,12,0,7.816232205783125,7.324527214729689,4.383623586094738,10.011004364200335,12,0,0,tdda_k5_lam06_aug1,10.612173422741142,4.317271353176378
tabpfn,healthcare_insurance_expenses,source::healthcare_insurance_expenses,M18_leaf_density,8,8,0,3.8358740335664,3.7517416849436938,2.7958822244376718,5.184169561613934,7,0,1,leaf_density_conf_cumshift,6.727770609124745,-0.208749230007318
tabpfn,healthcare_insurance_expenses,source::healthcare_insurance_expenses,M19_neighborhood_consensus,6,6,0,13.471273731170612,13.510157752428377,13.42284503431229,13.50067272019474,6,0,0,neighbor_consensus_k5_dist,13.963466919508026,13.237757614158706
tabpfn,healthcare_insurance_expenses,source::healthcare_insurance_expenses,M1_frequency_encoding,6,6,4,0.2331562907294562,1.3455289002387545,-0.06599484937253669,0.9174719799788954,4,0,2,joint_freq_separate__sel_combined_union,6.826363490699218,-0.1993679843811108
tabpfn,healthcare_insurance_expenses,source::healthcare_insurance_expenses,M20_cluster_membership,8,8,0,10.074770152106542,6.75399534272544,2.3697014325174734,10.103766919711022,7,0,1,cluster_membership_k15_both,10.394036597151976,-0.1891855153879678
tabpfn,healthcare_insurance_expenses,source::healthcare_insurance_expenses,M2_frequency_ratio,7,7,2,0.069568699958536,1.2241378588986283,0.0251052016456254,0.1513624953439961,5,0,2,freq_ratio_log__sel_combined_union,8.320197502698345,-0.1737365843457256
tabpfn,healthcare_insurance_expenses,source::healthcare_insurance_expenses,M3_joint_pca,4,4,0,9.278752660807372,9.278752660807372,9.278752660807372,9.278752660807372,4,0,0,joint_pca_10,9.278752660807372,9.278752660807372
tabpfn,healthcare_insurance_expenses,source::healthcare_insurance_expenses,M3b_joint_tsne,3,3,0,6.856602315014399,6.639071016015976,6.465266496592106,6.921641184939057,3,0,0,joint_tsne_3d_p30,6.986680054863714,6.073930678169813
tabpfn,healthcare_insurance_expenses,source::healthcare_insurance_expenses,M4_target_encoding,12,12,2,0.27183207061410275,0.8548970191688575,0.0380401749269579,0.3827607187315946,10,0,2,target_enc_ratio__sel_combined_union,8.116828592285104,-0.0489334850212291
tabpfn,healthcare_insurance_expenses,source::healthcare_insurance_expenses,M5_joint_scaling,1,1,0,0.5589960612666816,0.5589960612666816,0.5589960612666816,0.5589960612666816,1,0,0,joint_scaling,0.5589960612666816,0.5589960612666816
tabpfn,healthcare_insurance_expenses,source::healthcare_insurance_expenses,M6_adversarial_validation,7,7,0,0.7085112432564261,3.688308795459466,0.6350219273292934,6.189356472009396,7,0,0,adversarial_lgbm_cal_iso_both_ratio,11.051037623167874,0.4098559031145814
tabpfn,healthcare_insurance_expenses,source::healthcare_insurance_expenses,M8_label_propagation,11,11,0,7.307378486496504,7.353973368824546,6.630778817501631,8.256168224589398,11,0,0,label_prop_k15_a08,8.656681097053735,5.169563730099797
tabpfn,healthcare_insurance_expenses,source::healthcare_insurance_expenses,M9_optimal_transport,9,9,0,-2.7044509175899623,-5.670332606956271,-11.892947119399604,-2.446581038210032,1,0,8,ot_disp_v2_summary_only,0.3171577953465824,-12.202453384713763
tabpfn,heloc,source::heloc,M14_groupby_aggregation,9,9,2,-0.2467549374618586,-0.4572286430795691,-0.6255526619369673,-0.1098691303543685,2,0,7,targeted_groupby_top5_shifted_agg,0.1723053759851557,-1.888096454955131
tabpfn,heloc,source::heloc,M14b_groupby_shift_features,6,6,2,-0.49750069018208787,-0.37511638101000666,-0.5674846040398116,-0.1567280225950491,1,0,5,groupby_shift_cohen_d__sel_combined_union,0.0432329521000488,-0.6649801490708239
tabpfn,heloc,source::heloc,M16_nearest_test_distance,7,7,0,-0.0577255173706503,-0.056582658111185555,-0.126738003469729,0.0113376378493399,2,0,5,nearest_test_k10_filter_both,0.0664232456023919,-0.1739756037692623
tabpfn,heloc,source::heloc,M18_leaf_density,8,8,0,-0.08835750173887641,-0.07993149822046358,-0.10774870396560893,-0.05949276495262307,1,0,7,leaf_density_conf_shallow,0.0395161131457117,-0.1690529569488349
tabpfn,heloc,source::heloc,M19_neighborhood_consensus,6,6,0,-2.5955253405153367,-2.5124264348256182,-2.6286181432309936,-2.525171939017187,0,0,6,neighbor_consensus_k20_dist,-1.9713645535997864,-2.770773491669236
tabpfn,heloc,source::heloc,M1_frequency_encoding,6,6,4,-0.0546419489508265,-0.0392144630268717,-0.06091156733504807,-0.013660487237706624,0,2,4,joint_freq_combined,0.0,-0.0630014401297886
tabpfn,heloc,source::heloc,M20_cluster_membership,8,8,0,-0.009329425368724699,-0.03387307929011507,-0.1042324711225902,-0.0021235039703073498,2,0,6,cluster_membership_k10_weight,0.1288096878229015,-0.1657113465291383
tabpfn,heloc,source::heloc,M2_frequency_ratio,7,7,2,0.0,-0.01680619844008787,-0.02732097447541325,0.0,0,5,2,freq_ratio_log,0.0,-0.0630014401297886
tabpfn,heloc,source::heloc,M3_joint_pca,4,4,0,-0.0607324081736219,-0.0426863941402991,-0.06654629108272708,-0.03687251123119393,1,0,3,joint_pca_5,0.03470717959609,-0.0839879398100426
tabpfn,heloc,source::heloc,M3b_joint_tsne,3,3,0,-0.0913969682922199,-0.10706312048104359,-0.2228006011727695,0.01650743630509416,1,0,2,joint_tsne_3d_p30,0.1244118409024082,-0.3542042340533191
tabpfn,heloc,source::heloc,M4_target_encoding,12,12,2,0.0,-0.009803615756717924,0.0,0.0,0,10,2,target_enc_absolute,0.0,-0.0630014401297886
tabpfn,heloc,source::heloc,M5_joint_scaling,1,1,0,-0.0246231256950939,-0.0246231256950939,-0.0246231256950939,-0.0246231256950939,0,0,1,joint_scaling,-0.0246231256950939,-0.0246231256950939
tabpfn,heloc,source::heloc,M6_adversarial_validation,7,7,0,0.051385309147067,0.05315641949836022,0.0007621625177901999,0.0990686644010194,5,0,2,adversarial_rf_feature,0.1363238309495887,-0.0152758574457534
tabpfn,heloc,source::heloc,M7_pseudo_labeling,9,9,0,0.0564196270566672,0.03494969495057651,0.0413259760632936,0.0691676817069063,7,1,1,pseudo_label_v2_cal_iso_wprop_conf85,0.1539611650717124,-0.2484047970906553
tabpfn,heloc,source::heloc,M8_label_propagation,11,11,0,-0.0933289259792892,-0.14964907488592422,-0.18233883868837636,0.021885784188325597,3,0,8,label_prop_weighted_k15_a08,0.1267693927951372,-0.7998402464949588
tabpfn,heloc,source::heloc,M9_optimal_transport,9,9,0,-0.1727717082124959,-0.14089821254654086,-0.2051165564645243,-0.1123563251559094,2,0,7,ot_disp_v2_selective_abs,0.0919703298066216,-0.3468529349163857
tabpfn,jm1,source::jm1,M14_groupby_aggregation,8,8,2,0.8929405956734401,0.8143542469371453,-0.1741592324956732,1.777713526562175,5,0,3,targeted_groupby_top3,2.185583539471155,-0.6921455682786596
tabpfn,jm1,source::jm1,M14b_groupby_shift_features,6,6,2,-1.4414803654566752,-1.2618484917495987,-1.8465857030047177,-0.5125858822572014,0,0,6,groupby_shift_cohen_d__sel_combined_union,-0.3190076577758739,-2.18454735843026
tabpfn,jm1,source::jm1,M16_nearest_test_distance,7,7,0,-1.0268863153375938,-0.9754880584873528,-1.2670694667696376,-0.5720936787085714,0,0,7,nearest_test_k10_cumshift_both,-0.4841231634074757,-1.6390806397099822
tabpfn,jm1,source::jm1,M18_leaf_density,8,8,0,0.14564008268994522,0.10671732351880218,-0.06325350429958135,0.357559718596576,5,0,3,leaf_density_conf_cumshift,0.4930838442125324,-0.5147576830731087
tabpfn,jm1,source::jm1,M19_neighborhood_consensus,6,6,0,-1.7279941411454782,-1.7593745354083978,-2.118012617671667,-1.4496796698386005,0,0,6,neighbor_consensus_k10_dist_cumshift,-0.8859430415036692,-2.6093889327390563
tabpfn,jm1,source::jm1,M1_frequency_encoding,6,6,4,0.0,0.14890738441164345,-0.11281296258952245,0.4478545775157202,2,2,2,joint_freq_combined__sel_combined_union,0.5971394366876269,-0.1504172834526966
tabpfn,jm1,source::jm1,M20_cluster_membership,8,8,0,0.0986577352883987,0.17011339784051446,-0.0059940559918612996,0.18731234913608336,6,0,2,cluster_membership_k10_weight,0.9895738014338562,-0.2262916864241357
tabpfn,jm1,source::jm1,M2_frequency_ratio,7,7,2,0.0,0.06381745046213291,0.0,0.0,1,5,1,freq_ratio_log__sel_combined_union,0.5971394366876269,-0.1504172834526966
tabpfn,jm1,source::jm1,M3_joint_pca,4,4,0,1.8148251789533083,2.204749480376103,1.3940310028844425,2.6255436564449686,4,0,0,joint_pca_10,4.306042696879595,0.8833048667182
tabpfn,jm1,source::jm1,M3b_joint_tsne,3,3,0,3.855838947596776,3.6557105030955674,3.4105994090679745,4.000885819373765,3,0,0,joint_tsne_2d_p30,4.145932691150753,2.965359870539173
tabpfn,jm1,source::jm1,M4_target_encoding,12,12,2,0.0,0.03722684610291086,0.0,0.0,1,10,1,target_enc_ratio__sel_combined_union,0.5971394366876269,-0.1504172834526966
tabpfn,jm1,source::jm1,M5_joint_scaling,1,1,0,-0.071713985147123,-0.071713985147123,-0.071713985147123,-0.071713985147123,0,0,1,joint_scaling,-0.071713985147123,-0.071713985147123
tabpfn,jm1,source::jm1,M6_adversarial_validation,7,7,0,0.4456673248035568,0.4369715922134581,0.2946484159869515,0.473070169704753,7,0,0,adversarial_logreg_feature,0.9627108058458675,0.1149858434613735
tabpfn,jm1,source::jm1,M7_pseudo_labeling,8,8,0,-0.1931699054936409,-0.22515893628704908,-0.23362514589889152,-0.14897613396277484,0,0,8,pseudo_label_v2_cal_platt_wprop_conf90,-0.0100191672364529,-0.5899054474814265
tabpfn,jm1,source::jm1,M8_label_propagation,11,11,0,6.276260722453176,5.715889116024383,6.020321571936762,6.5762564038058535,11,0,0,label_prop_v3_t01_k15,6.849188414636945,2.436880377972693
tabpfn,jm1,source::jm1,M9_optimal_transport,9,9,0,-0.3767403361751552,-0.8691929768473069,-1.22918532730604,-0.2462530031798205,2,0,7,ot_disp_v2_selective_abs,0.540918121930881,-2.699638539676168
tabpfn,maternal_health_risk,source::maternal_health_risk,M14_groupby_aggregation,9,9,2,1.1291894113918035,1.7576501989774163,0.0,3.2342699443561167,6,3,0,targeted_groupby_top3,4.622899182257768,0.0
tabpfn,maternal_health_risk,source::maternal_health_risk,M14b_groupby_shift_features,6,6,2,0.0,0.7191124339162674,0.0,0.8103034943561163,2,4,0,groupby_shift_cohen_d__sel_combined_union,3.2342699443561167,0.0
tabpfn,maternal_health_risk,source::maternal_health_risk,M16_nearest_test_distance,7,7,0,-54.71566950202629,-54.14115979211754,-60.775588996673115,-50.962233280243495,0,0,7,nearest_test_k10_filter_both,-36.108880638099,-64.68792385086422
tabpfn,maternal_health_risk,source::maternal_health_risk,M17_test_directed_augmentation,12,12,0,10.6192986907973,10.425141763829933,8.872334981249447,12.516471983676832,12,0,0,tdda_k5_lam06_aug1,13.157813473858852,5.534339742637642
tabpfn,maternal_health_risk,source::maternal_health_risk,M18_leaf_density,8,8,0,-13.92683034497113,-16.99642269812801,-26.510669988411376,-6.0075256587109065,0,0,8,leaf_density_conf_deep,-2.7699701717597613,-36.08202675901379
tabpfn,maternal_health_risk,source::maternal_health_risk,M19_neighborhood_consensus,6,6,0,-138.76616320518812,-134.24043519058196,-140.5707286629721,-127.57522404988097,0,0,6,neighbor_consensus_k10_uniform,-117.2116839375602,-145.68143931521016
tabpfn,maternal_health_risk,source::maternal_health_risk,M1_frequency_encoding,6,6,4,1.0804046591414884,1.438224867832535,0.2701011647853721,2.6958036230524596,4,2,0,joint_freq_combined__sel_combined_union,3.2342699443561167,0.0
tabpfn,maternal_health_risk,source::maternal_health_risk,M20_cluster_membership,8,8,0,1.5748560845690207,0.9826005179811607,0.7904750828593308,2.1122580335247996,6,0,2,cluster_membership_k5_both,2.6017942117990245,-3.1064755124794483
tabpfn,maternal_health_risk,source::maternal_health_risk,M2_frequency_ratio,7,7,2,0.0,0.6163820862139435,0.0,0.5402023295707442,2,5,0,freq_ratio_log__sel_combined_union,3.2342699443561167,0.0
tabpfn,maternal_health_risk,source::maternal_health_risk,M3_joint_pca,4,4,0,-2.710309103030745,-2.1492614041306237,-2.710309103030745,-2.1492614041306237,0,0,4,joint_pca_10,-0.4661183074302596,-2.710309103030745
tabpfn,maternal_health_risk,source::maternal_health_risk,M3b_joint_tsne,3,3,0,-6.704163306464452,-8.205578085484662,-8.956664828053409,-6.703783953405811,0,0,3,joint_tsne_2d_p30,-6.703404600347168,-11.209166349642365
tabpfn,maternal_health_risk,source::maternal_health_risk,M4_target_encoding,12,12,2,0.0,0.3595562169581337,0.0,0.0,2,10,0,target_enc_ratio__sel_combined_union,3.2342699443561167,0.0
tabpfn,maternal_health_risk,source::maternal_health_risk,M5_joint_scaling,1,1,0,-1.602240741604761,-1.602240741604761,-1.602240741604761,-1.602240741604761,0,0,1,joint_scaling,-1.602240741604761,-1.602240741604761
tabpfn,maternal_health_risk,source::maternal_health_risk,M6_adversarial_validation,7,7,0,-12.103417407238684,-12.509398365983555,-13.241051583946726,-6.774806496902766,0,0,7,adversarial_lgbm_cal_iso_both_ratio,-3.776689908302013,-31.653965084645208
tabpfn,maternal_health_risk,source::maternal_health_risk,M7_pseudo_labeling,9,9,0,-0.1833884318800334,-1.1375830652210666,-0.1833884318800334,-0.0578066589182835,1,1,7,pseudo_label_lgbm_conf95_iter3,2.7406832768402603,-8.191417457470989
tabpfn,maternal_health_risk,source::maternal_health_risk,M8_label_propagation,11,11,0,-20.805163742798808,-19.65283146014634,-27.37127450915204,-8.569088601516313,1,0,10,label_prop_v3_adaptive,1.977499736819105,-43.193684703732856
tabpfn,maternal_health_risk,source::maternal_health_risk,M9_optimal_transport,9,9,0,-32.17060949331522,-31.165275636527195,-33.37423997788133,-24.45094817200298,0,0,9,ot_disp_v2_selective_abs,-18.756986350359124,-45.493162887158135
tabpfn,online_shoppers_intention,source::online_shoppers_intention,M14_groupby_aggregation,9,9,2,1.2786057862386966,1.0248811831880003,0.8975509392726868,1.4425727996693398,8,0,1,joint_groupby_combined__sel_combined_union,2.439290090215727,-1.1671980620445204
tabpfn,online_shoppers_intention,source::online_shoppers_intention,M14b_groupby_shift_features,6,6,2,0.554006354283363,0.9314112506079176,0.3539609825891822,1.0210596536703624,6,0,0,groupby_shift_cohen_d__sel_combined_union,2.7145525216665645,0.3018789945903966
tabpfn,online_shoppers_intention,source::online_shoppers_intention,M16_nearest_test_distance,7,7,0,3.225994836162163,3.2570555150273335,3.0373204645432965,3.5494366160802957,7,0,0,nearest_test_rel_k10_both,3.632880103052215,2.7669995047297733
tabpfn,online_shoppers_intention,source::online_shoppers_intention,M18_leaf_density,8,8,0,0.8106259609197309,0.7721891730110508,0.6342491153081558,1.0034275844177563,7,0,1,leaf_density_embed_k10_cumshift,1.4955813136002878,-0.0339164644219046
tabpfn,online_shoppers_intention,source::online_shoppers_intention,M19_neighborhood_consensus,6,6,0,-0.31962337001627683,-0.3596605208984469,-0.5035528058012692,-0.21478555697682442,0,0,6,neighbor_consensus_k10_dist_cumshift,-0.1281413440576607,-0.6458728042738602
tabpfn,online_shoppers_intention,source::online_shoppers_intention,M1_frequency_encoding,6,6,4,2.941410992303693,3.1139319926222186,1.832050609654031,4.339763236124797,6,0,0,joint_freq_separate__sel_combined_union,5.272550237359164,1.2600752675974545
tabpfn,online_shoppers_intention,source::online_shoppers_intention,M20_cluster_membership,8,8,0,1.9461536820140268,1.5947897796889752,0.2660252486739547,2.4009936850238294,7,0,1,cluster_membership_k10_weight,3.642875352501031,-0.1912574136112414
tabpfn,online_shoppers_intention,source::online_shoppers_intention,M2_frequency_ratio,7,7,2,0.5325558751289575,1.0233178099461888,0.5241890651971015,0.7224094615705514,7,0,0,freq_ratio_log__sel_combined_union,3.811334612875117,0.3261371280839425
tabpfn,online_shoppers_intention,source::online_shoppers_intention,M3_joint_pca,4,4,0,0.2234331323428032,0.16424777886472466,0.06311606955357547,0.3245648416539524,3,0,1,joint_pca_5,0.3430953602952047,-0.1329705095219124
tabpfn,online_shoppers_intention,source::online_shoppers_intention,M3b_joint_tsne,3,3,0,0.2968252167788632,0.4167307747740758,0.22977843115009544,0.5437303394004498,3,0,0,joint_tsne_2d_p50,0.7906354620220363,0.1627316455213277
tabpfn,online_shoppers_intention,source::online_shoppers_intention,M4_target_encoding,12,12,2,1.353850922539019,1.5589032778054317,1.2646236676277436,1.4201396414963081,12,0,0,target_enc_ratio__sel_combined_union,4.568839753690105,0.8800311761937474
tabpfn,online_shoppers_intention,source::online_shoppers_intention,M5_joint_scaling,1,1,0,0.083331180798433,0.083331180798433,0.083331180798433,0.083331180798433,1,0,0,joint_scaling,0.083331180798433,0.083331180798433
tabpfn,online_shoppers_intention,source::online_shoppers_intention,M6_adversarial_validation,7,7,0,1.344866428652526,2.035068084013387,1.2193642796737976,2.6402619878417806,7,0,0,adversarial_lgbm_both_ratio,4.048749863828842,1.1326077605811842
tabpfn,online_shoppers_intention,source::online_shoppers_intention,M8_label_propagation,11,11,0,-0.6183577917460423,-0.23526101435133215,-0.7029243404538219,0.37105959751721396,4,0,7,label_prop_k10_a05,0.907658494895051,-1.3840612832327497
tabpfn,online_shoppers_intention,source::online_shoppers_intention,M9_optimal_transport,9,9,0,2.249268044513677,2.118593572318426,1.5575743214180386,2.358205032888933,9,0,0,ot_disp_v2_selective_and_summary,3.1854523074988483,0.6774308390508674
tabpfn,polish_companies_bankruptcy,source::polish_companies_bankruptcy,M14_groupby_aggregation,9,9,2,0.0,1.6572274605541282,0.0,0.0,2,7,0,joint_groupby_combined__sel_combined_union,8.398180072022424,0.0
tabpfn,polish_companies_bankruptcy,source::polish_companies_bankruptcy,M14b_groupby_shift_features,6,6,2,0.0,2.4858411908311924,0.0,4.8876503047235484,2,4,0,groupby_shift_cohen_d__sel_combined_union,8.398180072022424,0.0
tabpfn,polish_companies_bankruptcy,source::polish_companies_bankruptcy,M16_nearest_test_distance,7,7,0,6.155184069911021,5.898697115698707,5.826302264902186,6.2212030926329955,7,0,0,nearest_test_rel_k5_both,6.454731218099078,4.58595380681049
tabpfn,polish_companies_bankruptcy,source::polish_companies_bankruptcy,M17_test_directed_augmentation,11,11,0,-30.832886898768507,-25.32569456346423,-33.777588023896016,-16.021094196837346,0,0,11,tdda_v2_k5_lam06_pfl_dw,-15.804613348857243,-35.11353391976251
tabpfn,polish_companies_bankruptcy,source::polish_companies_bankruptcy,M18_leaf_density,8,8,0,-12.117702972190669,-12.051409632508792,-18.7092829296014,-5.942543074981081,1,0,7,leaf_density_embed_k5,0.5028938175560862,-23.17239426039549
tabpfn,polish_companies_bankruptcy,source::polish_companies_bankruptcy,M19_neighborhood_consensus,6,6,0,-3.6417389119752928,-3.619715714131573,-3.9376575511372147,-2.5188428968253325,0,0,6,neighbor_consensus_k20_dist,-1.7535040536783768,-6.500471084527273
tabpfn,polish_companies_bankruptcy,source::polish_companies_bankruptcy,M1_frequency_encoding,6,6,4,6.516867072964731,4.971682381662385,1.6292167682411827,7.927851822258001,4,2,0,joint_freq_combined__sel_combined_union,8.398180072022424,0.0
tabpfn,polish_companies_bankruptcy,source::polish_companies_bankruptcy,M20_cluster_membership,8,8,0,-2.0184806117288536,-1.6574393696102019,-2.8596971104910485,-0.6527570501248796,2,0,6,cluster_membership_k10_feature_cumshift,2.282835616336925,-6.213573437472933
tabpfn,polish_companies_bankruptcy,source::polish_companies_bankruptcy,M2_frequency_ratio,7,7,2,0.0,2.1307210207124507,0.0,3.2584335364823653,2,5,0,freq_ratio_log__sel_combined_union,8.398180072022424,0.0
tabpfn,polish_companies_bankruptcy,source::polish_companies_bankruptcy,M3_joint_pca,4,4,0,1.5403872521783992,3.6305534774337005,-0.35244840679392964,5.5233891364060295,3,0,1,joint_pca_5,14.765225385568089,-3.323785980190084
tabpfn,polish_companies_bankruptcy,source::polish_companies_bankruptcy,M3b_joint_tsne,3,3,0,-18.50220225709256,-21.486030406205675,-24.460935844336944,-17.019210893517844,0,0,3,joint_tsne_2d_p30,-15.536219529943132,-30.419669431581333
tabpfn,polish_companies_bankruptcy,source::polish_companies_bankruptcy,M4_target_encoding,12,12,2,0.0,1.2429205954155962,0.0,0.0,2,10,0,target_enc_ratio__sel_combined_union,8.398180072022424,0.0
tabpfn,polish_companies_bankruptcy,source::polish_companies_bankruptcy,M5_joint_scaling,1,1,0,-2.596169201866273,-2.596169201866273,-2.596169201866273,-2.596169201866273,0,0,1,joint_scaling,-2.596169201866273,-2.596169201866273
tabpfn,polish_companies_bankruptcy,source::polish_companies_bankruptcy,M6_adversarial_validation,7,7,0,-0.7812913359834885,-0.899936617072723,-1.0511606050829032,-0.3358553300948005,1,0,6,adversarial_logreg_feature,0.8228844108013761,-3.5671175239715405
tabpfn,polish_companies_bankruptcy,source::polish_companies_bankruptcy,M7_pseudo_labeling,9,9,0,-15.935196454863622,-14.957282655560359,-16.282939243431297,-12.598159027529766,0,0,9,pseudo_label_v2_cal_iso_wfixed_conf90,-12.598159027529766,-16.988874240781495
tabpfn,polish_companies_bankruptcy,source::polish_companies_bankruptcy,M8_label_propagation,11,11,0,-1.4416817817237364,-1.3618308814702642,-2.2611927294623007,-0.2252115095908174,3,0,8,label_prop_v3_t01_k15,1.4895306529470582,-4.848598437037067
tabpfn,polish_companies_bankruptcy,source::polish_companies_bankruptcy,M9_optimal_transport,9,9,0,-3.846881611966195,-14.65791654696924,-12.597383955031844,-0.2584819697930108,2,0,7,ot_disp_v2_selective_top10,2.3072474393680458,-65.83447170630077
tabpfn,qsar-biodeg,source::qsar-biodeg,M14_groupby_aggregation,7,7,2,-1.935687742156932,-1.4866395856376822,-3.619524035827695,0.6673960251611333,3,0,4,joint_groupby_mean_only,1.0971729932738985,-3.663706329247617
tabpfn,qsar-biodeg,source::qsar-biodeg,M14b_groupby_shift_features,6,6,2,0.07999016521141214,0.2507513602591044,-0.5940888959294706,1.1302994000118758,3,0,3,groupby_shift_cohen_d__sel_combined_union,1.8239737826973368,-1.141066513534467
tabpfn,qsar-biodeg,source::qsar-biodeg,M16_nearest_test_distance,7,7,0,1.155257651663613,1.0336900447986817,-0.19879969373552325,2.073020006204494,5,0,2,nearest_test_k5_both,3.458264852841226,-1.1261328158520096
tabpfn,qsar-biodeg,source::qsar-biodeg,M17_test_directed_augmentation,12,12,0,-8.74471132584835,-8.55778570941396,-10.482919480142304,-4.702299624430087,0,0,12,tdda_v2_k5_lam07_pfl_dw_cumshift,-4.3721081430731,-18.00294383609578
tabpfn,qsar-biodeg,source::qsar-biodeg,M18_leaf_density,8,8,0,0.3357606780063736,-0.14641830524809274,-2.2340935493027,2.152329491825194,4,0,4,leaf_density_conf_cumshift,2.8883091423933003,-4.301152452426639
tabpfn,qsar-biodeg,source::qsar-biodeg,M19_neighborhood_consensus,6,6,0,-12.256481719833957,-12.321276916408692,-12.941864187507898,-9.321700725398106,0,0,6,neighbor_consensus_k10_uniform,-7.847946905341651,-20.05298574945722
tabpfn,qsar-biodeg,source::qsar-biodeg,M1_frequency_encoding,6,6,4,0.2960337419059551,0.7021725642395863,0.0502465297717374,1.0413160135442054,4,0,2,joint_freq_separate,2.7746150241249765,-0.4117080189833226
tabpfn,qsar-biodeg,source::qsar-biodeg,M20_cluster_membership,8,8,0,2.4721045127819554,2.1621065259433907,1.30649228068085,2.843776195850949,7,0,1,cluster_membership_k10_both_cumshift,4.74099522781742,-0.3722698560424989
tabpfn,qsar-biodeg,source::qsar-biodeg,M2_frequency_ratio,7,7,2,0.7716018824708111,1.3211548851931632,0.4387701893691078,2.641738117397002,6,0,1,freq_ratio_v2_diff_gated,2.942103456697268,-0.6266377563481569
tabpfn,qsar-biodeg,source::qsar-biodeg,M3_joint_pca,4,4,0,1.0120261644983484,0.8502513151554427,0.7618248483528542,1.1004526313009368,4,0,0,joint_pca_10,1.285288080104001,0.0916648515210739
tabpfn,qsar-biodeg,source::qsar-biodeg,M3b_joint_tsne,3,3,0,0.1710362171045018,1.0531694641909717,0.051855408803662045,1.6134168960350466,2,0,1,joint_tsne_2d_p50,3.0557975749655912,-0.0673253994971777
tabpfn,qsar-biodeg,source::qsar-biodeg,M4_target_encoding,12,12,2,0.27903737879761203,-0.17748548433590372,-1.713291155950818,1.2403013471680198,7,0,5,target_enc_absolute,1.8469106222318736,-2.2883210233461244
tabpfn,qsar-biodeg,source::qsar-biodeg,M5_joint_scaling,1,1,0,0.399909572747693,0.399909572747693,0.399909572747693,0.399909572747693,1,0,0,joint_scaling,0.399909572747693,0.399909572747693
tabpfn,qsar-biodeg,source::qsar-biodeg,M6_adversarial_validation,7,7,0,0.1494194834425788,0.5132029445904692,-0.6462743312013675,1.824138795931448,4,0,3,adversarial_lgbm_cal_iso_both_ratio,1.9832940601836864,-0.8960218609531421
tabpfn,qsar-biodeg,source::qsar-biodeg,M7_pseudo_labeling,9,9,0,-1.6619307868492064,-1.2553290107199873,-3.128815931037662,2.2816379873665467,3,0,6,pseudo_label_v2_cal_iso_wfixed_conf90,2.2816379873665467,-5.92067483812199
tabpfn,qsar-biodeg,source::qsar-biodeg,M8_label_propagation,11,11,0,-1.5715860412004423,-1.247087516418828,-1.8108964838979955,-0.5065081219513536,1,0,10,label_prop_k10_a05,0.2155897903010736,-2.44153581117204
tabpfn,qsar-biodeg,source::qsar-biodeg,M9_optimal_transport,9,9,0,-3.353233929361176,-5.520911943804584,-5.358392243057889,-0.1003280463093474,2,0,7,ot_disp_v2_selective_and_summary_abs,1.1828973683689308,-18.936176181329905
tabpfn,seismic-bumps,source::seismic-bumps,M14_groupby_aggregation,9,9,2,0.0452794300009499,0.5225834373114875,-0.7385939810279151,1.7217004408669314,5,0,4,joint_groupby_combined__sel_combined_union,3.646931068392967,-0.8235072721664589
tabpfn,seismic-bumps,source::seismic-bumps,M14b_groupby_shift_features,6,6,2,2.438079157180176,1.9187443808143554,1.3630446821935112,2.7074433113764296,6,0,0,groupby_shift_ratio_log,2.755838316908429,0.0785384336442147
tabpfn,seismic-bumps,source::seismic-bumps,M16_nearest_test_distance,7,7,0,-0.487267350508715,-0.41114781123342337,-0.6397948765937742,-0.39258316933042614,1,0,6,nearest_test_k5_both,0.3522504245155457,-0.6782616607923937
tabpfn,seismic-bumps,source::seismic-bumps,M17_test_directed_augmentation,12,12,0,-5.577865923395966,-5.531641848293327,-7.189701972106309,-1.8260831569002578,0,0,12,tdda_k10_lam07_aug1,-1.6760650434359168,-11.411234999282255
tabpfn,seismic-bumps,source::seismic-bumps,M18_leaf_density,8,8,0,-0.426705702343807,-0.2424616861943184,-0.8050787149688303,0.4941807127202639,3,0,5,leaf_density_conf_shallow,1.2410729872606998,-1.6420691499232016
tabpfn,seismic-bumps,source::seismic-bumps,M19_neighborhood_consensus,6,6,0,-8.84297445111037,-7.493005500543948,-9.29382147159455,-6.754603498593071,0,0,6,neighbor_consensus_k20_dist,-1.8495684738217304,-9.9199319677113
tabpfn,seismic-bumps,source::seismic-bumps,M1_frequency_encoding,6,6,4,0.1333280885744171,0.4083629100628225,-0.027731971073625017,0.2849356855343863,4,0,2,joint_freq_separate,1.996400449315229,-0.066932059651865
tabpfn,seismic-bumps,source::seismic-bumps,M20_cluster_membership,8,8,0,-0.8008156392732806,-0.9179908989712451,-1.318022690362192,-0.5803239702894089,0,0,8,cluster_membership_k10_weight,-0.4325869095986365,-1.4792316912576962
tabpfn,seismic-bumps,source::seismic-bumps,M2_frequency_ratio,7,7,2,0.1579870080263778,0.11742407476456594,-0.628292553516197,0.6564590142471431,4,0,3,freq_ratio_v2_both_gated,1.7973016412442204,-1.189653047380529
tabpfn,seismic-bumps,source::seismic-bumps,M3_joint_pca,4,4,0,0.6624777608917648,0.8800047676114677,0.609048978625734,0.9334335498774985,4,0,0,joint_pca_10,1.7463009168346997,0.4487626318276418
tabpfn,seismic-bumps,source::seismic-bumps,M3b_joint_tsne,3,3,0,0.2565862572574861,0.06576825746024136,-0.14810073692400938,0.37504625174311446,2,0,1,joint_tsne_2d_p50,0.4935062462287429,-0.5527877311055048
tabpfn,seismic-bumps,source::seismic-bumps,M4_target_encoding,12,12,2,0.3654285338288595,0.29447621980424893,-0.8342449536834025,1.3172939754095618,6,0,6,target_enc_oof_absolute,1.6587018069758712,-0.8342449536834025
tabpfn,seismic-bumps,source::seismic-bumps,M5_joint_scaling,1,1,0,0.4691745385784847,0.4691745385784847,0.4691745385784847,0.4691745385784847,1,0,0,joint_scaling,0.4691745385784847,0.4691745385784847
tabpfn,seismic-bumps,source::seismic-bumps,M6_adversarial_validation,7,7,0,-0.1205775847779577,0.0872765796824242,-0.2444749028777794,0.4978598196875369,3,0,4,adversarial_lgbm_cal_iso_both_ratio,0.5551719384214177,-0.3304281294860056
tabpfn,seismic-bumps,source::seismic-bumps,M7_pseudo_labeling,9,9,0,-0.6761760530693407,-0.7050314218480628,-0.8126390788198761,-0.56169552203384,0,0,9,pseudo_label_v2_cal_iso_wfixed_conf90,-0.56169552203384,-1.0570637848400364
tabpfn,seismic-bumps,source::seismic-bumps,M8_label_propagation,11,11,0,-0.6997026031238541,-0.8536315146486093,-0.8721985825778509,-0.1543724757309051,2,0,9,label_prop_weighted_k15_a08,0.49441767774302,-4.329833356959822
tabpfn,seismic-bumps,source::seismic-bumps,M9_optimal_transport,9,9,0,-2.0921685957782765,-1.7036572043094744,-2.232917142390671,-1.442799672536377,0,0,9,ot_disp_v2_summary_only,-0.2923974125602414,-2.663817294154722
tabpfn,splice,source::splice,M14_groupby_aggregation,9,0,2,,,,,0,0,0,,,
tabpfn,splice,source::splice,M14b_groupby_shift_features,6,0,2,,,,,0,0,0,,,
tabpfn,splice,source::splice,M16_nearest_test_distance,7,0,0,,,,,0,0,0,,,
tabpfn,splice,source::splice,M17_test_directed_augmentation,12,0,0,,,,,0,0,0,,,
tabpfn,splice,source::splice,M18_leaf_density,8,0,0,,,,,0,0,0,,,
tabpfn,splice,source::splice,M19_neighborhood_consensus,6,0,0,,,,,0,0,0,,,
tabpfn,splice,source::splice,M1_frequency_encoding,6,0,4,,,,,0,0,0,,,
tabpfn,splice,source::splice,M20_cluster_membership,8,0,0,,,,,0,0,0,,,
tabpfn,splice,source::splice,M2_frequency_ratio,7,0,2,,,,,0,0,0,,,
tabpfn,splice,source::splice,M3_joint_pca,4,0,0,,,,,0,0,0,,,
tabpfn,splice,source::splice,M3b_joint_tsne,3,0,0,,,,,0,0,0,,,
tabpfn,splice,source::splice,M4_target_encoding,12,0,2,,,,,0,0,0,,,
tabpfn,splice,source::splice,M5_joint_scaling,1,0,0,,,,,0,0,0,,,
tabpfn,splice,source::splice,M6_adversarial_validation,7,0,0,,,,,0,0,0,,,
tabpfn,splice,source::splice,M7_pseudo_labeling,9,0,0,,,,,0,0,0,,,
tabpfn,splice,source::splice,M8_label_propagation,11,0,0,,,,,0,0,0,,,
tabpfn,splice,source::splice,M9_optimal_transport,9,0,0,,,,,0,0,0,,,
tabpfn,students_dropout_and_academic_success,source::students_dropout_and_academic_success,M14_groupby_aggregation,7,7,2,0.2905088114904489,0.11988507768452908,-0.34591083492897073,0.7972965160134636,4,0,3,targeted_groupby_top3_shifted_agg,1.1859673024528912,-1.5400519323206223
tabpfn,students_dropout_and_academic_success,source::students_dropout_and_academic_success,M14b_groupby_shift_features,6,6,2,-2.743879162916188,-2.2210456534579475,-3.1012018678032827,-1.6896376418413628,1,0,5,groupby_shift_cohen_d__sel_combined_intersection,0.3104825744441191,-3.5904649317773583
tabpfn,students_dropout_and_academic_success,source::students_dropout_and_academic_success,M16_nearest_test_distance,7,7,0,-0.9985796584803364,-0.895652865302452,-1.1088930366372254,-0.8300905631152411,0,0,7,nearest_test_rel_k10_cumshift_both,-0.1075467145538264,-1.2854764845780686
tabpfn,students_dropout_and_academic_success,source::students_dropout_and_academic_success,M17_test_directed_augmentation,12,12,0,-3.382555627407847,-3.565693737771602,-3.5891902590868843,-2.446469951564945,0,0,12,tdda_k5_lam06_aug1,-1.5686230123867586,-9.66535380722009
tabpfn,students_dropout_and_academic_success,source::students_dropout_and_academic_success,M18_leaf_density,8,8,0,-1.5986736854535344,-1.555880406678314,-1.7148367656431212,-1.4943350497910035,0,0,8,leaf_density_conf_cumshift,-1.0031323191601431,-1.8882194106526409
tabpfn,students_dropout_and_academic_success,source::students_dropout_and_academic_success,M19_neighborhood_consensus,6,6,0,-2.669568002774548,-2.638636535731156,-2.81175518019558,-2.4633244172627835,0,0,6,neighbor_consensus_k5_dist_cumshift,-2.334768518295488,-2.9041872291142323
tabpfn,students_dropout_and_academic_success,source::students_dropout_and_academic_success,M1_frequency_encoding,6,6,4,-0.23383272983072378,-0.12634453616608296,-0.2595858275183649,0.0953832718837585,2,0,4,joint_freq_combined__sel_combined_intersection,0.3499083504032411,-0.5772618534459653
tabpfn,students_dropout_and_academic_success,source::students_dropout_and_academic_success,M20_cluster_membership,8,8,0,-0.9088172786874775,-0.9151715523697871,-1.1224257108503286,-0.8349959342411412,0,0,8,cluster_membership_k10_weight,-0.1845689285066995,-1.356926154061726
tabpfn,students_dropout_and_academic_success,source::students_dropout_and_academic_success,M2_frequency_ratio,7,7,2,-0.8238167467552322,-0.7115174279860546,-1.0044554715957899,-0.3769467211274409,1,0,6,freq_ratio_log__sel_combined_intersection,0.1298819438100155,-1.5238828075107038
tabpfn,students_dropout_and_academic_success,source::students_dropout_and_academic_success,M3_joint_pca,4,4,0,-0.855852562921036,-0.9190487537688554,-0.9264515975618544,-0.848449719128037,0,0,4,joint_pca_5,-0.8262411877490401,-1.1382487014843097
tabpfn,students_dropout_and_academic_success,source::students_dropout_and_academic_success,M3b_joint_tsne,3,3,0,-1.5277580521477268,-1.6107355602357354,-1.6644551776828187,-1.515527188744648,0,0,3,joint_tsne_2d_p50,-1.5032963253415694,-1.8011523032179106
tabpfn,students_dropout_and_academic_success,source::students_dropout_and_academic_success,M4_target_encoding,12,12,2,0.6950602677087916,0.5370299622673051,0.367867724193811,0.7923993480447147,11,0,1,target_enc_oof_ratio_cap5,0.8590454338188058,-0.2123997916004633
tabpfn,students_dropout_and_academic_success,source::students_dropout_and_academic_success,M5_joint_scaling,1,1,0,-0.0294815857871912,-0.0294815857871912,-0.0294815857871912,-0.0294815857871912,0,0,1,joint_scaling,-0.0294815857871912,-0.0294815857871912
tabpfn,students_dropout_and_academic_success,source::students_dropout_and_academic_success,M6_adversarial_validation,7,7,0,-0.7184413092489045,-0.6968598695114149,-0.7628099767779206,-0.6300467574202588,0,0,7,adversarial_lgbm_both_ratio,-0.2780706586776198,-1.0957936502570211
tabpfn,students_dropout_and_academic_success,source::students_dropout_and_academic_success,M7_pseudo_labeling,9,9,0,0.1571559497674584,0.14012396915736097,-0.0018002377446172,0.795784218471351,6,0,3,pseudo_label_v2_cal_iso_wfixed_conf90,0.795784218471351,-1.266703384731452
tabpfn,students_dropout_and_academic_success,source::students_dropout_and_academic_success,M8_label_propagation,11,11,0,-1.4222804029419291,-1.6673121789372767,-2.139631369113744,-1.221223035692108,0,0,11,label_prop_weighted_k15_a08,-0.9542596275935968,-2.854812763159724
tabpfn,students_dropout_and_academic_success,source::students_dropout_and_academic_success,M9_optimal_transport,9,9,0,-0.5240915993323425,-0.7074814454634735,-0.6555234394751936,-0.2677360299697564,0,0,9,ot_disp_v2_selective_and_summary_abs,-0.0475559427923817,-1.7967270952032457
tabpfn,synthetic_large_test,source::synthetic_generator,M14_groupby_aggregation,9,9,2,-0.4325600993233403,-0.585949396718809,-0.8497453881478363,-0.3525713590820495,0,0,9,joint_groupby_combined,-0.1466913854309614,-1.0119461916433388
tabpfn,synthetic_large_test,source::synthetic_generator,M14b_groupby_shift_features,6,6,2,-0.4736267336141019,-0.4584776917398063,-0.5853058704131893,-0.3784617290335323,0,0,6,groupby_shift_cohen_d__sel_combined_intersection,-0.2206648090384567,-0.6136755639859494
tabpfn,synthetic_large_test,source::synthetic_generator,M16_nearest_test_distance,7,7,0,-0.2873172226243562,-0.29290390561928914,-0.3104828563804096,-0.25396015458463495,0,0,7,nearest_test_k5_both,-0.2145995891120512,-0.4195245056685271
tabpfn,synthetic_large_test,source::synthetic_generator,M17_test_directed_augmentation,11,11,0,-10.884365469127712,-10.448406573538673,-11.217933523035864,-9.86916998217138,0,0,11,tdda_k5_lam08_aug1,-7.775579771201298,-12.1449892891775
tabpfn,synthetic_large_test,source::synthetic_generator,M18_leaf_density,8,8,0,-1.0395351613347115,-1.0733985672239301,-1.1536663719308142,-0.9835437490347564,0,0,8,leaf_density_conf,-0.8158144322423473,-1.4309992425205158
tabpfn,synthetic_large_test,source::synthetic_generator,M19_neighborhood_consensus,6,6,0,-4.564303872705654,-4.58870767719259,-4.804999600773637,-4.361074272777719,0,0,6,neighbor_consensus_k5_dist_cumshift,-4.124205421388673,-5.100870313424188
tabpfn,synthetic_large_test,source::synthetic_generator,M1_frequency_encoding,6,6,4,-0.19200784322172004,-0.17218233752625242,-0.2162076570561441,-0.1387128502817047,0,0,6,joint_freq_separate,-0.0831914153729661,-0.2206648090384567
tabpfn,synthetic_large_test,source::synthetic_generator,M20_cluster_membership,8,8,0,-0.3386828130959036,-0.43831268497050707,-0.5110411527503358,-0.2958143252129204,0,0,8,cluster_membership_k15_both,-0.221616583021777,-0.8579012933882958
tabpfn,synthetic_large_test,source::synthetic_generator,M2_frequency_ratio,7,7,2,0.0314269268712206,-0.016113932669101716,-0.16137345943281955,0.15842259894250435,4,0,3,freq_ratio_v2_ratio_gated,0.1736112570272137,-0.3119339916015159
tabpfn,synthetic_large_test,source::synthetic_generator,M3_joint_pca,4,4,0,0.0139315547449885,0.0139315547449885,0.0139315547449885,0.0139315547449885,4,0,0,joint_pca_10,0.0139315547449885,0.0139315547449885
tabpfn,synthetic_large_test,source::synthetic_generator,M3b_joint_tsne,3,3,0,-0.7291816595418316,-0.6940650626872976,-0.7643639733421782,-0.641324450459684,0,0,3,joint_tsne_2d_p50,-0.5534672413775366,-0.7995462871425248
tabpfn,synthetic_large_test,source::synthetic_generator,M4_target_encoding,12,12,2,-0.2270271505429876,-0.2600528705687224,-0.34214542856949226,-0.174032233981274,1,0,11,target_enc_ratio__sel_combined_union,0.1064854187831799,-0.5387467549727718
tabpfn,synthetic_large_test,source::synthetic_generator,M5_joint_scaling,1,1,0,-0.4608851425815889,-0.4608851425815889,-0.4608851425815889,-0.4608851425815889,0,0,1,joint_scaling,-0.4608851425815889,-0.4608851425815889
tabpfn,synthetic_large_test,source::synthetic_generator,M6_adversarial_validation,7,7,0,-0.4633451779235998,-0.4820268788889957,-0.5965135918183845,-0.37290087708978875,0,0,7,adversarial_lgbm_cal_iso_both_ratio,-0.2963129477507307,-0.6757010887322928
tabpfn,synthetic_large_test,source::synthetic_generator,M7_pseudo_labeling,4,4,0,-3.716344497137634,-2.7930663610046143,-3.716344497137634,-2.7930663610046143,0,0,4,pseudo_label_v2_cal_platt_wprop_conf90,-0.0232319526055552,-3.716344497137634
tabpfn,synthetic_large_test,source::synthetic_generator,M8_label_propagation,11,11,0,-1.031856292174817,-1.0113842423643888,-1.1423998007545304,-0.8253129658735168,0,0,11,label_prop_weighted_adaptive_a05,-0.6433417582348426,-1.3867445429435847
tabpfn,synthetic_large_test,source::synthetic_generator,M9_optimal_transport,9,9,0,-1.0631321959234714,-0.7396234857852553,-1.0964843392961412,-0.3948282853964023,1,0,8,ot_disp_v2_summary_only,0.059371457522856,-1.1909936244603676
tabpfn,synthetic_shift_0.0,source::synthetic_generator,M14_groupby_aggregation,9,9,2,-0.8405666195287891,-0.884769839210598,-0.8458574613355505,-0.6795895830520347,0,0,9,joint_groupby_combined__sel_combined_union,-0.3870271945036214,-1.9239786453158825
tabpfn,synthetic_shift_0.0,source::synthetic_generator,M14b_groupby_shift_features,6,6,2,-0.5063377935834654,-0.6241965856716178,-0.7671466659442767,-0.5006829418604033,0,0,6,groupby_shift_cohen_d__sel_combined_intersection,-0.3041683791357958,-1.075454599709717
tabpfn,synthetic_shift_0.0,source::synthetic_generator,M16_nearest_test_distance,7,7,0,-0.3727630849925083,-0.36106276625404743,-0.3934439274468805,-0.31840285993279,0,0,7,nearest_test_rel_k5_both,-0.2565169414871298,-0.4744657625393532
tabpfn,synthetic_shift_0.0,source::synthetic_generator,M18_leaf_density,8,8,0,-0.421404968227427,-0.40283517165393357,-0.464605749748234,-0.33512615271568547,0,0,8,leaf_density_embed_k5,-0.239196841748344,-0.5575954690076689
tabpfn,synthetic_shift_0.0,source::synthetic_generator,M19_neighborhood_consensus,6,6,0,-4.717877500504715,-4.837268520380085,-5.71413878005037,-4.0430793037929185,0,0,6,neighbor_consensus_k20_dist,-3.678675748855137,-6.044807927628033
tabpfn,synthetic_shift_0.0,source::synthetic_generator,M1_frequency_encoding,6,6,4,-0.40873234393178465,-0.4325185578039819,-0.5254461978529376,-0.33507112796084393,0,0,6,joint_freq_combined,-0.190732730798162,-0.7120457230316416
tabpfn,synthetic_shift_0.0,source::synthetic_generator,M20_cluster_membership,8,8,0,-0.3324722664654201,-0.34815961242253535,-0.4176611685649464,-0.30582123811622564,0,0,8,cluster_membership_k10_both,-0.2602501594659359,-0.4383102659684327
tabpfn,synthetic_shift_0.0,source::synthetic_generator,M2_frequency_ratio,7,7,2,-0.23537050495367,-0.22594494585832645,-0.24353956470336735,-0.2048233006979578,0,0,7,freq_ratio_v2_both_gated,-0.1264722825495196,-0.3230461027024452
tabpfn,synthetic_shift_0.0,source::synthetic_generator,M3_joint_pca,4,4,0,-0.2047344145556238,-0.2047344145556238,-0.2047344145556238,-0.2047344145556238,0,0,4,joint_pca_10,-0.2047344145556238,-0.2047344145556238
tabpfn,synthetic_shift_0.0,source::synthetic_generator,M3b_joint_tsne,3,3,0,-0.1705852051978624,-0.1819428789431139,-0.2029820877492085,-0.1552248332643935,0,0,3,joint_tsne_2d_p30,-0.1398644613309246,-0.2353789703005546
tabpfn,synthetic_shift_0.0,source::synthetic_generator,M4_target_encoding,12,12,2,-0.526845096426612,-0.48974641912296946,-0.5874781435324828,-0.494418585161147,0,0,12,target_enc_ratio__sel_combined_intersection,-0.1754951063945883,-0.6154053229254451
tabpfn,synthetic_shift_0.0,source::synthetic_generator,M5_joint_scaling,1,1,0,-0.1630425811181056,-0.1630425811181056,-0.1630425811181056,-0.1630425811181056,0,0,1,joint_scaling,-0.1630425811181056,-0.1630425811181056
tabpfn,synthetic_shift_0.0,source::synthetic_generator,M6_adversarial_validation,7,7,0,-0.4662797720959096,-0.4932443206138606,-0.5743568558516137,-0.4594736331956617,0,0,7,adversarial_logreg_feature,-0.3237741225350237,-0.59499537157154
tabpfn,synthetic_shift_0.0,source::synthetic_generator,M7_pseudo_labeling,1,1,0,0.0,0.0,0.0,0.0,0,1,0,pseudo_label_v2_cal_platt_wprop_conf90,0.0,0.0
tabpfn,synthetic_shift_0.0,source::synthetic_generator,M8_label_propagation,11,11,0,-0.5924134407698166,-0.6757232282538479,-0.752260353436631,-0.4983253427512704,0,0,11,label_prop_weighted_k15_a05,-0.3087058050692334,-1.4661388240701831
tabpfn,synthetic_shift_0.0,source::synthetic_generator,M9_optimal_transport,9,9,0,-0.3783332832466902,-0.44110194925427276,-0.5421292802381197,-0.3744053622893095,0,0,9,ot_displacement_no_mag,-0.3586090249909865,-0.5852517573001411
tabpfn,synthetic_shift_0.5,source::synthetic_generator,M14_groupby_aggregation,9,9,2,-0.8369339501522844,-0.7899140564031666,-0.9109327468529458,-0.4010466000072198,0,0,9,joint_groupby_combined__sel_combined_intersection,-0.20466000912674,-1.8632829813938387
tabpfn,synthetic_shift_0.5,source::synthetic_generator,M14b_groupby_shift_features,6,6,2,-0.8086321402224037,-0.6203341805817071,-0.8443044318895112,-0.32784574719838433,0,0,6,groupby_shift_cohen_d__sel_combined_intersection,-0.1347853224351859,-0.9461766686413242
tabpfn,synthetic_shift_0.5,source::synthetic_generator,M16_nearest_test_distance,7,7,0,-0.4986057400387394,-0.5278764818372659,-0.6010743348570308,-0.431486059626184,0,0,7,nearest_test_rel_k5_both,-0.3770326885694595,-0.754376155286233
tabpfn,synthetic_shift_0.5,source::synthetic_generator,M18_leaf_density,8,8,0,-0.4699007584582098,-0.4751545890298823,-0.6059207940733994,-0.34092362761419714,0,0,8,leaf_density_embed_k5,-0.2897712244465235,-0.6818472552283943
tabpfn,synthetic_shift_0.5,source::synthetic_generator,M19_neighborhood_consensus,6,6,0,-4.7929633779870695,-4.701405615962665,-5.160296848566781,-4.130035792403179,0,0,6,neighbor_consensus_k20_dist,-3.972063900354725,-5.458641770145223
tabpfn,synthetic_shift_0.5,source::synthetic_generator,M1_frequency_encoding,6,6,4,-0.2839000372849587,-0.3089722743055288,-0.3324045266432899,-0.24327629378410168,0,0,6,joint_freq_combined__sel_combined_intersection,-0.0637515172482617,-0.6439743183017771
tabpfn,synthetic_shift_0.5,source::synthetic_generator,M20_cluster_membership,8,8,0,-0.36028846595617725,-0.35069319065755594,-0.39656551509920035,-0.273835444986826,0,0,8,cluster_membership_k10_both_cumshift,-0.2491516806503562,-0.4962539054103432
tabpfn,synthetic_shift_0.5,source::synthetic_generator,M2_frequency_ratio,7,7,2,0.0238459232501264,-0.07085981742103704,-0.08075192184782275,0.0381669162551262,4,0,3,freq_ratio_log,0.0669852898624159,-0.5016799238744085
tabpfn,synthetic_shift_0.5,source::synthetic_generator,M3_joint_pca,4,4,0,-0.2025853550081404,-0.2025853550081404,-0.2025853550081404,-0.2025853550081404,0,0,4,joint_pca_10,-0.2025853550081404,-0.2025853550081404
tabpfn,synthetic_shift_0.5,source::synthetic_generator,M3b_joint_tsne,3,3,0,-0.3152382337083476,-0.27371715330459845,-0.34356524186641274,-0.22462960494465872,0,0,3,joint_tsne_2d_p30,-0.1340209761809699,-0.3718922500244779
tabpfn,synthetic_shift_0.5,source::synthetic_generator,M4_target_encoding,12,12,2,-0.37460525925655663,-0.3310256236022235,-0.3985750737951097,-0.3212270126013852,0,0,12,target_enc_ratio__sel_combined_intersection,-0.0006299557040075,-0.4269167809195773
tabpfn,synthetic_shift_0.5,source::synthetic_generator,M5_joint_scaling,1,1,0,-0.1776055114908281,-0.1776055114908281,-0.1776055114908281,-0.1776055114908281,0,0,1,joint_scaling,-0.1776055114908281,-0.1776055114908281
tabpfn,synthetic_shift_0.5,source::synthetic_generator,M6_adversarial_validation,7,7,0,-0.2256165355476361,-0.23867041765086716,-0.2361325961003144,-0.17915100281806517,0,0,7,adversarial_lgbm_both_ratio,-0.160109541737422,-0.454399648434253
tabpfn,synthetic_shift_0.5,source::synthetic_generator,M7_pseudo_labeling,1,1,0,0.0,0.0,0.0,0.0,0,1,0,pseudo_label_v2_cal_platt_wprop_conf90,0.0,0.0
tabpfn,synthetic_shift_0.5,source::synthetic_generator,M8_label_propagation,11,11,0,-0.6920357388149536,-0.8006668275840361,-0.9396503275475676,-0.6136902477564699,0,0,11,label_prop_weighted_k10_a05,-0.4626226702242831,-1.3278626300112537
tabpfn,synthetic_shift_0.5,source::synthetic_generator,M9_optimal_transport,9,9,0,-0.8907573655050246,-0.8516646476819179,-1.135994921381035,-0.5215613258937284,0,0,9,ot_disp_v2_summary_only,-0.4346442375557162,-1.2047188889865523
tabpfn,synthetic_shift_1.0,source::synthetic_generator,M14_groupby_aggregation,9,9,2,-0.659438878452674,-0.7417908800503046,-0.8741159440815769,-0.2179910773943334,0,0,9,targeted_groupby_top3,-0.1223299019571818,-1.8790941338447105
tabpfn,synthetic_shift_1.0,source::synthetic_generator,M14b_groupby_shift_features,6,6,2,-0.5552618469120092,-0.4616904774015706,-0.6752154705323891,-0.24067804350975291,0,0,6,groupby_shift_cohen_d__sel_combined_intersection,-0.0606497128310091,-0.7479526703062128
tabpfn,synthetic_shift_1.0,source::synthetic_generator,M16_nearest_test_distance,7,7,0,-0.308194850371968,-0.3191273205987612,-0.34671817619214296,-0.2866537738968744,0,0,7,nearest_test_rel_k5_both,-0.2792673198127344,-0.3796851738285913
tabpfn,synthetic_shift_1.0,source::synthetic_generator,M18_leaf_density,8,8,0,-0.38426873238968995,-0.3837359761450627,-0.513422448373773,-0.26413786684645385,0,0,8,leaf_density_embed_k10_cumshift,-0.1878929257637557,-0.5698204160107344
tabpfn,synthetic_shift_1.0,source::synthetic_generator,M19_neighborhood_consensus,6,6,0,-4.151521069571746,-3.9513888333576763,-4.290886805641398,-3.416783227275353,0,0,6,neighbor_consensus_k5_dist_cumshift,-2.958802464536569,-4.937275732291496
tabpfn,synthetic_shift_1.0,source::synthetic_generator,M1_frequency_encoding,6,6,4,0.034788879726362396,-0.013816626166193733,-0.07641806110028196,0.18256124141231392,3,0,3,joint_freq_combined__sel_combined_intersection,0.208362306891806,-0.4791714772734942
tabpfn,synthetic_shift_1.0,source::synthetic_generator,M20_cluster_membership,8,8,0,-0.48612925321877587,-0.4723497241992121,-0.7133863734595848,-0.3332045100567666,1,0,7,cluster_membership_k15_both,0.058011693515235,-0.7738794538937802
tabpfn,synthetic_shift_1.0,source::synthetic_generator,M2_frequency_ratio,7,7,2,0.1221238066981035,0.11257276355051775,0.0969472098535212,0.1648555977079988,6,0,1,freq_ratio_log__sel_combined_intersection,0.193993345431389,-0.0517134223989083
tabpfn,synthetic_shift_1.0,source::synthetic_generator,M3_joint_pca,4,4,0,-0.0565855143226848,-0.0565855143226848,-0.0565855143226848,-0.0565855143226848,0,0,4,joint_pca_10,-0.0565855143226848,-0.0565855143226848
tabpfn,synthetic_shift_1.0,source::synthetic_generator,M3b_joint_tsne,3,3,0,-0.1550990481449368,-0.18923117097915457,-0.21632582770125586,-0.1450704528399444,0,0,3,joint_tsne_2d_p30,-0.135041857534952,-0.2775526072575749
tabpfn,synthetic_shift_1.0,source::synthetic_generator,M4_target_encoding,12,12,2,-0.1618095097793746,-0.14646296980685464,-0.25003064636504313,-0.14415745084233406,2,0,10,target_enc_ratio__sel_combined_intersection,0.2345446486005794,-0.2801988703835971
tabpfn,synthetic_shift_1.0,source::synthetic_generator,M5_joint_scaling,1,1,0,-0.151595428741198,-0.151595428741198,-0.151595428741198,-0.151595428741198,0,0,1,joint_scaling,-0.151595428741198,-0.151595428741198
tabpfn,synthetic_shift_1.0,source::synthetic_generator,M6_adversarial_validation,7,7,0,-0.1154215888740964,-0.1794465532045903,-0.3065708197306787,-0.0409841032131727,2,0,5,adversarial_lgbm_cal_iso_feature,0.0193070038670911,-0.4649014415374239
tabpfn,synthetic_shift_1.0,source::synthetic_generator,M7_pseudo_labeling,1,1,0,0.0,0.0,0.0,0.0,0,1,0,pseudo_label_v2_cal_platt_wprop_conf90,0.0,0.0
tabpfn,synthetic_shift_1.0,source::synthetic_generator,M8_label_propagation,11,11,0,-0.8195584071078617,-0.933665482947936,-1.4034139102593546,-0.4600128619929231,0,0,11,label_prop_weighted_k15_a05,-0.2713697494863193,-1.8949964440324087
tabpfn,synthetic_shift_1.0,source::synthetic_generator,M9_optimal_transport,9,9,0,-0.9610057052938265,-1.2090711188665295,-1.4459478498205107,-0.6069340502590836,0,0,9,ot_disp_v2_summary_only,-0.1029157285554046,-2.700672274491202
tabpfn,synthetic_shift_3.0,source::synthetic_generator,M14_groupby_aggregation,9,9,2,-0.3445130823814217,-0.7400690517469537,-0.9901135697239264,-0.3239417418336072,1,0,8,joint_groupby_combined__sel_combined_intersection,0.1566005486016032,-2.101867783477028
tabpfn,synthetic_shift_3.0,source::synthetic_generator,M14b_groupby_shift_features,6,6,2,-0.8932649658533673,-0.5519692021358323,-0.941545057166689,-0.09193731818289602,2,0,4,groupby_shift_cohen_d__sel_combined_union,0.2234574053819892,-0.9662761632597134
tabpfn,synthetic_shift_3.0,source::synthetic_generator,M16_nearest_test_distance,7,7,0,-3.133709001326414,-4.551228034981293,-6.000664912523837,-2.29222580442309,0,0,7,nearest_test_k5_both,-1.366669846070797,-10.772435963577983
tabpfn,synthetic_shift_3.0,source::synthetic_generator,M18_leaf_density,8,8,0,-1.8982870702949706,-2.1349438098544966,-2.4408500838371157,-1.4378489592380372,0,0,8,leaf_density_embed_k5,-0.50940066390505,-4.731099593399143
tabpfn,synthetic_shift_3.0,source::synthetic_generator,M19_neighborhood_consensus,6,6,0,-4.871564801428859,-4.910757592425184,-4.940515758930537,-4.689197267618995,0,0,6,neighbor_consensus_k20_dist,-4.175096556120364,-5.95441189445955
tabpfn,synthetic_shift_3.0,source::synthetic_generator,M1_frequency_encoding,6,6,4,0.35077710432549997,0.23472614524765847,0.01700872884555603,0.5742304474364013,4,0,2,joint_freq_separate__sel_combined_intersection,0.5937496597848257,-0.4414144957754847
tabpfn,synthetic_shift_3.0,source::synthetic_generator,M20_cluster_membership,8,8,0,-0.5427600336876076,-0.4758645853322994,-0.7149515785416387,-0.15763439658132883,0,0,8,cluster_membership_k10_feature_cumshift,-0.0534919850579437,-0.8989562075807241
tabpfn,synthetic_shift_3.0,source::synthetic_generator,M2_frequency_ratio,7,7,2,0.2012286582497785,0.24474022368632836,0.1873356912921413,0.2989384635808865,7,0,0,freq_ratio_log__sel_combined_intersection,0.4871881658570589,0.0522164319514059
tabpfn,synthetic_shift_3.0,source::synthetic_generator,M3_joint_pca,4,4,0,0.0884600141724593,0.0884600141724593,0.0884600141724593,0.0884600141724593,4,0,0,joint_pca_10,0.0884600141724593,0.0884600141724593
tabpfn,synthetic_shift_3.0,source::synthetic_generator,M3b_joint_tsne,3,3,0,-0.6882624578071708,-0.685965920579099,-0.737749043619505,-0.6353310661527287,0,0,3,joint_tsne_2d_p50,-0.5823996744982867,-0.7872356294318392
tabpfn,synthetic_shift_3.0,source::synthetic_generator,M4_target_encoding,12,12,2,0.30421535366214425,0.26155406024262634,0.0081265732160351,0.3490871995727197,9,0,3,target_enc_ratio__sel_combined_intersection,0.8324324570256261,-0.0538575894515825
tabpfn,synthetic_shift_3.0,source::synthetic_generator,M5_joint_scaling,1,1,0,-0.2854232878299316,-0.2854232878299316,-0.2854232878299316,-0.2854232878299316,0,0,1,joint_scaling,-0.2854232878299316,-0.2854232878299316
tabpfn,synthetic_shift_3.0,source::synthetic_generator,M6_adversarial_validation,7,7,0,-2.3497069396425783,-2.32582891046799,-2.759167611415447,-2.0290556373515884,0,0,7,adversarial_rf_feature,-1.1041008951132574,-3.2505480409860223
tabpfn,synthetic_shift_3.0,source::synthetic_generator,M7_pseudo_labeling,1,1,0,0.0,0.0,0.0,0.0,0,1,0,pseudo_label_v2_cal_platt_wprop_conf90,0.0,0.0
tabpfn,synthetic_shift_3.0,source::synthetic_generator,M8_label_propagation,11,11,0,-0.9476384637270572,-1.2638485958789563,-2.039617542056258,-0.4657840597459363,0,0,11,label_prop_weighted_k15_a08,-0.177131266438979,-2.718910505406674
tabpfn,synthetic_shift_3.0,source::synthetic_generator,M9_optimal_transport,9,9,0,-1.486238731869499,-1.4506631675527601,-2.0835875637958785,-0.7880968308923442,0,0,9,ot_disp_v2_summary_only,-0.1736702115126958,-2.4819013638344014
tabpfn,synthetic_shift_5.0,source::synthetic_generator,M14_groupby_aggregation,9,9,2,-0.3611862792643541,-0.6682995514191366,-0.5653466598972414,-0.0913995339287025,1,0,8,joint_groupby_combined__sel_combined_union,0.213113347141076,-2.3573703681108618
tabpfn,synthetic_shift_5.0,source::synthetic_generator,M14b_groupby_shift_features,6,6,2,-1.2646689918528764,-0.8971076374635034,-1.3227081698275223,-0.42219613597202055,1,0,5,groupby_shift_cohen_d__sel_combined_intersection,0.0510465578385558,-1.4209279857496837
tabpfn,synthetic_shift_5.0,source::synthetic_generator,M16_nearest_test_distance,7,7,0,-16.749690566864977,-17.776631400866357,-21.279258277314828,-13.988497463010187,0,0,7,nearest_test_k5_both,-8.974301970204163,-28.17691578834533
tabpfn,synthetic_shift_5.0,source::synthetic_generator,M18_leaf_density,8,8,0,-6.711627102999252,-7.730781022675208,-8.99647542647659,-5.266981080374021,0,0,8,leaf_density_conf_shallow,-1.0097808789451883,-18.23930391934847
tabpfn,synthetic_shift_5.0,source::synthetic_generator,M19_neighborhood_consensus,6,6,0,-5.395381613519302,-5.453532811286613,-5.683205699704888,-4.992437802302609,0,0,6,neighbor_consensus_k10_uniform,-4.890129263947214,-6.403034116403398
tabpfn,synthetic_shift_5.0,source::synthetic_generator,M1_frequency_encoding,6,6,4,0.2743063131253131,0.12997168254533753,-0.21201469148196123,0.4283809210646653,4,0,2,joint_freq_combined__sel_combined_union,0.4878806647978548,-0.3622806264698525
tabpfn,synthetic_shift_5.0,source::synthetic_generator,M20_cluster_membership,8,8,0,-0.9591479326488617,-1.2259166062621385,-1.8951013055303605,-0.6719205672819892,0,0,8,cluster_membership_k5_both,-0.4369288929376874,-2.255156615733855
tabpfn,synthetic_shift_5.0,source::synthetic_generator,M2_frequency_ratio,7,7,2,-0.0373801431302378,0.06930824602070067,-0.1073752797478696,0.1704079554044278,3,0,4,freq_ratio_log__sel_combined_union,0.5129730983606514,-0.1165005843986253
tabpfn,synthetic_shift_5.0,source::synthetic_generator,M3_joint_pca,4,4,0,0.1694514787129702,0.1694514787129702,0.1694514787129702,0.1694514787129702,4,0,0,joint_pca_10,0.1694514787129702,0.1694514787129702
tabpfn,synthetic_shift_5.0,source::synthetic_generator,M3b_joint_tsne,3,3,0,-0.7091025215482815,-1.067758302418724,-1.4343186594298136,-0.5218700549724131,0,0,3,joint_tsne_3d_p30,-0.3346375883965449,-2.1595347973113457
tabpfn,synthetic_shift_5.0,source::synthetic_generator,M4_target_encoding,12,12,2,-0.03217553122370105,0.0787800734367385,-0.07664523469525207,0.0489074106435347,5,0,7,target_enc_ratio__sel_combined_intersection,0.69391953118511,-0.120869356313578
tabpfn,synthetic_shift_5.0,source::synthetic_generator,M5_joint_scaling,1,1,0,-0.2086239385263136,-0.2086239385263136,-0.2086239385263136,-0.2086239385263136,0,0,1,joint_scaling,-0.2086239385263136,-0.2086239385263136
tabpfn,synthetic_shift_5.0,source::synthetic_generator,M6_adversarial_validation,7,7,0,-6.032584661974184,-5.394485455177764,-6.077306409979325,-5.22569747831386,0,0,7,adversarial_rf_feature,-2.4428242361197463,-6.679981511564048
tabpfn,synthetic_shift_5.0,source::synthetic_generator,M7_pseudo_labeling,1,1,0,0.0,0.0,0.0,0.0,0,1,0,pseudo_label_v2_cal_platt_wprop_conf90,0.0,0.0
tabpfn,synthetic_shift_5.0,source::synthetic_generator,M8_label_propagation,11,11,0,-0.9564508407171622,-1.6762767115112445,-3.8347692547375054,-0.11331663721410284,3,0,8,label_prop_weighted_k15_a05,0.3422894019280781,-4.530080416424117
tabpfn,synthetic_shift_5.0,source::synthetic_generator,M9_optimal_transport,9,9,0,-1.995753243490026,-2.6454364457716837,-4.099855477233611,-1.4921639569940448,0,0,9,ot_disp_v2_summary_only,-0.841087688059709,-4.39357137366938
tabpfn,tabred_delivery_eta__gap_far,source::tabred_delivery_eta,M14_groupby_aggregation,5,5,1,-0.9371465147841492,-0.8550270122104469,-1.0280298081992043,-0.86307791937943,0,0,5,joint_groupby_combined__sel_combined_intersection,-0.4186317611349234,-1.028249057554527
tabpfn,tabred_delivery_eta__gap_far,source::tabred_delivery_eta,M14b_groupby_shift_features,1,1,1,-0.4186317611349234,-0.4186317611349234,-0.4186317611349234,-0.4186317611349234,0,0,1,groupby_shift_cohen_d__sel_combined_intersection,-0.4186317611349234,-0.4186317611349234
tabpfn,tabred_delivery_eta__gap_far,source::tabred_delivery_eta,M16_nearest_test_distance,7,7,0,-0.1630462795635246,-0.1722526763088547,-0.1902862371174665,-0.14922353014043305,0,0,7,nearest_test_rel_k5_both,-0.1152385010527137,-0.2484644190299456
tabpfn,tabred_delivery_eta__gap_far,source::tabred_delivery_eta,M18_leaf_density,8,8,0,-0.23483050829722074,-0.2317128926342122,-0.2646798958551929,-0.21991348996791413,0,0,8,leaf_density_conf_shallow,-0.14446854647562,-0.2810769161581918
tabpfn,tabred_delivery_eta__gap_far,source::tabred_delivery_eta,M19_neighborhood_consensus,6,6,0,-0.6458063034877146,-0.6079386263199895,-0.6658379645075515,-0.5641009323654802,0,0,6,neighbor_consensus_k20_dist,-0.4631839652338586,-0.6834541922050834
tabpfn,tabred_delivery_eta__gap_far,source::tabred_delivery_eta,M1_frequency_encoding,6,6,4,-0.4223741311354911,-0.451185211360428,-0.6816728451095648,-0.37326314603776045,1,0,5,joint_freq_combined,0.0294938546485874,-0.7668582931007335
tabpfn,tabred_delivery_eta__gap_far,source::tabred_delivery_eta,M20_cluster_membership,8,8,0,-0.3651366320782422,-0.3472770042466114,-0.37974085566208704,-0.26723503972751517,0,0,8,cluster_membership_k15_both,-0.2477966430518486,-0.5127263726753706
tabpfn,tabred_delivery_eta__gap_far,source::tabred_delivery_eta,M2_frequency_ratio,7,7,2,-0.2764628159516711,-0.2644764685961999,-0.35499806704580894,-0.06450821699629694,2,0,5,freq_ratio_log,0.0294938546485874,-0.7653537507861036
tabpfn,tabred_delivery_eta__gap_far,source::tabred_delivery_eta,M3_joint_pca,4,4,0,-0.39974183813483083,-0.4478445146644395,-0.47941921310004726,-0.3681671396992231,0,0,4,joint_pca_var95,-0.326980559320867,-0.6649138230672293
tabpfn,tabred_delivery_eta__gap_far,source::tabred_delivery_eta,M3b_joint_tsne,3,3,0,-0.6567084242000026,-0.6910314957655932,-0.7144479690512906,-0.6504534866971005,0,0,3,joint_tsne_3d_p30,-0.6441985491941983,-0.7721875139025786
tabpfn,tabred_delivery_eta__gap_far,source::tabred_delivery_eta,M4_target_encoding,12,12,2,-0.3902513429191417,-0.2549719410283831,-0.391893884134397,0.0157132192758236,5,0,7,target_enc_inv_ratio,0.0178350869264226,-0.7653537507861036
tabpfn,tabred_delivery_eta__gap_far,source::tabred_delivery_eta,M5_joint_scaling,1,1,0,0.0228765493677247,0.0228765493677247,0.0228765493677247,0.0228765493677247,1,0,0,joint_scaling,0.0228765493677247,0.0228765493677247
tabpfn,tabred_delivery_eta__gap_far,source::tabred_delivery_eta,M6_adversarial_validation,7,7,0,-0.3695039023361709,-0.40968836559672434,-0.6327450196423017,-0.1816815838851585,0,0,7,adversarial_lgbm_cal_iso_both_ratio,-0.1577534510906125,-0.7117079986953664
tabpfn,tabred_delivery_eta__gap_far,source::tabred_delivery_eta,M8_label_propagation,11,11,0,-0.6810243857092654,-0.8114373241162596,-0.8375385756268714,-0.3770778002941825,0,0,11,label_prop_k10_a05,-0.2569781728718428,-2.088036544273954
tabpfn,tabred_delivery_eta__gap_far,source::tabred_delivery_eta,M9_optimal_transport,9,9,0,0.1227834201386242,0.19037269519023445,-0.1596553631541994,0.5969766965905283,6,0,3,ot_disp_v2_selective,0.8935553625461577,-0.6548941485768144
tabpfn,tabred_delivery_eta__gap_maxdiff,source::tabred_delivery_eta,M14_groupby_aggregation,5,5,1,-0.0663129373864831,-0.0549534821207613,-0.0663129373864831,-0.0197228598718353,0,0,5,targeted_groupby_top5_shifted_agg,-0.0167641840622381,-0.1056544918967669
tabpfn,tabred_delivery_eta__gap_maxdiff,source::tabred_delivery_eta,M14b_groupby_shift_features,1,1,1,0.0918025640237012,0.0918025640237012,0.0918025640237012,0.0918025640237012,1,0,0,groupby_shift_cohen_d__sel_combined_intersection,0.0918025640237012,0.0918025640237012
tabpfn,tabred_delivery_eta__gap_maxdiff,source::tabred_delivery_eta,M16_nearest_test_distance,7,7,0,0.0706997696457667,0.07708168622551818,0.05186937811510525,0.0972170474099887,7,0,0,nearest_test_rel_k10_cumshift_both,0.1410481974838322,0.0296509853988405
tabpfn,tabred_delivery_eta__gap_maxdiff,source::tabred_delivery_eta,M18_leaf_density,8,8,0,-0.06516926834582361,-0.1724699873394469,-0.504158871954152,0.1182906897703764,4,0,4,leaf_density_embed_k10_cumshift,0.1411126191435754,-0.5870764808506553
tabpfn,tabred_delivery_eta__gap_maxdiff,source::tabred_delivery_eta,M19_neighborhood_consensus,6,6,0,-0.32706813856588407,-0.300134380416294,-0.35642533696777,-0.238847239804887,0,0,6,neighbor_consensus_k10_dist_cumshift,-0.1096584833749322,-0.4613601786714434
tabpfn,tabred_delivery_eta__gap_maxdiff,source::tabred_delivery_eta,M1_frequency_encoding,6,6,4,-0.026959130736028798,-0.025673514170517497,-0.08453814191769445,-0.00504858267107135,1,0,5,joint_freq_combined,0.0988906558737378,-0.09753726713045
tabpfn,tabred_delivery_eta__gap_maxdiff,source::tabred_delivery_eta,M20_cluster_membership,8,8,0,-0.04520409737469335,-0.14131346210059897,-0.28358885648921034,-0.0074992022288264,1,0,7,cluster_membership_k10_weight,0.0117187844499396,-0.3977677364623592
tabpfn,tabred_delivery_eta__gap_maxdiff,source::tabred_delivery_eta,M2_frequency_ratio,7,7,2,0.0974393145027368,0.03496083131832408,-0.0244727565116148,0.0974393145027368,4,0,3,freq_ratio_v2_ratio_gated,0.0988906558737378,-0.09753726713045
tabpfn,tabred_delivery_eta__gap_maxdiff,source::tabred_delivery_eta,M3_joint_pca,4,4,0,-0.015308872688572853,0.005665948057309751,-0.11075337232906388,0.10111044769780078,2,0,2,joint_pca_var90,0.1650803606183066,-0.1117988230119219
tabpfn,tabred_delivery_eta__gap_maxdiff,source::tabred_delivery_eta,M3b_joint_tsne,3,3,0,0.0450713896552123,-0.207558562907407,-0.3485918179621667,0.059789668428662346,2,0,1,joint_tsne_2d_p50,0.0745079472021124,-0.7422550255795457
tabpfn,tabred_delivery_eta__gap_maxdiff,source::tabred_delivery_eta,M4_target_encoding,12,12,2,0.00670795952160875,0.02681740571771496,-0.0005765009808912751,0.0812481334496793,8,0,4,target_enc_absolute,0.0819613024576383,-0.09753726713045
tabpfn,tabred_delivery_eta__gap_maxdiff,source::tabred_delivery_eta,M5_joint_scaling,1,1,0,0.0092690094629551,0.0092690094629551,0.0092690094629551,0.0092690094629551,1,0,0,joint_scaling,0.0092690094629551,0.0092690094629551
tabpfn,tabred_delivery_eta__gap_maxdiff,source::tabred_delivery_eta,M6_adversarial_validation,7,7,0,-0.0214594331732162,-0.06572405657883897,-0.08226254336183005,0.053932357128878256,2,0,5,adversarial_rf_feature,0.1550138031737818,-0.5369623935865349
tabpfn,tabred_delivery_eta__gap_maxdiff,source::tabred_delivery_eta,M8_label_propagation,11,11,0,-0.0987435224381931,-0.15457793341958945,-0.2748423434316901,-0.05518265748072105,2,0,9,label_prop_v3_t01_k15,0.2462694811111841,-0.6688912417417037
tabpfn,tabred_delivery_eta__gap_maxdiff,source::tabred_delivery_eta,M9_optimal_transport,9,9,0,-0.7830954466916028,-2.4452464365667907,-3.441832721163577,-0.1003600795035223,2,0,7,ot_disp_v2_selective_top10,0.2647499413205737,-8.226668203715283
tabpfn,tabred_delivery_eta__gap_near,source::tabred_delivery_eta,M14_groupby_aggregation,5,5,1,0.1080628538174431,0.07037624204674338,0.1034560077174733,0.1159774363264896,4,0,1,targeted_groupby_top3,0.1160659490351902,-0.0916810366628793
tabpfn,tabred_delivery_eta__gap_near,source::tabred_delivery_eta,M14b_groupby_shift_features,1,1,1,-0.073609144439884,-0.073609144439884,-0.073609144439884,-0.073609144439884,0,0,1,groupby_shift_cohen_d__sel_combined_intersection,-0.073609144439884,-0.073609144439884
tabpfn,tabred_delivery_eta__gap_near,source::tabred_delivery_eta,M16_nearest_test_distance,7,7,0,0.2783671403373167,0.22122995913966106,0.08287210412071999,0.33980832505006725,6,0,1,nearest_test_k10_cumshift_both,0.4734395961690096,-0.0485578808702736
tabpfn,tabred_delivery_eta__gap_near,source::tabred_delivery_eta,M18_leaf_density,8,8,0,0.27391497924759467,0.43339247430294947,0.24514162615564628,0.6653408079427089,8,0,0,leaf_density_conf,0.9229509210892972,0.1629467801686154
tabpfn,tabred_delivery_eta__gap_near,source::tabred_delivery_eta,M19_neighborhood_consensus,6,6,0,-0.04324737052358225,-0.043310170696320566,-0.1344835791650614,-0.00321203420229315,2,0,4,neighbor_consensus_k20_dist,0.2135520817359645,-0.2321557940593055
tabpfn,tabred_delivery_eta__gap_near,source::tabred_delivery_eta,M1_frequency_encoding,6,6,4,0.13429536594335315,0.18025810229846406,-0.058000923975869575,0.4300078126615754,3,0,3,joint_freq_combined__sel_combined_union,0.480088085391923,-0.073609144439884
tabpfn,tabred_delivery_eta__gap_near,source::tabred_delivery_eta,M20_cluster_membership,8,8,0,0.13693386829696685,0.13916772112228454,0.13101874496919358,0.15887036913381702,8,0,0,cluster_membership_k10_both_cumshift,0.1819784495374823,0.0678288319078836
tabpfn,tabred_delivery_eta__gap_near,source::tabred_delivery_eta,M2_frequency_ratio,7,7,2,-0.0111762625838263,0.07216125684708143,-0.0849817525888184,0.14893075848099468,2,0,5,freq_ratio_log__sel_combined_union,0.480088085391923,-0.0916810366628793
tabpfn,tabred_delivery_eta__gap_near,source::tabred_delivery_eta,M3_joint_pca,4,4,0,0.2330170512917681,0.1819459871766931,0.13816506991292657,0.2767979685555346,3,0,1,joint_pca_var90,0.3553276145925848,-0.0935777684693486
tabpfn,tabred_delivery_eta__gap_near,source::tabred_delivery_eta,M3b_joint_tsne,3,3,0,0.0927711784560088,0.1590879321935359,0.08540824604552724,0.199609241472781,3,0,0,joint_tsne_3d_p30,0.3064473044895532,0.0780453136350457
tabpfn,tabred_delivery_eta__gap_near,source::tabred_delivery_eta,M4_target_encoding,12,12,2,0.00101746378061325,0.03593286140940249,-0.0111762625838263,0.016666717738644626,6,0,6,target_enc_ratio__sel_combined_union,0.480088085391923,-0.073609144439884
tabpfn,tabred_delivery_eta__gap_near,source::tabred_delivery_eta,M5_joint_scaling,1,1,0,-0.0145214538494873,-0.0145214538494873,-0.0145214538494873,-0.0145214538494873,0,0,1,joint_scaling,-0.0145214538494873,-0.0145214538494873
tabpfn,tabred_delivery_eta__gap_near,source::tabred_delivery_eta,M6_adversarial_validation,7,7,0,0.4061848482902676,0.26418857939932877,0.006584480923107,0.4488459164275785,6,0,1,adversarial_rf_feature,0.5663529933214215,-0.0340785805177587
tabpfn,tabred_delivery_eta__gap_near,source::tabred_delivery_eta,M8_label_propagation,11,11,0,-0.04818580815502,0.011558213543762026,-0.07561061567941825,0.12015158795119435,4,0,7,label_prop_v3_t005_k10,0.3272570218851581,-0.2677890199451229
tabpfn,tabred_delivery_eta__gap_near,source::tabred_delivery_eta,M9_optimal_transport,9,9,0,-0.1075743520158242,-0.12061192772184431,-0.4855647969333041,0.3121511061990318,4,0,5,ot_disp_v2_selective,0.6701131220487936,-1.3913312250833103
tabpfn,tabred_homesite__gap_far,source::tabred_homesite,M14_groupby_aggregation,4,4,0,-5.387317746985942,-5.387317746985941,-5.928556486397728,-4.846079007574156,0,0,4,targeted_groupby_top3_shifted_agg,-4.846079007574156,-5.928556486397728
tabpfn,tabred_homesite__gap_far,source::tabred_homesite,M16_nearest_test_distance,7,7,0,-2.8879901448062184,-5.219348739426088,-7.451163995338025,-1.9474633169635065,1,0,6,nearest_test_k10_both,2.938295463224008,-17.788491869797344
tabpfn,tabred_homesite__gap_far,source::tabred_homesite,M18_leaf_density,8,8,0,-4.184887817479696,-10.551644303213292,-15.862736210864135,-2.1094198784039797,1,0,7,leaf_density_conf,8.746982511015903,-49.76241943677967
tabpfn,tabred_homesite__gap_far,source::tabred_homesite,M19_neighborhood_consensus,6,6,0,-42.62919169480786,-42.361754454704844,-42.92471468749287,-41.66338768964116,0,0,6,neighbor_consensus_k20_dist,-40.80757468596546,-43.73989327967446
tabpfn,tabred_homesite__gap_far,source::tabred_homesite,M1_frequency_encoding,6,6,4,-5.054688356062262,-4.281430862562036,-10.615750379365378,1.268798084745093,2,0,4,joint_freq_separate__sel_combined_union,7.113636891895077,-13.60003453302389
tabpfn,tabred_homesite__gap_far,source::tabred_homesite,M20_cluster_membership,8,8,0,-10.04529138899146,-9.758256381138462,-17.268919282377368,-6.045395984207944,2,0,6,cluster_membership_k10_feature_cumshift,6.149700658451692,-20.822583269414164
tabpfn,tabred_homesite__gap_far,source::tabred_homesite,M2_frequency_ratio,7,7,2,-5.630045058955111,-2.968464423633023,-6.354325427263264,0.57411152174411,2,0,5,freq_ratio_log__sel_combined_intersection,5.545870813285762,-9.134648908723502
tabpfn,tabred_homesite__gap_far,source::tabred_homesite,M3_joint_pca,4,4,0,-4.264413386859618,-4.5578195715913745,-6.223290864355165,-2.598942094095828,0,0,4,joint_pca_var90,-1.4713060456035447,-8.231145467042717
tabpfn,tabred_homesite__gap_far,source::tabred_homesite,M3b_joint_tsne,3,3,0,2.403365641633435,2.394178971823523,0.7271027789123137,4.065848499639689,2,0,1,joint_tsne_2d_p50,5.728331357645942,-0.9491600838088076
tabpfn,tabred_homesite__gap_far,source::tabred_homesite,M4_target_encoding,12,12,2,-1.2495807890131907,-9.25458752405973,-22.760334173415597,-0.3660417517541435,2,0,10,target_enc_ratio__sel_combined_intersection,5.047134257091767,-23.72817197445885
tabpfn,tabred_homesite__gap_far,source::tabred_homesite,M5_joint_scaling,1,1,0,-11.064347641294928,-11.064347641294928,-11.064347641294928,-11.064347641294928,0,0,1,joint_scaling,-11.064347641294928,-11.064347641294928
tabpfn,tabred_homesite__gap_far,source::tabred_homesite,M6_adversarial_validation,7,7,0,-20.56524583196389,-22.086975784665828,-25.53559391820333,-12.798137873097854,0,0,7,adversarial_logreg_feature,-6.671348547786606,-50.70477253030792
tabpfn,tabred_homesite__gap_far,source::tabred_homesite,M8_label_propagation,11,11,0,8.628773313941721,5.530083425627648,0.6213453933278275,16.976301712373083,8,0,3,label_prop_weighted_k10_a05,22.66611546647804,-30.62913192611258
tabpfn,tabred_homesite__gap_far,source::tabred_homesite,M9_optimal_transport,7,7,0,6.274550821653429,4.515453765356592,-9.945012800462226,19.283373345154295,4,0,3,ot_disp_v2_selective_abs,21.704669595332675,-15.0477651488741
tabpfn,tabred_homesite__gap_near,source::tabred_homesite,M14_groupby_aggregation,4,4,0,-4.165699729985729,-4.003186113242086,-4.675150227832858,-3.4937356153949573,0,0,4,targeted_groupby_top5_shifted_agg,-2.0274273295892016,-5.653917663407687
tabpfn,tabred_homesite__gap_near,source::tabred_homesite,M16_nearest_test_distance,7,7,0,4.0160861861378105,4.273619614195299,3.8911807184181386,4.713918700873954,7,0,0,nearest_test_k10_both,5.04536184363239,3.64369043101271
tabpfn,tabred_homesite__gap_near,source::tabred_homesite,M18_leaf_density,8,8,0,4.702042443287677,4.817631191693943,4.242485878174271,4.909330916219364,8,0,0,leaf_density_conf_shallow,6.717047480459113,3.99342574062824
tabpfn,tabred_homesite__gap_near,source::tabred_homesite,M19_neighborhood_consensus,6,6,0,5.110613006003989,4.711097520911049,4.817665318870903,5.370798603242985,6,0,0,neighbor_consensus_k5_dist,5.539523366195509,2.328292521780289
tabpfn,tabred_homesite__gap_near,source::tabred_homesite,M1_frequency_encoding,6,6,4,3.990286040346809,4.063272696165429,2.4247359239047617,4.790431831646639,5,0,1,joint_freq_separate__sel_combined_intersection,9.71587077539669,-0.2768396596017297
tabpfn,tabred_homesite__gap_near,source::tabred_homesite,M20_cluster_membership,8,8,0,4.1975062589240135,4.025334651097492,3.551820070602594,4.942434277882619,8,0,0,cluster_membership_k5_feature,5.391274909426931,1.403036499698349
tabpfn,tabred_homesite__gap_near,source::tabred_homesite,M2_frequency_ratio,7,7,2,2.561995429688836,3.1335378883821803,2.252120662777326,4.598022807875038,7,0,0,freq_ratio_log__sel_combined_intersection,5.39509715324792,0.2773856944337785
tabpfn,tabred_homesite__gap_near,source::tabred_homesite,M3_joint_pca,4,4,0,1.9057980708590279,1.4944973339851546,0.26093639513281064,3.139359009711372,3,0,1,joint_pca_5,3.407803383778203,-1.2414101895556406
tabpfn,tabred_homesite__gap_near,source::tabred_homesite,M3b_joint_tsne,3,3,0,1.971458759354608,2.2047066382366345,1.8020514528624134,2.490737884169842,3,0,0,joint_tsne_3d_p30,3.010017008985076,1.6326441463702186
tabpfn,tabred_homesite__gap_near,source::tabred_homesite,M4_target_encoding,12,12,2,3.5041785315486416,4.027621171954773,2.7298328860398686,5.869669676228808,12,0,0,target_enc_oof_diff,5.915468347726133,1.028729622662754
tabpfn,tabred_homesite__gap_near,source::tabred_homesite,M5_joint_scaling,1,1,0,-0.0327620898934207,-0.0327620898934207,-0.0327620898934207,-0.0327620898934207,0,0,1,joint_scaling,-0.0327620898934207,-0.0327620898934207
tabpfn,tabred_homesite__gap_near,source::tabred_homesite,M6_adversarial_validation,7,7,0,3.443295647829409,0.9252560220817801,-2.207345806588892,4.680474067440974,5,0,2,adversarial_lgbm_cal_platt_feature,5.330392025707475,-7.243152040668587
tabpfn,tabred_homesite__gap_near,source::tabred_homesite,M8_label_propagation,11,11,0,3.464864023676224,-0.6629111052810217,-6.599376974257325,5.1664450675311855,6,0,5,label_prop_v3_t005_k10,8.77942103926859,-14.63045727686952
tabpfn,tabred_homesite__gap_near,source::tabred_homesite,M9_optimal_transport,7,7,0,2.211987102657394,1.5201219685804201,-0.02539061966769185,3.256824752851058,5,0,2,ot_disp_v2_summary_only,4.8291320503333095,-2.8631336392944955
tabpfn,tabred_sberbank__gap_far,source::tabred_sberbank,M14_groupby_aggregation,4,4,0,7.7718265000093,7.7718265000093,7.7718265000093,7.7718265000093,4,0,0,targeted_groupby_top3,7.7718265000093,7.7718265000093
tabpfn,tabred_sberbank__gap_far,source::tabred_sberbank,M16_nearest_test_distance,7,7,0,2.5457481310614947,2.179298213687865,1.81693732461164,2.7502687314684575,7,0,0,nearest_test_rel_k10_both,2.8387653600151825,0.7361618925781813
tabpfn,tabred_sberbank__gap_far,source::tabred_sberbank,M18_leaf_density,8,8,0,4.783455544279712,4.645307749921233,4.383126976345671,4.908713522372022,8,0,0,leaf_density_embed_k5,5.0184789236894245,4.026754407968135
tabpfn,tabred_sberbank__gap_far,source::tabred_sberbank,M19_neighborhood_consensus,6,6,0,-6.415227542950078,-6.232916783430453,-7.199309590067382,-5.0497737896238295,0,0,6,neighbor_consensus_k10_uniform,-4.538371390786145,-7.97338141294152
tabpfn,tabred_sberbank__gap_far,source::tabred_sberbank,M1_frequency_encoding,6,6,4,2.9549340852069372,3.484153186184681,2.0254456445965094,5.211491257359881,6,0,0,joint_freq_combined__sel_combined_union,6.325007688182746,0.990750112707571
tabpfn,tabred_sberbank__gap_far,source::tabred_sberbank,M20_cluster_membership,8,8,0,1.2893432265750415,1.2054762383555948,0.2753357226709579,1.7873694348886644,6,0,2,cluster_membership_k10_feature,4.501727345196271,-1.3566722945542558
tabpfn,tabred_sberbank__gap_far,source::tabred_sberbank,M2_frequency_ratio,7,7,2,1.8354547996923416,3.182053754245866,1.7277525521081474,4.439183950795795,7,0,0,freq_ratio_log__sel_combined_union,6.668175803212439,1.436872671008396
tabpfn,tabred_sberbank__gap_far,source::tabred_sberbank,M3_joint_pca,4,4,0,4.304550074822106,2.7909732172511026,1.6969713161474638,5.398551975925745,3,0,1,joint_pca_var90,6.170556587463575,-3.615763868103375
tabpfn,tabred_sberbank__gap_far,source::tabred_sberbank,M3b_joint_tsne,3,3,0,10.594097898241015,10.691355017769771,10.549520669874369,10.784560805900794,3,0,0,joint_tsne_2d_p30,10.975023713560573,10.50494344150772
tabpfn,tabred_sberbank__gap_far,source::tabred_sberbank,M4_target_encoding,12,12,2,2.783157050842842,0.6159227582747004,-3.2464283419291053,3.487966677069691,7,0,5,target_enc_ratio__sel_combined_union,6.100665896079029,-5.099182362840032
tabpfn,tabred_sberbank__gap_far,source::tabred_sberbank,M5_joint_scaling,1,1,0,3.048105612349284,3.048105612349284,3.048105612349284,3.048105612349284,1,0,0,joint_scaling,3.048105612349284,3.048105612349284
tabpfn,tabred_sberbank__gap_far,source::tabred_sberbank,M6_adversarial_validation,7,7,0,-34.677306119187406,-30.54791278379074,-37.55223857469157,-33.52802415457573,1,0,6,adversarial_rf_feature,1.684237214569066,-38.68179512338224
tabpfn,tabred_sberbank__gap_far,source::tabred_sberbank,M8_label_propagation,11,11,0,1.297008351252707,-3.5422106475367867,-2.8713085570385837,1.903588498144471,7,0,4,label_prop_v3_t005_k15,5.581355097440873,-32.847892956586534
tabpfn,tabred_sberbank__gap_far,source::tabred_sberbank,M9_optimal_transport,3,3,0,2.0967467344393884,1.550556904757233,0.41782445174675864,2.9563842726087852,2,0,1,ot_disp_v2_summary_only,3.8160218107781816,-1.2610978309458714
tabpfn,tabred_sberbank__gap_near,source::tabred_sberbank,M14_groupby_aggregation,4,4,0,-6.250579365176094,-6.2363590457970615,-6.673417608404776,-5.813520802568378,0,0,4,targeted_groupby_top3,-5.770859844431283,-6.673417608404776
tabpfn,tabred_sberbank__gap_near,source::tabred_sberbank,M16_nearest_test_distance,7,7,0,0.74335310657174,0.23621808463164526,-0.484964778235741,1.1426723744642002,4,0,3,nearest_test_k10_both,1.4059316113268157,-1.8111733179339569
tabpfn,tabred_sberbank__gap_near,source::tabred_sberbank,M18_leaf_density,8,8,0,0.22364208972336314,-0.036608998626861566,-0.03836694740883853,0.43511371620406114,6,0,2,leaf_density_embed_k20,1.0729725170742797,-2.519719878560461
tabpfn,tabred_sberbank__gap_near,source::tabred_sberbank,M19_neighborhood_consensus,6,6,0,-9.851429722782726,-10.02752377625068,-11.122260563433539,-8.930136952582265,0,0,6,neighbor_consensus_k10_dist_cumshift,-8.504254841390392,-11.789118164382312
tabpfn,tabred_sberbank__gap_near,source::tabred_sberbank,M1_frequency_encoding,6,6,4,1.0940379213436062,1.255401867625339,0.4661894659970869,1.90870956806085,5,0,1,joint_freq_combined,2.9859111796770472,-0.0787492477937377
tabpfn,tabred_sberbank__gap_near,source::tabred_sberbank,M20_cluster_membership,8,8,0,-0.0927714870685157,-0.1879496276292531,-0.6159591091710165,0.29178712800338075,3,0,5,cluster_membership_k10_weight,1.6663293891662925,-1.710157280857994
tabpfn,tabred_sberbank__gap_near,source::tabred_sberbank,M2_frequency_ratio,7,7,2,1.5328143910831344,1.2212579280258582,0.5311468002063854,1.8892715563567368,7,0,0,freq_ratio_log,1.946831893092538,0.2283224988790894
tabpfn,tabred_sberbank__gap_near,source::tabred_sberbank,M3_joint_pca,4,4,0,-0.14278911822692325,0.06790801897212687,-0.5341455422520394,0.45926444299724295,1,0,3,joint_pca_var90,1.9496670006902777,-1.3924566883479237
tabpfn,tabred_sberbank__gap_near,source::tabred_sberbank,M3b_joint_tsne,3,3,0,-0.2102602262223564,-0.6139964071020078,-0.9221872994888195,-0.10393742427537035,1,0,2,joint_tsne_3d_p30,0.0023853776716157,-1.6341143727552825
tabpfn,tabred_sberbank__gap_near,source::tabred_sberbank,M4_target_encoding,12,12,2,-3.0010539648321686,-3.0290608989976646,-3.5689399906914216,-1.910967530369268,1,0,11,target_enc_ratio__sel_combined_intersection,1.9008471248113945,-7.025756307630616
tabpfn,tabred_sberbank__gap_near,source::tabred_sberbank,M5_joint_scaling,1,1,0,-0.0118956906157484,-0.0118956906157484,-0.0118956906157484,-0.0118956906157484,0,0,1,joint_scaling,-0.0118956906157484,-0.0118956906157484
tabpfn,tabred_sberbank__gap_near,source::tabred_sberbank,M6_adversarial_validation,7,7,0,-41.08565711040587,-37.11728685890812,-48.107506436524716,-34.826346492313135,0,0,7,adversarial_rf_feature,-0.2769845624530945,-52.59066048182218
tabpfn,tabred_sberbank__gap_near,source::tabred_sberbank,M8_label_propagation,11,11,0,-17.36062478774952,-16.558822458018252,-21.39877787080959,-12.819199475954534,0,0,11,label_prop_weighted_adaptive_a05,-2.859243949816697,-25.53581632245992
tabpfn,tabred_sberbank__gap_near,source::tabred_sberbank,M9_optimal_transport,3,3,0,2.6985579188543487,1.5863242316568886,0.8787221400806253,2.850043166831882,2,0,1,ot_disp_v2_selective_and_summary_top10,3.0015284148094152,-0.9411136386930982
tabpfn,tabred_weather__gap_far,source::tabred_weather,M14_groupby_aggregation,5,5,1,-1.809685494054344,-1.5051406912472938,-2.1957934981925966,-1.809685494054344,1,0,4,joint_groupby_combined__sel_combined_intersection,0.4852545282574125,-2.1957934981925966
tabpfn,tabred_weather__gap_far,source::tabred_weather,M14b_groupby_shift_features,2,2,2,-0.4674671497851979,-0.4674671497851979,-0.9382984054675647,0.0033641058971689564,1,0,1,groupby_shift_cohen_d__sel_combined_intersection,0.4741953615795358,-1.4091296611499315
tabpfn,tabred_weather__gap_far,source::tabred_weather,M16_nearest_test_distance,7,7,0,0.6459346402461845,0.6336457571622159,0.6165602454811439,0.6687252637557168,7,0,0,nearest_test_rel_k5_both,0.6871971781250694,0.531817463290536
tabpfn,tabred_weather__gap_far,source::tabred_weather,M18_leaf_density,8,8,0,0.5198782897696115,0.5095645749391686,0.4126090014126669,0.6124526538338747,8,0,0,leaf_density_embed_k10,0.7021248763178219,0.3077267081065807
tabpfn,tabred_weather__gap_far,source::tabred_weather,M19_neighborhood_consensus,6,6,0,-2.1280058978485554,-2.1472230627130084,-2.30357082199353,-2.0197605805037333,0,0,6,neighbor_consensus_k20_dist,-1.9532917924143405,-2.3282635167359524
tabpfn,tabred_weather__gap_far,source::tabred_weather,M1_frequency_encoding,6,6,4,0.0,0.1353443995813208,-0.05141084054440163,0.3541563846729102,2,2,2,joint_freq_combined__sel_combined_intersection,0.4852545282574125,-0.0768488562741658
tabpfn,tabred_weather__gap_far,source::tabred_weather,M20_cluster_membership,8,8,0,0.2674705882486723,0.26269538257336955,0.2139738402090124,0.3408008845777437,8,0,0,cluster_membership_k5_feature,0.4388005224021941,0.0665200552111259
tabpfn,tabred_weather__gap_far,source::tabred_weather,M2_frequency_ratio,7,7,2,0.0,0.05676378647219571,0.0,0.0,1,5,1,freq_ratio_log__sel_combined_intersection,0.4741953615795358,-0.0768488562741658
tabpfn,tabred_weather__gap_far,source::tabred_weather,M3_joint_pca,4,4,0,0.6838249786038834,0.6415680778597707,0.45560284251772704,0.869790213945927,4,0,0,joint_pca_var95,1.0413807566119877,0.1572415976193283
tabpfn,tabred_weather__gap_far,source::tabred_weather,M3b_joint_tsne,3,3,0,0.3090368680467188,0.18814315179147303,0.08303664563385654,0.3536965160767124,2,0,1,joint_tsne_3d_p30,0.398356164106706,-0.1429635767790057
tabpfn,tabred_weather__gap_far,source::tabred_weather,M4_target_encoding,12,12,2,0.0,0.033775060983028286,0.0,0.0,1,10,1,target_enc_ratio__sel_combined_intersection,0.4741953615795358,-0.0688946297831964
tabpfn,tabred_weather__gap_far,source::tabred_weather,M5_joint_scaling,1,1,0,0.32186909989738,0.32186909989738,0.32186909989738,0.32186909989738,1,0,0,joint_scaling,0.32186909989738,0.32186909989738
tabpfn,tabred_weather__gap_far,source::tabred_weather,M6_adversarial_validation,7,7,0,-21.68509338517725,-16.394609191881813,-23.425450742088245,-10.715893678419047,1,0,6,adversarial_logreg_feature,0.3713259820183788,-25.16580809899924
tabpfn,tabred_weather__gap_far,source::tabred_weather,M8_label_propagation,11,11,0,-17.967179522470026,-18.381852520634762,-25.495148220793055,-6.416330091419184,0,0,11,label_prop_k15_a05,-5.095650454749648,-45.91202885517414
tabpfn,tabred_weather__gap_far,source::tabred_weather,M9_optimal_transport,9,9,0,-1.2777571429242027,-8.045648035474226,-17.07394689671151,-0.2222272658762941,2,0,7,ot_disp_v2_summary_only,0.27438297767912,-19.760900829599333
tabpfn,tabred_weather__gap_maxdiff,source::tabred_weather,M14_groupby_aggregation,5,5,1,-1.2749107383462328,-1.0114438703213495,-1.4126240813183673,-1.2749107383462328,1,0,4,joint_groupby_combined__sel_combined_intersection,0.3178502877224521,-1.4126240813183673
tabpfn,tabred_weather__gap_maxdiff,source::tabred_weather,M14b_groupby_shift_features,2,2,2,-0.7864945225285199,-0.7864945225285199,-1.338666927654006,-0.23432211740303394,1,0,1,groupby_shift_cohen_d__sel_combined_intersection,0.3178502877224521,-1.890839332779492
tabpfn,tabred_weather__gap_maxdiff,source::tabred_weather,M16_nearest_test_distance,7,7,0,-0.6206734686407885,-0.6125653007886841,-0.651917884031046,-0.4648824120192861,0,0,7,nearest_test_rel_k5_both,-0.3502885335697465,-1.0833945112095895
tabpfn,tabred_weather__gap_maxdiff,source::tabred_weather,M18_leaf_density,8,8,0,-0.5020421780927957,-0.5793329991222067,-1.0762849828383285,-0.058959232837022174,2,0,6,leaf_density_conf_shallow,0.2612138333754319,-1.6096482467495274
tabpfn,tabred_weather__gap_maxdiff,source::tabred_weather,M19_neighborhood_consensus,6,6,0,-2.8425699348062268,-2.852248182263216,-2.918343052815934,-2.8172395150588736,0,0,6,neighbor_consensus_k20_dist,-2.7101442133635607,-2.965808209974357
tabpfn,tabred_weather__gap_maxdiff,source::tabred_weather,M1_frequency_encoding,6,6,4,0.0,0.020406014990906145,-0.19205681355878826,0.23797034728832708,2,2,2,joint_freq_combined__sel_combined_intersection,0.3172937963844361,-0.2560757514117177
tabpfn,tabred_weather__gap_maxdiff,source::tabred_weather,M20_cluster_membership,8,8,0,0.06544242173923925,0.017879803958165727,-0.25199337546200595,0.19910577237814725,5,0,3,cluster_membership_k5_feature,0.4166257679379604,-0.3600630573738749
tabpfn,tabred_weather__gap_maxdiff,source::tabred_weather,M2_frequency_ratio,7,7,2,0.0,0.00803062041033263,0.0,0.0,1,5,1,freq_ratio_log__sel_combined_intersection,0.3178502877224521,-0.2616359448501237
tabpfn,tabred_weather__gap_maxdiff,source::tabred_weather,M3_joint_pca,4,4,0,-0.7332084739937506,-0.5378849902123314,-0.8189210924777398,-0.45217237172834207,1,0,3,joint_pca_5,0.2356016511236117,-0.9207246639854362
tabpfn,tabred_weather__gap_maxdiff,source::tabred_weather,M3b_joint_tsne,3,3,0,0.2122196329970242,-0.04646606785003882,-0.7983768235756835,0.8347875382991373,2,0,1,joint_tsne_2d_p30,1.4573554436012504,-1.808973280148391
tabpfn,tabred_weather__gap_maxdiff,source::tabred_weather,M4_target_encoding,12,12,2,0.0,0.004684528572694034,0.0,0.0,1,10,1,target_enc_ratio__sel_combined_intersection,0.3178502877224521,-0.2616359448501237
tabpfn,tabred_weather__gap_maxdiff,source::tabred_weather,M5_joint_scaling,1,1,0,-0.1371103631540136,-0.1371103631540136,-0.1371103631540136,-0.1371103631540136,0,0,1,joint_scaling,-0.1371103631540136,-0.1371103631540136
tabpfn,tabred_weather__gap_maxdiff,source::tabred_weather,M6_adversarial_validation,7,7,0,-16.327058128041923,-12.97838512264145,-16.39224288147495,-8.061778204275715,2,0,5,adversarial_rf_feature,0.9108249822543149,-26.52442054120121
tabpfn,tabred_weather__gap_maxdiff,source::tabred_weather,M8_label_propagation,11,11,0,-21.8076232059723,-21.980780989131993,-28.35045128856722,-15.138896298799732,0,0,11,label_prop_v3_adaptive,-6.961904022998495,-36.538832207544296
tabpfn,tabred_weather__gap_maxdiff,source::tabred_weather,M9_optimal_transport,9,9,0,-0.9586056062237088,-11.002258698438423,-21.7372901646324,-0.0785953919919877,1,0,8,ot_disp_v2_selective_top10,0.5457948816529334,-27.688445561301165
tabpfn,tabred_weather__gap_near,source::tabred_weather,M14_groupby_aggregation,5,5,1,-0.7282521710339296,-0.5482845010529726,-0.7282521710339296,-0.7282521710339296,1,0,4,joint_groupby_combined__sel_combined_intersection,0.1715861788708555,-0.7282521710339296
tabpfn,tabred_weather__gap_near,source::tabred_weather,M14b_groupby_shift_features,2,2,2,-0.4056786522246877,-0.4056786522246877,-0.6943110677724593,-0.11704623667691608,1,0,1,groupby_shift_cohen_d__sel_combined_intersection,0.1715861788708555,-0.9829434833202308
tabpfn,tabred_weather__gap_near,source::tabred_weather,M16_nearest_test_distance,7,7,0,-0.2195288686290975,-0.2473800533602737,-0.2956709616913591,-0.18538251424359864,0,0,7,nearest_test_k10_both,-0.1353063553483171,-0.4147181976745855
tabpfn,tabred_weather__gap_near,source::tabred_weather,M18_leaf_density,8,8,0,-0.0972840436016084,-0.025745635227461455,-0.25369790761992717,0.22636031497670892,3,0,5,leaf_density_conf_deep,0.3500285554144959,-0.3336432381092521
tabpfn,tabred_weather__gap_near,source::tabred_weather,M19_neighborhood_consensus,6,6,0,-2.766783525550606,-2.8089132745917276,-2.8813506834143214,-2.7644596355155358,0,0,6,neighbor_consensus_k10_dist_cumshift,-2.6261363291772444,-3.0105515257325024
tabpfn,tabred_weather__gap_near,source::tabred_weather,M1_frequency_encoding,6,6,4,0.0,-0.09799619720484672,-0.3144709837674675,0.12868963415314164,2,2,2,joint_freq_combined__sel_combined_intersection,0.1715861788708555,-0.5118548959475013
tabpfn,tabred_weather__gap_near,source::tabred_weather,M20_cluster_membership,8,8,0,0.0314660898413853,-0.09667716611092594,-0.26266970310639726,0.14715615370405485,4,0,4,cluster_membership_k5_feature,0.1655130365573437,-0.5881842285946282
tabpfn,tabred_weather__gap_near,source::tabred_weather,M2_frequency_ratio,7,7,2,0.0,-0.04860981672523512,0.0,0.0,1,5,1,freq_ratio_log__sel_combined_intersection,0.1715861788708555,-0.5118548959475013
tabpfn,tabred_weather__gap_near,source::tabred_weather,M3_joint_pca,4,4,0,-0.10848627177223395,-0.046165043173704706,-0.21945139434101202,0.06480007939507337,1,0,3,joint_pca_var90,0.2751560156604796,-0.2428436448108305
tabpfn,tabred_weather__gap_near,source::tabred_weather,M3b_joint_tsne,3,3,0,0.6040576800888866,0.4270515005114161,0.19659624220876565,0.7460098486028017,2,0,1,joint_tsne_2d_p50,0.8879620171167167,-0.2108651956713553
tabpfn,tabred_weather__gap_near,source::tabred_weather,M4_target_encoding,12,12,2,0.0,-0.020642372179369543,0.0,0.0,1,10,1,target_enc_ratio__sel_combined_intersection,0.1715861788708555,-0.41929464502329
tabpfn,tabred_weather__gap_near,source::tabred_weather,M5_joint_scaling,1,1,0,-0.1334630517738575,-0.1334630517738575,-0.1334630517738575,-0.1334630517738575,0,0,1,joint_scaling,-0.1334630517738575,-0.1334630517738575
tabpfn,tabred_weather__gap_near,source::tabred_weather,M6_adversarial_validation,7,7,0,-8.562432035504928,-6.984334661760654,-10.202526987005582,-4.338030840681984,0,0,7,adversarial_rf_feature,-0.018985773117375,-11.22780916832714
tabpfn,tabred_weather__gap_near,source::tabred_weather,M8_label_propagation,11,11,0,-14.86314833435017,-14.766829674298178,-17.360227401931226,-12.750389671805511,0,0,11,label_prop_v3_adaptive,-7.172132903072639,-20.884191357756432
tabpfn,tabred_weather__gap_near,source::tabred_weather,M9_optimal_transport,9,9,0,-3.049899108367492,-6.512906344018465,-13.10439036601239,-1.0229018409333543,1,0,8,ot_disp_v2_summary_only,0.3834339791789233,-13.655782487335768
tabpfn,taiwanese_bankruptcy_prediction,source::taiwanese_bankruptcy_prediction,M14_groupby_aggregation,8,8,2,-1.4493847691749784,-2.0236700025641823,-1.9932705036858742,-1.4386886331288768,0,0,8,targeted_groupby_top3,-1.4174325085952042,-4.193225328898899
tabpfn,taiwanese_bankruptcy_prediction,source::taiwanese_bankruptcy_prediction,M14b_groupby_shift_features,6,6,2,-3.5208652712496376,-3.0719577702844387,-4.017490365779619,-2.063849775303437,0,0,6,groupby_shift_cohen_d__sel_combined_intersection,-1.4457740079734345,-4.183032063956278
tabpfn,taiwanese_bankruptcy_prediction,source::taiwanese_bankruptcy_prediction,M16_nearest_test_distance,7,7,0,-0.3882647178052618,-0.272497583757261,-0.8166314093567166,0.6914105090462267,3,0,4,nearest_test_k10_both,0.8824482531082628,-2.1512248209828484
tabpfn,taiwanese_bankruptcy_prediction,source::taiwanese_bankruptcy_prediction,M17_test_directed_augmentation,11,11,0,-2.385825670431017,-1.809958801655462,-3.706115786539744,0.3660324265976244,5,0,6,tdda_v2_k5_lam06_pfl_dw,0.4845523142910469,-4.245611126832787
tabpfn,taiwanese_bankruptcy_prediction,source::taiwanese_bankruptcy_prediction,M18_leaf_density,8,8,0,-1.5988234713024791,-1.4809353988109304,-2.464307283850836,-0.5379773200492235,0,0,8,leaf_density_embed_k10_cumshift,-0.0482861808191773,-2.675720752609064
tabpfn,taiwanese_bankruptcy_prediction,source::taiwanese_bankruptcy_prediction,M19_neighborhood_consensus,6,6,0,-2.5535610831314552,-2.237130266650133,-3.033117080195326,-1.2403518968323755,0,0,6,neighbor_consensus_k5_dist_cumshift,-0.2251402916634369,-4.094934561358489
tabpfn,taiwanese_bankruptcy_prediction,source::taiwanese_bankruptcy_prediction,M1_frequency_encoding,6,6,4,-1.4457740079734345,-1.0079839837649347,-1.5450769594843858,-0.3614435019933586,0,2,4,joint_freq_combined,0.0,-1.5781779433213696
tabpfn,taiwanese_bankruptcy_prediction,source::taiwanese_bankruptcy_prediction,M20_cluster_membership,8,8,0,-1.1855168628729045,-1.3515113779035564,-1.3474610751057465,-1.099174316660529,0,0,8,cluster_membership_k5_feature,-0.9628372707463714,-2.58400606880891
tabpfn,taiwanese_bankruptcy_prediction,source::taiwanese_bankruptcy_prediction,M2_frequency_ratio,7,7,2,0.0,-0.43199313589925775,-0.7228870039867172,0.0,0,5,2,freq_ratio_log,0.0,-1.5781779433213696
tabpfn,taiwanese_bankruptcy_prediction,source::taiwanese_bankruptcy_prediction,M3_joint_pca,4,4,0,-1.4535363338949534,-1.8156747956136028,-2.6211527036626565,-0.6480584258458997,0,0,4,joint_pca_5,-0.3754304165707546,-3.98019609809375
tabpfn,taiwanese_bankruptcy_prediction,source::taiwanese_bankruptcy_prediction,M3b_joint_tsne,3,3,0,-2.731268303365771,-2.567559606304815,-2.9320438404650044,-2.2849297206751036,0,0,3,joint_tsne_3d_p30,-1.838591137984436,-3.1328193775642377
tabpfn,taiwanese_bankruptcy_prediction,source::taiwanese_bankruptcy_prediction,M4_target_encoding,12,12,2,0.0,-0.2519959959412337,0.0,0.0,0,10,2,target_enc_absolute,0.0,-1.5781779433213696
tabpfn,taiwanese_bankruptcy_prediction,source::taiwanese_bankruptcy_prediction,M5_joint_scaling,1,1,0,-1.5656925419669123,-1.5656925419669123,-1.5656925419669123,-1.5656925419669123,0,0,1,joint_scaling,-1.5656925419669123,-1.5656925419669123
tabpfn,taiwanese_bankruptcy_prediction,source::taiwanese_bankruptcy_prediction,M6_adversarial_validation,7,7,0,-1.916636071605372,-2.2973679668852838,-2.8025028123093954,-1.8985872057358444,0,0,7,adversarial_rf_feature,-1.829454452955024,-2.933305207546113
tabpfn,taiwanese_bankruptcy_prediction,source::taiwanese_bankruptcy_prediction,M7_pseudo_labeling,9,9,0,-2.2681147246935853,-1.8121030120431572,-2.3035283236592305,-0.958261724772273,0,0,9,pseudo_label_v2_cal_iso_wfixed_conf90,-0.958261724772273,-2.8633320656833017
tabpfn,taiwanese_bankruptcy_prediction,source::taiwanese_bankruptcy_prediction,M8_label_propagation,11,11,0,-0.8747409215725507,-1.1270684794327304,-1.8322646290837663,-0.6488789129232304,1,0,10,label_prop_weighted_k10_a05,0.203567519596626,-2.322388764773085
tabpfn,taiwanese_bankruptcy_prediction,source::taiwanese_bankruptcy_prediction,M9_optimal_transport,9,9,0,-1.4363472041629604,-3.3688965178510077,-2.3442027547961053,-1.158183575769448,0,0,9,ot_disp_v2_selective_abs,-1.0205612890738196,-10.185313215854269
tabpfn,tschalzev_mbgm,source::tschalzev_mbgm,M14_groupby_aggregation,4,4,0,0.2164032015645121,0.2164032015645121,0.2164032015645121,0.2164032015645121,4,0,0,targeted_groupby_top3,0.2164032015645121,0.2164032015645121
tabpfn,tschalzev_mbgm,source::tschalzev_mbgm,M16_nearest_test_distance,7,7,0,0.1082297424445257,0.14369682676461484,0.0827900186483904,0.23089708871150394,7,0,0,nearest_test_k10_both,0.2496467024033455,0.0206271277846439
tabpfn,tschalzev_mbgm,source::tschalzev_mbgm,M17_test_directed_augmentation,11,11,0,-0.3876006819998844,-0.2995674240738034,-0.4312697400085166,-0.09723923328986869,0,0,11,tdda_v2_k5_lam07_pfl_dw_cumshift,-0.0274230567050665,-0.7406502454438493
tabpfn,tschalzev_mbgm,source::tschalzev_mbgm,M18_leaf_density,8,8,0,0.2780522766739354,0.3448045612850469,0.2212323671420228,0.40805219534486786,8,0,0,leaf_density_embed_k20,0.7095233595010744,0.1903112969069068
tabpfn,tschalzev_mbgm,source::tschalzev_mbgm,M19_neighborhood_consensus,6,6,0,-0.39875186368013515,-0.31547486734466923,-0.4316114181457793,-0.18454433849759402,1,0,5,neighbor_consensus_k10_uniform,0.0841899999362438,-0.6238290435729144
tabpfn,tschalzev_mbgm,source::tschalzev_mbgm,M1_frequency_encoding,6,6,4,0.15804531241452274,0.12594947756747407,0.0863896907805453,0.20753270079514713,5,0,1,joint_freq_separate__sel_combined_intersection,0.253137629373271,-0.1000643692887134
tabpfn,tschalzev_mbgm,source::tschalzev_mbgm,M20_cluster_membership,8,8,0,0.08614071480734604,0.11401834557914632,0.04832604148994118,0.15984307482184892,8,0,0,cluster_membership_k15_both,0.2865951673722279,0.0149429076330073
tabpfn,tschalzev_mbgm,source::tschalzev_mbgm,M2_frequency_ratio,7,7,2,0.2773968441143579,0.15196343729724818,0.0758662361381088,0.285281150256393,6,0,1,freq_ratio_log,0.317894870293539,-0.2538424261161633
tabpfn,tschalzev_mbgm,source::tschalzev_mbgm,M3_joint_pca,3,3,0,0.0034433653747466,-0.015293960403077863,-0.0769407522574946,0.0557214943402511,2,0,1,joint_pca_5,0.1079996233057556,-0.1573248698897358
tabpfn,tschalzev_mbgm,source::tschalzev_mbgm,M3b_joint_tsne,3,3,0,0.2118004086755493,0.17813750582577162,0.1329551249662641,0.24015133811016798,3,0,0,joint_tsne_2d_p50,0.2685022675447867,0.0541098412569789
tabpfn,tschalzev_mbgm,source::tschalzev_mbgm,M4_target_encoding,12,12,2,0.502515202411283,0.49426293615480515,0.48363809077972436,0.5604920592167983,12,0,0,target_enc_diff,0.5744048548416923,0.2641977408063022
tabpfn,tschalzev_mbgm,source::tschalzev_mbgm,M5_joint_scaling,1,1,0,0.0,0.0,0.0,0.0,0,1,0,joint_scaling,0.0,0.0
tabpfn,tschalzev_mbgm,source::tschalzev_mbgm,M6_adversarial_validation,7,7,0,0.0789794028866412,0.06592220667203999,0.0246793644361245,0.11587257761195721,5,0,2,adversarial_lgbm_cal_iso_feature,0.1682005101525386,-0.0668283504310633
tabpfn,tschalzev_mbgm,source::tschalzev_mbgm,M8_label_propagation,11,11,0,0.1211369786154134,0.198515571727521,0.0601919263016242,0.35039618392936506,9,0,2,label_prop_k15_a05,0.5068583888463714,-0.0334131290857642
tabpfn,tschalzev_mbgm,source::tschalzev_mbgm,M9_optimal_transport,7,7,0,0.1538374213994774,0.08355542906595127,-0.0101538940454169,0.1538374213994774,4,0,3,ot_disp_v2_selective,0.1538374213994774,-0.0101538940454169
tabpfn,website_phishing,source::website_phishing,M14_groupby_aggregation,9,0,2,,,,,0,0,0,,,
tabpfn,website_phishing,source::website_phishing,M14b_groupby_shift_features,6,0,2,,,,,0,0,0,,,
tabpfn,website_phishing,source::website_phishing,M16_nearest_test_distance,7,0,0,,,,,0,0,0,,,
tabpfn,website_phishing,source::website_phishing,M17_test_directed_augmentation,12,0,0,,,,,0,0,0,,,
tabpfn,website_phishing,source::website_phishing,M18_leaf_density,8,0,0,,,,,0,0,0,,,
tabpfn,website_phishing,source::website_phishing,M19_neighborhood_consensus,6,0,0,,,,,0,0,0,,,
tabpfn,website_phishing,source::website_phishing,M1_frequency_encoding,6,0,4,,,,,0,0,0,,,
tabpfn,website_phishing,source::website_phishing,M20_cluster_membership,8,0,0,,,,,0,0,0,,,
tabpfn,website_phishing,source::website_phishing,M2_frequency_ratio,7,0,2,,,,,0,0,0,,,
tabpfn,website_phishing,source::website_phishing,M3_joint_pca,4,0,0,,,,,0,0,0,,,
tabpfn,website_phishing,source::website_phishing,M3b_joint_tsne,3,0,0,,,,,0,0,0,,,
tabpfn,website_phishing,source::website_phishing,M4_target_encoding,12,0,2,,,,,0,0,0,,,
tabpfn,website_phishing,source::website_phishing,M5_joint_scaling,1,0,0,,,,,0,0,0,,,
tabpfn,website_phishing,source::website_phishing,M6_adversarial_validation,7,0,0,,,,,0,0,0,,,
tabpfn,website_phishing,source::website_phishing,M7_pseudo_labeling,9,0,0,,,,,0,0,0,,,
tabpfn,website_phishing,source::website_phishing,M8_label_propagation,11,0,0,,,,,0,0,0,,,
tabpfn,website_phishing,source::website_phishing,M9_optimal_transport,9,0,0,,,,,0,0,0,,,
tabpfn,wine_quality,source::wine_quality,M14_groupby_aggregation,9,9,2,-6.449448493085942,-5.6564179662445975,-11.4972456513564,1.390615595169616,3,0,6,joint_groupby_mean_only,2.0658298041622314,-13.225129416739598
tabpfn,wine_quality,source::wine_quality,M14b_groupby_shift_features,6,6,2,1.1317918178696396,0.5492344577426626,0.872968040569663,1.6747255359641822,5,0,1,groupby_shift_ratio_log,1.769428849562371,-3.3800026289777088
tabpfn,wine_quality,source::wine_quality,M16_nearest_test_distance,7,7,0,-13.873658210436783,-14.618306358929676,-18.55430525400778,-10.945754739509296,0,0,7,nearest_test_k10_cumshift_both,-9.92173425274374,-19.53263206229306
tabpfn,wine_quality,source::wine_quality,M17_test_directed_augmentation,11,11,0,-6.285573911493715,-6.583463184570022,-7.407749141019597,-6.191018794128185,0,0,11,tdda_v2_k5_lam06_pfl_dw,-5.498781704580819,-7.564887628598327
tabpfn,wine_quality,source::wine_quality,M18_leaf_density,8,8,0,-1.3175110744392775,-0.7392257284425146,-1.832273497128375,0.21480951824765926,3,0,5,leaf_density_conf_shallow,2.428752702750531,-2.428612084929449
tabpfn,wine_quality,source::wine_quality,M19_neighborhood_consensus,6,6,0,-38.88479713484247,-37.41665166620407,-40.257016965067834,-35.53363702938029,0,0,6,neighbor_consensus_k10_uniform,-23.563216720599737,-48.03609177090388
tabpfn,wine_quality,source::wine_quality,M1_frequency_encoding,6,6,4,-2.1973211579068295,-1.3224264711911697,-2.975770923432904,0.6729658600349417,2,0,4,joint_freq_combined__sel_combined_intersection,1.390615595169616,-3.325006127243578
tabpfn,wine_quality,source::wine_quality,M20_cluster_membership,8,8,0,0.32591289999096973,0.19542984368369698,-0.6060987435378844,0.9712827761854376,4,0,4,cluster_membership_k10_both,1.3098167395855598,-1.110330710871852
tabpfn,wine_quality,source::wine_quality,M2_frequency_ratio,7,7,2,0.8440342849623494,-0.45168368261814934,-2.0019012073966502,0.8485172335311462,4,0,3,freq_ratio_log__sel_combined_intersection,1.390615595169616,-3.089667710728003
tabpfn,wine_quality,source::wine_quality,M3_joint_pca,4,4,0,-3.314169589511704,-3.436489797529663,-4.0894090386557185,-2.6612503483856482,0,0,4,joint_pca_5,-2.374491636364377,-4.743128374730867
tabpfn,wine_quality,source::wine_quality,M3b_joint_tsne,3,3,0,-5.034814058775875,-4.540439393555926,-5.427366284694757,-3.90069983502707,0,0,3,joint_tsne_2d_p50,-2.7665856112782654,-5.819918510613639
tabpfn,wine_quality,source::wine_quality,M4_target_encoding,12,12,2,-1.7944975812125432,-1.7240862024617425,-2.461433944099092,-1.4799833453690807,1,0,11,target_enc_ratio__sel_combined_intersection,1.390615595169616,-2.996141574429013
tabpfn,wine_quality,source::wine_quality,M5_joint_scaling,1,1,0,0.362961181060179,0.362961181060179,0.362961181060179,0.362961181060179,1,0,0,joint_scaling,0.362961181060179,0.362961181060179
tabpfn,wine_quality,source::wine_quality,M6_adversarial_validation,7,7,0,-3.768471660160564,-3.945336653776962,-4.401948758013336,-3.498932673512494,0,0,7,adversarial_logreg_feature,-3.2095020109897847,-4.837620042236727
tabpfn,wine_quality,source::wine_quality,M7_pseudo_labeling,9,9,0,0.136323048250987,-5.3626167628496075,-1.1659373671289868,1.0509612426380068,5,1,3,pseudo_label_v2_cal_iso_wfixed_conf90,1.0509612426380068,-43.640265150675695
tabpfn,wine_quality,source::wine_quality,M8_label_propagation,11,11,0,-19.65494156514577,-21.619408550774896,-30.974834422019974,-13.862970287785071,0,0,11,label_prop_weighted_adaptive_a05,-0.8621404847663023,-40.24940438306359
tabpfn,wine_quality,source::wine_quality,M9_optimal_transport,9,9,0,-13.798959785005463,-12.862512240132428,-16.476584360273854,-2.5812817015557186,0,0,9,ot_disp_v2_summary_only,-0.516593314145685,-27.43952678500304
