model,dataset,source_id,pair,conceptual_family,joint_method_key,train_only_method_key,pair_quality,n_shared_folds,near_perfect_base,joint_mean_error,train_only_mean_error,baseline_mean_error,joint_vs_inductive_pct,train_only_vs_inductive_pct,joint_premium_vs_train_only_pct,joint_premium_on_inductive_scale_pct,absolute_error_decrease_joint_vs_train_only,joint_better_folds,tie_folds,joint_worse_folds
bag8,APSFailure,source::APSFailure,frequency_combined,frequency encoding,joint_freq_combined,freq_enc_train_only,same_hyperparameters,3,True,0.007795399190903867,0.007795399190903867,0.007795399190903867,,,,,0.0,0,3,0
bag8,APSFailure,source::APSFailure,groupby_combined,group-by aggregation,joint_groupby_combined,groupby_train_only,same_hyperparameters,3,True,0.007425056389697967,0.0076288484183115,0.007795399190903867,,,,,0.00020379202861353293,3,0,0
bag8,APSFailure,source::APSFailure,pca_10,principal component analysis,joint_pca_10,pca_train_only_10,same_hyperparameters,3,True,0.007831164970740767,0.007888125350520801,0.007795399190903867,,,,,5.696037978003381e-05,2,0,1
bag8,APSFailure,source::APSFailure,pca_5,principal component analysis,joint_pca_5,pca_train_only_5,same_hyperparameters,3,True,0.007764144555041367,0.008007473060265067,0.007795399190903867,,,,,0.0002433285052236998,3,0,0
bag8,APSFailure,source::APSFailure,pca_var90,principal component analysis,joint_pca_var90,pca_train_only_var90,same_hyperparameters,3,True,0.007633040014952967,0.0077590881471763665,0.007795399190903867,,,,,0.0001260481322233999,2,0,1
bag8,APSFailure,source::APSFailure,pca_var95,principal component analysis,joint_pca_var95,pca_train_only_var95,same_hyperparameters,3,True,0.0074688557921866,0.007591147697463965,0.007795399190903867,,,,,0.0001222919052773653,1,0,2
bag8,APSFailure,source::APSFailure,scaling_train_only,scaling,joint_scaling,train_only_scaling,closer_pair_but_cat_encoding_also_differs,3,True,0.0079726614603654,0.007911643090807866,0.007795399190903867,,,,,-6.101836955753337e-05,2,0,1
bag8,APSFailure,source::APSFailure,target_m10,target encoding,target_enc_ratio,target_enc_standard_m10,loose_regularization_sensitivity,3,True,0.007795399190903867,0.007795399190903867,0.007795399190903867,,,,,0.0,0,3,0
bag8,APSFailure,source::APSFailure,target_m20,target encoding,target_enc_ratio,target_enc_standard_m20,loose_regularization_sensitivity,3,True,0.007795399190903867,0.007795399190903867,0.007795399190903867,,,,,0.0,0,3,0
bag8,APSFailure,source::APSFailure,target_m5,target encoding,target_enc_ratio,target_enc_standard_m5,loose_regularization_sensitivity,3,True,0.007795399190903867,0.007795399190903867,0.007795399190903867,,,,,0.0,0,3,0
bag8,Amazon_employee_access,source::Amazon_employee_access,frequency_combined,frequency encoding,joint_freq_combined,freq_enc_train_only,same_hyperparameters,3,False,0.1461515967812388,0.1435296562432129,0.1552508090685012,5.860975760356627,7.5498175472416245,-1.8267587386839261,-1.6888417868849972,-0.002621940538025891,0,0,3
bag8,Amazon_employee_access,source::Amazon_employee_access,groupby_combined,group-by aggregation,joint_groupby_combined,groupby_train_only,same_hyperparameters,3,False,0.1552508090685012,0.1552508090685012,0.1552508090685012,0.0,0.0,0.0,0.0,0.0,0,3,0
bag8,Amazon_employee_access,source::Amazon_employee_access,pca_10,principal component analysis,joint_pca_10,pca_train_only_10,same_hyperparameters,3,False,0.1552508090685012,0.1552508090685012,0.1552508090685012,0.0,0.0,0.0,0.0,0.0,0,3,0
bag8,Amazon_employee_access,source::Amazon_employee_access,pca_5,principal component analysis,joint_pca_5,pca_train_only_5,same_hyperparameters,3,False,0.1552508090685012,0.1552508090685012,0.1552508090685012,0.0,0.0,0.0,0.0,0.0,0,3,0
bag8,Amazon_employee_access,source::Amazon_employee_access,pca_var90,principal component analysis,joint_pca_var90,pca_train_only_var90,same_hyperparameters,3,False,0.1552508090685012,0.1552508090685012,0.1552508090685012,0.0,0.0,0.0,0.0,0.0,0,3,0
bag8,Amazon_employee_access,source::Amazon_employee_access,pca_var95,principal component analysis,joint_pca_var95,pca_train_only_var95,same_hyperparameters,3,False,0.1552508090685012,0.1552508090685012,0.1552508090685012,0.0,0.0,0.0,0.0,0.0,0,3,0
bag8,Amazon_employee_access,source::Amazon_employee_access,scaling_train_only,scaling,joint_scaling,train_only_scaling,closer_pair_but_cat_encoding_also_differs,3,False,0.1552508090685012,0.1552508090685012,0.1552508090685012,0.0,0.0,0.0,0.0,0.0,0,3,0
bag8,Amazon_employee_access,source::Amazon_employee_access,target_m10,target encoding,target_enc_ratio,target_enc_standard_m10,loose_regularization_sensitivity,3,False,0.17828224905967616,0.18262578472960864,0.1552508090685012,-14.834988705928623,-17.63274267319844,2.3783802908025367,2.7977539672698164,0.00434353566993248,2,0,1
bag8,Amazon_employee_access,source::Amazon_employee_access,target_m20,target encoding,target_enc_ratio,target_enc_standard_m20,loose_regularization_sensitivity,3,False,0.17828224905967616,0.18833357353427904,0.1552508090685012,-14.834988705928623,-21.309238041510472,5.336979639890611,6.47424933558185,0.010051324474602885,3,0,0
bag8,Amazon_employee_access,source::Amazon_employee_access,target_m5,target encoding,target_enc_ratio,target_enc_standard_m5,loose_regularization_sensitivity,3,False,0.17828224905967616,0.1841455937348623,0.1552508090685012,-14.834988705928623,-18.611680570123077,3.18408089830721,3.776691864194454,0.0058633446751861495,3,0,0
bag8,Another-Dataset-on-used-Fiat-500,source::Another-Dataset-on-used-Fiat-500,frequency_combined,frequency encoding,joint_freq_combined,freq_enc_train_only,same_hyperparameters,3,False,748.4780342430635,748.4780342430635,748.4780342430635,0.0,0.0,0.0,0.0,0.0,0,3,0
bag8,Another-Dataset-on-used-Fiat-500,source::Another-Dataset-on-used-Fiat-500,groupby_combined,group-by aggregation,joint_groupby_combined,groupby_train_only,same_hyperparameters,3,False,748.4780342430635,748.4780342430635,748.4780342430635,0.0,0.0,0.0,0.0,0.0,0,3,0
bag8,Another-Dataset-on-used-Fiat-500,source::Another-Dataset-on-used-Fiat-500,pca_10,principal component analysis,joint_pca_10,pca_train_only_10,same_hyperparameters,3,False,749.551451981692,752.1306119092916,748.4780342430635,-0.14341339217978682,-0.4880006492003444,0.3429138352782022,0.3445872570205576,2.5791599275995623,2,0,1
bag8,Another-Dataset-on-used-Fiat-500,source::Another-Dataset-on-used-Fiat-500,pca_5,principal component analysis,joint_pca_5,pca_train_only_5,same_hyperparameters,3,False,746.5428378101296,748.3963346418928,748.4780342430635,0.2585508651420729,0.010915430705088795,0.24766246786204615,0.24763543443698416,1.8534968317632092,2,0,1
bag8,Another-Dataset-on-used-Fiat-500,source::Another-Dataset-on-used-Fiat-500,pca_var90,principal component analysis,joint_pca_var90,pca_train_only_var90,same_hyperparameters,3,False,748.8384658999022,749.5872127812058,748.4780342430635,-0.04815527515155905,-0.14819119431662234,0.09988789410181609,0.1000359191650633,0.7487468813036458,3,0,0
bag8,Another-Dataset-on-used-Fiat-500,source::Another-Dataset-on-used-Fiat-500,pca_var95,principal component analysis,joint_pca_var95,pca_train_only_var95,same_hyperparameters,3,False,746.5428378101296,748.3963346418928,748.4780342430635,0.2585508651420729,0.010915430705088795,0.24766246786204615,0.24763543443698416,1.8534968317632092,2,0,1
bag8,Another-Dataset-on-used-Fiat-500,source::Another-Dataset-on-used-Fiat-500,scaling_train_only,scaling,joint_scaling,train_only_scaling,closer_pair_but_cat_encoding_also_differs,3,False,746.6773549752951,747.5528816954092,748.4780342430635,0.2405787725740545,0.12360450211340059,0.11711903486057335,0.11697427046065391,0.8755267201140668,2,0,1
bag8,Another-Dataset-on-used-Fiat-500,source::Another-Dataset-on-used-Fiat-500,target_m10,target encoding,target_enc_ratio,target_enc_standard_m10,loose_regularization_sensitivity,3,False,748.4780342430635,748.4780342430635,748.4780342430635,0.0,0.0,0.0,0.0,0.0,0,3,0
bag8,Another-Dataset-on-used-Fiat-500,source::Another-Dataset-on-used-Fiat-500,target_m20,target encoding,target_enc_ratio,target_enc_standard_m20,loose_regularization_sensitivity,3,False,748.4780342430635,748.4780342430635,748.4780342430635,0.0,0.0,0.0,0.0,0.0,0,3,0
bag8,Another-Dataset-on-used-Fiat-500,source::Another-Dataset-on-used-Fiat-500,target_m5,target encoding,target_enc_ratio,target_enc_standard_m5,loose_regularization_sensitivity,3,False,748.4780342430635,748.4780342430635,748.4780342430635,0.0,0.0,0.0,0.0,0.0,0,3,0
bag8,Bank_Customer_Churn,source::Bank_Customer_Churn,frequency_combined,frequency encoding,joint_freq_combined,freq_enc_train_only,same_hyperparameters,3,False,0.13416902504821113,0.13416902504821113,0.1341471949045324,-0.016273276302401808,-0.016273276302401808,0.0,0.0,0.0,0,3,0
bag8,Bank_Customer_Churn,source::Bank_Customer_Churn,groupby_combined,group-by aggregation,joint_groupby_combined,groupby_train_only,same_hyperparameters,3,False,0.13429500265521074,0.13429500265521074,0.1341471949045324,-0.11018325860897944,-0.11018325860897944,0.0,0.0,0.0,0,3,0
bag8,Bank_Customer_Churn,source::Bank_Customer_Churn,pca_10,principal component analysis,joint_pca_10,pca_train_only_10,same_hyperparameters,3,False,0.13437326248505663,0.13410759433639916,0.1341471949045324,-0.16852203334189747,0.02952023570930269,-0.19810074885920528,-0.19804226905120015,-0.0002656681486574719,1,0,2
bag8,Bank_Customer_Churn,source::Bank_Customer_Churn,pca_5,principal component analysis,joint_pca_5,pca_train_only_5,same_hyperparameters,3,False,0.1350671486275372,0.13459455079837992,0.1341471949045324,-0.6857793214830121,-0.33348136289089075,-0.35112701543556873,-0.3522979585921214,-0.0004725978291572619,1,0,2
bag8,Bank_Customer_Churn,source::Bank_Customer_Churn,pca_var90,principal component analysis,joint_pca_var90,pca_train_only_var90,same_hyperparameters,3,False,0.13437326248505663,0.13410759433639916,0.1341471949045324,-0.16852203334189747,0.02952023570930269,-0.19810074885920528,-0.19804226905120015,-0.0002656681486574719,1,0,2
bag8,Bank_Customer_Churn,source::Bank_Customer_Churn,pca_var95,principal component analysis,joint_pca_var95,pca_train_only_var95,same_hyperparameters,3,False,0.13437326248505663,0.13410759433639916,0.1341471949045324,-0.16852203334189747,0.02952023570930269,-0.19810074885920528,-0.19804226905120015,-0.0002656681486574719,1,0,2
bag8,Bank_Customer_Churn,source::Bank_Customer_Churn,scaling_train_only,scaling,joint_scaling,train_only_scaling,closer_pair_but_cat_encoding_also_differs,3,False,0.13392215404539973,0.13386790655149883,0.1341471949045324,0.16775666408292536,0.20819544771869622,-0.04052315099140713,-0.040438783635770845,-5.424749390089967e-05,1,0,2
bag8,Bank_Customer_Churn,source::Bank_Customer_Churn,target_m10,target encoding,target_enc_ratio,target_enc_standard_m10,loose_regularization_sensitivity,3,False,0.13414590009439034,0.13414590009439034,0.1341471949045324,0.0009652159651724678,0.0009652159651724678,0.0,0.0,0.0,0,3,0
bag8,Bank_Customer_Churn,source::Bank_Customer_Churn,target_m20,target encoding,target_enc_ratio,target_enc_standard_m20,loose_regularization_sensitivity,3,False,0.13414590009439034,0.13414590009439034,0.1341471949045324,0.0009652159651724678,0.0009652159651724678,0.0,0.0,0.0,0,3,0
bag8,Bank_Customer_Churn,source::Bank_Customer_Churn,target_m5,target encoding,target_enc_ratio,target_enc_standard_m5,loose_regularization_sensitivity,3,False,0.13414590009439034,0.13414590009439034,0.1341471949045324,0.0009652159651724678,0.0009652159651724678,0.0,0.0,0.0,0,3,0
bag8,Bioresponse,source::Bioresponse,frequency_combined,frequency encoding,joint_freq_combined,freq_enc_train_only,same_hyperparameters,3,False,0.12509248702085657,0.12509248702085657,0.12509248702085657,0.0,0.0,0.0,0.0,0.0,0,3,0
bag8,Bioresponse,source::Bioresponse,pca_10,principal component analysis,joint_pca_10,pca_train_only_10,same_hyperparameters,3,False,0.12664905661708697,0.12702431028775843,0.12509248702085657,-1.2443349982888106,-1.5443159800474424,0.29541878229557983,0.299980981758632,0.0003752536706714549,2,0,1
bag8,Bioresponse,source::Bioresponse,pca_5,principal component analysis,joint_pca_5,pca_train_only_5,same_hyperparameters,3,False,0.1259931993321698,0.12528298415339137,0.12509248702085657,-0.720037096362988,-0.15228503091719564,-0.5668887786938922,-0.5677520654457923,-0.0007102151787784228,0,0,3
bag8,Bioresponse,source::Bioresponse,pca_var90,principal component analysis,joint_pca_var90,pca_train_only_var90,same_hyperparameters,3,False,0.13593806886560442,0.13334499722513427,0.12509248702085657,-8.670050538638321,-6.5971269744615135,-1.9446336153819965,-2.0729235641768082,-0.0025930716404701515,1,0,2
bag8,Bioresponse,source::Bioresponse,pca_var95,principal component analysis,joint_pca_var95,pca_train_only_var95,same_hyperparameters,3,False,0.13948893175599375,0.1364235923495526,0.12509248702085657,-11.508640589052222,-9.058182148706338,-2.246927641801841,-2.4504584403458836,-0.0030653394064411588,1,0,2
bag8,Bioresponse,source::Bioresponse,scaling_train_only,scaling,joint_scaling,train_only_scaling,closer_pair_but_cat_encoding_also_differs,3,False,0.12559902735040573,0.12500465157649035,0.12509248702085657,-0.40493265551967994,0.07021640264580725,-0.47548292517073715,-0.4751490581654872,-0.0005943757739153843,1,0,2
bag8,Bioresponse,source::Bioresponse,target_m10,target encoding,target_enc_ratio,target_enc_standard_m10,loose_regularization_sensitivity,3,False,0.12509248702085657,0.12509248702085657,0.12509248702085657,0.0,0.0,0.0,0.0,0.0,0,3,0
bag8,Bioresponse,source::Bioresponse,target_m20,target encoding,target_enc_ratio,target_enc_standard_m20,loose_regularization_sensitivity,3,False,0.12509248702085657,0.12509248702085657,0.12509248702085657,0.0,0.0,0.0,0.0,0.0,0,3,0
bag8,Bioresponse,source::Bioresponse,target_m5,target encoding,target_enc_ratio,target_enc_standard_m5,loose_regularization_sensitivity,3,False,0.12509248702085657,0.12509248702085657,0.12509248702085657,0.0,0.0,0.0,0.0,0.0,0,3,0
bag8,Diabetes130US,source::diabetes_130_us,frequency_combined,frequency encoding,joint_freq_combined,freq_enc_train_only,same_hyperparameters,3,False,0.35034766255869343,0.350886499007689,0.3529402335997825,0.7345637573382799,0.5818930222680003,0.15356431510456675,0.15267073507027962,0.0005388364489955499,1,0,2
bag8,Diabetes130US,source::diabetes_130_us,groupby_combined,group-by aggregation,joint_groupby_combined,groupby_train_only,same_hyperparameters,3,False,0.34878763285278463,0.3482788156524302,0.3529402335997825,1.1765733548266166,1.3207386133931491,-0.14609478885509689,-0.14416525856653242,-0.00050881720035445,0,0,3
bag8,Diabetes130US,source::diabetes_130_us,pca_10,principal component analysis,joint_pca_10,pca_train_only_10,same_hyperparameters,3,False,0.35286485313658805,0.352837045758918,0.3529402335997825,0.02135785496190239,0.029236633016315124,-0.007881082217498378,-0.007878778054412734,-2.7807377670052702e-05,1,0,2
bag8,Diabetes130US,source::diabetes_130_us,pca_5,principal component analysis,joint_pca_5,pca_train_only_5,same_hyperparameters,3,False,0.35301056807426884,0.3521552876311152,0.3529402335997825,-0.019928154341876562,0.22240195192860499,-0.242870254457048,-0.24233010627048154,-0.0008552804431536387,0,0,3
bag8,Diabetes130US,source::diabetes_130_us,pca_var90,principal component analysis,joint_pca_var90,pca_train_only_var90,same_hyperparameters,3,False,0.35281687200056516,0.35250555957671675,0.3529402335997825,0.03495254648616149,0.12315796888111076,-0.08831418835556183,-0.08820542239494927,-0.00031131242384840885,1,0,2
bag8,Diabetes130US,source::diabetes_130_us,pca_var95,principal component analysis,joint_pca_var95,pca_train_only_var95,same_hyperparameters,3,False,0.35286485313658805,0.352837045758918,0.3529402335997825,0.02135785496190239,0.029236633016315124,-0.007881082217498378,-0.007878778054412734,-2.7807377670052702e-05,1,0,2
bag8,Diabetes130US,source::diabetes_130_us,scaling_train_only,scaling,joint_scaling,train_only_scaling,closer_pair_but_cat_encoding_also_differs,3,False,0.3529402335997825,0.3529402335997825,0.3529402335997825,0.0,0.0,0.0,0.0,0.0,0,3,0
bag8,Diabetes130US,source::diabetes_130_us,target_m10,target encoding,target_enc_ratio,target_enc_standard_m10,loose_regularization_sensitivity,3,False,0.36087818739576133,0.36052681963750005,0.3529402335997825,-2.2490929172388148,-2.1495384531082924,-0.09745953397158336,-0.09955446413052269,-0.0003513677582612784,0,0,3
bag8,Diabetes130US,source::diabetes_130_us,target_m20,target encoding,target_enc_ratio,target_enc_standard_m20,loose_regularization_sensitivity,3,False,0.36087818739576133,0.35767272045153975,0.3529402335997825,-2.2490929172388148,-1.3408748567678663,-0.8962011249208146,-0.9082180604709487,-0.00320546694422158,0,0,3
bag8,Diabetes130US,source::diabetes_130_us,target_m5,target encoding,target_enc_ratio,target_enc_standard_m5,loose_regularization_sensitivity,3,False,0.36087818739576133,0.3637311505780528,0.3529402335997825,-2.2490929172388148,-3.0574346450132035,0.7843604205351752,0.8083417277743888,0.002852963182291446,3,0,0
bag8,E-CommereShippingData,source::E-CommereShippingData,frequency_combined,frequency encoding,joint_freq_combined,freq_enc_train_only,same_hyperparameters,3,False,0.2595955419785389,0.2588196632027799,0.25874591438248,-0.3283636760358515,-0.028502409584273535,-0.2997758231186381,-0.29986126645157796,-0.0007758787757590202,1,0,2
bag8,E-CommereShippingData,source::E-CommereShippingData,groupby_combined,group-by aggregation,joint_groupby_combined,groupby_train_only,same_hyperparameters,3,False,0.26008919582442236,0.26056691817737626,0.25874591438248,-0.5191507835585367,-0.7037806951434321,0.18333960285346015,0.18462991158489545,0.0004777223529539021,2,0,1
bag8,E-CommereShippingData,source::E-CommereShippingData,pca_10,principal component analysis,joint_pca_10,pca_train_only_10,same_hyperparameters,3,False,0.25845357908797456,0.2614565624199597,0.25874591438248,0.11298160792340876,-1.0476099860161538,1.148559173344303,1.1605915939395626,0.0030029833319851207,3,0,0
bag8,E-CommereShippingData,source::E-CommereShippingData,pca_5,principal component analysis,joint_pca_5,pca_train_only_5,same_hyperparameters,3,False,0.25719208463186144,0.2569199240589945,0.25874591438248,0.6005233954425622,0.7057078863808933,-0.10593206185303393,-0.10518449093833118,-0.00027216057286694184,1,0,2
bag8,E-CommereShippingData,source::E-CommereShippingData,pca_var90,principal component analysis,joint_pca_var90,pca_train_only_var90,same_hyperparameters,3,False,0.25719208463186144,0.2569199240589945,0.25874591438248,0.6005233954425622,0.7057078863808933,-0.10593206185303393,-0.10518449093833118,-0.00027216057286694184,1,0,2
bag8,E-CommereShippingData,source::E-CommereShippingData,pca_var95,principal component analysis,joint_pca_var95,pca_train_only_var95,same_hyperparameters,3,False,0.25845357908797456,0.2614565624199597,0.25874591438248,0.11298160792340876,-1.0476099860161538,1.148559173344303,1.1605915939395626,0.0030029833319851207,3,0,0
bag8,E-CommereShippingData,source::E-CommereShippingData,scaling_train_only,scaling,joint_scaling,train_only_scaling,closer_pair_but_cat_encoding_also_differs,3,False,0.25986981804607767,0.25974085912115225,0.25874591438248,-0.43436576236573776,-0.38452577736222643,-0.049649071525275666,-0.04983998500351136,-0.00012895892492542638,0,1,2
bag8,E-CommereShippingData,source::E-CommereShippingData,target_m10,target encoding,target_enc_ratio,target_enc_standard_m10,loose_regularization_sensitivity,3,False,0.2593065499044503,0.2593065499044503,0.25874591438248,-0.2166741543758411,-0.2166741543758411,0.0,0.0,0.0,0,3,0
bag8,E-CommereShippingData,source::E-CommereShippingData,target_m20,target encoding,target_enc_ratio,target_enc_standard_m20,loose_regularization_sensitivity,3,False,0.2593065499044503,0.2593065499044503,0.25874591438248,-0.2166741543758411,-0.2166741543758411,0.0,0.0,0.0,0,3,0
bag8,E-CommereShippingData,source::E-CommereShippingData,target_m5,target encoding,target_enc_ratio,target_enc_standard_m5,loose_regularization_sensitivity,3,False,0.2593065499044503,0.2593065499044503,0.25874591438248,-0.2166741543758411,-0.2166741543758411,0.0,0.0,0.0,0,3,0
bag8,Fitness_Club,source::Fitness_Club,frequency_combined,frequency encoding,joint_freq_combined,freq_enc_train_only,same_hyperparameters,3,False,0.19657491478511813,0.1966622606297654,0.19806031347407185,0.7499729061815205,0.7058722768756299,0.04441413638162216,0.04410062930589056,8.734584464728523e-05,1,0,2
bag8,Fitness_Club,source::Fitness_Club,groupby_combined,group-by aggregation,joint_groupby_combined,groupby_train_only,same_hyperparameters,3,False,0.19863834181765652,0.19785754095794472,0.19806031347407185,-0.29184460705215376,0.10237917560080809,-0.39462779934061837,-0.3942237826529618,-0.0007808008597117999,1,0,2
bag8,Fitness_Club,source::Fitness_Club,pca_10,principal component analysis,joint_pca_10,pca_train_only_10,same_hyperparameters,3,False,0.1980364555064348,0.19838761199680977,0.19806031347407185,0.012045809288373828,-0.16525194623644726,0.1770052509027636,0.1772977555248211,0.0003511564903749542,2,0,1
bag8,Fitness_Club,source::Fitness_Club,pca_5,principal component analysis,joint_pca_5,pca_train_only_5,same_hyperparameters,3,False,0.1980364555064348,0.19838761199680977,0.19806031347407185,0.012045809288373828,-0.16525194623644726,0.1770052509027636,0.1772977555248211,0.0003511564903749542,2,0,1
bag8,Fitness_Club,source::Fitness_Club,pca_var90,principal component analysis,joint_pca_var90,pca_train_only_var90,same_hyperparameters,3,False,0.1980364555064348,0.19838761199680977,0.19806031347407185,0.012045809288373828,-0.16525194623644726,0.1770052509027636,0.1772977555248211,0.0003511564903749542,2,0,1
bag8,Fitness_Club,source::Fitness_Club,pca_var95,principal component analysis,joint_pca_var95,pca_train_only_var95,same_hyperparameters,3,False,0.1980364555064348,0.19838761199680977,0.19806031347407185,0.012045809288373828,-0.16525194623644726,0.1770052509027636,0.1772977555248211,0.0003511564903749542,2,0,1
bag8,Fitness_Club,source::Fitness_Club,scaling_train_only,scaling,joint_scaling,train_only_scaling,closer_pair_but_cat_encoding_also_differs,3,False,0.1980891303671031,0.19778407633767495,0.19806031347407185,-0.01454955438865321,0.13947122043360222,-0.15423588949968725,-0.1540207748222554,-0.0003050540294281534,1,0,2
bag8,Fitness_Club,source::Fitness_Club,target_m10,target encoding,target_enc_ratio,target_enc_standard_m10,loose_regularization_sensitivity,3,False,0.19822094726157705,0.19822094726157705,0.19806031347407185,-0.08110347029528554,-0.08110347029528554,0.0,0.0,0.0,0,3,0
bag8,Fitness_Club,source::Fitness_Club,target_m20,target encoding,target_enc_ratio,target_enc_standard_m20,loose_regularization_sensitivity,3,False,0.19822094726157705,0.1983474518758329,0.19806031347407185,-0.08110347029528554,-0.14497523341475618,0.0637792989319737,0.06387176311947063,0.00012650461425584014,1,2,0
bag8,Fitness_Club,source::Fitness_Club,target_m5,target encoding,target_enc_ratio,target_enc_standard_m5,loose_regularization_sensitivity,3,False,0.19822094726157705,0.19822094726157705,0.19806031347407185,-0.08110347029528554,-0.08110347029528554,0.0,0.0,0.0,0,3,0
bag8,Food_Delivery_Time,source::Food_Delivery_Time,frequency_combined,frequency encoding,joint_freq_combined,freq_enc_train_only,same_hyperparameters,3,False,7.611504315683697,7.6113497891990045,7.61254331638673,0.013648535842104263,0.015678428852497563,-0.0020302113156299762,-0.0020298930103932996,-0.00015452648469249652,2,0,1
bag8,Food_Delivery_Time,source::Food_Delivery_Time,groupby_combined,group-by aggregation,joint_groupby_combined,groupby_train_only,same_hyperparameters,3,False,7.610687552126403,7.610591076995753,7.61254331638673,0.02437771692322924,0.025645034909347164,-0.0012676430736266826,-0.0012673179861179252,-9.647513064958702e-05,1,1,1
bag8,Food_Delivery_Time,source::Food_Delivery_Time,pca_10,principal component analysis,joint_pca_10,pca_train_only_10,same_hyperparameters,3,False,7.625341210791166,7.624989115160833,7.61254331638673,-0.16811588285989912,-0.16349067922296834,-0.0046176542027105945,-0.004625203636930774,-0.0003520956303324496,2,0,1
bag8,Food_Delivery_Time,source::Food_Delivery_Time,pca_5,principal component analysis,joint_pca_5,pca_train_only_5,same_hyperparameters,3,False,7.624630609820838,7.627060389951229,7.61254331638673,-0.15878127626662228,-0.19069938864255337,0.031857360584059614,0.03191811237593107,0.0024297801303907463,2,0,1
bag8,Food_Delivery_Time,source::Food_Delivery_Time,pca_var90,principal component analysis,joint_pca_var90,pca_train_only_var90,same_hyperparameters,3,False,7.61784170384378,7.624998278552045,7.61254331638673,-0.06960075282126749,-0.16361105149319657,0.09385673867488588,0.09401029867192909,0.00715657470826514,3,0,0
bag8,Food_Delivery_Time,source::Food_Delivery_Time,pca_var95,principal component analysis,joint_pca_var95,pca_train_only_var95,same_hyperparameters,3,False,7.61784170384378,7.624998278552045,7.61254331638673,-0.06960075282126749,-0.16361105149319657,0.09385673867488588,0.09401029867192909,0.00715657470826514,3,0,0
bag8,Food_Delivery_Time,source::Food_Delivery_Time,scaling_train_only,scaling,joint_scaling,train_only_scaling,closer_pair_but_cat_encoding_also_differs,3,False,7.609661858594641,7.60749313278707,7.61254331638673,0.03785144691244545,0.06634029377263038,-0.028507758991247727,-0.028488846860184942,-0.0021687258075706595,1,0,2
bag8,Food_Delivery_Time,source::Food_Delivery_Time,target_m10,target encoding,target_enc_ratio,target_enc_standard_m10,loose_regularization_sensitivity,3,False,7.660821302537523,7.671541894515463,7.61254331638673,-0.634189969689507,-0.7750179628105776,0.13974494469754487,0.14082799312107055,0.01072059197793962,3,0,0
bag8,Food_Delivery_Time,source::Food_Delivery_Time,target_m20,target encoding,target_enc_ratio,target_enc_standard_m20,loose_regularization_sensitivity,3,False,7.660821302537523,7.669354125710694,7.61254331638673,-0.634189969689507,-0.7462789630592073,0.11125869314816089,0.11208899336970021,0.008532823173170279,3,0,0
bag8,Food_Delivery_Time,source::Food_Delivery_Time,target_m5,target encoding,target_enc_ratio,target_enc_standard_m5,loose_regularization_sensitivity,3,False,7.660821302537523,7.678439702644965,7.61254331638673,-0.634189969689507,-0.865629048262849,0.2294528678967555,0.231439078573342,0.017618400107441978,3,0,0
bag8,GiveMeSomeCredit,source::GiveMeSomeCredit,frequency_combined,frequency encoding,joint_freq_combined,freq_enc_train_only,same_hyperparameters,3,False,0.13467859812932512,0.13467859812932512,0.13467859812932512,0.0,0.0,0.0,0.0,0.0,0,3,0
bag8,GiveMeSomeCredit,source::GiveMeSomeCredit,groupby_combined,group-by aggregation,joint_groupby_combined,groupby_train_only,same_hyperparameters,3,False,0.13510655334409075,0.1350329748765773,0.13467859812932512,-0.31776037225653747,-0.2631277368300967,-0.054489259072228506,-0.05463263542644075,-7.357846751343544e-05,0,0,3
bag8,GiveMeSomeCredit,source::GiveMeSomeCredit,pca_10,principal component analysis,joint_pca_10,pca_train_only_10,same_hyperparameters,3,False,0.13453361843885905,0.13457564342739317,0.13467859812932512,0.10764864832261321,0.07644473833406196,0.031227781984777055,0.03120390998855126,4.202498853411729e-05,2,0,1
bag8,GiveMeSomeCredit,source::GiveMeSomeCredit,pca_5,principal component analysis,joint_pca_5,pca_train_only_5,same_hyperparameters,3,False,0.13458467092251392,0.13455880478683738,0.13467859812932512,0.06974174673321674,0.08894757159018539,-0.019222923180326194,-0.01920582485696865,-2.5866135676538837e-05,2,0,1
bag8,GiveMeSomeCredit,source::GiveMeSomeCredit,pca_var90,principal component analysis,joint_pca_var90,pca_train_only_var90,same_hyperparameters,3,False,0.13483584820150873,0.1346474946355985,0.13467859812932512,-0.11675951069272231,0.023094607575847026,-0.13988642448935704,-0.13985411826856933,-0.00018835356591023755,1,0,2
bag8,GiveMeSomeCredit,source::GiveMeSomeCredit,pca_var95,principal component analysis,joint_pca_var95,pca_train_only_var95,same_hyperparameters,3,False,0.13481998328201092,0.13462278926948187,0.13467859812932512,-0.10497967357073114,0.041438551201470206,-0.14647892351592184,-0.14641822477220134,-0.000197194012529045,0,0,3
bag8,GiveMeSomeCredit,source::GiveMeSomeCredit,scaling_train_only,scaling,joint_scaling,train_only_scaling,closer_pair_but_cat_encoding_also_differs,3,False,0.13455119458493603,0.13448909341349244,0.13467859812932512,0.09459821096945802,0.1407088568375994,-0.046175619053849745,-0.04611064586814139,-6.21011714435904e-05,1,0,2
bag8,GiveMeSomeCredit,source::GiveMeSomeCredit,target_m10,target encoding,target_enc_ratio,target_enc_standard_m10,loose_regularization_sensitivity,3,False,0.13467859812932512,0.13467859812932512,0.13467859812932512,0.0,0.0,0.0,0.0,0.0,0,3,0
bag8,GiveMeSomeCredit,source::GiveMeSomeCredit,target_m20,target encoding,target_enc_ratio,target_enc_standard_m20,loose_regularization_sensitivity,3,False,0.13467859812932512,0.13467859812932512,0.13467859812932512,0.0,0.0,0.0,0.0,0.0,0,3,0
bag8,GiveMeSomeCredit,source::GiveMeSomeCredit,target_m5,target encoding,target_enc_ratio,target_enc_standard_m5,loose_regularization_sensitivity,3,False,0.13467859812932512,0.13467859812932512,0.13467859812932512,0.0,0.0,0.0,0.0,0.0,0,3,0
bag8,HR_Analytics_Job_Change_of_Data_Scientists,source::HR_Analytics_Job_Change_of_Data_Scientists,frequency_combined,frequency encoding,joint_freq_combined,freq_enc_train_only,same_hyperparameters,3,False,0.19752576838332384,0.1973727683466268,0.19807157913220882,0.27556237562011443,0.35280719659209453,-0.07751831115240239,-0.07724482097198007,-0.00015300003669704854,1,0,2
bag8,HR_Analytics_Job_Change_of_Data_Scientists,source::HR_Analytics_Job_Change_of_Data_Scientists,groupby_combined,group-by aggregation,joint_groupby_combined,groupby_train_only,same_hyperparameters,3,False,0.196467253035108,0.19649013578047506,0.19807157913220882,0.8099728916837489,0.7984201260283723,0.011645747648428025,0.0115527656553765,2.2882745367047708e-05,2,0,1
bag8,HR_Analytics_Job_Change_of_Data_Scientists,source::HR_Analytics_Job_Change_of_Data_Scientists,pca_10,principal component analysis,joint_pca_10,pca_train_only_10,same_hyperparameters,3,False,0.19851807992732595,0.19798799579163726,0.19807157913220882,-0.2254239588906882,0.04219855313809505,-0.26773549253286927,-0.26762251202878323,-0.0005300841356886965,1,0,2
bag8,HR_Analytics_Job_Change_of_Data_Scientists,source::HR_Analytics_Job_Change_of_Data_Scientists,pca_5,principal component analysis,joint_pca_5,pca_train_only_5,same_hyperparameters,3,False,0.19851807992732595,0.19798799579163726,0.19807157913220882,-0.2254239588906882,0.04219855313809505,-0.26773549253286927,-0.26762251202878323,-0.0005300841356886965,1,0,2
bag8,HR_Analytics_Job_Change_of_Data_Scientists,source::HR_Analytics_Job_Change_of_Data_Scientists,pca_var90,principal component analysis,joint_pca_var90,pca_train_only_var90,same_hyperparameters,3,False,0.19851807992732595,0.19798799579163726,0.19807157913220882,-0.2254239588906882,0.04219855313809505,-0.26773549253286927,-0.26762251202878323,-0.0005300841356886965,1,0,2
bag8,HR_Analytics_Job_Change_of_Data_Scientists,source::HR_Analytics_Job_Change_of_Data_Scientists,pca_var95,principal component analysis,joint_pca_var95,pca_train_only_var95,same_hyperparameters,3,False,0.19851807992732595,0.19798799579163726,0.19807157913220882,-0.2254239588906882,0.04219855313809505,-0.26773549253286927,-0.26762251202878323,-0.0005300841356886965,1,0,2
bag8,HR_Analytics_Job_Change_of_Data_Scientists,source::HR_Analytics_Job_Change_of_Data_Scientists,scaling_train_only,scaling,joint_scaling,train_only_scaling,closer_pair_but_cat_encoding_also_differs,3,False,0.19807026886791287,0.19807026886791287,0.19807157913220882,0.0006615105012496657,0.0006615105012496657,0.0,0.0,0.0,0,3,0
bag8,HR_Analytics_Job_Change_of_Data_Scientists,source::HR_Analytics_Job_Change_of_Data_Scientists,target_m10,target encoding,target_enc_ratio,target_enc_standard_m10,loose_regularization_sensitivity,3,False,0.1966758511425459,0.19670468746481248,0.19807157913220882,0.7046583844981111,0.6900998484411379,0.014659702642692347,0.014558536056973206,2.883632226657884e-05,2,0,1
bag8,HR_Analytics_Job_Change_of_Data_Scientists,source::HR_Analytics_Job_Change_of_Data_Scientists,target_m20,target encoding,target_enc_ratio,target_enc_standard_m20,loose_regularization_sensitivity,3,False,0.1966758511425459,0.19641998883266032,0.19807157913220882,0.7046583844981111,0.8338350745646865,-0.13026286754530186,-0.1291766900665754,-0.000255862309885585,1,0,2
bag8,HR_Analytics_Job_Change_of_Data_Scientists,source::HR_Analytics_Job_Change_of_Data_Scientists,target_m5,target encoding,target_enc_ratio,target_enc_standard_m5,loose_regularization_sensitivity,3,False,0.1966758511425459,0.1969190362990683,0.19807157913220882,0.7046583844981111,0.5818819833668494,0.12349499626488669,0.12277640113126176,0.00024318515652238526,3,0,0
bag8,Is-this-a-good-customer,source::Is-this-a-good-customer,frequency_combined,frequency encoding,joint_freq_combined,freq_enc_train_only,same_hyperparameters,3,False,0.27422601410813585,0.2741212945535146,0.2816658347110213,2.64136422882755,2.678542878743933,-0.038201904303653104,-0.03717864991638303,-0.0001047195546212687,2,0,1
bag8,Is-this-a-good-customer,source::Is-this-a-good-customer,groupby_combined,group-by aggregation,joint_groupby_combined,groupby_train_only,same_hyperparameters,3,False,0.26645478511883214,0.26808801327465365,0.2816658347110213,5.400388587346824,4.820542558985897,0.6092134205747879,0.5798460283609265,0.001633228155821509,2,0,1
bag8,Is-this-a-good-customer,source::Is-this-a-good-customer,pca_10,principal component analysis,joint_pca_10,pca_train_only_10,same_hyperparameters,3,False,0.2958428168644278,0.2912061525028125,0.2816658347110213,-5.033262968492992,-3.3871050784626475,-1.5922274724503027,-1.6461578900303444,-0.004636664361615306,1,0,2
bag8,Is-this-a-good-customer,source::Is-this-a-good-customer,pca_5,principal component analysis,joint_pca_5,pca_train_only_5,same_hyperparameters,3,False,0.2958428168644278,0.2912061525028125,0.2816658347110213,-5.033262968492992,-3.3871050784626475,-1.5922274724503027,-1.6461578900303444,-0.004636664361615306,1,0,2
bag8,Is-this-a-good-customer,source::Is-this-a-good-customer,pca_var90,principal component analysis,joint_pca_var90,pca_train_only_var90,same_hyperparameters,3,False,0.29944846683550025,0.29614415272568523,0.2816658347110213,-6.313379165323075,-5.140246430497381,-1.115778947314137,-1.1731327348256932,-0.003304314109815021,1,0,2
bag8,Is-this-a-good-customer,source::Is-this-a-good-customer,pca_var95,principal component analysis,joint_pca_var95,pca_train_only_var95,same_hyperparameters,3,False,0.2958428168644278,0.2912061525028125,0.2816658347110213,-5.033262968492992,-3.3871050784626475,-1.5922274724503027,-1.6461578900303444,-0.004636664361615306,1,0,2
bag8,Is-this-a-good-customer,source::Is-this-a-good-customer,scaling_train_only,scaling,joint_scaling,train_only_scaling,closer_pair_but_cat_encoding_also_differs,3,False,0.2816153067626545,0.2816252291694335,0.2816658347110213,0.01793896956605909,0.014416211192053618,0.0035232662955154937,0.0035227583740054737,9.922406778994919e-06,1,2,0
bag8,Is-this-a-good-customer,source::Is-this-a-good-customer,target_m10,target encoding,target_enc_ratio,target_enc_standard_m10,loose_regularization_sensitivity,3,False,0.26791688992081925,0.2675160246869481,0.2816658347110213,4.881296591866729,5.023616030176471,-0.14984718554347246,-0.1423194383097423,-0.0004008652338711727,1,0,2
bag8,Is-this-a-good-customer,source::Is-this-a-good-customer,target_m20,target encoding,target_enc_ratio,target_enc_standard_m20,loose_regularization_sensitivity,3,False,0.26791688992081925,0.26416118262876603,0.2816658347110213,4.881296591866729,6.214687734568302,-1.4217483638885826,-1.3333911427015734,-0.003755707292053212,1,0,2
bag8,Is-this-a-good-customer,source::Is-this-a-good-customer,target_m5,target encoding,target_enc_ratio,target_enc_standard_m5,loose_regularization_sensitivity,3,False,0.26791688992081925,0.2661716148946011,0.2816658347110213,4.881296591866729,5.500922691712568,-0.6556953967120893,-0.6196260998458393,-0.0017452750262181294,2,0,1
bag8,MIC,source::MIC,frequency_combined,frequency encoding,joint_freq_combined,freq_enc_train_only,same_hyperparameters,3,False,0.15811434313348596,0.1605077874431808,0.17328258022548715,8.753469086311641,7.3722313954945164,1.4911702091352537,1.381237690817123,0.0023934443096948477,3,0,0
bag8,MIC,source::MIC,groupby_combined,group-by aggregation,joint_groupby_combined,groupby_train_only,same_hyperparameters,3,False,0.15660387486204094,0.153348304011974,0.17328258022548715,9.625148322319953,11.503912388408176,-2.12299110253788,-1.8787640660882214,-0.0032555708500669467,1,0,2
bag8,MIC,source::MIC,pca_10,principal component analysis,joint_pca_10,pca_train_only_10,same_hyperparameters,3,False,0.19203606201535162,0.18923072317183776,0.17328258022548715,-10.82248531009935,-9.203546557073304,-1.4824964976571864,-1.6189387530260466,-0.0028053388435138604,1,0,2
bag8,MIC,source::MIC,pca_5,principal component analysis,joint_pca_5,pca_train_only_5,same_hyperparameters,3,False,0.1780511337862628,0.1732064977231741,0.17328258022548715,-2.751894365013776,0.04390660746974889,-2.7970290530506627,-2.795800972483525,-0.004844636063088714,1,0,2
bag8,MIC,source::MIC,pca_var90,principal component analysis,joint_pca_var90,pca_train_only_var90,same_hyperparameters,3,False,0.19833196101407155,0.18975057352837119,0.17328258022548715,-14.455798589788099,-9.503548066663573,-4.522456678855461,-4.952250523124526,-0.008581387485700365,1,0,2
bag8,MIC,source::MIC,pca_var95,principal component analysis,joint_pca_var95,pca_train_only_var95,same_hyperparameters,3,False,0.19623070220873876,0.18919065611931027,0.17328258022548715,-13.24317883158823,-9.180424179465959,-3.721138365833874,-4.062754652122272,-0.007040046089428487,1,0,2
bag8,MIC,source::MIC,scaling_train_only,scaling,joint_scaling,train_only_scaling,closer_pair_but_cat_encoding_also_differs,3,False,0.17446543269951184,0.174141977302693,0.17328258022548715,-0.6826147628258329,-0.49595122376845857,-0.18574234761133954,-0.18666353905737423,-0.00032345539681882807,1,1,1
bag8,MIC,source::MIC,target_m10,target encoding,target_enc_ratio,target_enc_standard_m10,loose_regularization_sensitivity,3,False,0.15214808923699322,0.15302556872038128,0.17328258022548715,12.196546797140421,11.690160360462116,0.5734201746320292,0.5063864366783031,0.0008774794833880661,2,0,1
bag8,MIC,source::MIC,target_m20,target encoding,target_enc_ratio,target_enc_standard_m20,loose_regularization_sensitivity,3,False,0.15214808923699322,0.1526909888267373,0.17328258022548715,12.196546797140421,11.88324375823275,0.3555544396664532,0.31330303890767003,0.0005428995897440725,2,0,1
bag8,MIC,source::MIC,target_m5,target encoding,target_enc_ratio,target_enc_standard_m5,loose_regularization_sensitivity,3,False,0.15214808923699322,0.1533388770342169,0.17328258022548715,12.196546797140421,11.509352622357161,0.7765726606684068,0.6871941747832587,0.0011907877972236747,2,0,1
bag8,Marketing_Campaign,source::Marketing_Campaign,frequency_combined,frequency encoding,joint_freq_combined,freq_enc_train_only,same_hyperparameters,3,False,0.08912336259684346,0.08913282087401826,0.09077602790089785,1.8205966291658418,1.8101772735347201,0.010611441534167682,0.010419355631121754,9.458277174800855e-06,1,2,0
bag8,Marketing_Campaign,source::Marketing_Campaign,groupby_combined,group-by aggregation,joint_groupby_combined,groupby_train_only,same_hyperparameters,3,False,0.08812025860569907,0.08811575758537576,0.09077602790089785,2.925628446860602,2.9305868267626356,-0.005108076519618542,-0.004958379902033645,-4.501020323302574e-06,1,0,2
bag8,Marketing_Campaign,source::Marketing_Campaign,pca_10,principal component analysis,joint_pca_10,pca_train_only_10,same_hyperparameters,3,False,0.0922806869415843,0.0918212432140525,0.09077602790089785,-1.6575510908332698,-1.1514221731487606,-0.5003675744846465,-0.5061289176845093,-0.0004594437275318025,1,0,2
bag8,Marketing_Campaign,source::Marketing_Campaign,pca_5,principal component analysis,joint_pca_5,pca_train_only_5,same_hyperparameters,3,False,0.0916361078484091,0.09272849371645984,0.09077602790089785,-0.9474747545136228,-2.1508605969117114,1.178047679056431,1.2033858423980888,0.0010923858680507437,2,0,1
bag8,Marketing_Campaign,source::Marketing_Campaign,pca_var90,principal component analysis,joint_pca_var90,pca_train_only_var90,same_hyperparameters,3,False,0.09189833576811728,0.09048858746897663,0.09077602790089785,-1.2363482883880665,0.3166479505305364,-1.5579293904040301,-1.5529962389186027,-0.0014097482991406451,1,0,2
bag8,Marketing_Campaign,source::Marketing_Campaign,pca_var95,principal component analysis,joint_pca_var95,pca_train_only_var95,same_hyperparameters,3,False,0.09122249331913564,0.09275943255478243,0.09077602790089785,-0.4918318509432916,-2.1849432055453066,1.6569088375342311,1.6931113546020151,0.0015369392356467948,3,0,0
bag8,Marketing_Campaign,source::Marketing_Campaign,scaling_train_only,scaling,joint_scaling,train_only_scaling,closer_pair_but_cat_encoding_also_differs,3,False,0.0894088091848454,0.09009830048865851,0.09077602790089785,1.5061451218653001,0.7465929363853996,0.7652656044271406,0.7595521854799006,0.000689491303813114,2,0,1
bag8,Marketing_Campaign,source::Marketing_Campaign,target_m10,target encoding,target_enc_ratio,target_enc_standard_m10,loose_regularization_sensitivity,3,False,0.08774748786819801,0.0862787910477704,0.09077602790089785,3.3362773220328186,4.954211984288601,-1.702268660225461,-1.6179346622557822,-0.0014686968204276063,1,0,2
bag8,Marketing_Campaign,source::Marketing_Campaign,target_m20,target encoding,target_enc_ratio,target_enc_standard_m20,loose_regularization_sensitivity,3,False,0.08774748786819801,0.0874025563224791,0.09077602790089785,3.3362773220328186,3.7162581977057183,-0.39464697628093764,-0.37998087567289957,-0.0003449315457189073,1,1,1
bag8,Marketing_Campaign,source::Marketing_Campaign,target_m5,target encoding,target_enc_ratio,target_enc_standard_m5,loose_regularization_sensitivity,3,False,0.08774748786819801,0.0866413384222773,0.09077602790089785,3.3362773220328186,4.55482529279039,-1.2766993978434475,-1.2185479707575715,-0.0011061494459207177,0,0,3
bag8,NATICUSdroid,source::NATICUSdroid,frequency_combined,frequency encoding,joint_freq_combined,freq_enc_train_only,same_hyperparameters,3,True,0.015374123980250199,0.015374123980250199,0.015374123980250199,,,,,0.0,0,3,0
bag8,NATICUSdroid,source::NATICUSdroid,groupby_combined,group-by aggregation,joint_groupby_combined,groupby_train_only,same_hyperparameters,3,True,0.015374123980250199,0.015374123980250199,0.015374123980250199,,,,,0.0,0,3,0
bag8,NATICUSdroid,source::NATICUSdroid,pca_10,principal component analysis,joint_pca_10,pca_train_only_10,same_hyperparameters,3,True,0.015374123980250199,0.015374123980250199,0.015374123980250199,,,,,0.0,0,3,0
bag8,NATICUSdroid,source::NATICUSdroid,pca_5,principal component analysis,joint_pca_5,pca_train_only_5,same_hyperparameters,3,True,0.015374123980250199,0.015374123980250199,0.015374123980250199,,,,,0.0,0,3,0
bag8,NATICUSdroid,source::NATICUSdroid,pca_var90,principal component analysis,joint_pca_var90,pca_train_only_var90,same_hyperparameters,3,True,0.015374123980250199,0.015374123980250199,0.015374123980250199,,,,,0.0,0,3,0
bag8,NATICUSdroid,source::NATICUSdroid,pca_var95,principal component analysis,joint_pca_var95,pca_train_only_var95,same_hyperparameters,3,True,0.015374123980250199,0.015374123980250199,0.015374123980250199,,,,,0.0,0,3,0
bag8,NATICUSdroid,source::NATICUSdroid,scaling_train_only,scaling,joint_scaling,train_only_scaling,closer_pair_but_cat_encoding_also_differs,3,True,0.015374123980250199,0.015374123980250199,0.015374123980250199,,,,,0.0,0,3,0
bag8,NATICUSdroid,source::NATICUSdroid,target_m10,target encoding,target_enc_ratio,target_enc_standard_m10,loose_regularization_sensitivity,3,True,0.015374123980250199,0.015374123980250199,0.015374123980250199,,,,,0.0,0,3,0
bag8,NATICUSdroid,source::NATICUSdroid,target_m20,target encoding,target_enc_ratio,target_enc_standard_m20,loose_regularization_sensitivity,3,True,0.015374123980250199,0.015374123980250199,0.015374123980250199,,,,,0.0,0,3,0
bag8,NATICUSdroid,source::NATICUSdroid,target_m5,target encoding,target_enc_ratio,target_enc_standard_m5,loose_regularization_sensitivity,3,True,0.015374123980250199,0.015374123980250199,0.015374123980250199,,,,,0.0,0,3,0
bag8,QSAR-TID-11,source::QSAR-TID-11,frequency_combined,frequency encoding,joint_freq_combined,freq_enc_train_only,same_hyperparameters,3,False,0.7712617761086863,0.7712617761086863,0.7712617761086863,0.0,0.0,0.0,0.0,0.0,0,3,0
bag8,QSAR-TID-11,source::QSAR-TID-11,groupby_combined,group-by aggregation,joint_groupby_combined,groupby_train_only,same_hyperparameters,3,False,0.7712617761086863,0.7712617761086863,0.7712617761086863,0.0,0.0,0.0,0.0,0.0,0,3,0
bag8,QSAR-TID-11,source::QSAR-TID-11,pca_10,principal component analysis,joint_pca_10,pca_train_only_10,same_hyperparameters,3,False,0.7820685289991909,0.7827364343311167,0.7712617761086863,-1.4011783320870423,-1.4877773770047984,0.08532953145289568,0.08659904491775605,0.0006679053319258443,1,0,2
bag8,QSAR-TID-11,source::QSAR-TID-11,pca_5,principal component analysis,joint_pca_5,pca_train_only_5,same_hyperparameters,3,False,0.7780720468789389,0.7792338652719383,0.7712617761086863,-0.8830037973116073,-1.0336424558045978,0.1490975231927174,0.15063865849299043,0.0011618183929993364,2,0,1
bag8,QSAR-TID-11,source::QSAR-TID-11,pca_var90,principal component analysis,joint_pca_var90,pca_train_only_var90,same_hyperparameters,3,False,0.8423777439673105,0.8432022297080758,0.7712617761086863,-9.220730245109737,-9.327631140020562,0.09778030841436085,0.10690089491082691,0.0008244857407653239,2,0,1
bag8,QSAR-TID-11,source::QSAR-TID-11,pca_var95,principal component analysis,joint_pca_var95,pca_train_only_var95,same_hyperparameters,3,False,0.8515247290829642,0.8485755309717836,0.7712617761086863,-10.406706965206483,-10.024320828289339,-0.3475469187525531,-0.3823861369171431,-0.002949198111180551,1,0,2
bag8,QSAR-TID-11,source::QSAR-TID-11,scaling_train_only,scaling,joint_scaling,train_only_scaling,closer_pair_but_cat_encoding_also_differs,3,False,0.7712617761086863,0.7712617761086863,0.7712617761086863,0.0,0.0,0.0,0.0,0.0,0,3,0
bag8,QSAR-TID-11,source::QSAR-TID-11,target_m10,target encoding,target_enc_ratio,target_enc_standard_m10,loose_regularization_sensitivity,3,False,0.7712617761086863,0.7712617761086863,0.7712617761086863,0.0,0.0,0.0,0.0,0.0,0,3,0
bag8,QSAR-TID-11,source::QSAR-TID-11,target_m20,target encoding,target_enc_ratio,target_enc_standard_m20,loose_regularization_sensitivity,3,False,0.7712617761086863,0.7712617761086863,0.7712617761086863,0.0,0.0,0.0,0.0,0.0,0,3,0
bag8,QSAR-TID-11,source::QSAR-TID-11,target_m5,target encoding,target_enc_ratio,target_enc_standard_m5,loose_regularization_sensitivity,3,False,0.7712617761086863,0.7712617761086863,0.7712617761086863,0.0,0.0,0.0,0.0,0.0,0,3,0
bag8,QSAR_fish_toxicity,source::QSAR_fish_toxicity,frequency_combined,frequency encoding,joint_freq_combined,freq_enc_train_only,same_hyperparameters,3,False,0.8879213450978166,0.8879213450978166,0.8879213450978166,0.0,0.0,0.0,0.0,0.0,0,3,0
bag8,QSAR_fish_toxicity,source::QSAR_fish_toxicity,groupby_combined,group-by aggregation,joint_groupby_combined,groupby_train_only,same_hyperparameters,3,False,0.8871881704613686,0.8880240544586013,0.8879213450978166,0.08257202515694617,-0.011567394043601825,0.09412853098246181,0.094139419200548,0.0008358839972327781,2,0,1
bag8,QSAR_fish_toxicity,source::QSAR_fish_toxicity,pca_10,principal component analysis,joint_pca_10,pca_train_only_10,same_hyperparameters,3,False,0.8811384214784841,0.8919338899968962,0.8879213450978166,0.7639104135496703,-0.4519031917897529,1.2103440220720432,1.215813605339423,0.010795468518412066,3,0,0
bag8,QSAR_fish_toxicity,source::QSAR_fish_toxicity,pca_5,principal component analysis,joint_pca_5,pca_train_only_5,same_hyperparameters,3,False,0.8807099718990342,0.8923927050106221,0.8879213450978166,0.8121635140990973,-0.5035761261390636,1.3091470880467129,1.315739640238161,0.01168273311158785,3,0,0
bag8,QSAR_fish_toxicity,source::QSAR_fish_toxicity,pca_var90,principal component analysis,joint_pca_var90,pca_train_only_var90,same_hyperparameters,3,False,0.8807099718990342,0.8923927050106221,0.8879213450978166,0.8121635140990973,-0.5035761261390636,1.3091470880467129,1.315739640238161,0.01168273311158785,3,0,0
bag8,QSAR_fish_toxicity,source::QSAR_fish_toxicity,pca_var95,principal component analysis,joint_pca_var95,pca_train_only_var95,same_hyperparameters,3,False,0.8807099718990342,0.8923927050106221,0.8879213450978166,0.8121635140990973,-0.5035761261390636,1.3091470880467129,1.315739640238161,0.01168273311158785,3,0,0
bag8,QSAR_fish_toxicity,source::QSAR_fish_toxicity,scaling_train_only,scaling,joint_scaling,train_only_scaling,closer_pair_but_cat_encoding_also_differs,3,False,0.8907866397155856,0.8866980782155958,0.8879213450978166,-0.3226968957991785,0.13776748233100455,-0.46109962347247885,-0.46046437813018304,-0.004088561499989818,1,0,2
bag8,QSAR_fish_toxicity,source::QSAR_fish_toxicity,target_m10,target encoding,target_enc_ratio,target_enc_standard_m10,loose_regularization_sensitivity,3,False,0.8879213450978166,0.8879213450978166,0.8879213450978166,0.0,0.0,0.0,0.0,0.0,0,3,0
bag8,QSAR_fish_toxicity,source::QSAR_fish_toxicity,target_m20,target encoding,target_enc_ratio,target_enc_standard_m20,loose_regularization_sensitivity,3,False,0.8879213450978166,0.8879213450978166,0.8879213450978166,0.0,0.0,0.0,0.0,0.0,0,3,0
bag8,QSAR_fish_toxicity,source::QSAR_fish_toxicity,target_m5,target encoding,target_enc_ratio,target_enc_standard_m5,loose_regularization_sensitivity,3,False,0.8879213450978166,0.8879213450978166,0.8879213450978166,0.0,0.0,0.0,0.0,0.0,0,3,0
bag8,SDSS17,source::SDSS17,frequency_combined,frequency encoding,joint_freq_combined,freq_enc_train_only,same_hyperparameters,3,True,0.006974540787763134,0.006963950390571467,0.006966283496635968,,,,,-1.0590397191667135e-05,0,0,3
bag8,SDSS17,source::SDSS17,groupby_combined,group-by aggregation,joint_groupby_combined,groupby_train_only,same_hyperparameters,3,True,0.006961564569637001,0.006951617972217833,0.006966283496635968,,,,,-9.946597419167348e-06,0,0,3
bag8,SDSS17,source::SDSS17,pca_10,principal component analysis,joint_pca_10,pca_train_only_10,same_hyperparameters,3,True,0.0069594546061067,0.006686088275869467,0.006966283496635968,,,,,-0.0002733663302372331,0,0,3
bag8,SDSS17,source::SDSS17,pca_5,principal component analysis,joint_pca_5,pca_train_only_5,same_hyperparameters,3,True,0.007049008606664332,0.006993611001665733,0.006966283496635968,,,,,-5.5397604998599394e-05,0,0,3
bag8,SDSS17,source::SDSS17,pca_var90,principal component analysis,joint_pca_var90,pca_train_only_var90,same_hyperparameters,3,True,0.007049008606664332,0.006993611001665733,0.006966283496635968,,,,,-5.5397604998599394e-05,0,0,3
bag8,SDSS17,source::SDSS17,pca_var95,principal component analysis,joint_pca_var95,pca_train_only_var95,same_hyperparameters,3,True,0.006848398935811667,0.006874394673468,0.006966283496635968,,,,,2.599573765633273e-05,1,0,2
bag8,SDSS17,source::SDSS17,scaling_train_only,scaling,joint_scaling,train_only_scaling,closer_pair_but_cat_encoding_also_differs,3,True,0.007056862543071934,0.007047081408261734,0.006966283496635968,,,,,-9.781134810200702e-06,2,0,1
bag8,SDSS17,source::SDSS17,target_m10,target encoding,target_enc_ratio,target_enc_standard_m10,loose_regularization_sensitivity,3,True,0.007140313417912333,0.007175097155670367,0.006966283496635968,,,,,3.478373775803439e-05,3,0,0
bag8,SDSS17,source::SDSS17,target_m20,target encoding,target_enc_ratio,target_enc_standard_m20,loose_regularization_sensitivity,3,True,0.007140313417912333,0.007150283824593501,0.006966283496635968,,,,,9.970406681167679e-06,2,0,1
bag8,SDSS17,source::SDSS17,target_m5,target encoding,target_enc_ratio,target_enc_standard_m5,loose_regularization_sensitivity,3,True,0.007140313417912333,0.0072301877613727,0.006966283496635968,,,,,8.987434346036712e-05,3,0,0
bag8,airfoil_self_noise,source::airfoil_self_noise,frequency_combined,frequency encoding,joint_freq_combined,freq_enc_train_only,same_hyperparameters,3,False,1.5161335201439055,1.5279688485455454,1.5191985317946408,0.2017518834167539,-0.5772989222510714,0.7745791684762307,0.7790508056678253,0.011835328401639922,3,0,0
bag8,airfoil_self_noise,source::airfoil_self_noise,groupby_combined,group-by aggregation,joint_groupby_combined,groupby_train_only,same_hyperparameters,3,False,1.5012147445898982,1.5141231130482513,1.5191985317946408,1.1837680743081156,0.3340852851137154,0.8525309697152561,0.8496827891944002,0.012908368458353081,3,0,0
bag8,airfoil_self_noise,source::airfoil_self_noise,pca_10,principal component analysis,joint_pca_10,pca_train_only_10,same_hyperparameters,3,False,1.562147756719935,1.5737443573814678,1.5191985317946408,-2.827097579837577,-3.59043432739443,0.7368795705058542,0.763336747556853,0.011596600661532674,2,0,1
bag8,airfoil_self_noise,source::airfoil_self_noise,pca_5,principal component analysis,joint_pca_5,pca_train_only_5,same_hyperparameters,3,False,1.562147756719935,1.5737443573814678,1.5191985317946408,-2.827097579837577,-3.59043432739443,0.7368795705058542,0.763336747556853,0.011596600661532674,2,0,1
bag8,airfoil_self_noise,source::airfoil_self_noise,pca_var90,principal component analysis,joint_pca_var90,pca_train_only_var90,same_hyperparameters,3,False,1.562147756719935,1.5737443573814678,1.5191985317946408,-2.827097579837577,-3.59043432739443,0.7368795705058542,0.763336747556853,0.011596600661532674,2,0,1
bag8,airfoil_self_noise,source::airfoil_self_noise,pca_var95,principal component analysis,joint_pca_var95,pca_train_only_var95,same_hyperparameters,3,False,1.562147756719935,1.5737443573814678,1.5191985317946408,-2.827097579837577,-3.59043432739443,0.7368795705058542,0.763336747556853,0.011596600661532674,2,0,1
bag8,airfoil_self_noise,source::airfoil_self_noise,scaling_train_only,scaling,joint_scaling,train_only_scaling,closer_pair_but_cat_encoding_also_differs,3,False,1.5191985317946408,1.5191985317946408,1.5191985317946408,0.0,0.0,0.0,0.0,0.0,0,3,0
bag8,airfoil_self_noise,source::airfoil_self_noise,target_m10,target encoding,target_enc_ratio,target_enc_standard_m10,loose_regularization_sensitivity,3,False,1.510035416249483,1.513821577670587,1.5191985317946408,0.603154581405069,0.3539336045633203,0.2501061866835134,0.24922097684174857,0.003786161421104106,2,0,1
bag8,airfoil_self_noise,source::airfoil_self_noise,target_m20,target encoding,target_enc_ratio,target_enc_standard_m20,loose_regularization_sensitivity,3,False,1.510035416249483,1.521937727056273,1.5191985317946408,0.603154581405069,-0.18030528626146125,0.7820497905529664,0.7834598676665301,0.011902310806790162,2,0,1
bag8,airfoil_self_noise,source::airfoil_self_noise,target_m5,target encoding,target_enc_ratio,target_enc_standard_m5,loose_regularization_sensitivity,3,False,1.510035416249483,1.5232063537991756,1.5191985317946408,0.603154581405069,-0.2638116033327313,0.8646850452561317,0.8669661847378002,0.013170937549692674,2,0,1
bag8,anneal,source::anneal,frequency_combined,frequency encoding,joint_freq_combined,freq_enc_train_only,same_hyperparameters,3,True,0.0034643792375857667,0.0034327166410603005,0.005311829229791567,,,,,-3.1662596525466186e-05,0,2,1
bag8,anneal,source::anneal,groupby_combined,group-by aggregation,joint_groupby_combined,groupby_train_only,same_hyperparameters,3,True,0.0023943242670077,0.0025397933858933336,0.005311829229791567,,,,,0.0001454691188856336,1,1,1
bag8,anneal,source::anneal,pca_10,principal component analysis,joint_pca_10,pca_train_only_10,same_hyperparameters,3,True,0.0040388264400104,0.004441910188009,0.005311829229791567,,,,,0.00040308374799859995,2,0,1
bag8,anneal,source::anneal,pca_5,principal component analysis,joint_pca_5,pca_train_only_5,same_hyperparameters,3,True,0.004946277683272066,0.004983597414910833,0.005311829229791567,,,,,3.7319731638767e-05,1,1,1
bag8,anneal,source::anneal,pca_var90,principal component analysis,joint_pca_var90,pca_train_only_var90,same_hyperparameters,3,True,0.0040388264400104,0.004441910188009,0.005311829229791567,,,,,0.00040308374799859995,2,0,1
bag8,anneal,source::anneal,pca_var95,principal component analysis,joint_pca_var95,pca_train_only_var95,same_hyperparameters,3,True,0.0040388264400104,0.004441910188009,0.005311829229791567,,,,,0.00040308374799859995,2,0,1
bag8,anneal,source::anneal,scaling_train_only,scaling,joint_scaling,train_only_scaling,closer_pair_but_cat_encoding_also_differs,3,True,0.0031052924080680667,0.0030267903851057334,0.005311829229791567,,,,,-7.850202296233325e-05,0,2,1
bag8,anneal,source::anneal,target_m10,target encoding,target_enc_ratio,target_enc_standard_m10,loose_regularization_sensitivity,3,True,0.0012825653047834334,0.0015898622536255666,0.005311829229791567,,,,,0.0003072969488421332,1,1,1
bag8,anneal,source::anneal,target_m20,target encoding,target_enc_ratio,target_enc_standard_m20,loose_regularization_sensitivity,3,True,0.0012825653047834334,0.0009439615773524667,0.005311829229791567,,,,,-0.00033860372743096663,0,1,2
bag8,anneal,source::anneal,target_m5,target encoding,target_enc_ratio,target_enc_standard_m5,loose_regularization_sensitivity,3,True,0.0012825653047834334,0.0015863857861015667,0.005311829229791567,,,,,0.00030382048131813335,1,1,1
bag8,bank-marketing,source::bank-marketing,frequency_combined,frequency encoding,joint_freq_combined,freq_enc_train_only,same_hyperparameters,3,False,0.23779619652407832,0.23779619652407832,0.23769053892853007,-0.04445174638609753,-0.04445174638609753,0.0,0.0,0.0,0,3,0
bag8,bank-marketing,source::bank-marketing,groupby_combined,group-by aggregation,joint_groupby_combined,groupby_train_only,same_hyperparameters,3,False,0.23774975040922855,0.23737357037409432,0.23769053892853007,-0.024911164308600634,0.1333534586040279,-0.15847595608111847,-0.15826462291262852,-0.0003761800351342326,0,0,3
bag8,bank-marketing,source::bank-marketing,pca_10,principal component analysis,joint_pca_10,pca_train_only_10,same_hyperparameters,3,False,0.2373857560126917,0.23733825013514176,0.23769053892853007,0.12822677638422816,0.14821321663721482,-0.020016106768674033,-0.01998644025298664,-4.750587754995261e-05,1,0,2
bag8,bank-marketing,source::bank-marketing,pca_5,principal component analysis,joint_pca_5,pca_train_only_5,same_hyperparameters,3,False,0.2373857560126917,0.23733825013514176,0.23769053892853007,0.12822677638422816,0.14821321663721482,-0.020016106768674033,-0.01998644025298664,-4.750587754995261e-05,1,0,2
bag8,bank-marketing,source::bank-marketing,pca_var90,principal component analysis,joint_pca_var90,pca_train_only_var90,same_hyperparameters,3,False,0.2373857560126917,0.23733505323703655,0.23769053892853007,0.12822677638422816,0.14955819995864747,-0.02136337425240164,-0.02133142357441932,-5.070277565516479e-05,1,0,2
bag8,bank-marketing,source::bank-marketing,pca_var95,principal component analysis,joint_pca_var95,pca_train_only_var95,same_hyperparameters,3,False,0.2373857560126917,0.23733825013514176,0.23769053892853007,0.12822677638422816,0.14821321663721482,-0.020016106768674033,-0.01998644025298664,-4.750587754995261e-05,1,0,2
bag8,bank-marketing,source::bank-marketing,scaling_train_only,scaling,joint_scaling,train_only_scaling,closer_pair_but_cat_encoding_also_differs,3,False,0.23756382355211036,0.2379173445637851,0.23769053892853007,0.05331107287269933,-0.09542055661005364,0.1485898442263262,0.14873162948275295,0.00035352101167474004,3,0,0
bag8,bank-marketing,source::bank-marketing,target_m10,target encoding,target_enc_ratio,target_enc_standard_m10,loose_regularization_sensitivity,3,False,0.23754552358724587,0.23754552358724587,0.23769053892853007,0.06101014450886394,0.06101014450886394,0.0,0.0,0.0,0,3,0
bag8,bank-marketing,source::bank-marketing,target_m20,target encoding,target_enc_ratio,target_enc_standard_m20,loose_regularization_sensitivity,3,False,0.23754552358724587,0.23754552358724587,0.23769053892853007,0.06101014450886394,0.06101014450886394,0.0,0.0,0.0,0,3,0
bag8,bank-marketing,source::bank-marketing,target_m5,target encoding,target_enc_ratio,target_enc_standard_m5,loose_regularization_sensitivity,3,False,0.23754552358724587,0.23754552358724587,0.23769053892853007,0.06101014450886394,0.06101014450886394,0.0,0.0,0.0,0,3,0
bag8,bike_sharing,source::bike_sharing,frequency_combined,frequency encoding,joint_freq_combined,freq_enc_train_only,same_hyperparameters,1,False,124.4654727270559,124.45004405413852,124.5295491522315,0.05145479575877147,0.06384436355405808,-0.012397482889334028,-0.012389567795286608,-0.015428672917380482,0,0,1
bag8,bike_sharing,source::bike_sharing,groupby_combined,group-by aggregation,joint_groupby_combined,groupby_train_only,same_hyperparameters,1,False,124.34700407153252,124.39263952157232,124.5295491522315,0.1465877632591598,0.1099414810309882,0.03668661603718302,0.03664628222817159,0.04563545003979641,1,0,0
bag8,bike_sharing,source::bike_sharing,pca_10,principal component analysis,joint_pca_10,pca_train_only_10,same_hyperparameters,1,False,124.9595666986444,125.01357939510316,124.5295491522315,-0.34531366197047914,-0.3886870595507932,0.043205463534536345,0.04337339758031402,0.05401269645876994,1,0,0
bag8,bike_sharing,source::bike_sharing,pca_5,principal component analysis,joint_pca_5,pca_train_only_5,same_hyperparameters,1,False,124.9595666986444,125.01357939510316,124.5295491522315,-0.34531366197047914,-0.3886870595507932,0.043205463534536345,0.04337339758031402,0.05401269645876994,1,0,0
bag8,bike_sharing,source::bike_sharing,pca_var90,principal component analysis,joint_pca_var90,pca_train_only_var90,same_hyperparameters,1,False,124.88748617930791,124.7577896630004,124.5295491522315,-0.2874314004291914,-0.18328221078668283,-0.10395865192695286,-0.1041491896425086,-0.12969651630751855,0,0,1
bag8,bike_sharing,source::bike_sharing,pca_var95,principal component analysis,joint_pca_var95,pca_train_only_var95,same_hyperparameters,1,False,124.88748617930791,124.7577896630004,124.5295491522315,-0.2874314004291914,-0.18328221078668283,-0.10395865192695286,-0.1041491896425086,-0.12969651630751855,0,0,1
bag8,bike_sharing,source::bike_sharing,scaling_train_only,scaling,joint_scaling,train_only_scaling,closer_pair_but_cat_encoding_also_differs,1,False,124.5295491522315,124.5295491522315,124.5295491522315,0.0,0.0,0.0,0.0,0.0,0,1,0
bag8,bike_sharing,source::bike_sharing,target_m10,target encoding,target_enc_ratio,target_enc_standard_m10,loose_regularization_sensitivity,1,False,124.53282681154076,124.5264022337862,124.5295491522315,-0.0026320333861124517,0.0025270455620528673,-0.005159209323735571,-0.005159078948165319,-0.0064245777545579585,0,0,1
bag8,bike_sharing,source::bike_sharing,target_m20,target encoding,target_enc_ratio,target_enc_standard_m20,loose_regularization_sensitivity,1,False,124.53282681154076,124.53282681154076,124.5295491522315,-0.0026320333861124517,-0.0026320333861124517,0.0,0.0,0.0,0,1,0
bag8,bike_sharing,source::bike_sharing,target_m5,target encoding,target_enc_ratio,target_enc_standard_m5,loose_regularization_sensitivity,1,False,124.53282681154076,124.5264022337862,124.5295491522315,-0.0026320333861124517,0.0025270455620528673,-0.005159209323735571,-0.005159078948165319,-0.0064245777545579585,0,0,1
bag8,blood-transfusion-service-center,source::blood-transfusion-service-center,frequency_combined,frequency encoding,joint_freq_combined,freq_enc_train_only,same_hyperparameters,3,False,0.2943193081573991,0.2943193081573991,0.2943193081573991,0.0,0.0,0.0,0.0,0.0,0,3,0
bag8,blood-transfusion-service-center,source::blood-transfusion-service-center,groupby_combined,group-by aggregation,joint_groupby_combined,groupby_train_only,same_hyperparameters,3,False,0.2943193081573991,0.2943193081573991,0.2943193081573991,0.0,0.0,0.0,0.0,0.0,0,3,0
bag8,blood-transfusion-service-center,source::blood-transfusion-service-center,pca_10,principal component analysis,joint_pca_10,pca_train_only_10,same_hyperparameters,3,False,0.2902956189909803,0.28809024680344925,0.2943193081573991,1.3671169559378653,2.1164297350884667,-0.7655143525340008,-0.7493127791506012,-0.0022053721875310295,1,0,2
bag8,blood-transfusion-service-center,source::blood-transfusion-service-center,pca_5,principal component analysis,joint_pca_5,pca_train_only_5,same_hyperparameters,3,False,0.2902956189909803,0.28809024680344925,0.2943193081573991,1.3671169559378653,2.1164297350884667,-0.7655143525340008,-0.7493127791506012,-0.0022053721875310295,1,0,2
bag8,blood-transfusion-service-center,source::blood-transfusion-service-center,pca_var90,principal component analysis,joint_pca_var90,pca_train_only_var90,same_hyperparameters,3,False,0.29701729606502125,0.28626499157498264,0.2943193081573991,-0.9166873639765758,2.7365913003944287,-3.7560668633915766,-3.6532786643710047,-0.010752304490038611,0,0,3
bag8,blood-transfusion-service-center,source::blood-transfusion-service-center,pca_var95,principal component analysis,joint_pca_var95,pca_train_only_var95,same_hyperparameters,3,False,0.2958016156209733,0.2895723064723956,0.2943193081573991,-0.5036392185257079,1.6128747090098559,-2.1512102536543822,-2.1165139275355638,-0.006229309148577666,0,0,3
bag8,blood-transfusion-service-center,source::blood-transfusion-service-center,scaling_train_only,scaling,joint_scaling,train_only_scaling,closer_pair_but_cat_encoding_also_differs,3,False,0.2943193081573991,0.2943193081573991,0.2943193081573991,0.0,0.0,0.0,0.0,0.0,0,3,0
bag8,blood-transfusion-service-center,source::blood-transfusion-service-center,target_m10,target encoding,target_enc_ratio,target_enc_standard_m10,loose_regularization_sensitivity,3,False,0.2943193081573991,0.2943193081573991,0.2943193081573991,0.0,0.0,0.0,0.0,0.0,0,3,0
bag8,blood-transfusion-service-center,source::blood-transfusion-service-center,target_m20,target encoding,target_enc_ratio,target_enc_standard_m20,loose_regularization_sensitivity,3,False,0.2943193081573991,0.2943193081573991,0.2943193081573991,0.0,0.0,0.0,0.0,0.0,0,3,0
bag8,blood-transfusion-service-center,source::blood-transfusion-service-center,target_m5,target encoding,target_enc_ratio,target_enc_standard_m5,loose_regularization_sensitivity,3,False,0.2943193081573991,0.2943193081573991,0.2943193081573991,0.0,0.0,0.0,0.0,0.0,0,3,0
bag8,brfss_diabetes,source::brfss_diabetes,frequency_combined,frequency encoding,joint_freq_combined,freq_enc_train_only,same_hyperparameters,1,False,0.1761134369547874,0.1760181426000995,0.1762096282165715,0.05458910659857101,0.10866921314688721,-0.05413893890723276,-0.054080106548316194,-9.52943546879137e-05,0,0,1
bag8,brfss_diabetes,source::brfss_diabetes,groupby_combined,group-by aggregation,joint_groupby_combined,groupby_train_only,same_hyperparameters,1,False,0.1762864472407946,0.176178742065246,0.1762096282165715,-0.04359524788775254,0.017528072465783116,-0.06113403597166203,-0.06112332035353566,-0.00010770517554858916,0,0,1
bag8,brfss_diabetes,source::brfss_diabetes,pca_10,principal component analysis,joint_pca_10,pca_train_only_10,same_hyperparameters,1,False,0.1766442526437535,0.1764541322321773,0.1762096282165715,-0.2466519177078274,-0.13875746636573788,-0.10774494718324099,-0.10789445134208955,-0.00019012041157620563,0,0,1
bag8,brfss_diabetes,source::brfss_diabetes,pca_5,principal component analysis,joint_pca_5,pca_train_only_5,same_hyperparameters,1,False,0.1766331442429645,0.1764569900699416,0.1762096282165715,-0.2403478349505889,-0.140379306099027,-0.09982839044975872,-0.09996852885156192,-0.00017615417302291325,0,0,1
bag8,brfss_diabetes,source::brfss_diabetes,pca_var90,principal component analysis,joint_pca_var90,pca_train_only_var90,same_hyperparameters,1,False,0.1766331442429645,0.1764569900699416,0.1762096282165715,-0.2403478349505889,-0.140379306099027,-0.09982839044975872,-0.09996852885156192,-0.00017615417302291325,0,0,1
bag8,brfss_diabetes,source::brfss_diabetes,pca_var95,principal component analysis,joint_pca_var95,pca_train_only_var95,same_hyperparameters,1,False,0.1766442526437535,0.1764541322321773,0.1762096282165715,-0.2466519177078274,-0.13875746636573788,-0.10774494718324099,-0.10789445134208955,-0.00019012041157620563,0,0,1
bag8,brfss_diabetes,source::brfss_diabetes,scaling_train_only,scaling,joint_scaling,train_only_scaling,closer_pair_but_cat_encoding_also_differs,1,False,0.1760412555123482,0.1761759735598,0.1762096282165715,0.09555249955828253,0.01909921558323074,0.07646788874197456,0.07645328397505179,0.00013471804745179838,1,0,0
bag8,brfss_diabetes,source::brfss_diabetes,target_m10,target encoding,target_enc_ratio,target_enc_standard_m10,loose_regularization_sensitivity,1,False,0.1760835720855686,0.1760835720855686,0.1762096282165715,0.07153759546439678,0.07153759546439678,0.0,0.0,0.0,0,1,0
bag8,brfss_diabetes,source::brfss_diabetes,target_m20,target encoding,target_enc_ratio,target_enc_standard_m20,loose_regularization_sensitivity,1,False,0.1760835720855686,0.1760906432761578,0.1762096282165715,0.07153759546439678,0.06752465323145729,0.004015653789235651,0.004012942232939494,7.071190589208465e-06,1,0,0
bag8,brfss_diabetes,source::brfss_diabetes,target_m5,target encoding,target_enc_ratio,target_enc_standard_m5,loose_regularization_sensitivity,1,False,0.1760835720855686,0.1761227417188118,0.1762096282165715,0.07153759546439678,0.04930859830934689,0.022239963369251787,0.022228997155049897,3.9169633243185675e-05,1,0,0
bag8,churn,source::churn,frequency_combined,frequency encoding,joint_freq_combined,freq_enc_train_only,same_hyperparameters,3,False,0.0833445685908904,0.0831660224978998,0.08373592096225208,0.4673649813179886,0.6805901909279612,-0.2146863438071862,-0.2132252096099726,-0.00017854609299060298,2,0,1
bag8,churn,source::churn,groupby_combined,group-by aggregation,joint_groupby_combined,groupby_train_only,same_hyperparameters,3,False,0.08582892974238539,0.0849280846914135,0.08373592096225208,-2.4995351529922685,-1.423718417928246,-1.060715138278597,-1.0758167350640226,-0.0009008450509718907,1,0,2
bag8,churn,source::churn,pca_10,principal component analysis,joint_pca_10,pca_train_only_10,same_hyperparameters,3,False,0.08181476752173053,0.08289556989804436,0.08373592096225208,2.294300245873686,1.0035729643273879,1.3038119861449085,1.2907272815462982,0.001080802376313833,3,0,0
bag8,churn,source::churn,pca_5,principal component analysis,joint_pca_5,pca_train_only_5,same_hyperparameters,3,False,0.0822756860878278,0.08084581370943346,0.08373592096225208,1.7438571853560239,3.4514545485460997,-1.7686412107043934,-1.7075973631900758,-0.0014298723783943423,1,0,2
bag8,churn,source::churn,pca_var90,principal component analysis,joint_pca_var90,pca_train_only_var90,same_hyperparameters,3,False,0.08181476752173053,0.08289556989804436,0.08373592096225208,2.294300245873686,1.0035729643273879,1.3038119861449085,1.2907272815462982,0.001080802376313833,3,0,0
bag8,churn,source::churn,pca_var95,principal component analysis,joint_pca_var95,pca_train_only_var95,same_hyperparameters,3,False,0.08281868293548754,0.0843368497379434,0.08373592096225208,1.0953937285505275,-0.7176475385781309,1.8001227306606866,1.8130412671286584,0.001518166802455867,2,0,1
bag8,churn,source::churn,scaling_train_only,scaling,joint_scaling,train_only_scaling,closer_pair_but_cat_encoding_also_differs,3,False,0.08315918054105474,0.08231747704584387,0.08373592096225208,0.6887610652271039,1.6939491440568681,-1.022508858892886,-1.0051880788297642,-0.0008417034952108715,1,0,2
bag8,churn,source::churn,target_m10,target encoding,target_enc_ratio,target_enc_standard_m10,loose_regularization_sensitivity,3,False,0.08415527957562896,0.08364157839954318,0.08373592096225208,-0.5008108928137679,0.11266677624698246,-0.6141696341882782,-0.6134776690607503,-0.0005137011760857763,0,0,3
bag8,churn,source::churn,target_m20,target encoding,target_enc_ratio,target_enc_standard_m20,loose_regularization_sensitivity,3,False,0.08415527957562896,0.08334323716036861,0.08373592096225208,-0.5008108928137679,0.46895501640268333,-0.9743351025564619,-0.9697659092164512,-0.0008120424152603528,1,0,2
bag8,churn,source::churn,target_m5,target encoding,target_enc_ratio,target_enc_standard_m5,loose_regularization_sensitivity,3,False,0.08415527957562896,0.08359995124528234,0.08373592096225208,-0.5008108928137679,0.16237919808755436,-0.6642687251303353,-0.6631900909013222,-0.0005553283303466189,1,0,2
bag8,coil2000_insurance_policies,source::coil2000_insurance_policies,frequency_combined,frequency encoding,joint_freq_combined,freq_enc_train_only,same_hyperparameters,3,False,0.25058913730428434,0.2503180457119143,0.25034042433592724,-0.09934990284403993,0.008939277015410235,-0.108298860994639,-0.10828917985945016,-0.000271091592370043,1,0,2
bag8,coil2000_insurance_policies,source::coil2000_insurance_policies,groupby_combined,group-by aggregation,joint_groupby_combined,groupby_train_only,same_hyperparameters,3,False,0.2458554601525804,0.24536739338390054,0.25034042433592724,1.791546129732749,1.9865073590166475,-0.198912643586764,-0.19496122928389836,-0.0004880667686798512,2,0,1
bag8,coil2000_insurance_policies,source::coil2000_insurance_policies,pca_10,principal component analysis,joint_pca_10,pca_train_only_10,same_hyperparameters,3,False,0.24166623971005272,0.24593730721863646,0.25034042433592724,3.4649556294730854,1.7588518230608694,1.7366488870217645,1.706103806412216,0.004271067508583748,3,0,0
bag8,coil2000_insurance_policies,source::coil2000_insurance_policies,pca_5,principal component analysis,joint_pca_5,pca_train_only_5,same_hyperparameters,3,False,0.24654022615019344,0.24907241127309818,0.25034042433592724,1.5180122011115462,0.506515504314851,1.016646167257879,1.0114966967966952,0.0025321851229047343,2,0,1
bag8,coil2000_insurance_policies,source::coil2000_insurance_policies,pca_var90,principal component analysis,joint_pca_var90,pca_train_only_var90,same_hyperparameters,3,False,0.240597530830251,0.242048437275842,0.25034042433592724,3.8918578697471626,3.3122844950355987,0.599428140053434,0.5795733747115639,0.0014509064455909826,3,0,0
bag8,coil2000_insurance_policies,source::coil2000_insurance_policies,pca_var95,principal component analysis,joint_pca_var95,pca_train_only_var95,same_hyperparameters,3,False,0.24211306399267918,0.23892899737556983,0.25034042433592724,3.286468961244515,4.558363672438544,-1.3326413503942973,-1.2718947111940293,-0.003184066617109349,0,0,3
bag8,coil2000_insurance_policies,source::coil2000_insurance_policies,scaling_train_only,scaling,joint_scaling,train_only_scaling,closer_pair_but_cat_encoding_also_differs,3,False,0.2499765245407872,0.2499765245407872,0.25034042433592724,0.14536197903528658,0.14536197903528658,0.0,0.0,0.0,0,3,0
bag8,coil2000_insurance_policies,source::coil2000_insurance_policies,target_m10,target encoding,target_enc_ratio,target_enc_standard_m10,loose_regularization_sensitivity,3,False,0.24643821626089665,0.2453934833605321,0.25034042433592724,1.5587606697487584,1.976085559700469,-0.42573783380776736,-0.41732488995171046,-0.0010447329003645534,1,0,2
bag8,coil2000_insurance_policies,source::coil2000_insurance_policies,target_m20,target encoding,target_enc_ratio,target_enc_standard_m20,loose_regularization_sensitivity,3,False,0.24643821626089665,0.24567924702673785,0.25034042433592724,1.5587606697487584,1.8619355310090218,-0.3089268806152769,-0.3031748612602633,-0.0007589692341588017,1,0,2
bag8,coil2000_insurance_policies,source::coil2000_insurance_policies,target_m5,target encoding,target_enc_ratio,target_enc_standard_m5,loose_regularization_sensitivity,3,False,0.24643821626089665,0.24617435225323012,0.25034042433592724,1.5587606697487584,1.6641627470866407,-0.10718582388920428,-0.10540207733788225,-0.0002638640076665366,2,0,1
bag8,concrete_compressive_strength,source::concrete_compressive_strength,frequency_combined,frequency encoding,joint_freq_combined,freq_enc_train_only,same_hyperparameters,3,False,4.340134707907356,4.340134707907356,4.340134707907356,0.0,0.0,0.0,0.0,0.0,0,3,0
bag8,concrete_compressive_strength,source::concrete_compressive_strength,groupby_combined,group-by aggregation,joint_groupby_combined,groupby_train_only,same_hyperparameters,3,False,4.436762532315015,4.429226807250867,4.340134707907356,-2.226378463129534,-2.052749634272709,-0.17013635544270986,-0.173628828856825,-0.007535725064148124,1,0,2
bag8,concrete_compressive_strength,source::concrete_compressive_strength,pca_10,principal component analysis,joint_pca_10,pca_train_only_10,same_hyperparameters,3,False,4.452685782652324,4.461502228532125,4.340134707907356,-2.5932622446006066,-2.7963998537567973,0.19761159869916073,0.20313760915619053,0.008816445879801016,1,0,2
bag8,concrete_compressive_strength,source::concrete_compressive_strength,pca_5,principal component analysis,joint_pca_5,pca_train_only_5,same_hyperparameters,3,False,4.556937526577196,4.527067577236092,4.340134707907356,-4.9953016037692,-4.307075284740837,-0.6598078962041846,-0.6882263190283634,-0.029869949341103208,1,0,2
bag8,concrete_compressive_strength,source::concrete_compressive_strength,pca_var90,principal component analysis,joint_pca_var90,pca_train_only_var90,same_hyperparameters,3,False,4.619781194594064,4.647241423994452,4.340134707907356,-6.4432674446075655,-7.075971986020943,0.5908931104505674,0.6327045414133773,0.02746022940038806,1,0,2
bag8,concrete_compressive_strength,source::concrete_compressive_strength,pca_var95,principal component analysis,joint_pca_var95,pca_train_only_var95,same_hyperparameters,3,False,4.619781194594064,4.647241423994452,4.340134707907356,-6.4432674446075655,-7.075971986020943,0.5908931104505674,0.6327045414133773,0.02746022940038806,1,0,2
bag8,concrete_compressive_strength,source::concrete_compressive_strength,scaling_train_only,scaling,joint_scaling,train_only_scaling,closer_pair_but_cat_encoding_also_differs,3,False,4.337164947626374,4.325405396557131,4.340134707907356,0.06842553240503926,0.33937452041267646,-0.2718716511197629,-0.2709489880076372,-0.011759551069243201,0,0,3
bag8,concrete_compressive_strength,source::concrete_compressive_strength,target_m10,target encoding,target_enc_ratio,target_enc_standard_m10,loose_regularization_sensitivity,3,False,4.340134707907356,4.340134707907356,4.340134707907356,0.0,0.0,0.0,0.0,0.0,0,3,0
bag8,concrete_compressive_strength,source::concrete_compressive_strength,target_m20,target encoding,target_enc_ratio,target_enc_standard_m20,loose_regularization_sensitivity,3,False,4.340134707907356,4.340134707907356,4.340134707907356,0.0,0.0,0.0,0.0,0.0,0,3,0
bag8,concrete_compressive_strength,source::concrete_compressive_strength,target_m5,target encoding,target_enc_ratio,target_enc_standard_m5,loose_regularization_sensitivity,3,False,4.340134707907356,4.340134707907356,4.340134707907356,0.0,0.0,0.0,0.0,0.0,0,3,0
bag8,credit-g,source::credit-g,frequency_combined,frequency encoding,joint_freq_combined,freq_enc_train_only,same_hyperparameters,3,False,0.23171967279263414,0.22821466563955842,0.23617982954892822,1.8884579452921009,3.372499643420945,-1.5358378232411765,-1.4840416981288438,-0.003505007153075723,0,1,2
bag8,credit-g,source::credit-g,groupby_combined,group-by aggregation,joint_groupby_combined,groupby_train_only,same_hyperparameters,3,False,0.2239193964515853,0.2238210263746745,0.23617982954892822,5.19114317287751,5.232793671609206,-0.04395032875335265,-0.04165049873169577,-9.837007691079758e-05,1,0,2
bag8,credit-g,source::credit-g,pca_10,principal component analysis,joint_pca_10,pca_train_only_10,same_hyperparameters,3,False,0.24674944670652818,0.2511654011224826,0.23617982954892822,-4.475241250612516,-6.344983651726231,1.7581857995643826,1.869742401113715,0.0044159544159544095,3,0,0
bag8,credit-g,source::credit-g,pca_5,principal component analysis,joint_pca_5,pca_train_only_5,same_hyperparameters,3,False,0.2504420845407969,0.2501501534548745,0.23617982954892822,-6.03872693917499,-5.915121512547342,-0.11670234132999077,-0.12360542662764748,-0.00029193108592240335,1,0,2
bag8,credit-g,source::credit-g,pca_var90,principal component analysis,joint_pca_var90,pca_train_only_var90,same_hyperparameters,3,False,0.2531643495591995,0.2525862954403727,0.23617982954892822,-7.191350778222431,-6.946599090522942,-0.22885411016419765,-0.24475168769948816,-0.0005780541188267763,2,0,1
bag8,credit-g,source::credit-g,pca_var95,principal component analysis,joint_pca_var95,pca_train_only_var95,same_hyperparameters,3,False,0.2531643495591995,0.2525862954403727,0.23617982954892822,-7.191350778222431,-6.946599090522942,-0.22885411016419765,-0.24475168769948816,-0.0005780541188267763,2,0,1
bag8,credit-g,source::credit-g,scaling_train_only,scaling,joint_scaling,train_only_scaling,closer_pair_but_cat_encoding_also_differs,3,False,0.2350261668072826,0.23492614602056658,0.23617982954892822,0.48846793727006527,0.5308173567387211,-0.04257541717271247,-0.042349419468655794,-0.00010002078671603187,0,1,2
bag8,credit-g,source::credit-g,target_m10,target encoding,target_enc_ratio,target_enc_standard_m10,loose_regularization_sensitivity,3,False,0.22383111404570633,0.22255951725908804,0.23617982954892822,5.228522489327849,5.766924430360181,-0.5713513411057507,-0.5384019410323326,-0.0012715967866182842,0,1,2
bag8,credit-g,source::credit-g,target_m20,target encoding,target_enc_ratio,target_enc_standard_m20,loose_regularization_sensitivity,3,False,0.22383111404570633,0.22305992687966933,0.23617982954892822,5.228522489327849,5.555047903250731,-0.3457309328595883,-0.3265254139228825,-0.0007711871660369962,0,1,2
bag8,credit-g,source::credit-g,target_m5,target encoding,target_enc_ratio,target_enc_standard_m5,loose_regularization_sensitivity,3,False,0.22383111404570633,0.22267231576244448,0.23617982954892822,5.228522489327849,5.719164846668438,-0.520405187907642,-0.4906423573405893,-0.001158798283261847,0,1,2
bag8,credit_card_clients_default,source::credit_card_clients_default,frequency_combined,frequency encoding,joint_freq_combined,freq_enc_train_only,same_hyperparameters,3,False,0.21532631576747643,0.21532631576747643,0.21600021694556126,0.3119909727936399,0.3119909727936399,0.0,0.0,0.0,0,3,0
bag8,credit_card_clients_default,source::credit_card_clients_default,groupby_combined,group-by aggregation,joint_groupby_combined,groupby_train_only,same_hyperparameters,3,False,0.21603956396651092,0.21607639556443456,0.21600021694556126,-0.01821619510667921,-0.03526784368577528,0.017045636950501115,0.017051648579096065,3.683159792364221e-05,2,0,1
bag8,credit_card_clients_default,source::credit_card_clients_default,pca_10,principal component analysis,joint_pca_10,pca_train_only_10,same_hyperparameters,3,False,0.2164295416078831,0.2161889220460342,0.21600021694556126,-0.19876121811027997,-0.08736338469535254,-0.11130059744581262,-0.11139783341492744,-0.0002406195618488982,1,0,2
bag8,credit_card_clients_default,source::credit_card_clients_default,pca_5,principal component analysis,joint_pca_5,pca_train_only_5,same_hyperparameters,3,False,0.21661482186315914,0.21618228519912708,0.21600021694556126,-0.2845390279180955,-0.08429077347255698,-0.20007960579825032,-0.2002482544455385,-0.0004325366640320627,1,0,2
bag8,credit_card_clients_default,source::credit_card_clients_default,pca_var90,principal component analysis,joint_pca_var90,pca_train_only_var90,same_hyperparameters,3,False,0.2164295416078831,0.2161889220460342,0.21600021694556126,-0.19876121811027997,-0.08736338469535254,-0.11130059744581262,-0.11139783341492744,-0.0002406195618488982,1,0,2
bag8,credit_card_clients_default,source::credit_card_clients_default,pca_var95,principal component analysis,joint_pca_var95,pca_train_only_var95,same_hyperparameters,3,False,0.2161207347326206,0.21600056523490332,0.21600021694556126,-0.055795215747270754,-0.00016124490381841424,-0.05563388113665421,-0.05563397084345234,-0.00012016949771728735,2,0,1
bag8,credit_card_clients_default,source::credit_card_clients_default,scaling_train_only,scaling,joint_scaling,train_only_scaling,closer_pair_but_cat_encoding_also_differs,3,False,0.21594891199053393,0.21604972240565457,0.21600021694556126,0.023752270137889466,-0.022919171468137434,0.04666074734933359,0.046671441606026896,0.00010081041512063904,3,0,0
bag8,credit_card_clients_default,source::credit_card_clients_default,target_m10,target encoding,target_enc_ratio,target_enc_standard_m10,loose_regularization_sensitivity,3,False,0.21539685403394912,0.2154750062924274,0.21600021694556126,0.2793344007447035,0.2431528359372991,0.03626975574709097,0.036181564807404386,7.815225847829232e-05,1,1,1
bag8,credit_card_clients_default,source::credit_card_clients_default,target_m20,target encoding,target_enc_ratio,target_enc_standard_m20,loose_regularization_sensitivity,3,False,0.21539685403394912,0.21568342843954294,0.21600021694556126,0.2793344007447035,0.14666119807563127,0.13286806857029737,0.13267320266907223,0.0002865744055938202,2,0,1
bag8,credit_card_clients_default,source::credit_card_clients_default,target_m5,target encoding,target_enc_ratio,target_enc_standard_m5,loose_regularization_sensitivity,3,False,0.21539685403394912,0.21539764735967268,0.21600021694556126,0.2793344007447035,0.27896712068601814,0.00036830751555678217,0.0003672800586853632,7.933257235581692e-07,1,2,0
bag8,customer_satisfaction_in_airline,source::customer_satisfaction_in_airline,frequency_combined,frequency encoding,joint_freq_combined,freq_enc_train_only,same_hyperparameters,3,True,0.005432767665751466,0.0054304669663108,0.0056408237053047336,,,,,-2.3006994406661943e-06,1,1,1
bag8,customer_satisfaction_in_airline,source::customer_satisfaction_in_airline,groupby_combined,group-by aggregation,joint_groupby_combined,groupby_train_only,same_hyperparameters,3,True,0.005338869282852001,0.005358165358568866,0.0056408237053047336,,,,,1.9296075716865313e-05,2,0,1
bag8,customer_satisfaction_in_airline,source::customer_satisfaction_in_airline,pca_10,principal component analysis,joint_pca_10,pca_train_only_10,same_hyperparameters,3,True,0.0058856290341219,0.005865098781455267,0.0056408237053047336,,,,,-2.0530252666632783e-05,1,0,2
bag8,customer_satisfaction_in_airline,source::customer_satisfaction_in_airline,pca_5,principal component analysis,joint_pca_5,pca_train_only_5,same_hyperparameters,3,True,0.0058856290341219,0.005865098781455267,0.0056408237053047336,,,,,-2.0530252666632783e-05,1,0,2
bag8,customer_satisfaction_in_airline,source::customer_satisfaction_in_airline,pca_var90,principal component analysis,joint_pca_var90,pca_train_only_var90,same_hyperparameters,3,True,0.005818699545698199,0.005815702705933699,0.0056408237053047336,,,,,-2.996839764500027e-06,1,0,2
bag8,customer_satisfaction_in_airline,source::customer_satisfaction_in_airline,pca_var95,principal component analysis,joint_pca_var95,pca_train_only_var95,same_hyperparameters,3,True,0.005818699545698199,0.005815702705933699,0.0056408237053047336,,,,,-2.996839764500027e-06,1,0,2
bag8,customer_satisfaction_in_airline,source::customer_satisfaction_in_airline,scaling_train_only,scaling,joint_scaling,train_only_scaling,closer_pair_but_cat_encoding_also_differs,3,True,0.005625602747853333,0.0056232336836211675,0.0056408237053047336,,,,,-2.369064232165055e-06,1,0,2
bag8,customer_satisfaction_in_airline,source::customer_satisfaction_in_airline,target_m10,target encoding,target_enc_ratio,target_enc_standard_m10,loose_regularization_sensitivity,3,True,0.005447150860236734,0.005430176257955433,0.0056408237053047336,,,,,-1.6974602281300682e-05,1,0,2
bag8,customer_satisfaction_in_airline,source::customer_satisfaction_in_airline,target_m20,target encoding,target_enc_ratio,target_enc_standard_m20,loose_regularization_sensitivity,3,True,0.005447150860236734,0.005433995100113166,0.0056408237053047336,,,,,-1.3155760123568193e-05,0,1,2
bag8,customer_satisfaction_in_airline,source::customer_satisfaction_in_airline,target_m5,target encoding,target_enc_ratio,target_enc_standard_m5,loose_regularization_sensitivity,3,True,0.005447150860236734,0.005446437307955333,0.0056408237053047336,,,,,-7.135522814005757e-07,1,0,2
bag8,diabetes,source::diabetes,frequency_combined,frequency encoding,joint_freq_combined,freq_enc_train_only,same_hyperparameters,3,False,0.16934535483580615,0.16934535483580615,0.16934535483580615,0.0,0.0,0.0,0.0,0.0,0,3,0
bag8,diabetes,source::diabetes,groupby_combined,group-by aggregation,joint_groupby_combined,groupby_train_only,same_hyperparameters,3,False,0.1702731864610355,0.16838573053192665,0.16934535483580615,-0.5478931654954251,0.566667036606897,-1.1209120411488702,-1.1145602021023222,-0.0018874559291088555,1,0,2
bag8,diabetes,source::diabetes,pca_10,principal component analysis,joint_pca_10,pca_train_only_10,same_hyperparameters,3,False,0.17257704707006727,0.1651887176716764,0.16934535483580615,-1.9083441865851605,2.454532731742154,-4.472659817528019,-4.362876918327315,-0.007388329398390875,0,0,3
bag8,diabetes,source::diabetes,pca_5,principal component analysis,joint_pca_5,pca_train_only_5,same_hyperparameters,3,False,0.17508980204535343,0.16982233358291318,0.16934535483580615,-3.3921492651020646,-0.2816603665152203,-3.101752491151871,-3.110488898586844,-0.00526746846244025,0,0,3
bag8,diabetes,source::diabetes,pca_var90,principal component analysis,joint_pca_var90,pca_train_only_var90,same_hyperparameters,3,False,0.17360325901451304,0.16717952419994928,0.16934535483580615,-2.514331841481727,1.2789430439097786,-3.842417213055876,-3.7932748853915057,-0.006423734814563764,0,0,3
bag8,diabetes,source::diabetes,pca_var95,principal component analysis,joint_pca_var95,pca_train_only_var95,same_hyperparameters,3,False,0.17257704707006727,0.16687167157494945,0.16934535483580615,-1.9083441865851605,1.4607328693811148,-3.419019802025105,-3.3690770559662755,-0.00570537549511782,0,0,3
bag8,diabetes,source::diabetes,scaling_train_only,scaling,joint_scaling,train_only_scaling,closer_pair_but_cat_encoding_also_differs,3,False,0.16873936197217343,0.16907391840568672,0.16934535483580615,0.35784439686596603,0.1602857252167356,0.19787583837179337,0.19755867164923044,0.00033455643351329445,2,0,1
bag8,diabetes,source::diabetes,target_m10,target encoding,target_enc_ratio,target_enc_standard_m10,loose_regularization_sensitivity,3,False,0.16934535483580615,0.16934535483580615,0.16934535483580615,0.0,0.0,0.0,0.0,0.0,0,3,0
bag8,diabetes,source::diabetes,target_m20,target encoding,target_enc_ratio,target_enc_standard_m20,loose_regularization_sensitivity,3,False,0.16934535483580615,0.16934535483580615,0.16934535483580615,0.0,0.0,0.0,0.0,0.0,0,3,0
bag8,diabetes,source::diabetes,target_m5,target encoding,target_enc_ratio,target_enc_standard_m5,loose_regularization_sensitivity,3,False,0.16934535483580615,0.16934535483580615,0.16934535483580615,0.0,0.0,0.0,0.0,0.0,0,3,0
bag8,diabetes_hospital,source::diabetes_130_us,frequency_combined,frequency encoding,joint_freq_combined,freq_enc_train_only,same_hyperparameters,1,False,0.3464633796510082,0.3465781993079335,0.3461028034487377,-0.10418182074157657,-0.13735683573167806,0.033129509344372615,0.033175014990101476,0.00011481965692528018,1,0,0
bag8,diabetes_hospital,source::diabetes_130_us,groupby_combined,group-by aggregation,joint_groupby_combined,groupby_train_only,same_hyperparameters,1,False,0.3466810247460725,0.3462164361777622,0.3461028034487377,-0.1670663431712004,-0.03283207413873724,-0.13419021160270284,-0.13423426903246316,-0.00046458856831027573,0,0,1
bag8,diabetes_hospital,source::diabetes_130_us,pca_10,principal component analysis,joint_pca_10,pca_train_only_10,same_hyperparameters,1,False,0.3481571257653811,0.3484589178016196,0.3461028034487377,-0.5935584156421613,-0.6807556394818055,0.08660763746339022,0.0871972238396442,0.0003017920362384796,1,0,0
bag8,diabetes_hospital,source::diabetes_130_us,pca_5,principal component analysis,joint_pca_5,pca_train_only_5,same_hyperparameters,1,False,0.3473514516003286,0.3501823371135113,0.3461028034487377,-0.3607737756379851,-1.1787057556665763,0.8084032839911895,0.8179319800285914,0.0028308855131827237,1,0,0
bag8,diabetes_hospital,source::diabetes_130_us,pca_var90,principal component analysis,joint_pca_var90,pca_train_only_var90,same_hyperparameters,1,False,0.3491479606829508,0.3487765147199051,0.3461028034487377,-0.8798418284595436,-0.7725193915002356,-0.10649970607796493,-0.10732243695930796,-0.000371445963045669,0,0,1
bag8,diabetes_hospital,source::diabetes_130_us,pca_var95,principal component analysis,joint_pca_var95,pca_train_only_var95,same_hyperparameters,1,False,0.3481571257653811,0.3484589178016196,0.3461028034487377,-0.5935584156421613,-0.6807556394818055,0.08660763746339022,0.0871972238396442,0.0003017920362384796,1,0,0
bag8,diabetes_hospital,source::diabetes_130_us,scaling_train_only,scaling,joint_scaling,train_only_scaling,closer_pair_but_cat_encoding_also_differs,1,False,0.3461028034487377,0.3461028034487377,0.3461028034487377,0.0,0.0,0.0,0.0,0.0,0,1,0
bag8,diabetes_hospital,source::diabetes_130_us,target_m10,target encoding,target_enc_ratio,target_enc_standard_m10,loose_regularization_sensitivity,1,False,0.3467800395209509,0.3454312521364703,0.3461028034487377,-0.19567482998256408,0.1940323237996645,-0.3904647816717255,-0.3897071537822286,-0.0013487873844805764,0,0,1
bag8,diabetes_hospital,source::diabetes_130_us,target_m20,target encoding,target_enc_ratio,target_enc_standard_m20,loose_regularization_sensitivity,1,False,0.3467800395209509,0.3455709348094218,0.3461028034487377,-0.19567482998256408,0.15367360044936637,-0.3498861130192795,-0.3493484304319304,-0.0012091047115290743,0,0,1
bag8,diabetes_hospital,source::diabetes_130_us,target_m5,target encoding,target_enc_ratio,target_enc_standard_m5,loose_regularization_sensitivity,1,False,0.3467800395209509,0.3436656656491571,0.3461028034487377,-0.19567482998256408,0.7041658649672042,-0.9062220009412192,-0.8998406949497684,-0.003114373871793752,0,0,1
bag8,diamonds,source::diamonds,frequency_combined,frequency encoding,joint_freq_combined,freq_enc_train_only,same_hyperparameters,3,False,530.68700459692,530.68700459692,533.6157469570487,0.5488485631898775,0.5488485631898775,0.0,0.0,0.0,0,3,0
bag8,diamonds,source::diamonds,groupby_combined,group-by aggregation,joint_groupby_combined,groupby_train_only,same_hyperparameters,3,False,529.8729198210749,529.9127189478623,533.6157469570487,0.7014086741849985,0.6939502873187191,0.007510506044554656,0.00745838686627938,0.03979912678744313,1,0,2
bag8,diamonds,source::diamonds,pca_10,principal component analysis,joint_pca_10,pca_train_only_10,same_hyperparameters,3,False,530.3698891982748,530.7559167590239,533.6157469570487,0.6082762319671922,0.5359343711899546,0.07273165471358292,0.07234186077723763,0.38602756074908484,2,0,1
bag8,diamonds,source::diamonds,pca_5,principal component analysis,joint_pca_5,pca_train_only_5,same_hyperparameters,3,False,530.075572014514,531.1041174708372,533.6157469570487,0.6634314978001657,0.4706812908978269,0.1936617364635004,0.19275020690233888,1.0285454563231724,2,0,1
bag8,diamonds,source::diamonds,pca_var90,principal component analysis,joint_pca_var90,pca_train_only_var90,same_hyperparameters,3,False,533.209788600254,533.405834066571,533.6157469570487,0.07607690723328465,0.03933783657525071,0.03675352870109002,0.036739070658033945,0.19604546631694575,2,0,1
bag8,diamonds,source::diamonds,pca_var95,principal component analysis,joint_pca_var95,pca_train_only_var95,same_hyperparameters,3,False,533.209788600254,533.405834066571,533.6157469570487,0.07607690723328465,0.03933783657525071,0.03675352870109002,0.036739070658033945,0.19604546631694575,2,0,1
bag8,diamonds,source::diamonds,scaling_train_only,scaling,joint_scaling,train_only_scaling,closer_pair_but_cat_encoding_also_differs,3,False,533.2790226080137,533.4513839413959,533.6157469570487,0.06310240111075091,0.030801755118757504,0.03231059822333557,0.032300645991993414,0.17236133338212767,2,1,0
bag8,diamonds,source::diamonds,target_m10,target encoding,target_enc_ratio,target_enc_standard_m10,loose_regularization_sensitivity,3,False,531.9541768448786,531.9541768448786,533.6157469570487,0.3113795126259395,0.3113795126259395,0.0,0.0,0.0,0,3,0
bag8,diamonds,source::diamonds,target_m20,target encoding,target_enc_ratio,target_enc_standard_m20,loose_regularization_sensitivity,3,False,531.9541768448786,531.9541768448786,533.6157469570487,0.3113795126259395,0.3113795126259395,0.0,0.0,0.0,0,3,0
bag8,diamonds,source::diamonds,target_m5,target encoding,target_enc_ratio,target_enc_standard_m5,loose_regularization_sensitivity,3,False,531.9541768448786,531.9541768448786,533.6157469570487,0.3113795126259395,0.3113795126259395,0.0,0.0,0.0,0,3,0
bag8,folktables_coverage,source::folktables,frequency_combined,frequency encoding,joint_freq_combined,freq_enc_train_only,same_hyperparameters,1,False,0.1802328471102703,0.1802328471102703,0.1802445690392519,0.006503346560779588,0.006503346560779588,0.0,0.0,0.0,0,1,0
bag8,folktables_coverage,source::folktables,groupby_combined,group-by aggregation,joint_groupby_combined,groupby_train_only,same_hyperparameters,1,False,0.1801129825260956,0.1801260539897573,0.1802445690392519,0.07300442607380668,0.06575235532826486,0.0072568422902701294,0.0072520707455418195,1.3071463661723515e-05,1,0,0
bag8,folktables_coverage,source::folktables,pca_10,principal component analysis,joint_pca_10,pca_train_only_10,same_hyperparameters,1,False,0.1808763421912479,0.1810428942305252,0.1802445690392519,-0.35050884216013184,-0.44291220286334393,0.09199589963758334,0.09240336070321212,0.00016655203927729012,1,0,0
bag8,folktables_coverage,source::folktables,pca_5,principal component analysis,joint_pca_5,pca_train_only_5,same_hyperparameters,1,False,0.1808763421912479,0.1809987692562827,0.1802445690392519,-0.35050884216013184,-0.41843159050553713,0.06763972237924032,0.0679227483454053,0.0001224270650347914,1,0,0
bag8,folktables_coverage,source::folktables,pca_var90,principal component analysis,joint_pca_var90,pca_train_only_var90,same_hyperparameters,1,False,0.1808763421912479,0.1810428942305252,0.1802445690392519,-0.35050884216013184,-0.44291220286334393,0.09199589963758334,0.09240336070321212,0.00016655203927729012,1,0,0
bag8,folktables_coverage,source::folktables,pca_var95,principal component analysis,joint_pca_var95,pca_train_only_var95,same_hyperparameters,1,False,0.1808763421912479,0.1810428942305252,0.1802445690392519,-0.35050884216013184,-0.44291220286334393,0.09199589963758334,0.09240336070321212,0.00016655203927729012,1,0,0
bag8,folktables_coverage,source::folktables,scaling_train_only,scaling,joint_scaling,train_only_scaling,closer_pair_but_cat_encoding_also_differs,1,False,0.180270981672025,0.1801576445696431,0.1802445690392519,-0.014653774543040727,0.04822584673265951,-0.06290996013665533,-0.06287962127570024,-0.00011333710238189965,0,0,1
bag8,folktables_coverage,source::folktables,target_m10,target encoding,target_enc_ratio,target_enc_standard_m10,loose_regularization_sensitivity,1,False,0.180100116210656,0.180100116210656,0.1802445690392519,0.08014268022935324,0.08014268022935324,0.0,0.0,0.0,0,1,0
bag8,folktables_coverage,source::folktables,target_m20,target encoding,target_enc_ratio,target_enc_standard_m20,loose_regularization_sensitivity,1,False,0.180100116210656,0.180100116210656,0.1802445690392519,0.08014268022935324,0.08014268022935324,0.0,0.0,0.0,0,1,0
bag8,folktables_coverage,source::folktables,target_m5,target encoding,target_enc_ratio,target_enc_standard_m5,loose_regularization_sensitivity,1,False,0.180100116210656,0.180100116210656,0.1802445690392519,0.08014268022935324,0.08014268022935324,0.0,0.0,0.0,0,1,0
bag8,folktables_coverage_covid,source::folktables,frequency_combined,frequency encoding,joint_freq_combined,freq_enc_train_only,same_hyperparameters,1,False,0.1862352121615774,0.1863367622736601,0.1863877343928588,0.08183061604253432,0.027347357037589413,0.05449816281210806,0.054483259004944905,0.00010155011208271003,1,0,0
bag8,folktables_coverage_covid,source::folktables,groupby_combined,group-by aggregation,joint_groupby_combined,groupby_train_only,same_hyperparameters,1,False,0.1863959889194487,0.1863947516411079,0.1863877343928588,-0.0044286855123725115,-0.0037648658973961227,-0.0006637946239989607,-0.0006638196149763883,-1.2372783408098886e-06,0,0,1
bag8,folktables_coverage_covid,source::folktables,pca_10,principal component analysis,joint_pca_10,pca_train_only_10,same_hyperparameters,1,False,0.1869777290309371,0.1869360227306897,0.1863877343928588,-0.316541557844538,-0.2941654608426406,-0.022310467312910236,-0.022376097001897403,-4.1706300247384975e-05,0,0,1
bag8,folktables_coverage_covid,source::folktables,pca_5,principal component analysis,joint_pca_5,pca_train_only_5,same_hyperparameters,1,False,0.1869777290309371,0.1868834645528015,0.1863877343928588,-0.316541557844538,-0.2659671579556959,-0.05044024540168134,-0.050574399888842075,-9.426447813559724e-05,0,0,1
bag8,folktables_coverage_covid,source::folktables,pca_var90,principal component analysis,joint_pca_var90,pca_train_only_var90,same_hyperparameters,1,False,0.1870750285821594,0.1868834645528015,0.1863877343928588,-0.36874432297780035,-0.2659671579556959,-0.10250453661928247,-0.10277716502210442,-0.00019156402935791017,0,0,1
bag8,folktables_coverage_covid,source::folktables,pca_var95,principal component analysis,joint_pca_var95,pca_train_only_var95,same_hyperparameters,1,False,0.1870750285821594,0.1869360227306897,0.1863877343928588,-0.36874432297780035,-0.2941654608426406,-0.07436012034446532,-0.07457886213515975,-0.0001390058514696979,0,0,1
bag8,folktables_coverage_covid,source::folktables,scaling_train_only,scaling,joint_scaling,train_only_scaling,closer_pair_but_cat_encoding_also_differs,1,False,0.186386645404143,0.1863117533822741,0.1863877343928588,0.0005842598598889288,0.040765027179606964,-0.04019715370034941,-0.040180767319718036,-7.489202186888866e-05,0,0,1
bag8,folktables_coverage_covid,source::folktables,target_m10,target encoding,target_enc_ratio,target_enc_standard_m10,loose_regularization_sensitivity,1,False,0.1863481854463067,0.1863481854463067,0.1863877343928588,0.021218642246451567,0.021218642246451567,0.0,0.0,0.0,0,1,0
bag8,folktables_coverage_covid,source::folktables,target_m20,target encoding,target_enc_ratio,target_enc_standard_m20,loose_regularization_sensitivity,1,False,0.1863481854463067,0.1863481854463067,0.1863877343928588,0.021218642246451567,0.021218642246451567,0.0,0.0,0.0,0,1,0
bag8,folktables_coverage_covid,source::folktables,target_m5,target encoding,target_enc_ratio,target_enc_standard_m5,loose_regularization_sensitivity,1,False,0.1863481854463067,0.1863481854463067,0.1863877343928588,0.021218642246451567,0.021218642246451567,0.0,0.0,0.0,0,1,0
bag8,folktables_employment,source::folktables,frequency_combined,frequency encoding,joint_freq_combined,freq_enc_train_only,same_hyperparameters,1,False,0.0923541735252619,0.0923541738068212,0.0923388145690792,-0.016633261163652296,-0.01663356608342516,3.0486906226756647e-07,3.049197728645067e-07,2.815593036498143e-10,0,1,0
bag8,folktables_employment,source::folktables,groupby_combined,group-by aggregation,joint_groupby_combined,groupby_train_only,same_hyperparameters,1,False,0.0923357264585383,0.0923401643167863,0.0923388145690792,0.0033443255204428034,-0.0014617338476645115,0.004805989117337672,0.004806059368107315,4.4378582479964734e-06,1,0,0
bag8,folktables_employment,source::folktables,pca_10,principal component analysis,joint_pca_10,pca_train_only_10,same_hyperparameters,1,False,0.0924022647391827,0.0924055832636228,0.0923388145690792,-0.068714516641348,-0.07230837308794771,0.003591259665162471,0.0035938564465997137,3.3185244401046088e-06,1,0,0
bag8,folktables_employment,source::folktables,pca_5,principal component analysis,joint_pca_5,pca_train_only_5,same_hyperparameters,1,False,0.0924022647391827,0.0924055832636228,0.0923388145690792,-0.068714516641348,-0.07230837308794771,0.003591259665162471,0.0035938564465997137,3.3185244401046088e-06,1,0,0
bag8,folktables_employment,source::folktables,pca_var90,principal component analysis,joint_pca_var90,pca_train_only_var90,same_hyperparameters,1,False,0.0924022647391827,0.0924055832636228,0.0923388145690792,-0.068714516641348,-0.07230837308794771,0.003591259665162471,0.0035938564465997137,3.3185244401046088e-06,1,0,0
bag8,folktables_employment,source::folktables,pca_var95,principal component analysis,joint_pca_var95,pca_train_only_var95,same_hyperparameters,1,False,0.0924022647391827,0.0924055832636228,0.0923388145690792,-0.068714516641348,-0.07230837308794771,0.003591259665162471,0.0035938564465997137,3.3185244401046088e-06,1,0,0
bag8,folktables_employment,source::folktables,scaling_train_only,scaling,joint_scaling,train_only_scaling,closer_pair_but_cat_encoding_also_differs,1,False,0.0923388015557523,0.0923388015557523,0.0923388145690792,1.4093019238884435e-05,1.4093019238884435e-05,0.0,0.0,0.0,0,1,0
bag8,folktables_employment,source::folktables,target_m10,target encoding,target_enc_ratio,target_enc_standard_m10,loose_regularization_sensitivity,1,False,0.0923294116486064,0.0923524797984027,0.0923388145690792,0.01018306387913005,-0.014799008832063395,0.024978376159099553,0.024982072711193442,2.306814979630145e-05,1,0,0
bag8,folktables_employment,source::folktables,target_m20,target encoding,target_enc_ratio,target_enc_standard_m20,loose_regularization_sensitivity,1,False,0.0923294116486064,0.0923524797984027,0.0923388145690792,0.01018306387913005,-0.014799008832063395,0.024978376159099553,0.024982072711193442,2.306814979630145e-05,1,0,0
bag8,folktables_employment,source::folktables,target_m5,target encoding,target_enc_ratio,target_enc_standard_m5,loose_regularization_sensitivity,1,False,0.0923294116486064,0.0923322801926199,0.0923388145690792,0.01018306387913005,0.007076521926131343,0.0031067618036789355,0.0031065419529987055,2.8685440134901263e-06,1,0,0
bag8,folktables_income,source::folktables,frequency_combined,frequency encoding,joint_freq_combined,freq_enc_train_only,same_hyperparameters,1,False,0.1121486128217443,0.1119700407103991,0.1120155290170952,-0.11880835257118044,0.04060892904337137,-0.15948204556527235,-0.15941728161455182,-0.00017857211134521267,0,0,1
bag8,folktables_income,source::folktables,groupby_combined,group-by aggregation,joint_groupby_combined,groupby_train_only,same_hyperparameters,1,False,0.1119199721378698,0.1119309883848549,0.1120155290170952,0.08530681421038872,0.07547224298463795,0.009841999203304027,0.009834571225750762,1.1016246985087741e-05,1,0,0
bag8,folktables_income,source::folktables,pca_10,principal component analysis,joint_pca_10,pca_train_only_10,same_hyperparameters,1,False,0.1126553296773933,0.1126414433126034,0.1120155290170952,-0.5711713955307579,-0.5587745743830473,-0.01232793577704228,-0.012396821147710662,-1.3886364789911232e-05,0,0,1
bag8,folktables_income,source::folktables,pca_5,principal component analysis,joint_pca_5,pca_train_only_5,same_hyperparameters,1,False,0.1126553296773933,0.1126414375799956,0.1120155290170952,-0.5711713955307579,-0.5587694566928113,-0.01233302565748648,-0.0124019388379466,-1.3892097397702474e-05,0,0,1
bag8,folktables_income,source::folktables,pca_var90,principal component analysis,joint_pca_var90,pca_train_only_var90,same_hyperparameters,1,False,0.1126553296773933,0.1126414433126034,0.1120155290170952,-0.5711713955307579,-0.5587745743830473,-0.01232793577704228,-0.012396821147710662,-1.3886364789911232e-05,0,0,1
bag8,folktables_income,source::folktables,pca_var95,principal component analysis,joint_pca_var95,pca_train_only_var95,same_hyperparameters,1,False,0.1126553296773933,0.1126414375799956,0.1120155290170952,-0.5711713955307579,-0.5587694566928113,-0.01233302565748648,-0.0124019388379466,-1.3892097397702474e-05,0,0,1
bag8,folktables_income,source::folktables,scaling_train_only,scaling,joint_scaling,train_only_scaling,closer_pair_but_cat_encoding_also_differs,1,False,0.11201552865442,0.11201552865442,0.1120155290170952,3.237722595172791e-07,3.237722595172791e-07,0.0,0.0,0.0,0,1,0
bag8,folktables_income,source::folktables,target_m10,target encoding,target_enc_ratio,target_enc_standard_m10,loose_regularization_sensitivity,1,False,0.1124457539153526,0.1124467694994584,0.1120155290170952,-0.3840761205455124,-0.3849827663603471,0.0009031687707163401,0.0009066458148347466,1.015584105798495e-06,1,0,0
bag8,folktables_income,source::folktables,target_m20,target encoding,target_enc_ratio,target_enc_standard_m20,loose_regularization_sensitivity,1,False,0.1124457539153526,0.1124310774568269,0.1120155290170952,-0.3840761205455124,-0.3709739563594602,-0.013053738216936036,-0.01310216418605221,-1.4676458525694769e-05,0,0,1
bag8,folktables_income,source::folktables,target_m5,target encoding,target_enc_ratio,target_enc_standard_m5,loose_regularization_sensitivity,1,False,0.1124457539153526,0.1125349416392534,0.1120155290170952,-0.3840761205455124,-0.4636969772993947,0.07925336131306548,0.07962085675388234,8.918772390080487e-05,1,0,0
bag8,folktables_mobility,source::folktables,frequency_combined,frequency encoding,joint_freq_combined,freq_enc_train_only,same_hyperparameters,1,False,0.2596959296566929,0.2601213172456705,0.2597460318536995,0.01928891719693097,-0.1444816651452799,0.16353430525489485,0.16377058234221087,0.0004253875889775882,1,0,0
bag8,folktables_mobility,source::folktables,groupby_combined,group-by aggregation,joint_groupby_combined,groupby_train_only,same_hyperparameters,1,False,0.2599148966364726,0.2604123446295462,0.2597460318536995,-0.06501149664077527,-0.2565247180453634,0.19102319968020726,0.19151322140458815,0.0004974479930736075,1,0,0
bag8,folktables_mobility,source::folktables,pca_10,principal component analysis,joint_pca_10,pca_train_only_10,same_hyperparameters,1,False,0.2605954064096654,0.2611338717040061,0.2597460318536995,-0.32700193720160614,-0.5343064686694802,0.20620277669342493,0.20730453146787398,0.0005384652943407064,1,0,0
bag8,folktables_mobility,source::folktables,pca_5,principal component analysis,joint_pca_5,pca_train_only_5,same_hyperparameters,1,False,0.2605954064096654,0.2611338717040061,0.2597460318536995,-0.32700193720160614,-0.5343064686694802,0.20620277669342493,0.20730453146787398,0.0005384652943407064,1,0,0
bag8,folktables_mobility,source::folktables,pca_var90,principal component analysis,joint_pca_var90,pca_train_only_var90,same_hyperparameters,1,False,0.2607054880260586,0.2603940734472423,0.2597460318536995,-0.36938241770696423,-0.24949046917791604,-0.1195935739602681,-0.1198919485290482,-0.00031141457881628254,0,0,1
bag8,folktables_mobility,source::folktables,pca_var95,principal component analysis,joint_pca_var95,pca_train_only_var95,same_hyperparameters,1,False,0.2605954064096654,0.2611338717040061,0.2597460318536995,-0.32700193720160614,-0.5343064686694802,0.20620277669342493,0.20730453146787398,0.0005384652943407064,1,0,0
bag8,folktables_mobility,source::folktables,scaling_train_only,scaling,joint_scaling,train_only_scaling,closer_pair_but_cat_encoding_also_differs,1,False,0.2594189556662304,0.2596306102047587,0.2597460318536995,0.1259215338670896,0.04443634734940052,0.08152141165533637,0.08148518651768907,0.0002116545385282831,1,0,0
bag8,folktables_mobility,source::folktables,target_m10,target encoding,target_enc_ratio,target_enc_standard_m10,loose_regularization_sensitivity,1,False,0.2595332924234184,0.2595332924234184,0.2597460318536995,0.08190286056070731,0.08190286056070731,0.0,0.0,0.0,0,1,0
bag8,folktables_mobility,source::folktables,target_m20,target encoding,target_enc_ratio,target_enc_standard_m20,loose_regularization_sensitivity,1,False,0.2595332924234184,0.2595027701638711,0.2597460318536995,0.08190286056070731,0.09365366935246465,-0.01176182417167691,-0.011750808791757349,-3.0522259547305364e-05,0,0,1
bag8,folktables_mobility,source::folktables,target_m5,target encoding,target_enc_ratio,target_enc_standard_m5,loose_regularization_sensitivity,1,False,0.2595332924234184,0.2595332924234184,0.2597460318536995,0.08190286056070731,0.08190286056070731,0.0,0.0,0.0,0,1,0
bag8,folktables_travel_time,source::folktables,frequency_combined,frequency encoding,joint_freq_combined,freq_enc_train_only,same_hyperparameters,1,False,0.2079587031630407,0.2081077108238339,0.2080129492789471,0.02607823988575773,-0.045555598925586645,0.07160122044653193,0.07163383881134437,0.0001490076607932045,1,0,0
bag8,folktables_travel_time,source::folktables,groupby_combined,group-by aggregation,joint_groupby_combined,groupby_train_only,same_hyperparameters,1,False,0.2078487762702335,0.2079321190589347,0.2080129492789471,0.07892441758202538,0.038858263532433816,0.04008172911351885,0.04006615404959157,8.334278870120171e-05,1,0,0
bag8,folktables_travel_time,source::folktables,pca_10,principal component analysis,joint_pca_10,pca_train_only_10,same_hyperparameters,1,False,0.2078893906186845,0.2079847146721978,0.2080129492789471,0.05939950406495956,0.013573485135011935,0.045832239962225935,0.04582601892994762,9.532405351331263e-05,1,0,0
bag8,folktables_travel_time,source::folktables,pca_5,principal component analysis,joint_pca_5,pca_train_only_5,same_hyperparameters,1,False,0.207925446627877,0.2078391633404043,0.2080129492789471,0.042065963380367256,0.08354573075627734,-0.04151445092730677,-0.041479767375910095,-8.62832874726771e-05,0,0,1
bag8,folktables_travel_time,source::folktables,pca_var90,principal component analysis,joint_pca_var90,pca_train_only_var90,same_hyperparameters,1,False,0.2078893906186845,0.2079847146721978,0.2080129492789471,0.05939950406495956,0.013573485135011935,0.045832239962225935,0.04582601892994762,9.532405351331263e-05,1,0,0
bag8,folktables_travel_time,source::folktables,pca_var95,principal component analysis,joint_pca_var95,pca_train_only_var95,same_hyperparameters,1,False,0.207925446627877,0.2078391633404043,0.2080129492789471,0.042065963380367256,0.08354573075627734,-0.04151445092730677,-0.041479767375910095,-8.62832874726771e-05,0,0,1
bag8,folktables_travel_time,source::folktables,scaling_train_only,scaling,joint_scaling,train_only_scaling,closer_pair_but_cat_encoding_also_differs,1,False,0.2080129492789471,0.2080129492789471,0.2080129492789471,0.0,0.0,0.0,0.0,0.0,0,1,0
bag8,folktables_travel_time,source::folktables,target_m10,target encoding,target_enc_ratio,target_enc_standard_m10,loose_regularization_sensitivity,1,False,0.2073327160075111,0.2072904840094143,0.2080129492789471,0.3270148679656422,0.3473174492439692,-0.020373341448170542,-0.020302581278326993,-4.2231998096803336e-05,0,0,1
bag8,folktables_travel_time,source::folktables,target_m20,target encoding,target_enc_ratio,target_enc_standard_m20,loose_regularization_sensitivity,1,False,0.2073327160075111,0.207297373356487,0.2080129492789471,0.3270148679656422,0.3440054693424318,-0.017049251735240824,-0.016990601376789635,-3.534265102408951e-05,0,0,1
bag8,folktables_travel_time,source::folktables,target_m5,target encoding,target_enc_ratio,target_enc_standard_m5,loose_regularization_sensitivity,1,False,0.2073327160075111,0.2073289214863065,0.2080129492789471,0.3270148679656422,0.32883904344017967,-0.0018301938665413239,-0.0018241754745374887,-3.7945212046086585e-06,0,0,1
bag8,folktables_travel_time_covid,source::folktables,frequency_combined,frequency encoding,joint_freq_combined,freq_enc_train_only,same_hyperparameters,1,False,0.2031677016261408,0.2052855818853414,0.2035722517222109,0.19872555942552414,-0.8416324664269359,1.031675113152125,1.04035802585246,0.002117880259200594,1,0,0
bag8,folktables_travel_time_covid,source::folktables,groupby_combined,group-by aggregation,joint_groupby_combined,groupby_train_only,same_hyperparameters,1,False,0.2034164547154231,0.2034070541708434,0.2035722517222109,0.07653155352449602,0.0811493462247188,-0.004621543052195133,-0.0046177927002227824,-9.400544579707404e-06,0,0,1
bag8,folktables_travel_time_covid,source::folktables,pca_10,principal component analysis,joint_pca_10,pca_train_only_10,same_hyperparameters,1,False,0.2034604522913652,0.2034164289481107,0.2035722517222109,0.05491879659427966,0.07654421110045587,-0.02164198018917853,-0.021625414506176204,-4.402334325448454e-05,0,0,1
bag8,folktables_travel_time_covid,source::folktables,pca_5,principal component analysis,joint_pca_5,pca_train_only_5,same_hyperparameters,1,False,0.2034604522913652,0.2033166156953659,0.2035722517222109,0.05491879659427966,0.12557508436554302,-0.0707451260229512,-0.07065628777126337,-0.000143836595999286,0,0,1
bag8,folktables_travel_time_covid,source::folktables,pca_var90,principal component analysis,joint_pca_var90,pca_train_only_var90,same_hyperparameters,1,False,0.2034604522913652,0.2033166156953659,0.2035722517222109,0.05491879659427966,0.12557508436554302,-0.0707451260229512,-0.07065628777126337,-0.000143836595999286,0,0,1
bag8,folktables_travel_time_covid,source::folktables,pca_var95,principal component analysis,joint_pca_var95,pca_train_only_var95,same_hyperparameters,1,False,0.2034604522913652,0.2033166156953659,0.2035722517222109,0.05491879659427966,0.12557508436554302,-0.0707451260229512,-0.07065628777126337,-0.000143836595999286,0,0,1
bag8,folktables_travel_time_covid,source::folktables,scaling_train_only,scaling,joint_scaling,train_only_scaling,closer_pair_but_cat_encoding_also_differs,1,False,0.2035722517222109,0.2035722517222109,0.2035722517222109,0.0,0.0,0.0,0.0,0.0,0,1,0
bag8,folktables_travel_time_covid,source::folktables,target_m10,target encoding,target_enc_ratio,target_enc_standard_m10,loose_regularization_sensitivity,1,False,0.2017031574494274,0.2018946849627969,0.2035722517222109,0.9181478600207362,0.8240645496730982,0.09486505967444138,0.09408331034763809,0.0001915275133694827,1,0,0
bag8,folktables_travel_time_covid,source::folktables,target_m20,target encoding,target_enc_ratio,target_enc_standard_m20,loose_regularization_sensitivity,1,False,0.2017031574494274,0.2020175064931147,0.2035722517222109,0.9181478600207362,0.7637314103190119,0.15560485283883513,0.15441644970172427,0.0003143490436872953,1,0,0
bag8,folktables_travel_time_covid,source::folktables,target_m5,target encoding,target_enc_ratio,target_enc_standard_m5,loose_regularization_sensitivity,1,False,0.2017031574494274,0.2018899050297314,0.2035722517222109,0.9181478600207362,0.8264125774740673,0.09249971179910406,0.09173528254666899,0.00018674758030398642,1,0,0
bag8,gas_sensor_drift,source::gas_sensor_drift,frequency_combined,frequency encoding,joint_freq_combined,freq_enc_train_only,same_hyperparameters,1,False,0.1243783594646005,0.1243783594646005,0.1243783594646005,0.0,0.0,0.0,0.0,0.0,0,1,0
bag8,gas_sensor_drift,source::gas_sensor_drift,groupby_combined,group-by aggregation,joint_groupby_combined,groupby_train_only,same_hyperparameters,1,False,0.1243783594646005,0.1243783594646005,0.1243783594646005,0.0,0.0,0.0,0.0,0.0,0,1,0
bag8,gas_sensor_drift,source::gas_sensor_drift,pca_10,principal component analysis,joint_pca_10,pca_train_only_10,same_hyperparameters,1,False,0.1164960589812098,0.1057432060835849,0.1243783594646005,6.3373568499543556,14.98263320181465,-10.168835706688606,-8.645276351860295,-0.010752852897624898,0,0,1
bag8,gas_sensor_drift,source::gas_sensor_drift,pca_5,principal component analysis,joint_pca_5,pca_train_only_5,same_hyperparameters,1,False,0.1210282338834626,0.1296026968073494,0.1243783594646005,2.6934955530518914,-4.2003587804482985,6.6159602655741745,6.893854333500189,0.008574462923886805,1,0,0
bag8,gas_sensor_drift,source::gas_sensor_drift,pca_var90,principal component analysis,joint_pca_var90,pca_train_only_var90,same_hyperparameters,1,False,0.1172201645143756,0.1160936504196866,0.1243783594646005,5.755177171525734,6.660892683081118,-0.9703494468617149,-0.9057155115553848,-0.0011265140946890018,0,0,1
bag8,gas_sensor_drift,source::gas_sensor_drift,pca_var95,principal component analysis,joint_pca_var95,pca_train_only_var95,same_hyperparameters,1,False,0.1154770699558965,0.1008457049327802,0.1243783594646005,7.156622379504379,18.92021621214418,-14.508664531492942,-11.7635938326398,-0.014631365023116308,0,0,1
bag8,gas_sensor_drift,source::gas_sensor_drift,scaling_train_only,scaling,joint_scaling,train_only_scaling,closer_pair_but_cat_encoding_also_differs,1,False,0.1283537384947605,0.129667348504991,0.1243783594646005,-3.196198315585147,-4.252338640867674,1.0130615188602716,1.056140325282528,0.0013136100102305037,1,0,0
bag8,gas_sensor_drift,source::gas_sensor_drift,target_m10,target encoding,target_enc_ratio,target_enc_standard_m10,loose_regularization_sensitivity,1,False,0.1243783594646005,0.1243783594646005,0.1243783594646005,0.0,0.0,0.0,0.0,0.0,0,1,0
bag8,gas_sensor_drift,source::gas_sensor_drift,target_m20,target encoding,target_enc_ratio,target_enc_standard_m20,loose_regularization_sensitivity,1,False,0.1243783594646005,0.1243783594646005,0.1243783594646005,0.0,0.0,0.0,0.0,0.0,0,1,0
bag8,gas_sensor_drift,source::gas_sensor_drift,target_m5,target encoding,target_enc_ratio,target_enc_standard_m5,loose_regularization_sensitivity,1,False,0.1243783594646005,0.1243783594646005,0.1243783594646005,0.0,0.0,0.0,0.0,0.0,0,1,0
bag8,hazelnut-spread-contaminant-detection,source::hazelnut-spread-contaminant-detection,frequency_combined,frequency encoding,joint_freq_combined,freq_enc_train_only,same_hyperparameters,3,False,0.0295020833333333,0.0295020833333333,0.0295020833333333,0.0,0.0,0.0,0.0,0.0,0,3,0
bag8,hazelnut-spread-contaminant-detection,source::hazelnut-spread-contaminant-detection,groupby_combined,group-by aggregation,joint_groupby_combined,groupby_train_only,same_hyperparameters,3,False,0.0295020833333333,0.0295020833333333,0.0295020833333333,0.0,0.0,0.0,0.0,0.0,0,3,0
bag8,hazelnut-spread-contaminant-detection,source::hazelnut-spread-contaminant-detection,pca_10,principal component analysis,joint_pca_10,pca_train_only_10,same_hyperparameters,3,False,0.0297166666666666,0.029437499999999964,0.0295020833333333,-0.7273497634346711,0.21891109384931584,-0.9483368719036476,-0.9462608572839869,-0.0002791666666666359,1,0,2
bag8,hazelnut-spread-contaminant-detection,source::hazelnut-spread-contaminant-detection,pca_5,principal component analysis,joint_pca_5,pca_train_only_5,same_hyperparameters,3,False,0.02984166666666663,0.030349999999999933,0.0295020833333333,-1.1510486547560121,-2.8740908127955933,1.6749038989565166,1.723042158039581,0.0005083333333333016,3,0,0
bag8,hazelnut-spread-contaminant-detection,source::hazelnut-spread-contaminant-detection,pca_var90,principal component analysis,joint_pca_var90,pca_train_only_var90,same_hyperparameters,3,False,0.0297166666666666,0.029437499999999964,0.0295020833333333,-0.7273497634346711,0.21891109384931584,-0.9483368719036476,-0.9462608572839869,-0.0002791666666666359,1,0,2
bag8,hazelnut-spread-contaminant-detection,source::hazelnut-spread-contaminant-detection,pca_var95,principal component analysis,joint_pca_var95,pca_train_only_var95,same_hyperparameters,3,False,0.028472916666666636,0.028743749999999967,0.0295020833333333,3.488454205211492,2.5704399406821574,0.9422338189461416,0.9180142645293351,0.00027083333333333126,2,0,1
bag8,hazelnut-spread-contaminant-detection,source::hazelnut-spread-contaminant-detection,scaling_train_only,scaling,joint_scaling,train_only_scaling,closer_pair_but_cat_encoding_also_differs,3,False,0.0297604166666666,0.029995833333333267,0.0295020833333333,-0.8756443753970987,-1.673610620718764,0.7848312265592522,0.7979662453216652,0.0002354166666666685,2,0,1
bag8,hazelnut-spread-contaminant-detection,source::hazelnut-spread-contaminant-detection,target_m10,target encoding,target_enc_ratio,target_enc_standard_m10,loose_regularization_sensitivity,3,False,0.0295020833333333,0.0295020833333333,0.0295020833333333,0.0,0.0,0.0,0.0,0.0,0,3,0
bag8,hazelnut-spread-contaminant-detection,source::hazelnut-spread-contaminant-detection,target_m20,target encoding,target_enc_ratio,target_enc_standard_m20,loose_regularization_sensitivity,3,False,0.0295020833333333,0.0295020833333333,0.0295020833333333,0.0,0.0,0.0,0.0,0.0,0,3,0
bag8,hazelnut-spread-contaminant-detection,source::hazelnut-spread-contaminant-detection,target_m5,target encoding,target_enc_ratio,target_enc_standard_m5,loose_regularization_sensitivity,3,False,0.0295020833333333,0.0295020833333333,0.0295020833333333,0.0,0.0,0.0,0.0,0.0,0,3,0
bag8,healthcare_insurance_expenses,source::healthcare_insurance_expenses,frequency_combined,frequency encoding,joint_freq_combined,freq_enc_train_only,same_hyperparameters,3,False,4604.9174571296235,4618.289252248423,4620.357678458792,0.33417805294933545,0.04476766420082747,0.2895400090474854,0.28941038874850794,13.371795118799128,3,0,0
bag8,healthcare_insurance_expenses,source::healthcare_insurance_expenses,groupby_combined,group-by aggregation,joint_groupby_combined,groupby_train_only,same_hyperparameters,3,False,4608.390601676856,4615.518003927036,4620.357678458792,0.2590075837143414,0.10474675054530157,0.1544225858097836,0.15426083316903982,7.127402250180239,1,2,0
bag8,healthcare_insurance_expenses,source::healthcare_insurance_expenses,pca_10,principal component analysis,joint_pca_10,pca_train_only_10,same_hyperparameters,3,False,4632.855349424838,4654.186983343832,4620.357678458792,-0.27049141724055337,-0.7321793514549826,0.45833212106292087,0.4616879342144292,21.331633918994157,2,0,1
bag8,healthcare_insurance_expenses,source::healthcare_insurance_expenses,pca_5,principal component analysis,joint_pca_5,pca_train_only_5,same_hyperparameters,3,False,4632.855349424838,4654.186983343832,4620.357678458792,-0.27049141724055337,-0.7321793514549826,0.45833212106292087,0.4616879342144292,21.331633918994157,2,0,1
bag8,healthcare_insurance_expenses,source::healthcare_insurance_expenses,pca_var90,principal component analysis,joint_pca_var90,pca_train_only_var90,same_hyperparameters,3,False,4632.855349424838,4654.186983343832,4620.357678458792,-0.27049141724055337,-0.7321793514549826,0.45833212106292087,0.4616879342144292,21.331633918994157,2,0,1
bag8,healthcare_insurance_expenses,source::healthcare_insurance_expenses,pca_var95,principal component analysis,joint_pca_var95,pca_train_only_var95,same_hyperparameters,3,False,4632.855349424838,4654.186983343832,4620.357678458792,-0.27049141724055337,-0.7321793514549826,0.45833212106292087,0.4616879342144292,21.331633918994157,2,0,1
bag8,healthcare_insurance_expenses,source::healthcare_insurance_expenses,scaling_train_only,scaling,joint_scaling,train_only_scaling,closer_pair_but_cat_encoding_also_differs,3,False,4607.709743319153,4607.689683410684,4620.357678458792,0.2737436367449844,0.27417780028523836,-0.0004353571930292054,-0.00043416354025397437,-0.020059908469193033,0,2,1
bag8,healthcare_insurance_expenses,source::healthcare_insurance_expenses,target_m10,target encoding,target_enc_ratio,target_enc_standard_m10,loose_regularization_sensitivity,3,False,4627.335128936509,4627.335128936509,4620.357678458792,-0.15101537507036505,-0.15101537507036505,0.0,0.0,0.0,0,3,0
bag8,healthcare_insurance_expenses,source::healthcare_insurance_expenses,target_m20,target encoding,target_enc_ratio,target_enc_standard_m20,loose_regularization_sensitivity,3,False,4627.335128936509,4627.335128936509,4620.357678458792,-0.15101537507036505,-0.15101537507036505,0.0,0.0,0.0,0,3,0
bag8,healthcare_insurance_expenses,source::healthcare_insurance_expenses,target_m5,target encoding,target_enc_ratio,target_enc_standard_m5,loose_regularization_sensitivity,3,False,4627.335128936509,4627.335128936509,4620.357678458792,-0.15101537507036505,-0.15101537507036505,0.0,0.0,0.0,0,3,0
bag8,heloc,source::heloc,frequency_combined,frequency encoding,joint_freq_combined,freq_enc_train_only,same_hyperparameters,3,False,0.20568240256918216,0.20568240256918216,0.20568240256918216,0.0,0.0,0.0,0.0,0.0,0,3,0
bag8,heloc,source::heloc,groupby_combined,group-by aggregation,joint_groupby_combined,groupby_train_only,same_hyperparameters,3,False,0.20755466601174624,0.206954346522602,0.20568240256918216,-0.910269142706235,-0.6184019330443288,-0.2900733902096028,-0.29186720966190627,-0.0006003194891442409,1,0,2
bag8,heloc,source::heloc,pca_10,principal component analysis,joint_pca_10,pca_train_only_10,same_hyperparameters,3,False,0.20517015698901772,0.2056623207851718,0.20568240256918216,0.24904686728955472,0.009763491557624704,0.23930674042532826,0.23928337573193,0.000492163796154077,2,0,1
bag8,heloc,source::heloc,pca_5,principal component analysis,joint_pca_5,pca_train_only_5,same_hyperparameters,3,False,0.20531129434742704,0.20537108534132223,0.20568240256918216,0.18042779407455595,0.15135822217713443,0.029113637781979416,0.02906957189742152,5.979099389519238e-05,2,0,1
bag8,heloc,source::heloc,pca_var90,principal component analysis,joint_pca_var90,pca_train_only_var90,same_hyperparameters,3,False,0.20517015698901772,0.2056623207851718,0.20568240256918216,0.24904686728955472,0.009763491557624704,0.23930674042532826,0.23928337573193,0.000492163796154077,2,0,1
bag8,heloc,source::heloc,pca_var95,principal component analysis,joint_pca_var95,pca_train_only_var95,same_hyperparameters,3,False,0.20532459833639197,0.20566615454165163,0.20568240256918216,0.17395957472338652,0.007899571051084355,0.1660731227366295,0.16606000367230217,0.00034155620525966324,2,0,1
bag8,heloc,source::heloc,scaling_train_only,scaling,joint_scaling,train_only_scaling,closer_pair_but_cat_encoding_also_differs,3,False,0.20573895906750608,0.20587971841745012,0.20568240256918216,-0.02749700393299327,-0.0959322945489181,0.06836970199202763,0.06843529061592483,0.00014075934994403627,2,1,0
bag8,heloc,source::heloc,target_m10,target encoding,target_enc_ratio,target_enc_standard_m10,loose_regularization_sensitivity,3,False,0.20568240256918216,0.20568240256918216,0.20568240256918216,0.0,0.0,0.0,0.0,0.0,0,3,0
bag8,heloc,source::heloc,target_m20,target encoding,target_enc_ratio,target_enc_standard_m20,loose_regularization_sensitivity,3,False,0.20568240256918216,0.20568240256918216,0.20568240256918216,0.0,0.0,0.0,0.0,0.0,0,3,0
bag8,heloc,source::heloc,target_m5,target encoding,target_enc_ratio,target_enc_standard_m5,loose_regularization_sensitivity,3,False,0.20568240256918216,0.20568240256918216,0.20568240256918216,0.0,0.0,0.0,0.0,0.0,0,3,0
bag8,hiva_agnostic,source::hiva_agnostic,frequency_combined,frequency encoding,joint_freq_combined,freq_enc_train_only,same_hyperparameters,3,False,0.5004700797707179,0.5003795291028522,0.5036540337357714,0.6321708458159456,0.6501495895170591,-0.01809639735422943,-0.01797874370111353,-9.055066786567423e-05,0,2,1
bag8,hiva_agnostic,source::hiva_agnostic,groupby_combined,group-by aggregation,joint_groupby_combined,groupby_train_only,same_hyperparameters,3,False,0.5036540337357714,0.5036540337357714,0.5036540337357714,0.0,0.0,0.0,0.0,0.0,0,3,0
bag8,hiva_agnostic,source::hiva_agnostic,pca_10,principal component analysis,joint_pca_10,pca_train_only_10,same_hyperparameters,3,False,0.5036540337357714,0.5036540337357714,0.5036540337357714,0.0,0.0,0.0,0.0,0.0,0,3,0
bag8,hiva_agnostic,source::hiva_agnostic,pca_5,principal component analysis,joint_pca_5,pca_train_only_5,same_hyperparameters,3,False,0.5036540337357714,0.5036540337357714,0.5036540337357714,0.0,0.0,0.0,0.0,0.0,0,3,0
bag8,hiva_agnostic,source::hiva_agnostic,pca_var90,principal component analysis,joint_pca_var90,pca_train_only_var90,same_hyperparameters,3,False,0.5036540337357714,0.5036540337357714,0.5036540337357714,0.0,0.0,0.0,0.0,0.0,0,3,0
bag8,hiva_agnostic,source::hiva_agnostic,pca_var95,principal component analysis,joint_pca_var95,pca_train_only_var95,same_hyperparameters,3,False,0.5036540337357714,0.5036540337357714,0.5036540337357714,0.0,0.0,0.0,0.0,0.0,0,3,0
bag8,hiva_agnostic,source::hiva_agnostic,scaling_train_only,scaling,joint_scaling,train_only_scaling,closer_pair_but_cat_encoding_also_differs,3,False,0.5036540337357714,0.5036540337357714,0.5036540337357714,0.0,0.0,0.0,0.0,0.0,0,3,0
bag8,hiva_agnostic,source::hiva_agnostic,target_m10,target encoding,target_enc_ratio,target_enc_standard_m10,loose_regularization_sensitivity,3,False,0.5008062354812467,0.5008062354812467,0.5036540337357714,0.5654274688126032,0.5654274688126032,0.0,0.0,0.0,0,3,0
bag8,hiva_agnostic,source::hiva_agnostic,target_m20,target encoding,target_enc_ratio,target_enc_standard_m20,loose_regularization_sensitivity,3,False,0.5008062354812467,0.5008062354812467,0.5036540337357714,0.5654274688126032,0.5654274688126032,0.0,0.0,0.0,0,3,0
bag8,hiva_agnostic,source::hiva_agnostic,target_m5,target encoding,target_enc_ratio,target_enc_standard_m5,loose_regularization_sensitivity,3,False,0.5008062354812467,0.5008062354812467,0.5036540337357714,0.5654274688126032,0.5654274688126032,0.0,0.0,0.0,0,3,0
bag8,houses,source::houses,frequency_combined,frequency encoding,joint_freq_combined,freq_enc_train_only,same_hyperparameters,3,False,0.2171784423060367,0.2171784423060367,0.2171784423060367,0.0,0.0,0.0,0.0,0.0,0,3,0
bag8,houses,source::houses,groupby_combined,group-by aggregation,joint_groupby_combined,groupby_train_only,same_hyperparameters,3,False,0.21892621463389428,0.2188026468972195,0.2171784423060367,-0.8047632671546249,-0.7478663968378912,-0.05647451638590671,-0.056896870316733614,-0.00012356773667476784,1,0,2
bag8,houses,source::houses,pca_10,principal component analysis,joint_pca_10,pca_train_only_10,same_hyperparameters,3,False,0.21703521613586566,0.21747655557230772,0.2171784423060367,0.06594861287807437,-0.13726650909989302,0.20293655804904598,0.20321512197796737,0.00044133943644206197,3,0,0
bag8,houses,source::houses,pca_5,principal component analysis,joint_pca_5,pca_train_only_5,same_hyperparameters,3,False,0.2176877329887301,0.21807762746672985,0.2171784423060367,-0.23450333158561434,-0.41403057833247764,0.1787870138394803,0.1795272467468633,0.00038989447799975263,3,0,0
bag8,houses,source::houses,pca_var90,principal component analysis,joint_pca_var90,pca_train_only_var90,same_hyperparameters,3,False,0.21883390651990708,0.2188616684192354,0.2171784423060367,-0.7622599169109031,-0.7750429072636936,0.012684678650599806,0.012782990352790473,2.7761899328321293e-05,2,0,1
bag8,houses,source::houses,pca_var95,principal component analysis,joint_pca_var95,pca_train_only_var95,same_hyperparameters,3,False,0.21883390651990708,0.2188616684192354,0.2171784423060367,-0.7622599169109031,-0.7750429072636936,0.012684678650599806,0.012782990352790473,2.7761899328321293e-05,2,0,1
bag8,houses,source::houses,scaling_train_only,scaling,joint_scaling,train_only_scaling,closer_pair_but_cat_encoding_also_differs,3,False,0.2170564746482874,0.2168953966978997,0.2171784423060367,0.05616011260336305,0.13032859299089244,-0.07426526926804734,-0.0741684803875294,-0.00016107795038769468,1,0,2
bag8,houses,source::houses,target_m10,target encoding,target_enc_ratio,target_enc_standard_m10,loose_regularization_sensitivity,3,False,0.2171784423060367,0.2171784423060367,0.2171784423060367,0.0,0.0,0.0,0.0,0.0,0,3,0
bag8,houses,source::houses,target_m20,target encoding,target_enc_ratio,target_enc_standard_m20,loose_regularization_sensitivity,3,False,0.2171784423060367,0.2171784423060367,0.2171784423060367,0.0,0.0,0.0,0.0,0.0,0,3,0
bag8,houses,source::houses,target_m5,target encoding,target_enc_ratio,target_enc_standard_m5,loose_regularization_sensitivity,3,False,0.2171784423060367,0.2171784423060367,0.2171784423060367,0.0,0.0,0.0,0.0,0.0,0,3,0
bag8,in_vehicle_coupon_recommendation,source::in_vehicle_coupon_recommendation,frequency_combined,frequency encoding,joint_freq_combined,freq_enc_train_only,same_hyperparameters,3,False,0.16209697216164687,0.16265393530181627,0.1669647312821876,2.915441532567575,2.581860221177882,0.34242217326983926,0.33358131138969244,0.0005569631401693975,2,0,1
bag8,in_vehicle_coupon_recommendation,source::in_vehicle_coupon_recommendation,groupby_combined,group-by aggregation,joint_groupby_combined,groupby_train_only,same_hyperparameters,3,False,0.16080897532625024,0.1613052495471803,0.1669647312821876,3.6868600384433927,3.3896270736615577,0.30766154376452276,0.29723296478183536,0.0004962742209300708,2,0,1
bag8,in_vehicle_coupon_recommendation,source::in_vehicle_coupon_recommendation,pca_10,principal component analysis,joint_pca_10,pca_train_only_10,same_hyperparameters,3,False,0.17019572809062522,0.1705299055336782,0.1669647312821876,-1.9351373093140793,-2.135285831991111,0.19596412840736435,0.20014852267703168,0.00033417744305297425,1,2,0
bag8,in_vehicle_coupon_recommendation,source::in_vehicle_coupon_recommendation,pca_5,principal component analysis,joint_pca_5,pca_train_only_5,same_hyperparameters,3,False,0.17019572809062522,0.17002916160058082,0.1669647312821876,-1.9351373093140793,-1.8353758274937744,-0.09796348372033133,-0.09976148182030509,-0.00016656649004440083,1,1,1
bag8,in_vehicle_coupon_recommendation,source::in_vehicle_coupon_recommendation,pca_var90,principal component analysis,joint_pca_var90,pca_train_only_var90,same_hyperparameters,3,False,0.17019572809062522,0.16969498415752785,0.1669647312821876,-1.9351373093140793,-1.6352273048167427,-0.2950846989281277,-0.29991000449733674,-0.0005007439330973751,0,2,1
bag8,in_vehicle_coupon_recommendation,source::in_vehicle_coupon_recommendation,pca_var95,principal component analysis,joint_pca_var95,pca_train_only_var95,same_hyperparameters,3,False,0.17019572809062522,0.16969498415752785,0.1669647312821876,-1.9351373093140793,-1.6352273048167427,-0.2950846989281277,-0.29991000449733674,-0.0005007439330973751,0,2,1
bag8,in_vehicle_coupon_recommendation,source::in_vehicle_coupon_recommendation,scaling_train_only,scaling,joint_scaling,train_only_scaling,closer_pair_but_cat_encoding_also_differs,3,False,0.16696556735550627,0.16696556735550627,0.1669647312821876,-0.0005007484588153573,-0.0005007484588153573,0.0,0.0,0.0,0,3,0
bag8,in_vehicle_coupon_recommendation,source::in_vehicle_coupon_recommendation,target_m10,target encoding,target_enc_ratio,target_enc_standard_m10,loose_regularization_sensitivity,3,False,0.16331830241914722,0.16314642558427347,0.1669647312821876,2.1839515657217183,2.286893566438775,-0.10535127218276552,-0.10294200071705645,-0.00017187683487374095,1,0,2
bag8,in_vehicle_coupon_recommendation,source::in_vehicle_coupon_recommendation,target_m20,target encoding,target_enc_ratio,target_enc_standard_m20,loose_regularization_sensitivity,3,False,0.16331830241914722,0.16431284651349234,0.1669647312821876,2.1839515657217183,1.5882903822444445,0.6052747033771722,0.5956611834772739,0.000994544094345129,3,0,0
bag8,in_vehicle_coupon_recommendation,source::in_vehicle_coupon_recommendation,target_m5,target encoding,target_enc_ratio,target_enc_standard_m5,loose_regularization_sensitivity,3,False,0.16331830241914722,0.1638155701249836,0.1669647312821876,2.1839515657217183,1.88612357413471,0.3035533835135409,0.29782799158700846,0.000497267705836385,2,0,1
bag8,jm1,source::jm1,frequency_combined,frequency encoding,joint_freq_combined,freq_enc_train_only,same_hyperparameters,3,False,0.2523411082373615,0.2523411082373615,0.2523411082373615,0.0,0.0,0.0,0.0,0.0,0,3,0
bag8,jm1,source::jm1,groupby_combined,group-by aggregation,joint_groupby_combined,groupby_train_only,same_hyperparameters,3,False,0.24996355067561438,0.2522866677478308,0.2523411082373615,0.9421998573100914,0.021574165981499114,0.9208243515025836,0.9206256913285923,0.0023231170722164407,3,0,0
bag8,jm1,source::jm1,pca_10,principal component analysis,joint_pca_10,pca_train_only_10,same_hyperparameters,3,False,0.24870964411254745,0.24889472690721193,0.2523411082373615,1.4391092082381431,1.365762936615059,0.07436187859997337,0.07334627162308426,0.0001850827946644762,1,0,2
bag8,jm1,source::jm1,pca_5,principal component analysis,joint_pca_5,pca_train_only_5,same_hyperparameters,3,False,0.25156531566828316,0.25004617489363273,0.2523411082373615,0.3074380446758591,0.9094567903577828,-0.607544096723998,-0.6020187456819237,-0.0015191407746504293,0,0,3
bag8,jm1,source::jm1,pca_var90,principal component analysis,joint_pca_var90,pca_train_only_var90,same_hyperparameters,3,False,0.2507824837301159,0.24991467500038633,0.2523411082373615,0.6176657137367751,0.9615687487164293,-0.3472420055878025,-0.3439030349796541,-0.00086780872972958,1,0,2
bag8,jm1,source::jm1,pca_var95,principal component analysis,joint_pca_var95,pca_train_only_var95,same_hyperparameters,3,False,0.25044585869018393,0.2489419666893159,0.2523411082373615,0.7510665069263411,1.347042331623686,-0.6041134891269334,-0.5959758246973448,-0.0015038920008680345,1,0,2
bag8,jm1,source::jm1,scaling_train_only,scaling,joint_scaling,train_only_scaling,closer_pair_but_cat_encoding_also_differs,3,False,0.25180223003948266,0.2525731264889974,0.2523411082373615,0.21355149053714856,-0.0919462759185611,0.30521713067059253,0.30549776645570964,0.0007708964495147241,3,0,0
bag8,jm1,source::jm1,target_m10,target encoding,target_enc_ratio,target_enc_standard_m10,loose_regularization_sensitivity,3,False,0.2523411082373615,0.2523411082373615,0.2523411082373615,0.0,0.0,0.0,0.0,0.0,0,3,0
bag8,jm1,source::jm1,target_m20,target encoding,target_enc_ratio,target_enc_standard_m20,loose_regularization_sensitivity,3,False,0.2523411082373615,0.2523411082373615,0.2523411082373615,0.0,0.0,0.0,0.0,0.0,0,3,0
bag8,jm1,source::jm1,target_m5,target encoding,target_enc_ratio,target_enc_standard_m5,loose_regularization_sensitivity,3,False,0.2523411082373615,0.2523411082373615,0.2523411082373615,0.0,0.0,0.0,0.0,0.0,0,3,0
bag8,kddcup09_appetency,source::kddcup09_appetency,frequency_combined,frequency encoding,joint_freq_combined,freq_enc_train_only,same_hyperparameters,3,False,0.19022509764721118,0.19061226402908338,0.19833659694940486,4.089764283019791,3.8945575547471667,0.2031172463347487,0.19520672827262434,0.0003871663818721949,1,0,2
bag8,kddcup09_appetency,source::kddcup09_appetency,groupby_combined,group-by aggregation,joint_groupby_combined,groupby_train_only,same_hyperparameters,3,False,0.1999501176450881,0.20131794342240275,0.19833659694940486,-0.8135264598166143,-1.5031751672932152,0.6794356002558061,0.689648707476601,0.0013678257773146463,2,0,1
bag8,kddcup09_appetency,source::kddcup09_appetency,pca_10,principal component analysis,joint_pca_10,pca_train_only_10,same_hyperparameters,3,False,0.19875312990004493,0.19780299356760359,0.19833659694940486,-0.21001315795809503,0.2690392948193013,-0.48034476895649825,-0.4790524527773963,-0.0009501363324413425,0,0,3
bag8,kddcup09_appetency,source::kddcup09_appetency,pca_5,principal component analysis,joint_pca_5,pca_train_only_5,same_hyperparameters,3,False,0.20098733095195112,0.19737828999562856,0.19833659694940486,-1.3364825470018789,0.4831720259981881,-1.8284893219018605,-1.8196545730000668,-0.0036090409563225567,0,0,3
bag8,kddcup09_appetency,source::kddcup09_appetency,pca_var90,principal component analysis,joint_pca_var90,pca_train_only_var90,same_hyperparameters,3,False,0.19856362327600355,0.19712637657557222,0.19833659694940486,-0.1144651718798007,0.6101851057479661,-0.729099131936984,-0.7246502776277668,-0.0014372467004313272,1,0,2
bag8,kddcup09_appetency,source::kddcup09_appetency,pca_var95,principal component analysis,joint_pca_var95,pca_train_only_var95,same_hyperparameters,3,False,0.1991651657720177,0.19809389865513868,0.19833659694940486,-0.4177589186045208,0.12236687429304441,-0.5407875377040199,-0.5401257928975651,-0.001071267116879021,1,0,2
bag8,kddcup09_appetency,source::kddcup09_appetency,scaling_train_only,scaling,joint_scaling,train_only_scaling,closer_pair_but_cat_encoding_also_differs,3,False,0.19971890971051018,0.1990321326861746,0.19833659694940486,-0.6969529488589232,-0.35068451686057467,-0.34505836573558174,-0.34626843199834856,-0.0006867770243355886,1,0,2
bag8,kddcup09_appetency,source::kddcup09_appetency,target_m10,target encoding,target_enc_ratio,target_enc_standard_m10,loose_regularization_sensitivity,3,False,0.4034743550079021,0.4049305118830165,0.19833659694940486,-103.42910043516947,-104.16328509776397,0.35960660715414106,0.7341846625945051,0.0014561568751144116,2,0,1
bag8,kddcup09_appetency,source::kddcup09_appetency,target_m20,target encoding,target_enc_ratio,target_enc_standard_m20,loose_regularization_sensitivity,3,False,0.4034743550079021,0.4026054264358581,0.19833659694940486,-103.42910043516947,-102.99099239791921,-0.21582634385639457,-0.4381080372502409,-0.0008689285720439588,1,0,2
bag8,kddcup09_appetency,source::kddcup09_appetency,target_m5,target encoding,target_enc_ratio,target_enc_standard_m5,loose_regularization_sensitivity,3,False,0.4034743550079021,0.42248791582812156,0.19833659694940486,-103.42910043516947,-113.01561200825539,4.500379799727733,9.586511573085927,0.01901356082021949,2,0,1
bag8,lending_club,source::lending_club,frequency_combined,frequency encoding,joint_freq_combined,freq_enc_train_only,same_hyperparameters,1,False,0.3109923211374235,0.3113609605077467,0.3115974664807988,0.19420740168713535,0.07590112195814508,0.11839614373043685,0.11830627972899026,0.00036863937032322047,1,0,0
bag8,lending_club,source::lending_club,groupby_combined,group-by aggregation,joint_groupby_combined,groupby_train_only,same_hyperparameters,1,False,0.3113133697231842,0.310960321635503,0.3115974664807988,0.09117428354703912,0.20447690171929503,-0.11353477055345775,-0.11330261817225593,-0.0003530480876811626,0,0,1
bag8,lending_club,source::lending_club,pca_10,principal component analysis,joint_pca_10,pca_train_only_10,same_hyperparameters,1,False,0.3117380415566388,0.3119080394974703,0.3115974664807988,-0.045114319261865723,-0.09967122652798327,0.0545025838722826,0.054556907266117546,0.0001699979408315011,1,0,0
bag8,lending_club,source::lending_club,pca_5,principal component analysis,joint_pca_5,pca_train_only_5,same_hyperparameters,1,False,0.3121525777417655,0.312015625357351,0.3115974664807988,-0.1781501201650342,-0.1341984199277786,-0.04389279679749127,-0.04395170023725562,-0.00013695238441452373,0,0,1
bag8,lending_club,source::lending_club,pca_var90,principal component analysis,joint_pca_var90,pca_train_only_var90,same_hyperparameters,1,False,0.3120626902976424,0.3117813279302384,0.3115974664807988,-0.14930282395998729,-0.05900607970794715,-0.09024349510338818,-0.09029674425204012,-0.00028136236740400333,0,0,1
bag8,lending_club,source::lending_club,pca_var95,principal component analysis,joint_pca_var95,pca_train_only_var95,same_hyperparameters,1,False,0.3117380415566388,0.3119080394974703,0.3115974664807988,-0.045114319261865723,-0.09967122652798327,0.0545025838722826,0.054556907266117546,0.0001699979408315011,1,0,0
bag8,lending_club,source::lending_club,scaling_train_only,scaling,joint_scaling,train_only_scaling,closer_pair_but_cat_encoding_also_differs,1,False,0.3116189040249282,0.3115595268166287,0.3115974664807988,-0.006879883964249834,0.01217585771751856,-0.019058062164301236,-0.019055741681768393,-5.937720829951587e-05,0,0,1
bag8,lending_club,source::lending_club,target_m10,target encoding,target_enc_ratio,target_enc_standard_m10,loose_regularization_sensitivity,1,False,0.3110094974649404,0.3109686431210955,0.3115974664807988,0.18869505663796,0.20180631338413563,-0.013137769594655504,-0.013111256746175628,-4.085434384487607e-05,0,0,1
bag8,lending_club,source::lending_club,target_m20,target encoding,target_enc_ratio,target_enc_standard_m20,loose_regularization_sensitivity,1,False,0.3110094974649404,0.3112505238207098,0.3115974664807988,0.18869505663796,0.11134322239759914,0.07743805626757123,0.07735183424036086,0.00024102635576939146,1,0,0
bag8,lending_club,source::lending_club,target_m5,target encoding,target_enc_ratio,target_enc_standard_m5,loose_regularization_sensitivity,1,False,0.3110094974649404,0.3110116346463,0.3115974664807988,0.18869505663796,0.18800917771097622,0.0006871708712883648,0.0006858789269837862,2.1371813596071654e-06,1,0,0
bag8,maternal_health_risk,source::maternal_health_risk,frequency_combined,frequency encoding,joint_freq_combined,freq_enc_train_only,same_hyperparameters,3,False,0.06193628607029456,0.06193628607029456,0.06193628607029456,0.0,0.0,0.0,0.0,0.0,0,3,0
bag8,maternal_health_risk,source::maternal_health_risk,groupby_combined,group-by aggregation,joint_groupby_combined,groupby_train_only,same_hyperparameters,3,False,0.06193628607029456,0.06193628607029456,0.06193628607029456,0.0,0.0,0.0,0.0,0.0,0,3,0
bag8,maternal_health_risk,source::maternal_health_risk,pca_10,principal component analysis,joint_pca_10,pca_train_only_10,same_hyperparameters,3,False,0.057501021650085894,0.0569351602357265,0.06193628607029456,7.1610112611125345,8.074629836364482,-0.9938698899178998,-0.9136185752519463,-0.0005658614143593949,1,0,2
bag8,maternal_health_risk,source::maternal_health_risk,pca_5,principal component analysis,joint_pca_5,pca_train_only_5,same_hyperparameters,3,False,0.0597492507390153,0.059539427872131324,0.06193628607029456,3.531105059798209,3.8698771757850063,-0.3524099481348639,-0.3387721159867971,-0.00020982286688397273,1,0,2
bag8,maternal_health_risk,source::maternal_health_risk,pca_var90,principal component analysis,joint_pca_var90,pca_train_only_var90,same_hyperparameters,3,False,0.0597492507390153,0.059539427872131324,0.06193628607029456,3.531105059798209,3.8698771757850063,-0.3524099481348639,-0.3387721159867971,-0.00020982286688397273,1,0,2
bag8,maternal_health_risk,source::maternal_health_risk,pca_var95,principal component analysis,joint_pca_var95,pca_train_only_var95,same_hyperparameters,3,False,0.0597492507390153,0.059539427872131324,0.06193628607029456,3.531105059798209,3.8698771757850063,-0.3524099481348639,-0.3387721159867971,-0.00020982286688397273,1,0,2
bag8,maternal_health_risk,source::maternal_health_risk,scaling_train_only,scaling,joint_scaling,train_only_scaling,closer_pair_but_cat_encoding_also_differs,3,False,0.0633901190486134,0.0633901190486134,0.06193628607029456,-2.3473040935467306,-2.3473040935467306,0.0,0.0,0.0,0,3,0
bag8,maternal_health_risk,source::maternal_health_risk,target_m10,target encoding,target_enc_ratio,target_enc_standard_m10,loose_regularization_sensitivity,3,False,0.06193628607029456,0.06193628607029456,0.06193628607029456,0.0,0.0,0.0,0.0,0.0,0,3,0
bag8,maternal_health_risk,source::maternal_health_risk,target_m20,target encoding,target_enc_ratio,target_enc_standard_m20,loose_regularization_sensitivity,3,False,0.06193628607029456,0.06193628607029456,0.06193628607029456,0.0,0.0,0.0,0.0,0.0,0,3,0
bag8,maternal_health_risk,source::maternal_health_risk,target_m5,target encoding,target_enc_ratio,target_enc_standard_m5,loose_regularization_sensitivity,3,False,0.06193628607029456,0.06193628607029456,0.06193628607029456,0.0,0.0,0.0,0.0,0.0,0,3,0
bag8,miami_housing,source::miami_housing,frequency_combined,frequency encoding,joint_freq_combined,freq_enc_train_only,same_hyperparameters,3,False,87451.21914277841,87451.21914052036,87451.21914052036,-2.582067822505493e-09,0.0,-2.582067822505493e-09,-2.582067822505493e-09,-2.258049789816141e-06,0,2,1
bag8,miami_housing,source::miami_housing,groupby_combined,group-by aggregation,joint_groupby_combined,groupby_train_only,same_hyperparameters,3,False,87451.21950995516,87451.21951221321,87451.21914052036,-4.224467097592993e-07,-4.250287775818048e-07,2.582067811530962e-09,2.582067822505493e-09,2.258049789816141e-06,1,2,0
bag8,miami_housing,source::miami_housing,pca_10,principal component analysis,joint_pca_10,pca_train_only_10,same_hyperparameters,3,False,89112.40751640247,88807.29599232668,87451.21914052036,-1.899559997228669,-1.5506666060621865,-0.34356583056211565,-0.34889339116648255,-305.11152407579357,0,0,3
bag8,miami_housing,source::miami_housing,pca_5,principal component analysis,joint_pca_5,pca_train_only_5,same_hyperparameters,3,False,88333.63071882202,88493.07656675298,87451.21914052036,-1.0090329065438914,-1.1913583783875141,0.1801788954762799,0.18232547184362263,159.4458479309542,2,0,1
bag8,miami_housing,source::miami_housing,pca_var90,principal component analysis,joint_pca_var90,pca_train_only_var90,same_hyperparameters,3,False,89478.44976194843,88722.48945475247,87451.21914052036,-2.3181273415647046,-1.4536907852472358,-0.852050378479843,-0.8644365563174687,-755.9603071959573,1,0,2
bag8,miami_housing,source::miami_housing,pca_var95,principal component analysis,joint_pca_var95,pca_train_only_var95,same_hyperparameters,3,False,89112.40745317827,88807.29594418652,87451.21914052036,-1.8995599249321344,-1.550666551014182,-0.34356581376320694,-0.34889337391795266,-305.1115089917439,0,0,3
bag8,miami_housing,source::miami_housing,scaling_train_only,scaling,joint_scaling,train_only_scaling,closer_pair_but_cat_encoding_also_differs,3,False,87681.2791338013,87675.29586629914,87451.21914052036,-0.2630723682779901,-0.25623053398343715,-0.0068243482306406525,-0.006841834294552912,-5.983267502160743,1,0,2
bag8,miami_housing,source::miami_housing,target_m10,target encoding,target_enc_ratio,target_enc_standard_m10,loose_regularization_sensitivity,3,False,87451.21952160071,87451.21951221321,87451.21914052036,-4.3576333201539837e-07,-4.250287775818048e-07,-1.0734554387968638e-08,-1.0734554433593583e-08,-9.38749872148037e-06,0,2,1
bag8,miami_housing,source::miami_housing,target_m20,target encoding,target_enc_ratio,target_enc_standard_m20,loose_regularization_sensitivity,3,False,87451.21952160071,87451.21951221321,87451.21914052036,-4.3576333201539837e-07,-4.250287775818048e-07,-1.0734554387968638e-08,-1.0734554433593583e-08,-9.38749872148037e-06,0,2,1
bag8,miami_housing,source::miami_housing,target_m5,target encoding,target_enc_ratio,target_enc_standard_m5,loose_regularization_sensitivity,3,False,87451.21952160071,87451.21950995516,87451.21914052036,-4.3576333201539837e-07,-4.224467097592993e-07,-1.3316622199843444e-08,-1.3316622256099078e-08,-1.164554851129651e-05,0,1,2
bag8,online_shoppers_intention,source::online_shoppers_intention,frequency_combined,frequency encoding,joint_freq_combined,freq_enc_train_only,same_hyperparameters,3,False,0.06526122776082037,0.0653369625695039,0.06587676166406566,0.9343718296053493,0.8194074525314797,0.11591418655705933,0.11496437707386954,7.573480868353077e-05,2,0,1
bag8,online_shoppers_intention,source::online_shoppers_intention,groupby_combined,group-by aggregation,joint_groupby_combined,groupby_train_only,same_hyperparameters,3,False,0.06594872481893044,0.06538569233684431,0.06587676166406566,-0.10923905949074048,0.7454363493541482,-0.8610943189001942,-0.8546754088448886,-0.000563032482086126,0,0,3
bag8,online_shoppers_intention,source::online_shoppers_intention,pca_10,principal component analysis,joint_pca_10,pca_train_only_10,same_hyperparameters,3,False,0.06571442968369993,0.0660591588427478,0.06587676166406566,0.2464176687881569,-0.2768763583314282,0.5218491501965374,0.5232940271195851,0.00034472915904786017,3,0,0
bag8,online_shoppers_intention,source::online_shoppers_intention,pca_5,principal component analysis,joint_pca_5,pca_train_only_5,same_hyperparameters,3,False,0.06594404796819507,0.06588943442089713,0.06587676166406566,-0.1021396656874818,-0.019237067080045075,-0.08288665364627439,-0.08290259860743672,-5.46135472979381e-05,1,0,2
bag8,online_shoppers_intention,source::online_shoppers_intention,pca_var90,principal component analysis,joint_pca_var90,pca_train_only_var90,same_hyperparameters,3,False,0.06590467190232563,0.06612553994996061,0.06587676166406566,-0.042367350117025755,-0.37764194779880145,0.3340132236381231,0.3352745976817757,0.00022086804763497836,1,0,2
bag8,online_shoppers_intention,source::online_shoppers_intention,pca_var95,principal component analysis,joint_pca_var95,pca_train_only_var95,same_hyperparameters,3,False,0.06540636099977183,0.06575486181263863,0.06587676166406566,0.714061608997422,0.18504226429441292,0.5300000688311362,0.529019344703009,0.00034850081286680323,2,0,1
bag8,online_shoppers_intention,source::online_shoppers_intention,scaling_train_only,scaling,joint_scaling,train_only_scaling,closer_pair_but_cat_encoding_also_differs,3,False,0.06557171030319263,0.06557155943704003,0.06587676166406566,0.46306368614264387,0.463292698845739,-0.00023007864063880176,-0.00022901270309511867,-1.5086615259840563e-07,1,0,2
bag8,online_shoppers_intention,source::online_shoppers_intention,target_m10,target encoding,target_enc_ratio,target_enc_standard_m10,loose_regularization_sensitivity,3,False,0.0653681918631245,0.06537120918617963,0.06587676166406566,0.7720018229411159,0.7674215688744104,0.004615675758021854,0.004580254066705486,3.0173230551322483e-06,2,0,1
bag8,online_shoppers_intention,source::online_shoppers_intention,target_m20,target encoding,target_enc_ratio,target_enc_standard_m20,loose_regularization_sensitivity,3,False,0.0653681918631245,0.0653870501322191,0.06587676166406566,0.7720018229411159,0.7433752350241644,0.028840984654409423,0.028626587916951426,1.8858269094604307e-05,1,0,2
bag8,online_shoppers_intention,source::online_shoppers_intention,target_m5,target encoding,target_enc_ratio,target_enc_standard_m5,loose_regularization_sensitivity,3,False,0.0653681918631245,0.0652370891763793,0.06587676166406566,0.7720018229411159,0.9710138621390142,-0.20096342188220348,-0.19901203919789837,-0.00013110268674519643,0,0,3
bag8,physiochemical_protein,source::physiochemical_protein,frequency_combined,frequency encoding,joint_freq_combined,freq_enc_train_only,same_hyperparameters,3,False,3.4820759024608896,3.4820759024608896,3.4820759024608896,0.0,0.0,0.0,0.0,0.0,0,3,0
bag8,physiochemical_protein,source::physiochemical_protein,groupby_combined,group-by aggregation,joint_groupby_combined,groupby_train_only,same_hyperparameters,3,False,3.4820759024608896,3.4820759024608896,3.4820759024608896,0.0,0.0,0.0,0.0,0.0,0,3,0
bag8,physiochemical_protein,source::physiochemical_protein,pca_10,principal component analysis,joint_pca_10,pca_train_only_10,same_hyperparameters,3,False,3.3484971798007614,3.3499328486312567,3.4820759024608896,3.836180669287651,3.7949504126616924,0.042856645054299584,0.041230256625958486,0.0014356688304952847,2,0,1
bag8,physiochemical_protein,source::physiochemical_protein,pca_5,principal component analysis,joint_pca_5,pca_train_only_5,same_hyperparameters,3,False,3.488446746242643,3.4882930748008243,3.4820759024608896,-0.18296108299221372,-0.1785478695493346,-0.004405347788256968,-0.00441321344287914,-0.0001536714418186591,1,0,2
bag8,physiochemical_protein,source::physiochemical_protein,pca_var90,principal component analysis,joint_pca_var90,pca_train_only_var90,same_hyperparameters,3,False,3.4877806502343582,3.4876519083042155,3.4820759024608896,-0.16383180416707496,-0.16013452892813493,-0.0036913640904427726,-0.003697275238940025,-0.0001287419301427839,2,0,1
bag8,physiochemical_protein,source::physiochemical_protein,pca_var95,principal component analysis,joint_pca_var95,pca_train_only_var95,same_hyperparameters,3,False,3.4803176697573144,3.4765788788837355,3.4820759024608896,0.05049380751099158,0.15786627664460667,-0.10754224206698637,-0.10737246913361509,-0.0037387908735788677,0,0,3
bag8,physiochemical_protein,source::physiochemical_protein,scaling_train_only,scaling,joint_scaling,train_only_scaling,closer_pair_but_cat_encoding_also_differs,3,False,3.479994595902404,3.479419949229962,3.4820759024608896,0.05977200430969308,0.0762749952995217,-0.016515588253993036,-0.016502990989828614,-0.000574646672442114,1,0,2
bag8,physiochemical_protein,source::physiochemical_protein,target_m10,target encoding,target_enc_ratio,target_enc_standard_m10,loose_regularization_sensitivity,3,False,3.4820759024608896,3.4820759024608896,3.4820759024608896,0.0,0.0,0.0,0.0,0.0,0,3,0
bag8,physiochemical_protein,source::physiochemical_protein,target_m20,target encoding,target_enc_ratio,target_enc_standard_m20,loose_regularization_sensitivity,3,False,3.4820759024608896,3.4820759024608896,3.4820759024608896,0.0,0.0,0.0,0.0,0.0,0,3,0
bag8,physiochemical_protein,source::physiochemical_protein,target_m5,target encoding,target_enc_ratio,target_enc_standard_m5,loose_regularization_sensitivity,3,False,3.4820759024608896,3.4820759024608896,3.4820759024608896,0.0,0.0,0.0,0.0,0.0,0,3,0
bag8,polish_companies_bankruptcy,source::polish_companies_bankruptcy,frequency_combined,frequency encoding,joint_freq_combined,freq_enc_train_only,same_hyperparameters,3,False,0.04399807589132929,0.04399807589132929,0.04399807589132929,0.0,0.0,0.0,0.0,0.0,0,3,0
bag8,polish_companies_bankruptcy,source::polish_companies_bankruptcy,groupby_combined,group-by aggregation,joint_groupby_combined,groupby_train_only,same_hyperparameters,3,False,0.04399807589132929,0.04399807589132929,0.04399807589132929,0.0,0.0,0.0,0.0,0.0,0,3,0
bag8,polish_companies_bankruptcy,source::polish_companies_bankruptcy,pca_10,principal component analysis,joint_pca_10,pca_train_only_10,same_hyperparameters,3,False,0.053614241473607695,0.04508953594975753,0.04399807589132929,-21.8558775298023,-2.480699522233724,-18.906172672411383,-19.375178007568575,-0.008524705523850165,0,0,3
bag8,polish_companies_bankruptcy,source::polish_companies_bankruptcy,pca_5,principal component analysis,joint_pca_5,pca_train_only_5,same_hyperparameters,3,False,0.0529675361939172,0.04445141754339537,0.04399807589132929,-20.386028527114565,-1.0303669941971663,-19.158261133535344,-19.355661532917395,-0.008516118650521827,0,0,3
bag8,polish_companies_bankruptcy,source::polish_companies_bankruptcy,pca_var90,principal component analysis,joint_pca_var90,pca_train_only_var90,same_hyperparameters,3,False,0.05382087486490577,0.046973401944365105,0.04399807589132929,-22.3255194109801,-6.762400384018066,-14.577340871863514,-15.563119026962035,-0.006847472920540665,0,0,3
bag8,polish_companies_bankruptcy,source::polish_companies_bankruptcy,pca_var95,principal component analysis,joint_pca_var95,pca_train_only_var95,same_hyperparameters,3,False,0.05474422212576966,0.04659959019208504,0.04399807589132929,-24.424127684542935,-5.912791066548497,-17.477904634165625,-18.511336617994438,-0.008144631933684622,0,0,3
bag8,polish_companies_bankruptcy,source::polish_companies_bankruptcy,scaling_train_only,scaling,joint_scaling,train_only_scaling,closer_pair_but_cat_encoding_also_differs,3,False,0.04388806579813643,0.04377351382066207,0.04399807589132929,0.2500338729915767,0.5103906616777171,-0.2616924424748483,-0.2603567886861403,-0.00011455197747435586,2,0,1
bag8,polish_companies_bankruptcy,source::polish_companies_bankruptcy,target_m10,target encoding,target_enc_ratio,target_enc_standard_m10,loose_regularization_sensitivity,3,False,0.04399807589132929,0.04399807589132929,0.04399807589132929,0.0,0.0,0.0,0.0,0.0,0,3,0
bag8,polish_companies_bankruptcy,source::polish_companies_bankruptcy,target_m20,target encoding,target_enc_ratio,target_enc_standard_m20,loose_regularization_sensitivity,3,False,0.04399807589132929,0.04399807589132929,0.04399807589132929,0.0,0.0,0.0,0.0,0.0,0,3,0
bag8,polish_companies_bankruptcy,source::polish_companies_bankruptcy,target_m5,target encoding,target_enc_ratio,target_enc_standard_m5,loose_regularization_sensitivity,3,False,0.04399807589132929,0.04399807589132929,0.04399807589132929,0.0,0.0,0.0,0.0,0.0,0,3,0
bag8,qsar-biodeg,source::qsar-biodeg,frequency_combined,frequency encoding,joint_freq_combined,freq_enc_train_only,same_hyperparameters,3,False,0.06969424854396551,0.06969424854396551,0.06976872366754223,0.10674571593369993,0.10674571593369993,0.0,0.0,0.0,0,3,0
bag8,qsar-biodeg,source::qsar-biodeg,groupby_combined,group-by aggregation,joint_groupby_combined,groupby_train_only,same_hyperparameters,3,False,0.069597461447662,0.06914612793542536,0.06976872366754223,0.2454713385561115,0.8923708208904992,-0.6527242026598141,-0.6468994823343878,-0.0004513335122366402,1,0,2
bag8,qsar-biodeg,source::qsar-biodeg,pca_10,principal component analysis,joint_pca_10,pca_train_only_10,same_hyperparameters,3,False,0.07173126033711656,0.06981355137530383,0.06976872366754223,-2.812917545870683,-0.06425186731981358,-2.74690074352973,-2.748665678550869,-0.0019177089618127308,1,0,2
bag8,qsar-biodeg,source::qsar-biodeg,pca_5,principal component analysis,joint_pca_5,pca_train_only_5,same_hyperparameters,3,False,0.07164659709813949,0.0709271123885649,0.06976872366754223,-2.6915691328188616,-1.6603266623344772,-1.0144001149137203,-1.0312424704843846,-0.000719484709574586,1,0,2
bag8,qsar-biodeg,source::qsar-biodeg,pca_var90,principal component analysis,joint_pca_var90,pca_train_only_var90,same_hyperparameters,3,False,0.06925391819636127,0.07137375936771743,0.06976872366754223,0.7378742853804848,-2.3005089039946047,2.970056768951662,3.0383831893750894,0.0021198411713561627,2,0,1
bag8,qsar-biodeg,source::qsar-biodeg,pca_var95,principal component analysis,joint_pca_var95,pca_train_only_var95,same_hyperparameters,3,False,0.06834167434341157,0.06660388749956954,0.06976872366754223,2.0453997853404298,4.536181832784536,-2.609137257721271,-2.4907820474441063,-0.001737786843842029,1,0,2
bag8,qsar-biodeg,source::qsar-biodeg,scaling_train_only,scaling,joint_scaling,train_only_scaling,closer_pair_but_cat_encoding_also_differs,3,False,0.07014527641274006,0.06984065176226867,0.06976872366754223,-0.5397156854870229,-0.10309504165388116,-0.43617097318665277,-0.4366206438331417,-0.0003046246504713884,1,0,2
bag8,qsar-biodeg,source::qsar-biodeg,target_m10,target encoding,target_enc_ratio,target_enc_standard_m10,loose_regularization_sensitivity,3,False,0.07016595828700294,0.06982628651955426,0.06976872366754223,-0.5693591606370499,-0.08250523871745535,-0.4864525730629418,-0.4868539219195946,-0.0003396717674486738,1,0,2
bag8,qsar-biodeg,source::qsar-biodeg,target_m20,target encoding,target_enc_ratio,target_enc_standard_m20,loose_regularization_sensitivity,3,False,0.07016595828700294,0.07009301138073616,0.06976872366754223,-0.5693591606370499,-0.46480384927091906,-0.1040715826440044,-0.1045553113661309,-7.294690626677425e-05,2,0,1
bag8,qsar-biodeg,source::qsar-biodeg,target_m5,target encoding,target_enc_ratio,target_enc_standard_m5,loose_regularization_sensitivity,3,False,0.07016595828700294,0.06951106622906662,0.06976872366754223,-0.5693591606370499,0.3693022101183695,-0.9421407172466363,-0.9386613707554194,-0.0006548920579363127,1,0,2
bag8,seismic-bumps,source::seismic-bumps,frequency_combined,frequency encoding,joint_freq_combined,freq_enc_train_only,same_hyperparameters,3,False,0.24680305204571742,0.24680305204571742,0.24680305204571742,0.0,0.0,0.0,0.0,0.0,0,3,0
bag8,seismic-bumps,source::seismic-bumps,groupby_combined,group-by aggregation,joint_groupby_combined,groupby_train_only,same_hyperparameters,3,False,0.24800264698704821,0.2471449125889412,0.24680305204571742,-0.48605352785855266,-0.13851552498647593,-0.3470572746660693,-0.34753800287207676,-0.0008577343981070185,0,2,1
bag8,seismic-bumps,source::seismic-bumps,pca_10,principal component analysis,joint_pca_10,pca_train_only_10,same_hyperparameters,3,False,0.21486802807312877,0.2176152807210904,0.24680305204571742,12.939476926190142,11.826341320617187,1.2624355416854611,1.113135605572956,0.0027472526479616344,2,0,1
bag8,seismic-bumps,source::seismic-bumps,pca_5,principal component analysis,joint_pca_5,pca_train_only_5,same_hyperparameters,3,False,0.24176821724283817,0.23676279168611547,0.24680305204571742,2.0400212886940334,4.068126498590508,-2.114109873885322,-2.028105209896475,-0.0050054255567227035,1,0,2
bag8,seismic-bumps,source::seismic-bumps,pca_var90,principal component analysis,joint_pca_var90,pca_train_only_var90,same_hyperparameters,3,False,0.24434789953262478,0.23534229437607282,0.24680305204571742,0.9947820712678428,4.643685551960529,-3.8265986912497625,-3.6489034806926863,-0.009005605156551966,2,0,1
bag8,seismic-bumps,source::seismic-bumps,pca_var95,principal component analysis,joint_pca_var95,pca_train_only_var95,same_hyperparameters,3,False,0.24434789953262478,0.23316838133259457,0.24680305204571742,0.9947820712678428,5.524514628205322,-4.794611574750179,-4.529732556937479,-0.011179518200030214,2,0,1
bag8,seismic-bumps,source::seismic-bumps,scaling_train_only,scaling,joint_scaling,train_only_scaling,closer_pair_but_cat_encoding_also_differs,3,False,0.24787875550355243,0.24492736842982996,0.24680305204571742,-0.43585500621594486,0.7599920666864445,-1.2050050154227763,-1.1958470729023893,-0.0029513870737224723,1,0,2
bag8,seismic-bumps,source::seismic-bumps,target_m10,target encoding,target_enc_ratio,target_enc_standard_m10,loose_regularization_sensitivity,3,False,0.24679552805976915,0.24679552805976915,0.24680305204571742,0.0030485789725497453,0.0030485789725497453,0.0,0.0,0.0,0,3,0
bag8,seismic-bumps,source::seismic-bumps,target_m20,target encoding,target_enc_ratio,target_enc_standard_m20,loose_regularization_sensitivity,3,False,0.24679552805976915,0.24679552805976915,0.24680305204571742,0.0030485789725497453,0.0030485789725497453,0.0,0.0,0.0,0,3,0
bag8,seismic-bumps,source::seismic-bumps,target_m5,target encoding,target_enc_ratio,target_enc_standard_m5,loose_regularization_sensitivity,3,False,0.24679552805976915,0.24679552805976915,0.24680305204571742,0.0030485789725497453,0.0030485789725497453,0.0,0.0,0.0,0,3,0
bag8,shifts_weather,source::shifts_weather,frequency_combined,frequency encoding,joint_freq_combined,freq_enc_train_only,same_hyperparameters,1,False,2.164518455518772,2.164518455518772,2.164518455518772,0.0,0.0,0.0,0.0,0.0,0,1,0
bag8,shifts_weather,source::shifts_weather,groupby_combined,group-by aggregation,joint_groupby_combined,groupby_train_only,same_hyperparameters,1,False,2.185734662131429,2.184690611283385,2.164518455518772,-0.9801813682189997,-0.9319465820760656,-0.04778941432949621,-0.048234786142934125,-0.0010440508480438204,0,0,1
bag8,shifts_weather,source::shifts_weather,pca_10,principal component analysis,joint_pca_10,pca_train_only_10,same_hyperparameters,1,False,2.180653233627986,2.1591116229954626,2.164518455518772,-0.7454211382709861,0.24979378251657297,-0.9977071311689435,-0.995214920787559,-0.021541610632523245,0,0,1
bag8,shifts_weather,source::shifts_weather,pca_5,principal component analysis,joint_pca_5,pca_train_only_5,same_hyperparameters,1,False,2.180367448870882,2.16925428436901,2.164518455518772,-0.7322179818656913,-0.2187936461416261,-0.5123034483301544,-0.5134243357240652,-0.011113164501872053,0,0,1
bag8,shifts_weather,source::shifts_weather,pca_var90,principal component analysis,joint_pca_var90,pca_train_only_var90,same_hyperparameters,1,False,2.174032947755088,2.1644483582872494,2.164518455518772,-0.4395662329446669,0.0032384677221912327,-0.4428190412185757,-0.4428047006668581,-0.0095845894678388,0,0,1
bag8,shifts_weather,source::shifts_weather,pca_var95,principal component analysis,joint_pca_var95,pca_train_only_var95,same_hyperparameters,1,False,2.180198638795474,2.171725129505256,2.164518455518772,-0.7244190150803712,-0.33294583227551056,-0.39017411435250615,-0.3914731828048607,-0.008473509290217951,0,0,1
bag8,shifts_weather,source::shifts_weather,scaling_train_only,scaling,joint_scaling,train_only_scaling,closer_pair_but_cat_encoding_also_differs,1,False,2.1672413865241635,2.166756704406285,2.164518455518772,-0.12579846563325933,-0.10340632032063513,-0.022369014338005262,-0.02239214531262419,-0.00048468211787833226,0,0,1
bag8,shifts_weather,source::shifts_weather,target_m10,target encoding,target_enc_ratio,target_enc_standard_m10,loose_regularization_sensitivity,1,False,2.164518455518772,2.164518455518772,2.164518455518772,0.0,0.0,0.0,0.0,0.0,0,1,0
bag8,shifts_weather,source::shifts_weather,target_m20,target encoding,target_enc_ratio,target_enc_standard_m20,loose_regularization_sensitivity,1,False,2.164518455518772,2.164518455518772,2.164518455518772,0.0,0.0,0.0,0.0,0.0,0,1,0
bag8,shifts_weather,source::shifts_weather,target_m5,target encoding,target_enc_ratio,target_enc_standard_m5,loose_regularization_sensitivity,1,False,2.164518455518772,2.164518455518772,2.164518455518772,0.0,0.0,0.0,0.0,0.0,0,1,0
bag8,splice,source::splice,frequency_combined,frequency encoding,joint_freq_combined,freq_enc_train_only,same_hyperparameters,3,True,0.0052764926488766,0.005327942351146466,0.0052733804611511,,,,,5.144970226986581e-05,2,0,1
bag8,splice,source::splice,groupby_combined,group-by aggregation,joint_groupby_combined,groupby_train_only,same_hyperparameters,3,True,0.0052733804611511,0.0052733804611511,0.0052733804611511,,,,,0.0,0,3,0
bag8,splice,source::splice,pca_10,principal component analysis,joint_pca_10,pca_train_only_10,same_hyperparameters,3,True,0.0052733804611511,0.0052733804611511,0.0052733804611511,,,,,0.0,0,3,0
bag8,splice,source::splice,pca_5,principal component analysis,joint_pca_5,pca_train_only_5,same_hyperparameters,3,True,0.0052733804611511,0.0052733804611511,0.0052733804611511,,,,,0.0,0,3,0
bag8,splice,source::splice,pca_var90,principal component analysis,joint_pca_var90,pca_train_only_var90,same_hyperparameters,3,True,0.0052733804611511,0.0052733804611511,0.0052733804611511,,,,,0.0,0,3,0
bag8,splice,source::splice,pca_var95,principal component analysis,joint_pca_var95,pca_train_only_var95,same_hyperparameters,3,True,0.0052733804611511,0.0052733804611511,0.0052733804611511,,,,,0.0,0,3,0
bag8,splice,source::splice,scaling_train_only,scaling,joint_scaling,train_only_scaling,closer_pair_but_cat_encoding_also_differs,3,True,0.0052733804611511,0.0052733804611511,0.0052733804611511,,,,,0.0,0,3,0
bag8,splice,source::splice,target_m10,target encoding,target_enc_ratio,target_enc_standard_m10,loose_regularization_sensitivity,3,True,0.005241621625302367,0.0053869672994353,0.0052733804611511,,,,,0.00014534567413293249,3,0,0
bag8,splice,source::splice,target_m20,target encoding,target_enc_ratio,target_enc_standard_m20,loose_regularization_sensitivity,3,True,0.005241621625302367,0.0054214361991844,0.0052733804611511,,,,,0.00017981457388203254,3,0,0
bag8,splice,source::splice,target_m5,target encoding,target_enc_ratio,target_enc_standard_m5,loose_regularization_sensitivity,3,True,0.005241621625302367,0.005351628906445099,0.0052733804611511,,,,,0.000110007281142732,2,0,1
bag8,students_dropout_and_academic_success,source::students_dropout_and_academic_success,frequency_combined,frequency encoding,joint_freq_combined,freq_enc_train_only,same_hyperparameters,3,False,0.10558990237469763,0.10580028084416222,0.10631191401496416,0.6791446160633516,0.4812566639802228,0.19884490644638728,0.19788795208312882,0.00021037846946458938,3,0,0
bag8,students_dropout_and_academic_success,source::students_dropout_and_academic_success,groupby_combined,group-by aggregation,joint_groupby_combined,groupby_train_only,same_hyperparameters,3,False,0.10723939988544727,0.10852018405980034,0.10631191401496416,-0.8724195016868548,-2.0771614031192636,1.1802266881958912,1.2047419014324088,0.0012807841743530668,3,0,0
bag8,students_dropout_and_academic_success,source::students_dropout_and_academic_success,pca_10,principal component analysis,joint_pca_10,pca_train_only_10,same_hyperparameters,3,False,0.10644795056378077,0.10626864003120418,0.10631191401496416,-0.12795983411366407,0.04070473583411871,-0.16873325237242529,-0.16866456994778278,-0.0001793105325765959,1,0,2
bag8,students_dropout_and_academic_success,source::students_dropout_and_academic_success,pca_5,principal component analysis,joint_pca_5,pca_train_only_5,same_hyperparameters,3,False,0.10581729957697102,0.10611314187006303,0.10631191401496416,0.46524836146165666,0.18697071418839661,0.2787989196043939,0.27827764727326004,0.0002958422930920135,3,0,0
bag8,students_dropout_and_academic_success,source::students_dropout_and_academic_success,pca_var90,principal component analysis,joint_pca_var90,pca_train_only_var90,same_hyperparameters,3,False,0.10644795056378077,0.10673739138573497,0.10631191401496416,-0.12795983411366407,-0.40021607616896204,0.2711709722305277,0.27225624205529797,0.00028944082195420107,2,0,1
bag8,students_dropout_and_academic_success,source::students_dropout_and_academic_success,pca_var95,principal component analysis,joint_pca_var95,pca_train_only_var95,same_hyperparameters,3,False,0.10699832492717587,0.10713475872778407,0.10631191401496416,-0.6456575620631664,-0.7739910624730942,0.1273478395138381,0.12833350040992778,0.0001364338006081961,1,0,2
bag8,students_dropout_and_academic_success,source::students_dropout_and_academic_success,scaling_train_only,scaling,joint_scaling,train_only_scaling,closer_pair_but_cat_encoding_also_differs,3,False,0.10595403152863307,0.10579634507022663,0.10631191401496416,0.33663441171862996,0.4849587645134131,-0.1490471701094883,-0.1483243527947831,-0.0001576864584064419,0,0,3
bag8,students_dropout_and_academic_success,source::students_dropout_and_academic_success,target_m10,target encoding,target_enc_ratio,target_enc_standard_m10,loose_regularization_sensitivity,3,False,0.10475360252920857,0.10458987005222893,0.10631191401496416,1.4657919577445024,1.6198033669987744,-0.15654716551217934,-0.1540114092542719,-0.0001637324769796361,1,0,2
bag8,students_dropout_and_academic_success,source::students_dropout_and_academic_success,target_m20,target encoding,target_enc_ratio,target_enc_standard_m20,loose_regularization_sensitivity,3,False,0.10475360252920857,0.10488481949862993,0.10631191401496416,1.4657919577445024,1.3423655566330557,0.1251057779844681,0.12342640111144677,0.00013121696942136607,1,0,2
bag8,students_dropout_and_academic_success,source::students_dropout_and_academic_success,target_m5,target encoding,target_enc_ratio,target_enc_standard_m5,loose_regularization_sensitivity,3,False,0.10475360252920857,0.10516896884370193,0.10631191401496416,1.4657919577445024,1.0750866277333275,0.3949513996953452,0.3907053300111749,0.00041536631449336225,3,0,0
bag8,superconductivity,source::superconductivity,frequency_combined,frequency encoding,joint_freq_combined,freq_enc_train_only,same_hyperparameters,3,False,9.267409420567729,9.267409420567729,9.267409420567729,0.0,0.0,0.0,0.0,0.0,0,3,0
bag8,superconductivity,source::superconductivity,groupby_combined,group-by aggregation,joint_groupby_combined,groupby_train_only,same_hyperparameters,3,False,9.278470774549321,9.276289160290757,9.267409420567729,-0.11935756239541018,-0.09581684934865049,-0.02351817866893493,-0.02354071304675969,-0.002181614258564224,2,0,1
bag8,superconductivity,source::superconductivity,pca_10,principal component analysis,joint_pca_10,pca_train_only_10,same_hyperparameters,3,False,9.262572949168103,9.26848842725502,9.267409420567729,0.05218795436934281,-0.011643023830335303,0.06382354720886722,0.06383097819967812,0.005915478086917503,2,0,1
bag8,superconductivity,source::superconductivity,pca_5,principal component analysis,joint_pca_5,pca_train_only_5,same_hyperparameters,3,False,9.271252662495968,9.25716121041249,9.267409420567729,-0.041470509759820216,0.11058333230099028,-0.15222217441377828,-0.1520538420608105,-0.014091452083478728,0,0,3
bag8,superconductivity,source::superconductivity,pca_var90,principal component analysis,joint_pca_var90,pca_train_only_var90,same_hyperparameters,3,False,9.275332280857443,9.265354870549595,9.267409420567729,-0.08549163989809501,0.02216962610472021,-0.10768513939558956,-0.10766126600281521,-0.009977410307847379,0,0,3
bag8,superconductivity,source::superconductivity,pca_var95,principal component analysis,joint_pca_var95,pca_train_only_var95,same_hyperparameters,3,False,9.270350362967504,9.264823681547156,9.267409420567729,-0.031734244882370394,0.02790142210436809,-0.05965231082977811,-0.059635666986738486,-0.005526681420347401,1,0,2
bag8,superconductivity,source::superconductivity,scaling_train_only,scaling,joint_scaling,train_only_scaling,closer_pair_but_cat_encoding_also_differs,3,False,9.270198000059557,9.260086538361788,9.267409420567729,-0.03009017261759022,0.07901757517789655,-0.10919403027044551,-0.10910774779548678,-0.01011146169776822,0,0,3
bag8,superconductivity,source::superconductivity,target_m10,target encoding,target_enc_ratio,target_enc_standard_m10,loose_regularization_sensitivity,3,False,9.267409420567729,9.267409420567729,9.267409420567729,0.0,0.0,0.0,0.0,0.0,0,3,0
bag8,superconductivity,source::superconductivity,target_m20,target encoding,target_enc_ratio,target_enc_standard_m20,loose_regularization_sensitivity,3,False,9.267409420567729,9.267409420567729,9.267409420567729,0.0,0.0,0.0,0.0,0.0,0,3,0
bag8,superconductivity,source::superconductivity,target_m5,target encoding,target_enc_ratio,target_enc_standard_m5,loose_regularization_sensitivity,3,False,9.267409420567729,9.267409420567729,9.267409420567729,0.0,0.0,0.0,0.0,0.0,0,3,0
bag8,synthetic_label_shift,source::synthetic_generator,frequency_combined,frequency encoding,joint_freq_combined,freq_enc_train_only,same_hyperparameters,1,False,0.2404876272527474,0.2405248281318681,0.2403954804395605,-0.03833134176166901,-0.0538062080331507,0.015466544310474456,0.01547486627148169,3.720087912070791e-05,1,0,0
bag8,synthetic_label_shift,source::synthetic_generator,groupby_combined,group-by aggregation,joint_groupby_combined,groupby_train_only,same_hyperparameters,1,False,0.2404173134065933,0.2405153002197801,0.2403954804395605,-0.009082103787015048,-0.049842775746247486,0.04074036583005356,0.040760671959232435,9.798681318679003e-05,1,0,0
bag8,synthetic_label_shift,source::synthetic_generator,pca_10,principal component analysis,joint_pca_10,pca_train_only_10,same_hyperparameters,1,False,0.2407407481318682,0.2403683745054944,0.2403954804395605,-0.1436248683529222,0.011275558931698229,-0.15491789514318305,-0.15490042728462045,-0.00037237362637379534,0,0,1
bag8,synthetic_label_shift,source::synthetic_generator,pca_5,principal component analysis,joint_pca_5,pca_train_only_5,same_hyperparameters,1,False,0.2407407481318682,0.2403683745054944,0.2403954804395605,-0.1436248683529222,0.011275558931698229,-0.15491789514318305,-0.15490042728462045,-0.00037237362637379534,0,0,1
bag8,synthetic_label_shift,source::synthetic_generator,pca_var90,principal component analysis,joint_pca_var90,pca_train_only_var90,same_hyperparameters,1,False,0.2407407481318682,0.2403683745054944,0.2403954804395605,-0.1436248683529222,0.011275558931698229,-0.15491789514318305,-0.15490042728462045,-0.00037237362637379534,0,0,1
bag8,synthetic_label_shift,source::synthetic_generator,pca_var95,principal component analysis,joint_pca_var95,pca_train_only_var95,same_hyperparameters,1,False,0.2407407481318682,0.2403683745054944,0.2403954804395605,-0.1436248683529222,0.011275558931698229,-0.15491789514318305,-0.15490042728462045,-0.00037237362637379534,0,0,1
bag8,synthetic_label_shift,source::synthetic_generator,scaling_train_only,scaling,joint_scaling,train_only_scaling,closer_pair_but_cat_encoding_also_differs,1,False,0.2406266092307691,0.2405442927472527,0.2403954804395605,-0.09614523151016786,-0.06190312206373495,-0.03422092562507189,-0.03424210944643292,-8.231648351639254e-05,0,0,1
bag8,synthetic_label_shift,source::synthetic_generator,target_m10,target encoding,target_enc_ratio,target_enc_standard_m10,loose_regularization_sensitivity,1,False,0.2404443410989011,0.2404443410989011,0.2403954804395605,-0.020325115618335513,-0.020325115618335513,0.0,0.0,0.0,0,1,0
bag8,synthetic_label_shift,source::synthetic_generator,target_m20,target encoding,target_enc_ratio,target_enc_standard_m20,loose_regularization_sensitivity,1,False,0.2404443410989011,0.2404443410989011,0.2403954804395605,-0.020325115618335513,-0.020325115618335513,0.0,0.0,0.0,0,1,0
bag8,synthetic_label_shift,source::synthetic_generator,target_m5,target encoding,target_enc_ratio,target_enc_standard_m5,loose_regularization_sensitivity,1,False,0.2404443410989011,0.2404443410989011,0.2403954804395605,-0.020325115618335513,-0.020325115618335513,0.0,0.0,0.0,0,1,0
bag8,synthetic_large_test,source::synthetic_generator,frequency_combined,frequency encoding,joint_freq_combined,freq_enc_train_only,same_hyperparameters,1,False,0.2539575890130036,0.2545620875827525,0.2541956891847217,0.09366806041509139,-0.14414028782548005,0.2374660639724737,0.23780834824057145,0.0006044985697489236,1,0,0
bag8,synthetic_large_test,source::synthetic_generator,groupby_combined,group-by aggregation,joint_groupby_combined,groupby_train_only,same_hyperparameters,1,False,0.2542500943923825,0.2543164916678539,0.2541956891847217,-0.021402883674111726,-0.04752341926791913,0.02610812811861859,0.026120535593807406,6.639727547141927e-05,1,0,0
bag8,synthetic_large_test,source::synthetic_generator,pca_10,principal component analysis,joint_pca_10,pca_train_only_10,same_hyperparameters,1,False,0.2534262594367074,0.252597700697158,0.2541956891847217,0.3026918947689816,0.6286449989332678,-0.3280151550321389,-0.32595310416428613,-0.000828558739549401,0,0,1
bag8,synthetic_large_test,source::synthetic_generator,pca_5,principal component analysis,joint_pca_5,pca_train_only_5,same_hyperparameters,1,False,0.2534262594367074,0.252597700697158,0.2541956891847217,0.3026918947689816,0.6286449989332678,-0.3280151550321389,-0.32595310416428613,-0.000828558739549401,0,0,1
bag8,synthetic_large_test,source::synthetic_generator,pca_var90,principal component analysis,joint_pca_var90,pca_train_only_var90,same_hyperparameters,1,False,0.2534262594367074,0.252597700697158,0.2541956891847217,0.3026918947689816,0.6286449989332678,-0.3280151550321389,-0.32595310416428613,-0.000828558739549401,0,0,1
bag8,synthetic_large_test,source::synthetic_generator,pca_var95,principal component analysis,joint_pca_var95,pca_train_only_var95,same_hyperparameters,1,False,0.2534262594367074,0.252597700697158,0.2541956891847217,0.3026918947689816,0.6286449989332678,-0.3280151550321389,-0.32595310416428613,-0.000828558739549401,0,0,1
bag8,synthetic_large_test,source::synthetic_generator,scaling_train_only,scaling,joint_scaling,train_only_scaling,closer_pair_but_cat_encoding_also_differs,1,False,0.2541647987777635,0.2545669146843818,0.2541956891847217,0.012152215113194633,-0.14603925851407948,0.15796078886247636,0.1581914736272741,0.00040211590661831664,1,0,0
bag8,synthetic_large_test,source::synthetic_generator,target_m10,target encoding,target_enc_ratio,target_enc_standard_m10,loose_regularization_sensitivity,1,False,0.2543615261953982,0.2543615261953982,0.2541956891847217,-0.0652398989174065,-0.0652398989174065,0.0,0.0,0.0,0,1,0
bag8,synthetic_large_test,source::synthetic_generator,target_m20,target encoding,target_enc_ratio,target_enc_standard_m20,loose_regularization_sensitivity,1,False,0.2543615261953982,0.2543615261953982,0.2541956891847217,-0.0652398989174065,-0.0652398989174065,0.0,0.0,0.0,0,1,0
bag8,synthetic_large_test,source::synthetic_generator,target_m5,target encoding,target_enc_ratio,target_enc_standard_m5,loose_regularization_sensitivity,1,False,0.2543615261953982,0.2543615261953982,0.2541956891847217,-0.0652398989174065,-0.0652398989174065,0.0,0.0,0.0,0,1,0
bag8,synthetic_partial_shift,source::synthetic_generator,frequency_combined,frequency encoding,joint_freq_combined,freq_enc_train_only,same_hyperparameters,1,False,0.2414491890122805,0.2414725071864598,0.2414264165740653,-0.009432455047107248,-0.019090956593954614,0.009656657998460454,0.009658501546847366,2.3318174179304263e-05,1,0,0
bag8,synthetic_partial_shift,source::synthetic_generator,groupby_combined,group-by aggregation,joint_groupby_combined,groupby_train_only,same_hyperparameters,1,False,0.2414100228262092,0.2414461922797943,0.2414264165740653,0.006790370369882244,-0.008191193826105536,0.014980337127537859,0.014981564195987779,3.616945358511647e-05,1,0,0
bag8,synthetic_partial_shift,source::synthetic_generator,pca_10,principal component analysis,joint_pca_10,pca_train_only_10,same_hyperparameters,1,False,0.241311257457522,0.2413190783354218,0.2414264165740653,0.047699468093615846,0.04446002229858586,0.0032408866939767967,0.0032394457950299825,7.820877899800127e-06,1,0,0
bag8,synthetic_partial_shift,source::synthetic_generator,pca_5,principal component analysis,joint_pca_5,pca_train_only_5,same_hyperparameters,1,False,0.241311257457522,0.2413190783354218,0.2414264165740653,0.047699468093615846,0.04446002229858586,0.0032408866939767967,0.0032394457950299825,7.820877899800127e-06,1,0,0
bag8,synthetic_partial_shift,source::synthetic_generator,pca_var90,principal component analysis,joint_pca_var90,pca_train_only_var90,same_hyperparameters,1,False,0.241311257457522,0.2413190783354218,0.2414264165740653,0.047699468093615846,0.04446002229858586,0.0032408866939767967,0.0032394457950299825,7.820877899800127e-06,1,0,0
bag8,synthetic_partial_shift,source::synthetic_generator,pca_var95,principal component analysis,joint_pca_var95,pca_train_only_var95,same_hyperparameters,1,False,0.241311257457522,0.2413190783354218,0.2414264165740653,0.047699468093615846,0.04446002229858586,0.0032408866939767967,0.0032394457950299825,7.820877899800127e-06,1,0,0
bag8,synthetic_partial_shift,source::synthetic_generator,scaling_train_only,scaling,joint_scaling,train_only_scaling,closer_pair_but_cat_encoding_also_differs,1,False,0.2413904549816785,0.2414492098786556,0.2414264165740653,0.014895467073204445,-0.00944109800150972,0.024334267652657126,0.024336565074714163,5.8754896977097903e-05,1,0,0
bag8,synthetic_partial_shift,source::synthetic_generator,target_m10,target encoding,target_enc_ratio,target_enc_standard_m10,loose_regularization_sensitivity,1,False,0.2414931448339912,0.2414931448339912,0.2414264165740653,-0.027639170921228175,-0.027639170921228175,0.0,0.0,0.0,0,1,0
bag8,synthetic_partial_shift,source::synthetic_generator,target_m20,target encoding,target_enc_ratio,target_enc_standard_m20,loose_regularization_sensitivity,1,False,0.2414931448339912,0.2414931448339912,0.2414264165740653,-0.027639170921228175,-0.027639170921228175,0.0,0.0,0.0,0,1,0
bag8,synthetic_partial_shift,source::synthetic_generator,target_m5,target encoding,target_enc_ratio,target_enc_standard_m5,loose_regularization_sensitivity,1,False,0.2414931448339912,0.2414931448339912,0.2414264165740653,-0.027639170921228175,-0.027639170921228175,0.0,0.0,0.0,0,1,0
bag8,synthetic_shift_0.0,source::synthetic_generator,frequency_combined,frequency encoding,joint_freq_combined,freq_enc_train_only,same_hyperparameters,1,False,0.2497595686983132,0.2500839643681057,0.2500728306313826,0.12526827975612495,-0.004452197663781809,0.12971470226496296,0.12972047741990678,0.00032439566979250434,1,0,0
bag8,synthetic_shift_0.0,source::synthetic_generator,groupby_combined,group-by aggregation,joint_groupby_combined,groupby_train_only,same_hyperparameters,1,False,0.2499477965125282,0.2501365164256038,0.2500728306313826,0.04999908168300776,-0.025466898607270038,0.07544676633879184,0.0754659802902778,0.00018871991307561897,1,0,0
bag8,synthetic_shift_0.0,source::synthetic_generator,pca_10,principal component analysis,joint_pca_10,pca_train_only_10,same_hyperparameters,1,False,0.2499145798394313,0.2496200586713068,0.2500728306313826,0.06328188134301924,0.1810560383279667,-0.11798778098691347,-0.11777415698494748,-0.00029452116812450635,0,0,1
bag8,synthetic_shift_0.0,source::synthetic_generator,pca_5,principal component analysis,joint_pca_5,pca_train_only_5,same_hyperparameters,1,False,0.2499145798394313,0.2496200586713068,0.2500728306313826,0.06328188134301924,0.1810560383279667,-0.11798778098691347,-0.11777415698494748,-0.00029452116812450635,0,0,1
bag8,synthetic_shift_0.0,source::synthetic_generator,pca_var90,principal component analysis,joint_pca_var90,pca_train_only_var90,same_hyperparameters,1,False,0.2499145798394313,0.2496200586713068,0.2500728306313826,0.06328188134301924,0.1810560383279667,-0.11798778098691347,-0.11777415698494748,-0.00029452116812450635,0,0,1
bag8,synthetic_shift_0.0,source::synthetic_generator,pca_var95,principal component analysis,joint_pca_var95,pca_train_only_var95,same_hyperparameters,1,False,0.2499145798394313,0.2496200586713068,0.2500728306313826,0.06328188134301924,0.1810560383279667,-0.11798778098691347,-0.11777415698494748,-0.00029452116812450635,0,0,1
bag8,synthetic_shift_0.0,source::synthetic_generator,scaling_train_only,scaling,joint_scaling,train_only_scaling,closer_pair_but_cat_encoding_also_differs,1,False,0.2499567568126165,0.2494264997861009,0.2500728306313826,0.046416005478489786,0.2584570437539439,-0.21259049337994584,-0.21204103827545412,-0.0005302570265156015,0,0,1
bag8,synthetic_shift_0.0,source::synthetic_generator,target_m10,target encoding,target_enc_ratio,target_enc_standard_m10,loose_regularization_sensitivity,1,False,0.2495520260038161,0.2495520260038161,0.2500728306313826,0.20826117985370893,0.20826117985370893,0.0,0.0,0.0,0,1,0
bag8,synthetic_shift_0.0,source::synthetic_generator,target_m20,target encoding,target_enc_ratio,target_enc_standard_m20,loose_regularization_sensitivity,1,False,0.2495520260038161,0.2495520260038161,0.2500728306313826,0.20826117985370893,0.20826117985370893,0.0,0.0,0.0,0,1,0
bag8,synthetic_shift_0.0,source::synthetic_generator,target_m5,target encoding,target_enc_ratio,target_enc_standard_m5,loose_regularization_sensitivity,1,False,0.2495520260038161,0.2495520260038161,0.2500728306313826,0.20826117985370893,0.20826117985370893,0.0,0.0,0.0,0,1,0
bag8,synthetic_shift_0.5,source::synthetic_generator,frequency_combined,frequency encoding,joint_freq_combined,freq_enc_train_only,same_hyperparameters,1,False,0.2481571679283126,0.2482208365683229,0.248317077510352,0.06439733571394667,0.03875727879614186,0.02564999815910253,0.0256400569178048,6.366864001028372e-05,1,0,0
bag8,synthetic_shift_0.5,source::synthetic_generator,groupby_combined,group-by aggregation,joint_groupby_combined,groupby_train_only,same_hyperparameters,1,False,0.2483583640657349,0.2484113774585921,0.248317077510352,-0.016626546912045903,-0.037975619391766746,0.02134096811489501,0.02134907247972084,5.301339285720963e-05,1,0,0
bag8,synthetic_shift_0.5,source::synthetic_generator,pca_10,principal component analysis,joint_pca_10,pca_train_only_10,same_hyperparameters,1,False,0.2497033716679606,0.2487893051242236,0.248317077510352,-0.5582758026583211,-0.19017121923557498,-0.36740588317516865,-0.3681045834227461,-0.0009140665437370188,0,0,1
bag8,synthetic_shift_0.5,source::synthetic_generator,pca_5,principal component analysis,joint_pca_5,pca_train_only_5,same_hyperparameters,1,False,0.2497033716679606,0.2487893051242236,0.248317077510352,-0.5582758026583211,-0.19017121923557498,-0.36740588317516865,-0.3681045834227461,-0.0009140665437370188,0,0,1
bag8,synthetic_shift_0.5,source::synthetic_generator,pca_var90,principal component analysis,joint_pca_var90,pca_train_only_var90,same_hyperparameters,1,False,0.2497033716679606,0.2487893051242236,0.248317077510352,-0.5582758026583211,-0.19017121923557498,-0.36740588317516865,-0.3681045834227461,-0.0009140665437370188,0,0,1
bag8,synthetic_shift_0.5,source::synthetic_generator,pca_var95,principal component analysis,joint_pca_var95,pca_train_only_var95,same_hyperparameters,1,False,0.2497033716679606,0.2487893051242236,0.248317077510352,-0.5582758026583211,-0.19017121923557498,-0.36740588317516865,-0.3681045834227461,-0.0009140665437370188,0,0,1
bag8,synthetic_shift_0.5,source::synthetic_generator,scaling_train_only,scaling,joint_scaling,train_only_scaling,closer_pair_but_cat_encoding_also_differs,1,False,0.2483444536102483,0.2481258087474119,0.248317077510352,-0.01102465451460544,0.07702602046454927,-0.08811854919088756,-0.08805067497915471,-0.00021864486283637574,0,0,1
bag8,synthetic_shift_0.5,source::synthetic_generator,target_m10,target encoding,target_enc_ratio,target_enc_standard_m10,loose_regularization_sensitivity,1,False,0.2479252798266046,0.2479252798266046,0.248317077510352,0.15778120767029627,0.15778120767029627,0.0,0.0,0.0,0,1,0
bag8,synthetic_shift_0.5,source::synthetic_generator,target_m20,target encoding,target_enc_ratio,target_enc_standard_m20,loose_regularization_sensitivity,1,False,0.2479252798266046,0.2479252798266046,0.248317077510352,0.15778120767029627,0.15778120767029627,0.0,0.0,0.0,0,1,0
bag8,synthetic_shift_0.5,source::synthetic_generator,target_m5,target encoding,target_enc_ratio,target_enc_standard_m5,loose_regularization_sensitivity,1,False,0.2479252798266046,0.2479252798266046,0.248317077510352,0.15778120767029627,0.15778120767029627,0.0,0.0,0.0,0,1,0
bag8,synthetic_shift_1.0,source::synthetic_generator,frequency_combined,frequency encoding,joint_freq_combined,freq_enc_train_only,same_hyperparameters,1,False,0.2499920292681263,0.2495703725389739,0.2497417984176844,-0.10019582305697951,0.0686412445960657,-0.16895303912188134,-0.1688370676530452,-0.0004216567291523976,0,0,1
bag8,synthetic_shift_1.0,source::synthetic_generator,groupby_combined,group-by aggregation,joint_groupby_combined,groupby_train_only,same_hyperparameters,1,False,0.2502734412206149,0.250288741015381,0.2497417984176844,-0.2128769818664254,-0.21900322699761568,0.006112857775400377,0.006126245131190278,1.529979476611043e-05,1,0,0
bag8,synthetic_shift_1.0,source::synthetic_generator,pca_10,principal component analysis,joint_pca_10,pca_train_only_10,same_hyperparameters,1,False,0.2533377113873183,0.2512159927972657,0.2497417984176844,-1.4398522763978296,-0.590287404399866,-0.8445794260259795,-0.8495648719979635,-0.0021217185900526125,0,0,1
bag8,synthetic_shift_1.0,source::synthetic_generator,pca_5,principal component analysis,joint_pca_5,pca_train_only_5,same_hyperparameters,1,False,0.2533377113873183,0.2512159927972657,0.2497417984176844,-1.4398522763978296,-0.590287404399866,-0.8445794260259795,-0.8495648719979635,-0.0021217185900526125,0,0,1
bag8,synthetic_shift_1.0,source::synthetic_generator,pca_var90,principal component analysis,joint_pca_var90,pca_train_only_var90,same_hyperparameters,1,False,0.2533377113873183,0.2512159927972657,0.2497417984176844,-1.4398522763978296,-0.590287404399866,-0.8445794260259795,-0.8495648719979635,-0.0021217185900526125,0,0,1
bag8,synthetic_shift_1.0,source::synthetic_generator,pca_var95,principal component analysis,joint_pca_var95,pca_train_only_var95,same_hyperparameters,1,False,0.2533377113873183,0.2512159927972657,0.2497417984176844,-1.4398522763978296,-0.590287404399866,-0.8445794260259795,-0.8495648719979635,-0.0021217185900526125,0,0,1
bag8,synthetic_shift_1.0,source::synthetic_generator,scaling_train_only,scaling,joint_scaling,train_only_scaling,closer_pair_but_cat_encoding_also_differs,1,False,0.2496771101635353,0.2497277819608803,0.2497417984176844,0.025902053464398063,0.005612379222423192,0.02029081303934995,0.02028967424197487,5.0671797344997715e-05,1,0,0
bag8,synthetic_shift_1.0,source::synthetic_generator,target_m10,target encoding,target_enc_ratio,target_enc_standard_m10,loose_regularization_sensitivity,1,False,0.2495052832417117,0.2495052832417117,0.2497417984176844,0.09470388115694514,0.09470388115694514,0.0,0.0,0.0,0,1,0
bag8,synthetic_shift_1.0,source::synthetic_generator,target_m20,target encoding,target_enc_ratio,target_enc_standard_m20,loose_regularization_sensitivity,1,False,0.2495052832417117,0.2495052832417117,0.2497417984176844,0.09470388115694514,0.09470388115694514,0.0,0.0,0.0,0,1,0
bag8,synthetic_shift_1.0,source::synthetic_generator,target_m5,target encoding,target_enc_ratio,target_enc_standard_m5,loose_regularization_sensitivity,1,False,0.2495052832417117,0.2495052832417117,0.2497417984176844,0.09470388115694514,0.09470388115694514,0.0,0.0,0.0,0,1,0
bag8,synthetic_shift_3.0,source::synthetic_generator,frequency_combined,frequency encoding,joint_freq_combined,freq_enc_train_only,same_hyperparameters,1,False,0.258322516624041,0.2580641841432224,0.2581939028132992,-0.049812876810963164,0.05024079525633598,-0.10010396509544621,-0.10005367206729913,-0.0002583324808185794,0,0,1
bag8,synthetic_shift_3.0,source::synthetic_generator,groupby_combined,group-by aggregation,joint_groupby_combined,groupby_train_only,same_hyperparameters,1,False,0.2585265063938619,0.2591827723785166,0.2581939028132992,-0.12881930089697066,-0.3829949330494014,0.2532058665135002,0.2541756321524307,0.0006562659846547358,1,0,0
bag8,synthetic_shift_3.0,source::synthetic_generator,pca_10,principal component analysis,joint_pca_10,pca_train_only_10,same_hyperparameters,1,False,0.2620661687979539,0.263377084398977,0.2581939028132992,-1.4997511337263374,-2.007476369194433,0.4977333559654896,0.5077252354680952,0.0013109156010230882,1,0,0
bag8,synthetic_shift_3.0,source::synthetic_generator,pca_5,principal component analysis,joint_pca_5,pca_train_only_5,same_hyperparameters,1,False,0.2620661687979539,0.263377084398977,0.2581939028132992,-1.4997511337263374,-2.007476369194433,0.4977333559654896,0.5077252354680952,0.0013109156010230882,1,0,0
bag8,synthetic_shift_3.0,source::synthetic_generator,pca_var90,principal component analysis,joint_pca_var90,pca_train_only_var90,same_hyperparameters,1,False,0.2620661687979539,0.263377084398977,0.2581939028132992,-1.4997511337263374,-2.007476369194433,0.4977333559654896,0.5077252354680952,0.0013109156010230882,1,0,0
bag8,synthetic_shift_3.0,source::synthetic_generator,pca_var95,principal component analysis,joint_pca_var95,pca_train_only_var95,same_hyperparameters,1,False,0.2620661687979539,0.263377084398977,0.2581939028132992,-1.4997511337263374,-2.007476369194433,0.4977333559654896,0.5077252354680952,0.0013109156010230882,1,0,0
bag8,synthetic_shift_3.0,source::synthetic_generator,scaling_train_only,scaling,joint_scaling,train_only_scaling,closer_pair_but_cat_encoding_also_differs,1,False,0.2583834475703325,0.2582300971867008,0.2581939028132992,-0.07341178663323095,-0.014018291294742387,-0.059385170552294655,-0.059393495338488554,-0.00015335038363167852,0,0,1
bag8,synthetic_shift_3.0,source::synthetic_generator,target_m10,target encoding,target_enc_ratio,target_enc_standard_m10,loose_regularization_sensitivity,1,False,0.2585670179028132,0.2585670179028132,0.2581939028132992,-0.14450964389497725,-0.14450964389497725,0.0,0.0,0.0,0,1,0
bag8,synthetic_shift_3.0,source::synthetic_generator,target_m20,target encoding,target_enc_ratio,target_enc_standard_m20,loose_regularization_sensitivity,1,False,0.2585670179028132,0.2585670179028132,0.2581939028132992,-0.14450964389497725,-0.14450964389497725,0.0,0.0,0.0,0,1,0
bag8,synthetic_shift_3.0,source::synthetic_generator,target_m5,target encoding,target_enc_ratio,target_enc_standard_m5,loose_regularization_sensitivity,1,False,0.2585670179028132,0.2585670179028132,0.2581939028132992,-0.14450964389497725,-0.14450964389497725,0.0,0.0,0.0,0,1,0
bag8,synthetic_shift_5.0,source::synthetic_generator,frequency_combined,frequency encoding,joint_freq_combined,freq_enc_train_only,same_hyperparameters,1,False,0.2697799593152598,0.2693792939535109,0.2698973148260011,0.04348154068038105,0.19193257733007077,-0.14873651046766112,-0.14845103664968973,-0.00040066536174887535,0,0,1
bag8,synthetic_shift_5.0,source::synthetic_generator,groupby_combined,group-by aggregation,joint_groupby_combined,groupby_train_only,same_hyperparameters,1,False,0.2700436500544867,0.2706864341115028,0.2698973148260011,-0.05421885304044501,-0.2923775977580275,0.23746445185771164,0.2381587447175825,0.0006427840570160659,1,0,0
bag8,synthetic_shift_5.0,source::synthetic_generator,pca_10,principal component analysis,joint_pca_10,pca_train_only_10,same_hyperparameters,1,False,0.2743284281513333,0.2787690143201109,0.2698973148260011,-1.641777476811456,-3.287064748987694,1.5929267388657817,1.6452872721762382,0.004440586168777627,1,0,0
bag8,synthetic_shift_5.0,source::synthetic_generator,pca_5,principal component analysis,joint_pca_5,pca_train_only_5,same_hyperparameters,1,False,0.2743284281513333,0.2787690143201109,0.2698973148260011,-1.641777476811456,-3.287064748987694,1.5929267388657817,1.6452872721762382,0.004440586168777627,1,0,0
bag8,synthetic_shift_5.0,source::synthetic_generator,pca_var90,principal component analysis,joint_pca_var90,pca_train_only_var90,same_hyperparameters,1,False,0.2743284281513333,0.2787690143201109,0.2698973148260011,-1.641777476811456,-3.287064748987694,1.5929267388657817,1.6452872721762382,0.004440586168777627,1,0,0
bag8,synthetic_shift_5.0,source::synthetic_generator,pca_var95,principal component analysis,joint_pca_var95,pca_train_only_var95,same_hyperparameters,1,False,0.2743284281513333,0.2787690143201109,0.2698973148260011,-1.641777476811456,-3.287064748987694,1.5929267388657817,1.6452872721762382,0.004440586168777627,1,0,0
bag8,synthetic_shift_5.0,source::synthetic_generator,scaling_train_only,scaling,joint_scaling,train_only_scaling,closer_pair_but_cat_encoding_also_differs,1,False,0.270283434210137,0.2702319621010838,0.2698973148260011,-0.14306158784307782,-0.12399059075428089,-0.019047380129650963,-0.01907099708879693,-5.147210905320776e-05,0,0,1
bag8,synthetic_shift_5.0,source::synthetic_generator,target_m10,target encoding,target_enc_ratio,target_enc_standard_m10,loose_regularization_sensitivity,1,False,0.2696672055412632,0.2696672055412632,0.2698973148260011,0.08525808598215452,0.08525808598215452,0.0,0.0,0.0,0,1,0
bag8,synthetic_shift_5.0,source::synthetic_generator,target_m20,target encoding,target_enc_ratio,target_enc_standard_m20,loose_regularization_sensitivity,1,False,0.2696672055412632,0.2696672055412632,0.2698973148260011,0.08525808598215452,0.08525808598215452,0.0,0.0,0.0,0,1,0
bag8,synthetic_shift_5.0,source::synthetic_generator,target_m5,target encoding,target_enc_ratio,target_enc_standard_m5,loose_regularization_sensitivity,1,False,0.2696672055412632,0.2696672055412632,0.2698973148260011,0.08525808598215452,0.08525808598215452,0.0,0.0,0.0,0,1,0
bag8,synthetic_small_test,source::synthetic_generator,frequency_combined,frequency encoding,joint_freq_combined,freq_enc_train_only,same_hyperparameters,1,False,0.2534724808580918,0.2535679977602491,0.2532289528907427,-0.09616908515756593,-0.13388866700904042,0.03766914713250512,0.037719581851474504,9.55169021572555e-05,1,0,0
bag8,synthetic_small_test,source::synthetic_generator,groupby_combined,group-by aggregation,joint_groupby_combined,groupby_train_only,same_hyperparameters,1,False,0.2535339648472116,0.2535753822602478,0.2532289528907427,-0.12044908490399582,-0.13680480274881673,0.016333373006097707,0.016355717844820927,4.141741303620439e-05,1,0,0
bag8,synthetic_small_test,source::synthetic_generator,pca_10,principal component analysis,joint_pca_10,pca_train_only_10,same_hyperparameters,1,False,0.254521721988344,0.2543464203796788,0.2532289528907427,-0.5105139372270204,-0.4412874105348592,-0.06892238090219895,-0.06922652669216124,-0.0001753016086651904,0,0,1
bag8,synthetic_small_test,source::synthetic_generator,pca_5,principal component analysis,joint_pca_5,pca_train_only_5,same_hyperparameters,1,False,0.254521721988344,0.2543464203796788,0.2532289528907427,-0.5105139372270204,-0.4412874105348592,-0.06892238090219895,-0.06922652669216124,-0.0001753016086651904,0,0,1
bag8,synthetic_small_test,source::synthetic_generator,pca_var90,principal component analysis,joint_pca_var90,pca_train_only_var90,same_hyperparameters,1,False,0.254521721988344,0.2543464203796788,0.2532289528907427,-0.5105139372270204,-0.4412874105348592,-0.06892238090219895,-0.06922652669216124,-0.0001753016086651904,0,0,1
bag8,synthetic_small_test,source::synthetic_generator,pca_var95,principal component analysis,joint_pca_var95,pca_train_only_var95,same_hyperparameters,1,False,0.254521721988344,0.2543464203796788,0.2532289528907427,-0.5105139372270204,-0.4412874105348592,-0.06892238090219895,-0.06922652669216124,-0.0001753016086651904,0,0,1
bag8,synthetic_small_test,source::synthetic_generator,scaling_train_only,scaling,joint_scaling,train_only_scaling,closer_pair_but_cat_encoding_also_differs,1,False,0.253395104140714,0.2535302725972121,0.2532289528907427,-0.06561305414509858,-0.11899101703406381,0.05331452339535025,0.05337796288896524,0.00013516845649813591,1,0,0
bag8,synthetic_small_test,source::synthetic_generator,target_m10,target encoding,target_enc_ratio,target_enc_standard_m10,loose_regularization_sensitivity,1,False,0.2534089099450592,0.2534089099450592,0.2532289528907427,-0.07106496009330646,-0.07106496009330646,0.0,0.0,0.0,0,1,0
bag8,synthetic_small_test,source::synthetic_generator,target_m20,target encoding,target_enc_ratio,target_enc_standard_m20,loose_regularization_sensitivity,1,False,0.2534089099450592,0.2534089099450592,0.2532289528907427,-0.07106496009330646,-0.07106496009330646,0.0,0.0,0.0,0,1,0
bag8,synthetic_small_test,source::synthetic_generator,target_m5,target encoding,target_enc_ratio,target_enc_standard_m5,loose_regularization_sensitivity,1,False,0.2534089099450592,0.2534089099450592,0.2532289528907427,-0.07106496009330646,-0.07106496009330646,0.0,0.0,0.0,0,1,0
bag8,tabred_cooking_time,source::tabred_cooking_time,frequency_combined,frequency encoding,joint_freq_combined,freq_enc_train_only,same_hyperparameters,1,False,0.4850658135887697,0.4850658135887697,0.484871225589696,-0.040131892511682934,-0.040131892511682934,0.0,0.0,0.0,0,1,0
bag8,tabred_cooking_time,source::tabred_cooking_time,pca_10,principal component analysis,joint_pca_10,pca_train_only_10,same_hyperparameters,1,False,0.4852405628404945,0.4851379538509254,0.484871225589696,-0.07617223528769594,-0.05501012375090486,-0.02115047663342113,-0.02116211153679108,-0.00010260898956909736,0,0,1
bag8,tabred_cooking_time,source::tabred_cooking_time,pca_5,principal component analysis,joint_pca_5,pca_train_only_5,same_hyperparameters,1,False,0.4851449568903783,0.4851004029348395,0.484871225589696,-0.05645443289595132,-0.047265610547383236,-0.009184481247430877,-0.009188822348568085,-4.455395553876196e-05,0,0,1
bag8,tabred_cooking_time,source::tabred_cooking_time,pca_var90,principal component analysis,joint_pca_var90,pca_train_only_var90,same_hyperparameters,1,False,0.4853428738159814,0.4851750258100519,0.484871225589696,-0.09727288430279848,-0.06265585671462394,-0.03459535157426226,-0.034617027588174545,-0.0001678480059295051,0,0,1
bag8,tabred_cooking_time,source::tabred_cooking_time,pca_var95,principal component analysis,joint_pca_var95,pca_train_only_var95,same_hyperparameters,1,False,0.48554822901616,0.4854532054798042,0.484871225589696,-0.13962540788859448,-0.12002772270109882,-0.019574190732122722,-0.019597685187495658,-9.50235363558205e-05,0,0,1
bag8,tabred_cooking_time,source::tabred_cooking_time,scaling_train_only,scaling,joint_scaling,train_only_scaling,closer_pair_but_cat_encoding_also_differs,1,False,0.4850546621459362,0.4849240820987968,0.484871225589696,-0.03783201529789852,-0.010901143708110019,-0.026927936136772603,-0.0269308715897885,-0.00013058004713939475,0,0,1
bag8,tabred_cooking_time,source::tabred_cooking_time,target_m10,target encoding,target_enc_ratio,target_enc_standard_m10,loose_regularization_sensitivity,1,False,0.4852387203082794,0.4852387203082794,0.484871225589696,-0.07579223084160026,-0.07579223084160026,0.0,0.0,0.0,0,1,0
bag8,tabred_cooking_time,source::tabred_cooking_time,target_m20,target encoding,target_enc_ratio,target_enc_standard_m20,loose_regularization_sensitivity,1,False,0.4852387203082794,0.4852387203082794,0.484871225589696,-0.07579223084160026,-0.07579223084160026,0.0,0.0,0.0,0,1,0
bag8,tabred_cooking_time,source::tabred_cooking_time,target_m5,target encoding,target_enc_ratio,target_enc_standard_m5,loose_regularization_sensitivity,1,False,0.4852387203082794,0.4852387203082794,0.484871225589696,-0.07579223084160026,-0.07579223084160026,0.0,0.0,0.0,0,1,0
bag8,tabred_delivery_eta,source::tabred_delivery_eta,frequency_combined,frequency encoding,joint_freq_combined,freq_enc_train_only,same_hyperparameters,1,False,0.5459188549611448,0.5459188549611448,0.5459188549611448,0.0,0.0,0.0,0.0,0.0,0,1,0
bag8,tabred_delivery_eta,source::tabred_delivery_eta,pca_10,principal component analysis,joint_pca_10,pca_train_only_10,same_hyperparameters,1,False,0.5459924934171617,0.5460292270509183,0.5459188549611448,-0.013488901390331088,-0.020217673152422493,0.006727411635995223,0.006728771762091406,3.673363375655825e-05,1,0,0
bag8,tabred_delivery_eta,source::tabred_delivery_eta,pca_5,principal component analysis,joint_pca_5,pca_train_only_5,same_hyperparameters,1,False,0.5460094959931896,0.5460461466155618,0.5459188549611448,-0.01660338917058744,-0.023316955122590476,0.006712000917761216,0.0067135659520030375,3.6650622372236263e-05,1,0,0
bag8,tabred_delivery_eta,source::tabred_delivery_eta,pca_var90,principal component analysis,joint_pca_var90,pca_train_only_var90,same_hyperparameters,1,False,0.5461404499392766,0.546196298425578,0.5459188549611448,-0.040591193383046134,-0.05082137425955085,0.010224984398915362,0.010230180876504716,5.584848630146855e-05,1,0,0
bag8,tabred_delivery_eta,source::tabred_delivery_eta,pca_var95,principal component analysis,joint_pca_var95,pca_train_only_var95,same_hyperparameters,1,False,0.5459583502086788,0.5458921865470457,0.5459188549611448,-0.0072346370115399,0.00488505092958154,-0.01212028002297337,-0.01211968794112144,-6.616366163303411e-05,0,0,1
bag8,tabred_delivery_eta,source::tabred_delivery_eta,scaling_train_only,scaling,joint_scaling,train_only_scaling,closer_pair_but_cat_encoding_also_differs,1,False,0.5458049387013308,0.5459304281561707,0.5459188549611448,0.02086688502855387,-0.0021199478495196864,0.02298634557953476,0.022986832878073554,0.0001254894548398111,1,0,0
bag8,tabred_delivery_eta,source::tabred_delivery_eta,target_m10,target encoding,target_enc_ratio,target_enc_standard_m10,loose_regularization_sensitivity,1,False,0.5459188549611448,0.5459188549611448,0.5459188549611448,0.0,0.0,0.0,0.0,0.0,0,1,0
bag8,tabred_delivery_eta,source::tabred_delivery_eta,target_m20,target encoding,target_enc_ratio,target_enc_standard_m20,loose_regularization_sensitivity,1,False,0.5459188549611448,0.5459188549611448,0.5459188549611448,0.0,0.0,0.0,0.0,0.0,0,1,0
bag8,tabred_delivery_eta,source::tabred_delivery_eta,target_m5,target encoding,target_enc_ratio,target_enc_standard_m5,loose_regularization_sensitivity,1,False,0.5459188549611448,0.5459188549611448,0.5459188549611448,0.0,0.0,0.0,0.0,0.0,0,1,0
bag8,tabred_delivery_eta__gap_far,source::tabred_delivery_eta,frequency_combined,frequency encoding,joint_freq_combined,freq_enc_train_only,same_hyperparameters,1,False,0.5576152367232049,0.5576152367232049,0.5576152367232049,0.0,0.0,0.0,0.0,0.0,0,1,0
bag8,tabred_delivery_eta__gap_far,source::tabred_delivery_eta,groupby_combined,group-by aggregation,joint_groupby_combined,groupby_train_only,same_hyperparameters,1,False,0.5608020161939394,0.5608020161939394,0.5576152367232049,-0.5715015051348792,-0.5715015051348792,0.0,0.0,0.0,0,1,0
bag8,tabred_delivery_eta__gap_far,source::tabred_delivery_eta,pca_10,principal component analysis,joint_pca_10,pca_train_only_10,same_hyperparameters,1,False,0.5580209582966398,0.5608692372049195,0.5576152367232049,-0.07276013041162237,-0.5835565937610674,0.5078329705644237,0.5107964633494451,0.0028482789082797666,1,0,0
bag8,tabred_delivery_eta__gap_far,source::tabred_delivery_eta,pca_5,principal component analysis,joint_pca_5,pca_train_only_5,same_hyperparameters,1,False,0.5573678335981144,0.5589004954830205,0.5576152367232049,0.044368071171150054,-0.2304920445446052,0.2742280418952762,0.27486011571575525,0.0015326618849060836,1,0,0
bag8,tabred_delivery_eta__gap_far,source::tabred_delivery_eta,pca_var90,principal component analysis,joint_pca_var90,pca_train_only_var90,same_hyperparameters,1,False,0.5565134003457637,0.5577899778718611,0.5576152367232049,0.19759796807492075,-0.03133722630735289,0.22886347491720394,0.2289351943822736,0.0012765775260974443,1,0,0
bag8,tabred_delivery_eta__gap_far,source::tabred_delivery_eta,pca_var95,principal component analysis,joint_pca_var95,pca_train_only_var95,same_hyperparameters,1,False,0.5553676840561955,0.5568305778981396,0.5576152367232049,0.4030651458193641,0.14071689103696156,0.2627179433044168,0.26234825478240253,0.0014628938419440907,1,0,0
bag8,tabred_delivery_eta__gap_far,source::tabred_delivery_eta,scaling_train_only,scaling,joint_scaling,train_only_scaling,closer_pair_but_cat_encoding_also_differs,1,False,0.5581996567914038,0.5566974276287769,0.5576152367232049,-0.10480704789080605,0.1645954116715697,-0.2698466147087374,-0.2694024595623758,-0.001502229162626878,0,0,1
bag8,tabred_delivery_eta__gap_far,source::tabred_delivery_eta,target_m10,target encoding,target_enc_ratio,target_enc_standard_m10,loose_regularization_sensitivity,1,False,0.5576152367232049,0.5576152367232049,0.5576152367232049,0.0,0.0,0.0,0.0,0.0,0,1,0
bag8,tabred_delivery_eta__gap_far,source::tabred_delivery_eta,target_m20,target encoding,target_enc_ratio,target_enc_standard_m20,loose_regularization_sensitivity,1,False,0.5576152367232049,0.5576152367232049,0.5576152367232049,0.0,0.0,0.0,0.0,0.0,0,1,0
bag8,tabred_delivery_eta__gap_far,source::tabred_delivery_eta,target_m5,target encoding,target_enc_ratio,target_enc_standard_m5,loose_regularization_sensitivity,1,False,0.5576152367232049,0.5576152367232049,0.5576152367232049,0.0,0.0,0.0,0.0,0.0,0,1,0
bag8,tabred_delivery_eta__gap_maxdiff,source::tabred_delivery_eta,frequency_combined,frequency encoding,joint_freq_combined,freq_enc_train_only,same_hyperparameters,1,False,0.5533970341678441,0.5533970341678441,0.5533970341678441,0.0,0.0,0.0,0.0,0.0,0,1,0
bag8,tabred_delivery_eta__gap_maxdiff,source::tabred_delivery_eta,groupby_combined,group-by aggregation,joint_groupby_combined,groupby_train_only,same_hyperparameters,1,False,0.5511617496028139,0.5511617496028139,0.5533970341678441,0.4039205899235514,0.4039205899235514,0.0,0.0,0.0,0,1,0
bag8,tabred_delivery_eta__gap_maxdiff,source::tabred_delivery_eta,pca_10,principal component analysis,joint_pca_10,pca_train_only_10,same_hyperparameters,1,False,0.553234022786337,0.5524195391120451,0.5533970341678441,0.029456497133602884,0.17663539835715036,-0.14743933127367786,-0.14717890122354746,-0.0008144836742919326,0,0,1
bag8,tabred_delivery_eta__gap_maxdiff,source::tabred_delivery_eta,pca_5,principal component analysis,joint_pca_5,pca_train_only_5,same_hyperparameters,1,False,0.5531601900016745,0.5534313108075523,0.5533970341678441,0.04279823554273207,-0.0061938603916918585,0.04898906162033997,0.04899209593442393,0.000271120805877767,1,0,0
bag8,tabred_delivery_eta__gap_maxdiff,source::tabred_delivery_eta,pca_var90,principal component analysis,joint_pca_var90,pca_train_only_var90,same_hyperparameters,1,False,0.5516468037701041,0.5512045187580127,0.5533970341678441,0.3162702887217111,0.39619211424368916,-0.08023972900076962,-0.07992182552197806,-0.0004422850120914257,0,0,1
bag8,tabred_delivery_eta__gap_maxdiff,source::tabred_delivery_eta,pca_var95,principal component analysis,joint_pca_var95,pca_train_only_var95,same_hyperparameters,1,False,0.5513618601407528,0.5530209556613466,0.5533970341678441,0.3677601977306655,0.06795817167019803,0.3000059045881282,0.29980202606046746,0.001659095520593734,1,0,0
bag8,tabred_delivery_eta__gap_maxdiff,source::tabred_delivery_eta,scaling_train_only,scaling,joint_scaling,train_only_scaling,closer_pair_but_cat_encoding_also_differs,1,False,0.5532494561218125,0.5534295606770661,0.5533970341678441,0.02666766117630555,-0.005877608157194127,0.03254335656251973,0.032545269333499674,0.0001801045552535241,1,0,0
bag8,tabred_delivery_eta__gap_maxdiff,source::tabred_delivery_eta,target_m10,target encoding,target_enc_ratio,target_enc_standard_m10,loose_regularization_sensitivity,1,False,0.5533970341678441,0.5533970341678441,0.5533970341678441,0.0,0.0,0.0,0.0,0.0,0,1,0
bag8,tabred_delivery_eta__gap_maxdiff,source::tabred_delivery_eta,target_m20,target encoding,target_enc_ratio,target_enc_standard_m20,loose_regularization_sensitivity,1,False,0.5533970341678441,0.5533970341678441,0.5533970341678441,0.0,0.0,0.0,0.0,0.0,0,1,0
bag8,tabred_delivery_eta__gap_maxdiff,source::tabred_delivery_eta,target_m5,target encoding,target_enc_ratio,target_enc_standard_m5,loose_regularization_sensitivity,1,False,0.5533970341678441,0.5533970341678441,0.5533970341678441,0.0,0.0,0.0,0.0,0.0,0,1,0
bag8,tabred_delivery_eta__gap_near,source::tabred_delivery_eta,frequency_combined,frequency encoding,joint_freq_combined,freq_enc_train_only,same_hyperparameters,1,False,0.5743301179802871,0.5743301179802871,0.5743301179802871,0.0,0.0,0.0,0.0,0.0,0,1,0
bag8,tabred_delivery_eta__gap_near,source::tabred_delivery_eta,groupby_combined,group-by aggregation,joint_groupby_combined,groupby_train_only,same_hyperparameters,1,False,0.5723607892273611,0.5723607892273611,0.5743301179802871,0.34289142973233133,0.34289142973233133,0.0,0.0,0.0,0,1,0
bag8,tabred_delivery_eta__gap_near,source::tabred_delivery_eta,pca_10,principal component analysis,joint_pca_10,pca_train_only_10,same_hyperparameters,1,False,0.5730407724920171,0.5718926265480687,0.5743301179802871,0.22449553800245453,0.4244059915907194,-0.20076250167423776,-0.19991045358826487,-0.0011481459439484087,0,0,1
bag8,tabred_delivery_eta__gap_near,source::tabred_delivery_eta,pca_5,principal component analysis,joint_pca_5,pca_train_only_5,same_hyperparameters,1,False,0.5747132799299872,0.5724164223778963,0.5743301179802871,-0.06671458412237898,0.3332048141791054,-0.40125640395666995,-0.3999193983014844,-0.0022968575520909695,0,0,1
bag8,tabred_delivery_eta__gap_near,source::tabred_delivery_eta,pca_var90,principal component analysis,joint_pca_var90,pca_train_only_var90,same_hyperparameters,1,False,0.573303765234035,0.5716803881422936,0.5743301179802871,0.17870432250033874,0.4613600706352727,-0.2839658531958182,-0.28265574813493394,-0.0016233770917414292,0,0,1
bag8,tabred_delivery_eta__gap_near,source::tabred_delivery_eta,pca_var95,principal component analysis,joint_pca_var95,pca_train_only_var95,same_hyperparameters,1,False,0.572449482100685,0.5713308204974344,0.5743301179802871,0.3274485911022042,0.5222253524506274,-0.19579927480135034,-0.19477676134842323,-0.0011186616032505814,0,0,1
bag8,tabred_delivery_eta__gap_near,source::tabred_delivery_eta,scaling_train_only,scaling,joint_scaling,train_only_scaling,closer_pair_but_cat_encoding_also_differs,1,False,0.5720993946272274,0.5728196206407259,0.5743301179802871,0.38840438333695465,0.263001589551509,0.12573347482282804,0.12540279378544564,0.0007202260134985261,1,0,0
bag8,tabred_delivery_eta__gap_near,source::tabred_delivery_eta,target_m10,target encoding,target_enc_ratio,target_enc_standard_m10,loose_regularization_sensitivity,1,False,0.5743301179802871,0.5743301179802871,0.5743301179802871,0.0,0.0,0.0,0.0,0.0,0,1,0
bag8,tabred_delivery_eta__gap_near,source::tabred_delivery_eta,target_m20,target encoding,target_enc_ratio,target_enc_standard_m20,loose_regularization_sensitivity,1,False,0.5743301179802871,0.5743301179802871,0.5743301179802871,0.0,0.0,0.0,0.0,0.0,0,1,0
bag8,tabred_delivery_eta__gap_near,source::tabred_delivery_eta,target_m5,target encoding,target_enc_ratio,target_enc_standard_m5,loose_regularization_sensitivity,1,False,0.5743301179802871,0.5743301179802871,0.5743301179802871,0.0,0.0,0.0,0.0,0.0,0,1,0
bag8,tabred_ecom_offers,source::tabred_ecom_offers,frequency_combined,frequency encoding,joint_freq_combined,freq_enc_train_only,same_hyperparameters,1,False,0.4378837069964159,0.4378837069964159,0.4378837069964159,0.0,0.0,0.0,0.0,0.0,0,1,0
bag8,tabred_ecom_offers,source::tabred_ecom_offers,groupby_combined,group-by aggregation,joint_groupby_combined,groupby_train_only,same_hyperparameters,1,False,0.4354750769455,0.4370744360872706,0.4378837069964159,0.5500615831170033,0.18481411758759766,0.36592374426841884,0.3652474655294056,0.0015993591417706177,1,0,0
bag8,tabred_ecom_offers,source::tabred_ecom_offers,pca_10,principal component analysis,joint_pca_10,pca_train_only_10,same_hyperparameters,1,False,0.4385630167443906,0.4320738169973032,0.4378837069964159,-0.155134739457264,1.3268111844043213,-1.5018729420320083,-1.4819459238615853,-0.006489199747087393,0,0,1
bag8,tabred_ecom_offers,source::tabred_ecom_offers,pca_5,principal component analysis,joint_pca_5,pca_train_only_5,same_hyperparameters,1,False,0.4366389406684433,0.435985979592806,0.4378837069964159,0.2842687015031574,0.43338616470272473,-0.14976653062264111,-0.14911746319956734,-0.0006529610756372817,0,0,1
bag8,tabred_ecom_offers,source::tabred_ecom_offers,pca_var90,principal component analysis,joint_pca_var90,pca_train_only_var90,same_hyperparameters,1,False,0.4401721051512438,0.434092768130332,0.4378837069964159,-0.5226040883148522,0.865741018794043,-1.4004695464280414,-1.388345107108895,-0.00607933702091179,0,0,1
bag8,tabred_ecom_offers,source::tabred_ecom_offers,pca_var95,principal component analysis,joint_pca_var95,pca_train_only_var95,same_hyperparameters,1,False,0.4380475826585529,0.4341856936150221,0.4378837069964159,-0.03742447127369111,0.8445195202076962,-0.8894556177972691,-0.8819439914813872,-0.003861889043530853,0,0,1
bag8,tabred_ecom_offers,source::tabred_ecom_offers,scaling_train_only,scaling,joint_scaling,train_only_scaling,closer_pair_but_cat_encoding_also_differs,1,False,0.4372654104957018,0.4388459774953265,0.4378837069964159,0.14120107481394834,-0.21975480784867354,0.36016440406852174,0.36095588266262185,0.0015805669996247218,1,0,0
bag8,tabred_ecom_offers,source::tabred_ecom_offers,target_m10,target encoding,target_enc_ratio,target_enc_standard_m10,loose_regularization_sensitivity,1,False,0.4378837069964159,0.4378837069964159,0.4378837069964159,0.0,0.0,0.0,0.0,0.0,0,1,0
bag8,tabred_ecom_offers,source::tabred_ecom_offers,target_m20,target encoding,target_enc_ratio,target_enc_standard_m20,loose_regularization_sensitivity,1,False,0.4378837069964159,0.4378837069964159,0.4378837069964159,0.0,0.0,0.0,0.0,0.0,0,1,0
bag8,tabred_ecom_offers,source::tabred_ecom_offers,target_m5,target encoding,target_enc_ratio,target_enc_standard_m5,loose_regularization_sensitivity,1,False,0.4378837069964159,0.4378837069964159,0.4378837069964159,0.0,0.0,0.0,0.0,0.0,0,1,0
bag8,tabred_homesite,source::tabred_homesite,frequency_combined,frequency encoding,joint_freq_combined,freq_enc_train_only,same_hyperparameters,1,False,0.0389450915167159,0.0391995328167301,0.0395510583144037,1.532112725962421,0.8887891061705842,0.6490926848638569,0.6433236197918367,0.00025444130001420207,1,0,0
bag8,tabred_homesite,source::tabred_homesite,pca_10,principal component analysis,joint_pca_10,pca_train_only_10,same_hyperparameters,1,False,0.0425454099374204,0.0430910313434568,0.0395510583144037,-7.570850820763543,-8.950387625313972,1.2662064216739906,1.3795368045504302,0.000545621406036402,1,0,0
bag8,tabred_homesite,source::tabred_homesite,pca_5,principal component analysis,joint_pca_5,pca_train_only_5,same_hyperparameters,1,False,0.0422398170081268,0.0425089610792399,0.0395510583144037,-6.798196580099874,-7.478694353316436,0.6331466690314912,0.6804977732165605,0.00026914407111310046,1,0,0
bag8,tabred_homesite,source::tabred_homesite,pca_var90,principal component analysis,joint_pca_var90,pca_train_only_var90,same_hyperparameters,1,False,0.0423096461099777,0.0433598854667419,0.0395510583144037,-6.974750899571707,-9.630152301009623,2.422145135899315,2.6554014014379153,0.001050239356764203,1,0,0
bag8,tabred_homesite,source::tabred_homesite,pca_var95,principal component analysis,joint_pca_var95,pca_train_only_var95,same_hyperparameters,1,False,0.043202902880332,0.0423726372755574,0.0395510583144037,-9.233241085228755,-7.134016335856534,-1.9594381142132489,-2.099224749372221,-0.0008302656047746021,0,0,1
bag8,tabred_homesite,source::tabred_homesite,scaling_train_only,scaling,joint_scaling,train_only_scaling,closer_pair_but_cat_encoding_also_differs,1,False,0.0393674971771159,0.0394141546150658,0.0395510583144037,0.4641118218091997,0.34614421250023353,0.11837736570927906,0.11796760930896616,4.665743794989713e-05,1,0,0
bag8,tabred_homesite,source::tabred_homesite,target_m10,target encoding,target_enc_ratio,target_enc_standard_m10,loose_regularization_sensitivity,1,False,0.0393921427424753,0.0395066721344383,0.0395510583144037,0.4017985325831906,0.11222501206556242,0.2898988595477336,0.2895735205176282,0.00011452939196299888,1,0,0
bag8,tabred_homesite,source::tabred_homesite,target_m20,target encoding,target_enc_ratio,target_enc_standard_m20,loose_regularization_sensitivity,1,False,0.0393921427424753,0.0395066721344383,0.0395510583144037,0.4017985325831906,0.11222501206556242,0.2898988595477336,0.2895735205176282,0.00011452939196299888,1,0,0
bag8,tabred_homesite,source::tabred_homesite,target_m5,target encoding,target_enc_ratio,target_enc_standard_m5,loose_regularization_sensitivity,1,False,0.0393921427424753,0.0395066962967574,0.0395510583144037,0.4017985325831906,0.11216392060524083,0.2899598423052601,0.28963461197794976,0.00011455355428209579,1,0,0
bag8,tabred_homesite__gap_far,source::tabred_homesite,frequency_combined,frequency encoding,joint_freq_combined,freq_enc_train_only,same_hyperparameters,1,False,0.098300992269988,0.1048896346125731,0.1040477118497644,5.523158056636704,-0.8091698970029839,6.281499946988399,6.3323279536396875,0.006588642342585105,1,0,0
bag8,tabred_homesite__gap_far,source::tabred_homesite,groupby_combined,group-by aggregation,joint_groupby_combined,groupby_train_only,same_hyperparameters,1,False,0.1675811455954068,0.1657201816535157,0.1040477118497644,-61.06182694087401,-59.27325907253092,-1.122955528604205,-1.7885678683430846,-0.0018609639418910862,0,0,1
bag8,tabred_homesite__gap_far,source::tabred_homesite,pca_10,principal component analysis,joint_pca_10,pca_train_only_10,same_hyperparameters,1,False,0.1081553401744981,0.1032323704112971,0.1040477118497644,-3.9478314820269653,0.7836226515433434,-4.768823716424381,-4.731454133570309,-0.004922969763201002,0,0,1
bag8,tabred_homesite__gap_far,source::tabred_homesite,pca_5,principal component analysis,joint_pca_5,pca_train_only_5,same_hyperparameters,1,False,0.1055845463774944,0.0989015132096976,0.1040477118497644,-1.4770478854441809,4.945998858194447,-6.757260784905263,-6.423046743638627,-0.006683033167796795,0,0,1
bag8,tabred_homesite__gap_far,source::tabred_homesite,pca_var90,principal component analysis,joint_pca_var90,pca_train_only_var90,same_hyperparameters,1,False,0.0981724254563376,0.1392563033677724,0.1040477118497644,5.646723305083524,-33.83889072817484,29.502347052063634,39.48561403325836,0.041083877911434794,1,0,0
bag8,tabred_homesite__gap_far,source::tabred_homesite,pca_var95,principal component analysis,joint_pca_var95,pca_train_only_var95,same_hyperparameters,1,False,0.0981466578460068,0.1415452808791582,0.1040477118497644,5.671488492008541,-36.03882138565135,30.66059339004188,41.710309877659896,0.04339862303315138,1,0,0
bag8,tabred_homesite__gap_far,source::tabred_homesite,scaling_train_only,scaling,joint_scaling,train_only_scaling,closer_pair_but_cat_encoding_also_differs,1,False,0.1027633999032766,0.1051207293915399,0.1040477118497644,1.2343490535786437,-1.0312745207937264,2.2424972713831015,2.26562357437237,0.002357329488263296,1,0,0
bag8,tabred_homesite__gap_far,source::tabred_homesite,target_m10,target encoding,target_enc_ratio,target_enc_standard_m10,loose_regularization_sensitivity,1,False,0.1036262079923532,0.1022968705372872,0.1040477118497644,0.40510632085769954,1.6827292800107496,-1.2994898554413308,-1.2776229591530501,-0.0013293374550659987,0,0,1
bag8,tabred_homesite__gap_far,source::tabred_homesite,target_m20,target encoding,target_enc_ratio,target_enc_standard_m20,loose_regularization_sensitivity,1,False,0.1036262079923532,0.1034235932037521,0.1040477118497644,0.40510632085769954,0.5998388959417615,-0.19590770570301583,-0.194732575084062,-0.00020261478860109094,0,0,1
bag8,tabred_homesite__gap_far,source::tabred_homesite,target_m5,target encoding,target_enc_ratio,target_enc_standard_m5,loose_regularization_sensitivity,1,False,0.1036262079923532,0.09874826373773,0.1040477118497644,0.40510632085769954,5.093286548853976,-4.939777237581358,-4.688180227996276,-0.004877944254623193,0,0,1
bag8,tabred_homesite__gap_near,source::tabred_homesite,frequency_combined,frequency encoding,joint_freq_combined,freq_enc_train_only,same_hyperparameters,1,False,0.0456618329342065,0.0457349315761451,0.0459653482601032,0.6603133390379198,0.5012834508600726,0.15983109500644285,0.1590298881778471,7.30986419386001e-05,1,0,0
bag8,tabred_homesite__gap_near,source::tabred_homesite,groupby_combined,group-by aggregation,joint_groupby_combined,groupby_train_only,same_hyperparameters,1,False,0.0477639274611931,0.0477633849851864,0.0459653482601032,-3.91290236922022,-3.9117221845218775,-0.00113575703831236,-0.0011801846983422932,-5.424760067054835e-07,0,0,1
bag8,tabred_homesite__gap_near,source::tabred_homesite,pca_10,principal component analysis,joint_pca_10,pca_train_only_10,same_hyperparameters,1,False,0.0451475656796044,0.0465883819541016,0.0459653482601032,1.7791284336000848,-1.3554421266925991,3.092651459577793,3.134570560292684,0.0014408162744972003,1,0,0
bag8,tabred_homesite__gap_near,source::tabred_homesite,pca_5,principal component analysis,joint_pca_5,pca_train_only_5,same_hyperparameters,1,False,0.0458815357170272,0.0460583828952974,0.0459653482601032,0.18233853598090474,-0.20240167586188695,0.3839630641662286,0.3847402118427917,0.00017684717827019802,1,0,0
bag8,tabred_homesite__gap_near,source::tabred_homesite,pca_var90,principal component analysis,joint_pca_var90,pca_train_only_var90,same_hyperparameters,1,False,0.0446742553635279,0.046648868028878,0.0459653482601032,2.808839583395342,-1.4870327206202847,4.232927290170722,4.295872304015626,0.001974612665350102,1,0,0
bag8,tabred_homesite__gap_near,source::tabred_homesite,pca_var95,principal component analysis,joint_pca_var95,pca_train_only_var95,same_hyperparameters,1,False,0.0443428025232728,0.0463453527029815,0.0459653482601032,3.529932434426323,-0.8267193815827876,4.320929851462473,4.35665181600911,0.002002550179708698,1,0,0
bag8,tabred_homesite__gap_near,source::tabred_homesite,scaling_train_only,scaling,joint_scaling,train_only_scaling,closer_pair_but_cat_encoding_also_differs,1,False,0.0453816440766096,0.0461438228663944,0.0459653482601032,1.2698787360221975,-0.38828076593975086,1.6517460895938934,1.6581595019619484,0.0007621787897848023,1,0,0
bag8,tabred_homesite__gap_near,source::tabred_homesite,target_m10,target encoding,target_enc_ratio,target_enc_standard_m10,loose_regularization_sensitivity,1,False,0.046072758509482,0.0459059471373404,0.0459653482601032,-0.23367657038297063,0.1292302245305933,-0.36337638703441966,-0.3629067949135639,-0.00016681137214159814,0,0,1
bag8,tabred_homesite__gap_near,source::tabred_homesite,target_m20,target encoding,target_enc_ratio,target_enc_standard_m20,loose_regularization_sensitivity,1,False,0.046072758509482,0.0459254762735912,0.0459653482601032,-0.23367657038297063,0.08674357536981575,-0.32069833095120476,-0.3204201457527864,-0.00014728223589079853,0,0,1
bag8,tabred_homesite__gap_near,source::tabred_homesite,target_m5,target encoding,target_enc_ratio,target_enc_standard_m5,loose_regularization_sensitivity,1,False,0.046072758509482,0.0459059471373404,0.0459653482601032,-0.23367657038297063,0.1292302245305933,-0.36337638703441966,-0.3629067949135639,-0.00016681137214159814,0,0,1
bag8,tabred_sberbank,source::tabred_sberbank,frequency_combined,frequency encoding,joint_freq_combined,freq_enc_train_only,same_hyperparameters,1,False,0.2590499426693863,0.2552734976245251,0.2552404707830786,-1.4925030793981184,-0.01293950028582406,-1.4793721557479729,-1.4795635791122943,-0.0037764450448611875,0,0,1
bag8,tabred_sberbank,source::tabred_sberbank,pca_10,principal component analysis,joint_pca_10,pca_train_only_10,same_hyperparameters,1,False,0.2606836317512071,0.2693768625792435,0.2552404707830786,-2.132561874466415,-5.538460163779821,3.227163144154239,3.405898289313406,0.008693230828036358,1,0,0
bag8,tabred_sberbank,source::tabred_sberbank,pca_5,principal component analysis,joint_pca_5,pca_train_only_5,same_hyperparameters,1,False,0.2609673574349038,0.2637895674653362,0.2552404707830786,-2.243722021925083,-3.3494283473263313,1.0698717381244744,1.1057063254012487,0.002822210030432426,1,0,0
bag8,tabred_sberbank,source::tabred_sberbank,pca_var90,principal component analysis,joint_pca_var90,pca_train_only_var90,same_hyperparameters,1,False,0.2592225385024593,0.2774908857524207,0.2552404707830786,-1.560123951802668,-8.71743219289549,6.583404424410735,7.157308241092823,0.018268347249961403,1,0,0
bag8,tabred_sberbank,source::tabred_sberbank,pca_var95,principal component analysis,joint_pca_var95,pca_train_only_var95,same_hyperparameters,1,False,0.2559863205110312,0.2971771108453992,0.2552404707830786,-0.2922145244695476,-16.43024710527248,13.86068739183508,16.138032580802932,0.04119079033436801,1,0,0
bag8,tabred_sberbank,source::tabred_sberbank,scaling_train_only,scaling,joint_scaling,train_only_scaling,closer_pair_but_cat_encoding_also_differs,1,False,0.2522100572767147,0.2570622393585672,0.2552404707830786,1.187277823562457,-0.7137459705741063,1.8875514715657506,1.9010237941365635,0.0048521820818525074,1,0,0
bag8,tabred_sberbank,source::tabred_sberbank,target_m10,target encoding,target_enc_ratio,target_enc_standard_m10,loose_regularization_sensitivity,1,False,0.2560332340939763,0.256003841353631,0.2552404707830786,-0.3105946750785742,-0.2990789698085106,-0.011481366916170747,-0.011515705270063566,-2.9392740345302037e-05,0,0,1
bag8,tabred_sberbank,source::tabred_sberbank,target_m20,target encoding,target_enc_ratio,target_enc_standard_m20,loose_regularization_sensitivity,1,False,0.2560332340939763,0.254829576567117,0.2552404707830786,-0.3105946750785742,0.16098317586586178,-0.47233823603763814,-0.471577850944436,-0.001203657526859303,0,0,1
bag8,tabred_sberbank,source::tabred_sberbank,target_m5,target encoding,target_enc_ratio,target_enc_standard_m5,loose_regularization_sensitivity,1,False,0.2560332340939763,0.2549253114076474,0.2552404707830786,-0.3105946750785742,0.12347547176366093,-0.43460677961368,-0.43407014684223516,-0.0011079226863289215,0,0,1
bag8,tabred_sberbank__gap_far,source::tabred_sberbank,frequency_combined,frequency encoding,joint_freq_combined,freq_enc_train_only,same_hyperparameters,1,False,0.360228768286241,0.3569269766761705,0.3592567871384393,-0.27055331523275405,0.6485084055965172,-0.9250608179908217,-0.9190617208292714,-0.0033017916100704925,0,0,1
bag8,tabred_sberbank__gap_far,source::tabred_sberbank,groupby_combined,group-by aggregation,joint_groupby_combined,groupby_train_only,same_hyperparameters,1,False,0.3554438278348676,0.3572030361598095,0.3592567871384393,1.0613464908882437,0.5716665772659149,0.492495344903734,0.4896799136223289,0.0017592083249418633,1,0,0
bag8,tabred_sberbank__gap_far,source::tabred_sberbank,pca_10,principal component analysis,joint_pca_10,pca_train_only_10,same_hyperparameters,1,False,0.3681095396593895,0.3719725392752794,0.3592567871384393,-2.464185183936077,-3.5394605173986915,1.038517419435391,1.0752753334626146,0.0038629996158899282,1,0,0
bag8,tabred_sberbank__gap_far,source::tabred_sberbank,pca_5,principal component analysis,joint_pca_5,pca_train_only_5,same_hyperparameters,1,False,0.3746562614176824,0.3584834109821567,0.3592567871384393,-4.286481099467419,0.21527113306409726,-4.511464112444155,-4.5017522325315165,-0.016172850435525687,0,0,1
bag8,tabred_sberbank__gap_far,source::tabred_sberbank,pca_var90,principal component analysis,joint_pca_var90,pca_train_only_var90,same_hyperparameters,1,False,0.3744103046958965,0.3786314725010926,0.3592567871384393,-4.218018448073968,-5.392990767683751,1.1148486356172944,1.1749723196097834,0.004221167805196102,1,0,0
bag8,tabred_sberbank__gap_far,source::tabred_sberbank,pca_var95,principal component analysis,joint_pca_var95,pca_train_only_var95,same_hyperparameters,1,False,0.3746379654428745,0.3944510010034831,0.3592567871384393,-4.281388370404835,-9.796394981253837,5.022939607252687,5.515006610849001,0.01981303556060865,1,0,0
bag8,tabred_sberbank__gap_far,source::tabred_sberbank,scaling_train_only,scaling,joint_scaling,train_only_scaling,closer_pair_but_cat_encoding_also_differs,1,False,0.360611798360485,0.3646101896294484,0.3592567871384393,-0.37717066748792694,-1.490132596700588,1.0966208248395206,1.1129619292126611,0.003998391268963397,1,0,0
bag8,tabred_sberbank__gap_far,source::tabred_sberbank,target_m10,target encoding,target_enc_ratio,target_enc_standard_m10,loose_regularization_sensitivity,1,False,0.3614614498469459,0.3518912050266041,0.3592567871384393,-0.613673224121176,2.0502276854680184,-2.7196601346198066,-2.6639009095891946,-0.0095702448203418,0,0,1
bag8,tabred_sberbank__gap_far,source::tabred_sberbank,target_m20,target encoding,target_enc_ratio,target_enc_standard_m20,loose_regularization_sensitivity,1,False,0.3614614498469459,0.3556650269614167,0.3592567871384393,-0.613673224121176,0.9997751763109992,-1.6297421579653883,-1.6134484004321752,-0.005796422885529173,0,0,1
bag8,tabred_sberbank__gap_far,source::tabred_sberbank,target_m5,target encoding,target_enc_ratio,target_enc_standard_m5,loose_regularization_sensitivity,1,False,0.3614614498469459,0.3530617112859802,0.3592567871384393,-0.613673224121176,1.7244144228434106,-2.3791134219484693,-2.3380876469645866,-0.008399738560965708,0,0,1
bag8,tabred_sberbank__gap_near,source::tabred_sberbank,frequency_combined,frequency encoding,joint_freq_combined,freq_enc_train_only,same_hyperparameters,1,False,0.2475594514910944,0.2480590697166913,0.2477962699761038,0.09556983445805341,-0.10605476047434413,0.2014109889904547,0.20162459493239754,0.0004996182255969095,1,0,0
bag8,tabred_sberbank__gap_near,source::tabred_sberbank,groupby_combined,group-by aggregation,joint_groupby_combined,groupby_train_only,same_hyperparameters,1,False,0.2473259233110075,0.2465571853659599,0.2477962699761038,0.18981184226124623,0.5000416714357211,-0.3117889036194848,-0.31022982917447484,-0.0007687379450475873,0,0,1
bag8,tabred_sberbank__gap_near,source::tabred_sberbank,pca_10,principal component analysis,joint_pca_10,pca_train_only_10,same_hyperparameters,1,False,0.2546205011250322,0.2448871034217962,0.2477962699761038,-2.7539684715942276,1.1740154743201485,-3.9746469157549273,-3.927983945914376,-0.009733397703236002,0,0,1
bag8,tabred_sberbank__gap_near,source::tabred_sberbank,pca_5,principal component analysis,joint_pca_5,pca_train_only_5,same_hyperparameters,1,False,0.2541147256501436,0.2458959571767825,0.2477962699761038,-2.5498590736047464,0.7668851510575795,-3.3423764130665847,-3.316744224662326,-0.008218768473361088,0,0,1
bag8,tabred_sberbank__gap_near,source::tabred_sberbank,pca_var90,principal component analysis,joint_pca_var90,pca_train_only_var90,same_hyperparameters,1,False,0.2519130970703781,0.254168316504851,0.2477962699761038,-1.6613757320363756,-2.571486055605959,0.8872936900574838,0.9101103235695835,0.002255219434472877,1,0,0
bag8,tabred_sberbank__gap_near,source::tabred_sberbank,pca_var95,principal component analysis,joint_pca_var95,pca_train_only_var95,same_hyperparameters,1,False,0.2542979959677089,0.2547588412292069,0.2477962699761038,-2.623819152819415,-2.8097966340552785,0.18089470782423378,0.18597748123586325,0.00046084526149797744,1,0,0
bag8,tabred_sberbank__gap_near,source::tabred_sberbank,scaling_train_only,scaling,joint_scaling,train_only_scaling,closer_pair_but_cat_encoding_also_differs,1,False,0.2478806922694721,0.2478461391976893,0.2477962699761038,-0.03406923493095509,-0.02012508969175243,-0.013941339532117592,-0.013944145239202663,-3.455307178279465e-05,0,0,1
bag8,tabred_sberbank__gap_near,source::tabred_sberbank,target_m10,target encoding,target_enc_ratio,target_enc_standard_m10,loose_regularization_sensitivity,1,False,0.2459172948343748,0.247418132412799,0.2477962699761038,0.7582741830255126,0.15260018374822912,0.6065996714905942,0.6056739992772835,0.0015008375784242023,1,0,0
bag8,tabred_sberbank__gap_near,source::tabred_sberbank,target_m20,target encoding,target_enc_ratio,target_enc_standard_m20,loose_regularization_sensitivity,1,False,0.2459172948343748,0.2472664653769821,0.2477962699761038,0.7582741830255126,0.2138065271009863,0.5456342575813342,0.5444676559245263,0.001349170542607303,1,0,0
bag8,tabred_sberbank__gap_near,source::tabred_sberbank,target_m5,target encoding,target_enc_ratio,target_enc_standard_m5,loose_regularization_sensitivity,1,False,0.2459172948343748,0.2473471978550303,0.2477962699761038,0.7582741830255126,0.1812263441724984,0.5780955001938413,0.5770478388530142,0.0014299030206554875,1,0,0
bag8,tabred_weather,source::tabred_weather,frequency_combined,frequency encoding,joint_freq_combined,freq_enc_train_only,same_hyperparameters,1,False,1.4967328890116611,1.4967328890116611,1.4967328890116611,0.0,0.0,0.0,0.0,0.0,0,1,0
bag8,tabred_weather,source::tabred_weather,groupby_combined,group-by aggregation,joint_groupby_combined,groupby_train_only,same_hyperparameters,1,False,1.502957051940819,1.504033705029331,1.4967328890116611,-0.4158499472319311,-0.4877834963919927,0.07158437240547195,0.07193354916006163,0.001076653088512014,1,0,0
bag8,tabred_weather,source::tabred_weather,pca_10,principal component analysis,joint_pca_10,pca_train_only_10,same_hyperparameters,1,False,1.496524599351726,1.4963109428977968,1.4967328890116611,0.013916288034044258,0.02819114332036846,-0.014278880666037308,-0.014274855286324202,-0.00021365645392923405,0,0,1
bag8,tabred_weather,source::tabred_weather,pca_5,principal component analysis,joint_pca_5,pca_train_only_5,same_hyperparameters,1,False,1.496761322483292,1.4967724727168814,1.4967328890116611,-0.0018997024679351028,-0.002644673976959182,0.0007449518074774862,0.0007449715090240795,1.1150233589329872e-05,1,0,0
bag8,tabred_weather,source::tabred_weather,pca_var90,principal component analysis,joint_pca_var90,pca_train_only_var90,same_hyperparameters,1,False,1.497789104620392,1.4971813103522618,1.4967328890116611,-0.0705680764072918,-0.029960011161159282,-0.04059590270914988,-0.040608065246132516,-0.0006077942681301796,0,0,1
bag8,tabred_weather,source::tabred_weather,pca_var95,principal component analysis,joint_pca_var95,pca_train_only_var95,same_hyperparameters,1,False,1.500740583703861,1.49821373757473,1.4967328890116611,-0.2677628534538493,-0.09893873342000913,-0.16865725268421344,-0.16882412003384017,-0.0025268461291310107,0,0,1
bag8,tabred_weather,source::tabred_weather,scaling_train_only,scaling,joint_scaling,train_only_scaling,closer_pair_but_cat_encoding_also_differs,1,False,1.4962994705473576,1.494304892292654,1.4967328890116611,0.028957636161102758,0.16221977460589812,-0.1334786672379357,-0.13326213844479537,-0.001994578254703505,0,0,1
bag8,tabred_weather,source::tabred_weather,target_m10,target encoding,target_enc_ratio,target_enc_standard_m10,loose_regularization_sensitivity,1,False,1.4967328890116611,1.4967328890116611,1.4967328890116611,0.0,0.0,0.0,0.0,0.0,0,1,0
bag8,tabred_weather,source::tabred_weather,target_m20,target encoding,target_enc_ratio,target_enc_standard_m20,loose_regularization_sensitivity,1,False,1.4967328890116611,1.4967328890116611,1.4967328890116611,0.0,0.0,0.0,0.0,0.0,0,1,0
bag8,tabred_weather,source::tabred_weather,target_m5,target encoding,target_enc_ratio,target_enc_standard_m5,loose_regularization_sensitivity,1,False,1.4967328890116611,1.4967328890116611,1.4967328890116611,0.0,0.0,0.0,0.0,0.0,0,1,0
bag8,tabred_weather__gap_far,source::tabred_weather,frequency_combined,frequency encoding,joint_freq_combined,freq_enc_train_only,same_hyperparameters,1,False,1.6422974554212553,1.6422974554212553,1.6422974554212553,0.0,0.0,0.0,0.0,0.0,0,1,0
bag8,tabred_weather__gap_far,source::tabred_weather,groupby_combined,group-by aggregation,joint_groupby_combined,groupby_train_only,same_hyperparameters,1,False,1.662571628719731,1.656996360889921,1.6422974554212553,-1.2345006826595426,-0.8950209001508426,-0.33646832071590616,-0.3394797825087001,-0.005575267829809993,0,0,1
bag8,tabred_weather__gap_far,source::tabred_weather,pca_10,principal component analysis,joint_pca_10,pca_train_only_10,same_hyperparameters,1,False,1.6406919919823255,1.6402655071402874,1.6422974554212553,0.09775716534359166,0.12372595928102827,-0.026000963879418734,-0.02596879393743661,-0.00042648484203811066,0,0,1
bag8,tabred_weather__gap_far,source::tabred_weather,pca_5,principal component analysis,joint_pca_5,pca_train_only_5,same_hyperparameters,1,False,1.6455493231271925,1.6383553927939212,1.6422974554212553,-0.1980072303712546,0.2400334126026484,-0.43909461676708356,-0.438040642973903,-0.0071939303332713145,0,0,1
bag8,tabred_weather__gap_far,source::tabred_weather,pca_var90,principal component analysis,joint_pca_var90,pca_train_only_var90,same_hyperparameters,1,False,1.641518340534394,1.6447115910248116,1.6422974554212553,0.047440546430206516,-0.14699746355857718,0.1941526105758045,0.1944380099887837,0.0031932504904175207,1,0,0
bag8,tabred_weather__gap_far,source::tabred_weather,pca_var95,principal component analysis,joint_pca_var95,pca_train_only_var95,same_hyperparameters,1,False,1.649036533656579,1.6536131687893054,1.6422974554212553,-0.41034455805055287,-0.6890172867708444,0.27676576475725057,0.27867272872029153,0.0045766351327263255,1,0,0
bag8,tabred_weather__gap_far,source::tabred_weather,scaling_train_only,scaling,joint_scaling,train_only_scaling,closer_pair_but_cat_encoding_also_differs,1,False,1.6376149493922998,1.6428295764031955,1.6422974554212553,0.2851192403360571,-0.03240101116784168,0.3174174050550383,0.31752025150389884,0.0052146270108957005,1,0,0
bag8,tabred_weather__gap_far,source::tabred_weather,target_m10,target encoding,target_enc_ratio,target_enc_standard_m10,loose_regularization_sensitivity,1,False,1.6422974554212553,1.6422974554212553,1.6422974554212553,0.0,0.0,0.0,0.0,0.0,0,1,0
bag8,tabred_weather__gap_far,source::tabred_weather,target_m20,target encoding,target_enc_ratio,target_enc_standard_m20,loose_regularization_sensitivity,1,False,1.6422974554212553,1.6422974554212553,1.6422974554212553,0.0,0.0,0.0,0.0,0.0,0,1,0
bag8,tabred_weather__gap_far,source::tabred_weather,target_m5,target encoding,target_enc_ratio,target_enc_standard_m5,loose_regularization_sensitivity,1,False,1.6422974554212553,1.6422974554212553,1.6422974554212553,0.0,0.0,0.0,0.0,0.0,0,1,0
bag8,tabred_weather__gap_maxdiff,source::tabred_weather,frequency_combined,frequency encoding,joint_freq_combined,freq_enc_train_only,same_hyperparameters,1,False,1.7941261827455273,1.7941261827455273,1.7941261827455273,0.0,0.0,0.0,0.0,0.0,0,1,0
bag8,tabred_weather__gap_maxdiff,source::tabred_weather,groupby_combined,group-by aggregation,joint_groupby_combined,groupby_train_only,same_hyperparameters,1,False,1.7939954157827065,1.7894697100710364,1.7941261827455273,0.007288615710443566,0.2595398651038656,-0.25290764555553424,-0.25225124939342203,-0.004525705711670103,0,0,1
bag8,tabred_weather__gap_maxdiff,source::tabred_weather,pca_10,principal component analysis,joint_pca_10,pca_train_only_10,same_hyperparameters,1,False,1.82968171181484,1.802346895675659,1.7941261827455273,-1.9817741589893447,-0.4582014915780152,-1.5166234760225719,-1.5235726674113295,-0.027334816139181095,0,0,1
bag8,tabred_weather__gap_maxdiff,source::tabred_weather,pca_5,principal component analysis,joint_pca_5,pca_train_only_5,same_hyperparameters,1,False,1.817187922470293,1.7926475220524871,1.7941261827455273,-1.285402328250658,0.08241676127692263,-1.3689473315818572,-1.3678190895275806,-0.024540400417805808,0,0,1
bag8,tabred_weather__gap_maxdiff,source::tabred_weather,pca_var90,principal component analysis,joint_pca_var90,pca_train_only_var90,same_hyperparameters,1,False,1.8164729936704285,1.85840696893158,1.7941261827455273,-1.2455540273485213,-3.582846446601921,2.2564473746705733,2.3372924192534,0.04193397526115161,1,0,0
bag8,tabred_weather__gap_maxdiff,source::tabred_weather,pca_var95,principal component analysis,joint_pca_var95,pca_train_only_var95,same_hyperparameters,1,False,1.8169497097363985,1.861384227823828,1.7941261827455273,-1.2721249603494813,-3.748791234704384,2.3871760286364165,2.476666274354903,0.044434518087429486,1,0,0
bag8,tabred_weather__gap_maxdiff,source::tabred_weather,scaling_train_only,scaling,joint_scaling,train_only_scaling,closer_pair_but_cat_encoding_also_differs,1,False,1.8002002631151752,1.79674609177975,1.7941261827455273,-0.3385536885902237,-0.1460270219240377,-0.19224593565158402,-0.19252666666618604,-0.003454171335425249,0,0,1
bag8,tabred_weather__gap_maxdiff,source::tabred_weather,target_m10,target encoding,target_enc_ratio,target_enc_standard_m10,loose_regularization_sensitivity,1,False,1.7941261827455273,1.7941261827455273,1.7941261827455273,0.0,0.0,0.0,0.0,0.0,0,1,0
bag8,tabred_weather__gap_maxdiff,source::tabred_weather,target_m20,target encoding,target_enc_ratio,target_enc_standard_m20,loose_regularization_sensitivity,1,False,1.7941261827455273,1.7941261827455273,1.7941261827455273,0.0,0.0,0.0,0.0,0.0,0,1,0
bag8,tabred_weather__gap_maxdiff,source::tabred_weather,target_m5,target encoding,target_enc_ratio,target_enc_standard_m5,loose_regularization_sensitivity,1,False,1.7941261827455273,1.7941261827455273,1.7941261827455273,0.0,0.0,0.0,0.0,0.0,0,1,0
bag8,tabred_weather__gap_near,source::tabred_weather,frequency_combined,frequency encoding,joint_freq_combined,freq_enc_train_only,same_hyperparameters,1,False,1.6630001348379588,1.6630001348379588,1.6630001348379588,0.0,0.0,0.0,0.0,0.0,0,1,0
bag8,tabred_weather__gap_near,source::tabred_weather,groupby_combined,group-by aggregation,joint_groupby_combined,groupby_train_only,same_hyperparameters,1,False,1.6687616612173388,1.6695955370323805,1.6630001348379588,-0.3464537529903079,-0.3965966121262115,0.04994477983115933,0.050142859135903606,0.0008338758150416847,1,0,0
bag8,tabred_weather__gap_near,source::tabred_weather,pca_10,principal component analysis,joint_pca_10,pca_train_only_10,same_hyperparameters,1,False,1.6679631753511204,1.6656778581258689,1.6630001348379588,-0.29843897238439715,-0.16101762301847106,-0.1372004324907584,-0.13742134936592607,-0.002285317225251493,0,0,1
bag8,tabred_weather__gap_near,source::tabred_weather,pca_5,principal component analysis,joint_pca_5,pca_train_only_5,same_hyperparameters,1,False,1.6655047976293895,1.6620168514476168,1.6630001348379588,-0.15061109972037023,0.05912707820903743,-0.20986226335399225,-0.20973817792940766,-0.0034879461817727275,0,0,1
bag8,tabred_weather__gap_near,source::tabred_weather,pca_var90,principal component analysis,joint_pca_var90,pca_train_only_var90,same_hyperparameters,1,False,1.6797912565610338,1.671943092742107,1.6630001348379588,-1.0096885364781443,-0.5377605038510489,-0.4694037645776071,-0.47192803262709543,-0.007848163818926723,0,0,1
bag8,tabred_weather__gap_near,source::tabred_weather,pca_var95,principal component analysis,joint_pca_var95,pca_train_only_var95,same_hyperparameters,1,False,1.67140276647916,1.671002525775126,1.6630001348379588,-0.5052694503852152,-0.48120206183548464,-0.023952130404371157,-0.024067388549730513,-0.0004002407040339939,0,0,1
bag8,tabred_weather__gap_near,source::tabred_weather,scaling_train_only,scaling,joint_scaling,train_only_scaling,closer_pair_but_cat_encoding_also_differs,1,False,1.6616123411097716,1.667886271883152,1.6630001348379588,0.08345120960091976,-0.29381459104146374,0.3761605859551004,0.3772658006423835,0.006273930773380343,1,0,0
bag8,tabred_weather__gap_near,source::tabred_weather,target_m10,target encoding,target_enc_ratio,target_enc_standard_m10,loose_regularization_sensitivity,1,False,1.6630001348379588,1.6630001348379588,1.6630001348379588,0.0,0.0,0.0,0.0,0.0,0,1,0
bag8,tabred_weather__gap_near,source::tabred_weather,target_m20,target encoding,target_enc_ratio,target_enc_standard_m20,loose_regularization_sensitivity,1,False,1.6630001348379588,1.6630001348379588,1.6630001348379588,0.0,0.0,0.0,0.0,0.0,0,1,0
bag8,tabred_weather__gap_near,source::tabred_weather,target_m5,target encoding,target_enc_ratio,target_enc_standard_m5,loose_regularization_sensitivity,1,False,1.6630001348379588,1.6630001348379588,1.6630001348379588,0.0,0.0,0.0,0.0,0.0,0,1,0
bag8,taiwanese_bankruptcy_prediction,source::taiwanese_bankruptcy_prediction,frequency_combined,frequency encoding,joint_freq_combined,freq_enc_train_only,same_hyperparameters,3,False,0.06392489016533567,0.06392489016533567,0.06392489016533567,0.0,0.0,0.0,0.0,0.0,0,3,0
bag8,taiwanese_bankruptcy_prediction,source::taiwanese_bankruptcy_prediction,groupby_combined,group-by aggregation,joint_groupby_combined,groupby_train_only,same_hyperparameters,3,False,0.06392489016533567,0.06392489016533567,0.06392489016533567,0.0,0.0,0.0,0.0,0.0,0,3,0
bag8,taiwanese_bankruptcy_prediction,source::taiwanese_bankruptcy_prediction,pca_10,principal component analysis,joint_pca_10,pca_train_only_10,same_hyperparameters,3,False,0.06635029017114276,0.0639610689386427,0.06392489016533567,-3.7941402785894787,-0.056595753568687214,-3.7354304300198877,-3.7375445250207915,-0.002389221232500058,0,0,3
bag8,taiwanese_bankruptcy_prediction,source::taiwanese_bankruptcy_prediction,pca_5,principal component analysis,joint_pca_5,pca_train_only_5,same_hyperparameters,3,False,0.06435362306626953,0.06427702819664914,0.06392489016533567,-0.670682264490372,-0.5508621608933483,-0.11916367599642988,-0.11982010359702376,-7.659486962038886e-05,1,0,2
bag8,taiwanese_bankruptcy_prediction,source::taiwanese_bankruptcy_prediction,pca_var90,principal component analysis,joint_pca_var90,pca_train_only_var90,same_hyperparameters,3,False,0.0667253399272779,0.06774492130539704,0.06392489016533567,-4.380844072941119,-5.975811816306948,1.5050299837574859,1.5949677433658282,0.0010195813781191387,2,0,1
bag8,taiwanese_bankruptcy_prediction,source::taiwanese_bankruptcy_prediction,pca_var95,principal component analysis,joint_pca_var95,pca_train_only_var95,same_hyperparameters,3,False,0.067805078914752,0.0656569902153822,0.06392489016533567,-6.069918523724619,-2.7095862747149195,-3.271683170859921,-3.3603322490096996,-0.0021480886993698045,2,0,1
bag8,taiwanese_bankruptcy_prediction,source::taiwanese_bankruptcy_prediction,scaling_train_only,scaling,joint_scaling,train_only_scaling,closer_pair_but_cat_encoding_also_differs,3,False,0.06276746362348773,0.0684034736487595,0.06392489016533567,1.8106038803576674,-7.00600888298813,8.239362308136199,8.816612763345796,0.005636010025271768,3,0,0
bag8,taiwanese_bankruptcy_prediction,source::taiwanese_bankruptcy_prediction,target_m10,target encoding,target_enc_ratio,target_enc_standard_m10,loose_regularization_sensitivity,3,False,0.06392489016533567,0.06392489016533567,0.06392489016533567,0.0,0.0,0.0,0.0,0.0,0,3,0
bag8,taiwanese_bankruptcy_prediction,source::taiwanese_bankruptcy_prediction,target_m20,target encoding,target_enc_ratio,target_enc_standard_m20,loose_regularization_sensitivity,3,False,0.06392489016533567,0.06392489016533567,0.06392489016533567,0.0,0.0,0.0,0.0,0.0,0,3,0
bag8,taiwanese_bankruptcy_prediction,source::taiwanese_bankruptcy_prediction,target_m5,target encoding,target_enc_ratio,target_enc_standard_m5,loose_regularization_sensitivity,3,False,0.06392489016533567,0.06392489016533567,0.06392489016533567,0.0,0.0,0.0,0.0,0.0,0,3,0
bag8,tschalzev_mbgm,source::tschalzev_mbgm,frequency_combined,frequency encoding,joint_freq_combined,freq_enc_train_only,same_hyperparameters,1,False,8.065323931772042,8.057112816414396,8.085359966984036,0.2478063474453831,0.34936169428430885,-0.10191138618436811,-0.10155534683892577,-0.008211115357646293,0,0,1
bag8,tschalzev_mbgm,source::tschalzev_mbgm,groupby_combined,group-by aggregation,joint_groupby_combined,groupby_train_only,same_hyperparameters,1,False,8.08705446331091,8.065577688885769,8.085359966984036,-0.020957586722085496,0.24466787105393853,-0.26627695192540723,-0.26562545777602403,-0.021476774425140732,0,0,1
bag8,tschalzev_mbgm,source::tschalzev_mbgm,pca_10,principal component analysis,joint_pca_10,pca_train_only_10,same_hyperparameters,1,False,8.120132213077863,8.082725714810975,8.085359966984036,-0.4300642919525701,0.032580518168867444,-0.46279559132315334,-0.46264481012143754,-0.03740649826688802,0,0,1
bag8,tschalzev_mbgm,source::tschalzev_mbgm,pca_5,principal component analysis,joint_pca_5,pca_train_only_5,same_hyperparameters,1,False,8.11293615375751,8.092300175853284,8.085359966984036,-0.3410631918192666,-0.08583673327578765,-0.255007568377178,-0.255226458543479,-0.020635977904225555,0,0,1
bag8,tschalzev_mbgm,source::tschalzev_mbgm,pca_var90,principal component analysis,joint_pca_var90,pca_train_only_var90,same_hyperparameters,1,False,8.182015216387073,8.103791331973333,8.085359966984036,-1.1954353275268081,-0.22795973295635813,-0.96527515590276,-0.9674755945704501,-0.07822388441373995,0,0,1
bag8,tschalzev_mbgm,source::tschalzev_mbgm,pca_var95,principal component analysis,joint_pca_var95,pca_train_only_var95,same_hyperparameters,1,False,8.176181744569124,8.082215355766218,8.085359966984036,-1.123286754775939,0.03889265574642538,-1.1626315888238048,-1.1621794105223644,-0.09396638880290631,0,0,1
bag8,tschalzev_mbgm,source::tschalzev_mbgm,scaling_train_only,scaling,joint_scaling,train_only_scaling,closer_pair_but_cat_encoding_also_differs,1,False,8.085359966984036,8.085359966984036,8.085359966984036,0.0,0.0,0.0,0.0,0.0,0,1,0
bag8,tschalzev_mbgm,source::tschalzev_mbgm,target_m10,target encoding,target_enc_ratio,target_enc_standard_m10,loose_regularization_sensitivity,1,False,8.148433096817476,8.074604946966351,8.085359966984036,-0.7800905598636756,0.13301844397283774,-0.9143252250236911,-0.9131090038365134,-0.07382814985112418,0,0,1
bag8,tschalzev_mbgm,source::tschalzev_mbgm,target_m20,target encoding,target_enc_ratio,target_enc_standard_m20,loose_regularization_sensitivity,1,False,8.148433096817476,8.117255402727093,8.085359966984036,-0.7800905598636756,-0.39448380620403967,-0.3840915745968573,-0.385606753659636,-0.031177694090382957,0,0,1
bag8,tschalzev_mbgm,source::tschalzev_mbgm,target_m5,target encoding,target_enc_ratio,target_enc_standard_m5,loose_regularization_sensitivity,1,False,8.148433096817476,8.086049797400177,8.085359966984036,-0.7800905598636756,-0.008531845446059927,-0.7714928918364569,-0.7715587144176157,-0.06238329941729859,0,0,1
bag8,tschalzev_ogpcc,source::tschalzev_ogpcc,frequency_combined,frequency encoding,joint_freq_combined,freq_enc_train_only,same_hyperparameters,1,False,0.0215218629516583,0.0215218443612823,0.0215218443612823,-8.637910249210086e-05,0.0,-8.637910249210086e-05,-8.637910249210086e-05,-1.8590375999022468e-08,0,0,1
bag8,tschalzev_ogpcc,source::tschalzev_ogpcc,groupby_combined,group-by aggregation,joint_groupby_combined,groupby_train_only,same_hyperparameters,1,False,0.0232513231280377,0.023212255858532,0.0215218443612823,-8.03592265478289,-7.854398855753932,-0.16830449286702798,-0.1815237990289583,-3.9067269505699276e-05,0,0,1
bag8,tschalzev_ogpcc,source::tschalzev_ogpcc,pca_10,principal component analysis,joint_pca_10,pca_train_only_10,same_hyperparameters,1,False,0.0217893101486273,0.0217285092465587,0.0215218443612823,-1.2427642485240225,-0.9602563879152882,-0.2798208628980361,-0.2825078606087342,-6.0800902068600116e-05,0,0,1
bag8,tschalzev_ogpcc,source::tschalzev_ogpcc,pca_5,principal component analysis,joint_pca_5,pca_train_only_5,same_hyperparameters,1,False,0.0219020037318835,0.021948599654064,0.0215218443612823,-1.7663884387395044,-1.9828936852151477,0.21229564944873786,0.21650524647564337,4.65959221804986e-05,1,0,0
bag8,tschalzev_ogpcc,source::tschalzev_ogpcc,pca_var90,principal component analysis,joint_pca_var90,pca_train_only_var90,same_hyperparameters,1,False,0.0224278706934919,0.0227092829795095,0.0215218443612823,-4.209798737507528,-5.517364582207435,1.239194941872526,1.307565844699907,0.0002814122860176002,1,0,0
bag8,tschalzev_ogpcc,source::tschalzev_ogpcc,pca_var95,principal component analysis,joint_pca_var95,pca_train_only_var95,same_hyperparameters,1,False,0.0224777844588055,0.022852834875642,0.0215218443612823,-4.4417201494260965,-6.184370131187007,1.6411548889991332,1.742649981760911,0.00037505041683649765,1,0,0
bag8,tschalzev_ogpcc,source::tschalzev_ogpcc,scaling_train_only,scaling,joint_scaling,train_only_scaling,closer_pair_but_cat_encoding_also_differs,1,False,0.0215461258439721,0.0215461258439721,0.0215218443612823,-0.11282249923468979,-0.11282249923468979,0.0,0.0,0.0,0,1,0
bag8,tschalzev_ogpcc,source::tschalzev_ogpcc,target_m10,target encoding,target_enc_ratio,target_enc_standard_m10,loose_regularization_sensitivity,1,False,0.0215218443612823,0.0215218629516583,0.0215218443612823,0.0,-8.637910249210086e-05,8.637902787867183e-05,8.637910249210086e-05,1.8590375999022468e-08,1,0,0
bag8,tschalzev_ogpcc,source::tschalzev_ogpcc,target_m20,target encoding,target_enc_ratio,target_enc_standard_m20,loose_regularization_sensitivity,1,False,0.0215218443612823,0.0215218443612823,0.0215218443612823,0.0,0.0,0.0,0.0,0.0,0,1,0
bag8,tschalzev_ogpcc,source::tschalzev_ogpcc,target_m5,target encoding,target_enc_ratio,target_enc_standard_m5,loose_regularization_sensitivity,1,False,0.0215218443612823,0.0215218629516583,0.0215218443612823,0.0,-8.637910249210086e-05,8.637902787867183e-05,8.637910249210086e-05,1.8590375999022468e-08,1,0,0
bag8,tschalzev_sctp,source::tschalzev_sctp,frequency_combined,frequency encoding,joint_freq_combined,freq_enc_train_only,same_hyperparameters,1,False,0.1051087392387699,0.1051087392387699,0.1051087392387699,0.0,0.0,0.0,0.0,0.0,0,1,0
bag8,tschalzev_sctp,source::tschalzev_sctp,groupby_combined,group-by aggregation,joint_groupby_combined,groupby_train_only,same_hyperparameters,1,False,0.1051087392387699,0.1051087392387699,0.1051087392387699,0.0,0.0,0.0,0.0,0.0,0,1,0
bag8,tschalzev_sctp,source::tschalzev_sctp,pca_10,principal component analysis,joint_pca_10,pca_train_only_10,same_hyperparameters,1,False,0.10840868268441,0.1080852754017572,0.1051087392387699,-3.1395519245490986,-2.831863634312717,-0.29921493140547617,-0.3076882902363816,-0.00032340728265278784,0,0,1
bag8,tschalzev_sctp,source::tschalzev_sctp,pca_5,principal component analysis,joint_pca_5,pca_train_only_5,same_hyperparameters,1,False,0.1081331461093642,0.1081197714871999,0.1051087392387699,-2.8774076185272426,-2.8646830608347367,-0.012370190928387356,-0.012724557692505785,-1.337462216430274e-05,0,0,1
bag8,tschalzev_sctp,source::tschalzev_sctp,pca_var90,principal component analysis,joint_pca_var90,pca_train_only_var90,same_hyperparameters,1,False,0.1094282582363336,0.109374154795782,0.1051087392387699,-4.109571695795234,-4.0580979164088165,-0.049466385045560474,-0.05147377938641713,-5.410344055160887e-05,0,0,1
bag8,tschalzev_sctp,source::tschalzev_sctp,pca_var95,principal component analysis,joint_pca_var95,pca_train_only_var95,same_hyperparameters,1,False,0.1098706336300708,0.1090465508754173,0.1051087392387699,-4.5304457324747816,-3.746416963200448,-0.7557164789145768,-0.7840287692743336,-0.0008240827546534962,0,0,1
bag8,tschalzev_sctp,source::tschalzev_sctp,scaling_train_only,scaling,joint_scaling,train_only_scaling,closer_pair_but_cat_encoding_also_differs,1,False,0.1053351744612125,0.1050856300764108,0.1051087392387699,-0.21542949147950702,0.021985957139691117,-0.23746765815674112,-0.23741544861919814,-0.0002495443848017087,0,0,1
bag8,tschalzev_sctp,source::tschalzev_sctp,target_m10,target encoding,target_enc_ratio,target_enc_standard_m10,loose_regularization_sensitivity,1,False,0.1051087392387699,0.1051087392387699,0.1051087392387699,0.0,0.0,0.0,0.0,0.0,0,1,0
bag8,tschalzev_sctp,source::tschalzev_sctp,target_m20,target encoding,target_enc_ratio,target_enc_standard_m20,loose_regularization_sensitivity,1,False,0.1051087392387699,0.1051087392387699,0.1051087392387699,0.0,0.0,0.0,0.0,0.0,0,1,0
bag8,tschalzev_sctp,source::tschalzev_sctp,target_m5,target encoding,target_enc_ratio,target_enc_standard_m5,loose_regularization_sensitivity,1,False,0.1051087392387699,0.1051087392387699,0.1051087392387699,0.0,0.0,0.0,0.0,0.0,0,1,0
bag8,website_phishing,source::website_phishing,frequency_combined,frequency encoding,joint_freq_combined,freq_enc_train_only,same_hyperparameters,3,False,0.02194171919125303,0.02188140347877343,0.0217334983646367,-0.9580640130865105,-0.6805398360412741,-0.27564828068779307,-0.2775241770452364,-6.031571247959791e-05,1,0,2
bag8,website_phishing,source::website_phishing,groupby_combined,group-by aggregation,joint_groupby_combined,groupby_train_only,same_hyperparameters,3,False,0.0217334983646367,0.0217334983646367,0.0217334983646367,0.0,0.0,0.0,0.0,0.0,0,3,0
bag8,website_phishing,source::website_phishing,pca_10,principal component analysis,joint_pca_10,pca_train_only_10,same_hyperparameters,3,False,0.0217334983646367,0.0217334983646367,0.0217334983646367,0.0,0.0,0.0,0.0,0.0,0,3,0
bag8,website_phishing,source::website_phishing,pca_5,principal component analysis,joint_pca_5,pca_train_only_5,same_hyperparameters,3,False,0.0217334983646367,0.0217334983646367,0.0217334983646367,0.0,0.0,0.0,0.0,0.0,0,3,0
bag8,website_phishing,source::website_phishing,pca_var90,principal component analysis,joint_pca_var90,pca_train_only_var90,same_hyperparameters,3,False,0.0217334983646367,0.0217334983646367,0.0217334983646367,0.0,0.0,0.0,0.0,0.0,0,3,0
bag8,website_phishing,source::website_phishing,pca_var95,principal component analysis,joint_pca_var95,pca_train_only_var95,same_hyperparameters,3,False,0.0217334983646367,0.0217334983646367,0.0217334983646367,0.0,0.0,0.0,0.0,0.0,0,3,0
bag8,website_phishing,source::website_phishing,scaling_train_only,scaling,joint_scaling,train_only_scaling,closer_pair_but_cat_encoding_also_differs,3,False,0.0217334983646367,0.0217334983646367,0.0217334983646367,0.0,0.0,0.0,0.0,0.0,0,3,0
bag8,website_phishing,source::website_phishing,target_m10,target encoding,target_enc_ratio,target_enc_standard_m10,loose_regularization_sensitivity,3,False,0.021734003461818103,0.021734003461818103,0.0217334983646367,-0.002324049138011821,-0.002324049138011821,0.0,0.0,0.0,0,3,0
bag8,website_phishing,source::website_phishing,target_m20,target encoding,target_enc_ratio,target_enc_standard_m20,loose_regularization_sensitivity,3,False,0.021734003461818103,0.021734003461818103,0.0217334983646367,-0.002324049138011821,-0.002324049138011821,0.0,0.0,0.0,0,3,0
bag8,website_phishing,source::website_phishing,target_m5,target encoding,target_enc_ratio,target_enc_standard_m5,loose_regularization_sensitivity,3,False,0.021734003461818103,0.021734003461818103,0.0217334983646367,-0.002324049138011821,-0.002324049138011821,0.0,0.0,0.0,0,3,0
bag8,wine_quality,source::wine_quality,frequency_combined,frequency encoding,joint_freq_combined,freq_enc_train_only,same_hyperparameters,3,False,0.17220874309318732,0.17220874309318732,0.17220874309318732,0.0,0.0,0.0,0.0,0.0,0,3,0
bag8,wine_quality,source::wine_quality,groupby_combined,group-by aggregation,joint_groupby_combined,groupby_train_only,same_hyperparameters,3,False,0.17220874309318732,0.17220874309318732,0.17220874309318732,0.0,0.0,0.0,0.0,0.0,0,3,0
bag8,wine_quality,source::wine_quality,pca_10,principal component analysis,joint_pca_10,pca_train_only_10,same_hyperparameters,3,False,0.21199429589865929,0.1733327205779236,0.17220874309318732,-23.103096910673585,-0.6526831707540303,-22.304833843160594,-22.450413739919554,-0.03866157532073569,1,0,2
bag8,wine_quality,source::wine_quality,pca_5,principal component analysis,joint_pca_5,pca_train_only_5,same_hyperparameters,3,False,0.1815118690370754,0.1964748673364469,0.17220874309318732,-5.402237875259257,-14.091110478710394,7.615731468467473,8.688872603451138,0.014962998299371505,1,0,2
bag8,wine_quality,source::wine_quality,pca_var90,principal component analysis,joint_pca_var90,pca_train_only_var90,same_hyperparameters,3,False,0.1970832940981335,0.18829057790997136,0.17220874309318732,-14.444418185832651,-9.33857046275617,-4.669758989409577,-5.10584772307648,-0.00879271618816213,1,0,2
bag8,wine_quality,source::wine_quality,pca_var95,principal component analysis,joint_pca_var95,pca_train_only_var95,same_hyperparameters,3,False,0.21154092956056128,0.1804975155433273,0.17220874309318732,-22.83983133544511,-4.813212326655608,-17.198804052115722,-18.026619008789503,-0.031043414017233983,0,0,3
bag8,wine_quality,source::wine_quality,scaling_train_only,scaling,joint_scaling,train_only_scaling,closer_pair_but_cat_encoding_also_differs,3,False,0.17132954253897092,0.17731257339356546,0.17220874309318732,0.5105435057618589,-2.96374632826645,3.3742845981455107,3.474289834028309,0.005983030854594534,3,0,0
bag8,wine_quality,source::wine_quality,target_m10,target encoding,target_enc_ratio,target_enc_standard_m10,loose_regularization_sensitivity,3,False,0.17220874309318732,0.17220874309318732,0.17220874309318732,0.0,0.0,0.0,0.0,0.0,0,3,0
bag8,wine_quality,source::wine_quality,target_m20,target encoding,target_enc_ratio,target_enc_standard_m20,loose_regularization_sensitivity,3,False,0.17220874309318732,0.17220874309318732,0.17220874309318732,0.0,0.0,0.0,0.0,0.0,0,3,0
bag8,wine_quality,source::wine_quality,target_m5,target encoding,target_enc_ratio,target_enc_standard_m5,loose_regularization_sensitivity,3,False,0.17220874309318732,0.17220874309318732,0.17220874309318732,0.0,0.0,0.0,0.0,0.0,0,3,0
tabicl,Amazon_employee_access,source::Amazon_employee_access,frequency_combined,frequency encoding,joint_freq_combined,freq_enc_train_only,same_hyperparameters,3,False,0.13731600588882006,0.141654717384728,0.15191693415385168,9.611126202852896,6.755149994490251,3.0628782267266104,2.8559762083626445,0.004338711495907949,3,0,0
tabicl,Amazon_employee_access,source::Amazon_employee_access,groupby_combined,group-by aggregation,joint_groupby_combined,groupby_train_only,same_hyperparameters,3,False,0.1519169598554474,0.15191693415385168,0.15191693415385168,-1.6918190099052805e-05,0.0,-1.6918190099052805e-05,-1.6918190099052805e-05,-2.5701595712801506e-08,1,1,1
tabicl,Amazon_employee_access,source::Amazon_employee_access,pca_10,principal component analysis,joint_pca_10,pca_train_only_10,same_hyperparameters,3,False,0.15191693415385168,0.15191688290264574,0.15191693415385168,0.0,3.3736335077656285e-05,-3.373634645906317e-05,-3.3736335077656285e-05,-5.125120594584587e-08,0,2,1
tabicl,Amazon_employee_access,source::Amazon_employee_access,pca_5,principal component analysis,joint_pca_5,pca_train_only_5,same_hyperparameters,3,False,0.15191706228186655,0.15191693415385168,0.15191693415385168,-8.434083769414072e-05,0.0,-8.434083769414072e-05,-8.434083769414072e-05,-1.2812801486461467e-07,0,2,1
tabicl,Amazon_employee_access,source::Amazon_employee_access,pca_var90,principal component analysis,joint_pca_var90,pca_train_only_var90,same_hyperparameters,3,False,0.15191701103066063,0.15191685727704282,0.15191693415385168,-5.060450263475466e-05,5.060450257994396e-05,-0.0001012090564310382,-0.00010120900521469863,-1.5375361780978203e-07,0,2,1
tabicl,Amazon_employee_access,source::Amazon_employee_access,pca_var95,principal component analysis,joint_pca_var95,pca_train_only_var95,same_hyperparameters,3,False,0.15191688290264574,0.15191693415385168,0.15191693415385168,3.3736335077656285e-05,0.0,3.3736335077656285e-05,3.3736335077656285e-05,5.125120594584587e-08,1,2,0
tabicl,Amazon_employee_access,source::Amazon_employee_access,scaling_train_only,scaling,joint_scaling,train_only_scaling,closer_pair_but_cat_encoding_also_differs,3,False,0.1519168062158187,0.1519168062158187,0.15191693415385168,8.421578126617371e-05,8.421578126617371e-05,0.0,0.0,0.0,0,3,0
tabicl,Amazon_employee_access,source::Amazon_employee_access,target_m10,target encoding,target_enc_ratio,target_enc_standard_m10,loose_regularization_sensitivity,3,False,0.16110894998243866,0.1721493549242709,0.15191693415385168,-6.050685448455597,-13.31808128113559,6.413271166011015,7.267395832679993,0.011040404941832227,3,0,0
tabicl,Amazon_employee_access,source::Amazon_employee_access,target_m20,target encoding,target_enc_ratio,target_enc_standard_m20,loose_regularization_sensitivity,3,False,0.16110894998243866,0.17564652262102107,0.15191693415385168,-6.050685448455597,-15.620107527405459,8.276607143512317,9.569422078949863,0.014537572638582408,3,0,0
tabicl,Amazon_employee_access,source::Amazon_employee_access,target_m5,target encoding,target_enc_ratio,target_enc_standard_m5,loose_regularization_sensitivity,3,False,0.16110894998243866,0.1738157252683267,0.15191693415385168,-6.050685448455597,-14.414976998085894,7.310486589330195,8.364291549630297,0.012706775285888039,3,0,0
tabicl,Another-Dataset-on-used-Fiat-500,source::Another-Dataset-on-used-Fiat-500,frequency_combined,frequency encoding,joint_freq_combined,freq_enc_train_only,same_hyperparameters,3,False,710.9237623007606,710.9379402818449,713.1740191287946,0.3155270337501798,0.3135390223106066,0.0019942642361615707,0.0019880114395732194,0.014177981084344538,3,0,0
tabicl,Another-Dataset-on-used-Fiat-500,source::Another-Dataset-on-used-Fiat-500,groupby_combined,group-by aggregation,joint_groupby_combined,groupby_train_only,same_hyperparameters,3,False,710.9811230148601,710.1243467520334,713.1740191287946,0.30748401583855844,0.4276196685469112,-0.12065158260598911,-0.12013565270835277,-0.8567762628267701,1,0,2
tabicl,Another-Dataset-on-used-Fiat-500,source::Another-Dataset-on-used-Fiat-500,pca_10,principal component analysis,joint_pca_10,pca_train_only_10,same_hyperparameters,3,False,723.9818851433125,724.3352317340535,713.1740191287946,-1.515459863179071,-1.565005497381037,0.048782190242921436,0.04954563420196603,0.3533465907410118,2,0,1
tabicl,Another-Dataset-on-used-Fiat-500,source::Another-Dataset-on-used-Fiat-500,pca_5,principal component analysis,joint_pca_5,pca_train_only_5,same_hyperparameters,3,False,725.437388018492,725.0856750492194,713.1740191287946,-1.7195479028636234,-1.67023133217555,-0.04850640157092487,-0.04931657068807335,-0.35171296927262574,1,0,2
tabicl,Another-Dataset-on-used-Fiat-500,source::Another-Dataset-on-used-Fiat-500,pca_var90,principal component analysis,joint_pca_var90,pca_train_only_var90,same_hyperparameters,3,False,728.035252323637,725.7513543351542,713.1740191287946,-2.0838158424498836,-1.7635717046624844,-0.3146942785349648,-0.3202441377873992,-2.2838979884827495,1,0,2
tabicl,Another-Dataset-on-used-Fiat-500,source::Another-Dataset-on-used-Fiat-500,pca_var95,principal component analysis,joint_pca_var95,pca_train_only_var95,same_hyperparameters,3,False,725.437278152924,725.0860007450361,713.1740191287946,-1.7195324977079327,-1.670277000667111,-0.04844630947597243,-0.04925549704082161,-0.35127740788789197,1,0,2
tabicl,Another-Dataset-on-used-Fiat-500,source::Another-Dataset-on-used-Fiat-500,scaling_train_only,scaling,joint_scaling,train_only_scaling,closer_pair_but_cat_encoding_also_differs,3,False,713.1739552994135,713.1739865854053,713.1740191287946,8.950042965873408e-06,4.563176515034545e-06,4.386866651019333e-06,4.3868664508388645e-06,3.1285991781260236e-05,2,0,1
tabicl,Another-Dataset-on-used-Fiat-500,source::Another-Dataset-on-used-Fiat-500,target_m10,target encoding,target_enc_ratio,target_enc_standard_m10,loose_regularization_sensitivity,3,False,710.9006688166278,710.8965475668043,713.1740191287946,0.3187651612637159,0.31934303562718536,-0.0005797256770448264,-0.0005778743634694412,-0.004121249823469952,0,0,3
tabicl,Another-Dataset-on-used-Fiat-500,source::Another-Dataset-on-used-Fiat-500,target_m20,target encoding,target_enc_ratio,target_enc_standard_m20,loose_regularization_sensitivity,3,False,710.9006688166278,710.8650427992178,713.1740191287946,0.3187651612637159,0.3237605784346193,-0.005011642894929088,-0.004995417170903387,-0.035626017409981614,1,0,2
tabicl,Another-Dataset-on-used-Fiat-500,source::Another-Dataset-on-used-Fiat-500,target_m5,target encoding,target_enc_ratio,target_enc_standard_m5,loose_regularization_sensitivity,3,False,710.9006688166278,710.9188490818354,713.1740191287946,0.3187651612637159,0.3162159566208056,0.002557291205760178,0.0025492046429103038,0.01818026520766125,2,0,1
tabicl,Bank_Customer_Churn,source::Bank_Customer_Churn,frequency_combined,frequency encoding,joint_freq_combined,freq_enc_train_only,same_hyperparameters,3,False,0.12740318390880814,0.12766907709038255,0.1261516035655104,-0.9921240062935935,-1.202896738513627,0.20826748938286282,0.2107727322200335,0.00026589318157441144,2,0,1
tabicl,Bank_Customer_Churn,source::Bank_Customer_Churn,groupby_combined,group-by aggregation,joint_groupby_combined,groupby_train_only,same_hyperparameters,3,False,0.12796115727584756,0.12825010393019845,0.1261516035655104,-1.4344278306359144,-1.6634749819872974,0.2252993529799817,0.22904715135138293,0.0002889466543508912,2,0,1
tabicl,Bank_Customer_Churn,source::Bank_Customer_Churn,pca_10,principal component analysis,joint_pca_10,pca_train_only_10,same_hyperparameters,3,False,0.13125813767012084,0.1312821322054745,0.1261516035655104,-4.04793435856615,-4.066954755196455,0.018277076210260642,0.019020396630304717,2.3994535353649704e-05,1,0,2
tabicl,Bank_Customer_Churn,source::Bank_Customer_Churn,pca_5,principal component analysis,joint_pca_5,pca_train_only_5,same_hyperparameters,3,False,0.1305955097144972,0.13020737008315517,0.1261516035655104,-3.522671153901825,-3.2149940254533678,-0.2980934420948397,-0.30767712844845707,-0.00038813963134204377,1,0,2
tabicl,Bank_Customer_Churn,source::Bank_Customer_Churn,pca_var90,principal component analysis,joint_pca_var90,pca_train_only_var90,same_hyperparameters,3,False,0.13125878507519184,0.1312822246919132,0.1261516035655104,-4.048447554635561,-4.067028068920647,0.017854371965710974,0.018580514285085937,2.343961672135464e-05,1,0,2
tabicl,Bank_Customer_Churn,source::Bank_Customer_Churn,pca_var95,principal component analysis,joint_pca_var95,pca_train_only_var95,same_hyperparameters,3,False,0.13125869258875314,0.13128222469191317,0.1261516035655104,-4.048374240911368,-4.067028068920624,0.017924820527114665,0.018653828009256065,2.353210316002885e-05,1,0,2
tabicl,Bank_Customer_Churn,source::Bank_Customer_Churn,scaling_train_only,scaling,joint_scaling,train_only_scaling,closer_pair_but_cat_encoding_also_differs,3,False,0.12615114116815163,0.12615021630376458,0.1261516035655104,0.00036654100756120054,0.0010996782495044932,-0.00073314530418274,-0.0007331372419432927,-9.248643870474194e-07,0,1,2
tabicl,Bank_Customer_Churn,source::Bank_Customer_Churn,target_m10,target encoding,target_enc_ratio,target_enc_standard_m10,loose_regularization_sensitivity,3,False,0.1259820978344484,0.1259828376562885,0.1261516035655104,0.1343666875974183,0.13378023303068015,0.0005872401780167435,0.0005864545667381429,7.398218401233336e-07,3,0,0
tabicl,Bank_Customer_Churn,source::Bank_Customer_Churn,target_m20,target encoding,target_enc_ratio,target_enc_standard_m20,loose_regularization_sensitivity,3,False,0.1259820978344484,0.12598108017010912,0.1261516035655104,0.1343666875974183,0.13517338708478677,-0.0008077914063730513,-0.000806699487368477,-1.0176643392700857e-06,2,0,1
tabicl,Bank_Customer_Churn,source::Bank_Customer_Churn,target_m5,target encoding,target_enc_ratio,target_enc_standard_m5,loose_regularization_sensitivity,3,False,0.1259820978344484,0.12598376203298817,0.1261516035655104,0.1343666875974183,0.13304748237707714,0.0013209627279938824,0.001319205220341147,1.6641985397802816e-06,2,0,1
tabicl,E-CommereShippingData,source::E-CommereShippingData,frequency_combined,frequency encoding,joint_freq_combined,freq_enc_train_only,same_hyperparameters,3,False,0.2559236582731899,0.25472060757676257,0.25434487065501615,-0.6207271308864604,-0.14772734389287226,-0.47230206769383287,-0.4729997869935881,-0.0012030506964273435,0,0,3
tabicl,E-CommereShippingData,source::E-CommereShippingData,groupby_combined,group-by aggregation,joint_groupby_combined,groupby_train_only,same_hyperparameters,3,False,0.25778504625160753,0.25876748318520365,0.25434487065501615,-1.3525633867637545,-1.738825130932624,0.3796601186142758,0.3862617441688694,0.0009824369335961203,1,0,2
tabicl,E-CommereShippingData,source::E-CommereShippingData,pca_10,principal component analysis,joint_pca_10,pca_train_only_10,same_hyperparameters,3,False,0.2552660176048211,0.2546529485492666,0.25434487065501615,-0.3621645474637269,-0.12112604962587764,-0.24074689063962035,-0.24103849783784925,-0.0006130690555544716,1,0,2
tabicl,E-CommereShippingData,source::E-CommereShippingData,pca_5,principal component analysis,joint_pca_5,pca_train_only_5,same_hyperparameters,3,False,0.2533269063582131,0.25373296662363964,0.25434487065501615,0.40022992961544446,0.24058044882158156,0.16003449249417473,0.1596494807938629,0.0004060602654265555,2,0,1
tabicl,E-CommereShippingData,source::E-CommereShippingData,pca_var90,principal component analysis,joint_pca_var90,pca_train_only_var90,same_hyperparameters,3,False,0.253327060681944,0.25373301815027594,0.25434487065501615,0.40016925462305797,0.2405601902505483,0.15999394611367004,0.15960906437250966,0.00040595746833194113,2,0,1
tabicl,E-CommereShippingData,source::E-CommereShippingData,pca_var95,principal component analysis,joint_pca_var95,pca_train_only_var95,same_hyperparameters,3,False,0.2552662751899473,0.25465387579322407,0.25434487065501615,-0.36226582142516567,-0.12149061131531187,-0.240483045787417,-0.2407752101098538,-0.0006123993967232511,1,0,2
tabicl,E-CommereShippingData,source::E-CommereShippingData,scaling_train_only,scaling,joint_scaling,train_only_scaling,closer_pair_but_cat_encoding_also_differs,3,False,0.2543445615781,0.2543438916066066,0.25434487065501615,0.00012151883203927047,0.00038492948847163554,-0.0002634116703815604,-0.00026341065643236506,-6.699714933944279e-07,1,0,2
tabicl,E-CommereShippingData,source::E-CommereShippingData,target_m10,target encoding,target_enc_ratio,target_enc_standard_m10,loose_regularization_sensitivity,3,False,0.2564925393435206,0.25648712874108587,0.25434487065501615,-0.84439237283361,-0.8422651027137849,-0.0021095025162896266,-0.0021272701198252033,-5.410602434752221e-06,0,0,3
tabicl,E-CommereShippingData,source::E-CommereShippingData,target_m20,target encoding,target_enc_ratio,target_enc_standard_m20,loose_regularization_sensitivity,3,False,0.2564925393435206,0.2564903717411034,0.25434487065501615,-0.84439237283361,-0.8435401431772217,-0.0008451008911213698,-0.000852229656388327,-2.167602417224579e-06,1,0,2
tabicl,E-CommereShippingData,source::E-CommereShippingData,target_m5,target encoding,target_enc_ratio,target_enc_standard_m5,loose_regularization_sensitivity,3,False,0.2564925393435206,0.25649367240317417,0.25434487065501615,-0.84439237283361,-0.8448378544549332,0.0004417495538702239,0.00044548162132320535,1.1330596535463755e-06,2,0,1
tabicl,Fitness_Club,source::Fitness_Club,frequency_combined,frequency encoding,joint_freq_combined,freq_enc_train_only,same_hyperparameters,3,False,0.1779066260373335,0.1778373547403401,0.17813713182503257,0.12939794490767306,0.1682844455960587,-0.03895205093134375,-0.03888650068838564,-6.927129699341172e-05,1,0,2
tabicl,Fitness_Club,source::Fitness_Club,groupby_combined,group-by aggregation,joint_groupby_combined,groupby_train_only,same_hyperparameters,3,False,0.1798161625599369,0.17933626952035361,0.17813713182503257,-0.9425495502832528,-0.6731542621326364,-0.2675939679501502,-0.26939528815061653,-0.0004798930395832901,0,0,3
tabicl,Fitness_Club,source::Fitness_Club,pca_10,principal component analysis,joint_pca_10,pca_train_only_10,same_hyperparameters,3,False,0.17771823542126822,0.1785075229550486,0.17813713182503257,0.23515389490822156,-0.20792471857008674,0.44215925509152765,0.4430786134783083,0.0007892875337803806,2,0,1
tabicl,Fitness_Club,source::Fitness_Club,pca_5,principal component analysis,joint_pca_5,pca_train_only_5,same_hyperparameters,3,False,0.17771823542126822,0.1785075229550486,0.17813713182503257,0.23515389490822156,-0.20792471857008674,0.44215925509152765,0.4430786134783083,0.0007892875337803806,2,0,1
tabicl,Fitness_Club,source::Fitness_Club,pca_var90,principal component analysis,joint_pca_var90,pca_train_only_var90,same_hyperparameters,3,False,0.17771823542126822,0.17850752295504857,0.17813713182503257,0.23515389490822156,-0.20792471857007117,0.44215925509151216,0.44307861347829275,0.0007892875337803529,2,0,1
tabicl,Fitness_Club,source::Fitness_Club,pca_var95,principal component analysis,joint_pca_var95,pca_train_only_var95,same_hyperparameters,3,False,0.17771823542126822,0.1785075229550486,0.17813713182503257,0.23515389490822156,-0.20792471857008674,0.44215925509152765,0.4430786134783083,0.0007892875337803806,2,0,1
tabicl,Fitness_Club,source::Fitness_Club,scaling_train_only,scaling,joint_scaling,train_only_scaling,closer_pair_but_cat_encoding_also_differs,3,False,0.17813398098817032,0.17814028266189486,0.17813713182503257,0.0017687704017533262,-0.0017687704017689072,0.0035374782336542675,0.0035375408035222336,6.301673724534718e-06,1,2,0
tabicl,Fitness_Club,source::Fitness_Club,target_m10,target encoding,target_enc_ratio,target_enc_standard_m10,loose_regularization_sensitivity,3,False,0.1781143692573491,0.17810802046964813,0.17813713182503257,0.012778115068015598,0.01634210402188118,-0.0035645714798447532,-0.0035639889538655826,-6.348787700977132e-06,2,0,1
tabicl,Fitness_Club,source::Fitness_Club,target_m20,target encoding,target_enc_ratio,target_enc_standard_m20,loose_regularization_sensitivity,3,False,0.1781143692573491,0.17822149771066634,0.17813713182503257,0.012778115068015598,-0.047360078591940274,0.060109725646648224,0.060138193659955874,0.00010712845331722898,2,0,1
tabicl,Fitness_Club,source::Fitness_Club,target_m5,target encoding,target_enc_ratio,target_enc_standard_m5,loose_regularization_sensitivity,3,False,0.1781143692573491,0.17808260176185575,0.17813713182503257,0.012778115068015598,0.030611283912655413,-0.0178386294781555,-0.017833168844639816,-3.176749549335667e-05,1,0,2
tabicl,HR_Analytics_Job_Change_of_Data_Scientists,source::HR_Analytics_Job_Change_of_Data_Scientists,frequency_combined,frequency encoding,joint_freq_combined,freq_enc_train_only,same_hyperparameters,3,False,0.1933955131969712,0.1938094205062171,0.19436899177038391,0.500840470769492,0.2878912212642708,0.2135640817483484,0.21294924950522126,0.0004139073092458978,3,0,0
tabicl,HR_Analytics_Job_Change_of_Data_Scientists,source::HR_Analytics_Job_Change_of_Data_Scientists,groupby_combined,group-by aggregation,joint_groupby_combined,groupby_train_only,same_hyperparameters,3,False,0.19306710717932707,0.19346001548399058,0.19436899177038391,0.6698005577941235,0.4676549886450729,0.20309535470704457,0.20214556914905066,0.000392908304663514,2,0,1
tabicl,HR_Analytics_Job_Change_of_Data_Scientists,source::HR_Analytics_Job_Change_of_Data_Scientists,pca_10,principal component analysis,joint_pca_10,pca_train_only_10,same_hyperparameters,3,False,0.19322473689399164,0.19386935292998939,0.19436899177038391,0.5887023778690126,0.25705686686113616,0.3325002256702907,0.3316455110078765,0.0006446160359977471,3,0,0
tabicl,HR_Analytics_Job_Change_of_Data_Scientists,source::HR_Analytics_Job_Change_of_Data_Scientists,pca_5,principal component analysis,joint_pca_5,pca_train_only_5,same_hyperparameters,3,False,0.19322473689399164,0.19379624018227082,0.19436899177038391,0.5887023778690126,0.29467230492696656,0.2948990587958076,0.29403007294204603,0.0005715032882791793,3,0,0
tabicl,HR_Analytics_Job_Change_of_Data_Scientists,source::HR_Analytics_Job_Change_of_Data_Scientists,pca_var90,principal component analysis,joint_pca_var90,pca_train_only_var90,same_hyperparameters,3,False,0.19322473689399164,0.19390890107399136,0.19436899177038391,0.5887023778690126,0.2367099259001534,0.35282762999036466,0.3519924519688592,0.0006841641799997245,3,0,0
tabicl,HR_Analytics_Job_Change_of_Data_Scientists,source::HR_Analytics_Job_Change_of_Data_Scientists,pca_var95,principal component analysis,joint_pca_var95,pca_train_only_var95,same_hyperparameters,3,False,0.19322508615131995,0.19386935292998939,0.19436899177038391,0.5885226900879901,0.25705686686113616,0.332320074799083,0.3314658232268539,0.0006442667786694389,3,0,0
tabicl,HR_Analytics_Job_Change_of_Data_Scientists,source::HR_Analytics_Job_Change_of_Data_Scientists,scaling_train_only,scaling,joint_scaling,train_only_scaling,closer_pair_but_cat_encoding_also_differs,3,False,0.194368686106135,0.19436923194888397,0.19436899177038391,0.0001572597800337248,-0.00012356832119819866,0.00028082775421778213,0.00028082810123192345,5.458427489724027e-07,3,0,0
tabicl,HR_Analytics_Job_Change_of_Data_Scientists,source::HR_Analytics_Job_Change_of_Data_Scientists,target_m10,target encoding,target_enc_ratio,target_enc_standard_m10,loose_regularization_sensitivity,3,False,0.19389048165196396,0.1936515262759316,0.19436899177038391,0.24618644880621673,0.3691254906028861,-0.12339452243297715,-0.12293904179666934,-0.00023895537603235706,0,0,3
tabicl,HR_Analytics_Job_Change_of_Data_Scientists,source::HR_Analytics_Job_Change_of_Data_Scientists,target_m20,target encoding,target_enc_ratio,target_enc_standard_m20,loose_regularization_sensitivity,3,False,0.19389048165196396,0.1936913817046614,0.19436899177038391,0.24618644880621673,0.3486204561491961,-0.10279236254617441,-0.1024340073429794,-0.0001990999473025501,1,0,2
tabicl,HR_Analytics_Job_Change_of_Data_Scientists,source::HR_Analytics_Job_Change_of_Data_Scientists,target_m5,target encoding,target_enc_ratio,target_enc_standard_m5,loose_regularization_sensitivity,3,False,0.19389048165196396,0.194139392851013,0.19436899177038391,0.24618644880621673,0.11812528185676083,0.12821261846639528,0.1280611669494559,0.00024891119904904557,2,0,1
tabicl,Is-this-a-good-customer,source::Is-this-a-good-customer,frequency_combined,frequency encoding,joint_freq_combined,freq_enc_train_only,same_hyperparameters,3,False,0.24886128933280208,0.24977613523782483,0.25535054336626034,2.541312012855381,2.1830414202173443,0.36626633851615825,0.358270592638037,0.0009148459050227487,3,0,0
tabicl,Is-this-a-good-customer,source::Is-this-a-good-customer,groupby_combined,group-by aggregation,joint_groupby_combined,groupby_train_only,same_hyperparameters,3,False,0.24863505845824108,0.2492142217093101,0.25535054336626034,2.629908211468716,2.4030971604977758,0.23239574655758263,0.22681105097093973,0.0005791632510690203,2,0,1
tabicl,Is-this-a-good-customer,source::Is-this-a-good-customer,pca_10,principal component analysis,joint_pca_10,pca_train_only_10,same_hyperparameters,3,False,0.265015425526231,0.2629770578690029,0.25535054336626034,-3.7849467765211977,-2.9866842663434254,-0.7751123515281951,-0.7982625101777723,-0.0020383676572280907,2,0,1
tabicl,Is-this-a-good-customer,source::Is-this-a-good-customer,pca_5,principal component analysis,joint_pca_5,pca_train_only_5,same_hyperparameters,3,False,0.265015425526231,0.2629669828098119,0.25535054336626034,-3.7849467765211977,-2.9827386866480916,-0.7789733503922768,-0.8022080898731061,-0.0020484427164190744,2,0,1
tabicl,Is-this-a-good-customer,source::Is-this-a-good-customer,pca_var90,principal component analysis,joint_pca_var90,pca_train_only_var90,same_hyperparameters,3,False,0.2568327982866293,0.2572623621739535,0.25535054336626034,-0.5804784672977576,-0.7487036379440711,0.1669750225778155,0.1682251706463135,0.00042956388732418027,2,0,1
tabicl,Is-this-a-good-customer,source::Is-this-a-good-customer,pca_var95,principal component analysis,joint_pca_var95,pca_train_only_var95,same_hyperparameters,3,False,0.265015425526231,0.2629770578690029,0.25535054336626034,-3.7849467765211977,-2.9866842663434254,-0.7751123515281951,-0.7982625101777723,-0.0020383676572280907,2,0,1
tabicl,Is-this-a-good-customer,source::Is-this-a-good-customer,scaling_train_only,scaling,joint_scaling,train_only_scaling,closer_pair_but_cat_encoding_also_differs,3,False,0.2553404683070694,0.2553404683070694,0.25535054336626034,0.003945579695312072,0.003945579695312072,0.0,0.0,0.0,0,3,0
tabicl,Is-this-a-good-customer,source::Is-this-a-good-customer,target_m10,target encoding,target_enc_ratio,target_enc_standard_m10,loose_regularization_sensitivity,3,False,0.24562353167461218,0.24565635194318883,0.25535054336626034,3.8092778513090098,3.7964248265439227,0.013360236084691182,0.012853024765087085,3.282026857664988e-05,1,0,2
tabicl,Is-this-a-good-customer,source::Is-this-a-good-customer,target_m20,target encoding,target_enc_ratio,target_enc_standard_m20,loose_regularization_sensitivity,3,False,0.24562353167461218,0.2457407687270162,0.25535054336626034,3.8092778513090098,3.763365651217914,0.047707611973108084,0.04591220009109581,0.00011723705240401783,1,0,2
tabicl,Is-this-a-good-customer,source::Is-this-a-good-customer,target_m5,target encoding,target_enc_ratio,target_enc_standard_m5,loose_regularization_sensitivity,3,False,0.24562353167461218,0.24685726846827047,0.25535054336626034,3.8092778513090098,3.326123683162718,0.4997773820125001,0.4831541681462917,0.001233736793658291,2,0,1
tabicl,MIC,source::MIC,frequency_combined,frequency encoding,joint_freq_combined,freq_enc_train_only,same_hyperparameters,3,False,0.12464926634116841,0.12407861302683476,0.12452836705760456,-0.0970857375074395,0.36116592660510194,-0.45991271212084733,-0.4582516641125414,-0.0005706533143336467,1,0,2
tabicl,MIC,source::MIC,groupby_combined,group-by aggregation,joint_groupby_combined,groupby_train_only,same_hyperparameters,3,False,0.17220313751140634,0.17223495443183348,0.12452836705760456,-38.28426532867672,-38.30981526655747,0.018472975205351606,0.025549937880758773,3.181692042714124e-05,1,0,2
tabicl,MIC,source::MIC,pca_10,principal component analysis,joint_pca_10,pca_train_only_10,same_hyperparameters,3,False,0.12344027342120471,0.1227424043330106,0.12452836705760456,0.8737717052826328,1.4341814373650321,-0.568563971014231,-0.5604097320823993,-0.0006978690881941085,1,0,2
tabicl,MIC,source::MIC,pca_5,principal component analysis,joint_pca_5,pca_train_only_5,same_hyperparameters,3,False,0.13034756013209828,0.12880846753251673,0.12452836705760456,-4.672985932435671,-3.4370485826191532,-1.1948691177410449,-1.2359373498165174,-0.001539092599581543,0,0,3
tabicl,MIC,source::MIC,pca_var90,principal component analysis,joint_pca_var90,pca_train_only_var90,same_hyperparameters,3,False,0.12732650669149936,0.12577687914072203,0.12452836705760456,-2.2469897421849545,-1.002592511744674,-1.2320448411218565,-1.2443972304402808,-0.0015496275507773383,1,0,2
tabicl,MIC,source::MIC,pca_var95,principal component analysis,joint_pca_var95,pca_train_only_var95,same_hyperparameters,3,False,0.1233683353227303,0.12803631428104284,0.12452836705760456,0.9315401480673515,-2.816986447606405,3.6458242214519045,3.748526595673756,0.004667978958312544,2,0,1
tabicl,MIC,source::MIC,scaling_train_only,scaling,joint_scaling,train_only_scaling,closer_pair_but_cat_encoding_also_differs,3,False,0.1245154963997248,0.1245154963997248,0.12452836705760456,0.010335522888378502,0.010335522888378502,0.0,0.0,0.0,0,3,0
tabicl,MIC,source::MIC,target_m10,target encoding,target_enc_ratio,target_enc_standard_m10,loose_regularization_sensitivity,3,False,0.1240060339837722,0.12431814688040643,0.12452836705760456,0.4194490670472977,0.16881308425162614,0.25105980459512467,0.25063598279567156,0.0003121128966342285,3,0,0
tabicl,MIC,source::MIC,target_m20,target encoding,target_enc_ratio,target_enc_standard_m20,loose_regularization_sensitivity,3,False,0.1240060339837722,0.12426295162258212,0.12452836705760456,0.4194490670472977,0.21313652567182811,0.2067532079796725,0.20631254137546956,0.000256917638809917,2,0,1
tabicl,MIC,source::MIC,target_m5,target encoding,target_enc_ratio,target_enc_standard_m5,loose_regularization_sensitivity,3,False,0.1240060339837722,0.12427108447960887,0.12452836705760456,0.4194490670472977,0.20660559844704002,0.21328412554423087,0.21284346860025766,0.0002650504958366662,2,0,1
tabicl,Marketing_Campaign,source::Marketing_Campaign,frequency_combined,frequency encoding,joint_freq_combined,freq_enc_train_only,same_hyperparameters,3,False,0.0736411836842679,0.07354694587832306,0.07174106556627728,-2.648578053576885,-2.517219806802882,-0.12813286101744822,-0.13135824677400262,-9.423780594484954e-05,1,0,2
tabicl,Marketing_Campaign,source::Marketing_Campaign,groupby_combined,group-by aggregation,joint_groupby_combined,groupby_train_only,same_hyperparameters,3,False,0.0740025129231784,0.07360042115464789,0.07174106556627728,-3.152235527937487,-2.5917590904094694,-0.546317211535573,-0.5604764375280177,-0.0004020917685305103,1,0,2
tabicl,Marketing_Campaign,source::Marketing_Campaign,pca_10,principal component analysis,joint_pca_10,pca_train_only_10,same_hyperparameters,3,False,0.07163607645891097,0.07266935446812134,0.07174106556627728,0.14634450511376487,-1.2939435656785254,1.4218896215235357,1.4402880707922903,0.0010332780092103672,2,0,1
tabicl,Marketing_Campaign,source::Marketing_Campaign,pca_5,principal component analysis,joint_pca_5,pca_train_only_5,same_hyperparameters,3,False,0.07125236321492447,0.07111340493453104,0.07174106556627728,0.6812030843078747,0.8748972806465811,-0.1954037786846996,-0.1936941963387065,-0.00013895828039342528,1,0,2
tabicl,Marketing_Campaign,source::Marketing_Campaign,pca_var90,principal component analysis,joint_pca_var90,pca_train_only_var90,same_hyperparameters,3,False,0.073921363635002,0.07351246602843682,0.07174106556627728,-3.0391213895623985,-2.4691582821878333,-0.5562289345687363,-0.5699631073745655,-0.0004088976065651784,1,0,2
tabicl,Marketing_Campaign,source::Marketing_Campaign,pca_var95,principal component analysis,joint_pca_var95,pca_train_only_var95,same_hyperparameters,3,False,0.07380610336337556,0.07471511839640643,0.07174106556627728,-2.878459890159447,-4.145537575520956,1.2166413605985662,1.267077685361509,0.0009090150330308688,3,0,0
tabicl,Marketing_Campaign,source::Marketing_Campaign,scaling_train_only,scaling,joint_scaling,train_only_scaling,closer_pair_but_cat_encoding_also_differs,3,False,0.07174106556627728,0.07174106556627728,0.07174106556627728,0.0,0.0,0.0,0.0,0.0,0,3,0
tabicl,Marketing_Campaign,source::Marketing_Campaign,target_m10,target encoding,target_enc_ratio,target_enc_standard_m10,loose_regularization_sensitivity,3,False,0.07238719182709663,0.07293991985809693,0.07174106556627728,-0.9006365541398764,-1.6710851481737488,0.7577853555030257,0.7704485940338724,0.0005527280310003019,2,0,1
tabicl,Marketing_Campaign,source::Marketing_Campaign,target_m20,target encoding,target_enc_ratio,target_enc_standard_m20,loose_regularization_sensitivity,3,False,0.07238719182709663,0.07208773707808026,0.07174106556627728,-0.9006365541398764,-0.48322604224872107,-0.41540317556648987,-0.4174105118911553,-0.00029945474901636737,0,0,3
tabicl,Marketing_Campaign,source::Marketing_Campaign,target_m5,target encoding,target_enc_ratio,target_enc_standard_m5,loose_regularization_sensitivity,3,False,0.07238719182709663,0.07271513745848913,0.07174106556627728,-0.9006365541398764,-1.3577605580892385,0.45100049708318035,0.4571240039493622,0.0003279456313925039,3,0,0
tabicl,NATICUSdroid,source::NATICUSdroid,frequency_combined,frequency encoding,joint_freq_combined,freq_enc_train_only,same_hyperparameters,3,True,0.012876343655156067,0.012876813386821832,0.012380236422321333,,,,,4.6973166576563807e-07,1,2,0
tabicl,NATICUSdroid,source::NATICUSdroid,groupby_combined,group-by aggregation,joint_groupby_combined,groupby_train_only,same_hyperparameters,3,True,0.012380236422321333,0.012380236422321333,0.012380236422321333,,,,,0.0,0,3,0
tabicl,NATICUSdroid,source::NATICUSdroid,pca_10,principal component analysis,joint_pca_10,pca_train_only_10,same_hyperparameters,3,True,0.012380236422321432,0.012380236422321333,0.012380236422321333,,,,,-9.8879238130678e-17,0,3,0
tabicl,NATICUSdroid,source::NATICUSdroid,pca_5,principal component analysis,joint_pca_5,pca_train_only_5,same_hyperparameters,3,True,0.012380236422321432,0.0123803538552378,0.012380236422321333,,,,,1.1743291636681641e-07,1,2,0
tabicl,NATICUSdroid,source::NATICUSdroid,pca_var90,principal component analysis,joint_pca_var90,pca_train_only_var90,same_hyperparameters,3,True,0.012380236422321432,0.012380236422321333,0.012380236422321333,,,,,-9.8879238130678e-17,0,3,0
tabicl,NATICUSdroid,source::NATICUSdroid,pca_var95,principal component analysis,joint_pca_var95,pca_train_only_var95,same_hyperparameters,3,True,0.012380236422321333,0.012380236422321333,0.012380236422321333,,,,,0.0,0,3,0
tabicl,NATICUSdroid,source::NATICUSdroid,scaling_train_only,scaling,joint_scaling,train_only_scaling,closer_pair_but_cat_encoding_also_differs,3,True,0.0123803538552378,0.0123803538552379,0.012380236422321333,,,,,1.0061396160665481e-16,0,3,0
tabicl,NATICUSdroid,source::NATICUSdroid,target_m10,target encoding,target_enc_ratio,target_enc_standard_m10,loose_regularization_sensitivity,3,True,0.012594771598333299,0.012594771474484632,0.012380236422321333,,,,,-1.2384866743264666e-10,1,1,1
tabicl,NATICUSdroid,source::NATICUSdroid,target_m20,target encoding,target_enc_ratio,target_enc_standard_m20,loose_regularization_sensitivity,3,True,0.012594771598333299,0.012594536608651766,0.012380236422321333,,,,,-2.3498968153290445e-07,0,2,1
tabicl,NATICUSdroid,source::NATICUSdroid,target_m5,target encoding,target_enc_ratio,target_enc_standard_m5,loose_regularization_sensitivity,3,True,0.012594771598333299,0.012594419113810934,0.012380236422321333,,,,,-3.5248452236527616e-07,0,2,1
tabicl,QSAR_fish_toxicity,source::QSAR_fish_toxicity,frequency_combined,frequency encoding,joint_freq_combined,freq_enc_train_only,same_hyperparameters,3,False,0.8480591748113917,0.8480591737002254,0.8480591435578654,-3.6853003189584663e-06,-3.554275698972035e-06,-1.3102461532945537e-07,-1.3102461998643143e-07,-1.111166270106878e-09,1,1,1
tabicl,QSAR_fish_toxicity,source::QSAR_fish_toxicity,groupby_combined,group-by aggregation,joint_groupby_combined,groupby_train_only,same_hyperparameters,3,False,0.8524284899593733,0.8524344435823915,0.8480591435578654,-0.5152171796859762,-0.5159192089092299,0.0006984259098248935,0.0007020292232536792,5.953623018251086e-06,2,0,1
tabicl,QSAR_fish_toxicity,source::QSAR_fish_toxicity,pca_10,principal component analysis,joint_pca_10,pca_train_only_10,same_hyperparameters,3,False,0.854383450912214,0.8551978414960953,0.8480591435578654,-0.7457389502123929,-0.8417688780856677,0.09522832546637675,0.09602992787327483,0.0008143905838813303,2,0,1
tabicl,QSAR_fish_toxicity,source::QSAR_fish_toxicity,pca_5,principal component analysis,joint_pca_5,pca_train_only_5,same_hyperparameters,3,False,0.8541133153466527,0.8542590681482629,0.8480591435578654,-0.7138855626729314,-0.731072194373964,0.017061896916840825,0.017186631701032597,0.00014575280161022164,1,0,2
tabicl,QSAR_fish_toxicity,source::QSAR_fish_toxicity,pca_var90,principal component analysis,joint_pca_var90,pca_train_only_var90,same_hyperparameters,3,False,0.8541132334669359,0.8542589281134273,0.8480591435578654,-0.7138759077193345,-0.7310556819836809,0.017055092044884645,0.01717977426434632,0.00014569464649138997,1,0,2
tabicl,QSAR_fish_toxicity,source::QSAR_fish_toxicity,pca_var95,principal component analysis,joint_pca_var95,pca_train_only_var95,same_hyperparameters,3,False,0.8541133153466527,0.8542589281134273,0.8480591435578654,-0.7138855626729314,-0.7310556819836809,0.017045507162117852,0.017170119310749448,0.00014561276677460544,1,0,2
tabicl,QSAR_fish_toxicity,source::QSAR_fish_toxicity,scaling_train_only,scaling,joint_scaling,train_only_scaling,closer_pair_but_cat_encoding_also_differs,3,False,0.8480591305145017,0.8480591222480623,0.8480591435578654,1.5380252452335523e-06,2.512773218136038e-06,-9.747479973956926e-07,-9.74747972902486e-07,-8.266439310844476e-09,2,0,1
tabicl,QSAR_fish_toxicity,source::QSAR_fish_toxicity,target_m10,target encoding,target_enc_ratio,target_enc_standard_m10,loose_regularization_sensitivity,3,False,0.8480591435578654,0.8480590534333973,0.8480591435578654,0.0,1.062714420276528e-05,-1.062714533212734e-05,-1.062714420276528e-05,-9.012446811063057e-08,0,2,1
tabicl,QSAR_fish_toxicity,source::QSAR_fish_toxicity,target_m20,target encoding,target_enc_ratio,target_enc_standard_m20,loose_regularization_sensitivity,3,False,0.8480591435578654,0.8480592049537518,0.8480591435578654,0.0,-7.239576017930501e-06,7.23957549381593e-06,7.239576017930501e-06,6.139588637488202e-08,2,1,0
tabicl,QSAR_fish_toxicity,source::QSAR_fish_toxicity,target_m5,target encoding,target_enc_ratio,target_enc_standard_m5,loose_regularization_sensitivity,3,False,0.8480591435578654,0.8480590534333973,0.8480591435578654,0.0,1.062714420276528e-05,-1.062714533212734e-05,-1.062714420276528e-05,-9.012446811063057e-08,0,2,1
tabicl,airfoil_self_noise,source::airfoil_self_noise,frequency_combined,frequency encoding,joint_freq_combined,freq_enc_train_only,same_hyperparameters,3,False,1.1251324734766082,1.1333971677335943,1.0635441931893233,-5.790852950134201,-6.567942826597375,0.7291966569417785,0.7770898764631738,0.008264694256986171,2,0,1
tabicl,airfoil_self_noise,source::airfoil_self_noise,groupby_combined,group-by aggregation,joint_groupby_combined,groupby_train_only,same_hyperparameters,3,False,1.0905195306031352,1.098880516555259,1.0635441931893233,-2.5363626247555517,-3.322506351143752,0.7608639725758046,0.7861437263882004,0.008360985952123867,2,0,1
tabicl,airfoil_self_noise,source::airfoil_self_noise,pca_10,principal component analysis,joint_pca_10,pca_train_only_10,same_hyperparameters,3,False,1.0652365940886546,1.0659633740613408,1.0635441931893233,-0.15912840389417154,-0.22746406660949087,0.06818057640359391,0.06833566271531932,0.0007267799726862201,1,0,2
tabicl,airfoil_self_noise,source::airfoil_self_noise,pca_5,principal component analysis,joint_pca_5,pca_train_only_5,same_hyperparameters,3,False,1.0652369435388014,1.0659605000536283,1.0635441931893233,-0.15916126102874642,-0.22719383733919934,0.06787836085769738,0.06803257631045294,0.0007235565148269174,1,0,2
tabicl,airfoil_self_noise,source::airfoil_self_noise,pca_var90,principal component analysis,joint_pca_var90,pca_train_only_var90,same_hyperparameters,3,False,1.0652366524932513,1.0659619327271217,1.0635441931893233,-0.1591338954005037,-0.22732854481093115,0.06803997512508583,0.06819464941042741,0.0007252802338704178,1,0,2
tabicl,airfoil_self_noise,source::airfoil_self_noise,pca_var95,principal component analysis,joint_pca_var95,pca_train_only_var95,same_hyperparameters,3,False,1.0652399181255905,1.0659620697373897,1.0635441931893233,-0.15944094727104408,-0.22734142723451986,0.06774646418489691,0.06790047996347578,0.0007221516117992266,1,0,2
tabicl,airfoil_self_noise,source::airfoil_self_noise,scaling_train_only,scaling,joint_scaling,train_only_scaling,closer_pair_but_cat_encoding_also_differs,3,False,1.0635477203388028,1.0635475981867328,1.0635441931893233,-0.0003316410829174318,-0.0003201557049898602,-1.148534115659667e-05,-1.148537792757162e-05,-1.221520700145362e-07,1,0,2
tabicl,airfoil_self_noise,source::airfoil_self_noise,target_m10,target encoding,target_enc_ratio,target_enc_standard_m10,loose_regularization_sensitivity,3,False,1.138219077777599,1.1324074705093856,1.0635441931893233,-7.021324084741878,-6.474886305716861,-0.5132081357251267,-0.5464377790250177,-0.005811607268213281,1,0,2
tabicl,airfoil_self_noise,source::airfoil_self_noise,target_m20,target encoding,target_enc_ratio,target_enc_standard_m20,loose_regularization_sensitivity,3,False,1.138219077777599,1.1327780522449882,1.0635441931893233,-7.021324084741878,-6.509730343038081,-0.4803258256838101,-0.5115937417037973,-0.0054410255326107215,1,0,2
tabicl,airfoil_self_noise,source::airfoil_self_noise,target_m5,target encoding,target_enc_ratio,target_enc_standard_m5,loose_regularization_sensitivity,3,False,1.138219077777599,1.1393038074745925,1.0635441931893233,-7.021324084741878,-7.123316056861131,0.09520987201807196,0.10199197211925222,0.0010847296969935805,1,0,2
tabicl,anneal,source::anneal,frequency_combined,frequency encoding,joint_freq_combined,freq_enc_train_only,same_hyperparameters,3,True,0.0008392895819796333,0.0008392895819796333,0.000903440807484965,,,,,0.0,0,3,0
tabicl,anneal,source::anneal,groupby_combined,group-by aggregation,joint_groupby_combined,groupby_train_only,same_hyperparameters,3,True,0.00038223364246756667,0.0003033502668005333,0.000903440807484965,,,,,-7.888337566703337e-05,0,2,1
tabicl,anneal,source::anneal,pca_10,principal component analysis,joint_pca_10,pca_train_only_10,same_hyperparameters,3,True,0.0001034786405637377,0.00010353583885421281,0.000903440807484965,,,,,5.719829047510713e-08,1,1,1
tabicl,anneal,source::anneal,pca_5,principal component analysis,joint_pca_5,pca_train_only_5,same_hyperparameters,3,True,0.00026124539189770435,0.0005644812621173355,0.000903440807484965,,,,,0.0003032358702196311,1,1,1
tabicl,anneal,source::anneal,pca_var90,principal component analysis,joint_pca_var90,pca_train_only_var90,same_hyperparameters,3,True,0.0001034786405637377,0.00010353583885421281,0.000903440807484965,,,,,5.719829047510713e-08,1,1,1
tabicl,anneal,source::anneal,pca_var95,principal component analysis,joint_pca_var95,pca_train_only_var95,same_hyperparameters,3,True,0.0001034786405637377,0.00010353583885421281,0.000903440807484965,,,,,5.719829047510713e-08,1,1,1
tabicl,anneal,source::anneal,scaling_train_only,scaling,joint_scaling,train_only_scaling,closer_pair_but_cat_encoding_also_differs,3,True,0.000903440807484965,0.000903440807484965,0.000903440807484965,,,,,0.0,0,3,0
tabicl,anneal,source::anneal,target_m10,target encoding,target_enc_ratio,target_enc_standard_m10,loose_regularization_sensitivity,3,True,0.0006107616122235667,0.0007604062063126001,0.000903440807484965,,,,,0.00014964459408903339,1,2,0
tabicl,anneal,source::anneal,target_m20,target encoding,target_enc_ratio,target_enc_standard_m20,loose_regularization_sensitivity,3,True,0.0006107616122235667,0.0004611170181345,0.000903440807484965,,,,,-0.00014964459408906667,0,2,1
tabicl,anneal,source::anneal,target_m5,target encoding,target_enc_ratio,target_enc_standard_m5,loose_regularization_sensitivity,3,True,0.0006107616122235667,0.0006107616122235667,0.000903440807484965,,,,,0.0,0,3,0
tabicl,bike_sharing,source::bike_sharing,frequency_combined,frequency encoding,joint_freq_combined,freq_enc_train_only,same_hyperparameters,1,False,125.37591157642004,125.70533128895872,124.32326010472048,-0.8467051707081108,-1.1116754685117576,0.2620570736029035,0.2649702978036467,0.3294197125386802,1,0,0
tabicl,bike_sharing,source::bike_sharing,groupby_combined,group-by aggregation,joint_groupby_combined,groupby_train_only,same_hyperparameters,1,False,125.47499042383912,125.8938558312566,124.32326010472048,-0.9263997084282629,-1.2633160723207997,0.3327131452538211,0.33691636389253665,0.4188654074174849,1,0,0
tabicl,bike_sharing,source::bike_sharing,pca_10,principal component analysis,joint_pca_10,pca_train_only_10,same_hyperparameters,1,False,124.68552065615438,124.68162300438468,124.32326010472048,-0.2913859812948638,-0.2882508867305626,-0.003126083600602525,-0.003135094564301201,-0.003897651769705135,0,0,1
tabicl,bike_sharing,source::bike_sharing,pca_5,principal component analysis,joint_pca_5,pca_train_only_5,same_hyperparameters,1,False,124.68552483169088,124.68162300438468,124.32326010472048,-0.29138933990732274,-0.2882508867305626,-0.003129432559657284,-0.0031384531767601315,-0.003901827306208361,0,0,1
tabicl,bike_sharing,source::bike_sharing,pca_var90,principal component analysis,joint_pca_var90,pca_train_only_var90,same_hyperparameters,1,False,124.84603273045408,124.84705439045923,124.32326010472048,-0.4204946244920418,-0.42131640153061856,0.0008183292830886107,0.000821777038576791,0.001021660005150693,1,0,0
tabicl,bike_sharing,source::bike_sharing,pca_var95,principal component analysis,joint_pca_var95,pca_train_only_var95,same_hyperparameters,1,False,124.84603273045408,124.84705439045923,124.32326010472048,-0.4204946244920418,-0.42131640153061856,0.0008183292830886107,0.000821777038576791,0.001021660005150693,1,0,0
tabicl,bike_sharing,source::bike_sharing,scaling_train_only,scaling,joint_scaling,train_only_scaling,closer_pair_but_cat_encoding_also_differs,1,False,124.32325757630376,124.3232553610776,124.32326010472048,2.033743897142626e-06,3.815571496308663e-06,-1.7818276671529463e-06,-1.7818275991660376e-06,-2.2152261607288892e-06,0,0,1
tabicl,bike_sharing,source::bike_sharing,target_m10,target encoding,target_enc_ratio,target_enc_standard_m10,loose_regularization_sensitivity,1,False,126.87039519909796,126.86963778073644,124.32326010472048,-2.0488001136971214,-2.048190880669546,-0.0005970052210799486,-0.0006092330275752291,-0.0007574183615162156,0,0,1
tabicl,bike_sharing,source::bike_sharing,target_m20,target encoding,target_enc_ratio,target_enc_standard_m20,loose_regularization_sensitivity,1,False,126.87039519909796,126.8698163721366,124.32326010472048,-2.0488001136971214,-2.0483345315036754,-0.00045623693476554665,-0.00046558219344582325,-0.0005788269613589136,0,0,1
tabicl,bike_sharing,source::bike_sharing,target_m5,target encoding,target_enc_ratio,target_enc_standard_m5,loose_regularization_sensitivity,1,False,126.87039519909796,126.9004655403353,124.32326010472048,-2.0488001136971214,-2.072987334344343,0.023696005455385912,0.02418722064722161,0.030070341237347975,1,0,0
tabicl,blood-transfusion-service-center,source::blood-transfusion-service-center,frequency_combined,frequency encoding,joint_freq_combined,freq_enc_train_only,same_hyperparameters,3,False,0.24623253047873903,0.24644067796610156,0.24636633957775778,0.054313060480617126,-0.030173922489244255,0.08446149762303536,0.08448698296986139,0.00020814748736253108,1,2,0
tabicl,blood-transfusion-service-center,source::blood-transfusion-service-center,groupby_combined,group-by aggregation,joint_groupby_combined,groupby_train_only,same_hyperparameters,3,False,0.24644067796610156,0.24623253047873903,0.24636633957775778,-0.030173922489244255,0.054313060480617126,-0.08453289537245104,-0.08448698296986139,-0.00020814748736253108,0,2,1
tabicl,blood-transfusion-service-center,source::blood-transfusion-service-center,pca_10,principal component analysis,joint_pca_10,pca_train_only_10,same_hyperparameters,3,False,0.24530280503518678,0.24664337397165217,0.24636633957775778,0.4316882510791706,-0.11244815114321308,0.5435252181635616,0.5441364022223837,0.0013405689364653917,1,0,2
tabicl,blood-transfusion-service-center,source::blood-transfusion-service-center,pca_5,principal component analysis,joint_pca_5,pca_train_only_5,same_hyperparameters,3,False,0.24604817127564674,0.24719347804539585,0.24636633957775778,0.1291443882538257,-0.33573517756349663,0.46332402408237505,0.46487956581732237,0.0011453067697491104,2,0,1
tabicl,blood-transfusion-service-center,source::blood-transfusion-service-center,pca_var90,principal component analysis,joint_pca_var90,pca_train_only_var90,same_hyperparameters,3,False,0.24630736445633847,0.24788383387848154,0.24636633957775778,0.023937978508096598,-0.6159503377468537,0.6359710504219044,0.6398883162549504,0.0015764694221430675,1,0,2
tabicl,blood-transfusion-service-center,source::blood-transfusion-service-center,pca_var95,principal component analysis,joint_pca_var95,pca_train_only_var95,same_hyperparameters,3,False,0.24557017543859647,0.24648181187431853,0.24636633957775778,0.32316270985956885,-0.046870159599992085,0.3698595157142499,0.37003286945956093,0.000911636435722063,3,0,0
tabicl,blood-transfusion-service-center,source::blood-transfusion-service-center,scaling_train_only,scaling,joint_scaling,train_only_scaling,closer_pair_but_cat_encoding_also_differs,3,False,0.24644067796610156,0.24644067796610156,0.24636633957775778,-0.030173922489244255,-0.030173922489244255,0.0,0.0,0.0,0,3,0
tabicl,blood-transfusion-service-center,source::blood-transfusion-service-center,target_m10,target encoding,target_enc_ratio,target_enc_standard_m10,loose_regularization_sensitivity,3,False,0.24636633957775778,0.24644067796610156,0.24636633957775778,0.0,-0.030173922489244255,0.030164820579663527,0.030173922489244255,7.433838834378093e-05,1,2,0
tabicl,blood-transfusion-service-center,source::blood-transfusion-service-center,target_m20,target encoding,target_enc_ratio,target_enc_standard_m20,loose_regularization_sensitivity,3,False,0.24636633957775778,0.24644067796610156,0.24636633957775778,0.0,-0.030173922489244255,0.030164820579663527,0.030173922489244255,7.433838834378093e-05,1,2,0
tabicl,blood-transfusion-service-center,source::blood-transfusion-service-center,target_m5,target encoding,target_enc_ratio,target_enc_standard_m5,loose_regularization_sensitivity,3,False,0.24636633957775778,0.24644067796610156,0.24636633957775778,0.0,-0.030173922489244255,0.030164820579663527,0.030173922489244255,7.433838834378093e-05,1,2,0
tabicl,churn,source::churn,frequency_combined,frequency encoding,joint_freq_combined,freq_enc_train_only,same_hyperparameters,3,False,0.06752012203127747,0.06625199116064533,0.06434975285373433,-4.926777550722415,-2.9560926383582946,-1.9141022758957178,-1.9706849123641197,-0.001268130870632142,0,0,3
tabicl,churn,source::churn,groupby_combined,group-by aggregation,joint_groupby_combined,groupby_train_only,same_hyperparameters,3,False,0.0686189722213193,0.06818899996463511,0.06434975285373433,-6.634399012050311,-5.966218890734995,-0.6305595578571107,-0.6681801213153167,-0.0004299722566841885,1,0,2
tabicl,churn,source::churn,pca_10,principal component analysis,joint_pca_10,pca_train_only_10,same_hyperparameters,3,False,0.06580449610226853,0.06806218645756233,0.06434975285373433,-2.260681951398948,-5.769149746800564,3.3170993657417993,3.5084677954016157,0.002257690355293801,2,0,1
tabicl,churn,source::churn,pca_5,principal component analysis,joint_pca_5,pca_train_only_5,same_hyperparameters,3,False,0.0645550052589405,0.06791796775149277,0.06434975285373433,-0.31896378168337597,-5.54503279269606,4.951506359638309,5.226069011012684,0.00336296249255226,3,0,0
tabicl,churn,source::churn,pca_var90,principal component analysis,joint_pca_var90,pca_train_only_var90,same_hyperparameters,3,False,0.06580449610226853,0.06806218645756233,0.06434975285373433,-2.260681951398948,-5.769149746800564,3.3170993657417993,3.5084677954016157,0.002257690355293801,2,0,1
tabicl,churn,source::churn,pca_var95,principal component analysis,joint_pca_var95,pca_train_only_var95,same_hyperparameters,3,False,0.06636143306949156,0.0706281554798362,0.06434975285373433,-3.1261661879723786,-9.756684909688072,6.0411069514094144,6.630518721715694,0.004266722410344634,3,0,0
tabicl,churn,source::churn,scaling_train_only,scaling,joint_scaling,train_only_scaling,closer_pair_but_cat_encoding_also_differs,3,False,0.06434826811969831,0.06434777040828876,0.06434975285373433,0.0023072878607587203,0.003080735135180665,-0.0007734711030179757,-0.0007734472744219446,-4.977114095444657e-07,1,1,1
tabicl,churn,source::churn,target_m10,target encoding,target_enc_ratio,target_enc_standard_m10,loose_regularization_sensitivity,3,False,0.06847041481578935,0.06868773199756827,0.06434975285373433,-6.403539686346888,-6.741252221580515,0.3163842733759407,0.3377125352336277,0.0002173171817789199,2,0,1
tabicl,churn,source::churn,target_m20,target encoding,target_enc_ratio,target_enc_standard_m20,loose_regularization_sensitivity,3,False,0.06847041481578935,0.06851995495144729,0.06434975285373433,-6.403539686346888,-6.4805254298206005,0.0723003038940228,0.07698574347371251,4.954013565794391e-05,2,0,1
tabicl,churn,source::churn,target_m5,target encoding,target_enc_ratio,target_enc_standard_m5,loose_regularization_sensitivity,3,False,0.06847041481578935,0.06878377979936805,0.06434975285373433,-6.403539686346888,-6.890511228088428,0.45557976676004097,0.48697154174154067,0.00031336498357870113,2,0,1
tabicl,coil2000_insurance_policies,source::coil2000_insurance_policies,frequency_combined,frequency encoding,joint_freq_combined,freq_enc_train_only,same_hyperparameters,3,False,0.23113364550964444,0.23150000321448072,0.2308936310061714,-0.10395024861755875,-0.26261972046041443,0.15825386598239494,0.15866947184285568,0.00036635770483628427,2,0,1
tabicl,coil2000_insurance_policies,source::coil2000_insurance_policies,groupby_combined,group-by aggregation,joint_groupby_combined,groupby_train_only,same_hyperparameters,3,False,0.28214843045737936,0.28318940175073815,0.2308936310061714,-22.198446630101284,-22.64929115483872,0.36758836556851127,0.4508445247374363,0.0010409712933587834,2,0,1
tabicl,coil2000_insurance_policies,source::coil2000_insurance_policies,pca_10,principal component analysis,joint_pca_10,pca_train_only_10,same_hyperparameters,3,False,0.2326217162520734,0.22853318713752044,0.2308936310061714,-0.7484334835791961,1.0223079165782114,-1.78903080369359,-1.7707414001574076,-0.004088529114552958,0,0,3
tabicl,coil2000_insurance_policies,source::coil2000_insurance_policies,pca_5,principal component analysis,joint_pca_5,pca_train_only_5,same_hyperparameters,3,False,0.23146880260713001,0.23073165799364617,0.2308936310061714,-0.2491067416854076,0.07015048956500289,-0.3194813489807894,-0.3192572312504105,-0.0007371446134838422,1,0,2
tabicl,coil2000_insurance_policies,source::coil2000_insurance_policies,pca_var90,principal component analysis,joint_pca_var90,pca_train_only_var90,same_hyperparameters,3,False,0.23036004183515432,0.2271943462154903,0.2308936310061714,0.23109739696667006,1.6021597367413851,-1.3933866191641044,-1.371062339774715,-0.0031656956196640107,0,0,3
tabicl,coil2000_insurance_policies,source::coil2000_insurance_policies,pca_var95,principal component analysis,joint_pca_var95,pca_train_only_var95,same_hyperparameters,3,False,0.22891949864042047,0.23076680031544192,0.2308936310061714,0.8549964575238463,0.05493035480311964,0.8005058234097453,0.8000661027207266,0.001847301675021451,2,0,1
tabicl,coil2000_insurance_policies,source::coil2000_insurance_policies,scaling_train_only,scaling,joint_scaling,train_only_scaling,closer_pair_but_cat_encoding_also_differs,3,False,0.23089363365927615,0.2308952992017017,0.2308936310061714,-1.1490592981470456e-06,-0.0007224952559440824,0.0007213409849915396,0.0007213461966459354,1.6655424255607176e-06,2,1,0
tabicl,coil2000_insurance_policies,source::coil2000_insurance_policies,target_m10,target encoding,target_enc_ratio,target_enc_standard_m10,loose_regularization_sensitivity,3,False,0.23335242567987327,0.23342092584961308,0.2308936310061714,-1.0649036367902842,-1.0945710509330215,0.02934619914237574,0.02966741414273734,6.850016973980466e-05,2,0,1
tabicl,coil2000_insurance_policies,source::coil2000_insurance_policies,target_m20,target encoding,target_enc_ratio,target_enc_standard_m20,loose_regularization_sensitivity,3,False,0.23335242567987327,0.23326506331007937,0.2308936310061714,-1.0649036367902842,-1.0270670063846743,-0.03745197354211873,-0.03783663040560976,-8.736236979389744e-05,1,0,2
tabicl,coil2000_insurance_policies,source::coil2000_insurance_policies,target_m5,target encoding,target_enc_ratio,target_enc_standard_m5,loose_regularization_sensitivity,3,False,0.23335242567987327,0.23365662898329276,0.2308936310061714,-1.0649036367902842,-1.1966540458829265,0.13019245580284325,0.13175040909264232,0.00030420330341948687,2,0,1
tabicl,concrete_compressive_strength,source::concrete_compressive_strength,frequency_combined,frequency encoding,joint_freq_combined,freq_enc_train_only,same_hyperparameters,3,False,3.748797526214327,3.7487978437912495,3.7487978437912495,8.471433664078994e-06,0.0,8.471433664078994e-06,8.471433664078994e-06,3.175769225371994e-07,1,2,0
tabicl,concrete_compressive_strength,source::concrete_compressive_strength,groupby_combined,group-by aggregation,joint_groupby_combined,groupby_train_only,same_hyperparameters,3,False,4.259480832002224,4.168788170434827,3.7487978437912495,-13.622580077417803,-11.203333552359055,-2.175516189826871,-2.4192465250587483,-0.09069266156739708,1,0,2
tabicl,concrete_compressive_strength,source::concrete_compressive_strength,pca_10,principal component analysis,joint_pca_10,pca_train_only_10,same_hyperparameters,3,False,3.8261983808687803,3.8213070410458094,3.7487978437912495,-2.0646762056193935,-1.9341986491656125,-0.12800174836597789,-0.130477556453781,-0.004891339822970853,0,0,3
tabicl,concrete_compressive_strength,source::concrete_compressive_strength,pca_5,principal component analysis,joint_pca_5,pca_train_only_5,same_hyperparameters,3,False,3.8550753723532587,3.851829925779984,3.7487978437912495,-2.834976250800662,-2.748403255709726,-0.0842572656584086,-0.0865729950909363,-0.003245446573274524,2,0,1
tabicl,concrete_compressive_strength,source::concrete_compressive_strength,pca_var90,principal component analysis,joint_pca_var90,pca_train_only_var90,same_hyperparameters,3,False,3.8951357927585817,3.8868932987261506,3.7487978437912495,-3.9035967012650947,-3.6837263754729945,-0.21205866482448477,-0.21987032579210017,-0.008242494032431047,1,0,2
tabicl,concrete_compressive_strength,source::concrete_compressive_strength,pca_var95,principal component analysis,joint_pca_var95,pca_train_only_var95,same_hyperparameters,3,False,3.89513871167325,3.88689369671896,3.7487978437912495,-3.903674563950409,-3.6837369920179768,-0.2121235000908237,-0.21993757193243268,-0.008245014954289864,1,0,2
tabicl,concrete_compressive_strength,source::concrete_compressive_strength,scaling_train_only,scaling,joint_scaling,train_only_scaling,closer_pair_but_cat_encoding_also_differs,3,False,3.7487967565843197,3.7487956652418313,3.7487978437912495,2.9001481944884573e-05,5.811328081627714e-05,-2.9111815789223822e-05,-2.9111798871392564e-05,-1.0913424883796097e-06,1,0,2
tabicl,concrete_compressive_strength,source::concrete_compressive_strength,target_m10,target encoding,target_enc_ratio,target_enc_standard_m10,loose_regularization_sensitivity,3,False,3.7487978437912495,3.748797526214327,3.7487978437912495,0.0,8.471433664078994e-06,-8.471434381730939e-06,-8.471433664078994e-06,-3.175769225371994e-07,0,2,1
tabicl,concrete_compressive_strength,source::concrete_compressive_strength,target_m20,target encoding,target_enc_ratio,target_enc_standard_m20,loose_regularization_sensitivity,3,False,3.7487978437912495,3.7487969653493143,3.7487978437912495,0.0,2.3432630186967035e-05,-2.3432635677849896e-05,-2.3432630186967035e-05,-8.784419351925976e-07,0,2,1
tabicl,concrete_compressive_strength,source::concrete_compressive_strength,target_m5,target encoding,target_enc_ratio,target_enc_standard_m5,loose_regularization_sensitivity,3,False,3.7487978437912495,3.748797535922712,3.7487978437912495,0.0,8.212460371535558e-06,-8.212461045980667e-06,-8.212460371535558e-06,-3.078685373303358e-07,0,2,1
tabicl,credit-g,source::credit-g,frequency_combined,frequency encoding,joint_freq_combined,freq_enc_train_only,same_hyperparameters,3,False,0.21736656762407836,0.21653833926366114,0.2072395852438771,-4.886606180129126,-4.486958420053481,-0.3824857820714806,-0.3996477600756443,-0.0008282283604172103,0,0,3
tabicl,credit-g,source::credit-g,groupby_combined,group-by aggregation,joint_groupby_combined,groupby_train_only,same_hyperparameters,3,False,0.2264073829524473,0.22493488866879416,0.2072395852438771,-9.249100593409208,-8.538573074296325,-0.6546313434823908,-0.7105275191128826,-0.0014724942836531474,0,0,3
tabicl,credit-g,source::credit-g,pca_10,principal component analysis,joint_pca_10,pca_train_only_10,same_hyperparameters,3,False,0.21817890026044529,0.21721042270398497,0.2072395852438771,-5.278583724096407,-4.811261057280304,-0.4458706651384597,-0.46732266681610307,-0.0009684775564603176,1,0,2
tabicl,credit-g,source::credit-g,pca_5,principal component analysis,joint_pca_5,pca_train_only_5,same_hyperparameters,3,False,0.21920405218688485,0.21774965457368886,0.2072395852438771,-5.773253661421934,-5.071458388340069,-0.667921892249802,-0.7017952730818643,-0.0014543976131959901,0,0,3
tabicl,credit-g,source::credit-g,pca_var90,principal component analysis,joint_pca_var90,pca_train_only_var90,same_hyperparameters,3,False,0.2127257498502134,0.21094432828338402,0.2072395852438771,-2.647257086468422,-1.787661867373088,-0.8444984424687602,-0.8595952190953339,-0.0017814215668293665,1,0,2
tabicl,credit-g,source::credit-g,pca_var95,principal component analysis,joint_pca_var95,pca_train_only_var95,same_hyperparameters,3,False,0.2127257498502134,0.21094432828338402,0.2072395852438771,-2.647257086468422,-1.787661867373088,-0.8444984424687602,-0.8595952190953339,-0.0017814215668293665,1,0,2
tabicl,credit-g,source::credit-g,scaling_train_only,scaling,joint_scaling,train_only_scaling,closer_pair_but_cat_encoding_also_differs,3,False,0.2072395852438771,0.2072395852438771,0.2072395852438771,0.0,0.0,0.0,0.0,0.0,0,3,0
tabicl,credit-g,source::credit-g,target_m10,target encoding,target_enc_ratio,target_enc_standard_m10,loose_regularization_sensitivity,3,False,0.21411564750620538,0.2137865448809655,0.2072395852438771,-3.317928982649052,-3.15912600837529,-0.15393982134054646,-0.1588029742737621,-0.0003291026252398854,1,0,2
tabicl,credit-g,source::credit-g,target_m20,target encoding,target_enc_ratio,target_enc_standard_m20,loose_regularization_sensitivity,3,False,0.21411564750620538,0.21367331841580758,0.2072395852438771,-3.317928982649052,-3.1044904690189155,-0.20701185046278014,-0.21343851363013686,-0.00044232909039779167,0,0,3
tabicl,credit-g,source::credit-g,target_m5,target encoding,target_enc_ratio,target_enc_standard_m5,loose_regularization_sensitivity,3,False,0.21411564750620538,0.21340076788574644,0.2072395852438771,-3.317928982649052,-2.9729757635921454,-0.3349939306880462,-0.3449532190569065,-0.0007148796204589358,0,0,3
tabicl,credit_card_clients_default,source::credit_card_clients_default,frequency_combined,frequency encoding,joint_freq_combined,freq_enc_train_only,same_hyperparameters,3,False,0.20969025893532436,0.20969127477923868,0.20931546090444395,-0.17905893299086995,-0.17954425018145442,0.00048444739314493934,0.000485317190584485,1.0158439143204134e-06,2,0,1
tabicl,credit_card_clients_default,source::credit_card_clients_default,groupby_combined,group-by aggregation,joint_groupby_combined,groupby_train_only,same_hyperparameters,3,False,0.21468883984974943,0.21468616963146026,0.20931546090444395,-2.5671199452192037,-2.565844254318189,-0.0012437775073068287,-0.001275690901014563,-2.670218289174686e-06,1,0,2
tabicl,credit_card_clients_default,source::credit_card_clients_default,pca_10,principal component analysis,joint_pca_10,pca_train_only_10,same_hyperparameters,3,False,0.2122667099938608,0.21149818053647698,0.20931546090444395,-1.4099527462828687,-1.0427894922819319,-0.3633740278211365,-0.3671632540009369,-0.0007685294573838153,0,0,3
tabicl,credit_card_clients_default,source::credit_card_clients_default,pca_5,principal component analysis,joint_pca_5,pca_train_only_5,same_hyperparameters,3,False,0.210601906288186,0.21033071466186679,0.20931546090444395,-0.6145964460453054,-0.48503524442770185,-0.12893581746023042,-0.1295612016176035,-0.00027119162631922267,1,0,2
tabicl,credit_card_clients_default,source::credit_card_clients_default,pca_var90,principal component analysis,joint_pca_var90,pca_train_only_var90,same_hyperparameters,3,False,0.21226671966856472,0.21149807411473362,0.20931546090444395,-1.4099573683513416,-1.042738649528653,-0.3634291031010188,-0.3672187188226884,-0.0007686455538311043,0,0,3
tabicl,credit_card_clients_default,source::credit_card_clients_default,pca_var95,principal component analysis,joint_pca_var95,pca_train_only_var95,same_hyperparameters,3,False,0.2120181571747759,0.2115829309430467,0.20931546090444395,-1.2912071849130067,-1.0832788121838224,-0.20570006748150924,-0.20792837272918427,-0.00043522623172920216,0,0,3
tabicl,credit_card_clients_default,source::credit_card_clients_default,scaling_train_only,scaling,joint_scaling,train_only_scaling,closer_pair_but_cat_encoding_also_differs,3,False,0.20931531578388474,0.20931521903684525,0.20931546090444395,6.933102723582655e-05,0.00011555171206855102,-4.6220738241578845e-05,-4.622068483272447e-05,-9.674703949080765e-08,1,0,2
tabicl,credit_card_clients_default,source::credit_card_clients_default,target_m10,target encoding,target_enc_ratio,target_enc_standard_m10,loose_regularization_sensitivity,3,False,0.20963119486773216,0.20964376230815837,0.20931546090444395,-0.15084120490858036,-0.1568452718666115,0.005994664610026089,0.006004066958031176,1.2567440426214382e-05,2,0,1
tabicl,credit_card_clients_default,source::credit_card_clients_default,target_m20,target encoding,target_enc_ratio,target_enc_standard_m20,loose_regularization_sensitivity,3,False,0.20963119486773216,0.20959320230533485,0.20931546090444395,-0.15084120490858036,-0.13269034197989582,-0.018126810401972098,-0.018150862928684522,-3.799256239730986e-05,1,0,2
tabicl,credit_card_clients_default,source::credit_card_clients_default,target_m5,target encoding,target_enc_ratio,target_enc_standard_m5,loose_regularization_sensitivity,3,False,0.20963119486773216,0.20965706502608453,0.20931546090444395,-0.15084120490858036,-0.16320061602928124,0.012339273350579206,0.012359411120700887,2.5870158352370165e-05,1,0,2
tabicl,diabetes,source::diabetes,frequency_combined,frequency encoding,joint_freq_combined,freq_enc_train_only,same_hyperparameters,3,False,0.15705705596162942,0.15705705596162942,0.15705705596162942,0.0,0.0,0.0,0.0,0.0,0,3,0
tabicl,diabetes,source::diabetes,groupby_combined,group-by aggregation,joint_groupby_combined,groupby_train_only,same_hyperparameters,3,False,0.15759368707495733,0.15785841940654288,0.15705705596162942,-0.34167908601254854,-0.5102371491728761,0.16770238330067921,0.16855806316032756,0.0002647323315855543,2,0,1
tabicl,diabetes,source::diabetes,pca_10,principal component analysis,joint_pca_10,pca_train_only_10,same_hyperparameters,3,False,0.15773379763043593,0.15880636632965742,0.15705705596162942,-0.4308890579050796,-1.113805653185919,0.67539401852127,0.6829165952808394,0.0010725686992214822,2,0,1
tabicl,diabetes,source::diabetes,pca_5,principal component analysis,joint_pca_5,pca_train_only_5,same_hyperparameters,3,False,0.15982748940396657,0.15877457365100733,0.15705705596162942,-1.7639662384948818,-1.0935628958927666,-0.6631513653272896,-0.6704033426021151,-0.0010529157529592381,0,0,3
tabicl,diabetes,source::diabetes,pca_var90,principal component analysis,joint_pca_var90,pca_train_only_var90,same_hyperparameters,3,False,0.15923571685502538,0.15927976185168577,0.15705705596162942,-1.3871779781280476,-1.4152219245720372,0.027652600775105965,0.02804394644398964,4.404499666038619e-05,2,0,1
tabicl,diabetes,source::diabetes,pca_var95,principal component analysis,joint_pca_var95,pca_train_only_var95,same_hyperparameters,3,False,0.15773379763043593,0.15912415951455242,0.15705705596162942,-0.4308890579050796,-1.3161481604672467,0.8737591377438371,0.8852591025621671,0.001390361884116481,2,0,1
tabicl,diabetes,source::diabetes,scaling_train_only,scaling,joint_scaling,train_only_scaling,closer_pair_but_cat_encoding_also_differs,3,False,0.15705705596162942,0.15707936742972398,0.15705705596162942,0.0,-0.014205963532138986,0.014203945724789198,0.014205963532138986,2.2311468094560194e-05,1,2,0
tabicl,diabetes,source::diabetes,target_m10,target encoding,target_enc_ratio,target_enc_standard_m10,loose_regularization_sensitivity,3,False,0.15705705596162942,0.15705705596162942,0.15705705596162942,0.0,0.0,0.0,0.0,0.0,0,3,0
tabicl,diabetes,source::diabetes,target_m20,target encoding,target_enc_ratio,target_enc_standard_m20,loose_regularization_sensitivity,3,False,0.15705705596162942,0.15707936742972398,0.15705705596162942,0.0,-0.014205963532138986,0.014203945724789198,0.014205963532138986,2.2311468094560194e-05,1,2,0
tabicl,diabetes,source::diabetes,target_m5,target encoding,target_enc_ratio,target_enc_standard_m5,loose_regularization_sensitivity,3,False,0.15705705596162942,0.15705705596162942,0.15705705596162942,0.0,0.0,0.0,0.0,0.0,0,3,0
tabicl,gas_sensor_drift,source::gas_sensor_drift,frequency_combined,frequency encoding,joint_freq_combined,freq_enc_train_only,same_hyperparameters,1,False,0.0288742422311484,0.0288742422311484,0.0288742035260366,-0.00013404737472576074,-0.00013404737472576074,0.0,0.0,0.0,0,1,0
tabicl,gas_sensor_drift,source::gas_sensor_drift,groupby_combined,group-by aggregation,joint_groupby_combined,groupby_train_only,same_hyperparameters,1,False,0.0288742422311484,0.0288742422311484,0.0288742035260366,-0.00013404737472576074,-0.00013404737472576074,0.0,0.0,0.0,0,1,0
tabicl,gas_sensor_drift,source::gas_sensor_drift,pca_10,principal component analysis,joint_pca_10,pca_train_only_10,same_hyperparameters,1,False,0.0261748306214212,0.0299508603542921,0.0288742035260366,9.348735462716085,-3.7287845092753775,12.607416575697055,13.077519971991464,0.0037760297328708996,1,0,0
tabicl,gas_sensor_drift,source::gas_sensor_drift,pca_5,principal component analysis,joint_pca_5,pca_train_only_5,same_hyperparameters,1,False,0.0341273174231719,0.0350667302672563,0.0288742035260366,-18.19310407089993,-21.446571627978376,2.6789291072329626,3.2534675570784413,0.0009394128440844002,1,0,0
tabicl,gas_sensor_drift,source::gas_sensor_drift,pca_var90,principal component analysis,joint_pca_var90,pca_train_only_var90,same_hyperparameters,1,False,0.0287446612060388,0.0314293654534744,0.0288742035260366,0.4486437864199122,-8.849289730654363,8.542024977913817,9.297933517074275,0.0026847042474355994,1,0,0
tabicl,gas_sensor_drift,source::gas_sensor_drift,pca_var95,principal component analysis,joint_pca_var95,pca_train_only_var95,same_hyperparameters,1,False,0.0342572760862923,0.0232126455383729,0.0288742035260366,-18.643189778037165,19.607668078388837,-47.58023177350246,-38.250857856425995,-0.011044630547919404,0,0,1
tabicl,gas_sensor_drift,source::gas_sensor_drift,scaling_train_only,scaling,joint_scaling,train_only_scaling,closer_pair_but_cat_encoding_also_differs,1,False,0.0288740821422863,0.0288740927038307,0.0288742035260366,0.00042038822020380463,0.00038381043411893963,3.657792647476341e-05,3.657778608486501e-05,1.056154439946222e-08,1,0,0
tabicl,gas_sensor_drift,source::gas_sensor_drift,target_m10,target encoding,target_enc_ratio,target_enc_standard_m10,loose_regularization_sensitivity,1,False,0.0288742422311484,0.0288742422311484,0.0288742035260366,-0.00013404737472576074,-0.00013404737472576074,0.0,0.0,0.0,0,1,0
tabicl,gas_sensor_drift,source::gas_sensor_drift,target_m20,target encoding,target_enc_ratio,target_enc_standard_m20,loose_regularization_sensitivity,1,False,0.0288742422311484,0.0288742422311484,0.0288742035260366,-0.00013404737472576074,-0.00013404737472576074,0.0,0.0,0.0,0,1,0
tabicl,gas_sensor_drift,source::gas_sensor_drift,target_m5,target encoding,target_enc_ratio,target_enc_standard_m5,loose_regularization_sensitivity,1,False,0.0288742422311484,0.0288742035260366,0.0288742035260366,-0.00013404737472576074,0.0,-0.00013404737472576074,-0.00013404737472576074,-3.87051117996251e-08,0,0,1
tabicl,hazelnut-spread-contaminant-detection,source::hazelnut-spread-contaminant-detection,frequency_combined,frequency encoding,joint_freq_combined,freq_enc_train_only,same_hyperparameters,3,True,0.006410416666666634,0.006410416666666634,0.006410416666666634,,,,,0.0,0,3,0
tabicl,hazelnut-spread-contaminant-detection,source::hazelnut-spread-contaminant-detection,groupby_combined,group-by aggregation,joint_groupby_combined,groupby_train_only,same_hyperparameters,3,True,0.006410416666666634,0.006410416666666634,0.006410416666666634,,,,,0.0,0,3,0
tabicl,hazelnut-spread-contaminant-detection,source::hazelnut-spread-contaminant-detection,pca_10,principal component analysis,joint_pca_10,pca_train_only_10,same_hyperparameters,3,True,0.006052083333333266,0.005662499999999934,0.006410416666666634,,,,,-0.00038958333333333206,1,0,2
tabicl,hazelnut-spread-contaminant-detection,source::hazelnut-spread-contaminant-detection,pca_5,principal component analysis,joint_pca_5,pca_train_only_5,same_hyperparameters,3,True,0.006670833333333266,0.006541666666666601,0.006410416666666634,,,,,-0.00012916666666666458,1,1,1
tabicl,hazelnut-spread-contaminant-detection,source::hazelnut-spread-contaminant-detection,pca_var90,principal component analysis,joint_pca_var90,pca_train_only_var90,same_hyperparameters,3,True,0.006052083333333266,0.005662499999999934,0.006410416666666634,,,,,-0.00038958333333333206,1,0,2
tabicl,hazelnut-spread-contaminant-detection,source::hazelnut-spread-contaminant-detection,pca_var95,principal component analysis,joint_pca_var95,pca_train_only_var95,same_hyperparameters,3,True,0.006541666666666667,0.0065499999999999005,0.006410416666666634,,,,,8.333333333233536e-06,1,0,2
tabicl,hazelnut-spread-contaminant-detection,source::hazelnut-spread-contaminant-detection,scaling_train_only,scaling,joint_scaling,train_only_scaling,closer_pair_but_cat_encoding_also_differs,3,True,0.0064124999999999,0.0064124999999999,0.006410416666666634,,,,,0.0,0,3,0
tabicl,hazelnut-spread-contaminant-detection,source::hazelnut-spread-contaminant-detection,target_m10,target encoding,target_enc_ratio,target_enc_standard_m10,loose_regularization_sensitivity,3,True,0.006410416666666634,0.006410416666666634,0.006410416666666634,,,,,0.0,0,3,0
tabicl,hazelnut-spread-contaminant-detection,source::hazelnut-spread-contaminant-detection,target_m20,target encoding,target_enc_ratio,target_enc_standard_m20,loose_regularization_sensitivity,3,True,0.006410416666666634,0.006410416666666634,0.006410416666666634,,,,,0.0,0,3,0
tabicl,hazelnut-spread-contaminant-detection,source::hazelnut-spread-contaminant-detection,target_m5,target encoding,target_enc_ratio,target_enc_standard_m5,loose_regularization_sensitivity,3,True,0.006410416666666634,0.006410416666666634,0.006410416666666634,,,,,0.0,0,3,0
tabicl,healthcare_insurance_expenses,source::healthcare_insurance_expenses,frequency_combined,frequency encoding,joint_freq_combined,freq_enc_train_only,same_hyperparameters,3,False,4474.625917970473,4467.255631438221,4467.922310030383,-0.15003859680013062,0.014921445493038669,-0.16498466038934115,-0.1649600422931693,-7.3702865322520665,1,0,2
tabicl,healthcare_insurance_expenses,source::healthcare_insurance_expenses,groupby_combined,group-by aggregation,joint_groupby_combined,groupby_train_only,same_hyperparameters,3,False,4468.414262453472,4458.0346811233885,4467.922310030383,-0.011010764936170191,0.2213026149715586,-0.23282863576708393,-0.23231337990772877,-10.379581330083056,0,0,3
tabicl,healthcare_insurance_expenses,source::healthcare_insurance_expenses,pca_10,principal component analysis,joint_pca_10,pca_train_only_10,same_hyperparameters,3,False,4527.781881109747,4532.520724958608,4467.922310030383,-1.3397630246385441,-1.4458267276313852,0.10455206134561651,0.106063702992841,4.738843848861507,3,0,0
tabicl,healthcare_insurance_expenses,source::healthcare_insurance_expenses,pca_5,principal component analysis,joint_pca_5,pca_train_only_5,same_hyperparameters,3,False,4527.781258728967,4532.521118419104,4467.922310030383,-1.3397490946564106,-1.4458355339728637,0.10457446454854838,0.10608643931645315,4.7398596901366545,3,0,0
tabicl,healthcare_insurance_expenses,source::healthcare_insurance_expenses,pca_var90,principal component analysis,joint_pca_var90,pca_train_only_var90,same_hyperparameters,3,False,4527.781112006983,4532.520620680486,4467.922310030383,-1.3397458107590123,-1.4458243937026578,0.10456673163004081,0.10607858294364553,4.739508673503224,3,0,0
tabicl,healthcare_insurance_expenses,source::healthcare_insurance_expenses,pca_var95,principal component analysis,joint_pca_var95,pca_train_only_var95,same_hyperparameters,3,False,4527.781112006983,4532.520620680486,4467.922310030383,-1.3397458107590123,-1.4458243937026578,0.10456673163004081,0.10607858294364553,4.739508673503224,3,0,0
tabicl,healthcare_insurance_expenses,source::healthcare_insurance_expenses,scaling_train_only,scaling,joint_scaling,train_only_scaling,closer_pair_but_cat_encoding_also_differs,3,False,4467.921949924213,4467.922262847734,4467.922310030383,8.059812722474116e-06,1.0560311135520457e-06,7.003781682884184e-06,7.00378160892207e-06,0.0003129235210508341,1,0,2
tabicl,healthcare_insurance_expenses,source::healthcare_insurance_expenses,target_m10,target encoding,target_enc_ratio,target_enc_standard_m10,loose_regularization_sensitivity,3,False,4464.691544333173,4464.74176220475,4467.922310030383,0.07231024787422342,0.0711862831297113,0.0011247654232108373,0.0011239647445121254,0.05021787157693325,2,0,1
tabicl,healthcare_insurance_expenses,source::healthcare_insurance_expenses,target_m20,target encoding,target_enc_ratio,target_enc_standard_m20,loose_regularization_sensitivity,3,False,4464.691544333173,4464.73698533506,4467.922310030383,0.07231024787422342,0.07129319791824283,0.001017775560725471,0.0010170499559805995,0.0454410018874114,2,0,1
tabicl,healthcare_insurance_expenses,source::healthcare_insurance_expenses,target_m5,target encoding,target_enc_ratio,target_enc_standard_m5,loose_regularization_sensitivity,3,False,4464.691544333173,4464.742955806419,4467.922310030383,0.07231024787422342,0.07115956821422761,0.001151499061756151,0.0011506796599958144,0.05141147324593476,2,0,1
tabicl,heloc,source::heloc,frequency_combined,frequency encoding,joint_freq_combined,freq_enc_train_only,same_hyperparameters,3,False,0.19859149951031943,0.19859149951031943,0.19857754625701407,-0.0070266017323532375,-0.0070266017323532375,0.0,0.0,0.0,0,3,0
tabicl,heloc,source::heloc,groupby_combined,group-by aggregation,joint_groupby_combined,groupby_train_only,same_hyperparameters,3,False,0.19997094266931495,0.20008514722964377,0.19857754625701407,-0.7016888054893378,-0.7592001215879894,0.057077980005053416,0.05751131609865175,0.00011420456032881776,1,0,2
tabicl,heloc,source::heloc,pca_10,principal component analysis,joint_pca_10,pca_train_only_10,same_hyperparameters,3,False,0.1987145365410429,0.19859241015015608,0.19857754625701407,-0.06898578747243082,-0.007485183205341187,-0.06149600117873745,-0.061500604267089636,-0.0001221263908868231,0,0,3
tabicl,heloc,source::heloc,pca_5,principal component analysis,joint_pca_5,pca_train_only_5,same_hyperparameters,3,False,0.19773710123130628,0.1977488525610479,0.19857754625701407,0.42323265724112874,0.41731490371706326,0.005942552682068978,0.005917753524065466,1.1751329741627181e-05,2,0,1
tabicl,heloc,source::heloc,pca_var90,principal component analysis,joint_pca_var90,pca_train_only_var90,same_hyperparameters,3,False,0.19872096736043154,0.19858724324823052,0.19857754625701407,-0.07222422983908125,-0.004883226426765874,-0.06733771515921354,-0.06734100341231537,-0.00013372411220102798,0,0,3
tabicl,heloc,source::heloc,pca_var95,principal component analysis,joint_pca_var95,pca_train_only_var95,same_hyperparameters,3,False,0.19850416542051397,0.19820552182287884,0.19857754625701407,0.03695323962011705,0.18734466265069274,-0.15067370216960865,-0.1503914230305757,-0.00029864359763512316,0,0,3
tabicl,heloc,source::heloc,scaling_train_only,scaling,joint_scaling,train_only_scaling,closer_pair_but_cat_encoding_also_differs,3,False,0.19859138984557181,0.19859127991148837,0.19857754625701407,-0.006971376582439126,-0.0069160157999540155,-5.535695398942655e-05,-5.536078248511083e-05,-1.099340834476159e-07,0,2,1
tabicl,heloc,source::heloc,target_m10,target encoding,target_enc_ratio,target_enc_standard_m10,loose_regularization_sensitivity,3,False,0.19857754625701407,0.19857754625701407,0.19857754625701407,0.0,0.0,0.0,0.0,0.0,0,3,0
tabicl,heloc,source::heloc,target_m20,target encoding,target_enc_ratio,target_enc_standard_m20,loose_regularization_sensitivity,3,False,0.19857754625701407,0.19859149951031943,0.19857754625701407,0.0,-0.0070266017323532375,0.0070261080357242826,0.0070266017323532375,1.3953253305359903e-05,1,2,0
tabicl,heloc,source::heloc,target_m5,target encoding,target_enc_ratio,target_enc_standard_m5,loose_regularization_sensitivity,3,False,0.19857754625701407,0.1985912248399788,0.19857754625701407,0.0,-0.006888282800623081,0.006887808348905243,0.006888282800623081,1.3678582964721242e-05,1,2,0
tabicl,houses,source::houses,frequency_combined,frequency encoding,joint_freq_combined,freq_enc_train_only,same_hyperparameters,3,False,0.19718856653945102,0.197188571320415,0.19718856609087268,-2.2748699381091888e-07,-2.6520515010726404e-06,2.4245644429610237e-06,2.4245645072617215e-06,4.780963985817621e-09,1,1,1
tabicl,houses,source::houses,groupby_combined,group-by aggregation,joint_groupby_combined,groupby_train_only,same_hyperparameters,3,False,0.20131964911174502,0.20176421956137455,0.19718856609087268,-2.094991156317129,-2.320445632934529,0.22034157027247323,0.2254544766174002,0.0004445704496295333,3,0,0
tabicl,houses,source::houses,pca_10,principal component analysis,joint_pca_10,pca_train_only_10,same_hyperparameters,3,False,0.2005370881190425,0.20027457879701138,0.19718856609087268,-1.6981319427145092,-1.5650059064360453,-0.13107470933551923,-0.13312603627846398,-0.0002625093220311181,1,0,2
tabicl,houses,source::houses,pca_5,principal component analysis,joint_pca_5,pca_train_only_5,same_hyperparameters,3,False,0.20053887743181517,0.2008147283263262,0.19718856609087268,-1.6990393547456137,-1.83893128660534,0.13736586793711375,0.1398919318597263,0.00027585089451101497,2,0,1
tabicl,houses,source::houses,pca_var90,principal component analysis,joint_pca_var90,pca_train_only_var90,same_hyperparameters,3,False,0.20042504296818084,0.20058618623529434,0.19718856609087268,-1.6413106203209855,-1.7230310112686222,0.0803361737604772,0.08172039094763688,0.00016114326711350047,2,0,1
tabicl,houses,source::houses,pca_var95,principal component analysis,joint_pca_var95,pca_train_only_var95,same_hyperparameters,3,False,0.20042504296818084,0.2005861922231714,0.19718856609087268,-1.6413106203209855,-1.7230340478935007,0.08033915655134514,0.08172342757251529,0.00016114925499055577,2,0,1
tabicl,houses,source::houses,scaling_train_only,scaling,joint_scaling,train_only_scaling,closer_pair_but_cat_encoding_also_differs,3,False,0.19718856119445763,0.1971885334768416,0.19718856609087268,2.483113066979564e-06,1.653951430016855e-05,-1.4056403558049862e-05,-1.4056401233188986e-05,-2.7717616035705106e-08,1,0,2
tabicl,houses,source::houses,target_m10,target encoding,target_enc_ratio,target_enc_standard_m10,loose_regularization_sensitivity,3,False,0.19718857176899332,0.19718855845527639,0.19718856609087268,-2.8795384808079076e-06,3.87223075125574e-06,-6.751769493507742e-06,-6.751769232063647e-06,-1.3313716934471032e-08,0,1,2
tabicl,houses,source::houses,target_m20,target encoding,target_enc_ratio,target_enc_standard_m20,loose_regularization_sensitivity,3,False,0.19718857176899332,0.19718856609087268,0.19718856609087268,-2.8795384808079076e-06,0.0,-2.8795384808079076e-06,-2.8795384808079076e-06,-5.678120640340012e-09,0,1,2
tabicl,houses,source::houses,target_m5,target encoding,target_enc_ratio,target_enc_standard_m5,loose_regularization_sensitivity,3,False,0.19718857176899332,0.19718855845527639,0.19718856609087268,-2.8795384808079076e-06,3.87223075125574e-06,-6.751769493507742e-06,-6.751769232063647e-06,-1.3313716934471032e-08,0,1,2
tabicl,in_vehicle_coupon_recommendation,source::in_vehicle_coupon_recommendation,frequency_combined,frequency encoding,joint_freq_combined,freq_enc_train_only,same_hyperparameters,3,False,0.1601081630668395,0.1602503054069092,0.1611430978312823,0.6422457917039576,0.5540370244761299,0.08870019917202474,0.08820876722782764,0.00014214234006970639,2,0,1
tabicl,in_vehicle_coupon_recommendation,source::in_vehicle_coupon_recommendation,groupby_combined,group-by aggregation,joint_groupby_combined,groupby_train_only,same_hyperparameters,3,False,0.19671433331299434,0.1994426545345749,0.1611430978312823,-22.074315288983282,-23.767419901156703,1.367972777913257,1.6931046121734188,0.0027283212215805652,3,0,0
tabicl,in_vehicle_coupon_recommendation,source::in_vehicle_coupon_recommendation,pca_10,principal component analysis,joint_pca_10,pca_train_only_10,same_hyperparameters,3,False,0.16077830162771742,0.16053089589531547,0.1611430978312823,0.22638028465037413,0.379911981466198,-0.15411720654900452,-0.15353169681582382,-0.00024740573240195074,2,0,1
tabicl,in_vehicle_coupon_recommendation,source::in_vehicle_coupon_recommendation,pca_5,principal component analysis,joint_pca_5,pca_train_only_5,same_hyperparameters,3,False,0.16077792158526677,0.15988174537516697,0.1611430978312823,0.22661612624443747,0.7827530146131212,-0.5605244100862764,-0.5561368883686837,-0.0008961762100997972,1,0,2
tabicl,in_vehicle_coupon_recommendation,source::in_vehicle_coupon_recommendation,pca_var90,principal component analysis,joint_pca_var90,pca_train_only_var90,same_hyperparameters,3,False,0.16077773153895022,0.1601519532280632,0.1611430978312823,0.22673406261223894,0.6150710868527839,-0.3907403551899844,-0.38833702424054495,-0.0006257783108870318,1,0,2
tabicl,in_vehicle_coupon_recommendation,source::in_vehicle_coupon_recommendation,pca_var95,principal component analysis,joint_pca_var95,pca_train_only_var95,same_hyperparameters,3,False,0.1607780735771559,0.16015183921532802,0.1611430978312823,0.22652180517752507,0.6151418393309874,-0.3910253949602722,-0.3886200341534623,-0.0006262343618278765,1,0,2
tabicl,in_vehicle_coupon_recommendation,source::in_vehicle_coupon_recommendation,scaling_train_only,scaling,joint_scaling,train_only_scaling,closer_pair_but_cat_encoding_also_differs,3,False,0.16114279377724874,0.16114267977455007,0.1611430978312823,0.0001886857319078446,0.0002594319817965523,-7.074643342758198e-05,-7.07462498887077e-05,-1.1400269867012369e-07,2,0,1
tabicl,in_vehicle_coupon_recommendation,source::in_vehicle_coupon_recommendation,target_m10,target encoding,target_enc_ratio,target_enc_standard_m10,loose_regularization_sensitivity,3,False,0.15824970492506837,0.15816104080050777,0.1611430978312823,1.7955425613347273,1.850564542265882,-0.05605939624059143,-0.055021980931154714,-8.866412456060013e-05,0,0,3
tabicl,in_vehicle_coupon_recommendation,source::in_vehicle_coupon_recommendation,target_m20,target encoding,target_enc_ratio,target_enc_standard_m20,loose_regularization_sensitivity,3,False,0.15824970492506837,0.158377521882807,0.1611430978312823,1.7955425613347273,1.716223645750494,0.08070397630870427,0.0793189155842334,0.00012781695773861346,2,0,1
tabicl,in_vehicle_coupon_recommendation,source::in_vehicle_coupon_recommendation,target_m5,target encoding,target_enc_ratio,target_enc_standard_m5,loose_regularization_sensitivity,3,False,0.15824970492506837,0.15830354100631036,0.1611430978312823,1.7955425613347273,1.7621336955709863,0.034008134562094776,0.03340886576374098,5.383608124198691e-05,1,0,2
tabicl,jm1,source::jm1,frequency_combined,frequency encoding,joint_freq_combined,freq_enc_train_only,same_hyperparameters,3,False,0.2182226941201161,0.21822277526054812,0.2182229375414122,0.00011154707146494793,7.436471431844456e-05,3.71823847970776e-05,3.718235714650337e-05,8.114043201223886e-08,1,1,1
tabicl,jm1,source::jm1,groupby_combined,group-by aggregation,joint_groupby_combined,groupby_train_only,same_hyperparameters,3,False,0.22591871595401936,0.22740702552676964,0.2182229375414122,-3.5265671424419938,-4.208580495171171,0.6544694779339989,0.6820133527291777,0.0014883095727502849,3,0,0
tabicl,jm1,source::jm1,pca_10,principal component analysis,joint_pca_10,pca_train_only_10,same_hyperparameters,3,False,0.22183210298923642,0.2220482973042326,0.2182229375414122,-1.6538891321354832,-1.7529595220000425,0.09736364458582585,0.09907038986455935,0.00021619431499617092,2,0,1
tabicl,jm1,source::jm1,pca_5,principal component analysis,joint_pca_5,pca_train_only_5,same_hyperparameters,3,False,0.22197569009015963,0.2226774228734201,0.2182229375414122,-1.7196874861219729,-2.04125440808099,0.3151342305858118,0.3215669219590168,0.000701732783260467,2,0,1
tabicl,jm1,source::jm1,pca_var90,principal component analysis,joint_pca_var90,pca_train_only_var90,same_hyperparameters,3,False,0.22142890714537622,0.22202645389520156,0.2182229375414122,-1.4691258582089353,-1.7429498459883814,0.2691331322651275,0.2738239877794462,0.0005975467498253451,1,0,2
tabicl,jm1,source::jm1,pca_var95,principal component analysis,joint_pca_var95,pca_train_only_var95,same_hyperparameters,3,False,0.2211678082128036,0.22136743748821852,0.2182229375414122,-1.3494780633830274,-1.4409575740449332,0.09018005433863523,0.09147951066190563,0.00019962927541491982,2,0,1
tabicl,jm1,source::jm1,scaling_train_only,scaling,joint_scaling,train_only_scaling,closer_pair_but_cat_encoding_also_differs,3,False,0.2182245602946098,0.21822318068549465,0.2182229375414122,-0.0007436217365034583,-0.0001114200391538378,-0.0006322009929510266,-0.0006322016973496205,-1.37960911514301e-06,1,0,2
tabicl,jm1,source::jm1,target_m10,target encoding,target_enc_ratio,target_enc_standard_m10,loose_regularization_sensitivity,3,False,0.21822253183925208,0.21822309976683352,0.2182229375414122,0.00018591178575795466,-7.433930784095984e-05,0.0002602509001301967,0.0002602510935989145,5.679275814352014e-07,3,0,0
tabicl,jm1,source::jm1,target_m20,target encoding,target_enc_ratio,target_enc_standard_m20,loose_regularization_sensitivity,3,False,0.21822253183925208,0.2182229375414122,0.2182229375414122,0.00018591178575795466,0.0,0.00018591178575795466,0.00018591178575795466,4.0570216011670546e-07,2,1,0
tabicl,jm1,source::jm1,target_m5,target encoding,target_enc_ratio,target_enc_standard_m5,loose_regularization_sensitivity,3,False,0.21822253183925208,0.21822236950294535,0.2182229375414122,0.00018591178575795466,0.0002603019065030083,-7.439031438446023e-05,-7.439012074505363e-05,-1.623363067304595e-07,2,0,1
tabicl,maternal_health_risk,source::maternal_health_risk,frequency_combined,frequency encoding,joint_freq_combined,freq_enc_train_only,same_hyperparameters,3,False,0.03807453430735836,0.03807453430735836,0.03807453430735836,0.0,0.0,0.0,0.0,0.0,0,3,0
tabicl,maternal_health_risk,source::maternal_health_risk,groupby_combined,group-by aggregation,joint_groupby_combined,groupby_train_only,same_hyperparameters,3,False,0.03807453430735836,0.03807453430735836,0.03807453430735836,0.0,0.0,0.0,0.0,0.0,0,3,0
tabicl,maternal_health_risk,source::maternal_health_risk,pca_10,principal component analysis,joint_pca_10,pca_train_only_10,same_hyperparameters,3,False,0.040422438260360696,0.03955767378574747,0.03807453430735836,-6.16659926566344,-3.8953581583333325,-2.1860852569263063,-2.2712411073301073,-0.0008647644746132277,0,0,3
tabicl,maternal_health_risk,source::maternal_health_risk,pca_5,principal component analysis,joint_pca_5,pca_train_only_5,same_hyperparameters,3,False,0.04009314375368946,0.039798840404539036,0.03807453430735836,-5.301731151944729,-4.528764772961208,-0.7394771962171577,-0.7729663789835215,-0.00029430334915042655,1,0,2
tabicl,maternal_health_risk,source::maternal_health_risk,pca_var90,principal component analysis,joint_pca_var90,pca_train_only_var90,same_hyperparameters,3,False,0.04009314375368946,0.039818060040352404,0.03807453430735836,-5.301731151944729,-4.579243751005212,-0.6908516212449406,-0.7224874009395178,-0.00027508371333705844,1,0,2
tabicl,maternal_health_risk,source::maternal_health_risk,pca_var95,principal component analysis,joint_pca_var95,pca_train_only_var95,same_hyperparameters,3,False,0.04009314375368946,0.039818060040352404,0.03807453430735836,-5.301731151944729,-4.579243751005212,-0.6908516212449406,-0.7224874009395178,-0.00027508371333705844,1,0,2
tabicl,maternal_health_risk,source::maternal_health_risk,scaling_train_only,scaling,joint_scaling,train_only_scaling,closer_pair_but_cat_encoding_also_differs,3,False,0.03807453430735836,0.03807453430735836,0.03807453430735836,0.0,0.0,0.0,0.0,0.0,0,3,0
tabicl,maternal_health_risk,source::maternal_health_risk,target_m10,target encoding,target_enc_ratio,target_enc_standard_m10,loose_regularization_sensitivity,3,False,0.03807453430735836,0.03807453430735836,0.03807453430735836,0.0,0.0,0.0,0.0,0.0,0,3,0
tabicl,maternal_health_risk,source::maternal_health_risk,target_m20,target encoding,target_enc_ratio,target_enc_standard_m20,loose_regularization_sensitivity,3,False,0.03807453430735836,0.03807453430735836,0.03807453430735836,0.0,0.0,0.0,0.0,0.0,0,3,0
tabicl,maternal_health_risk,source::maternal_health_risk,target_m5,target encoding,target_enc_ratio,target_enc_standard_m5,loose_regularization_sensitivity,3,False,0.03807453430735836,0.03808470129669153,0.03807453430735836,0.0,-0.02670285932086897,0.026695730797429453,0.02670285932086897,1.0166989333169896e-05,1,2,0
tabicl,miami_housing,source::miami_housing,frequency_combined,frequency encoding,joint_freq_combined,freq_enc_train_only,same_hyperparameters,3,False,77166.37018436694,77166.36684848282,77774.50022663208,0.7819144327421857,0.7819187219167966,-4.322976775562056e-06,-4.2891746108098215e-06,-0.0033358841174049303,1,1,1
tabicl,miami_housing,source::miami_housing,groupby_combined,group-by aggregation,joint_groupby_combined,groupby_train_only,same_hyperparameters,3,False,78183.90436466651,78183.86711687937,77774.50022663208,-0.5263989313225274,-0.5263510392923196,-4.764126988848284e-05,-4.7892030207672926e-05,-0.037247787142405286,0,0,3
tabicl,miami_housing,source::miami_housing,pca_10,principal component analysis,joint_pca_10,pca_train_only_10,same_hyperparameters,3,False,78818.77438149806,78741.1132483433,77774.50022663208,-1.3426947801953162,-1.2428405440016288,-0.09862844192947072,-0.09985423619368727,-77.66113315476105,1,0,2
tabicl,miami_housing,source::miami_housing,pca_5,principal component analysis,joint_pca_5,pca_train_only_5,same_hyperparameters,3,False,78837.39625064575,78830.32270416472,77774.50022663208,-1.3666381923592246,-1.35754324933752,-0.008973128915853123,-0.00909494302170464,-7.0735464810277335,2,0,1
tabicl,miami_housing,source::miami_housing,pca_var90,principal component analysis,joint_pca_var90,pca_train_only_var90,same_hyperparameters,3,False,79070.1101075925,78970.77936790968,77774.50022663208,-1.665854331670477,-1.538137998690682,-0.1257816378132144,-0.12771633297979493,-99.33073968281678,1,0,2
tabicl,miami_housing,source::miami_housing,pca_var95,principal component analysis,joint_pca_var95,pca_train_only_var95,same_hyperparameters,3,False,78818.75205983763,78741.10580671842,77774.50022663208,-1.3426660797081766,-1.2428309757950047,-0.09860955383304162,-0.09983510391317192,-77.64625311920827,1,0,2
tabicl,miami_housing,source::miami_housing,scaling_train_only,scaling,joint_scaling,train_only_scaling,closer_pair_but_cat_encoding_also_differs,3,False,77774.50409434801,77774.51832934488,77774.50022663208,-4.972987188058266e-06,-2.3275897299925968e-05,1.8302905851702133e-05,1.8302910111867704e-05,0.014234996866434813,2,0,1
tabicl,miami_housing,source::miami_housing,target_m10,target encoding,target_enc_ratio,target_enc_standard_m10,loose_regularization_sensitivity,3,False,77166.36721939898,77166.3655408997,77774.50022663208,0.7819182450045018,0.7819204031659452,-2.175169537899452e-06,-2.1581614434791656e-06,-0.0016784992767497897,1,0,2
tabicl,miami_housing,source::miami_housing,target_m20,target encoding,target_enc_ratio,target_enc_standard_m20,loose_regularization_sensitivity,3,False,77166.36721939898,77166.3675300117,77774.50022663208,0.7819182450045018,0.781917845628453,4.0252345156000663e-07,3.9937604885941935e-07,0.00031061272602528334,2,0,1
tabicl,miami_housing,source::miami_housing,target_m5,target encoding,target_enc_ratio,target_enc_standard_m5,loose_regularization_sensitivity,3,False,77166.36721939898,77166.35529706554,77774.50022663208,0.7819182450045018,0.7819335743648943,-1.5450170462605443e-05,-1.532936039246172e-05,-0.01192233343317639,0,0,3
tabicl,online_shoppers_intention,source::online_shoppers_intention,frequency_combined,frequency encoding,joint_freq_combined,freq_enc_train_only,same_hyperparameters,3,False,0.06217827792924737,0.06216771729855441,0.062280188015434196,0.16363162898861192,0.18058827447970413,-0.01698732260386282,-0.016956645491092204,-1.0560630692962869e-05,2,0,1
tabicl,online_shoppers_intention,source::online_shoppers_intention,groupby_combined,group-by aggregation,joint_groupby_combined,groupby_train_only,same_hyperparameters,3,False,0.062480010234759735,0.06274538379745791,0.062280188015434196,-0.32084395646978375,-0.7469402338805192,0.4229371893792186,0.4260962774107354,0.0002653735626981721,3,0,0
tabicl,online_shoppers_intention,source::online_shoppers_intention,pca_10,principal component analysis,joint_pca_10,pca_train_only_10,same_hyperparameters,3,False,0.0661701963311765,0.06587102875026091,0.062280188015434196,-6.245980366626849,-5.76562282364471,-0.45417171492772745,-0.4803575429821391,-0.00029916758091559637,0,0,3
tabicl,online_shoppers_intention,source::online_shoppers_intention,pca_5,principal component analysis,joint_pca_5,pca_train_only_5,same_hyperparameters,3,False,0.06481406048405093,0.064778154339695,0.062280188015434196,-4.068504847783688,-4.010852253114201,-0.05542940320226058,-0.057652594669486204,-3.59061443559322e-05,1,0,2
tabicl,online_shoppers_intention,source::online_shoppers_intention,pca_var90,principal component analysis,joint_pca_var90,pca_train_only_var90,same_hyperparameters,3,False,0.06448841589332677,0.0653021124882173,0.062280188015434196,-3.5456345721778026,-4.852144107262827,1.246049421505846,1.3065095350850244,0.0008136965948905284,3,0,0
tabicl,online_shoppers_intention,source::online_shoppers_intention,pca_var95,principal component analysis,joint_pca_var95,pca_train_only_var95,same_hyperparameters,3,False,0.06439540691015246,0.06435165572585312,0.062280188015434196,-3.3962949729600513,-3.326046013068517,-0.06798765906773305,-0.070248959891534,-4.3751184299334334e-05,2,0,1
tabicl,online_shoppers_intention,source::online_shoppers_intention,scaling_train_only,scaling,joint_scaling,train_only_scaling,closer_pair_but_cat_encoding_also_differs,3,False,0.0622799617162051,0.06227996171620506,0.062280188015434196,0.0003633566890368976,0.00036335668909260466,-5.5707274962098674e-14,-5.570707254598879e-14,-3.469446951953614e-17,1,1,1
tabicl,online_shoppers_intention,source::online_shoppers_intention,target_m10,target encoding,target_enc_ratio,target_enc_standard_m10,loose_regularization_sensitivity,3,False,0.06312798036084759,0.0631088203594478,0.062280188015434196,-1.3612552762417698,-1.3304910765655595,-0.03036025913756264,-0.030764199676210087,-1.916000139978724e-05,1,0,2
tabicl,online_shoppers_intention,source::online_shoppers_intention,target_m20,target encoding,target_enc_ratio,target_enc_standard_m20,loose_regularization_sensitivity,3,False,0.06312798036084759,0.0631193809901406,0.062280188015434196,-1.3612552762417698,-1.3474477220563845,-0.013623978201456298,-0.01380755418538528,-8.599370706990905e-06,1,0,2
tabicl,online_shoppers_intention,source::online_shoppers_intention,target_m5,target encoding,target_enc_ratio,target_enc_standard_m5,loose_regularization_sensitivity,3,False,0.06312798036084759,0.06302403358159843,0.062280188015434196,-1.3612552762417698,-1.1943534370511126,-0.16493196855541933,-0.16690183919065704,-0.00010394677924915885,1,0,2
tabicl,polish_companies_bankruptcy,source::polish_companies_bankruptcy,frequency_combined,frequency encoding,joint_freq_combined,freq_enc_train_only,same_hyperparameters,3,True,0.015463455954419133,0.015463455954419067,0.015463455954419067,,,,,-6.591949208711867e-17,0,3,0
tabicl,polish_companies_bankruptcy,source::polish_companies_bankruptcy,groupby_combined,group-by aggregation,joint_groupby_combined,groupby_train_only,same_hyperparameters,3,True,0.015463455954419067,0.015463455954419067,0.015463455954419067,,,,,0.0,0,3,0
tabicl,polish_companies_bankruptcy,source::polish_companies_bankruptcy,pca_10,principal component analysis,joint_pca_10,pca_train_only_10,same_hyperparameters,3,True,0.0202659228156,0.01927863970901623,0.015463455954419067,,,,,-0.0009872831065837681,0,0,3
tabicl,polish_companies_bankruptcy,source::polish_companies_bankruptcy,pca_5,principal component analysis,joint_pca_5,pca_train_only_5,same_hyperparameters,3,True,0.0177397802577871,0.017851144825551935,0.015463455954419067,,,,,0.00011136456776483436,1,0,2
tabicl,polish_companies_bankruptcy,source::polish_companies_bankruptcy,pca_var90,principal component analysis,joint_pca_var90,pca_train_only_var90,same_hyperparameters,3,True,0.018981234409368303,0.0204509158499733,0.015463455954419067,,,,,0.0014696814406049974,2,0,1
tabicl,polish_companies_bankruptcy,source::polish_companies_bankruptcy,pca_var95,principal component analysis,joint_pca_var95,pca_train_only_var95,same_hyperparameters,3,True,0.020698712354944998,0.01940481337261357,0.015463455954419067,,,,,-0.0012938989823314297,0,0,3
tabicl,polish_companies_bankruptcy,source::polish_companies_bankruptcy,scaling_train_only,scaling,joint_scaling,train_only_scaling,closer_pair_but_cat_encoding_also_differs,3,True,0.015463455954419067,0.015463455954419067,0.015463455954419067,,,,,0.0,0,3,0
tabicl,polish_companies_bankruptcy,source::polish_companies_bankruptcy,target_m10,target encoding,target_enc_ratio,target_enc_standard_m10,loose_regularization_sensitivity,3,True,0.015463455954419067,0.015463455954419067,0.015463455954419067,,,,,0.0,0,3,0
tabicl,polish_companies_bankruptcy,source::polish_companies_bankruptcy,target_m20,target encoding,target_enc_ratio,target_enc_standard_m20,loose_regularization_sensitivity,3,True,0.015463455954419067,0.015463455954419133,0.015463455954419067,,,,,6.591949208711867e-17,0,3,0
tabicl,polish_companies_bankruptcy,source::polish_companies_bankruptcy,target_m5,target encoding,target_enc_ratio,target_enc_standard_m5,loose_regularization_sensitivity,3,True,0.015463455954419067,0.015463455954419067,0.015463455954419067,,,,,0.0,0,3,0
tabicl,qsar-biodeg,source::qsar-biodeg,frequency_combined,frequency encoding,joint_freq_combined,freq_enc_train_only,same_hyperparameters,3,False,0.05757864359099277,0.05746983451851676,0.056617394902967334,-1.6977974519542116,-1.5056143381559062,-0.1893324965829639,-0.19218311379830552,-0.00010880907247600574,0,0,3
tabicl,qsar-biodeg,source::qsar-biodeg,groupby_combined,group-by aggregation,joint_groupby_combined,groupby_train_only,same_hyperparameters,3,False,0.0634892787405206,0.06375366033516038,0.056617394902967334,-12.137407327430934,-12.604369106744308,0.41469241648227145,0.4669617793133743,0.00026438159463977595,2,0,1
tabicl,qsar-biodeg,source::qsar-biodeg,pca_10,principal component analysis,joint_pca_10,pca_train_only_10,same_hyperparameters,3,False,0.058500668034726776,0.060132090953789,0.056617394902967334,-3.3263154106384687,-6.207802490462976,2.7130653419585182,2.881487079824507,0.0016314229190622226,3,0,0
tabicl,qsar-biodeg,source::qsar-biodeg,pca_5,principal component analysis,joint_pca_5,pca_train_only_5,same_hyperparameters,3,False,0.060813777755228136,0.06052372210977936,0.056617394902967334,-7.411826099474719,-6.8995177427481655,-0.47924290730610614,-0.5123083567265531,-0.00029005564544877516,0,0,3
tabicl,qsar-biodeg,source::qsar-biodeg,pca_var90,principal component analysis,joint_pca_var90,pca_train_only_var90,same_hyperparameters,3,False,0.05974259930203254,0.06095834711275947,0.056617394902967334,-5.519866119628565,-7.667170517526984,1.9943910363548216,2.1473043978984196,0.0012157478107269332,2,0,1
tabicl,qsar-biodeg,source::qsar-biodeg,pca_var95,principal component analysis,joint_pca_var95,pca_train_only_var95,same_hyperparameters,3,False,0.058949352636959364,0.060622648710317036,0.056617394902967334,-4.118800834952953,-7.074246023177207,2.760183048671218,2.9554451882242536,0.0016732960733576718,3,0,0
tabicl,qsar-biodeg,source::qsar-biodeg,scaling_train_only,scaling,joint_scaling,train_only_scaling,closer_pair_but_cat_encoding_also_differs,3,False,0.056617394902967334,0.056617394902967334,0.056617394902967334,0.0,0.0,0.0,0.0,0.0,0,3,0
tabicl,qsar-biodeg,source::qsar-biodeg,target_m10,target encoding,target_enc_ratio,target_enc_standard_m10,loose_regularization_sensitivity,3,False,0.05719241213616453,0.05722857994583586,0.056617394902967334,-1.0156193766644992,-1.0795004678615052,0.06319885921608523,0.06388109119700601,3.6167809671333595e-05,2,0,1
tabicl,qsar-biodeg,source::qsar-biodeg,target_m20,target encoding,target_enc_ratio,target_enc_standard_m20,loose_regularization_sensitivity,3,False,0.05719241213616453,0.05736143297065677,0.056617394902967334,-1.0156193766644992,-1.3141510113006587,0.2946593656031931,0.2985316346361596,0.0001690208344922381,3,0,0
tabicl,qsar-biodeg,source::qsar-biodeg,target_m5,target encoding,target_enc_ratio,target_enc_standard_m5,loose_regularization_sensitivity,3,False,0.05719241213616453,0.057083806825996536,0.056617394902967334,-1.0156193766644992,-0.823796156337735,-0.19025589953915484,-0.1918232203267642,-0.00010860531016799319,0,0,3
tabicl,seismic-bumps,source::seismic-bumps,frequency_combined,frequency encoding,joint_freq_combined,freq_enc_train_only,same_hyperparameters,3,False,0.21360132263644283,0.21358654314783274,0.2124974000362504,-0.5194993444645017,-0.5125442059039509,-0.006919672181715977,-0.00695513856055091,-1.4779488610089375e-05,1,0,2
tabicl,seismic-bumps,source::seismic-bumps,groupby_combined,group-by aggregation,joint_groupby_combined,groupby_train_only,same_hyperparameters,3,False,0.2179508506234633,0.21781324648518585,0.2124974000362504,-2.566361087845122,-2.50160540695021,-0.06317528456049036,-0.06475568089491177,-0.00013760413827745843,2,0,1
tabicl,seismic-bumps,source::seismic-bumps,pca_10,principal component analysis,joint_pca_10,pca_train_only_10,same_hyperparameters,3,False,0.2166618468753592,0.2155721403361105,0.2124974000362504,-1.9597636669429257,-1.4469543153636584,-0.505495068866355,-0.5128093515792672,-0.001089706539248697,0,0,3
tabicl,seismic-bumps,source::seismic-bumps,pca_5,principal component analysis,joint_pca_5,pca_train_only_5,same_hyperparameters,3,False,0.21512360480014037,0.21590868284500475,0.2124974000362504,-1.235876186457793,-1.6053291984619193,0.3636157816904343,0.3694530120041264,0.0007850780448643846,2,0,1
tabicl,seismic-bumps,source::seismic-bumps,pca_var90,principal component analysis,joint_pca_var90,pca_train_only_var90,same_hyperparameters,3,False,0.21803566488091716,0.21677365983792332,0.2124974000362504,-2.6062741679295764,-2.0123821754729376,-0.582176378780251,-0.5938919924566385,-0.0012620050429938412,0,0,3
tabicl,seismic-bumps,source::seismic-bumps,pca_var95,principal component analysis,joint_pca_var95,pca_train_only_var95,same_hyperparameters,3,False,0.21803566488091716,0.2175204803052407,0.2124974000362504,-2.6062741679295764,-2.3638314012940476,-0.23684416977817813,-0.24244276663552888,-0.0005151845756764528,1,0,2
tabicl,seismic-bumps,source::seismic-bumps,scaling_train_only,scaling,joint_scaling,train_only_scaling,closer_pair_but_cat_encoding_also_differs,3,False,0.2124974000362504,0.2124974000362504,0.2124974000362504,0.0,0.0,0.0,0.0,0.0,0,3,0
tabicl,seismic-bumps,source::seismic-bumps,target_m10,target encoding,target_enc_ratio,target_enc_standard_m10,loose_regularization_sensitivity,3,False,0.21434912280959909,0.21430552654516197,0.2124974000362504,-0.8714096139683598,-0.8508934738039715,-0.02034304254301656,-0.020516140164388255,-4.359626443711795e-05,0,1,2
tabicl,seismic-bumps,source::seismic-bumps,target_m20,target encoding,target_enc_ratio,target_enc_standard_m20,loose_regularization_sensitivity,3,False,0.21434912280959909,0.21440888938351774,0.2124974000362504,-0.8714096139683598,-0.8995354046408366,0.027875044775660274,0.028125790672476825,5.976657391865148e-05,1,0,2
tabicl,seismic-bumps,source::seismic-bumps,target_m5,target encoding,target_enc_ratio,target_enc_standard_m5,loose_regularization_sensitivity,3,False,0.21434912280959909,0.21426932454277747,0.2124974000362504,-0.8714096139683598,-0.8338570289447315,-0.03724203965821584,-0.03755258502362826,-7.97982668216124e-05,1,0,2
tabicl,splice,source::splice,frequency_combined,frequency encoding,joint_freq_combined,freq_enc_train_only,same_hyperparameters,3,True,0.004149212153266566,0.004319531967860667,0.004302219973416,,,,,0.00017031981459410088,3,0,0
tabicl,splice,source::splice,groupby_combined,group-by aggregation,joint_groupby_combined,groupby_train_only,same_hyperparameters,3,True,0.004302219973416,0.004302219973416,0.004302219973416,,,,,0.0,0,3,0
tabicl,splice,source::splice,pca_10,principal component analysis,joint_pca_10,pca_train_only_10,same_hyperparameters,3,True,0.004302219973416,0.004302219973416,0.004302219973416,,,,,0.0,0,3,0
tabicl,splice,source::splice,pca_5,principal component analysis,joint_pca_5,pca_train_only_5,same_hyperparameters,3,True,0.004302219973416,0.004302219973416,0.004302219973416,,,,,0.0,0,3,0
tabicl,splice,source::splice,pca_var90,principal component analysis,joint_pca_var90,pca_train_only_var90,same_hyperparameters,3,True,0.004302219973416,0.004302219973416,0.004302219973416,,,,,0.0,0,3,0
tabicl,splice,source::splice,pca_var95,principal component analysis,joint_pca_var95,pca_train_only_var95,same_hyperparameters,3,True,0.004302219973416,0.004302219973416,0.004302219973416,,,,,0.0,0,3,0
tabicl,splice,source::splice,scaling_train_only,scaling,joint_scaling,train_only_scaling,closer_pair_but_cat_encoding_also_differs,3,True,0.004302219973416,0.004302219973416,0.004302219973416,,,,,0.0,0,3,0
tabicl,splice,source::splice,target_m10,target encoding,target_enc_ratio,target_enc_standard_m10,loose_regularization_sensitivity,3,True,0.0044185510137888,0.004408358097439701,0.004302219973416,,,,,-1.0192916349099045e-05,2,0,1
tabicl,splice,source::splice,target_m20,target encoding,target_enc_ratio,target_enc_standard_m20,loose_regularization_sensitivity,3,True,0.0044185510137888,0.004293617128500334,0.004302219973416,,,,,-0.00012493388528846561,1,0,2
tabicl,splice,source::splice,target_m5,target encoding,target_enc_ratio,target_enc_standard_m5,loose_regularization_sensitivity,3,True,0.0044185510137888,0.0043521734596959,0.004302219973416,,,,,-6.637755409289944e-05,1,0,2
tabicl,students_dropout_and_academic_success,source::students_dropout_and_academic_success,frequency_combined,frequency encoding,joint_freq_combined,freq_enc_train_only,same_hyperparameters,3,False,0.09868189618509471,0.09881645613615243,0.10118363324800446,2.4724720615417217,2.339486175644628,0.13617160169387582,0.13298588589709373,0.000134559951057725,1,0,2
tabicl,students_dropout_and_academic_success,source::students_dropout_and_academic_success,groupby_combined,group-by aggregation,joint_groupby_combined,groupby_train_only,same_hyperparameters,3,False,0.10889124273681831,0.10996703898219688,0.10118363324800446,-7.6174468551867935,-8.68065857317458,0.9782897269360272,1.0632117179877858,0.0010757962453785685,2,0,1
tabicl,students_dropout_and_academic_success,source::students_dropout_and_academic_success,pca_10,principal component analysis,joint_pca_10,pca_train_only_10,same_hyperparameters,3,False,0.09862388704426121,0.09898461541567037,0.10118363324800446,2.5298026188377944,2.17329400195012,0.36442872449858577,0.35650861688767466,0.00036072837140915803,3,0,0
tabicl,students_dropout_and_academic_success,source::students_dropout_and_academic_success,pca_5,principal component analysis,joint_pca_5,pca_train_only_5,same_hyperparameters,3,False,0.09818769631838158,0.0981985533700002,0.10118363324800446,2.960890841189446,2.9501607939771484,0.011056223585821059,0.010730047212297712,1.0857051618629043e-05,1,0,2
tabicl,students_dropout_and_academic_success,source::students_dropout_and_academic_success,pca_var90,principal component analysis,joint_pca_var90,pca_train_only_var90,same_hyperparameters,3,False,0.09862388704426121,0.09937483631077688,0.10118363324800446,2.5298026188377944,1.7876378611490982,0.755673462613023,0.7421647576886963,0.0007509492665156714,3,0,0
tabicl,students_dropout_and_academic_success,source::students_dropout_and_academic_success,pca_var95,principal component analysis,joint_pca_var95,pca_train_only_var95,same_hyperparameters,3,False,0.10120834683454703,0.10123412259316304,0.10118363324800446,-0.024424490156427003,-0.04989872723272546,0.025461532095848675,0.025474237076298457,2.5775758616009004e-05,1,0,2
tabicl,students_dropout_and_academic_success,source::students_dropout_and_academic_success,scaling_train_only,scaling,joint_scaling,train_only_scaling,closer_pair_but_cat_encoding_also_differs,3,False,0.10118383780922874,0.10118366341784567,0.10118363324800446,-0.00020216829314445095,-2.9816918250681713e-05,-0.000172351323503916,-0.00017235137489376922,-1.743913830704047e-07,0,2,1
tabicl,students_dropout_and_academic_success,source::students_dropout_and_academic_success,target_m10,target encoding,target_enc_ratio,target_enc_standard_m10,loose_regularization_sensitivity,3,False,0.09951496950653756,0.0995177845170631,0.10118363324800446,1.6491439256553992,1.6463618447642712,0.0028286507172588333,0.002782080891128233,2.8150105255420055e-06,1,0,2
tabicl,students_dropout_and_academic_success,source::students_dropout_and_academic_success,target_m20,target encoding,target_enc_ratio,target_enc_standard_m20,loose_regularization_sensitivity,3,False,0.09951496950653756,0.09946017739410618,0.10118363324800446,1.6491439256553992,1.7032950869376635,-0.05508949799503221,-0.0541511612822642,-5.47921124313816e-05,1,0,2
tabicl,students_dropout_and_academic_success,source::students_dropout_and_academic_success,target_m5,target encoding,target_enc_ratio,target_enc_standard_m5,loose_regularization_sensitivity,3,False,0.09951496950653756,0.09962611381032223,0.10118363324800446,1.6491439256553992,1.5392997737733918,0.11156141651402639,0.10984415188200759,0.00011114430378467155,2,0,1
tabicl,superconductivity,source::superconductivity,frequency_combined,frequency encoding,joint_freq_combined,freq_enc_train_only,same_hyperparameters,3,False,8.883816489324744,8.883816322548434,8.88381474657605,-1.961712106245915e-05,-1.773981593112796e-05,-1.877304798300772e-06,-1.8773051313311876e-06,-1.6677631009542893e-07,0,2,1
tabicl,superconductivity,source::superconductivity,pca_10,principal component analysis,joint_pca_10,pca_train_only_10,same_hyperparameters,3,False,8.877274128144268,8.8734557540095,8.88381474657605,0.07362398494748443,0.11660522942064314,-0.04303142136075938,-0.0429812444731587,-0.0038183741347683764,1,0,2
tabicl,superconductivity,source::superconductivity,pca_5,principal component analysis,joint_pca_5,pca_train_only_5,same_hyperparameters,3,False,8.85902009113728,8.858285226740447,8.88381474657605,0.27909919495255264,0.28737114138317826,-0.008295786125902338,-0.008271946430625626,-0.0007348643968327906,2,0,1
tabicl,superconductivity,source::superconductivity,pca_var90,principal component analysis,joint_pca_var90,pca_train_only_var90,same_hyperparameters,3,False,8.85413186271041,8.850649613552001,8.88381474657605,0.33412317469901953,0.37332085337361764,-0.03934456012220244,-0.03919767867459814,-0.003482249158409445,1,0,2
tabicl,superconductivity,source::superconductivity,pca_var95,principal component analysis,joint_pca_var95,pca_train_only_var95,same_hyperparameters,3,False,8.886198211323494,8.88599828406884,8.88381474657605,-0.02682929366984752,-0.02457882739655156,-0.0022499132709965066,-0.002250466273295957,-0.0001999272546537867,1,0,2
tabicl,superconductivity,source::superconductivity,scaling_train_only,scaling,joint_scaling,train_only_scaling,closer_pair_but_cat_encoding_also_differs,3,False,8.883817173148792,8.883815907387453,8.88381474657605,-2.7314535602951388e-05,-1.3066587222608382e-05,-1.4247946518622646e-05,-1.4247948380343005e-05,-1.2657613392974554e-06,0,0,3
tabicl,superconductivity,source::superconductivity,target_m10,target encoding,target_enc_ratio,target_enc_standard_m10,loose_regularization_sensitivity,3,False,8.88381474657605,8.883814029265666,8.88381474657605,0.0,8.074350985448909e-06,-8.074351637400398e-06,-8.074350985448909e-06,-7.173103835356187e-07,0,2,1
tabicl,superconductivity,source::superconductivity,target_m20,target encoding,target_enc_ratio,target_enc_standard_m20,loose_regularization_sensitivity,3,False,8.88381474657605,8.88381474657605,8.88381474657605,0.0,0.0,0.0,0.0,0.0,0,3,0
tabicl,superconductivity,source::superconductivity,target_m5,target encoding,target_enc_ratio,target_enc_standard_m5,loose_regularization_sensitivity,3,False,8.88381474657605,8.883814029265666,8.88381474657605,0.0,8.074350985448909e-06,-8.074351637400398e-06,-8.074350985448909e-06,-7.173103835356187e-07,0,2,1
tabicl,synthetic_large_test,source::synthetic_generator,frequency_combined,frequency encoding,joint_freq_combined,freq_enc_train_only,same_hyperparameters,1,False,0.243740345636559,0.2434177787950011,0.2439421588506672,0.08272994510626655,0.21496081617737448,-0.13251572796149735,-0.13223087107110792,-0.00032256684155790305,0,0,1
tabicl,synthetic_large_test,source::synthetic_generator,groupby_combined,group-by aggregation,joint_groupby_combined,groupby_train_only,same_hyperparameters,1,False,0.2433147733958747,0.2432843114772808,0.2439421588506672,0.25718615336865686,0.26967350641063453,-0.012521119183120646,-0.012487353041977671,-3.046191859390479e-05,0,0,1
tabicl,synthetic_large_test,source::synthetic_generator,pca_10,principal component analysis,joint_pca_10,pca_train_only_10,same_hyperparameters,1,False,0.2430444188626479,0.2430548018965821,0.2439421588506672,0.3680134636214525,0.36375711286063644,0.004271890064780282,0.004256350760816057,1.0383033934191488e-05,1,0,0
tabicl,synthetic_large_test,source::synthetic_generator,pca_5,principal component analysis,joint_pca_5,pca_train_only_5,same_hyperparameters,1,False,0.2430444500982482,0.2430548018965821,0.2439421588506672,0.3680006591105603,0.36375711286063644,0.00425903880652207,0.004243546249923851,1.0351798333890772e-05,1,0,0
tabicl,synthetic_large_test,source::synthetic_generator,pca_var90,principal component analysis,joint_pca_var90,pca_train_only_var90,same_hyperparameters,1,False,0.2430444188626479,0.2430548018965821,0.2439421588506672,0.3680134636214525,0.36375711286063644,0.004271890064780282,0.004256350760816057,1.0383033934191488e-05,1,0,0
tabicl,synthetic_large_test,source::synthetic_generator,pca_var95,principal component analysis,joint_pca_var95,pca_train_only_var95,same_hyperparameters,1,False,0.2430444517000739,0.2430548018965821,0.2439421588506672,0.3680000024689583,0.36375711286063644,0.004258379767619172,0.004242889608321839,1.0350196508190912e-05,1,0,0
tabicl,synthetic_large_test,source::synthetic_generator,scaling_train_only,scaling,joint_scaling,train_only_scaling,closer_pair_but_cat_encoding_also_differs,1,False,0.2439421468369748,0.2439421676607083,0.2439421588506672,4.924811872865472e-06,-3.6115287143533015e-06,8.536340278926394e-06,8.536340587218773e-06,2.0823733515307197e-08,1,0,0
tabicl,synthetic_large_test,source::synthetic_generator,target_m10,target encoding,target_enc_ratio,target_enc_standard_m10,loose_regularization_sensitivity,1,False,0.2436291869448184,0.2436296162340955,0.2439421588506672,0.12829758797059684,0.12812160802554712,0.00017620570262936365,0.0001759799450497222,4.2928927709851017e-07,1,0,0
tabicl,synthetic_large_test,source::synthetic_generator,target_m20,target encoding,target_enc_ratio,target_enc_standard_m20,loose_regularization_sensitivity,1,False,0.2436291869448184,0.2436165365266611,0.2439421588506672,0.12829758797059684,0.13348341489649268,-0.00519275839713166,-0.005185826925895844,-1.2650418157289511e-05,0,0,1
tabicl,synthetic_large_test,source::synthetic_generator,target_m5,target encoding,target_enc_ratio,target_enc_standard_m5,loose_regularization_sensitivity,1,False,0.2436291869448184,0.2436348125565397,0.2439421588506672,0.12829758797059684,0.1259914627203217,0.002309034436536473,0.0023061252502751648,5.625611721321588e-06,1,0,0
tabicl,synthetic_shift_0.0,source::synthetic_generator,frequency_combined,frequency encoding,joint_freq_combined,freq_enc_train_only,same_hyperparameters,1,False,0.242497071191614,0.2426421788431608,0.2424619681395514,-0.014477755968065416,-0.07432534883396016,0.05980314397052498,0.05984759286589475,0.00014510765154679417,1,0,0
tabicl,synthetic_shift_0.0,source::synthetic_generator,groupby_combined,group-by aggregation,joint_groupby_combined,groupby_train_only,same_hyperparameters,1,False,0.2427705551334441,0.2424952873332441,0.2424619681395514,-0.12727232904216948,-0.013742028883279314,-0.11351470093590077,-0.11353030015889015,-0.0002752678001999853,0,0,1
tabicl,synthetic_shift_0.0,source::synthetic_generator,pca_10,principal component analysis,joint_pca_10,pca_train_only_10,same_hyperparameters,1,False,0.2435943081221244,0.2433027600512833,0.2424619681395514,-0.46701756620290885,-0.3467726993158637,-0.11982933147970082,-0.12024486688704512,-0.00029154807084111334,0,0,1
tabicl,synthetic_shift_0.0,source::synthetic_generator,pca_5,principal component analysis,joint_pca_5,pca_train_only_5,same_hyperparameters,1,False,0.2435942466097669,0.2433027600512833,0.2424619681395514,-0.4669921963034623,-0.3467726993158637,-0.11980404925211728,-0.12021949698759855,-0.00029148655848360017,0,0,1
tabicl,synthetic_shift_0.0,source::synthetic_generator,pca_var90,principal component analysis,joint_pca_var90,pca_train_only_var90,same_hyperparameters,1,False,0.2435943081221244,0.243302719043045,0.2424619681395514,-0.46701756620290885,-0.34675578604959273,-0.11984620649792363,-0.12026178015331612,-0.0002915890790793907,0,0,1
tabicl,synthetic_shift_0.0,source::synthetic_generator,pca_var95,principal component analysis,joint_pca_var95,pca_train_only_var95,same_hyperparameters,1,False,0.2435943081221244,0.2433027600512833,0.2424619681395514,-0.46701756620290885,-0.3467726993158637,-0.11982933147970082,-0.12024486688704512,-0.00029154807084111334,0,0,1
tabicl,synthetic_shift_0.0,source::synthetic_generator,scaling_train_only,scaling,joint_scaling,train_only_scaling,closer_pair_but_cat_encoding_also_differs,1,False,0.2424617630983593,0.2424618656189553,0.2424619681395514,8.4566331652636e-05,4.228316584348909e-05,4.228318368781559e-05,4.228316580914691e-05,1.0252059601256747e-07,1,0,0
tabicl,synthetic_shift_0.0,source::synthetic_generator,target_m10,target encoding,target_enc_ratio,target_enc_standard_m10,loose_regularization_sensitivity,1,False,0.2423581967923027,0.2423586888911635,0.2424619681395514,0.042799020417494046,0.042596061221635326,0.00020304568532314904,0.0002029591958587209,4.920988607992616e-07,1,0,0
tabicl,synthetic_shift_0.0,source::synthetic_generator,target_m20,target encoding,target_enc_ratio,target_enc_standard_m20,loose_regularization_sensitivity,1,False,0.2423581967923027,0.2423529272336695,0.2424619681395514,0.042799020417494046,0.0449723751393218,-0.002174332570828284,-0.002173354721827755,-5.2695586331974464e-06,0,0,1
tabicl,synthetic_shift_0.0,source::synthetic_generator,target_m5,target encoding,target_enc_ratio,target_enc_standard_m5,loose_regularization_sensitivity,1,False,0.2423581967923027,0.2423604727495334,0.2424619681395514,0.042799020417494046,0.041860334136849225,0.0009390793824121117,0.0009386862806448238,2.2759572307073928e-06,1,0,0
tabicl,synthetic_shift_0.5,source::synthetic_generator,frequency_combined,frequency encoding,joint_freq_combined,freq_enc_train_only,same_hyperparameters,1,False,0.2406241305965321,0.2406521132569875,0.2403807785002588,-0.10123608792332583,-0.11287706047944243,0.011627847383792734,0.011640972556116595,2.7982660455394548e-05,1,0,0
tabicl,synthetic_shift_0.5,source::synthetic_generator,groupby_combined,group-by aggregation,joint_groupby_combined,groupby_train_only,same_hyperparameters,1,False,0.240517578125,0.2406817336309524,0.2403807785002588,-0.056909552250680034,-0.12519933273004613,0.06820438903939618,0.06828978047936611,0.000164155505952418,1,0,0
tabicl,synthetic_shift_0.5,source::synthetic_generator,pca_10,principal component analysis,joint_pca_10,pca_train_only_10,same_hyperparameters,1,False,0.2411837635869566,0.2412495349702381,0.2403807785002588,-0.3340471279391124,-0.36140846011045286,0.027262802098094743,0.02736133217134043,6.577138328150989e-05,1,0,0
tabicl,synthetic_shift_0.5,source::synthetic_generator,pca_5,principal component analysis,joint_pca_5,pca_train_only_5,same_hyperparameters,1,False,0.2411836220561594,0.2412495349702381,0.2403807785002588,-0.33398825018770645,-0.36140846011045286,0.027321467826594698,0.027420209922746363,6.591291407870292e-05,1,0,0
tabicl,synthetic_shift_0.5,source::synthetic_generator,pca_var90,principal component analysis,joint_pca_var90,pca_train_only_var90,same_hyperparameters,1,False,0.2411836220561594,0.2412495349702381,0.2403807785002588,-0.33398825018770645,-0.36140846011045286,0.027321467826594698,0.027420209922746363,6.591291407870292e-05,1,0,0
tabicl,synthetic_shift_0.5,source::synthetic_generator,pca_var95,principal component analysis,joint_pca_var95,pca_train_only_var95,same_hyperparameters,1,False,0.2411836220561594,0.2412495349702381,0.2403807785002588,-0.33398825018770645,-0.36140846011045286,0.027321467826594698,0.027420209922746363,6.591291407870292e-05,1,0,0
tabicl,synthetic_shift_0.5,source::synthetic_generator,scaling_train_only,scaling,joint_scaling,train_only_scaling,closer_pair_but_cat_encoding_also_differs,1,False,0.240380717844203,0.2403810413431676,0.2403807785002588,2.523332196843416e-05,-0.00010934439535435024,0.000134577570169754,0.0001345777173227844,3.234989645883868e-07,1,0,0
tabicl,synthetic_shift_0.5,source::synthetic_generator,target_m10,target encoding,target_enc_ratio,target_enc_standard_m10,loose_regularization_sensitivity,1,False,0.2402802916343166,0.2402809184135612,0.2403807785002588,0.04180320347122997,0.04154245914362625,0.0002608526922268157,0.00026074432760372234,6.26779244589093e-07,1,0,0
tabicl,synthetic_shift_0.5,source::synthetic_generator,target_m20,target encoding,target_enc_ratio,target_enc_standard_m20,loose_regularization_sensitivity,1,False,0.2402802916343166,0.240276611833592,0.2403807785002588,0.04180320347122997,0.04333402500677974,-0.0015314851897248656,-0.001530821535549775,-3.6798007246041653e-06,0,0,1
tabicl,synthetic_shift_0.5,source::synthetic_generator,target_m5,target encoding,target_enc_ratio,target_enc_standard_m5,loose_regularization_sensitivity,1,False,0.2402802916343166,0.240285427180383,0.2403807785002588,0.04180320347122997,0.03966678220724849,0.002137269049840668,0.002136421263981485,5.135546066403762e-06,1,0,0
tabicl,synthetic_shift_1.0,source::synthetic_generator,frequency_combined,frequency encoding,joint_freq_combined,freq_enc_train_only,same_hyperparameters,1,False,0.2433439776859611,0.2430950903299481,0.2428629465239087,-0.19806692166812886,-0.09558634174627641,-0.10238271602901984,-0.10248057992185246,-0.00024888735601300005,0,0,1
tabicl,synthetic_shift_1.0,source::synthetic_generator,groupby_combined,group-by aggregation,joint_groupby_combined,groupby_train_only,same_hyperparameters,1,False,0.2431885734796204,0.2430720905074096,0.2428629465239087,-0.134078483511952,-0.08611605289912981,-0.0479211627989164,-0.047962430612822196,-0.00011648297221078519,0,0,1
tabicl,synthetic_shift_1.0,source::synthetic_generator,pca_10,principal component analysis,joint_pca_10,pca_train_only_10,same_hyperparameters,1,False,0.2439225425331286,0.2437415718283253,0.2428629465239087,-0.4362938127803644,-0.361778244475882,-0.07424695895978091,-0.07451556830448233,-0.00018097070480330157,0,0,1
tabicl,synthetic_shift_1.0,source::synthetic_generator,pca_5,principal component analysis,joint_pca_5,pca_train_only_5,same_hyperparameters,1,False,0.2439225425331286,0.2437415718283253,0.2428629465239087,-0.4362938127803644,-0.361778244475882,-0.07424695895978091,-0.07451556830448233,-0.00018097070480330157,0,0,1
tabicl,synthetic_shift_1.0,source::synthetic_generator,pca_var90,principal component analysis,joint_pca_var90,pca_train_only_var90,same_hyperparameters,1,False,0.2439225425331286,0.2437415718283253,0.2428629465239087,-0.4362938127803644,-0.361778244475882,-0.07424695895978091,-0.07451556830448233,-0.00018097070480330157,0,0,1
tabicl,synthetic_shift_1.0,source::synthetic_generator,pca_var95,principal component analysis,joint_pca_var95,pca_train_only_var95,same_hyperparameters,1,False,0.2439225425331286,0.2437415718283253,0.2428629465239087,-0.4362938127803644,-0.361778244475882,-0.07424695895978091,-0.07451556830448233,-0.00018097070480330157,0,0,1
tabicl,synthetic_shift_1.0,source::synthetic_generator,scaling_train_only,scaling,joint_scaling,train_only_scaling,closer_pair_but_cat_encoding_also_differs,1,False,0.2428628262109746,0.2428627660545077,0.2428629465239087,4.953943605218001e-05,7.43091540154133e-05,-2.476973636941484e-05,-2.476971796323329e-05,-6.015646689117027e-08,0,0,1
tabicl,synthetic_shift_1.0,source::synthetic_generator,target_m10,target encoding,target_enc_ratio,target_enc_standard_m10,loose_regularization_sensitivity,1,False,0.2426724309930128,0.2426736140701966,0.2428629465239087,0.07844569689313627,0.07795855910586315,0.00048751784916369924,0.0004871377872731073,1.1830771838028387e-06,1,0,0
tabicl,synthetic_shift_1.0,source::synthetic_generator,target_m20,target encoding,target_enc_ratio,target_enc_standard_m20,loose_regularization_sensitivity,1,False,0.2426724309930128,0.2426695434825981,0.2428629465239087,0.07844569689313627,0.0796346433569943,-0.0011898940317265356,-0.001188946463858044,-2.8875104147174646e-06,0,0,1
tabicl,synthetic_shift_1.0,source::synthetic_generator,target_m5,target encoding,target_enc_ratio,target_enc_standard_m5,loose_regularization_sensitivity,1,False,0.2426724309930128,0.2426794492474926,0.2428629465239087,0.07844569689313627,0.07555589646032097,0.0028919854983840932,0.0028898004328152867,7.018254479795871e-06,1,0,0
tabicl,synthetic_shift_3.0,source::synthetic_generator,frequency_combined,frequency encoding,joint_freq_combined,freq_enc_train_only,same_hyperparameters,1,False,0.2501612480818415,0.2499508746803069,0.2502299744245524,0.027465271844023635,0.11153729479745267,-0.08416589932067325,-0.08407202295342903,-0.0002103734015345693,0,0,1
tabicl,synthetic_shift_3.0,source::synthetic_generator,groupby_combined,group-by aggregation,joint_groupby_combined,groupby_train_only,same_hyperparameters,1,False,0.2513808900255754,0.2503713554987212,0.2502299744245524,-0.45994313977360846,-0.05650045502898232,-0.4032148665103033,-0.4034426847446261,-0.0010095345268542055,0,0,1
tabicl,synthetic_shift_3.0,source::synthetic_generator,pca_10,principal component analysis,joint_pca_10,pca_train_only_10,same_hyperparameters,1,False,0.2512954680306906,0.2511638465473145,0.2502299744245524,-0.42580574473080496,-0.3732055381892928,-0.05240462956172022,-0.052600206541512144,-0.0001316214833760876,0,0,1
tabicl,synthetic_shift_3.0,source::synthetic_generator,pca_5,principal component analysis,joint_pca_5,pca_train_only_5,same_hyperparameters,1,False,0.2512954680306906,0.2511638465473145,0.2502299744245524,-0.42580574473080496,-0.3732055381892928,-0.05240462956172022,-0.052600206541512144,-0.0001316214833760876,0,0,1
tabicl,synthetic_shift_3.0,source::synthetic_generator,pca_var90,principal component analysis,joint_pca_var90,pca_train_only_var90,same_hyperparameters,1,False,0.2512954066496163,0.2511638465473145,0.2502299744245524,-0.4257812148660595,-0.3732055381892928,-0.05238019090340109,-0.05257567667676671,-0.0001315601023018087,0,0,1
tabicl,synthetic_shift_3.0,source::synthetic_generator,pca_var95,principal component analysis,joint_pca_var95,pca_train_only_var95,same_hyperparameters,1,False,0.2512954680306906,0.2511638465473145,0.2502299744245524,-0.42580574473080496,-0.3732055381892928,-0.05240462956172022,-0.052600206541512144,-0.0001316214833760876,0,0,1
tabicl,synthetic_shift_3.0,source::synthetic_generator,scaling_train_only,scaling,joint_scaling,train_only_scaling,closer_pair_but_cat_encoding_also_differs,1,False,0.2502299130434782,0.2502300153452685,0.2502299744245524,2.4529864723254358e-05,-1.6353243126652187e-05,4.0883101164193614e-05,4.0883107849906545e-05,1.0230179031678333e-07,1,0,0
tabicl,synthetic_shift_3.0,source::synthetic_generator,target_m10,target encoding,target_enc_ratio,target_enc_standard_m10,loose_regularization_sensitivity,1,False,0.2498923171355498,0.249902199488491,0.2502299744245524,0.13493878572266196,0.1309894775057231,0.00395448818034433,0.003949308216938871,9.882352941192885e-06,1,0,0
tabicl,synthetic_shift_3.0,source::synthetic_generator,target_m20,target encoding,target_enc_ratio,target_enc_standard_m20,loose_regularization_sensitivity,1,False,0.2498923171355498,0.249902547314578,0.2502299744245524,0.13493878572266196,0.1308504749390578,0.004093667366796029,0.004088310783604151,1.0230179028208886e-05,1,0,0
tabicl,synthetic_shift_3.0,source::synthetic_generator,target_m5,target encoding,target_enc_ratio,target_enc_standard_m5,loose_regularization_sensitivity,1,False,0.2498923171355498,0.2499027928388746,0.2502299744245524,0.13493878572266196,0.1307523554802868,0.00419191126509391,0.004186430242375156,1.0475703324797081e-05,1,0,0
tabicl,synthetic_shift_5.0,source::synthetic_generator,frequency_combined,frequency encoding,joint_freq_combined,freq_enc_train_only,same_hyperparameters,1,False,0.2587346463053509,0.2581216949709392,0.2588713740054131,0.05281684797613776,0.289595185004214,-0.23746602720889398,-0.23677833702807624,-0.0006129513344117488,0,0,1
tabicl,synthetic_shift_5.0,source::synthetic_generator,groupby_combined,group-by aggregation,joint_groupby_combined,groupby_train_only,same_hyperparameters,1,False,0.2591344586622397,0.2586084015860682,0.2588713740054131,-0.10162755841096452,0.10158420194402076,-0.20341840131456798,-0.20321176035498528,-0.0005260570761715377,0,0,1
tabicl,synthetic_shift_5.0,source::synthetic_generator,pca_10,principal component analysis,joint_pca_10,pca_train_only_10,same_hyperparameters,1,False,0.2622039517560204,0.2623035512971757,0.2588713740054131,-1.2873488864541724,-1.3258234151802457,0.03797109900447064,0.03847452872607318,9.959954115529301e-05,1,0,0
tabicl,synthetic_shift_5.0,source::synthetic_generator,pca_5,principal component analysis,joint_pca_5,pca_train_only_5,same_hyperparameters,1,False,0.2622039517560204,0.2623036635346573,0.2588713740054131,-1.2873488864541724,-1.3258667716471466,0.03801387189687686,0.03851788519297406,9.971177863687952e-05,1,0,0
tabicl,synthetic_shift_5.0,source::synthetic_generator,pca_var90,principal component analysis,joint_pca_var90,pca_train_only_var90,same_hyperparameters,1,False,0.2622038395185391,0.2623036635346573,0.2588713740054131,-1.2873055299873788,-1.3258667716471466,0.038056661036683946,0.03856124165976772,9.982401611818847e-05,1,0,0
tabicl,synthetic_shift_5.0,source::synthetic_generator,pca_var95,principal component analysis,joint_pca_var95,pca_train_only_var95,same_hyperparameters,1,False,0.2622041313359911,0.2623035512971757,0.2588713740054131,-1.2874182568012653,-1.3258234151802457,0.037902636351264625,0.038405158378980314,9.941996118462137e-05,1,0,0
tabicl,synthetic_shift_5.0,source::synthetic_generator,scaling_train_only,scaling,joint_scaling,train_only_scaling,closer_pair_but_cat_encoding_also_differs,1,False,0.2588713515579168,0.2588715086903911,0.2588713740054131,8.671293375887118e-06,-5.2027760319653294e-05,6.0699022115198666e-05,6.069905369554041e-05,1.5713247430992894e-07,1,0,0
tabicl,synthetic_shift_5.0,source::synthetic_generator,target_m10,target encoding,target_enc_ratio,target_enc_standard_m10,loose_regularization_sensitivity,1,False,0.2585770424337144,0.2585870989120641,0.2588713740054131,0.11369799879556028,0.10981325936140447,0.003889010082884708,0.0038847394341557985,1.0056478349729225e-05,1,0,0
tabicl,synthetic_shift_5.0,source::synthetic_generator,target_m20,target encoding,target_enc_ratio,target_enc_standard_m20,loose_regularization_sensitivity,1,False,0.2585770424337144,0.2585945963758338,0.2588713740054131,0.11369799879556028,0.10691704737252868,0.006788209175851887,0.0067809514230315945,1.75539421194415e-05,1,0,0
tabicl,synthetic_shift_5.0,source::synthetic_generator,target_m5,target encoding,target_enc_ratio,target_enc_standard_m5,loose_regularization_sensitivity,1,False,0.2585770424337144,0.2585808809555845,0.2588713740054131,0.11369799879556028,0.11221520762759739,0.0014844569544164308,0.0014827911679628901,3.8385218701364465e-06,1,0,0
tabicl,synthetic_small_test,source::synthetic_generator,frequency_combined,frequency encoding,joint_freq_combined,freq_enc_train_only,same_hyperparameters,1,False,0.2527674216408231,0.2527282516843081,0.2524662624669624,-0.11928689834353944,-0.10377197126685343,-0.01549884362113678,-0.015514927076685999,-3.9169956514983895e-05,0,0,1
tabicl,synthetic_small_test,source::synthetic_generator,groupby_combined,group-by aggregation,joint_groupby_combined,groupby_train_only,same_hyperparameters,1,False,0.251759597923607,0.2516634388910149,0.2524662624669624,0.279904545047027,0.31799241930496636,-0.038209377180838056,-0.038087874257939344,-9.615903259213576e-05,0,0,1
tabicl,synthetic_small_test,source::synthetic_generator,pca_10,principal component analysis,joint_pca_10,pca_train_only_10,same_hyperparameters,1,False,0.2531447535374965,0.2526440523310618,0.2524662624669624,-0.2687452429897911,-0.07042123662865742,-0.1981844424259717,-0.19832400636113368,-0.000500701206434695,0,0,1
tabicl,synthetic_small_test,source::synthetic_generator,pca_5,principal component analysis,joint_pca_5,pca_train_only_5,same_hyperparameters,1,False,0.2531447535374965,0.2526440523310618,0.2524662624669624,-0.2687452429897911,-0.07042123662865742,-0.1981844424259717,-0.19832400636113368,-0.000500701206434695,0,0,1
tabicl,synthetic_small_test,source::synthetic_generator,pca_var90,principal component analysis,joint_pca_var90,pca_train_only_var90,same_hyperparameters,1,False,0.2531450746027138,0.2526440523310618,0.2524662624669624,-0.2688724145231928,-0.07042123662865742,-0.1983115244666289,-0.19845117789453542,-0.0005010222716519963,0,0,1
tabicl,synthetic_small_test,source::synthetic_generator,pca_var95,principal component analysis,joint_pca_var95,pca_train_only_var95,same_hyperparameters,1,False,0.2531447535374965,0.2526440523310618,0.2524662624669624,-0.2687452429897911,-0.07042123662865742,-0.1981844424259717,-0.19832400636113368,-0.000500701206434695,0,0,1
tabicl,synthetic_small_test,source::synthetic_generator,scaling_train_only,scaling,joint_scaling,train_only_scaling,closer_pair_but_cat_encoding_also_differs,1,False,0.252466182200658,0.2524657808691364,0.2524662624669624,3.1792883394415564e-05,0.00019075730012463034,-0.00015896471996702273,-0.00015896441673021475,-4.013315215711799e-07,0,0,1
tabicl,synthetic_small_test,source::synthetic_generator,target_m10,target encoding,target_enc_ratio,target_enc_standard_m10,loose_regularization_sensitivity,1,False,0.2524814327984814,0.2524821551952204,0.2524662624669624,-0.006008854953826912,-0.006294990904002863,0.00028611793907771203,0.0002861359501759517,7.223967389835551e-07,1,0,0
tabicl,synthetic_small_test,source::synthetic_generator,target_m20,target encoding,target_enc_ratio,target_enc_standard_m20,loose_regularization_sensitivity,1,False,0.2524814327984814,0.2524804696028294,0.2524662624669624,-0.006008854953826912,-0.0056273403535776504,-0.0003814931323322788,-0.0003815146002492607,-9.631956520150808e-07,0,0,1
tabicl,synthetic_small_test,source::synthetic_generator,target_m5,target encoding,target_enc_ratio,target_enc_standard_m5,loose_regularization_sensitivity,1,False,0.2524814327984814,0.2524811117332641,0.2524662624669624,-0.006008854953826912,-0.00588168342042515,-0.00012716405401468013,-0.00012717153340176184,-3.2106521730135285e-07,0,0,1
tabicl,tabred_delivery_eta__gap_far,source::tabred_delivery_eta,frequency_combined,frequency encoding,joint_freq_combined,freq_enc_train_only,same_hyperparameters,1,False,0.5650913365983429,0.565091389337288,0.5606875625200399,-0.7854238924990508,-0.7854332986190765,9.33281697351451e-06,9.406120025723665e-06,5.273894509993937e-08,1,0,0
tabicl,tabred_delivery_eta__gap_far,source::tabred_delivery_eta,groupby_combined,group-by aggregation,joint_groupby_combined,groupby_train_only,same_hyperparameters,1,False,0.5963388521540752,0.5966430752723753,0.5606875625200399,-6.358494822642166,-6.412753760888037,0.05098913084026778,0.05425893824587118,0.0003042231183000288,1,0,0
tabicl,tabred_delivery_eta__gap_far,source::tabred_delivery_eta,pca_10,principal component analysis,joint_pca_10,pca_train_only_10,same_hyperparameters,1,False,0.5739369382061058,0.5918531485514816,0.5606875625200399,-2.3630586037107473,-5.558458598825758,3.0271377941005255,3.1953999951150105,0.017916210345375827,1,0,0
tabicl,tabred_delivery_eta__gap_far,source::tabred_delivery_eta,pca_5,principal component analysis,joint_pca_5,pca_train_only_5,same_hyperparameters,1,False,0.5700643861946659,0.5710836187839096,0.5606875625200399,-1.6723794678949842,-1.8541620964702712,0.17847344166762014,0.18178262857528713,0.001019232589243635,1,0,0
tabicl,tabred_delivery_eta__gap_far,source::tabred_delivery_eta,pca_var90,principal component analysis,joint_pca_var90,pca_train_only_var90,same_hyperparameters,1,False,0.5658677533888397,0.5672333827520614,0.5606875625200399,-0.923899728668331,-1.1674630702705269,0.24075264339980298,0.24356334160219575,0.0013656293632217098,1,0,0
tabicl,tabred_delivery_eta__gap_far,source::tabred_delivery_eta,pca_var95,principal component analysis,joint_pca_var95,pca_train_only_var95,same_hyperparameters,1,False,0.5611309238698149,0.5593011818027407,0.5606875625200399,-0.07907458260394633,0.24726439642571682,-0.32714789930830723,-0.32633897902966313,-0.0018297420670742026,0,0,1
tabicl,tabred_delivery_eta__gap_far,source::tabred_delivery_eta,scaling_train_only,scaling,joint_scaling,train_only_scaling,closer_pair_but_cat_encoding_also_differs,1,False,0.5617372586698686,0.5617372851967913,0.5606875625200399,-0.1872158792163542,-0.18722061035799933,4.722300525272336e-06,4.73114164513869e-06,2.652692276949864e-08,1,0,0
tabicl,tabred_delivery_eta__gap_far,source::tabred_delivery_eta,target_m10,target encoding,target_enc_ratio,target_enc_standard_m10,loose_regularization_sensitivity,1,False,0.5653514906815258,0.5653513852521579,0.5606875625200399,-0.8318230103988025,-0.8318042068128216,-1.8648467245828703e-05,-1.8803585980885616e-05,-1.054293679025875e-07,0,0,1
tabicl,tabred_delivery_eta__gap_far,source::tabred_delivery_eta,target_m20,target encoding,target_enc_ratio,target_enc_standard_m20,loose_regularization_sensitivity,1,False,0.5653514906815258,0.5653514116095016,0.5606875625200399,-0.8318230103988025,-0.8318089077096337,-1.3986349468107503e-05,-1.4102689168846619e-05,-7.907202415058379e-08,0,0,1
tabicl,tabred_delivery_eta__gap_far,source::tabred_delivery_eta,target_m5,target encoding,target_enc_ratio,target_enc_standard_m5,loose_regularization_sensitivity,1,False,0.5653514906815258,0.5653513852521579,0.5606875625200399,-0.8318230103988025,-0.8318042068128216,-1.8648467245828703e-05,-1.8803585980885616e-05,-1.054293679025875e-07,0,0,1
tabicl,tabred_delivery_eta__gap_maxdiff,source::tabred_delivery_eta,frequency_combined,frequency encoding,joint_freq_combined,freq_enc_train_only,same_hyperparameters,1,False,0.5506291010224365,0.5506291010224365,0.5485074338313581,-0.38680737219153766,-0.38680737219153766,0.0,0.0,0.0,0,1,0
tabicl,tabred_delivery_eta__gap_maxdiff,source::tabred_delivery_eta,groupby_combined,group-by aggregation,joint_groupby_combined,groupby_train_only,same_hyperparameters,1,False,0.5670338803585345,0.5668276304580437,0.5485074338313581,-3.377610837061591,-3.3400088124089593,-0.036386705482955674,-0.03760202465263169,-0.00020624990049078473,0,0,1
tabicl,tabred_delivery_eta__gap_maxdiff,source::tabred_delivery_eta,pca_10,principal component analysis,joint_pca_10,pca_train_only_10,same_hyperparameters,1,False,0.5505242255282906,0.5501289292420334,0.5485074338313581,-0.36768721306930335,-0.2956195870216378,-0.07185520797858569,-0.07206762604766552,-0.00039529628625722957,0,0,1
tabicl,tabred_delivery_eta__gap_maxdiff,source::tabred_delivery_eta,pca_5,principal component analysis,joint_pca_5,pca_train_only_5,same_hyperparameters,1,False,0.5493413894058358,0.5498528196904452,0.5485074338313581,-0.15204088824328205,-0.24528124435606152,0.0930122145954167,0.09324035611277946,0.0005114302846094265,1,0,0
tabicl,tabred_delivery_eta__gap_maxdiff,source::tabred_delivery_eta,pca_var90,principal component analysis,joint_pca_var90,pca_train_only_var90,same_hyperparameters,1,False,0.5511515840057227,0.5476046735173313,0.5485074338313581,-0.48206277823712224,0.16458488223595635,-0.6477136993023015,-0.6466476604730786,-0.003546910488391397,0,0,1
tabicl,tabred_delivery_eta__gap_maxdiff,source::tabred_delivery_eta,pca_var95,principal component analysis,joint_pca_var95,pca_train_only_var95,same_hyperparameters,1,False,0.5451884830968464,0.5536277748911727,0.5485074338313581,0.605087648735887,-0.9335044055918473,1.524362067272574,1.5385920543277343,0.008439291794326231,1,0,0
tabicl,tabred_delivery_eta__gap_maxdiff,source::tabred_delivery_eta,scaling_train_only,scaling,joint_scaling,train_only_scaling,closer_pair_but_cat_encoding_also_differs,1,False,0.5485855054982806,0.5485855054982806,0.5485074338313581,-0.014233474718306674,-0.014233474718306674,0.0,0.0,0.0,0,1,0
tabicl,tabred_delivery_eta__gap_maxdiff,source::tabred_delivery_eta,target_m10,target encoding,target_enc_ratio,target_enc_standard_m10,loose_regularization_sensitivity,1,False,0.5507210773037221,0.550721104361268,0.5485074338313581,-0.40357583796112534,-0.4035807709017204,4.913112218914159e-06,4.9329405950825194e-06,2.7057545870512456e-08,1,0,0
tabicl,tabred_delivery_eta__gap_maxdiff,source::tabred_delivery_eta,target_m20,target encoding,target_enc_ratio,target_enc_standard_m20,loose_regularization_sensitivity,1,False,0.5507210773037221,0.550721104361268,0.5485074338313581,-0.40357583796112534,-0.4035807709017204,4.913112218914159e-06,4.9329405950825194e-06,2.7057545870512456e-08,1,0,0
tabicl,tabred_delivery_eta__gap_maxdiff,source::tabred_delivery_eta,target_m5,target encoding,target_enc_ratio,target_enc_standard_m5,loose_regularization_sensitivity,1,False,0.5507210773037221,0.550721104361268,0.5485074338313581,-0.40357583796112534,-0.4035807709017204,4.913112218914159e-06,4.9329405950825194e-06,2.7057545870512456e-08,1,0,0
tabicl,tabred_delivery_eta__gap_near,source::tabred_delivery_eta,frequency_combined,frequency encoding,joint_freq_combined,freq_enc_train_only,same_hyperparameters,1,False,0.5600866628329464,0.5600866628329464,0.5606876688263737,0.10719087057600053,0.10719087057600053,0.0,0.0,0.0,0,1,0
tabicl,tabred_delivery_eta__gap_near,source::tabred_delivery_eta,groupby_combined,group-by aggregation,joint_groupby_combined,groupby_train_only,same_hyperparameters,1,False,0.6045715822207871,0.5841852563447842,0.5606876688263737,-7.8268019495186785,-4.190851489135746,-3.48970222281182,-3.6359504603829325,-0.020386325876002864,0,0,1
tabicl,tabred_delivery_eta__gap_near,source::tabred_delivery_eta,pca_10,principal component analysis,joint_pca_10,pca_train_only_10,same_hyperparameters,1,False,0.562275073327327,0.5643510825242007,0.5606876688263737,-0.28311742690472114,-0.6533786814850596,0.36785775046063823,0.37026125458033854,0.002076009196873785,1,0,0
tabicl,tabred_delivery_eta__gap_near,source::tabred_delivery_eta,pca_5,principal component analysis,joint_pca_5,pca_train_only_5,same_hyperparameters,1,False,0.5632344854785831,0.5629352369240748,0.5606876688263737,-0.45423090141083966,-0.40085919892008537,-0.05315861130731077,-0.05337170249075429,-0.00029924855450835786,0,0,1
tabicl,tabred_delivery_eta__gap_near,source::tabred_delivery_eta,pca_var90,principal component analysis,joint_pca_var90,pca_train_only_var90,same_hyperparameters,1,False,0.5624301920065355,0.5612492165421963,0.5606876688263737,-0.31078321800964787,-0.10015339145910691,-0.21041908470093573,-0.21062982655054094,-0.0011809754643392623,0,0,1
tabicl,tabred_delivery_eta__gap_near,source::tabred_delivery_eta,pca_var95,principal component analysis,joint_pca_var95,pca_train_only_var95,same_hyperparameters,1,False,0.5639197393438592,0.5613739610830991,0.5606876688263737,-0.5764475834203507,-0.12240188163260166,-0.4534906207349422,-0.45404570178774906,-0.0025457782607600787,0,0,1
tabicl,tabred_delivery_eta__gap_near,source::tabred_delivery_eta,scaling_train_only,scaling,joint_scaling,train_only_scaling,closer_pair_but_cat_encoding_also_differs,1,False,0.5647830724771739,0.5647830724771739,0.5606876688263737,-0.7304251330107991,-0.7304251330107991,0.0,0.0,0.0,0,1,0
tabicl,tabred_delivery_eta__gap_near,source::tabred_delivery_eta,target_m10,target encoding,target_enc_ratio,target_enc_standard_m10,loose_regularization_sensitivity,1,False,0.5600867160431421,0.5600866628329464,0.5606876688263737,0.1071813804090765,0.10719087057600053,-9.500350432360315e-06,-9.490166924024098e-06,-5.3210195694042284e-08,0,0,1
tabicl,tabred_delivery_eta__gap_near,source::tabred_delivery_eta,target_m20,target encoding,target_enc_ratio,target_enc_standard_m20,loose_regularization_sensitivity,1,False,0.5600867160431421,0.5600867160431421,0.5606876688263737,0.1071813804090765,0.1071813804090765,0.0,0.0,0.0,0,1,0
tabicl,tabred_delivery_eta__gap_near,source::tabred_delivery_eta,target_m5,target encoding,target_enc_ratio,target_enc_standard_m5,loose_regularization_sensitivity,1,False,0.5600867160431421,0.5600866628329464,0.5606876688263737,0.1071813804090765,0.10719087057600053,-9.500350432360315e-06,-9.490166924024098e-06,-5.3210195694042284e-08,0,0,1
tabicl,tabred_homesite__gap_far,source::tabred_homesite,frequency_combined,frequency encoding,joint_freq_combined,freq_enc_train_only,same_hyperparameters,1,False,0.1510198955787935,0.139957317987772,0.1243992417270374,-21.39936986928617,-12.506568404068618,-7.904250917403283,-8.892801465217547,-0.0110625775910215,0,0,1
tabicl,tabred_homesite__gap_far,source::tabred_homesite,pca_10,principal component analysis,joint_pca_10,pca_train_only_10,same_hyperparameters,1,False,0.1080301638358911,0.1065409315777724,0.1243992417270374,13.158502948968197,14.355642286349724,-1.3978029251899258,-1.1971393373815273,-0.0014892322581187,0,0,1
tabicl,tabred_homesite__gap_far,source::tabred_homesite,pca_5,principal component analysis,joint_pca_5,pca_train_only_5,same_hyperparameters,1,False,0.1453671599672235,0.1472993238850285,0.1243992417270374,-16.85534248367436,-18.408538380193292,1.3117262638035763,1.553195896518933,0.0019321639178050132,1,0,0
tabicl,tabred_homesite__gap_far,source::tabred_homesite,pca_var90,principal component analysis,joint_pca_var90,pca_train_only_var90,same_hyperparameters,1,False,0.167452171924751,0.161208679941597,0.1243992417270374,-34.60867574432837,-29.589760920993857,-3.872925443850744,-5.018914823334519,-0.00624349198315402,0,0,1
tabicl,tabred_homesite__gap_far,source::tabred_homesite,pca_var95,principal component analysis,joint_pca_var95,pca_train_only_var95,same_hyperparameters,1,False,0.1466122780222085,0.2045575308011096,0.1243992417270374,-17.85624734265823,-64.43631646080229,28.327117829380246,46.580069118144046,0.05794525277890111,1,0,0
tabicl,tabred_homesite__gap_far,source::tabred_homesite,scaling_train_only,scaling,joint_scaling,train_only_scaling,closer_pair_but_cat_encoding_also_differs,1,False,0.1244111761991906,0.1244092775331663,0.1243992417270374,-0.009593685610558384,-0.008067417445297804,-0.0015261450447689989,-0.0015262681652605812,-1.8986660243053288e-06,0,0,1
tabicl,tabred_homesite__gap_far,source::tabred_homesite,target_m10,target encoding,target_enc_ratio,target_enc_standard_m10,loose_regularization_sensitivity,1,False,0.1348969661758072,0.1345318798231203,0.1243992417270374,-8.438736686035764,-8.14525712167635,-0.27137534476358305,-0.2934795643594125,-0.0003650863526869219,0,0,1
tabicl,tabred_homesite__gap_far,source::tabred_homesite,target_m20,target encoding,target_enc_ratio,target_enc_standard_m20,loose_regularization_sensitivity,1,False,0.1348969661758072,0.1343702219730449,0.1243992417270374,-8.438736686035764,-8.01530628931509,-0.39200962462350414,-0.42343039672067234,-0.0005267442027623026,0,0,1
tabicl,tabred_homesite__gap_far,source::tabred_homesite,target_m5,target encoding,target_enc_ratio,target_enc_standard_m5,loose_regularization_sensitivity,1,False,0.1348969661758072,0.1342264658311993,0.1243992417270374,-8.438736686035764,-7.899745985369629,-0.4995291654710814,-0.5389907006661336,-0.0006705003446079161,0,0,1
tabicl,tabred_homesite__gap_near,source::tabred_homesite,frequency_combined,frequency encoding,joint_freq_combined,freq_enc_train_only,same_hyperparameters,1,False,0.0634545034866291,0.0640284431019971,0.0610258384034495,-3.9797324325532095,-4.920218676385888,0.8963822756922548,0.9404862438326779,0.0005739396153680021,1,0,0
tabicl,tabred_homesite__gap_near,source::tabred_homesite,pca_10,principal component analysis,joint_pca_10,pca_train_only_10,same_hyperparameters,1,False,0.0682169003517686,0.0565996410436262,0.0610258384034495,-11.783634828215025,7.252989021733966,-20.525323295227224,-19.03662384994899,-0.011617259308142398,0,0,1
tabicl,tabred_homesite__gap_near,source::tabred_homesite,pca_5,principal component analysis,joint_pca_5,pca_train_only_5,same_hyperparameters,1,False,0.0625173761845979,0.0627414187754742,0.0610258384034495,-2.444108627050168,-2.8112360549359208,0.35708881827817196,0.3671274278857526,0.00022404259087629996,1,0,0
tabicl,tabred_homesite__gap_near,source::tabred_homesite,pca_var90,principal component analysis,joint_pca_var90,pca_train_only_var90,same_hyperparameters,1,False,0.0608747588355104,0.0561186004444503,0.0610258384034495,0.247566558512966,8.041246277612498,-8.475190673666283,-7.793679719099532,-0.004756158391060097,0,0,1
tabicl,tabred_homesite__gap_near,source::tabred_homesite,pca_var95,principal component analysis,joint_pca_var95,pca_train_only_var95,same_hyperparameters,1,False,0.055869603957254,0.0624248840254108,0.0610258384034495,8.449264411751273,-2.2925463353932636,10.501068877418165,10.741810747144537,0.006555280068156796,1,0,0
tabicl,tabred_homesite__gap_near,source::tabred_homesite,scaling_train_only,scaling,joint_scaling,train_only_scaling,closer_pair_but_cat_encoding_also_differs,1,False,0.0610225835474079,0.0610225835474079,0.0610258384034495,0.005333570380601082,0.005333570380601082,0.0,0.0,0.0,0,1,0
tabicl,tabred_homesite__gap_near,source::tabred_homesite,target_m10,target encoding,target_enc_ratio,target_enc_standard_m10,loose_regularization_sensitivity,1,False,0.0627964800901812,0.0630144198259792,0.0610258384034495,-2.901462287213099,-3.258589270634743,0.3458569267159313,0.35712698342164373,0.00021793973579800618,1,0,0
tabicl,tabred_homesite__gap_near,source::tabred_homesite,target_m20,target encoding,target_enc_ratio,target_enc_standard_m20,loose_regularization_sensitivity,1,False,0.0627964800901812,0.0628900572013826,0.0610258384034495,-2.901462287213099,-3.0548024356642465,0.14879476242446385,0.15334014845114718,9.357711120140666e-05,1,0,0
tabicl,tabred_homesite__gap_near,source::tabred_homesite,target_m5,target encoding,target_enc_ratio,target_enc_standard_m5,loose_regularization_sensitivity,1,False,0.0627964800901812,0.0625181898986085,0.0610258384034495,-2.901462287213099,-2.4454420196456286,-0.4451347552192913,-0.45602026756747055,-0.00027829019157270263,0,0,1
tabicl,tabred_weather__gap_far,source::tabred_weather,frequency_combined,frequency encoding,joint_freq_combined,freq_enc_train_only,same_hyperparameters,1,False,1.6452310482197834,1.645231120677258,1.645231120677258,4.4040909375118116e-06,0.0,4.4040909375118116e-06,4.4040909375118116e-06,7.245747468687114e-08,1,0,0
tabicl,tabred_weather__gap_far,source::tabred_weather,pca_10,principal component analysis,joint_pca_10,pca_train_only_10,same_hyperparameters,1,False,1.668705654626614,1.673808895610445,1.645231120677258,-1.4268228733536577,-1.7370067082990146,0.3048879114703246,0.3101838349453569,0.005103240983831192,1,0,0
tabicl,tabred_weather__gap_far,source::tabred_weather,pca_5,principal component analysis,joint_pca_5,pca_train_only_5,same_hyperparameters,1,False,1.6420617488257825,1.6407250510089808,1.645231120677258,0.1926399161578538,0.2738867270163446,-0.08146994622771582,-0.08124681085849075,-0.0013366978168016797,0,0,1
tabicl,tabred_weather__gap_far,source::tabred_weather,pca_var90,principal component analysis,joint_pca_var90,pca_train_only_var90,same_hyperparameters,1,False,1.654506845671624,1.6641160839927658,1.645231120677258,-0.5637946473166442,-1.1478608128767784,0.5774379812546455,0.5840661655601344,0.009609238321141689,1,0,0
tabicl,tabred_weather__gap_far,source::tabred_weather,pca_var95,principal component analysis,joint_pca_var95,pca_train_only_var95,same_hyperparameters,1,False,1.6419102312191742,1.690519880316117,1.645231120677258,0.201849418987212,-2.752729332047636,2.875426054608305,2.954578751034848,0.048609649096942764,1,0,0
tabicl,tabred_weather__gap_far,source::tabred_weather,scaling_train_only,scaling,joint_scaling,train_only_scaling,closer_pair_but_cat_encoding_also_differs,1,False,1.6453175601718395,1.6453174152645005,1.645231120677258,-0.005253942348588832,-0.005245134629284488,-8.807257351837964e-06,-8.807719304343214e-06,-1.4490733901695307e-07,0,0,1
tabicl,tabred_weather__gap_far,source::tabred_weather,target_m10,target encoding,target_enc_ratio,target_enc_standard_m10,loose_regularization_sensitivity,1,False,1.6452310482197834,1.6452310482197834,1.645231120677258,4.4040909375118116e-06,4.4040909375118116e-06,0.0,0.0,0.0,0,1,0
tabicl,tabred_weather__gap_far,source::tabred_weather,target_m20,target encoding,target_enc_ratio,target_enc_standard_m20,loose_regularization_sensitivity,1,False,1.6452310482197834,1.6452310482197834,1.645231120677258,4.4040909375118116e-06,4.4040909375118116e-06,0.0,0.0,0.0,0,1,0
tabicl,tabred_weather__gap_far,source::tabred_weather,target_m5,target encoding,target_enc_ratio,target_enc_standard_m5,loose_regularization_sensitivity,1,False,1.6452310482197834,1.6452310482197834,1.645231120677258,4.4040909375118116e-06,4.4040909375118116e-06,0.0,0.0,0.0,0,1,0
tabicl,tabred_weather__gap_maxdiff,source::tabred_weather,frequency_combined,frequency encoding,joint_freq_combined,freq_enc_train_only,same_hyperparameters,1,False,1.7961079826305446,1.7961079826305446,1.796107849888755,-7.390524436963175e-06,-7.390524436963175e-06,0.0,0.0,0.0,0,1,0
tabicl,tabred_weather__gap_maxdiff,source::tabred_weather,pca_10,principal component analysis,joint_pca_10,pca_train_only_10,same_hyperparameters,1,False,1.8309923817524536,1.8031864281410168,1.796107849888755,-1.9422292411816577,-0.39410652610310637,-1.542045413468598,-1.5481227150785513,-0.027805953611436784,0,0,1
tabicl,tabred_weather__gap_maxdiff,source::tabred_weather,pca_5,principal component analysis,joint_pca_5,pca_train_only_5,same_hyperparameters,1,False,1.8042924456842413,1.8079692512150844,1.796107849888755,-0.45568509686059083,-0.6603947155547512,0.20336659643807972,0.20470961869416035,0.0036768055308431524,1,0,0
tabicl,tabred_weather__gap_maxdiff,source::tabred_weather,pca_var90,principal component analysis,joint_pca_var90,pca_train_only_var90,same_hyperparameters,1,False,1.845778949128696,1.8157487889437736,1.796107849888755,-2.765485337810723,-1.0935278221870144,-1.653871965537208,-1.6719575156237085,-0.03003016018492244,0,0,1
tabicl,tabred_weather__gap_maxdiff,source::tabred_weather,pca_var95,principal component analysis,joint_pca_var95,pca_train_only_var95,same_hyperparameters,1,False,1.86742511338679,1.811631882704148,1.796107849888755,-3.9706559660352343,-0.8643151810930757,-3.0797222777599735,-3.1063407849421587,-0.05579323068264208,0,0,1
tabicl,tabred_weather__gap_maxdiff,source::tabred_weather,scaling_train_only,scaling,joint_scaling,train_only_scaling,closer_pair_but_cat_encoding_also_differs,1,False,1.7960954384880874,1.796095637602144,1.796107849888755,0.0006910164480615343,0.000679930585005574,1.1085938432646422e-05,1.1085863055960384e-05,1.9911405657602188e-07,1,0,0
tabicl,tabred_weather__gap_maxdiff,source::tabred_weather,target_m10,target encoding,target_enc_ratio,target_enc_standard_m10,loose_regularization_sensitivity,1,False,1.7961079826305446,1.7961079826305446,1.796107849888755,-7.390524436963175e-06,-7.390524436963175e-06,0.0,0.0,0.0,0,1,0
tabicl,tabred_weather__gap_maxdiff,source::tabred_weather,target_m20,target encoding,target_enc_ratio,target_enc_standard_m20,loose_regularization_sensitivity,1,False,1.7961079826305446,1.7961079826305446,1.796107849888755,-7.390524436963175e-06,-7.390524436963175e-06,0.0,0.0,0.0,0,1,0
tabicl,tabred_weather__gap_maxdiff,source::tabred_weather,target_m5,target encoding,target_enc_ratio,target_enc_standard_m5,loose_regularization_sensitivity,1,False,1.7961079826305446,1.7961079826305446,1.796107849888755,-7.390524436963175e-06,-7.390524436963175e-06,0.0,0.0,0.0,0,1,0
tabicl,tabred_weather__gap_near,source::tabred_weather,frequency_combined,frequency encoding,joint_freq_combined,freq_enc_train_only,same_hyperparameters,1,False,1.7294869490145115,1.729486604376752,1.7294869490145115,0.0,1.9927167397140736e-05,-1.992717136806153e-05,-1.9927167397140736e-05,-3.4463775944182373e-07,0,0,1
tabicl,tabred_weather__gap_near,source::tabred_weather,pca_10,principal component analysis,joint_pca_10,pca_train_only_10,same_hyperparameters,1,False,1.7139870278391702,1.708458903590118,1.7294869490145115,0.8962149835344733,1.2158545305227952,-0.3235737328791144,-0.319639546988322,-0.005528124249052135,0,0,1
tabicl,tabred_weather__gap_near,source::tabred_weather,pca_5,principal component analysis,joint_pca_5,pca_train_only_5,same_hyperparameters,1,False,1.7237378658451277,1.7158776991772855,1.7294869490145115,0.3324155277760116,0.7868952029375396,-0.4580843186907143,-0.45447967516152793,-0.007860166667842172,0,0,1
tabicl,tabred_weather__gap_near,source::tabred_weather,pca_var90,principal component analysis,joint_pca_var90,pca_train_only_var90,same_hyperparameters,1,False,1.7554513629074344,1.748247427064717,1.7294869490145115,-1.5012783940184022,-1.084742389116931,-0.4120661487151563,-0.4165360049014712,-0.0072039358427173905,0,0,1
tabicl,tabred_weather__gap_near,source::tabred_weather,pca_var95,principal component analysis,joint_pca_var95,pca_train_only_var95,same_hyperparameters,1,False,1.732491097255363,1.7136127337373537,1.7294869490145115,-0.1737017005282064,0.9178568989030647,-1.10167035680437,-1.091558599431271,-0.018878363518009422,0,0,1
tabicl,tabred_weather__gap_near,source::tabred_weather,scaling_train_only,scaling,joint_scaling,train_only_scaling,closer_pair_but_cat_encoding_also_differs,1,False,1.7294948756640247,1.7294947378095609,1.7294869490145115,-0.0004583237542052082,-0.000450352924247646,-7.970794060858115e-06,-7.970829957562254e-06,-1.378544638441781e-07,0,0,1
tabicl,tabred_weather__gap_near,source::tabred_weather,target_m10,target encoding,target_enc_ratio,target_enc_standard_m10,loose_regularization_sensitivity,1,False,1.729486604376752,1.7294869490145115,1.7294869490145115,1.9927167397140736e-05,0.0,1.9927167397140736e-05,1.9927167397140736e-05,3.4463775944182373e-07,1,0,0
tabicl,tabred_weather__gap_near,source::tabred_weather,target_m20,target encoding,target_enc_ratio,target_enc_standard_m20,loose_regularization_sensitivity,1,False,1.729486604376752,1.7294869490145115,1.7294869490145115,1.9927167397140736e-05,0.0,1.9927167397140736e-05,1.9927167397140736e-05,3.4463775944182373e-07,1,0,0
tabicl,tabred_weather__gap_near,source::tabred_weather,target_m5,target encoding,target_enc_ratio,target_enc_standard_m5,loose_regularization_sensitivity,1,False,1.729486604376752,1.729486604376752,1.7294869490145115,1.9927167397140736e-05,1.9927167397140736e-05,0.0,0.0,0.0,0,1,0
tabicl,taiwanese_bankruptcy_prediction,source::taiwanese_bankruptcy_prediction,frequency_combined,frequency encoding,joint_freq_combined,freq_enc_train_only,same_hyperparameters,3,False,0.058424639090695264,0.058422563540674495,0.058424639090695264,0.0,0.0035525251898385355,-0.003552651398674381,-0.0035525251898385355,-2.0755500207692013e-06,0,2,1
tabicl,taiwanese_bankruptcy_prediction,source::taiwanese_bankruptcy_prediction,groupby_combined,group-by aggregation,joint_groupby_combined,groupby_train_only,same_hyperparameters,3,False,0.05888612067254909,0.0587761707551836,0.058424639090695264,-0.7898749381017991,-0.6016839298615705,-0.1870654653966164,-0.1881910082402286,-0.00010994991736549414,1,0,2
tabicl,taiwanese_bankruptcy_prediction,source::taiwanese_bankruptcy_prediction,pca_10,principal component analysis,joint_pca_10,pca_train_only_10,same_hyperparameters,3,False,0.05975012916480706,0.05919200847605407,0.058424639090695264,-2.2687176074022113,-1.3134345325909182,-0.9428987174489615,-0.9552830748112929,-0.0005581206887529944,0,0,3
tabicl,taiwanese_bankruptcy_prediction,source::taiwanese_bankruptcy_prediction,pca_5,principal component analysis,joint_pca_5,pca_train_only_5,same_hyperparameters,3,False,0.05710183580579207,0.057242445537965904,0.058424639090695264,2.2641188811620165,2.023450330423414,0.24563893253054025,0.2406685507386025,0.00014060973217383532,2,0,1
tabicl,taiwanese_bankruptcy_prediction,source::taiwanese_bankruptcy_prediction,pca_var90,principal component analysis,joint_pca_var90,pca_train_only_var90,same_hyperparameters,3,False,0.06150932427128953,0.06041225316692996,0.058424639090695264,-5.279767626473081,-3.4020134435905245,-1.815974486712426,-1.8777541828825568,-0.0010970711043595677,1,0,2
tabicl,taiwanese_bankruptcy_prediction,source::taiwanese_bankruptcy_prediction,pca_var95,principal component analysis,joint_pca_var95,pca_train_only_var95,same_hyperparameters,3,False,0.05782073538525714,0.058365691944622565,0.058424639090695264,1.033645590006401,0.10089432641799098,0.9336933071614804,0.93275126358841,0.0005449565593654282,1,0,2
tabicl,taiwanese_bankruptcy_prediction,source::taiwanese_bankruptcy_prediction,scaling_train_only,scaling,joint_scaling,train_only_scaling,closer_pair_but_cat_encoding_also_differs,3,False,0.0583447439733298,0.058424639090695264,0.058424639090695264,0.13674901310290713,0.0,0.13674901310290713,0.13674901310290713,7.989511736546107e-05,3,0,0
tabicl,taiwanese_bankruptcy_prediction,source::taiwanese_bankruptcy_prediction,target_m10,target encoding,target_enc_ratio,target_enc_standard_m10,loose_regularization_sensitivity,3,False,0.058424639090695264,0.058422563540674495,0.058424639090695264,0.0,0.0035525251898385355,-0.003552651398674381,-0.0035525251898385355,-2.0755500207692013e-06,0,2,1
tabicl,taiwanese_bankruptcy_prediction,source::taiwanese_bankruptcy_prediction,target_m20,target encoding,target_enc_ratio,target_enc_standard_m20,loose_regularization_sensitivity,3,False,0.058424639090695264,0.058426714640716,0.058424639090695264,0.0,-0.0035525251897791524,0.003552398989910194,0.0035525251897791524,2.0755500207345068e-06,1,2,0
tabicl,taiwanese_bankruptcy_prediction,source::taiwanese_bankruptcy_prediction,target_m5,target encoding,target_enc_ratio,target_enc_standard_m5,loose_regularization_sensitivity,3,False,0.058424639090695264,0.058426714640716,0.058424639090695264,0.0,-0.0035525251897791524,0.003552398989910194,0.0035525251897791524,2.0755500207345068e-06,1,2,0
tabicl,website_phishing,source::website_phishing,frequency_combined,frequency encoding,joint_freq_combined,freq_enc_train_only,same_hyperparameters,3,True,0.019982251807677532,0.02011076256543143,0.0200714767488947,,,,,0.00012851075775389964,2,0,1
tabicl,website_phishing,source::website_phishing,groupby_combined,group-by aggregation,joint_groupby_combined,groupby_train_only,same_hyperparameters,3,True,0.0200714767488947,0.02007875480922497,0.0200714767488947,,,,,7.27806033026801e-06,1,2,0
tabicl,website_phishing,source::website_phishing,pca_10,principal component analysis,joint_pca_10,pca_train_only_10,same_hyperparameters,3,True,0.0200714767488947,0.020071474759062864,0.0200714767488947,,,,,-1.9898318374955704e-09,1,1,1
tabicl,website_phishing,source::website_phishing,pca_5,principal component analysis,joint_pca_5,pca_train_only_5,same_hyperparameters,3,True,0.0200714767488947,0.020072609518561935,0.0200714767488947,,,,,1.1327696672336351e-06,1,2,0
tabicl,website_phishing,source::website_phishing,pca_var90,principal component analysis,joint_pca_var90,pca_train_only_var90,same_hyperparameters,3,True,0.0200714767488947,0.0200714767488947,0.0200714767488947,,,,,0.0,0,3,0
tabicl,website_phishing,source::website_phishing,pca_var95,principal component analysis,joint_pca_var95,pca_train_only_var95,same_hyperparameters,3,True,0.020072609518561935,0.02007875480922497,0.0200714767488947,,,,,6.145290663034375e-06,1,1,1
tabicl,website_phishing,source::website_phishing,scaling_train_only,scaling,joint_scaling,train_only_scaling,closer_pair_but_cat_encoding_also_differs,3,True,0.02007875480922497,0.0200714767488947,0.0200714767488947,,,,,-7.27806033026801e-06,0,2,1
tabicl,website_phishing,source::website_phishing,target_m10,target encoding,target_enc_ratio,target_enc_standard_m10,loose_regularization_sensitivity,3,True,0.020398855381257564,0.0204032528540218,0.0200714767488947,,,,,4.397472764237215e-06,1,1,1
tabicl,website_phishing,source::website_phishing,target_m20,target encoding,target_enc_ratio,target_enc_standard_m20,loose_regularization_sensitivity,3,True,0.020398855381257564,0.02044537920716213,0.0200714767488947,,,,,4.652382590456666e-05,2,0,1
tabicl,website_phishing,source::website_phishing,target_m5,target encoding,target_enc_ratio,target_enc_standard_m5,loose_regularization_sensitivity,3,True,0.020398855381257564,0.020386982042129867,0.0200714767488947,,,,,-1.1873339127697197e-05,1,0,2
tabicl,wine_quality,source::wine_quality,frequency_combined,frequency encoding,joint_freq_combined,freq_enc_train_only,same_hyperparameters,3,False,0.09918463042063186,0.09918467146407846,0.09874133671770506,-0.448944401263419,-0.4489859678939347,4.1380836367023374e-05,4.156663051570846e-05,4.1043446599720035e-08,1,0,2
tabicl,wine_quality,source::wine_quality,groupby_combined,group-by aggregation,joint_groupby_combined,groupby_train_only,same_hyperparameters,3,False,0.09772910942649747,0.0977347285259864,0.09874133671770506,1.0251302289956647,1.0194395024208422,0.0057493375933768635,0.0056907265748224484,5.619099488929358e-06,2,1,0
tabicl,wine_quality,source::wine_quality,pca_10,principal component analysis,joint_pca_10,pca_train_only_10,same_hyperparameters,3,False,0.0982441257704642,0.09809946705211497,0.09874133671770506,0.5035489327659805,0.6500516267317193,-0.1474612683393783,-0.14650269396573895,-0.00014465871834921928,1,0,2
tabicl,wine_quality,source::wine_quality,pca_5,principal component analysis,joint_pca_5,pca_train_only_5,same_hyperparameters,3,False,0.09794248484392425,0.09819460005680257,0.09874133671770506,0.8090348989954221,0.5537059544429456,0.256750587845444,0.2553289445524765,0.0002521152128783233,3,0,0
tabicl,wine_quality,source::wine_quality,pca_var90,principal component analysis,joint_pca_var90,pca_train_only_var90,same_hyperparameters,3,False,0.0987740305648363,0.10028203949271115,0.09874133671770506,-0.03311059807171742,-1.5603422297298437,1.503767709056674,1.5272316316581263,0.0015080089278748515,2,0,1
tabicl,wine_quality,source::wine_quality,pca_var95,principal component analysis,joint_pca_var95,pca_train_only_var95,same_hyperparameters,3,False,0.09875925256361621,0.09870315738286134,0.09874133671770506,-0.01814422055311458,0.03866600971067839,-0.05683220500970082,-0.05681023026379298,-5.609518075487541e-05,1,0,2
tabicl,wine_quality,source::wine_quality,scaling_train_only,scaling,joint_scaling,train_only_scaling,closer_pair_but_cat_encoding_also_differs,3,False,0.0987409796792683,0.09874109664444101,0.09874133671770506,0.00036158963269953393,0.0002431334960884059,0.00011845642461837458,0.00011845613661112806,1.1696517271397866e-07,2,1,0
tabicl,wine_quality,source::wine_quality,target_m10,target encoding,target_enc_ratio,target_enc_standard_m10,loose_regularization_sensitivity,3,False,0.09918435520923746,0.09918389281433183,0.09874133671770506,-0.44866568172857735,-0.44819739264013747,-0.00046619959401502823,-0.00046828908843990247,-4.6239490562871577e-07,0,0,3
tabicl,wine_quality,source::wine_quality,target_m20,target encoding,target_enc_ratio,target_enc_standard_m20,loose_regularization_sensitivity,3,False,0.09918435520923746,0.0991841841530211,0.09874133671770506,-0.44866568172857735,-0.44849244504570035,-0.00017246319846141124,-0.00017323668287699484,-1.7105621635815638e-07,1,0,2
tabicl,wine_quality,source::wine_quality,target_m5,target encoding,target_enc_ratio,target_enc_standard_m5,loose_regularization_sensitivity,3,False,0.09918435520923746,0.09918447343343505,0.09874133671770506,-0.44866568172857735,-0.44878541293894414,0.00011919627487238903,0.00011973121036678292,1.1822419758444891e-07,1,1,1
tabpfn,Another-Dataset-on-used-Fiat-500,source::Another-Dataset-on-used-Fiat-500,frequency_combined,frequency encoding,joint_freq_combined,freq_enc_train_only,same_hyperparameters,3,False,717.6812986343651,717.6812986343651,723.6962113966459,0.8311377989215597,0.8311377989215597,0.0,0.0,0.0,0,3,0
tabpfn,Another-Dataset-on-used-Fiat-500,source::Another-Dataset-on-used-Fiat-500,groupby_combined,group-by aggregation,joint_groupby_combined,groupby_train_only,same_hyperparameters,3,False,726.9207355344791,726.2125227805878,723.6962113966459,-0.4455632193528101,-0.3477027161833189,-0.09752141854833818,-0.09786050316949124,-0.7082127538913028,1,0,2
tabpfn,Another-Dataset-on-used-Fiat-500,source::Another-Dataset-on-used-Fiat-500,pca_10,principal component analysis,joint_pca_10,pca_train_only_10,same_hyperparameters,3,False,727.1123917100136,724.9155126348275,723.6962113966459,-0.47204617898646867,-0.16848246805498837,-0.3030531195561345,-0.3035637109314803,-2.196879075186189,0,0,3
tabpfn,Another-Dataset-on-used-Fiat-500,source::Another-Dataset-on-used-Fiat-500,pca_5,principal component analysis,joint_pca_5,pca_train_only_5,same_hyperparameters,3,False,726.1097822865808,725.9581721185981,723.6962113966459,-0.3335060833435784,-0.31255666208157346,-0.020884146470891325,-0.02094942126200497,-0.15161016798265337,2,0,1
tabpfn,Another-Dataset-on-used-Fiat-500,source::Another-Dataset-on-used-Fiat-500,pca_var90,principal component analysis,joint_pca_var90,pca_train_only_var90,same_hyperparameters,3,False,728.2369370771021,728.4709796562729,723.6962113966459,-0.6274353256172364,-0.659775218445906,0.03212792076923241,0.03233989282866974,0.2340425791708185,2,0,1
tabpfn,Another-Dataset-on-used-Fiat-500,source::Another-Dataset-on-used-Fiat-500,pca_var95,principal component analysis,joint_pca_var95,pca_train_only_var95,same_hyperparameters,3,False,726.1097822865808,725.9581721185981,723.6962113966459,-0.3335060833435784,-0.31255666208157346,-0.020884146470891325,-0.02094942126200497,-0.15161016798265337,2,0,1
tabpfn,Another-Dataset-on-used-Fiat-500,source::Another-Dataset-on-used-Fiat-500,scaling_train_only,scaling,joint_scaling,train_only_scaling,closer_pair_but_cat_encoding_also_differs,3,False,724.1127175720399,722.8844616706347,723.6962113966459,-0.05755262620348854,0.11216719297793377,-0.16991040291094503,-0.16971981918142232,-1.2282559014051913,1,0,2
tabpfn,Another-Dataset-on-used-Fiat-500,source::Another-Dataset-on-used-Fiat-500,target_m10,target encoding,target_enc_ratio,target_enc_standard_m10,loose_regularization_sensitivity,3,False,717.6812986343651,717.6812986343651,723.6962113966459,0.8311377989215597,0.8311377989215597,0.0,0.0,0.0,0,3,0
tabpfn,Another-Dataset-on-used-Fiat-500,source::Another-Dataset-on-used-Fiat-500,target_m20,target encoding,target_enc_ratio,target_enc_standard_m20,loose_regularization_sensitivity,3,False,717.6812986343651,717.6812986343651,723.6962113966459,0.8311377989215597,0.8311377989215597,0.0,0.0,0.0,0,3,0
tabpfn,Another-Dataset-on-used-Fiat-500,source::Another-Dataset-on-used-Fiat-500,target_m5,target encoding,target_enc_ratio,target_enc_standard_m5,loose_regularization_sensitivity,3,False,717.6812986343651,717.6812986343651,723.6962113966459,0.8311377989215597,0.8311377989215597,0.0,0.0,0.0,0,3,0
tabpfn,Bank_Customer_Churn,source::Bank_Customer_Churn,frequency_combined,frequency encoding,joint_freq_combined,freq_enc_train_only,same_hyperparameters,3,False,0.1288890708241702,0.1288890708241702,0.12787327021734088,-0.7943807217120561,-0.7943807217120561,0.0,0.0,0.0,0,3,0
tabpfn,Bank_Customer_Churn,source::Bank_Customer_Churn,groupby_combined,group-by aggregation,joint_groupby_combined,groupby_train_only,same_hyperparameters,3,False,0.129559204777118,0.12902957963567588,0.12787327021734088,-1.3184417329060254,-0.904262021585644,-0.4104680050400441,-0.4141797113203815,-0.0005296251414421138,0,0,3
tabpfn,Bank_Customer_Churn,source::Bank_Customer_Churn,pca_10,principal component analysis,joint_pca_10,pca_train_only_10,same_hyperparameters,3,False,0.1274929866035627,0.127592849558586,0.12787327021734088,0.2973910130958753,0.219295759214,0.07826688985218984,0.0780952538818753,9.986295502328879e-05,2,0,1
tabpfn,Bank_Customer_Churn,source::Bank_Customer_Churn,pca_5,principal component analysis,joint_pca_5,pca_train_only_5,same_hyperparameters,3,False,0.1288871761584822,0.12906950911414974,0.12787327021734088,-0.7928990471722662,-0.9354878425926451,0.14126725740182072,0.1425887954203788,0.00018233295566755237,2,0,1
tabpfn,Bank_Customer_Churn,source::Bank_Customer_Churn,pca_var90,principal component analysis,joint_pca_var90,pca_train_only_var90,same_hyperparameters,3,False,0.1274929866035627,0.127592849558586,0.12787327021734088,0.2973910130958753,0.219295759214,0.07826688985218984,0.0780952538818753,9.986295502328879e-05,2,0,1
tabpfn,Bank_Customer_Churn,source::Bank_Customer_Churn,pca_var95,principal component analysis,joint_pca_var95,pca_train_only_var95,same_hyperparameters,3,False,0.1274929866035627,0.127592849558586,0.12787327021734088,0.2973910130958753,0.219295759214,0.07826688985218984,0.0780952538818753,9.986295502328879e-05,2,0,1
tabpfn,Bank_Customer_Churn,source::Bank_Customer_Churn,scaling_train_only,scaling,joint_scaling,train_only_scaling,closer_pair_but_cat_encoding_also_differs,3,False,0.12792992528477296,0.12833421343149734,0.12787327021734088,-0.044305637398482284,-0.36046877769921404,0.31502756429031886,0.3161631403007318,0.0004042881467243853,2,0,1
tabpfn,Bank_Customer_Churn,source::Bank_Customer_Churn,target_m10,target encoding,target_enc_ratio,target_enc_standard_m10,loose_regularization_sensitivity,3,False,0.12934985536573596,0.12934985536573596,0.12787327021734088,-1.1547254135953402,-1.1547254135953402,0.0,0.0,0.0,0,3,0
tabpfn,Bank_Customer_Churn,source::Bank_Customer_Churn,target_m20,target encoding,target_enc_ratio,target_enc_standard_m20,loose_regularization_sensitivity,3,False,0.12934985536573596,0.12934985536573596,0.12787327021734088,-1.1547254135953402,-1.1547254135953402,0.0,0.0,0.0,0,3,0
tabpfn,Bank_Customer_Churn,source::Bank_Customer_Churn,target_m5,target encoding,target_enc_ratio,target_enc_standard_m5,loose_regularization_sensitivity,3,False,0.12934985536573596,0.12934985536573596,0.12787327021734088,-1.1547254135953402,-1.1547254135953402,0.0,0.0,0.0,0,3,0
tabpfn,E-CommereShippingData,source::E-CommereShippingData,frequency_combined,frequency encoding,joint_freq_combined,freq_enc_train_only,same_hyperparameters,3,False,0.25904496037427843,0.2567880202009165,0.25506745139171844,-1.5593949603752297,-0.6745544364089486,-0.8789117855249019,-0.8848405239662812,-0.002256940173361921,0,0,3
tabpfn,E-CommereShippingData,source::E-CommereShippingData,groupby_combined,group-by aggregation,joint_groupby_combined,groupby_train_only,same_hyperparameters,3,False,0.25608596449734744,0.25449616869064917,0.25506745139171844,-0.39931128024046797,0.22397318746558542,-0.624683591457415,-0.6232844677060534,-0.0015897958066982687,0,0,3
tabpfn,E-CommereShippingData,source::E-CommereShippingData,pca_10,principal component analysis,joint_pca_10,pca_train_only_10,same_hyperparameters,3,False,0.25342620627597273,0.2538300244370322,0.25506745139171844,0.6434553318310972,0.48513714624681326,0.15908999022281514,0.15831818558428384,0.0004038181610594438,2,0,1
tabpfn,E-CommereShippingData,source::E-CommereShippingData,pca_5,principal component analysis,joint_pca_5,pca_train_only_5,same_hyperparameters,3,False,0.253814068778767,0.25431487863065855,0.25506745139171844,0.49139261246883337,0.2950485281260482,0.19692510897833637,0.1963440843427852,0.0005008098518915483,3,0,0
tabpfn,E-CommereShippingData,source::E-CommereShippingData,pca_var90,principal component analysis,joint_pca_var90,pca_train_only_var90,same_hyperparameters,3,False,0.253814068778767,0.25417504775031424,0.25506745139171844,0.49139261246883337,0.3498696664490091,0.14201983032647902,0.14152294601982432,0.00036097897154724334,3,0,0
tabpfn,E-CommereShippingData,source::E-CommereShippingData,pca_var95,principal component analysis,joint_pca_var95,pca_train_only_var95,same_hyperparameters,3,False,0.25342620627597273,0.2538300244370322,0.25506745139171844,0.6434553318310972,0.48513714624681326,0.15908999022281514,0.15831818558428384,0.0004038181610594438,2,0,1
tabpfn,E-CommereShippingData,source::E-CommereShippingData,scaling_train_only,scaling,joint_scaling,train_only_scaling,closer_pair_but_cat_encoding_also_differs,3,False,0.25516369723908494,0.25481009243963176,0.25506745139171844,-0.037733488471916425,0.10089839008562287,-0.13877189716767277,-0.1386318785575393,-0.0003536047994531777,0,0,3
tabpfn,E-CommereShippingData,source::E-CommereShippingData,target_m10,target encoding,target_enc_ratio,target_enc_standard_m10,loose_regularization_sensitivity,3,False,0.256903434595214,0.256562347112649,0.25506745139171844,-0.7198030142528605,-0.5860785893198154,-0.13294526122151065,-0.13372442493304523,-0.00034108748256495014,0,0,3
tabpfn,E-CommereShippingData,source::E-CommereShippingData,target_m20,target encoding,target_enc_ratio,target_enc_standard_m20,loose_regularization_sensitivity,3,False,0.256903434595214,0.25693794178781154,0.25506745139171844,-0.7198030142528605,-0.7333316681086486,0.013430166194007744,0.013528653855788024,3.450719259756596e-05,2,0,1
tabpfn,E-CommereShippingData,source::E-CommereShippingData,target_m5,target encoding,target_enc_ratio,target_enc_standard_m5,loose_regularization_sensitivity,3,False,0.256903434595214,0.2572981089674537,0.25506745139171844,-0.7198030142528605,-0.8745363485478757,0.15339186666531085,0.1547333342950151,0.0003946743722397228,3,0,0
tabpfn,Fitness_Club,source::Fitness_Club,frequency_combined,frequency encoding,joint_freq_combined,freq_enc_train_only,same_hyperparameters,3,False,0.17811219603549913,0.17793172672578453,0.17749400775030547,-0.3482868481190189,-0.24661056507036302,-0.10142615543361187,-0.10167628304865585,-0.00018046930971460373,2,0,1
tabpfn,Fitness_Club,source::Fitness_Club,groupby_combined,group-by aggregation,joint_groupby_combined,groupby_train_only,same_hyperparameters,3,False,0.17809272564660758,0.17842835156469158,0.17749400775030547,-0.3373172446161547,-0.5264086524546405,0.18810122670573354,0.18909140783848583,0.00033562591808400377,2,0,1
tabpfn,Fitness_Club,source::Fitness_Club,pca_10,principal component analysis,joint_pca_10,pca_train_only_10,same_hyperparameters,3,False,0.17830539825609829,0.17816323368548415,0.17749400775030547,-0.4571368442670274,-0.37704142447452754,-0.07979456124213932,-0.08009541979249989,-0.00014216457061413945,1,0,2
tabpfn,Fitness_Club,source::Fitness_Club,pca_5,principal component analysis,joint_pca_5,pca_train_only_5,same_hyperparameters,3,False,0.17830539825609829,0.17816323368548415,0.17749400775030547,-0.4571368442670274,-0.37704142447452754,-0.07979456124213932,-0.08009541979249989,-0.00014216457061413945,1,0,2
tabpfn,Fitness_Club,source::Fitness_Club,pca_var90,principal component analysis,joint_pca_var90,pca_train_only_var90,same_hyperparameters,3,False,0.17830539825609829,0.17816323368548415,0.17749400775030547,-0.4571368442670274,-0.37704142447452754,-0.07979456124213932,-0.08009541979249989,-0.00014216457061413945,1,0,2
tabpfn,Fitness_Club,source::Fitness_Club,pca_var95,principal component analysis,joint_pca_var95,pca_train_only_var95,same_hyperparameters,3,False,0.17830539825609829,0.17816323368548415,0.17749400775030547,-0.4571368442670274,-0.37704142447452754,-0.07979456124213932,-0.08009541979249989,-0.00014216457061413945,1,0,2
tabpfn,Fitness_Club,source::Fitness_Club,scaling_train_only,scaling,joint_scaling,train_only_scaling,closer_pair_but_cat_encoding_also_differs,3,False,0.17785008765122445,0.1773958135538337,0.17749400775030547,-0.20061516748211158,0.055322541710769495,-0.2560793788140382,-0.2559377091928811,-0.00045427409739076663,1,0,2
tabpfn,Fitness_Club,source::Fitness_Club,target_m10,target encoding,target_enc_ratio,target_enc_standard_m10,loose_regularization_sensitivity,3,False,0.1788070291343762,0.17902761127172337,0.17749400775030547,-0.7397553307365021,-0.8640311528574767,0.1232112386353436,0.12427582212097453,0.00022058213734715837,2,0,1
tabpfn,Fitness_Club,source::Fitness_Club,target_m20,target encoding,target_enc_ratio,target_enc_standard_m20,loose_regularization_sensitivity,3,False,0.1788070291343762,0.17903111546340933,0.17749400775030547,-0.7397553307365021,-0.8660054120059263,0.125166135759746,0.12625008126942408,0.00022408632903311854,3,0,0
tabpfn,Fitness_Club,source::Fitness_Club,target_m5,target encoding,target_enc_ratio,target_enc_standard_m5,loose_regularization_sensitivity,3,False,0.1788070291343762,0.17858622320564063,0.17749400775030547,-0.7397553307365021,-0.6153534247035932,-0.12364107643472741,-0.12440190603290889,-0.00022080592873557903,0,0,3
tabpfn,Is-this-a-good-customer,source::Is-this-a-good-customer,frequency_combined,frequency encoding,joint_freq_combined,freq_enc_train_only,same_hyperparameters,3,False,0.2655832924988131,0.26672391132116086,0.26227783349590816,-1.26028912121408,-1.6951786454809403,0.4276402579348688,0.43488952426686034,0.0011406188223477831,2,0,1
tabpfn,Is-this-a-good-customer,source::Is-this-a-good-customer,groupby_combined,group-by aggregation,joint_groupby_combined,groupby_train_only,same_hyperparameters,3,False,0.26219166120934284,0.2625700865386523,0.26227783349590816,0.0328553448138296,-0.11142880008146823,0.14412354975317307,0.14428414489529784,0.00037842532930948414,1,0,2
tabpfn,Is-this-a-good-customer,source::Is-this-a-good-customer,pca_10,principal component analysis,joint_pca_10,pca_train_only_10,same_hyperparameters,3,False,0.25912258446639586,0.2602400001221219,0.26227783349590816,1.2030178027078806,0.7769750674786099,0.4293789022447256,0.4260427352292707,0.0011174156557260395,2,0,1
tabpfn,Is-this-a-good-customer,source::Is-this-a-good-customer,pca_5,principal component analysis,joint_pca_5,pca_train_only_5,same_hyperparameters,3,False,0.25912258446639586,0.2602400001221219,0.26227783349590816,1.2030178027078806,0.7769750674786099,0.4293789022447256,0.4260427352292707,0.0011174156557260395,2,0,1
tabpfn,Is-this-a-good-customer,source::Is-this-a-good-customer,pca_var90,principal component analysis,joint_pca_var90,pca_train_only_var90,same_hyperparameters,3,False,0.2568485978112697,0.2594063653002749,0.26227783349590816,2.07003222966732,1.0948192446763039,0.986007990222013,0.9752129849910164,0.0025577674890052138,2,0,1
tabpfn,Is-this-a-good-customer,source::Is-this-a-good-customer,pca_var95,principal component analysis,joint_pca_var95,pca_train_only_var95,same_hyperparameters,3,False,0.25912258446639586,0.2602400001221219,0.26227783349590816,1.2030178027078806,0.7769750674786099,0.4293789022447256,0.4260427352292707,0.0011174156557260395,2,0,1
tabpfn,Is-this-a-good-customer,source::Is-this-a-good-customer,scaling_train_only,scaling,joint_scaling,train_only_scaling,closer_pair_but_cat_encoding_also_differs,3,False,0.26150770207744656,0.2611480529948113,0.26227783349590816,0.2936319124633996,0.4307571425453616,-0.13771846219446837,-0.13712523008196206,-0.0003596490826352494,1,0,2
tabpfn,Is-this-a-good-customer,source::Is-this-a-good-customer,target_m10,target encoding,target_enc_ratio,target_enc_standard_m10,loose_regularization_sensitivity,3,False,0.25151973108751097,0.25150690828490435,0.26227783349590816,4.101796276491294,4.106685291485699,-0.005098389819213312,-0.0048890149944050745,-1.2822802606615724e-05,1,0,2
tabpfn,Is-this-a-good-customer,source::Is-this-a-good-customer,target_m20,target encoding,target_enc_ratio,target_enc_standard_m20,loose_regularization_sensitivity,3,False,0.25151973108751097,0.2496491284310537,0.26227783349590816,4.101796276491294,4.815010440084139,-0.749292684582268,-0.7132141635928452,-0.0018706026564572764,0,0,3
tabpfn,Is-this-a-good-customer,source::Is-this-a-good-customer,target_m5,target encoding,target_enc_ratio,target_enc_standard_m5,loose_regularization_sensitivity,3,False,0.25151973108751097,0.2508212699764762,0.26227783349590816,4.101796276491294,4.36810208728932,-0.2784696493643791,-0.26630581079802645,-0.000698461111034776,1,0,2
tabpfn,MIC,source::MIC,frequency_combined,frequency encoding,joint_freq_combined,freq_enc_train_only,same_hyperparameters,3,False,0.133116510896521,0.13445677395034483,0.13100575673892498,-1.6111919125832246,-2.6342485226028804,0.9967984612800576,1.0230566100196556,0.0013402630538238425,2,0,1
tabpfn,MIC,source::MIC,pca_10,principal component analysis,joint_pca_10,pca_train_only_10,same_hyperparameters,3,False,0.16649349045334358,0.16448427654364794,0.13100575673892498,-27.088682663877425,-25.554998984846662,-1.2215233892964013,-1.5336836790307613,-0.002009213909695634,1,0,2
tabpfn,MIC,source::MIC,pca_5,principal component analysis,joint_pca_5,pca_train_only_5,same_hyperparameters,3,False,0.13723246123755536,0.13515104632366925,0.13100575673892498,-4.753000672359218,-3.1642041448645832,-1.5400657046349386,-1.5887965274946354,-0.0020814149138861093,1,0,2
tabpfn,MIC,source::MIC,pca_var90,principal component analysis,joint_pca_var90,pca_train_only_var90,same_hyperparameters,3,False,0.13052888230116225,0.13712026751001877,0.13100575673892498,0.36401029209202684,-4.6673603689638625,4.807010173295438,5.03137066105589,0.006591385208856521,1,0,2
tabpfn,MIC,source::MIC,pca_var95,principal component analysis,joint_pca_var95,pca_train_only_var95,same_hyperparameters,3,False,0.12624209485838733,0.13562199308082723,0.13100575673892498,3.6362233226368184,-3.523689688768201,6.916207326970722,7.15991301140502,0.009379898222439897,3,0,0
tabpfn,MIC,source::MIC,scaling_train_only,scaling,joint_scaling,train_only_scaling,closer_pair_but_cat_encoding_also_differs,3,False,0.13644870262725148,0.14060843211133495,0.13100575673892498,-4.154737947259434,-7.329964431675071,2.958378399945289,3.175226484415637,0.004159729484083469,2,0,1
tabpfn,MIC,source::MIC,target_m10,target encoding,target_enc_ratio,target_enc_standard_m10,loose_regularization_sensitivity,3,False,0.13750786078815272,0.13672550128115088,0.13100575673892498,-4.963220098934636,-4.3660253446911526,-0.5722118402718898,-0.5971947542434841,-0.0007823595070018396,1,0,2
tabpfn,MIC,source::MIC,target_m20,target encoding,target_enc_ratio,target_enc_standard_m20,loose_regularization_sensitivity,3,False,0.13750786078815272,0.13774351238331659,0.13100575673892498,-4.963220098934636,-5.143098908102912,0.17107999577365796,0.17987880916827545,0.00023565159516386602,1,0,2
tabpfn,MIC,source::MIC,target_m5,target encoding,target_enc_ratio,target_enc_standard_m5,loose_regularization_sensitivity,3,False,0.13750786078815272,0.13836318052200025,0.13100575673892498,-4.963220098934636,-5.616107235453421,0.6181700439529377,0.6528871365187843,0.0008553197338475316,2,0,1
tabpfn,Marketing_Campaign,source::Marketing_Campaign,frequency_combined,frequency encoding,joint_freq_combined,freq_enc_train_only,same_hyperparameters,3,False,0.07796883532194027,0.07795977764593133,0.07925134966343557,1.6182870663299507,1.6297161158633684,-0.011618396412151464,-0.011429049533417739,-9.057676008936144e-06,1,0,2
tabpfn,Marketing_Campaign,source::Marketing_Campaign,groupby_combined,group-by aggregation,joint_groupby_combined,groupby_train_only,same_hyperparameters,3,False,0.08218431584480453,0.0813295885768401,0.07925134966343557,-3.7008406718935007,-2.62233882732646,-1.0509425695137788,-1.078501844567041,-0.000854727267964428,1,0,2
tabpfn,Marketing_Campaign,source::Marketing_Campaign,pca_10,principal component analysis,joint_pca_10,pca_train_only_10,same_hyperparameters,3,False,0.08090590723371877,0.07878394012047997,0.07925134966343557,-2.087734249712803,0.5897811771541971,-2.6934005966111716,-2.677515426867,-0.0021219671132387957,0,0,3
tabpfn,Marketing_Campaign,source::Marketing_Campaign,pca_5,principal component analysis,joint_pca_5,pca_train_only_5,same_hyperparameters,3,False,0.07968768599339843,0.0786100288904478,0.07925134966343557,-0.5505727433234766,0.8092237869907973,-1.3708900990896087,-1.3597965303142738,-0.0010776571029506299,1,0,2
tabpfn,Marketing_Campaign,source::Marketing_Campaign,pca_var90,principal component analysis,joint_pca_var90,pca_train_only_var90,same_hyperparameters,3,False,0.08029023847902915,0.07900136856086937,0.07925134966343557,-1.3108783888293776,0.31542819602167155,-1.631452646502861,-1.626306584851049,-0.0012888699181597824,1,0,2
tabpfn,Marketing_Campaign,source::Marketing_Campaign,pca_var95,principal component analysis,joint_pca_var95,pca_train_only_var95,same_hyperparameters,3,False,0.08094601953333934,0.0786126931471234,0.07925134966343557,-2.138348276844104,0.8058620061669861,-2.968129309409528,-2.9442102830110897,-0.002333326386215945,0,0,3
tabpfn,Marketing_Campaign,source::Marketing_Campaign,scaling_train_only,scaling,joint_scaling,train_only_scaling,closer_pair_but_cat_encoding_also_differs,3,False,0.0808488139326795,0.08054435970235986,0.07925134966343557,-2.0156934563613524,-1.6315306230309556,-0.3779957174465115,-0.38416283333039686,-0.00030445423031963403,1,0,2
tabpfn,Marketing_Campaign,source::Marketing_Campaign,target_m10,target encoding,target_enc_ratio,target_enc_standard_m10,loose_regularization_sensitivity,3,False,0.07634165765294126,0.0766740631424557,0.07925134966343557,3.671473133077453,3.2520411727056793,0.4335305524331583,0.4194319603717736,0.0003324054895144368,2,0,1
tabpfn,Marketing_Campaign,source::Marketing_Campaign,target_m20,target encoding,target_enc_ratio,target_enc_standard_m20,loose_regularization_sensitivity,3,False,0.07634165765294126,0.07690533031492769,0.07925134966343557,3.671473133077453,2.960226366454261,0.7329435549892095,0.7112467666231916,0.0005636726619864252,2,0,1
tabpfn,Marketing_Campaign,source::Marketing_Campaign,target_m5,target encoding,target_enc_ratio,target_enc_standard_m5,loose_regularization_sensitivity,3,False,0.07634165765294126,0.0769316037496842,0.07925134966343557,3.671473133077453,2.9270743319865913,0.7668449219679274,0.7443988010908617,0.000589946096742941,3,0,0
tabpfn,NATICUSdroid,source::NATICUSdroid,frequency_combined,frequency encoding,joint_freq_combined,freq_enc_train_only,same_hyperparameters,3,True,0.015814480164368566,0.015814480164368566,0.0150456938233939,,,,,0.0,0,3,0
tabpfn,NATICUSdroid,source::NATICUSdroid,groupby_combined,group-by aggregation,joint_groupby_combined,groupby_train_only,same_hyperparameters,3,True,0.0150456938233939,0.015047808730528333,0.0150456938233939,,,,,2.1149071344327836e-06,1,2,0
tabpfn,NATICUSdroid,source::NATICUSdroid,pca_10,principal component analysis,joint_pca_10,pca_train_only_10,same_hyperparameters,3,True,0.0150456938233939,0.0150456938233939,0.0150456938233939,,,,,0.0,0,3,0
tabpfn,NATICUSdroid,source::NATICUSdroid,pca_5,principal component analysis,joint_pca_5,pca_train_only_5,same_hyperparameters,3,True,0.0150456938233939,0.015047808730528333,0.0150456938233939,,,,,2.1149071344327836e-06,1,2,0
tabpfn,NATICUSdroid,source::NATICUSdroid,pca_var90,principal component analysis,joint_pca_var90,pca_train_only_var90,same_hyperparameters,3,True,0.0150456938233939,0.0150456938233939,0.0150456938233939,,,,,0.0,0,3,0
tabpfn,NATICUSdroid,source::NATICUSdroid,pca_var95,principal component analysis,joint_pca_var95,pca_train_only_var95,same_hyperparameters,3,True,0.0150456938233939,0.0150456938233939,0.0150456938233939,,,,,0.0,0,3,0
tabpfn,NATICUSdroid,source::NATICUSdroid,scaling_train_only,scaling,joint_scaling,train_only_scaling,closer_pair_but_cat_encoding_also_differs,3,True,0.0150456938233939,0.015040997745223134,0.0150456938233939,,,,,-4.6960781707669486e-06,2,0,1
tabpfn,NATICUSdroid,source::NATICUSdroid,target_m10,target encoding,target_enc_ratio,target_enc_standard_m10,loose_regularization_sensitivity,3,True,0.015609085225328466,0.015609085225328466,0.0150456938233939,,,,,0.0,0,3,0
tabpfn,NATICUSdroid,source::NATICUSdroid,target_m20,target encoding,target_enc_ratio,target_enc_standard_m20,loose_regularization_sensitivity,3,True,0.015609085225328466,0.015609085225328466,0.0150456938233939,,,,,0.0,0,3,0
tabpfn,NATICUSdroid,source::NATICUSdroid,target_m5,target encoding,target_enc_ratio,target_enc_standard_m5,loose_regularization_sensitivity,3,True,0.015609085225328466,0.015609085225328466,0.0150456938233939,,,,,0.0,0,3,0
tabpfn,QSAR_fish_toxicity,source::QSAR_fish_toxicity,frequency_combined,frequency encoding,joint_freq_combined,freq_enc_train_only,same_hyperparameters,3,False,0.8558717334200979,0.8558717334200979,0.8558717334200979,0.0,0.0,0.0,0.0,0.0,0,3,0
tabpfn,QSAR_fish_toxicity,source::QSAR_fish_toxicity,groupby_combined,group-by aggregation,joint_groupby_combined,groupby_train_only,same_hyperparameters,3,False,0.85902292754399,0.8607199155451409,0.8558717334200979,-0.3681853250719928,-0.5664612973803305,0.19715914207424,0.19827597230833768,0.001696988001150923,1,0,2
tabpfn,QSAR_fish_toxicity,source::QSAR_fish_toxicity,pca_10,principal component analysis,joint_pca_10,pca_train_only_10,same_hyperparameters,3,False,0.8605771560163905,0.8604552735734013,0.8558717334200979,-0.5497812829370503,-0.5355405458931809,-0.014164878376884715,-0.014240737043869389,-0.00012188244298916295,1,0,2
tabpfn,QSAR_fish_toxicity,source::QSAR_fish_toxicity,pca_5,principal component analysis,joint_pca_5,pca_train_only_5,same_hyperparameters,3,False,0.8645043974468152,0.8624494045648472,0.8558717334200979,-1.008639926945686,-0.7685346866714053,-0.23827402176766907,-0.2401052402742806,-0.0020549928819679764,1,0,2
tabpfn,QSAR_fish_toxicity,source::QSAR_fish_toxicity,pca_var90,principal component analysis,joint_pca_var90,pca_train_only_var90,same_hyperparameters,3,False,0.8645043974468152,0.8624494045648472,0.8558717334200979,-1.008639926945686,-0.7685346866714053,-0.23827402176766907,-0.2401052402742806,-0.0020549928819679764,1,0,2
tabpfn,QSAR_fish_toxicity,source::QSAR_fish_toxicity,pca_var95,principal component analysis,joint_pca_var95,pca_train_only_var95,same_hyperparameters,3,False,0.8645043974468152,0.8624494045648472,0.8558717334200979,-1.008639926945686,-0.7685346866714053,-0.23827402176766907,-0.2401052402742806,-0.0020549928819679764,1,0,2
tabpfn,QSAR_fish_toxicity,source::QSAR_fish_toxicity,scaling_train_only,scaling,joint_scaling,train_only_scaling,closer_pair_but_cat_encoding_also_differs,3,False,0.8562465881947299,0.8548288345097529,0.8558717334200979,-0.043798008509290866,0.1218522436974954,-0.16585234701284637,-0.16565025220678625,-0.0014177536849769856,1,0,2
tabpfn,QSAR_fish_toxicity,source::QSAR_fish_toxicity,target_m10,target encoding,target_enc_ratio,target_enc_standard_m10,loose_regularization_sensitivity,3,False,0.8558717334200979,0.8558717334200979,0.8558717334200979,0.0,0.0,0.0,0.0,0.0,0,3,0
tabpfn,QSAR_fish_toxicity,source::QSAR_fish_toxicity,target_m20,target encoding,target_enc_ratio,target_enc_standard_m20,loose_regularization_sensitivity,3,False,0.8558717334200979,0.8564101088958572,0.8558717334200979,0.0,-0.06290375703937909,0.0628642130875138,0.06290375703937909,0.0005383754757593007,1,2,0
tabpfn,QSAR_fish_toxicity,source::QSAR_fish_toxicity,target_m5,target encoding,target_enc_ratio,target_enc_standard_m5,loose_regularization_sensitivity,3,False,0.8558717334200979,0.8558717334200979,0.8558717334200979,0.0,0.0,0.0,0.0,0.0,0,3,0
tabpfn,airfoil_self_noise,source::airfoil_self_noise,frequency_combined,frequency encoding,joint_freq_combined,freq_enc_train_only,same_hyperparameters,3,False,1.3193365663304502,1.3155855079860903,1.344854487464997,1.8974484877280104,2.176367759613734,-0.28512463246132896,-0.27891927188572346,-0.0037510583443598478,1,0,2
tabpfn,airfoil_self_noise,source::airfoil_self_noise,groupby_combined,group-by aggregation,joint_groupby_combined,groupby_train_only,same_hyperparameters,3,False,1.1005900334137297,1.1017941870324373,1.344854487464997,18.162890954224878,18.073353117237225,0.10929024974716667,0.08953783698765076,0.0012041536187075152,1,0,2
tabpfn,airfoil_self_noise,source::airfoil_self_noise,pca_10,principal component analysis,joint_pca_10,pca_train_only_10,same_hyperparameters,3,False,1.1555426566203792,1.1566172873612481,1.344854487464997,14.076751991322412,13.996845150033245,0.0929115233372131,0.07990684128916638,0.001074630740868887,1,0,2
tabpfn,airfoil_self_noise,source::airfoil_self_noise,pca_5,principal component analysis,joint_pca_5,pca_train_only_5,same_hyperparameters,3,False,1.1555426566203792,1.1566172873612481,1.344854487464997,14.076751991322412,13.996845150033245,0.0929115233372131,0.07990684128916638,0.001074630740868887,1,0,2
tabpfn,airfoil_self_noise,source::airfoil_self_noise,pca_var90,principal component analysis,joint_pca_var90,pca_train_only_var90,same_hyperparameters,3,False,1.1555426566203792,1.1566172873612481,1.344854487464997,14.076751991322412,13.996845150033245,0.0929115233372131,0.07990684128916638,0.001074630740868887,1,0,2
tabpfn,airfoil_self_noise,source::airfoil_self_noise,pca_var95,principal component analysis,joint_pca_var95,pca_train_only_var95,same_hyperparameters,3,False,1.1555426566203792,1.1566172873612481,1.344854487464997,14.076751991322412,13.996845150033245,0.0929115233372131,0.07990684128916638,0.001074630740868887,1,0,2
tabpfn,airfoil_self_noise,source::airfoil_self_noise,scaling_train_only,scaling,joint_scaling,train_only_scaling,closer_pair_but_cat_encoding_also_differs,3,False,1.3317685320816937,1.3342738818717141,1.344854487464997,0.973038756629346,0.7867472423151857,0.1877687800128403,0.1862915143141604,0.0025053497900204835,1,0,2
tabpfn,airfoil_self_noise,source::airfoil_self_noise,target_m10,target encoding,target_enc_ratio,target_enc_standard_m10,loose_regularization_sensitivity,3,False,1.380725086463764,1.3683197032174717,1.344854487464997,-2.6672475969040845,-1.7448144740704046,-0.9066143838404283,-0.9224331228336802,-0.012405383246292256,0,0,3
tabpfn,airfoil_self_noise,source::airfoil_self_noise,target_m20,target encoding,target_enc_ratio,target_enc_standard_m20,loose_regularization_sensitivity,3,False,1.380725086463764,1.3730374794086704,1.344854487464997,-2.6672475969040845,-2.095616455635828,-0.5598978302037587,-0.5716311412682566,-0.007687607055093526,1,0,2
tabpfn,airfoil_self_noise,source::airfoil_self_noise,target_m5,target encoding,target_enc_ratio,target_enc_standard_m5,loose_regularization_sensitivity,3,False,1.380725086463764,1.3639824942951175,1.344854487464997,-2.6672475969040845,-1.4223105182313156,-1.2274785225376852,-1.2449370786727691,-0.016742592168646375,0,0,3
tabpfn,anneal,source::anneal,frequency_combined,frequency encoding,joint_freq_combined,freq_enc_train_only,same_hyperparameters,3,True,1.2183235867454142e-05,0.00016182782995646667,0.00031553350266796666,,,,,0.00014964459408901251,1,2,0
tabpfn,anneal,source::anneal,pca_10,principal component analysis,joint_pca_10,pca_train_only_10,same_hyperparameters,3,True,0.00016182782995646667,0.00031147242404553336,0.00031553350266796666,,,,,0.0001496445940890667,1,2,0
tabpfn,anneal,source::anneal,pca_5,principal component analysis,joint_pca_5,pca_train_only_5,same_hyperparameters,3,True,0.00016182782995646667,0.00031147242404553336,0.00031553350266796666,,,,,0.0001496445940890667,1,2,0
tabpfn,anneal,source::anneal,pca_var90,principal component analysis,joint_pca_var90,pca_train_only_var90,same_hyperparameters,3,True,0.00016182782995646667,0.00031147242404553336,0.00031553350266796666,,,,,0.0001496445940890667,1,2,0
tabpfn,anneal,source::anneal,pca_var95,principal component analysis,joint_pca_var95,pca_train_only_var95,same_hyperparameters,3,True,0.00016182782995646667,0.00031147242404553336,0.00031553350266796666,,,,,0.0001496445940890667,1,2,0
tabpfn,anneal,source::anneal,scaling_train_only,scaling,joint_scaling,train_only_scaling,closer_pair_but_cat_encoding_also_differs,3,True,0.00032771673853543336,0.0003236556599129,0.00031553350266796666,,,,,-4.06107862253337e-06,0,2,1
tabpfn,anneal,source::anneal,target_m10,target encoding,target_enc_ratio,target_enc_standard_m10,loose_regularization_sensitivity,3,True,8.7005532912e-05,0.000157766751334,0.00031553350266796666,,,,,7.0761218422e-05,1,2,0
tabpfn,anneal,source::anneal,target_m20,target encoding,target_enc_ratio,target_enc_standard_m20,loose_regularization_sensitivity,3,True,8.7005532912e-05,8.294445428946666e-05,0.00031553350266796666,,,,,-4.06107862253333e-06,0,2,1
tabpfn,anneal,source::anneal,target_m5,target encoding,target_enc_ratio,target_enc_standard_m5,loose_regularization_sensitivity,3,True,8.7005532912e-05,0.00016182782995646667,0.00031553350266796666,,,,,7.482229704446667e-05,1,2,0
tabpfn,bike_sharing,source::bike_sharing,frequency_combined,frequency encoding,joint_freq_combined,freq_enc_train_only,same_hyperparameters,1,False,125.06876016417984,125.3398726979809,124.84424498341258,-0.17983622777092034,-0.3969968456568952,0.21630190614149739,0.21716061788597485,0.27111253380105893,1,0,0
tabpfn,bike_sharing,source::bike_sharing,groupby_combined,group-by aggregation,joint_groupby_combined,groupby_train_only,same_hyperparameters,1,False,125.61673911843152,125.52225022320876,124.84424498341258,-0.6187663156772527,-0.5430808924242053,-0.0752766103656867,-0.07568542325304736,-0.09448889522276716,0,0,1
tabpfn,bike_sharing,source::bike_sharing,pca_10,principal component analysis,joint_pca_10,pca_train_only_10,same_hyperparameters,1,False,124.78548953873214,124.80744925720954,124.84424498341258,0.047062998128788225,0.029473305884406276,0.017594878036605664,0.01758969224438195,0.021959718477404522,1,0,0
tabpfn,bike_sharing,source::bike_sharing,pca_5,principal component analysis,joint_pca_5,pca_train_only_5,same_hyperparameters,1,False,124.78548953873214,124.85149504436096,124.84424498341258,0.047062998128788225,-0.005807284868712157,0.052867212847848156,0.05287028299750038,0.0660055056288229,1,0,0
tabpfn,bike_sharing,source::bike_sharing,pca_var90,principal component analysis,joint_pca_var90,pca_train_only_var90,same_hyperparameters,1,False,124.59782828833428,124.6210315136078,124.84424498341258,0.19737929859004352,0.17879355979479317,0.018619028418959793,0.018585738795250332,0.02320322527351948,1,0,0
tabpfn,bike_sharing,source::bike_sharing,pca_var95,principal component analysis,joint_pca_var95,pca_train_only_var95,same_hyperparameters,1,False,124.59782828833428,124.6210315136078,124.84424498341258,0.19737929859004352,0.17879355979479317,0.018619028418959793,0.018585738795250332,0.02320322527351948,1,0,0
tabpfn,bike_sharing,source::bike_sharing,scaling_train_only,scaling,joint_scaling,train_only_scaling,closer_pair_but_cat_encoding_also_differs,1,False,124.7205710068624,124.69035574149956,124.84424498341258,0.099062617236871,0.12326498665074001,-0.024232239280383146,-0.024202369413869006,-0.030215265362841137,0,0,1
tabpfn,bike_sharing,source::bike_sharing,target_m10,target encoding,target_enc_ratio,target_enc_standard_m10,loose_regularization_sensitivity,1,False,124.5227215540987,124.4951100199722,124.84424498341258,0.25753964818851205,0.27965643389229944,-0.02217881017339801,-0.022116785703787344,-0.027611534126492643,0,0,1
tabpfn,bike_sharing,source::bike_sharing,target_m20,target encoding,target_enc_ratio,target_enc_standard_m20,loose_regularization_sensitivity,1,False,124.5227215540987,124.55304508996896,124.84424498341258,0.25753964818851205,0.23325055430653505,0.024345880783856185,0.02428909388197703,0.030323535870266483,1,0,0
tabpfn,bike_sharing,source::bike_sharing,target_m5,target encoding,target_enc_ratio,target_enc_standard_m5,loose_regularization_sensitivity,1,False,124.5227215540987,124.47844834120818,124.84424498341258,0.25753964818851205,0.29300240652102366,-0.03556697041174463,-0.03546275833251159,-0.044273212890516334,0,0,1
tabpfn,blood-transfusion-service-center,source::blood-transfusion-service-center,frequency_combined,frequency encoding,joint_freq_combined,freq_enc_train_only,same_hyperparameters,3,False,0.25116612151848544,0.25116612151848544,0.25116612151848544,0.0,0.0,0.0,0.0,0.0,0,3,0
tabpfn,blood-transfusion-service-center,source::blood-transfusion-service-center,groupby_combined,group-by aggregation,joint_groupby_combined,groupby_train_only,same_hyperparameters,3,False,0.25116612151848544,0.25116612151848544,0.25116612151848544,0.0,0.0,0.0,0.0,0.0,0,3,0
tabpfn,blood-transfusion-service-center,source::blood-transfusion-service-center,pca_10,principal component analysis,joint_pca_10,pca_train_only_10,same_hyperparameters,3,False,0.24853305580335014,0.2443148478540985,0.25116612151848544,1.0483363358149052,2.7277857471246216,-1.726545883846858,-1.6794494113097165,-0.004218207949251651,1,0,2
tabpfn,blood-transfusion-service-center,source::blood-transfusion-service-center,pca_5,principal component analysis,joint_pca_5,pca_train_only_5,same_hyperparameters,3,False,0.24853305580335014,0.2443148478540985,0.25116612151848544,1.0483363358149052,2.7277857471246216,-1.726545883846858,-1.6794494113097165,-0.004218207949251651,1,0,2
tabpfn,blood-transfusion-service-center,source::blood-transfusion-service-center,pca_var90,principal component analysis,joint_pca_var90,pca_train_only_var90,same_hyperparameters,3,False,0.24921944692239073,0.2513212409554961,0.25116612151848544,0.7750546070169095,-0.06175969755507599,0.8362978095741328,0.8368143045719855,0.002101794033105342,2,0,1
tabpfn,blood-transfusion-service-center,source::blood-transfusion-service-center,pca_var95,principal component analysis,joint_pca_var95,pca_train_only_var95,same_hyperparameters,3,False,0.246898602438299,0.247770839528199,0.25116612151848544,1.6990822864111295,1.3518073097436227,0.3520337952443883,0.3472749766675068,0.000872237089900002,2,0,1
tabpfn,blood-transfusion-service-center,source::blood-transfusion-service-center,scaling_train_only,scaling,joint_scaling,train_only_scaling,closer_pair_but_cat_encoding_also_differs,3,False,0.25227698483496874,0.24986941223114278,0.25116612151848544,-0.44228230693188597,0.5162755548013751,-0.9635323436863183,-0.9585578617332611,-0.002407572603825958,1,0,2
tabpfn,blood-transfusion-service-center,source::blood-transfusion-service-center,target_m10,target encoding,target_enc_ratio,target_enc_standard_m10,loose_regularization_sensitivity,3,False,0.25116612151848544,0.25116612151848544,0.25116612151848544,0.0,0.0,0.0,0.0,0.0,0,3,0
tabpfn,blood-transfusion-service-center,source::blood-transfusion-service-center,target_m20,target encoding,target_enc_ratio,target_enc_standard_m20,loose_regularization_sensitivity,3,False,0.25116612151848544,0.25116612151848544,0.25116612151848544,0.0,0.0,0.0,0.0,0.0,0,3,0
tabpfn,blood-transfusion-service-center,source::blood-transfusion-service-center,target_m5,target encoding,target_enc_ratio,target_enc_standard_m5,loose_regularization_sensitivity,3,False,0.25116612151848544,0.25116612151848544,0.25116612151848544,0.0,0.0,0.0,0.0,0.0,0,3,0
tabpfn,churn,source::churn,frequency_combined,frequency encoding,joint_freq_combined,freq_enc_train_only,same_hyperparameters,3,False,0.07040956566888333,0.07037120198943443,0.07264049721075806,3.0711953077660517,3.124008381632536,-0.054516163379814735,-0.05281307386648484,-3.836367944889951e-05,1,0,2
tabpfn,churn,source::churn,groupby_combined,group-by aggregation,joint_groupby_combined,groupby_train_only,same_hyperparameters,3,False,0.07078296682873157,0.07253630542226554,0.07264049721075806,2.5571553793706543,0.14343485038411044,2.417187618430543,2.413720528986544,0.0017533385935339652,3,0,0
tabpfn,churn,source::churn,pca_10,principal component analysis,joint_pca_10,pca_train_only_10,same_hyperparameters,3,False,0.07033942826105337,0.07224347260936607,0.07264049721075806,3.1677494483943383,0.5465609634252176,2.635593610800284,2.6211884849691205,0.0019040443483127056,3,0,0
tabpfn,churn,source::churn,pca_5,principal component analysis,joint_pca_5,pca_train_only_5,same_hyperparameters,3,False,0.07127164173111504,0.07108838313009473,0.07264049721075806,1.8844247110140848,2.1367063005640636,-0.2577898004585891,-0.2522815895499789,-0.00018325860102030855,1,0,2
tabpfn,churn,source::churn,pca_var90,principal component analysis,joint_pca_var90,pca_train_only_var90,same_hyperparameters,3,False,0.07033942826105337,0.07224347260936607,0.07264049721075806,3.1677494483943383,0.5465609634252176,2.635593610800284,2.6211884849691205,0.0019040443483127056,3,0,0
tabpfn,churn,source::churn,pca_var95,principal component analysis,joint_pca_var95,pca_train_only_var95,same_hyperparameters,3,False,0.0703706433766288,0.07132710400253216,0.07264049721075806,3.124777391795031,1.808072987737467,1.3409497543450077,1.3167044040575637,0.0009564606259033631,2,0,1
tabpfn,churn,source::churn,scaling_train_only,scaling,joint_scaling,train_only_scaling,closer_pair_but_cat_encoding_also_differs,3,False,0.07225159769562557,0.07282634727118474,0.07264049721075806,0.5353756238811844,-0.2558491028598775,0.7892055514180385,0.7912247267410619,0.0005747495755591692,3,0,0
tabpfn,churn,source::churn,target_m10,target encoding,target_enc_ratio,target_enc_standard_m10,loose_regularization_sensitivity,3,False,0.07516736123658914,0.07501092655048026,0.07264049721075806,-3.4785885599043618,-3.2632339132325505,-0.20854919850056622,-0.21535464667181137,-0.000156434686108875,1,0,2
tabpfn,churn,source::churn,target_m20,target encoding,target_enc_ratio,target_enc_standard_m20,loose_regularization_sensitivity,3,False,0.07516736123658914,0.07520387057352894,0.07264049721075806,-3.4785885599043618,-3.528848866953021,0.04854715144495563,0.05026030704865892,3.650933693979952e-05,1,0,2
tabpfn,churn,source::churn,target_m5,target encoding,target_enc_ratio,target_enc_standard_m5,loose_regularization_sensitivity,3,False,0.07516736123658914,0.07495577508618813,0.07264049721075806,-3.4785885599043618,-3.1873100602719626,-0.28228131876125334,-0.2912784996323991,-0.0002115861504010108,0,0,3
tabpfn,coil2000_insurance_policies,source::coil2000_insurance_policies,frequency_combined,frequency encoding,joint_freq_combined,freq_enc_train_only,same_hyperparameters,3,False,0.24282566930577212,0.24258292263721484,0.2412882176093861,-0.6371847376629718,-0.536580294162852,-0.10006750100884515,-0.10060444350011982,-0.000242746668557281,1,0,2
tabpfn,coil2000_insurance_policies,source::coil2000_insurance_policies,pca_10,principal component analysis,joint_pca_10,pca_train_only_10,same_hyperparameters,3,False,0.2423953898535156,0.24345543938309336,0.2412882176093861,-0.45885881005672563,-0.8981879824798197,0.43541829760052786,0.439329172423094,0.0010600495295777501,3,0,0
tabpfn,coil2000_insurance_policies,source::coil2000_insurance_policies,pca_5,principal component analysis,joint_pca_5,pca_train_only_5,same_hyperparameters,3,False,0.24447490078964837,0.24453382689538863,0.2412882176093861,-1.3206957272240678,-1.345117187303672,0.02409732284829171,0.024421460079604135,5.892610574026458e-05,1,0,2
tabpfn,coil2000_insurance_policies,source::coil2000_insurance_policies,pca_var90,principal component analysis,joint_pca_var90,pca_train_only_var90,same_hyperparameters,3,False,0.24203956439899765,0.24390306202111137,0.2412882176093861,-0.3113897549808621,-1.0837016567291982,0.7640320735097683,0.7723119017483361,0.0018634976221137134,3,0,0
tabpfn,coil2000_insurance_policies,source::coil2000_insurance_policies,pca_var95,principal component analysis,joint_pca_var95,pca_train_only_var95,same_hyperparameters,3,False,0.24005736268962738,0.24317006458308885,0.2412882176093861,0.5101181201277343,-0.7799166458882848,1.2800514318232978,1.2900347660160192,0.003112701893461467,3,0,0
tabpfn,coil2000_insurance_policies,source::coil2000_insurance_policies,scaling_train_only,scaling,joint_scaling,train_only_scaling,closer_pair_but_cat_encoding_also_differs,3,False,0.24076076002438737,0.24092225529170166,0.2412882176093861,0.21860063878154612,0.15167019811836674,0.06703210839478467,0.06693044066317938,0.0001614952673142933,3,0,0
tabpfn,coil2000_insurance_policies,source::coil2000_insurance_policies,target_m10,target encoding,target_enc_ratio,target_enc_standard_m10,loose_regularization_sensitivity,3,False,0.24229224317232237,0.24211215897474547,0.2412882176093861,-0.4161104810188693,-0.3414760047227955,-0.07438048478832521,-0.07463447629607384,-0.0001800841975768963,1,0,2
tabpfn,coil2000_insurance_policies,source::coil2000_insurance_policies,target_m20,target encoding,target_enc_ratio,target_enc_standard_m20,loose_regularization_sensitivity,3,False,0.24229224317232237,0.24175930139613977,0.2412882176093861,-0.4161104810188693,-0.19523696242652674,-0.22044313211731884,-0.22087351859234258,-0.0005329417761825994,0,0,3
tabpfn,coil2000_insurance_policies,source::coil2000_insurance_policies,target_m5,target encoding,target_enc_ratio,target_enc_standard_m5,loose_regularization_sensitivity,3,False,0.24229224317232237,0.24191199772154434,0.2412882176093861,-0.4161104810188693,-0.2585207509668223,-0.15718337840180763,-0.15758973005204702,-0.0003802454507780273,1,0,2
tabpfn,concrete_compressive_strength,source::concrete_compressive_strength,frequency_combined,frequency encoding,joint_freq_combined,freq_enc_train_only,same_hyperparameters,3,False,4.1195335588295805,4.1195335588295805,4.1195335588295805,0.0,0.0,0.0,0.0,0.0,0,3,0
tabpfn,concrete_compressive_strength,source::concrete_compressive_strength,groupby_combined,group-by aggregation,joint_groupby_combined,groupby_train_only,same_hyperparameters,3,False,4.507511756823782,4.417596009197353,4.1195335588295805,-9.41801280299394,-7.235344635776098,-2.035399965031359,-2.1826681672178436,-0.08991574762642962,2,0,1
tabpfn,concrete_compressive_strength,source::concrete_compressive_strength,pca_10,principal component analysis,joint_pca_10,pca_train_only_10,same_hyperparameters,3,False,3.9855576907831307,3.98047182554906,4.1195335588295805,3.252209652699474,3.3756669607039225,-0.1277704115734899,-0.1234573080044482,-0.005085865234070841,1,0,2
tabpfn,concrete_compressive_strength,source::concrete_compressive_strength,pca_5,principal component analysis,joint_pca_5,pca_train_only_5,same_hyperparameters,3,False,4.085458520929517,4.066211725656919,4.1195335588295805,0.8271576724269818,1.2943657919323137,-0.47333480328030225,-0.4672081195053319,-0.01924679527259876,1,0,2
tabpfn,concrete_compressive_strength,source::concrete_compressive_strength,pca_var90,principal component analysis,joint_pca_var90,pca_train_only_var90,same_hyperparameters,3,False,4.089756470467951,4.098549951248966,4.1195335588295805,0.7228266971586316,0.5093685311930366,0.2145510213517139,0.213458165965595,0.008793480781014829,1,0,2
tabpfn,concrete_compressive_strength,source::concrete_compressive_strength,pca_var95,principal component analysis,joint_pca_var95,pca_train_only_var95,same_hyperparameters,3,False,4.089756470467951,4.098549951248966,4.1195335588295805,0.7228266971586316,0.5093685311930366,0.2145510213517139,0.213458165965595,0.008793480781014829,1,0,2
tabpfn,concrete_compressive_strength,source::concrete_compressive_strength,scaling_train_only,scaling,joint_scaling,train_only_scaling,closer_pair_but_cat_encoding_also_differs,3,False,4.193646289910859,4.203320391043557,4.1195335588295805,-1.799056374293382,-2.0338912407787695,0.23015378873596617,0.23483486648538748,0.009674101132698176,2,0,1
tabpfn,concrete_compressive_strength,source::concrete_compressive_strength,target_m10,target encoding,target_enc_ratio,target_enc_standard_m10,loose_regularization_sensitivity,3,False,4.1195335588295805,4.1195335588295805,4.1195335588295805,0.0,0.0,0.0,0.0,0.0,0,3,0
tabpfn,concrete_compressive_strength,source::concrete_compressive_strength,target_m20,target encoding,target_enc_ratio,target_enc_standard_m20,loose_regularization_sensitivity,3,False,4.1195335588295805,4.1195335588295805,4.1195335588295805,0.0,0.0,0.0,0.0,0.0,0,3,0
tabpfn,concrete_compressive_strength,source::concrete_compressive_strength,target_m5,target encoding,target_enc_ratio,target_enc_standard_m5,loose_regularization_sensitivity,3,False,4.1195335588295805,4.1195335588295805,4.1195335588295805,0.0,0.0,0.0,0.0,0.0,0,3,0
tabpfn,credit-g,source::credit-g,frequency_combined,frequency encoding,joint_freq_combined,freq_enc_train_only,same_hyperparameters,3,False,0.22345759509922591,0.22327451915434748,0.22838866268050817,2.159068459619777,2.2392282813594986,-0.08199589705615788,-0.08015982173972197,-0.00018307594487843026,1,0,2
tabpfn,credit-g,source::credit-g,groupby_combined,group-by aggregation,joint_groupby_combined,groupby_train_only,same_hyperparameters,3,False,0.2246536871966057,0.22630158468141293,0.22838866268050817,1.6353594088544205,0.9138273216367344,0.7281864539866741,0.7215320872176862,0.0016478974848072314,2,0,1
tabpfn,credit-g,source::credit-g,pca_10,principal component analysis,joint_pca_10,pca_train_only_10,same_hyperparameters,3,False,0.23076571536871973,0.230090208233985,0.22838866268050817,-1.0407927697955872,-0.7450218997328701,-0.29358360788991134,-0.2957708700627171,-0.000675507134734743,1,0,2
tabpfn,credit-g,source::credit-g,pca_5,principal component analysis,joint_pca_5,pca_train_only_5,same_hyperparameters,3,False,0.2296063057114559,0.23004291845493563,0.22838866268050817,-0.5331451292970221,-0.7243160649973203,0.18979621125144766,0.19117093570029817,0.0004366127434797251,1,0,2
tabpfn,credit-g,source::credit-g,pca_var90,principal component analysis,joint_pca_var90,pca_train_only_var90,same_hyperparameters,3,False,0.2303522125625129,0.22890851399435075,0.22838866268050817,-0.8597405225632977,-0.22761695249724204,-0.6306880172214908,-0.6321235700660556,-0.0014436985681621495,0,0,3
tabpfn,credit-g,source::credit-g,pca_var95,principal component analysis,joint_pca_var95,pca_train_only_var95,same_hyperparameters,3,False,0.2303522125625129,0.22890851399435075,0.22838866268050817,-0.8597405225632977,-0.22761695249724204,-0.6306880172214908,-0.6321235700660556,-0.0014436985681621495,0,0,3
tabpfn,credit-g,source::credit-g,scaling_train_only,scaling,joint_scaling,train_only_scaling,closer_pair_but_cat_encoding_also_differs,3,False,0.22906230512453685,0.22864051820060402,0.22838866268050817,-0.2949544150407467,-0.11027496598995812,-0.184476018184476,-0.18467944905078856,-0.00042178692393282646,0,1,2
tabpfn,credit-g,source::credit-g,target_m10,target encoding,target_enc_ratio,target_enc_standard_m10,loose_regularization_sensitivity,3,False,0.21975077338811247,0.21941564872895336,0.22838866268050817,3.78210073609442,3.928835103390012,-0.15273507660025273,-0.1467343672955924,-0.0003351246591591084,1,0,2
tabpfn,credit-g,source::credit-g,target_m20,target encoding,target_enc_ratio,target_enc_standard_m20,loose_regularization_sensitivity,3,False,0.21975077338811247,0.21797473191250008,0.22838866268050817,3.78210073609442,4.55974068317747,-0.8147923660827492,-0.7776399470830497,-0.0017760414756123888,1,0,2
tabpfn,credit-g,source::credit-g,target_m5,target encoding,target_enc_ratio,target_enc_standard_m5,loose_regularization_sensitivity,3,False,0.21975077338811247,0.21887115904283283,0.22838866268050817,3.78210073609442,4.167239969783146,-0.4018868219670274,-0.3851392336887262,-0.000879614345279639,0,0,3
tabpfn,diabetes,source::diabetes,frequency_combined,frequency encoding,joint_freq_combined,freq_enc_train_only,same_hyperparameters,3,False,0.1525099118130329,0.1525099118130329,0.1525099118130329,0.0,0.0,0.0,0.0,0.0,0,3,0
tabpfn,diabetes,source::diabetes,groupby_combined,group-by aggregation,joint_groupby_combined,groupby_train_only,same_hyperparameters,3,False,0.1583685185920745,0.1553699408937491,0.1525099118130329,-3.8414596857310257,-1.8753070188791434,-1.929959991666599,-1.966152666851882,-0.0029985776983253998,1,0,2
tabpfn,diabetes,source::diabetes,pca_10,principal component analysis,joint_pca_10,pca_train_only_10,same_hyperparameters,3,False,0.1555427673299821,0.15512225927940457,0.1525099118130329,-1.988628464140277,-1.7129034010420545,-0.27108169551612427,-0.2757250630982224,-0.00042050805057752827,2,0,1
tabpfn,diabetes,source::diabetes,pca_5,principal component analysis,joint_pca_5,pca_train_only_5,same_hyperparameters,3,False,0.15580483963859354,0.15445985201205367,0.1525099118130329,-2.160467989516652,-1.2785662097892243,-0.8707684288308835,-0.8819017797274277,-0.0013449876265398675,1,0,2
tabpfn,diabetes,source::diabetes,pca_var90,principal component analysis,joint_pca_var90,pca_train_only_var90,same_hyperparameters,3,False,0.15630395797307817,0.154090152351765,0.1525099118130329,-2.4877374296147576,-1.0361559586168851,-1.4366950694288305,-1.4515814709978723,-0.0022138056213131807,0,0,3
tabpfn,diabetes,source::diabetes,pca_var95,principal component analysis,joint_pca_var95,pca_train_only_var95,same_hyperparameters,3,False,0.1555427673299821,0.15507549796695883,0.1525099118130329,-1.988628464140277,-1.6822422381773952,-0.3013173384249453,-0.3063862259628817,-0.0004672693630232705,1,0,2
tabpfn,diabetes,source::diabetes,scaling_train_only,scaling,joint_scaling,train_only_scaling,closer_pair_but_cat_encoding_also_differs,3,False,0.15321324320358873,0.1534259534718749,0.1525099118130329,-0.4611709378063749,-0.6006440158230646,0.13864034309238862,0.13947307801668962,0.0002127102682861759,3,0,0
tabpfn,diabetes,source::diabetes,target_m10,target encoding,target_enc_ratio,target_enc_standard_m10,loose_regularization_sensitivity,3,False,0.1525099118130329,0.1525099118130329,0.1525099118130329,0.0,0.0,0.0,0.0,0.0,0,3,0
tabpfn,diabetes,source::diabetes,target_m20,target encoding,target_enc_ratio,target_enc_standard_m20,loose_regularization_sensitivity,3,False,0.1525099118130329,0.1525433790151748,0.1525099118130329,0.0,-0.021944280043222464,0.021939465585454405,0.021944280043222464,3.346720214192356e-05,1,2,0
tabpfn,diabetes,source::diabetes,target_m5,target encoding,target_enc_ratio,target_enc_standard_m5,loose_regularization_sensitivity,3,False,0.1525099118130329,0.1525099118130329,0.1525099118130329,0.0,0.0,0.0,0.0,0.0,0,3,0
tabpfn,gas_sensor_drift,source::gas_sensor_drift,frequency_combined,frequency encoding,joint_freq_combined,freq_enc_train_only,same_hyperparameters,1,False,0.0456067237637936,0.0456011798647786,0.0456067237637936,0.0,0.012155880882194138,-0.012157358716238105,-0.012155880882194138,-5.543899014998077e-06,0,0,1
tabpfn,gas_sensor_drift,source::gas_sensor_drift,groupby_combined,group-by aggregation,joint_groupby_combined,groupby_train_only,same_hyperparameters,1,False,0.0456067237637936,0.0456011798647786,0.0456067237637936,0.0,0.012155880882194138,-0.012157358716238105,-0.012155880882194138,-5.543899014998077e-06,0,0,1
tabpfn,gas_sensor_drift,source::gas_sensor_drift,pca_10,principal component analysis,joint_pca_10,pca_train_only_10,same_hyperparameters,1,False,0.053287974595272,0.0471742327233983,0.0456067237637936,-16.842364891767154,-3.4370128574092447,-12.959917986840507,-13.40535203435791,-0.006113741871873697,0,0,1
tabpfn,gas_sensor_drift,source::gas_sensor_drift,pca_5,principal component analysis,joint_pca_5,pca_train_only_5,same_hyperparameters,1,False,0.0446650879016907,0.0479234895872171,0.0456067237637936,2.0646864856590463,-5.079877772897036,6.799174504177869,7.144564258556082,0.0032584016855264006,1,0,0
tabpfn,gas_sensor_drift,source::gas_sensor_drift,pca_var90,principal component analysis,joint_pca_var90,pca_train_only_var90,same_hyperparameters,1,False,0.0550323119881328,0.0488421298705311,0.0456067237637936,-20.667102230706632,-7.094142792396833,-12.673857864123464,-13.572959438309798,-0.006190182117601702,0,0,1
tabpfn,gas_sensor_drift,source::gas_sensor_drift,pca_var95,principal component analysis,joint_pca_var95,pca_train_only_var95,same_hyperparameters,1,False,0.0455201726412574,0.0411768647205812,0.0456067237637936,0.18977711046394452,9.713170948554717,-10.547932559093816,-9.523393838090772,-0.0043433079206762,0,0,1
tabpfn,gas_sensor_drift,source::gas_sensor_drift,scaling_train_only,scaling,joint_scaling,train_only_scaling,closer_pair_but_cat_encoding_also_differs,1,False,0.0501358295916044,0.0499812464665627,0.0456067237637936,-9.930785318559492,-9.591837215551005,-0.30928225278478133,-0.3389481030084865,-0.00015458312504169902,0,0,1
tabpfn,gas_sensor_drift,source::gas_sensor_drift,target_m10,target encoding,target_enc_ratio,target_enc_standard_m10,loose_regularization_sensitivity,1,False,0.0456067237637936,0.0456067237637936,0.0456067237637936,0.0,0.0,0.0,0.0,0.0,0,1,0
tabpfn,gas_sensor_drift,source::gas_sensor_drift,target_m20,target encoding,target_enc_ratio,target_enc_standard_m20,loose_regularization_sensitivity,1,False,0.0456067237637936,0.0456067237637936,0.0456067237637936,0.0,0.0,0.0,0.0,0.0,0,1,0
tabpfn,gas_sensor_drift,source::gas_sensor_drift,target_m5,target encoding,target_enc_ratio,target_enc_standard_m5,loose_regularization_sensitivity,1,False,0.0456067237637936,0.0456067237637936,0.0456067237637936,0.0,0.0,0.0,0.0,0.0,0,1,0
tabpfn,hazelnut-spread-contaminant-detection,source::hazelnut-spread-contaminant-detection,frequency_combined,frequency encoding,joint_freq_combined,freq_enc_train_only,same_hyperparameters,3,True,0.0124041666666666,0.0124041666666666,0.0124041666666666,,,,,0.0,0,3,0
tabpfn,hazelnut-spread-contaminant-detection,source::hazelnut-spread-contaminant-detection,groupby_combined,group-by aggregation,joint_groupby_combined,groupby_train_only,same_hyperparameters,3,True,0.0124041666666666,0.0124041666666666,0.0124041666666666,,,,,0.0,0,3,0
tabpfn,hazelnut-spread-contaminant-detection,source::hazelnut-spread-contaminant-detection,pca_10,principal component analysis,joint_pca_10,pca_train_only_10,same_hyperparameters,3,True,0.012869791666666635,0.013413541666666633,0.0124041666666666,,,,,0.0005437499999999974,3,0,0
tabpfn,hazelnut-spread-contaminant-detection,source::hazelnut-spread-contaminant-detection,pca_5,principal component analysis,joint_pca_5,pca_train_only_5,same_hyperparameters,3,True,0.012717708333333232,0.012617708333333233,0.0124041666666666,,,,,-9.99999999999994e-05,1,0,2
tabpfn,hazelnut-spread-contaminant-detection,source::hazelnut-spread-contaminant-detection,pca_var90,principal component analysis,joint_pca_var90,pca_train_only_var90,same_hyperparameters,3,True,0.012869791666666635,0.013413541666666633,0.0124041666666666,,,,,0.0005437499999999974,3,0,0
tabpfn,hazelnut-spread-contaminant-detection,source::hazelnut-spread-contaminant-detection,pca_var95,principal component analysis,joint_pca_var95,pca_train_only_var95,same_hyperparameters,3,True,0.013081250000000036,0.013420833333333299,0.0124041666666666,,,,,0.000339583333333263,3,0,0
tabpfn,hazelnut-spread-contaminant-detection,source::hazelnut-spread-contaminant-detection,scaling_train_only,scaling,joint_scaling,train_only_scaling,closer_pair_but_cat_encoding_also_differs,3,True,0.012122916666666601,0.012260416666666635,0.0124041666666666,,,,,0.00013750000000003343,2,0,1
tabpfn,hazelnut-spread-contaminant-detection,source::hazelnut-spread-contaminant-detection,target_m10,target encoding,target_enc_ratio,target_enc_standard_m10,loose_regularization_sensitivity,3,True,0.0124041666666666,0.0124041666666666,0.0124041666666666,,,,,0.0,0,3,0
tabpfn,hazelnut-spread-contaminant-detection,source::hazelnut-spread-contaminant-detection,target_m20,target encoding,target_enc_ratio,target_enc_standard_m20,loose_regularization_sensitivity,3,True,0.0124041666666666,0.0124041666666666,0.0124041666666666,,,,,0.0,0,3,0
tabpfn,hazelnut-spread-contaminant-detection,source::hazelnut-spread-contaminant-detection,target_m5,target encoding,target_enc_ratio,target_enc_standard_m5,loose_regularization_sensitivity,3,True,0.0124041666666666,0.0124041666666666,0.0124041666666666,,,,,0.0,0,3,0
tabpfn,healthcare_insurance_expenses,source::healthcare_insurance_expenses,frequency_combined,frequency encoding,joint_freq_combined,freq_enc_train_only,same_hyperparameters,3,False,5244.26643526357,5267.402160912129,5305.039761741123,1.1455772097287085,0.7094687791112956,0.43922459196760194,0.43610843061741283,23.135725648558946,3,0,0
tabpfn,healthcare_insurance_expenses,source::healthcare_insurance_expenses,groupby_combined,group-by aggregation,joint_groupby_combined,groupby_train_only,same_hyperparameters,3,False,5413.969151831209,5496.791723999354,5305.039761741123,-2.0533190132836214,-3.6145245063214753,1.506743866727493,1.561205493037854,82.82257216814469,1,0,2
tabpfn,healthcare_insurance_expenses,source::healthcare_insurance_expenses,pca_10,principal component analysis,joint_pca_10,pca_train_only_10,same_hyperparameters,3,False,4812.798243691679,4824.171367573915,5305.039761741123,9.278752660807372,9.064369274574224,0.2357528996312417,0.21438338623314962,11.373123882235632,2,0,1
tabpfn,healthcare_insurance_expenses,source::healthcare_insurance_expenses,pca_5,principal component analysis,joint_pca_5,pca_train_only_5,same_hyperparameters,3,False,4812.798243691679,4824.171367573915,5305.039761741123,9.278752660807372,9.064369274574224,0.2357528996312417,0.21438338623314962,11.373123882235632,2,0,1
tabpfn,healthcare_insurance_expenses,source::healthcare_insurance_expenses,pca_var90,principal component analysis,joint_pca_var90,pca_train_only_var90,same_hyperparameters,3,False,4812.798243691679,4824.171367573915,5305.039761741123,9.278752660807372,9.064369274574224,0.2357528996312417,0.21438338623314962,11.373123882235632,2,0,1
tabpfn,healthcare_insurance_expenses,source::healthcare_insurance_expenses,pca_var95,principal component analysis,joint_pca_var95,pca_train_only_var95,same_hyperparameters,3,False,4812.798243691679,4824.171367573915,5305.039761741123,9.278752660807372,9.064369274574224,0.2357528996312417,0.21438338623314962,11.373123882235632,2,0,1
tabpfn,healthcare_insurance_expenses,source::healthcare_insurance_expenses,scaling_train_only,scaling,joint_scaling,train_only_scaling,closer_pair_but_cat_encoding_also_differs,3,False,5275.384798424358,5275.978734147761,5305.039761741123,0.5589960612666816,0.5478003728255466,0.011257356280811552,0.011195688441134966,0.5939357234028648,1,0,2
tabpfn,healthcare_insurance_expenses,source::healthcare_insurance_expenses,target_m10,target encoding,target_enc_ratio,target_enc_standard_m10,loose_regularization_sensitivity,3,False,5285.059820452993,5282.511100171459,5305.039761741123,0.37662189513112887,0.42466527267403864,-0.04824827119534201,-0.0480433775429098,-2.54872028153477,2,0,1
tabpfn,healthcare_insurance_expenses,source::healthcare_insurance_expenses,target_m20,target encoding,target_enc_ratio,target_enc_standard_m20,loose_regularization_sensitivity,3,False,5285.059820452993,5289.928506772982,5305.039761741123,0.37662189513112887,0.28484715754857176,0.09203690208203355,0.09177473758255711,4.868686319988228,3,0,0
tabpfn,healthcare_insurance_expenses,source::healthcare_insurance_expenses,target_m5,target encoding,target_enc_ratio,target_enc_standard_m5,loose_regularization_sensitivity,3,False,5285.059820452993,5283.389499370169,5305.039761741123,0.37662189513112887,0.40810744769702245,-0.03161457399693276,-0.031485552565893596,-1.6703210828245574,2,0,1
tabpfn,heloc,source::heloc,frequency_combined,frequency encoding,joint_freq_combined,freq_enc_train_only,same_hyperparameters,3,False,0.19813142890480717,0.19813142890480717,0.19813142890480717,0.0,0.0,0.0,0.0,0.0,0,3,0
tabpfn,heloc,source::heloc,groupby_combined,group-by aggregation,joint_groupby_combined,groupby_train_only,same_hyperparameters,3,False,0.2000550985159463,0.19982747758955213,0.19813142890480717,-0.9709058384994341,-0.856022032506429,-0.11390872223373777,-0.11488380599300511,-0.00022762092639416753,0,0,3
tabpfn,heloc,source::heloc,pca_10,principal component analysis,joint_pca_10,pca_train_only_10,same_hyperparameters,3,False,0.19825175889292987,0.19821631093031558,0.19813142890480717,-0.06073240817362198,-0.0428412725722536,-0.017883474093486604,-0.01789113560136838,-3.544796261428784e-05,1,0,2
tabpfn,heloc,source::heloc,pca_5,principal component analysis,joint_pca_5,pca_train_only_5,same_hyperparameters,3,False,0.19806266307394085,0.19815281403842808,0.19813142890480717,0.03470717959610403,-0.010793408062069408,0.04549567712409083,0.04550058765817344,9.015096448722337e-05,2,0,1
tabpfn,heloc,source::heloc,pca_var90,principal component analysis,joint_pca_var90,pca_train_only_var90,same_hyperparameters,3,False,0.19825175889292987,0.19821631093031558,0.19813142890480717,-0.06073240817362198,-0.0428412725722536,-0.017883474093486604,-0.01789113560136838,-3.544796261428784e-05,1,0,2
tabpfn,heloc,source::heloc,pca_var95,principal component analysis,joint_pca_var95,pca_train_only_var95,same_hyperparameters,3,False,0.1982978354100605,0.19830240830559498,0.19813142890480717,-0.0839879398100287,-0.08629595099218455,0.0023060211792491478,0.002308011182155862,4.572895534488142e-06,1,0,2
tabpfn,heloc,source::heloc,scaling_train_only,scaling,joint_scaling,train_only_scaling,closer_pair_but_cat_encoding_also_differs,3,False,0.1981802150555879,0.19813733300989625,0.19813142890480717,-0.02462312569509394,-0.0029798932565685953,-0.02164258751251951,-0.021643232438525343,-4.2882045691639004e-05,1,0,2
tabpfn,heloc,source::heloc,target_m10,target encoding,target_enc_ratio,target_enc_standard_m10,loose_regularization_sensitivity,3,False,0.19813142890480717,0.19813142890480717,0.19813142890480717,0.0,0.0,0.0,0.0,0.0,0,3,0
tabpfn,heloc,source::heloc,target_m20,target encoding,target_enc_ratio,target_enc_standard_m20,loose_regularization_sensitivity,3,False,0.19813142890480717,0.19813142890480717,0.19813142890480717,0.0,0.0,0.0,0.0,0.0,0,3,0
tabpfn,heloc,source::heloc,target_m5,target encoding,target_enc_ratio,target_enc_standard_m5,loose_regularization_sensitivity,3,False,0.19813142890480717,0.19813142890480717,0.19813142890480717,0.0,0.0,0.0,0.0,0.0,0,3,0
tabpfn,jm1,source::jm1,frequency_combined,frequency encoding,joint_freq_combined,freq_enc_train_only,same_hyperparameters,3,False,0.2637242968115845,0.2637242968115845,0.2637242968115845,0.0,0.0,0.0,0.0,0.0,0,3,0
tabpfn,jm1,source::jm1,groupby_combined,group-by aggregation,joint_groupby_combined,groupby_train_only,same_hyperparameters,3,False,0.26432265366282587,0.26504969641166815,0.2637242968115845,-0.22688726767896858,-0.5025701522793611,0.2743043129968553,0.2756828846003925,0.000727042748842277,2,0,1
tabpfn,jm1,source::jm1,pca_10,principal component analysis,joint_pca_10,pca_train_only_10,same_hyperparameters,3,False,0.2523682159888322,0.2555625129858373,0.2637242968115845,4.3060426968795955,3.0948167933037607,1.2499082747641284,1.2112259035758346,0.0031942969970051305,3,0,0
tabpfn,jm1,source::jm1,pca_5,principal component analysis,joint_pca_5,pca_train_only_5,same_hyperparameters,3,False,0.2595989287148129,0.2592917090561526,0.2637242968115845,1.5642730482731904,1.6807657879921072,-0.11848418130243057,-0.11649273971891679,-0.0003072196586602627,1,0,2
tabpfn,jm1,source::jm1,pca_var90,principal component analysis,joint_pca_var90,pca_train_only_var90,same_hyperparameters,3,False,0.2613948072631294,0.26166820405802294,0.2637242968115845,0.8833048667182002,0.7796372114437804,0.10448223767871222,0.10366765527441985,0.0002733967948935212,3,0,0
tabpfn,jm1,source::jm1,pca_var95,principal component analysis,joint_pca_var95,pca_train_only_var95,same_hyperparameters,3,False,0.2582773950252477,0.2597773964435835,0.2637242968115845,2.065377309633427,1.4966009638546207,0.5774179889671589,0.5687763457788064,0.0015000014183357835,3,0,0
tabpfn,jm1,source::jm1,scaling_train_only,scaling,joint_scaling,train_only_scaling,closer_pair_but_cat_encoding_also_differs,3,False,0.2639134240146293,0.2639352178024191,0.2637242968115845,-0.07171398514712303,-0.07997783798634034,0.008257248870093867,0.00826385283921732,2.1793787789770036e-05,2,0,1
tabpfn,jm1,source::jm1,target_m10,target encoding,target_enc_ratio,target_enc_standard_m10,loose_regularization_sensitivity,3,False,0.2637242968115845,0.2637242968115845,0.2637242968115845,0.0,0.0,0.0,0.0,0.0,0,3,0
tabpfn,jm1,source::jm1,target_m20,target encoding,target_enc_ratio,target_enc_standard_m20,loose_regularization_sensitivity,3,False,0.2637242968115845,0.2637242968115845,0.2637242968115845,0.0,0.0,0.0,0.0,0.0,0,3,0
tabpfn,jm1,source::jm1,target_m5,target encoding,target_enc_ratio,target_enc_standard_m5,loose_regularization_sensitivity,3,False,0.2637242968115845,0.2637242968115845,0.2637242968115845,0.0,0.0,0.0,0.0,0.0,0,3,0
tabpfn,maternal_health_risk,source::maternal_health_risk,frequency_combined,frequency encoding,joint_freq_combined,freq_enc_train_only,same_hyperparameters,3,False,0.046240223808542334,0.046240223808542334,0.046240223808542334,0.0,0.0,0.0,0.0,0.0,0,3,0
tabpfn,maternal_health_risk,source::maternal_health_risk,groupby_combined,group-by aggregation,joint_groupby_combined,groupby_train_only,same_hyperparameters,3,False,0.046240223808542334,0.046240223808542334,0.046240223808542334,0.0,0.0,0.0,0.0,0.0,0,3,0
tabpfn,maternal_health_risk,source::maternal_health_risk,pca_10,principal component analysis,joint_pca_10,pca_train_only_10,same_hyperparameters,3,False,0.046455757957110634,0.0449449145733048,0.046240223808542334,-0.4661183074301697,2.801260739136473,-3.361544677855953,-3.2673790465666426,-0.0015108433838058322,0,0,3
tabpfn,maternal_health_risk,source::maternal_health_risk,pca_5,principal component analysis,joint_pca_5,pca_train_only_5,same_hyperparameters,3,False,0.04749347680368703,0.047373826815900195,0.046240223808542334,-2.7103091030307156,-2.45155173134876,-0.252565595453816,-0.25875737168195534,-0.00011964998778683789,2,0,1
tabpfn,maternal_health_risk,source::maternal_health_risk,pca_var90,principal component analysis,joint_pca_var90,pca_train_only_var90,same_hyperparameters,3,False,0.04749347680368703,0.047373826815900195,0.046240223808542334,-2.7103091030307156,-2.45155173134876,-0.252565595453816,-0.25875737168195534,-0.00011964998778683789,2,0,1
tabpfn,maternal_health_risk,source::maternal_health_risk,pca_var95,principal component analysis,joint_pca_var95,pca_train_only_var95,same_hyperparameters,3,False,0.04749347680368703,0.047373826815900195,0.046240223808542334,-2.7103091030307156,-2.45155173134876,-0.252565595453816,-0.25875737168195534,-0.00011964998778683789,2,0,1
tabpfn,maternal_health_risk,source::maternal_health_risk,scaling_train_only,scaling,joint_scaling,train_only_scaling,closer_pair_but_cat_encoding_also_differs,3,False,0.04698110351341197,0.04741930045609819,0.046240223808542334,-1.6022407416046416,-2.549893902844901,0.9240898504859107,0.9476531612402596,0.00043819694268622256,1,0,2
tabpfn,maternal_health_risk,source::maternal_health_risk,target_m10,target encoding,target_enc_ratio,target_enc_standard_m10,loose_regularization_sensitivity,3,False,0.046240223808542334,0.046240223808542334,0.046240223808542334,0.0,0.0,0.0,0.0,0.0,0,3,0
tabpfn,maternal_health_risk,source::maternal_health_risk,target_m20,target encoding,target_enc_ratio,target_enc_standard_m20,loose_regularization_sensitivity,3,False,0.046240223808542334,0.046240223808542334,0.046240223808542334,0.0,0.0,0.0,0.0,0.0,0,3,0
tabpfn,maternal_health_risk,source::maternal_health_risk,target_m5,target encoding,target_enc_ratio,target_enc_standard_m5,loose_regularization_sensitivity,3,False,0.046240223808542334,0.046240223808542334,0.046240223808542334,0.0,0.0,0.0,0.0,0.0,0,3,0
tabpfn,online_shoppers_intention,source::online_shoppers_intention,frequency_combined,frequency encoding,joint_freq_combined,freq_enc_train_only,same_hyperparameters,3,False,0.06632098705085643,0.06632543760236266,0.06716734616781868,1.2600752675974551,1.2534492033561901,0.006710172849389685,0.006626064241265187,4.450551506232636e-06,2,0,1
tabpfn,online_shoppers_intention,source::online_shoppers_intention,groupby_combined,group-by aggregation,joint_groupby_combined,groupby_train_only,same_hyperparameters,3,False,0.06693953827715678,0.06704537088331523,0.06716734616781868,0.339164644219708,0.18159908268325473,0.15785221971945892,0.15756556153645324,0.00010583260615845691,2,0,1
tabpfn,online_shoppers_intention,source::online_shoppers_intention,pca_10,principal component analysis,joint_pca_10,pca_train_only_10,same_hyperparameters,3,False,0.067081050728442,0.06734763122036228,0.06716734616781868,0.12847826257875894,-0.26841175486247687,0.39582756971513394,0.3968900174412358,0.0002665804919202708,3,0,0
tabpfn,online_shoppers_intention,source::online_shoppers_intention,pca_5,principal component analysis,joint_pca_5,pca_train_only_5,same_hyperparameters,3,False,0.06693689811948346,0.0670999844306131,0.06716734616781868,0.34309536029522564,0.10028941300922012,0.24304970040386123,0.24280594728600552,0.00016308631112964267,2,0,1
tabpfn,online_shoppers_intention,source::online_shoppers_intention,pca_var90,principal component analysis,joint_pca_var90,pca_train_only_var90,same_hyperparameters,3,False,0.06695349339628674,0.06688673512369216,0.06716734616781868,0.3183880021068891,0.4177789657274992,-0.09980794020089528,-0.09939096362061006,-6.675827259458589e-05,2,0,1
tabpfn,online_shoppers_intention,source::online_shoppers_intention,pca_var95,principal component analysis,joint_pca_var95,pca_train_only_var95,same_hyperparameters,3,False,0.06725665893025036,0.06725243467797314,0.06716734616781868,-0.13297050952189185,-0.12668136380118758,-0.006281188625290847,-0.00628914572070429,-4.2242522772240054e-06,1,0,2
tabpfn,online_shoppers_intention,source::online_shoppers_intention,scaling_train_only,scaling,joint_scaling,train_only_scaling,closer_pair_but_cat_encoding_also_differs,3,False,0.06711137482514602,0.06689465559671173,0.06716734616781868,0.08333118079849505,0.40598681750150406,-0.3239709159141594,-0.322655636703009,-0.00021671922843428948,0,0,3
tabpfn,online_shoppers_intention,source::online_shoppers_intention,target_m10,target encoding,target_enc_ratio,target_enc_standard_m10,loose_regularization_sensitivity,3,False,0.06619622074252703,0.0662358985407018,0.06716734616781868,1.44582967870322,1.3867566313988908,0.05990376676236408,0.059073047304329274,3.967779817477812e-05,2,0,1
tabpfn,online_shoppers_intention,source::online_shoppers_intention,target_m20,target encoding,target_enc_ratio,target_enc_standard_m20,loose_regularization_sensitivity,3,False,0.06619622074252703,0.06613293239144563,0.06716734616781868,1.44582967870322,1.5400545583393275,-0.09569869169990285,-0.0942248796361074,-6.328835108139474e-05,0,0,3
tabpfn,online_shoppers_intention,source::online_shoppers_intention,target_m5,target encoding,target_enc_ratio,target_enc_standard_m5,loose_regularization_sensitivity,3,False,0.06619622074252703,0.06623114625689007,0.06716734616781868,1.44582967870322,1.3938319203344713,0.052732764472440394,0.051997758368748724,3.4925514363043364e-05,3,0,0
tabpfn,polish_companies_bankruptcy,source::polish_companies_bankruptcy,frequency_combined,frequency encoding,joint_freq_combined,freq_enc_train_only,same_hyperparameters,3,False,0.03608486251999544,0.03608486251999544,0.03608486251999544,0.0,0.0,0.0,0.0,0.0,0,3,0
tabpfn,polish_companies_bankruptcy,source::polish_companies_bankruptcy,groupby_combined,group-by aggregation,joint_groupby_combined,groupby_train_only,same_hyperparameters,3,False,0.03608486251999544,0.03608486251999544,0.03608486251999544,0.0,0.0,0.0,0.0,0.0,0,3,0
tabpfn,polish_companies_bankruptcy,source::polish_companies_bankruptcy,pca_10,principal component analysis,joint_pca_10,pca_train_only_10,same_hyperparameters,3,False,0.0372842461214059,0.0380515315261536,0.03608486251999544,-3.3237859801900473,-5.4501219315118234,2.016437641203296,2.1263359513217766,0.0007672854047477001,2,0,1
tabpfn,polish_companies_bankruptcy,source::polish_companies_bankruptcy,pca_5,principal component analysis,joint_pca_5,pca_train_only_5,same_hyperparameters,3,False,0.030756851238845733,0.0318023450501425,0.03608486251999544,14.76522538556807,11.86790573881195,3.287473957182536,2.8973196467561215,0.001045493811296764,2,0,1
tabpfn,polish_companies_bankruptcy,source::polish_companies_bankruptcy,pca_var90,principal component analysis,joint_pca_var90,pca_train_only_var90,same_hyperparameters,3,False,0.035203389778623334,0.038733972151976104,0.03608486251999544,2.442777053352108,-7.341332201314983,9.11495046131655,9.78410925466709,0.0035305823733527697,3,0,0
tabpfn,polish_companies_bankruptcy,source::polish_companies_bankruptcy,pca_var95,principal component analysis,joint_pca_var95,pca_train_only_var95,same_hyperparameters,3,False,0.035854642016919236,0.03862872990613353,0.03608486251999544,0.6379974510049237,-7.049680138668889,7.181411079150754,7.687677589673812,0.002774087889214294,3,0,0
tabpfn,polish_companies_bankruptcy,source::polish_companies_bankruptcy,scaling_train_only,scaling,joint_scaling,train_only_scaling,closer_pair_but_cat_encoding_also_differs,3,False,0.03702168660727534,0.03796881863906257,0.03608486251999544,-2.5961692018662563,-5.220904244884369,2.4944996071403005,2.6247350430181124,0.0009471320317872289,2,0,1
tabpfn,polish_companies_bankruptcy,source::polish_companies_bankruptcy,target_m10,target encoding,target_enc_ratio,target_enc_standard_m10,loose_regularization_sensitivity,3,False,0.03608486251999544,0.03608486251999544,0.03608486251999544,0.0,0.0,0.0,0.0,0.0,0,3,0
tabpfn,polish_companies_bankruptcy,source::polish_companies_bankruptcy,target_m20,target encoding,target_enc_ratio,target_enc_standard_m20,loose_regularization_sensitivity,3,False,0.03608486251999544,0.03608486251999544,0.03608486251999544,0.0,0.0,0.0,0.0,0.0,0,3,0
tabpfn,polish_companies_bankruptcy,source::polish_companies_bankruptcy,target_m5,target encoding,target_enc_ratio,target_enc_standard_m5,loose_regularization_sensitivity,3,False,0.03608486251999544,0.03608486251999544,0.03608486251999544,0.0,0.0,0.0,0.0,0.0,0,3,0
tabpfn,qsar-biodeg,source::qsar-biodeg,frequency_combined,frequency encoding,joint_freq_combined,freq_enc_train_only,same_hyperparameters,3,False,0.060944898800430865,0.060896352430548174,0.06174120190012424,1.2897434374237122,1.368372243453795,-0.07971966783734251,-0.07862880603008275,-4.8546369882690454e-05,2,0,1
tabpfn,qsar-biodeg,source::qsar-biodeg,pca_10,principal component analysis,joint_pca_10,pca_train_only_10,same_hyperparameters,3,False,0.06094764959158899,0.06188780888073567,0.06174120190012424,1.2852880801040123,-0.23745404381434773,1.5191348767225883,1.52274212391836,0.0009401592891466748,2,0,1
tabpfn,qsar-biodeg,source::qsar-biodeg,pca_5,principal component analysis,joint_pca_5,pca_train_only_5,same_hyperparameters,3,False,0.06168460691907513,0.06202106943017253,0.06174120190012424,0.09166485152113019,-0.45329135396653647,0.5424971129790147,0.5449562054876667,0.0003364625110973962,2,0,1
tabpfn,qsar-biodeg,source::qsar-biodeg,pca_var90,principal component analysis,joint_pca_var90,pca_train_only_var90,same_hyperparameters,3,False,0.06109980909509363,0.06177894886768254,0.06174120190012424,1.0388408150333053,-0.06113740321958267,1.099306131030942,1.0999782182528879,0.0006791397725889048,1,0,2
tabpfn,qsar-biodeg,source::qsar-biodeg,pca_var95,principal component analysis,joint_pca_var95,pca_train_only_var95,same_hyperparameters,3,False,0.06113292047014476,0.062793736102137,0.06174120190012424,0.9852115139635154,-1.7047517210879508,2.644874688282353,2.689963235051466,0.0016608156319922393,2,0,1
tabpfn,qsar-biodeg,source::qsar-biodeg,scaling_train_only,scaling,joint_scaling,train_only_scaling,closer_pair_but_cat_encoding_also_differs,3,False,0.06149429292339612,0.061049021339822644,0.06174120190012424,0.39990957274776057,1.1210999122130865,-0.7293672753489743,-0.721190339465326,-0.0004452715835734783,1,0,2
tabpfn,qsar-biodeg,source::qsar-biodeg,target_m10,target encoding,target_enc_ratio,target_enc_standard_m10,loose_regularization_sensitivity,3,False,0.06092105861039394,0.06069707289331674,0.06174120190012424,1.3283565341941526,1.6911381292779832,-0.3690222714213652,-0.3627815950838308,-0.00022398571707719916,1,0,2
tabpfn,qsar-biodeg,source::qsar-biodeg,target_m20,target encoding,target_enc_ratio,target_enc_standard_m20,loose_regularization_sensitivity,3,False,0.06092105861039394,0.061090996375272294,0.06174120190012424,1.3283565341941526,1.0531144597796356,0.27817153911593834,0.2752420744145168,0.00016993776487835704,1,0,2
tabpfn,qsar-biodeg,source::qsar-biodeg,target_m5,target encoding,target_enc_ratio,target_enc_standard_m5,loose_regularization_sensitivity,3,False,0.06092105861039394,0.06083639537141689,0.06174120190012424,1.3283565341941526,1.4654825316990292,-0.13916544275866646,-0.1371259975048766,-8.46632389770452e-05,1,0,2
tabpfn,seismic-bumps,source::seismic-bumps,frequency_combined,frequency encoding,joint_freq_combined,freq_enc_train_only,same_hyperparameters,3,False,0.22460373996701835,0.22460373996701835,0.22500151538162685,0.17678788248773936,0.17678788248773936,0.0,0.0,0.0,0,3,0
tabpfn,seismic-bumps,source::seismic-bumps,groupby_combined,group-by aggregation,joint_groupby_combined,groupby_train_only,same_hyperparameters,3,False,0.22112766329934416,0.22014187269983712,0.22500151538162685,1.7217004408669072,2.1598266454104786,-0.44779786208649386,-0.4381262045435713,-0.0009857905995070415,1,0,2
tabpfn,seismic-bumps,source::seismic-bumps,pca_10,principal component analysis,joint_pca_10,pca_train_only_10,same_hyperparameters,3,False,0.22107231185562556,0.2189992546232757,0.22500151538162685,1.7463009168346875,2.6676534814312958,-0.9466046977721183,-0.9213525645966082,-0.002073057232349851,1,0,2
tabpfn,seismic-bumps,source::seismic-bumps,pca_5,principal component analysis,joint_pca_5,pca_train_only_5,same_hyperparameters,3,False,0.2239917926595482,0.22438296990377224,0.22500151538162685,0.448762631827642,0.27490724976029396,0.17433464063329251,0.17385538206734802,0.0003911772442240502,2,0,1
tabpfn,seismic-bumps,source::seismic-bumps,pca_var90,principal component analysis,joint_pca_var90,pca_train_only_var90,same_hyperparameters,3,False,0.22351093038055414,0.22388187489210656,0.22500151538162685,0.6624777608917526,0.49761464389306864,0.16568760277319883,0.164863116998684,0.00037094451155242347,1,0,2
tabpfn,seismic-bumps,source::seismic-bumps,pca_var95,principal component analysis,joint_pca_var95,pca_train_only_var95,same_hyperparameters,3,False,0.22351093038055414,0.22266921591547237,0.22500151538162685,0.6624777608917526,1.036570559179859,-0.3780111505854927,-0.37409279828810643,-0.0008417144650817721,1,0,2
tabpfn,seismic-bumps,source::seismic-bumps,scaling_train_only,scaling,joint_scaling,train_only_scaling,closer_pair_but_cat_encoding_also_differs,3,False,0.2239458655600405,0.22248353326173598,0.22500151538162685,0.46917453857848485,1.1190956272539354,-0.6572766428444846,-0.6499210886754505,-0.0014623322983045306,1,0,2
tabpfn,seismic-bumps,source::seismic-bumps,target_m10,target encoding,target_enc_ratio,target_enc_standard_m10,loose_regularization_sensitivity,3,False,0.22687857916940926,0.22687857916940926,0.22500151538162685,-0.8342449536834027,-0.8342449536834027,0.0,0.0,0.0,0,3,0
tabpfn,seismic-bumps,source::seismic-bumps,target_m20,target encoding,target_enc_ratio,target_enc_standard_m20,loose_regularization_sensitivity,3,False,0.22687857916940926,0.22687857916940926,0.22500151538162685,-0.8342449536834027,-0.8342449536834027,0.0,0.0,0.0,0,3,0
tabpfn,seismic-bumps,source::seismic-bumps,target_m5,target encoding,target_enc_ratio,target_enc_standard_m5,loose_regularization_sensitivity,3,False,0.22687857916940926,0.22687857916940926,0.22500151538162685,-0.8342449536834027,-0.8342449536834027,0.0,0.0,0.0,0,3,0
tabpfn,splice,source::splice,frequency_combined,frequency encoding,joint_freq_combined,freq_enc_train_only,same_hyperparameters,3,True,0.0044909737348022,0.004500968730101199,0.0047421837540313,,,,,9.994995298999616e-06,2,0,1
tabpfn,splice,source::splice,groupby_combined,group-by aggregation,joint_groupby_combined,groupby_train_only,same_hyperparameters,3,True,0.0047421837540313,0.0047421837540313,0.0047421837540313,,,,,0.0,0,3,0
tabpfn,splice,source::splice,pca_10,principal component analysis,joint_pca_10,pca_train_only_10,same_hyperparameters,3,True,0.0047421837540313,0.0047421837540313,0.0047421837540313,,,,,0.0,0,3,0
tabpfn,splice,source::splice,pca_5,principal component analysis,joint_pca_5,pca_train_only_5,same_hyperparameters,3,True,0.0047421837540313,0.0047379253741625,0.0047421837540313,,,,,-4.25837986879965e-06,0,2,1
tabpfn,splice,source::splice,pca_var90,principal component analysis,joint_pca_var90,pca_train_only_var90,same_hyperparameters,3,True,0.0047421837540313,0.0047421837540313,0.0047421837540313,,,,,0.0,0,3,0
tabpfn,splice,source::splice,pca_var95,principal component analysis,joint_pca_var95,pca_train_only_var95,same_hyperparameters,3,True,0.0047421837540313,0.0047421837540313,0.0047421837540313,,,,,0.0,0,3,0
tabpfn,splice,source::splice,scaling_train_only,scaling,joint_scaling,train_only_scaling,closer_pair_but_cat_encoding_also_differs,3,True,0.0047421837540313,0.004733972461485,0.0047421837540313,,,,,-8.21129254629984e-06,0,0,3
tabpfn,splice,source::splice,target_m10,target encoding,target_enc_ratio,target_enc_standard_m10,loose_regularization_sensitivity,3,True,0.004518049958092934,0.004514694200315433,0.0047421837540313,,,,,-3.3557577775004954e-06,1,0,2
tabpfn,splice,source::splice,target_m20,target encoding,target_enc_ratio,target_enc_standard_m20,loose_regularization_sensitivity,3,True,0.004518049958092934,0.0045363509962943,0.0047421837540313,,,,,1.830103820136663e-05,1,0,2
tabpfn,splice,source::splice,target_m5,target encoding,target_enc_ratio,target_enc_standard_m5,loose_regularization_sensitivity,3,True,0.004518049958092934,0.0044968036857156,0.0047421837540313,,,,,-2.12462723773333e-05,1,0,2
tabpfn,students_dropout_and_academic_success,source::students_dropout_and_academic_success,frequency_combined,frequency encoding,joint_freq_combined,freq_enc_train_only,same_hyperparameters,3,False,0.09910648926601794,0.09895554665969424,0.09889409217793484,-0.21477227143249844,-0.06214171181108267,-0.1525357712820169,-0.15263055962141578,-0.0001509426063237007,1,0,2
tabpfn,students_dropout_and_academic_success,source::students_dropout_and_academic_success,pca_10,principal component analysis,joint_pca_10,pca_train_only_10,same_hyperparameters,3,False,0.09974047980041717,0.0999850401665298,0.09889409217793484,-0.8558525629210223,-1.1031477862520649,0.24459695741013282,0.24729522333104262,0.0002445603661126311,2,0,1
tabpfn,students_dropout_and_academic_success,source::students_dropout_and_academic_success,pca_5,principal component analysis,joint_pca_5,pca_train_only_5,same_hyperparameters,3,False,0.09971119589975945,0.09981735806120821,0.09889409217793484,-0.8262411877490544,-0.9335905340151106,0.10635641286324683,0.10734934626605613,0.000106162161448764,2,0,1
tabpfn,students_dropout_and_academic_success,source::students_dropout_and_academic_success,pca_var90,principal component analysis,joint_pca_var90,pca_train_only_var90,same_hyperparameters,3,False,0.09974047980041717,0.099619932109271,0.09889409217793484,-0.8558525629210223,-0.7339568171880299,-0.12100760218742217,-0.12189574573299253,-0.0001205476911461667,1,0,2
tabpfn,students_dropout_and_academic_success,source::students_dropout_and_academic_success,pca_var95,principal component analysis,joint_pca_var95,pca_train_only_var95,same_hyperparameters,3,False,0.1000197528979949,0.10023206230782795,0.09889409217793484,-1.138248701484338,-1.352932314182914,0.21181786041777295,0.2146836126985759,0.00021230940983305024,3,0,0
tabpfn,students_dropout_and_academic_success,source::students_dropout_and_academic_success,scaling_train_only,scaling,joint_scaling,train_only_scaling,closer_pair_but_cat_encoding_also_differs,3,False,0.09892324772455874,0.09892413965519382,0.09889409217793484,-0.02948158578719125,-0.0303834906587997,0.0009016309246606805,0.0009019048716084517,8.91930635085747e-07,2,0,1
tabpfn,students_dropout_and_academic_success,source::students_dropout_and_academic_success,target_m10,target encoding,target_enc_ratio,target_enc_standard_m10,loose_regularization_sensitivity,3,False,0.09811944355830293,0.09845729853924721,0.09889409217793484,0.7833113207997505,0.44167819236534583,0.34314874159339886,0.3416331284344047,0.0003378549809442827,3,0,0
tabpfn,students_dropout_and_academic_success,source::students_dropout_and_academic_success,target_m20,target encoding,target_enc_ratio,target_enc_standard_m20,loose_regularization_sensitivity,3,False,0.09811944355830293,0.09872441027022079,0.09889409217793484,0.7833113207997505,0.1715794179178551,0.612783312923307,0.6117319028818954,0.0006049667119178564,3,0,0
tabpfn,students_dropout_and_academic_success,source::students_dropout_and_academic_success,target_m5,target encoding,target_enc_ratio,target_enc_standard_m5,loose_regularization_sensitivity,3,False,0.09811944355830293,0.09856431145897072,0.09889409217793484,0.7833113207997505,0.333468574008198,0.4513478500308671,0.4498427467915525,0.0004448679006677919,2,0,1
tabpfn,synthetic_large_test,source::synthetic_generator,frequency_combined,frequency encoding,joint_freq_combined,freq_enc_train_only,same_hyperparameters,1,False,0.2443913203769473,0.2442572948229839,0.2439493342287154,-0.18117948533424524,-0.12623957152502913,-0.05487064534164379,-0.054939913809216104,-0.00013402555396341276,0,0,1
tabpfn,synthetic_large_test,source::synthetic_generator,groupby_combined,group-by aggregation,joint_groupby_combined,groupby_train_only,same_hyperparameters,1,False,0.2443071868868451,0.2447427857552541,0.2439493342287154,-0.14669138543096144,-0.32525258945564467,0.17798231194630484,0.17856120402468323,0.00043559886840899287,1,0,0
tabpfn,synthetic_large_test,source::synthetic_generator,pca_10,principal component analysis,joint_pca_10,pca_train_only_10,same_hyperparameters,1,False,0.2439153482936673,0.2438842648667168,0.2439493342287154,0.01393155474498858,0.026673309933116163,-0.012745154742753574,-0.012741755188127585,-3.1083426950490045e-05,0,0,1
tabpfn,synthetic_large_test,source::synthetic_generator,pca_5,principal component analysis,joint_pca_5,pca_train_only_5,same_hyperparameters,1,False,0.2439153482936673,0.2438779416599205,0.2439493342287154,0.01393155474498858,0.029265326351728925,-0.015338260398702704,-0.015333771606740347,-3.740663374679487e-05,0,0,1
tabpfn,synthetic_large_test,source::synthetic_generator,pca_var90,principal component analysis,joint_pca_var90,pca_train_only_var90,same_hyperparameters,1,False,0.2439153482936673,0.2438842648667168,0.2439493342287154,0.01393155474498858,0.026673309933116163,-0.012745154742753574,-0.012741755188127585,-3.1083426950490045e-05,0,0,1
tabpfn,synthetic_large_test,source::synthetic_generator,pca_var95,principal component analysis,joint_pca_var95,pca_train_only_var95,same_hyperparameters,1,False,0.2439153482936673,0.2438842648667168,0.2439493342287154,0.01393155474498858,0.026673309933116163,-0.012745154742753574,-0.012741755188127585,-3.1083426950490045e-05,0,0,1
tabpfn,synthetic_large_test,source::synthetic_generator,scaling_train_only,scaling,joint_scaling,train_only_scaling,closer_pair_but_cat_encoding_also_differs,1,False,0.2450736604656023,0.2449891048944386,0.2439493342287154,-0.46088514258161184,-0.42622402270971327,-0.03451401285789712,-0.03466111987189859,-8.45555711637136e-05,0,0,1
tabpfn,synthetic_large_test,source::synthetic_generator,target_m10,target encoding,target_enc_ratio,target_enc_standard_m10,loose_regularization_sensitivity,1,False,0.2452636033506503,0.2446138027484713,0.2439493342287154,-0.5387467549727832,-0.2723797225586736,-0.26564347345810924,-0.26636703241410964,-0.000649800602179007,0,0,1
tabpfn,synthetic_large_test,source::synthetic_generator,target_m20,target encoding,target_enc_ratio,target_enc_standard_m20,loose_regularization_sensitivity,1,False,0.2452636033506503,0.2446942904833691,0.2439493342287154,-0.5387467549727832,-0.3053733501708474,-0.23266291426603658,-0.2333734048019359,-0.0005693128672812076,0,0,1
tabpfn,synthetic_large_test,source::synthetic_generator,target_m5,target encoding,target_enc_ratio,target_enc_standard_m5,loose_regularization_sensitivity,1,False,0.2452636033506503,0.2448380479291354,0.2439493342287154,-0.5387467549727832,-0.3643025725935357,-0.17381098449129562,-0.17444418237924755,-0.00042555542151490044,0,0,1
tabpfn,synthetic_shift_0.0,source::synthetic_generator,frequency_combined,frequency encoding,joint_freq_combined,freq_enc_train_only,same_hyperparameters,1,False,0.2426743703102979,0.2427414802924248,0.2422123920007034,-0.19073273079816208,-0.21843981117194186,0.02764668899853609,0.027707080373779787,6.710998212688946e-05,1,0,0
tabpfn,synthetic_shift_0.0,source::synthetic_generator,groupby_combined,group-by aggregation,joint_groupby_combined,groupby_train_only,same_hyperparameters,1,False,0.2449077609895518,0.2461642944220922,0.2422123920007034,-1.112812175539131,-1.63158556370531,0.5104450405735317,0.5187733881661791,0.0012565334325403965,1,0,0
tabpfn,synthetic_shift_0.0,source::synthetic_generator,pca_10,principal component analysis,joint_pca_10,pca_train_only_10,same_hyperparameters,1,False,0.2427082841234472,0.2425994277546381,0.2422123920007034,-0.20473441455561242,-0.1597918879119844,-0.04487082670251836,-0.04494252664362803,-0.00010885636880908489,0,0,1
tabpfn,synthetic_shift_0.0,source::synthetic_generator,pca_5,principal component analysis,joint_pca_5,pca_train_only_5,same_hyperparameters,1,False,0.2427082841234472,0.2425994277546381,0.2422123920007034,-0.20473441455561242,-0.1597918879119844,-0.04487082670251836,-0.04494252664362803,-0.00010885636880908489,0,0,1
tabpfn,synthetic_shift_0.0,source::synthetic_generator,pca_var90,principal component analysis,joint_pca_var90,pca_train_only_var90,same_hyperparameters,1,False,0.2427082841234472,0.2426043282391259,0.2422123920007034,-0.20473441455561242,-0.16181510581892414,-0.04284997101075384,-0.04291930873668827,-0.00010395588432129954,0,0,1
tabpfn,synthetic_shift_0.0,source::synthetic_generator,pca_var95,principal component analysis,joint_pca_var95,pca_train_only_var95,same_hyperparameters,1,False,0.2427082841234472,0.2426043282391259,0.2422123920007034,-0.20473441455561242,-0.16181510581892414,-0.04284997101075384,-0.04291930873668827,-0.00010395588432129954,0,0,1
tabpfn,synthetic_shift_0.0,source::synthetic_generator,scaling_train_only,scaling,joint_scaling,train_only_scaling,closer_pair_but_cat_encoding_also_differs,1,False,0.2426073013364093,0.2428118504295038,0.2422123920007034,-0.1630425811181171,-0.247492881701379,0.08424180810478603,0.0844503005832619,0.00020454909309450264,1,0,0
tabpfn,synthetic_shift_0.0,source::synthetic_generator,target_m10,target encoding,target_enc_ratio,target_enc_standard_m10,loose_regularization_sensitivity,1,False,0.2434520300390268,0.2434493234952929,0.2422123920007034,-0.5117979423281478,-0.5106805165385232,-0.0011117483076246016,-0.001117425789624587,-2.7065437338824605e-06,0,0,1
tabpfn,synthetic_shift_0.0,source::synthetic_generator,target_m20,target encoding,target_enc_ratio,target_enc_standard_m20,loose_regularization_sensitivity,1,False,0.2434520300390268,0.2434429057059848,0.2422123920007034,-0.5117979423281478,-0.5080308629617232,-0.003748038175736337,-0.0037670793664246654,-9.124333041982124e-06,0,0,1
tabpfn,synthetic_shift_0.0,source::synthetic_generator,target_m5,target encoding,target_enc_ratio,target_enc_standard_m5,loose_regularization_sensitivity,1,False,0.2434520300390268,0.2434110423047548,0.2422123920007034,-0.5117979423281478,-0.4948757138932469,-0.01683889682403122,-0.01692222843490089,-4.0987734271996645e-05,0,0,1
tabpfn,synthetic_shift_0.5,source::synthetic_generator,frequency_combined,frequency encoding,joint_freq_combined,freq_enc_train_only,same_hyperparameters,1,False,0.2414326556030021,0.2410399682971015,0.2407155594914597,-0.2979018527332998,-0.13476852361648486,-0.1629137726306726,-0.16313332911681488,-0.0003926873059005853,0,0,1
tabpfn,synthetic_shift_0.5,source::synthetic_generator,groupby_combined,group-by aggregation,joint_groupby_combined,groupby_train_only,same_hyperparameters,1,False,0.2438356261322464,0.2443698240165631,0.2407155594914597,-1.2961632589842629,-1.5180840544015788,0.2186022298237945,0.22192079541731582,0.0005341978843166895,1,0,0
tabpfn,synthetic_shift_0.5,source::synthetic_generator,pca_10,principal component analysis,joint_pca_10,pca_train_only_10,same_hyperparameters,1,False,0.2412032139622153,0.2409719728584369,0.2407155594914597,-0.20258535500814046,-0.10652130984757001,-0.09596182536723563,-0.09606404516057046,-0.00023124110377839568,0,0,1
tabpfn,synthetic_shift_0.5,source::synthetic_generator,pca_5,principal component analysis,joint_pca_5,pca_train_only_5,same_hyperparameters,1,False,0.2412032139622153,0.2409719728584369,0.2407155594914597,-0.20258535500814046,-0.10652130984757001,-0.09596182536723563,-0.09606404516057046,-0.00023124110377839568,0,0,1
tabpfn,synthetic_shift_0.5,source::synthetic_generator,pca_var90,principal component analysis,joint_pca_var90,pca_train_only_var90,same_hyperparameters,1,False,0.2412032139622153,0.2409662509704969,0.2407155594914597,-0.20258535500814046,-0.10414427699098959,-0.09833866392660191,-0.09844107801715087,-0.00023696299171840907,0,0,1
tabpfn,synthetic_shift_0.5,source::synthetic_generator,pca_var95,principal component analysis,joint_pca_var95,pca_train_only_var95,same_hyperparameters,1,False,0.2412032139622153,0.2409719728584369,0.2407155594914597,-0.20258535500814046,-0.10652130984757001,-0.09596182536723563,-0.09606404516057046,-0.00023124110377839568,0,0,1
tabpfn,synthetic_shift_0.5,source::synthetic_generator,scaling_train_only,scaling,joint_scaling,train_only_scaling,closer_pair_but_cat_encoding_also_differs,1,False,0.2411430835921325,0.2412789531573498,0.2407155594914597,-0.1776055114908167,-0.23404954257228933,0.05631223255875664,0.056444031081472654,0.00013586956521730031,1,0,0
tabpfn,synthetic_shift_0.5,source::synthetic_generator,target_m10,target encoding,target_enc_ratio,target_enc_standard_m10,loose_regularization_sensitivity,1,False,0.2414888028920808,0.2415643601190475,0.2407155594914597,-0.32122701260137376,-0.3526156054810044,0.03127830071019718,0.03138859287963061,7.555722696669931e-05,1,0,0
tabpfn,synthetic_shift_0.5,source::synthetic_generator,target_m20,target encoding,target_enc_ratio,target_enc_standard_m20,loose_regularization_sensitivity,1,False,0.2414888028920808,0.2415073029891303,0.2407155594914597,-0.32122701260137376,-0.32891247219052355,0.007660264025367626,0.007685459589149784,1.8500097049511943e-05,1,0,0
tabpfn,synthetic_shift_0.5,source::synthetic_generator,target_m5,target encoding,target_enc_ratio,target_enc_standard_m5,loose_regularization_sensitivity,1,False,0.2414888028920808,0.2414790372670806,0.2407155594914597,-0.32122701260137376,-0.31717009786730166,-0.00404408809590051,-0.004056914734072118,-9.765625000213163e-06,0,0,1
tabpfn,synthetic_shift_1.0,source::synthetic_generator,frequency_combined,frequency encoding,joint_freq_combined,freq_enc_train_only,same_hyperparameters,1,False,0.2433519985482238,0.2431094075690872,0.2432389244424748,-0.04648684662957926,0.05324677112615614,-0.09978675097864323,-0.0997336177557354,-0.00024259097913661987,0,0,1
tabpfn,synthetic_shift_1.0,source::synthetic_generator,groupby_combined,group-by aggregation,joint_groupby_combined,groupby_train_only,same_hyperparameters,1,False,0.2471041579147361,0.2469562532146112,0.2432389244424748,-1.589068641509893,-1.5282622962820813,-0.05989105284828477,-0.06080634522781148,-0.00014790470012490675,0,0,1
tabpfn,synthetic_shift_1.0,source::synthetic_generator,pca_10,principal component analysis,joint_pca_10,pca_train_only_10,same_hyperparameters,1,False,0.2433765624389036,0.2436340521696933,0.2432389244424748,-0.05658551432270764,-0.1624442831771973,0.10568708622486082,0.10585876885448967,0.00025748973078970616,1,0,0
tabpfn,synthetic_shift_1.0,source::synthetic_generator,pca_5,principal component analysis,joint_pca_5,pca_train_only_5,same_hyperparameters,1,False,0.2433765624389036,0.2436340521696933,0.2432389244424748,-0.05658551432270764,-0.1624442831771973,0.10568708622486082,0.10585876885448967,0.00025748973078970616,1,0,0
tabpfn,synthetic_shift_1.0,source::synthetic_generator,pca_var90,principal component analysis,joint_pca_var90,pca_train_only_var90,same_hyperparameters,1,False,0.2433765624389036,0.2436983794850405,0.2432389244424748,-0.05658551432270764,-0.18889042681750473,0.13205547234944034,0.1323049124947971,0.0003218170461369019,1,0,0
tabpfn,synthetic_shift_1.0,source::synthetic_generator,pca_var95,principal component analysis,joint_pca_var95,pca_train_only_var95,same_hyperparameters,1,False,0.2433765624389036,0.2436340521696933,0.2432389244424748,-0.05658551432270764,-0.1624442831771973,0.10568708622486082,0.10585876885448967,0.00025748973078970616,1,0,0
tabpfn,synthetic_shift_1.0,source::synthetic_generator,scaling_train_only,scaling,joint_scaling,train_only_scaling,closer_pair_but_cat_encoding_also_differs,1,False,0.2436076635328489,0.2438242268139431,0.2432389244424748,-0.15159542874122084,-0.24062858064755685,0.08881942697985508,0.089033151906336,0.00021656328109420642,1,0,0
tabpfn,synthetic_shift_1.0,source::synthetic_generator,target_m10,target encoding,target_enc_ratio,target_enc_standard_m10,loose_regularization_sensitivity,1,False,0.2436325081537078,0.2435689428202754,0.2432389244424748,-0.1618095097793747,-0.1356766309327518,-0.026097470677648768,-0.026132878846622864,-6.356533343238047e-05,0,0,1
tabpfn,synthetic_shift_1.0,source::synthetic_generator,target_m20,target encoding,target_enc_ratio,target_enc_standard_m20,loose_regularization_sensitivity,1,False,0.2436325081537078,0.2435900777923377,0.2432389244424748,-0.1618095097793747,-0.1443656070539631,-0.017418756032523994,-0.017443902725411596,-4.2430361370082714e-05,0,0,1
tabpfn,synthetic_shift_1.0,source::synthetic_generator,target_m5,target encoding,target_enc_ratio,target_enc_standard_m5,loose_regularization_sensitivity,1,False,0.2436325081537078,0.2435494922292884,0.2432389244424748,-0.1618095097793747,-0.1276801348819672,-0.03408585403300249,-0.0341293748974075,-8.301592441939398e-05,0,0,1
tabpfn,synthetic_shift_3.0,source::synthetic_generator,frequency_combined,frequency encoding,joint_freq_combined,freq_enc_train_only,same_hyperparameters,1,False,0.2519311713554987,0.2509069462915601,0.2518339846547315,-0.03859157488233287,0.36811487712526697,-0.40820913054692676,-0.4067064520075998,-0.001024225063938622,0,0,1
tabpfn,synthetic_shift_3.0,source::synthetic_generator,groupby_combined,group-by aggregation,joint_groupby_combined,groupby_train_only,same_hyperparameters,1,False,0.255956051150895,0.2567977289002557,0.2518339846547315,-1.636818994789325,-1.9710382823547736,0.3277590315791485,0.3342192875654488,0.0008416777493607253,1,0,0
tabpfn,synthetic_shift_3.0,source::synthetic_generator,pca_10,principal component analysis,joint_pca_10,pca_train_only_10,same_hyperparameters,1,False,0.2516112122762148,0.25289747314578,0.2518339846547315,0.08846001417248142,-0.42229744826002774,0.5086096169983202,0.5107574624325092,0.0012862608695651812,1,0,0
tabpfn,synthetic_shift_3.0,source::synthetic_generator,pca_5,principal component analysis,joint_pca_5,pca_train_only_5,same_hyperparameters,1,False,0.2516112122762148,0.25289747314578,0.2518339846547315,0.08846001417248142,-0.42229744826002774,0.5086096169983202,0.5107574624325092,0.0012862608695651812,1,0,0
tabpfn,synthetic_shift_3.0,source::synthetic_generator,pca_var90,principal component analysis,joint_pca_var90,pca_train_only_var90,same_hyperparameters,1,False,0.2516112122762148,0.25289747314578,0.2518339846547315,0.08846001417248142,-0.42229744826002774,0.5086096169983202,0.5107574624325092,0.0012862608695651812,1,0,0
tabpfn,synthetic_shift_3.0,source::synthetic_generator,pca_var95,principal component analysis,joint_pca_var95,pca_train_only_var95,same_hyperparameters,1,False,0.2516112122762148,0.25289747314578,0.2518339846547315,0.08846001417248142,-0.42229744826002774,0.5086096169983202,0.5107574624325092,0.0012862608695651812,1,0,0
tabpfn,synthetic_shift_3.0,source::synthetic_generator,scaling_train_only,scaling,joint_scaling,train_only_scaling,closer_pair_but_cat_encoding_also_differs,1,False,0.2525527774936061,0.2528022915601023,0.2518339846547315,-0.28542328782990956,-0.3845020785015862,0.09869928985073426,0.09907879067167663,0.00024951406649620367,1,0,0
tabpfn,synthetic_shift_3.0,source::synthetic_generator,target_m10,target encoding,target_enc_ratio,target_enc_standard_m10,loose_regularization_sensitivity,1,False,0.2509838158567775,0.2510740664961636,0.2518339846547315,0.3375909725288332,0.3017536174117911,0.035945822938066196,0.03583735511704215,9.025063938611355e-05,1,0,0
tabpfn,synthetic_shift_3.0,source::synthetic_generator,target_m20,target encoding,target_enc_ratio,target_enc_standard_m20,loose_regularization_sensitivity,1,False,0.2509838158567775,0.2509397851662404,0.2518339846547315,0.3375909725288332,0.355074987086069,-0.017546317140556694,-0.01748401455723578,-4.403069053710018e-05,0,0,1
tabpfn,synthetic_shift_3.0,source::synthetic_generator,target_m5,target encoding,target_enc_ratio,target_enc_standard_m5,loose_regularization_sensitivity,1,False,0.2509838158567775,0.2509628235294119,0.2518339846547315,0.3375909725288332,0.34592675270336265,-0.00836471596483944,-0.008335780174529411,-2.0992327365576546e-05,0,0,1
tabpfn,synthetic_shift_5.0,source::synthetic_generator,frequency_combined,frequency encoding,joint_freq_combined,freq_enc_train_only,same_hyperparameters,1,False,0.2614118469535088,0.2598200051997381,0.2605052599197843,-0.3480110282624011,0.26304832395983846,-0.6126709729479676,-0.6110593522222395,-0.0015918417537706953,0,0,1
tabpfn,synthetic_shift_5.0,source::synthetic_generator,groupby_combined,group-by aggregation,joint_groupby_combined,groupby_train_only,same_hyperparameters,1,False,0.2660623396603396,0.2656785099208281,0.2605052599197843,-2.1331929122146938,-1.9858524171975491,-0.14447150415962912,-0.14734049501714477,-0.0003838297395115098,0,0,1
tabpfn,synthetic_shift_5.0,source::synthetic_generator,pca_10,principal component analysis,joint_pca_10,pca_train_only_10,same_hyperparameters,1,False,0.2600638299047252,0.2653582963858767,0.2605052599197843,0.1694514787129489,-1.8629322369869936,1.9952142266742767,2.0323837156999427,0.005294466481151505,1,0,0
tabpfn,synthetic_shift_5.0,source::synthetic_generator,pca_5,principal component analysis,joint_pca_5,pca_train_only_5,same_hyperparameters,1,False,0.2600638299047252,0.2653582963858767,0.2605052599197843,0.1694514787129489,-1.8629322369869936,1.9952142266742767,2.0323837156999427,0.005294466481151505,1,0,0
tabpfn,synthetic_shift_5.0,source::synthetic_generator,pca_var90,principal component analysis,joint_pca_var90,pca_train_only_var90,same_hyperparameters,1,False,0.2600638299047252,0.2650942913817014,0.2605052599197843,0.1694514787129489,-1.7615887922302038,1.8976121480235706,1.9310402709431527,0.005030461476976167,1,0,0
tabpfn,synthetic_shift_5.0,source::synthetic_generator,pca_var95,principal component analysis,joint_pca_var95,pca_train_only_var95,same_hyperparameters,1,False,0.2600638299047252,0.2650942913817014,0.2605052599197843,0.1694514787129489,-1.7615887922302038,1.8976121480235706,1.9310402709431527,0.005030461476976167,1,0,0
tabpfn,synthetic_shift_5.0,source::synthetic_generator,scaling_train_only,scaling,joint_scaling,train_only_scaling,closer_pair_but_cat_encoding_also_differs,1,False,0.2610487362530972,0.2619915535458761,0.2605052599197843,-0.208623938526335,-0.5705426548966734,0.3598655300212969,0.3619187163703384,0.0009428172927788969,1,0,0
tabpfn,synthetic_shift_5.0,source::synthetic_generator,target_m10,target encoding,target_enc_ratio,target_enc_standard_m10,loose_regularization_sensitivity,1,False,0.2607162888326535,0.2605928500504103,0.2605052599197843,-0.08100754392990277,-0.03362317162154493,-0.04736844553462128,-0.04738437230835784,-0.0001234387822432459,0,0,1
tabpfn,synthetic_shift_5.0,source::synthetic_generator,target_m20,target encoding,target_enc_ratio,target_enc_standard_m20,loose_regularization_sensitivity,1,False,0.2607162888326535,0.2603414156441719,0.2605052599197843,-0.08100754392990277,0.0628948051424535,-0.14399291313449114,-0.14390234907235627,-0.000374873188481617,0,0,1
tabpfn,synthetic_shift_5.0,source::synthetic_generator,target_m5,target encoding,target_enc_ratio,target_enc_standard_m5,loose_regularization_sensitivity,1,False,0.2607162888326535,0.2605191773675004,0.2605052599197843,-0.08100754392990277,-0.005342482420662781,-0.07566101933258285,-0.07566506150923999,-0.0001971114651531103,0,0,1
tabpfn,tabred_delivery_eta__gap_far,source::tabred_delivery_eta,frequency_combined,frequency encoding,joint_freq_combined,freq_enc_train_only,same_hyperparameters,1,False,0.5500445477911299,0.5500445477911299,0.5502068249923597,0.02949385464858746,0.02949385464858746,0.0,0.0,0.0,0,1,0
tabpfn,tabred_delivery_eta__gap_far,source::tabred_delivery_eta,pca_10,principal component analysis,joint_pca_10,pca_train_only_10,same_hyperparameters,1,False,0.5538652262271933,0.5540488690347095,0.5502068249923597,-0.6649138230672293,-0.6982908731463174,0.03314559739761066,0.03337705007908799,0.00018364280751625994,1,0,0
tabpfn,tabred_delivery_eta__gap_far,source::tabred_delivery_eta,pca_5,principal component analysis,joint_pca_5,pca_train_only_5,same_hyperparameters,1,False,0.5525044208884834,0.5523843094800267,0.5502068249923597,-0.41758767644431993,-0.39575744770109067,-0.021744174552994655,-0.02183022874322926,-0.00012011140845669122,0,0,1
tabpfn,tabred_delivery_eta__gap_far,source::tabred_delivery_eta,pca_var90,principal component analysis,joint_pca_var90,pca_train_only_var90,same_hyperparameters,1,False,0.5523080428477716,0.5551704936585135,0.5502068249923597,-0.38189599982534184,-0.9021459641513255,0.5155985131483912,0.5202499643259837,0.002862450810741879,1,0,0
tabpfn,tabred_delivery_eta__gap_far,source::tabred_delivery_eta,pca_var95,principal component analysis,joint_pca_var95,pca_train_only_var95,same_hyperparameters,1,False,0.5520058943461413,0.5544885627867283,0.5502068249923597,-0.326980559320867,-0.7782051402993839,0.4477402433892726,0.4512245809785169,0.002482668440586977,1,0,0
tabpfn,tabred_delivery_eta__gap_far,source::tabred_delivery_eta,scaling_train_only,scaling,joint_scaling,train_only_scaling,closer_pair_but_cat_encoding_also_differs,1,False,0.5500809566564158,0.5500503451973642,0.5502068249923597,0.022876549367724788,0.028440177018474722,-0.005565210406440979,-0.005563627650749937,-3.061145905158824e-05,0,0,1
tabpfn,tabred_delivery_eta__gap_far,source::tabred_delivery_eta,target_m10,target encoding,target_enc_ratio,target_enc_standard_m10,loose_regularization_sensitivity,1,False,0.5501203697874781,0.5501107537856936,0.5502068249923597,0.015713219275823687,0.017460926019490595,-0.0017480119627425346,-0.0017477067436669083,-9.616001784507056e-06,0,0,1
tabpfn,tabred_delivery_eta__gap_far,source::tabred_delivery_eta,target_m20,target encoding,target_enc_ratio,target_enc_standard_m20,loose_regularization_sensitivity,1,False,0.5501203697874781,0.5501203697874781,0.5502068249923597,0.015713219275823687,0.015713219275823687,0.0,0.0,0.0,0,1,0
tabpfn,tabred_delivery_eta__gap_far,source::tabred_delivery_eta,target_m5,target encoding,target_enc_ratio,target_enc_standard_m5,loose_regularization_sensitivity,1,False,0.5501203697874781,0.5501203697874781,0.5502068249923597,0.015713219275823687,0.015713219275823687,0.0,0.0,0.0,0,1,0
tabpfn,tabred_delivery_eta__gap_maxdiff,source::tabred_delivery_eta,frequency_combined,frequency encoding,joint_freq_combined,freq_enc_train_only,same_hyperparameters,1,False,0.5482045768554389,0.5482045768554389,0.5487472365967985,0.0988906558737378,0.0988906558737378,0.0,0.0,0.0,0,1,0
tabpfn,tabred_delivery_eta__gap_maxdiff,source::tabred_delivery_eta,pca_10,principal component analysis,joint_pca_10,pca_train_only_10,same_hyperparameters,1,False,0.548309406852281,0.5488708316572593,0.5487472365967985,0.07978714339096551,-0.022523131273933503,0.10228723637637349,0.10231027466489902,0.0005614248049782278,1,0,0
tabpfn,tabred_delivery_eta__gap_maxdiff,source::tabred_delivery_eta,pca_5,principal component analysis,joint_pca_5,pca_train_only_5,same_hyperparameters,1,False,0.5493530803729813,0.5493240830626769,0.5487472365967985,-0.11040488876811123,-0.10512061426602848,-0.0052787254734396605,-0.005284274502082758,-2.8997310304368362e-05,0,0,1
tabpfn,tabred_delivery_eta__gap_maxdiff,source::tabred_delivery_eta,pca_var90,principal component analysis,joint_pca_var90,pca_train_only_var90,same_hyperparameters,1,False,0.5478413626797415,0.5491299868139503,0.5487472365967985,0.16508036061830667,-0.06974982134316818,0.23466650249523216,0.23483018196147484,0.0012886241342088267,1,0,0
tabpfn,tabred_delivery_eta__gap_maxdiff,source::tabred_delivery_eta,pca_var95,principal component analysis,joint_pca_var95,pca_train_only_var95,same_hyperparameters,1,False,0.5493607295486241,0.547582631734142,0.5487472365967985,-0.11179882301192191,0.2122297453157242,-0.324717715909115,-0.3240285683276461,-0.001778097814482127,0,0,1
tabpfn,tabred_delivery_eta__gap_maxdiff,source::tabred_delivery_eta,scaling_train_only,scaling,joint_scaling,train_only_scaling,closer_pair_but_cat_encoding_also_differs,1,False,0.5486963731635106,0.5488612480621388,0.5487472365967985,0.00926900946295515,-0.020776681454901462,0.030039449717078087,0.03004569091785661,0.0001648748986281534,1,0,0
tabpfn,tabred_delivery_eta__gap_maxdiff,source::tabred_delivery_eta,target_m10,target encoding,target_enc_ratio,target_enc_standard_m10,loose_regularization_sensitivity,1,False,0.5482974762144834,0.5483171521159818,0.5487472365967985,0.08196130245763833,0.07837569870674885,0.003588416197156515,0.0035856037508894874,1.9675901498317216e-05,1,0,0
tabpfn,tabred_delivery_eta__gap_maxdiff,source::tabred_delivery_eta,target_m20,target encoding,target_enc_ratio,target_enc_standard_m20,loose_regularization_sensitivity,1,False,0.5482974762144834,0.5483013897097069,0.5487472365967985,0.08196130245763833,0.08124813344967932,0.0007137489156304767,0.0007131690079590096,3.913495223439867e-06,1,0,0
tabpfn,tabred_delivery_eta__gap_maxdiff,source::tabred_delivery_eta,target_m5,target encoding,target_enc_ratio,target_enc_standard_m5,loose_regularization_sensitivity,1,False,0.5482974762144834,0.5483013897097069,0.5487472365967985,0.08196130245763833,0.08124813344967932,0.0007137489156304767,0.0007131690079590096,3.913495223439867e-06,1,0,0
tabpfn,tabred_delivery_eta__gap_near,source::tabred_delivery_eta,frequency_combined,frequency encoding,joint_freq_combined,freq_enc_train_only,same_hyperparameters,1,False,0.5659585959569571,0.5659585959569571,0.5658953500066907,-0.011176262583826303,-0.011176262583826303,0.0,0.0,0.0,0,1,0
tabpfn,tabred_delivery_eta__gap_near,source::tabred_delivery_eta,pca_10,principal component analysis,joint_pca_10,pca_train_only_10,same_hyperparameters,1,False,0.5644770950454887,0.564281001791324,0.5658953500066907,0.2506214198765179,0.2852732780623785,-0.034750993484131965,-0.034651858185860536,-0.00019609325416469758,0,0,1
tabpfn,tabred_delivery_eta__gap_near,source::tabred_delivery_eta,pca_5,principal component analysis,joint_pca_5,pca_train_only_5,same_hyperparameters,1,False,0.5664249022470987,0.5659162835663003,0.5658953500066907,-0.09357776846934862,-0.0036991927234230966,-0.08987525108717716,-0.08987857574592553,-0.0005086186807984339,0,0,1
tabpfn,tabred_delivery_eta__gap_near,source::tabred_delivery_eta,pca_var90,principal component analysis,joint_pca_var90,pca_train_only_var90,same_hyperparameters,1,False,0.5638845675584215,0.5671233274869448,0.5658953500066907,0.35532761459258483,-0.21699727347815145,0.571085647785816,0.5723248880707363,0.0032387599285232938,1,0,0
tabpfn,tabred_delivery_eta__gap_near,source::tabred_delivery_eta,pca_var95,principal component analysis,joint_pca_var95,pca_train_only_var95,same_hyperparameters,1,False,0.564676339651927,0.5659264209237915,0.5658953500066907,0.2154126827070183,-0.005490576499788216,0.22089113101027716,0.2209032592068065,0.0012500812718645449,1,0,0
tabpfn,tabred_delivery_eta__gap_near,source::tabred_delivery_eta,scaling_train_only,scaling,joint_scaling,train_only_scaling,closer_pair_but_cat_encoding_also_differs,1,False,0.5659775262387783,0.5659332141682342,0.5658953500066907,-0.014521453849487309,-0.006691018320445943,-0.007829911628219848,-0.007830435529041366,-4.43120705441169e-05,0,0,1
tabpfn,tabred_delivery_eta__gap_near,source::tabred_delivery_eta,target_m10,target encoding,target_enc_ratio,target_enc_standard_m10,loose_regularization_sensitivity,1,False,0.5659921381930072,0.5659585959569571,0.5658953500066907,-0.017103548618200827,-0.011176262583826303,-0.005926623659352,-0.005927286034374524,-3.354223605012141e-05,0,0,1
tabpfn,tabred_delivery_eta__gap_near,source::tabred_delivery_eta,target_m20,target encoding,target_enc_ratio,target_enc_standard_m20,loose_regularization_sensitivity,1,False,0.5659921381930072,0.5659585959569571,0.5658953500066907,-0.017103548618200827,-0.011176262583826303,-0.005926623659352,-0.005927286034374524,-3.354223605012141e-05,0,0,1
tabpfn,tabred_delivery_eta__gap_near,source::tabred_delivery_eta,target_m5,target encoding,target_enc_ratio,target_enc_standard_m5,loose_regularization_sensitivity,1,False,0.5659921381930072,0.5659585959569571,0.5658953500066907,-0.017103548618200827,-0.011176262583826303,-0.005926623659352,-0.005927286034374524,-3.354223605012141e-05,0,0,1
tabpfn,tabred_homesite__gap_far,source::tabred_homesite,frequency_combined,frequency encoding,joint_freq_combined,freq_enc_train_only,same_hyperparameters,1,False,0.0914619972501892,0.0952298999755614,0.0816863083666887,-11.96735301051624,-16.580002058699606,3.956638331384516,4.612649048183367,0.0037679027253721964,1,0,0
tabpfn,tabred_homesite__gap_far,source::tabred_homesite,pca_10,principal component analysis,joint_pca_10,pca_train_only_10,same_hyperparameters,1,False,0.0862231708319332,0.0871380566176783,0.0816863083666887,-5.554005996792737,-6.674004934237907,1.049926772821198,1.1199989374451695,0.0009148857857450982,1,0,0
tabpfn,tabred_homesite__gap_far,source::tabred_homesite,pca_5,principal component analysis,joint_pca_5,pca_train_only_5,same_hyperparameters,1,False,0.0841163296398853,0.0833523878030779,0.0816863083666887,-2.974820776926609,-2.0396067219859932,-0.9165206383915923,-0.9352140549406162,-0.0007639418368074052,0,0,1
tabpfn,tabred_homesite__gap_far,source::tabred_homesite,pca_var90,principal component analysis,joint_pca_var90,pca_train_only_var90,same_hyperparameters,1,False,0.0828881639601182,0.0849718143028681,0.0816863083666887,-1.471306045603597,-4.022101135273247,2.452166474077009,2.5507950896696503,0.0020836503427499042,1,0,0
tabpfn,tabred_homesite__gap_far,source::tabred_homesite,pca_var95,principal component analysis,joint_pca_var95,pca_train_only_var95,same_hyperparameters,1,False,0.088410027235008,0.0887565337844562,0.0816863083666887,-8.231145467042793,-8.655337178452669,0.39040117349522807,0.42419171140987605,0.0003465065494482056,1,0,0
tabpfn,tabred_homesite__gap_far,source::tabred_homesite,scaling_train_only,scaling,joint_scaling,train_only_scaling,closer_pair_but_cat_encoding_also_differs,1,False,0.0907243654997194,0.0903920989454539,0.0816863083666887,-11.06434764129502,-10.657588465970356,-0.36758362527460364,-0.4067591753246655,-0.0003322665542655062,0,0,1
tabpfn,tabred_homesite__gap_far,source::tabred_homesite,target_m10,target encoding,target_enc_ratio,target_enc_standard_m10,loose_regularization_sensitivity,1,False,0.1010319521080482,0.1005092764753381,0.0816863083666887,-23.68284738063712,-23.04299029422819,-0.5200272562287873,-0.639857086408928,-0.0005226756327101068,0,0,1
tabpfn,tabred_homesite__gap_far,source::tabred_homesite,target_m20,target encoding,target_enc_ratio,target_enc_standard_m20,loose_regularization_sensitivity,1,False,0.1010319521080482,0.101942362466736,0.0816863083666887,-23.68284738063712,-24.797367521027088,0.8930638222013648,1.1145201403899692,0.0009104103586878021,1,0,0
tabpfn,tabred_homesite__gap_far,source::tabred_homesite,target_m5,target encoding,target_enc_ratio,target_enc_standard_m5,loose_regularization_sensitivity,1,False,0.1010319521080482,0.1013499786671311,0.0816863083666887,-23.68284738063712,-24.072174019876677,0.31379045488248297,0.3893266392395569,0.0003180265590828901,1,0,0
tabpfn,tabred_homesite__gap_near,source::tabred_homesite,frequency_combined,frequency encoding,joint_freq_combined,freq_enc_train_only,same_hyperparameters,1,False,0.0487052589522781,0.0487247880885287,0.0496741211007164,1.950436418339229,1.9111219104669928,0.04008049499388807,0.03931450787223625,1.9529136250605317e-05,1,0,0
tabpfn,tabred_homesite__gap_near,source::tabred_homesite,pca_10,principal component analysis,joint_pca_10,pca_train_only_10,same_hyperparameters,1,False,0.0481591212322668,0.0482368309202644,0.0496741211007164,3.0498775516890837,2.893438572446675,0.16110031798327068,0.1564389792424085,7.770968799759859e-05,1,0,0
tabpfn,tabred_homesite__gap_near,source::tabred_homesite,pca_5,principal component analysis,joint_pca_5,pca_train_only_5,same_hyperparameters,1,False,0.0479813247209841,0.0480199761364803,0.0496741211007164,3.4078033837782202,3.3299934202806614,0.08049028468141513,0.07780996349755884,3.86514154962006e-05,1,0,0
tabpfn,tabred_homesite__gap_near,source::tabred_homesite,pca_var90,principal component analysis,joint_pca_var90,pca_train_only_var90,same_hyperparameters,1,False,0.0502907807016329,0.0487024109532415,0.0496741211007164,-1.241410189555628,1.9561697840706977,-3.2613780658956864,-3.197579973626326,-0.0015883697483913967,0,0,1
tabpfn,tabred_homesite__gap_near,source::tabred_homesite,pca_var95,principal component analysis,joint_pca_var95,pca_train_only_var95,same_hyperparameters,1,False,0.0492957440858587,0.0492059643067059,0.0496741211007164,0.7617185900290595,0.9424561192764591,-0.1824571074213469,-0.1807375292473996,-8.9779779152796e-05,0,0,1
tabpfn,tabred_homesite__gap_near,source::tabred_homesite,scaling_train_only,scaling,joint_scaling,train_only_scaling,closer_pair_but_cat_encoding_also_differs,1,False,0.0496903953809252,0.0493825402469731,0.0496741211007164,-0.03276208989344872,0.5869874439290274,-0.6234088655878169,-0.6197495338224761,-0.0003078551339521021,0,0,1
tabpfn,tabred_homesite__gap_near,source::tabred_homesite,target_m10,target encoding,target_enc_ratio,target_enc_standard_m10,loose_regularization_sensitivity,1,False,0.0483641771628992,0.0483146762272636,0.0496741211007164,2.637075219028501,2.736726575788773,-0.10245527756982392,-0.09965135676027238,-4.950093563560465e-05,0,0,1
tabpfn,tabred_homesite__gap_near,source::tabred_homesite,target_m20,target encoding,target_enc_ratio,target_enc_standard_m20,loose_regularization_sensitivity,1,False,0.0483641771628992,0.04825283396247,0.0496741211007164,2.637075219028501,2.8612225173842134,-0.23074955662873847,-0.2241472983557128,-0.00011134320042920087,0,0,1
tabpfn,tabred_homesite__gap_near,source::tabred_homesite,target_m5,target encoding,target_enc_ratio,target_enc_standard_m5,loose_regularization_sensitivity,1,False,0.0483641771628992,0.048273719288738,0.0496741211007164,2.637075219028501,2.819177835354206,-0.18738534236434362,-0.18210261632570543,-9.045787416120388e-05,0,0,1
tabpfn,tabred_sberbank__gap_far,source::tabred_sberbank,frequency_combined,frequency encoding,joint_freq_combined,freq_enc_train_only,same_hyperparameters,1,False,0.389002520369183,0.3856118283734941,0.3928951293056008,0.990750112707571,1.853751901933501,-0.879301864258356,-0.86300178922593,-0.003390691995688866,0,0,1
tabpfn,tabred_sberbank__gap_far,source::tabred_sberbank,pca_10,principal component analysis,joint_pca_10,pca_train_only_10,same_hyperparameters,1,False,0.3792699857348021,0.3730181338437954,0.3928951293056008,3.4678830442310766,5.05910966545597,-1.6760182210403491,-1.5912266212248936,-0.006251851891006688,0,0,1
tabpfn,tabred_sberbank__gap_far,source::tabred_sberbank,pca_5,principal component analysis,joint_pca_5,pca_train_only_5,same_hyperparameters,1,False,0.4071012894305707,0.4040920088658735,0.3928951293056008,-3.615763868103375,-2.849839238287828,-0.7447018249984941,-0.7659246298155468,-0.0030092805646972365,0,0,1
tabpfn,tabred_sberbank__gap_far,source::tabred_sberbank,pca_var90,principal component analysis,joint_pca_var90,pca_train_only_var90,same_hyperparameters,1,False,0.3686513130224105,0.3589906295546974,0.3928951293056008,6.170556587463575,8.629401899388743,-2.691068421394868,-2.4588453119251685,-0.009660683467713094,0,0,1
tabpfn,tabred_sberbank__gap_far,source::tabred_sberbank,pca_var95,principal component analysis,joint_pca_var95,pca_train_only_var95,same_hyperparameters,1,False,0.3726955377114062,0.3700904534581306,0.3928951293056008,5.141217105413134,5.804265348815847,-0.703904742457866,-0.6630482434027126,-0.0026050842532756024,0,0,1
tabpfn,tabred_sberbank__gap_far,source::tabred_sberbank,scaling_train_only,scaling,joint_scaling,train_only_scaling,closer_pair_but_cat_encoding_also_differs,1,False,0.3809192708185898,0.3751445729997554,0.3928951293056008,3.048105612349284,4.517886576302828,-1.5393259650961684,-1.4697809639535446,-0.0057746978188343845,0,0,1
tabpfn,tabred_sberbank__gap_far,source::tabred_sberbank,target_m10,target encoding,target_enc_ratio,target_enc_standard_m10,loose_regularization_sensitivity,1,False,0.4051722204824687,0.4111275026970712,0.3928951293056008,-3.124775610877728,-4.640519067694773,1.448524405576074,1.515743456817044,0.005955282214602509,1,0,0
tabpfn,tabred_sberbank__gap_far,source::tabred_sberbank,target_m20,target encoding,target_enc_ratio,target_enc_standard_m20,loose_regularization_sensitivity,1,False,0.4051722204824687,0.4006066460652813,0.3928951293056008,-3.124775610877728,-1.9627417558751055,-1.1396651708178163,-1.1620338550026228,-0.004565574417187412,0,0,1
tabpfn,tabred_sberbank__gap_far,source::tabred_sberbank,target_m5,target encoding,target_enc_ratio,target_enc_standard_m5,loose_regularization_sensitivity,1,False,0.4051722204824687,0.4126477273207544,0.3928951293056008,-3.124775610877728,-5.027447922315599,1.8115953011113792,1.9026723114378703,0.007475506838285684,1,0,0
tabpfn,tabred_sberbank__gap_near,source::tabred_sberbank,frequency_combined,frequency encoding,joint_freq_combined,freq_enc_train_only,same_hyperparameters,1,False,0.2403450377601781,0.2437941419539563,0.2477424059564321,2.9859111796770472,1.5936972869998465,1.4147608987379217,1.3922138926772007,0.0034491041937781963,1,0,0
tabpfn,tabred_sberbank__gap_near,source::tabred_sberbank,pca_10,principal component analysis,joint_pca_10,pca_train_only_10,same_hyperparameters,1,False,0.2511921116580465,0.2453653439624915,0.2477424059564321,-1.3924566883479235,0.9594893473177295,-2.3747313298025245,-2.351946035665653,-0.005826767695555013,0,0,1
tabpfn,tabred_sberbank__gap_near,source::tabred_sberbank,pca_5,principal component analysis,joint_pca_5,pca_train_only_5,same_hyperparameters,1,False,0.2483569107461396,0.2435164445282574,0.2477424059564321,-0.24804182688674467,1.705788482944606,-1.9877368968897364,-1.9538303098313508,-0.0048404662178822,0,0,1
tabpfn,tabred_sberbank__gap_near,source::tabred_sberbank,pca_var90,principal component analysis,joint_pca_var90,pca_train_only_var90,same_hyperparameters,1,False,0.2429122540207834,0.2436142167283135,0.2477424059564321,1.9496670006902779,1.66632321672237,0.2881452145762668,0.28334378396790794,0.0007019627075300905,1,0,0
tabpfn,tabred_sberbank__gap_near,source::tabred_sberbank,pca_var95,principal component analysis,joint_pca_var95,pca_train_only_var95,same_hyperparameters,1,False,0.2478353995606033,0.2424457772580878,0.2477424059564321,-0.03753640956710195,2.137958044726408,-2.223021726123177,-2.1754944542935104,-0.0053896223025154955,0,0,1
tabpfn,tabred_sberbank__gap_near,source::tabred_sberbank,scaling_train_only,scaling,joint_scaling,train_only_scaling,closer_pair_but_cat_encoding_also_differs,1,False,0.2477718766265687,0.2459883085550724,0.2477424059564321,-0.01189569061574847,0.7080327627350889,-0.7250621307869943,-0.7199284533508373,-0.0017835680714962943,0,0,1
tabpfn,tabred_sberbank__gap_near,source::tabred_sberbank,target_m10,target encoding,target_enc_ratio,target_enc_standard_m10,loose_regularization_sensitivity,1,False,0.2564677801698364,0.2527582773405908,0.2477424059564321,-3.5219542571725664,-2.024631739889052,-1.4676088428340772,-1.4973225172835143,-0.0037095028292455923,0,0,1
tabpfn,tabred_sberbank__gap_near,source::tabred_sberbank,target_m20,target encoding,target_enc_ratio,target_enc_standard_m20,loose_regularization_sensitivity,1,False,0.2564677801698364,0.2588664676857147,0.2477424059564321,-3.5219542571725664,-4.490172639737288,0.9266119081867722,0.9682183825647223,0.002398687515878295,1,0,0
tabpfn,tabred_sberbank__gap_near,source::tabred_sberbank,target_m5,target encoding,target_enc_ratio,target_enc_standard_m5,loose_regularization_sensitivity,1,False,0.2564677801698364,0.2550954990983576,0.2477424059564321,-3.5219542571725664,-2.9680397724153114,-0.5379479749071093,-0.5539144847572551,-0.001372281071478798,0,0,1
tabpfn,tabred_weather__gap_far,source::tabred_weather,frequency_combined,frequency encoding,joint_freq_combined,freq_enc_train_only,same_hyperparameters,1,False,1.6156473980942971,1.6156473980942971,1.6156473980942971,0.0,0.0,0.0,0.0,0.0,0,1,0
tabpfn,tabred_weather__gap_far,source::tabred_weather,pca_10,principal component analysis,joint_pca_10,pca_train_only_10,same_hyperparameters,1,False,1.602518754513121,1.6038329615434783,1.6156473980942971,0.8125933663905734,0.7312509254651905,0.08194163992568079,0.0813424409253829,0.0013142070303573394,1,0,0
tabpfn,tabred_weather__gap_far,source::tabred_weather,pca_5,principal component analysis,joint_pca_5,pca_train_only_5,same_hyperparameters,1,False,1.6066796407268082,1.6066826085662314,1.6156473980942971,0.5550565908171933,0.5548728973066781,0.00018471846320384345,0.00018369351051520391,2.967839423106966e-06,1,0,0
tabpfn,tabred_weather__gap_far,source::tabred_weather,pca_var90,principal component analysis,joint_pca_var90,pca_train_only_var90,same_hyperparameters,1,False,1.6131069283136386,1.61511864760754,1.6156473980942971,0.15724159761932838,0.03272684914918455,0.12455551156452052,0.12451474847014381,0.002011719293901537,1,0,0
tabpfn,tabred_weather__gap_far,source::tabred_weather,pca_var95,principal component analysis,joint_pca_var95,pca_train_only_var95,same_hyperparameters,1,False,1.5988223569958409,1.619374220394063,1.6156473980942971,1.0413807566119877,-0.2306705227985913,1.2691237849408945,1.272051279410579,0.020551863398222237,1,0,0
tabpfn,tabred_weather__gap_far,source::tabred_weather,scaling_train_only,scaling,joint_scaling,train_only_scaling,closer_pair_but_cat_encoding_also_differs,1,False,1.6104471283565356,1.6126205162729372,1.6156473980942971,0.32186909989738,0.18734792163996924,0.13477367393444475,0.13452117825741072,0.002173387916401648,1,0,0
tabpfn,tabred_weather__gap_far,source::tabred_weather,target_m10,target encoding,target_enc_ratio,target_enc_standard_m10,loose_regularization_sensitivity,1,False,1.6156473980942971,1.6156473980942971,1.6156473980942971,0.0,0.0,0.0,0.0,0.0,0,1,0
tabpfn,tabred_weather__gap_far,source::tabred_weather,target_m20,target encoding,target_enc_ratio,target_enc_standard_m20,loose_regularization_sensitivity,1,False,1.6156473980942971,1.6156473980942971,1.6156473980942971,0.0,0.0,0.0,0.0,0.0,0,1,0
tabpfn,tabred_weather__gap_far,source::tabred_weather,target_m5,target encoding,target_enc_ratio,target_enc_standard_m5,loose_regularization_sensitivity,1,False,1.6156473980942971,1.6156473980942971,1.6156473980942971,0.0,0.0,0.0,0.0,0.0,0,1,0
tabpfn,tabred_weather__gap_maxdiff,source::tabred_weather,frequency_combined,frequency encoding,joint_freq_combined,freq_enc_train_only,same_hyperparameters,1,False,1.7468705124362365,1.7468705124362365,1.7468705124362365,0.0,0.0,0.0,0.0,0.0,0,1,0
tabpfn,tabred_weather__gap_maxdiff,source::tabred_weather,pca_10,principal component analysis,joint_pca_10,pca_train_only_10,same_hyperparameters,1,False,1.7629543800921257,1.7881224048839672,1.7468705124362365,-0.9207246639854362,-2.3614739703974776,1.4075112935836582,1.4407493064120414,0.025168024791841548,1,0,0
tabpfn,tabred_weather__gap_maxdiff,source::tabred_weather,pca_5,principal component analysis,joint_pca_5,pca_train_only_5,same_hyperparameters,1,False,1.7427548566659452,1.758563953420072,1.7468705124362365,0.23560165112361178,-0.669393690063931,0.8989776415797225,0.9049953411875428,0.015809096754126895,1,0,0
tabpfn,tabred_weather__gap_maxdiff,source::tabred_weather,pca_var90,principal component analysis,joint_pca_var90,pca_train_only_var90,same_hyperparameters,1,False,1.7605832113304258,1.7711656445625057,1.7468705124362365,-0.784986568641841,-1.3907803671370305,0.5974841068404879,0.6057937984951894,0.010582433232079858,1,0,0
tabpfn,tabred_weather__gap_maxdiff,source::tabred_weather,pca_var95,principal component analysis,joint_pca_var95,pca_train_only_var95,same_hyperparameters,1,False,1.7587742187958082,1.7638375340726236,1.7468705124362365,-0.68143037934566,-0.9712810145684112,0.2870624521253036,0.28985063522275123,0.005063315276815361,1,0,0
tabpfn,tabred_weather__gap_maxdiff,source::tabred_weather,scaling_train_only,scaling,joint_scaling,train_only_scaling,closer_pair_but_cat_encoding_also_differs,1,False,1.7492656529396682,1.7516826986540446,1.7468705124362365,-0.13711036315401365,-0.27547469509327777,0.13798422032903584,0.1383643319392641,0.002417045714376398,1,0,0
tabpfn,tabred_weather__gap_maxdiff,source::tabred_weather,target_m10,target encoding,target_enc_ratio,target_enc_standard_m10,loose_regularization_sensitivity,1,False,1.7468705124362365,1.7468705124362365,1.7468705124362365,0.0,0.0,0.0,0.0,0.0,0,1,0
tabpfn,tabred_weather__gap_maxdiff,source::tabred_weather,target_m20,target encoding,target_enc_ratio,target_enc_standard_m20,loose_regularization_sensitivity,1,False,1.7468705124362365,1.7468705124362365,1.7468705124362365,0.0,0.0,0.0,0.0,0.0,0,1,0
tabpfn,tabred_weather__gap_maxdiff,source::tabred_weather,target_m5,target encoding,target_enc_ratio,target_enc_standard_m5,loose_regularization_sensitivity,1,False,1.7468705124362365,1.7468705124362365,1.7468705124362365,0.0,0.0,0.0,0.0,0.0,0,1,0
tabpfn,tabred_weather__gap_near,source::tabred_weather,frequency_combined,frequency encoding,joint_freq_combined,freq_enc_train_only,same_hyperparameters,1,False,1.6838261915156958,1.6838261915156958,1.6838261915156958,0.0,0.0,0.0,0.0,0.0,0,1,0
tabpfn,tabred_weather__gap_near,source::tabred_weather,pca_10,principal component analysis,joint_pca_10,pca_train_only_10,same_hyperparameters,1,False,1.687915256411452,1.683213334795126,1.6838261915156958,-0.24284364481083054,0.03639667346059118,-0.27934198946316496,-0.2792403182714217,-0.004701921616325988,0,0,1
tabpfn,tabred_weather__gap_near,source::tabred_weather,pca_5,principal component analysis,joint_pca_5,pca_train_only_5,same_hyperparameters,1,False,1.6873900766245242,1.685454860045458,1.6838261915156958,-0.2116539775177392,-0.09672426631492961,-0.11481865370242325,-0.11492971120280959,-0.0019352165790662568,0,0,1
tabpfn,tabred_weather__gap_near,source::tabred_weather,pca_var90,principal component analysis,joint_pca_var90,pca_train_only_var90,same_hyperparameters,1,False,1.6791930424564736,1.6786840235853349,1.6838261915156958,0.27515601566047965,0.30538590955947825,-0.03032249452470403,-0.030229893898998637,-0.0005090188711387444,0,0,1
tabpfn,tabred_weather__gap_near,source::tabred_weather,pca_var95,principal component analysis,joint_pca_var95,pca_train_only_var95,same_hyperparameters,1,False,1.683915746923467,1.6847128279842407,1.6838261915156958,-0.005318566026728704,-0.052656056368075355,0.047312577403919656,0.047337490341346655,0.0007970810607738077,1,0,0
tabpfn,tabred_weather__gap_near,source::tabred_weather,scaling_train_only,scaling,joint_scaling,train_only_scaling,closer_pair_but_cat_encoding_also_differs,1,False,1.6860734773374602,1.685566041203133,1.6838261915156958,-0.13346305177385753,-0.10332715432292382,-0.030104791027050597,-0.030135897450933712,-0.0005074361343271327,0,0,1
tabpfn,tabred_weather__gap_near,source::tabred_weather,target_m10,target encoding,target_enc_ratio,target_enc_standard_m10,loose_regularization_sensitivity,1,False,1.6838261915156958,1.6838261915156958,1.6838261915156958,0.0,0.0,0.0,0.0,0.0,0,1,0
tabpfn,tabred_weather__gap_near,source::tabred_weather,target_m20,target encoding,target_enc_ratio,target_enc_standard_m20,loose_regularization_sensitivity,1,False,1.6838261915156958,1.6838261915156958,1.6838261915156958,0.0,0.0,0.0,0.0,0.0,0,1,0
tabpfn,tabred_weather__gap_near,source::tabred_weather,target_m5,target encoding,target_enc_ratio,target_enc_standard_m5,loose_regularization_sensitivity,1,False,1.6838261915156958,1.6838261915156958,1.6838261915156958,0.0,0.0,0.0,0.0,0.0,0,1,0
tabpfn,taiwanese_bankruptcy_prediction,source::taiwanese_bankruptcy_prediction,frequency_combined,frequency encoding,joint_freq_combined,freq_enc_train_only,same_hyperparameters,3,False,0.05860884184002716,0.05860884184002716,0.05860884184002716,0.0,0.0,0.0,0.0,0.0,0,3,0
tabpfn,taiwanese_bankruptcy_prediction,source::taiwanese_bankruptcy_prediction,groupby_combined,group-by aggregation,joint_groupby_combined,groupby_train_only,same_hyperparameters,3,False,0.0605069174235576,0.060262483290665365,0.05860884184002716,-3.2385481847794155,-2.8214880190804985,-0.4056157654726061,-0.4170601656989173,-0.00024443413289223365,1,0,2
tabpfn,taiwanese_bankruptcy_prediction,source::taiwanese_bankruptcy_prediction,pca_10,principal component analysis,joint_pca_10,pca_train_only_10,same_hyperparameters,3,False,0.059879562551309266,0.05898906179807517,0.05860884184002716,-2.1681382388523183,-0.6487416337040416,-1.5096031808106378,-1.5193966051482768,-0.0008905007532340956,0,0,3
tabpfn,taiwanese_bankruptcy_prediction,source::taiwanese_bankruptcy_prediction,pca_5,principal component analysis,joint_pca_5,pca_train_only_5,same_hyperparameters,3,False,0.0588288772590945,0.05901988942879247,0.05860884184002716,-0.3754304165708025,-0.7013405756886758,0.3236403381074299,0.32591015911787335,0.00019101216969797524,3,0,0
tabpfn,taiwanese_bankruptcy_prediction,source::taiwanese_bankruptcy_prediction,pca_var90,principal component analysis,joint_pca_var90,pca_train_only_var90,same_hyperparameters,3,False,0.05904192275078474,0.058685475599265735,0.05860884184002716,-0.7389344289376512,-0.13075460430995411,-0.6073856399375612,-0.608179824627697,-0.0003564471515190015,1,0,2
tabpfn,taiwanese_bankruptcy_prediction,source::taiwanese_bankruptcy_prediction,pca_var95,principal component analysis,joint_pca_var95,pca_train_only_var95,same_hyperparameters,3,False,0.060941588676081904,0.06057826296001181,0.05860884184002716,-3.9801960980938262,-3.3602798795447644,-0.5997625192883641,-0.6199162185490618,-0.0003633257160700967,1,0,2
tabpfn,taiwanese_bankruptcy_prediction,source::taiwanese_bankruptcy_prediction,scaling_train_only,scaling,joint_scaling,train_only_scaling,closer_pair_but_cat_encoding_also_differs,3,False,0.059526476105649706,0.0589810685466089,0.05860884184002716,-1.5656925419670091,-0.635103330650576,-0.9247163072500193,-0.9305892113164331,-0.0005454075590408045,1,0,2
tabpfn,taiwanese_bankruptcy_prediction,source::taiwanese_bankruptcy_prediction,target_m10,target encoding,target_enc_ratio,target_enc_standard_m10,loose_regularization_sensitivity,3,False,0.05860884184002716,0.05860884184002716,0.05860884184002716,0.0,0.0,0.0,0.0,0.0,0,3,0
tabpfn,taiwanese_bankruptcy_prediction,source::taiwanese_bankruptcy_prediction,target_m20,target encoding,target_enc_ratio,target_enc_standard_m20,loose_regularization_sensitivity,3,False,0.05860884184002716,0.05860884184002716,0.05860884184002716,0.0,0.0,0.0,0.0,0.0,0,3,0
tabpfn,taiwanese_bankruptcy_prediction,source::taiwanese_bankruptcy_prediction,target_m5,target encoding,target_enc_ratio,target_enc_standard_m5,loose_regularization_sensitivity,3,False,0.05860884184002716,0.05860884184002716,0.05860884184002716,0.0,0.0,0.0,0.0,0.0,0,3,0
tabpfn,tschalzev_mbgm,source::tschalzev_mbgm,frequency_combined,frequency encoding,joint_freq_combined,freq_enc_train_only,same_hyperparameters,1,False,7.954440982818755,7.950483051238677,7.946489378341723,-0.10006436928871341,-0.050257072108325494,-0.04978227806500361,-0.04980729718038791,-0.003957931580078622,0,0,1
tabpfn,tschalzev_mbgm,source::tschalzev_mbgm,pca_10,principal component analysis,joint_pca_10,pca_train_only_10,same_hyperparameters,1,False,7.946215751677961,7.939375124541573,7.946489378341723,0.003443365374746648,0.08952700320144265,-0.08616077498647653,-0.086083637826696,-0.006840627136388555,0,0,1
tabpfn,tschalzev_mbgm,source::tschalzev_mbgm,pca_5,principal component analysis,joint_pca_5,pca_train_only_5,same_hyperparameters,1,False,7.937907199747082,7.938448731188297,7.946489378341723,0.10799962330575563,0.1011848977655609,0.006821627997509965,0.006814725540194738,0.0005415314412147154,1,0,0
tabpfn,tschalzev_mbgm,source::tschalzev_mbgm,pca_var90,principal component analysis,joint_pca_var90,pca_train_only_var90,same_hyperparameters,1,False,7.958991182417001,7.951331135744098,7.946489378341723,-0.1573248698897358,-0.06092951455483777,-0.09633665787691525,-0.09639535533489801,-0.007660046672902432,0,0,1
tabpfn,tschalzev_mbgm,source::tschalzev_mbgm,scaling_train_only,scaling,joint_scaling,train_only_scaling,closer_pair_but_cat_encoding_also_differs,1,False,7.946489378341723,7.947208346224787,7.946489378341723,0.0,-0.009047616486141875,0.009046797966557584,0.009047616486141875,0.0007189678830643587,1,0,0
tabpfn,tschalzev_mbgm,source::tschalzev_mbgm,target_m10,target encoding,target_enc_ratio,target_enc_standard_m10,loose_regularization_sensitivity,1,False,7.901981670465076,7.900281220919534,7.946489378341723,0.5600927121094984,0.5814914639932713,-0.0215239115924002,-0.021398751883772934,-0.0017004495455417157,0,0,1
tabpfn,tschalzev_mbgm,source::tschalzev_mbgm,target_m20,target encoding,target_enc_ratio,target_enc_standard_m20,loose_regularization_sensitivity,1,False,7.901981670465076,7.898424084843453,7.946489378341723,0.5600927121094984,0.6048619863417053,-0.04504171444085629,-0.044769274232206974,-0.003557585621623005,0,0,1
tabpfn,tschalzev_mbgm,source::tschalzev_mbgm,target_m5,target encoding,target_enc_ratio,target_enc_standard_m5,loose_regularization_sensitivity,1,False,7.901981670465076,7.907496402859529,7.946489378341723,0.5600927121094984,0.49069436358236374,0.06974056153170141,0.06939834852713467,0.0055147323944533255,1,0,0
tabpfn,website_phishing,source::website_phishing,frequency_combined,frequency encoding,joint_freq_combined,freq_enc_train_only,same_hyperparameters,3,True,0.01919393869932093,0.0198094551320158,0.019962495978092933,,,,,0.0006155164326948695,3,0,0
tabpfn,website_phishing,source::website_phishing,groupby_combined,group-by aggregation,joint_groupby_combined,groupby_train_only,same_hyperparameters,3,True,0.019962495978092933,0.019962495978092933,0.019962495978092933,,,,,0.0,0,3,0
tabpfn,website_phishing,source::website_phishing,pca_10,principal component analysis,joint_pca_10,pca_train_only_10,same_hyperparameters,3,True,0.019962495978092933,0.019962495978092933,0.019962495978092933,,,,,0.0,0,3,0
tabpfn,website_phishing,source::website_phishing,pca_5,principal component analysis,joint_pca_5,pca_train_only_5,same_hyperparameters,3,True,0.019962495978092933,0.019962495978092933,0.019962495978092933,,,,,0.0,0,3,0
tabpfn,website_phishing,source::website_phishing,pca_var90,principal component analysis,joint_pca_var90,pca_train_only_var90,same_hyperparameters,3,True,0.019962495978092933,0.019962495978092933,0.019962495978092933,,,,,0.0,0,3,0
tabpfn,website_phishing,source::website_phishing,pca_var95,principal component analysis,joint_pca_var95,pca_train_only_var95,same_hyperparameters,3,True,0.019962495978092933,0.019962495978092933,0.019962495978092933,,,,,0.0,0,3,0
tabpfn,website_phishing,source::website_phishing,scaling_train_only,scaling,joint_scaling,train_only_scaling,closer_pair_but_cat_encoding_also_differs,3,True,0.019962495978092933,0.0199646036347801,0.019962495978092933,,,,,2.1076566871676417e-06,1,0,2
tabpfn,website_phishing,source::website_phishing,target_m10,target encoding,target_enc_ratio,target_enc_standard_m10,loose_regularization_sensitivity,3,True,0.0192821681060126,0.0192821681060126,0.019962495978092933,,,,,0.0,0,3,0
tabpfn,website_phishing,source::website_phishing,target_m20,target encoding,target_enc_ratio,target_enc_standard_m20,loose_regularization_sensitivity,3,True,0.0192821681060126,0.0192821681060126,0.019962495978092933,,,,,0.0,0,3,0
tabpfn,website_phishing,source::website_phishing,target_m5,target encoding,target_enc_ratio,target_enc_standard_m5,loose_regularization_sensitivity,3,True,0.0192821681060126,0.0192821681060126,0.019962495978092933,,,,,0.0,0,3,0
tabpfn,wine_quality,source::wine_quality,frequency_combined,frequency encoding,joint_freq_combined,freq_enc_train_only,same_hyperparameters,3,False,0.11001390227347256,0.11001390227347256,0.10840946031599134,-1.4799833453691202,-1.4799833453691202,0.0,0.0,0.0,0,3,0
tabpfn,wine_quality,source::wine_quality,groupby_combined,group-by aggregation,joint_groupby_combined,groupby_train_only,same_hyperparameters,3,False,0.11469322974352798,0.11561779186719094,0.10840946031599134,-5.7963294063274,-6.649172065047451,0.7996711481265741,0.8528426587200505,0.0009245621236629586,2,1,0
tabpfn,wine_quality,source::wine_quality,pca_10,principal component analysis,joint_pca_10,pca_train_only_10,same_hyperparameters,3,False,0.11260653538350462,0.11218572837976137,0.10840946031599134,-3.8715025932973637,-3.4833381263618355,-0.3750985172719757,-0.38816446693552836,-0.000420807003743251,1,0,2
tabpfn,wine_quality,source::wine_quality,pca_5,principal component analysis,joint_pca_5,pca_train_only_5,same_hyperparameters,3,False,0.11098363388422233,0.1118218225749445,0.10840946031599134,-2.374491636364392,-3.147660959667926,0.7495752362294026,0.7731693233035342,0.0008381886907221636,2,0,1
tabpfn,wine_quality,source::wine_quality,pca_var90,principal component analysis,joint_pca_var90,pca_train_only_var90,same_hyperparameters,3,False,0.11355146018913174,0.11311193362231993,0.10840946031599134,-4.743128374730882,-4.337696445145877,-0.38857665388286255,-0.4054319295850063,-0.00043952656681181534,2,0,1
tabpfn,wine_quality,source::wine_quality,pca_var95,principal component analysis,joint_pca_var95,pca_train_only_var95,same_hyperparameters,3,False,0.11139813198037084,0.11133733121320687,0.10840946031599134,-2.756836585726125,-2.7007522117363005,-0.05460950653428163,-0.05608437398982452,-6.080076716397098e-05,2,0,1
tabpfn,wine_quality,source::wine_quality,scaling_train_only,scaling,joint_scaling,train_only_scaling,closer_pair_but_cat_encoding_also_differs,3,False,0.10801597605844747,0.10896101257170604,0.10840946031599134,0.36296118106016645,-0.5087676427011393,0.8673161995779479,0.8717288237613058,0.0009450365132585709,3,0,0
tabpfn,wine_quality,source::wine_quality,target_m10,target encoding,target_enc_ratio,target_enc_standard_m10,loose_regularization_sensitivity,3,False,0.11001390227347256,0.11001390227347256,0.10840946031599134,-1.4799833453691202,-1.4799833453691202,0.0,0.0,0.0,0,3,0
tabpfn,wine_quality,source::wine_quality,target_m20,target encoding,target_enc_ratio,target_enc_standard_m20,loose_regularization_sensitivity,3,False,0.11001390227347256,0.11001390227347256,0.10840946031599134,-1.4799833453691202,-1.4799833453691202,0.0,0.0,0.0,0,3,0
tabpfn,wine_quality,source::wine_quality,target_m5,target encoding,target_enc_ratio,target_enc_standard_m5,loose_regularization_sensitivity,3,False,0.11001390227347256,0.11001390227347256,0.10840946031599134,-1.4799833453691202,-1.4799833453691202,0.0,0.0,0.0,0,3,0
