model,method_key,method_role,family,source_dataset,n_windows_execution,n_windows_relative,low_window,low_mean_ks,low_lift_pct,high_window,high_mean_ks,high_lift_pct,high_minus_low_lift_pct,direction,monotonicity,sibling_sign_consistency,window_sequence,mean_ks_sequence,lift_sequence_pct,absolute_effect_sequence,inference_status
bag8,adversarial_lgbm_both_ratio,test_time_variant,M6_adversarial,tabred_delivery_eta,3,3,tabred_delivery_eta__gap_near,0.1571228260314691,0.6774057488018562,tabred_delivery_eta__gap_maxdiff,0.2496496029927623,0.3205804376043019,-0.35682531119755434,higher_shift_more_harmful,nonmonotonic,mixed_or_tied,tabred_delivery_eta__gap_near;tabred_delivery_eta__gap_far;tabred_delivery_eta__gap_maxdiff,0.157123;0.237934;0.249650,0.677406;-0.329049;0.320580,0.00389054524;-0.00183482999;0.00177408263,descriptive_exact_variant_no_ci_across_variants
bag8,adversarial_lgbm_both_ratio,test_time_variant,M6_adversarial,tabred_homesite,2,2,tabred_homesite__gap_near,0.0437974647176086,0.2690821113507203,tabred_homesite__gap_far,0.0830990647492541,2.247505884990377,1.9784237736396566,higher_shift_more_helpful,not_assessed_two_windows,all_positive,tabred_homesite__gap_near;tabred_homesite__gap_far,0.043797;0.083099,0.269082;2.247506,0.00012368453;0.00233847845,descriptive_exact_variant_no_ci_across_variants
bag8,adversarial_lgbm_both_ratio,test_time_variant,M6_adversarial,tabred_sberbank,2,2,tabred_sberbank__gap_near,0.2265311490062835,2.294468267929372,tabred_sberbank__gap_far,0.235749592588427,-0.3764115294078005,-2.6708797973371725,higher_shift_more_harmful,not_assessed_two_windows,mixed_or_tied,tabred_sberbank__gap_near;tabred_sberbank__gap_far,0.226531;0.235750,2.294468;-0.376412,0.00568560678;-0.00135228397,descriptive_exact_variant_no_ci_across_variants
bag8,adversarial_lgbm_both_ratio,test_time_variant,M6_adversarial,tabred_weather,3,3,tabred_weather__gap_near,0.0948655339805825,-0.1560339887145518,tabred_weather__gap_maxdiff,0.2280292319342118,0.1634622660800002,0.319496254794552,higher_shift_more_helpful,strictly_increasing,mixed_or_tied,tabred_weather__gap_near;tabred_weather__gap_far;tabred_weather__gap_maxdiff,0.094866;0.101202;0.228029,-0.156034;-0.152982;0.163462,-0.00259484544;-0.00251241604;0.00293271931,descriptive_exact_variant_no_ci_across_variants
bag8,adversarial_lgbm_cal_iso_both_ratio,test_time_variant,M6_adversarial,tabred_delivery_eta,3,3,tabred_delivery_eta__gap_near,0.1571228260314691,0.4127653935758559,tabred_delivery_eta__gap_maxdiff,0.2496496029927623,-0.0407225889980789,-0.4534879825739348,higher_shift_more_harmful,nonmonotonic,mixed_or_tied,tabred_delivery_eta__gap_near;tabred_delivery_eta__gap_far;tabred_delivery_eta__gap_maxdiff,0.157123;0.237934;0.249650,0.412765;-1.391707;-0.040723,0.00237063597;-0.00776037041;-0.0002253576,descriptive_exact_variant_no_ci_across_variants
bag8,adversarial_lgbm_cal_iso_both_ratio,test_time_variant,M6_adversarial,tabred_homesite,2,2,tabred_homesite__gap_near,0.0437974647176086,-0.3145192222582668,tabred_homesite__gap_far,0.0830990647492541,0.0758596778438963,0.3903789001021631,higher_shift_more_helpful,not_assessed_two_windows,mixed_or_tied,tabred_homesite__gap_near;tabred_homesite__gap_far,0.043797;0.083099,-0.314519;0.075860,-0.000144569856;7.8930259e-05,descriptive_exact_variant_no_ci_across_variants
bag8,adversarial_lgbm_cal_iso_both_ratio,test_time_variant,M6_adversarial,tabred_sberbank,2,2,tabred_sberbank__gap_near,0.2265311490062835,-11.581842707101666,tabred_sberbank__gap_far,0.235749592588427,-21.813503533814675,-10.231660826713009,higher_shift_more_harmful,not_assessed_two_windows,all_negative,tabred_sberbank__gap_near;tabred_sberbank__gap_far,0.226531;0.235750,-11.581843;-21.813504,-0.0286993742;-0.078366492,descriptive_exact_variant_no_ci_across_variants
bag8,adversarial_lgbm_cal_iso_both_ratio,test_time_variant,M6_adversarial,tabred_weather,3,3,tabred_weather__gap_near,0.0948655339805825,0.0032070477814385,tabred_weather__gap_maxdiff,0.2280292319342118,-0.0230548970667896,-0.0262619448482281,higher_shift_more_harmful,nonmonotonic,mixed_or_tied,tabred_weather__gap_near;tabred_weather__gap_far;tabred_weather__gap_maxdiff,0.094866;0.101202;0.228029,0.003207;-0.153895;-0.023055,5.33332089e-05;-0.00252741851;-0.000413633945,descriptive_exact_variant_no_ci_across_variants
bag8,adversarial_lgbm_cal_iso_feature,test_time_variant,M6_adversarial,tabred_delivery_eta,3,3,tabred_delivery_eta__gap_near,0.1571228260314691,0.3744417836918371,tabred_delivery_eta__gap_maxdiff,0.2496496029927623,-0.0407225889980789,-0.415164372689916,higher_shift_more_harmful,strictly_decreasing,mixed_or_tied,tabred_delivery_eta__gap_near;tabred_delivery_eta__gap_far;tabred_delivery_eta__gap_maxdiff,0.157123;0.237934;0.249650,0.374442;0.000000;-0.040723,0.00215053194;0;-0.0002253576,descriptive_exact_variant_no_ci_across_variants
bag8,adversarial_lgbm_cal_iso_feature,test_time_variant,M6_adversarial,tabred_homesite,2,2,tabred_homesite__gap_near,0.0437974647176086,-0.3145192222582668,tabred_homesite__gap_far,0.0830990647492541,0.0758596778438963,0.3903789001021631,higher_shift_more_helpful,not_assessed_two_windows,mixed_or_tied,tabred_homesite__gap_near;tabred_homesite__gap_far,0.043797;0.083099,-0.314519;0.075860,-0.000144569856;7.8930259e-05,descriptive_exact_variant_no_ci_across_variants
bag8,adversarial_lgbm_cal_iso_feature,test_time_variant,M6_adversarial,tabred_sberbank,2,2,tabred_sberbank__gap_near,0.2265311490062835,-11.581842707101666,tabred_sberbank__gap_far,0.235749592588427,-21.813503533814675,-10.231660826713009,higher_shift_more_harmful,not_assessed_two_windows,all_negative,tabred_sberbank__gap_near;tabred_sberbank__gap_far,0.226531;0.235750,-11.581843;-21.813504,-0.0286993742;-0.078366492,descriptive_exact_variant_no_ci_across_variants
bag8,adversarial_lgbm_cal_iso_feature,test_time_variant,M6_adversarial,tabred_weather,3,3,tabred_weather__gap_near,0.0948655339805825,0.0032070477814385,tabred_weather__gap_maxdiff,0.2280292319342118,-0.0230548970667896,-0.0262619448482281,higher_shift_more_harmful,nonmonotonic,mixed_or_tied,tabred_weather__gap_near;tabred_weather__gap_far;tabred_weather__gap_maxdiff,0.094866;0.101202;0.228029,0.003207;-0.153895;-0.023055,5.33332089e-05;-0.00252741851;-0.000413633945,descriptive_exact_variant_no_ci_across_variants
bag8,adversarial_lgbm_cal_platt_feature,test_time_variant,M6_adversarial,tabred_delivery_eta,3,3,tabred_delivery_eta__gap_near,0.1571228260314691,0.2720426809092261,tabred_delivery_eta__gap_maxdiff,0.2496496029927623,-0.0233770168880383,-0.2954196977972644,higher_shift_more_harmful,strictly_decreasing,mixed_or_tied,tabred_delivery_eta__gap_near;tabred_delivery_eta__gap_far;tabred_delivery_eta__gap_maxdiff,0.157123;0.237934;0.249650,0.272043;0.079528;-0.023377,0.00156242305;0.000443457734;-0.000129367718,descriptive_exact_variant_no_ci_across_variants
bag8,adversarial_lgbm_cal_platt_feature,test_time_variant,M6_adversarial,tabred_homesite,2,2,tabred_homesite__gap_near,0.0437974647176086,0.2549198949637894,tabred_homesite__gap_far,0.0830990647492541,-2.9037833385036103,-3.1587032334673997,higher_shift_more_harmful,not_assessed_two_windows,mixed_or_tied,tabred_homesite__gap_near;tabred_homesite__gap_far,0.043797;0.083099,0.254920;-2.903783,0.000117174818;-0.00302132012,descriptive_exact_variant_no_ci_across_variants
bag8,adversarial_lgbm_cal_platt_feature,test_time_variant,M6_adversarial,tabred_sberbank,2,2,tabred_sberbank__gap_near,0.2265311490062835,0.2518529986801122,tabred_sberbank__gap_far,0.235749592588427,-0.5820431194992668,-0.8338961181793789,higher_shift_more_harmful,not_assessed_two_windows,mixed_or_tied,tabred_sberbank__gap_near;tabred_sberbank__gap_far,0.226531;0.235750,0.251853;-0.582043,0.000624082337;-0.00209102941,descriptive_exact_variant_no_ci_across_variants
bag8,adversarial_lgbm_cal_platt_feature,test_time_variant,M6_adversarial,tabred_weather,3,3,tabred_weather__gap_near,0.0948655339805825,-0.1456484685996545,tabred_weather__gap_maxdiff,0.2280292319342118,0.1941407817769389,0.33978925037659335,higher_shift_more_helpful,strictly_increasing,mixed_or_tied,tabred_weather__gap_near;tabred_weather__gap_far;tabred_weather__gap_maxdiff,0.094866;0.101202;0.228029,-0.145648;0.150131;0.194141,-0.00242213423;0.00246559554;0.0034831306,descriptive_exact_variant_no_ci_across_variants
bag8,adversarial_lgbm_feature,test_time_variant,M6_adversarial,tabred_delivery_eta,3,3,tabred_delivery_eta__gap_near,0.1571228260314691,0.5723864984464075,tabred_delivery_eta__gap_maxdiff,0.2496496029927623,0.3205804376043019,-0.25180606084210566,higher_shift_more_harmful,nonmonotonic,all_positive,tabred_delivery_eta__gap_near;tabred_delivery_eta__gap_far;tabred_delivery_eta__gap_maxdiff,0.157123;0.237934;0.249650,0.572386;0.086775;0.320580,0.00328738805;0.000483869815;0.00177408263,descriptive_exact_variant_no_ci_across_variants
bag8,adversarial_lgbm_feature,test_time_variant,M6_adversarial,tabred_homesite,2,2,tabred_homesite__gap_near,0.0437974647176086,0.2690821113507203,tabred_homesite__gap_far,0.0830990647492541,2.247505884990377,1.9784237736396566,higher_shift_more_helpful,not_assessed_two_windows,all_positive,tabred_homesite__gap_near;tabred_homesite__gap_far,0.043797;0.083099,0.269082;2.247506,0.00012368453;0.00233847845,descriptive_exact_variant_no_ci_across_variants
bag8,adversarial_lgbm_feature,test_time_variant,M6_adversarial,tabred_sberbank,2,2,tabred_sberbank__gap_near,0.2265311490062835,2.294468267929372,tabred_sberbank__gap_far,0.235749592588427,-0.3764115294078005,-2.6708797973371725,higher_shift_more_harmful,not_assessed_two_windows,mixed_or_tied,tabred_sberbank__gap_near;tabred_sberbank__gap_far,0.226531;0.235750,2.294468;-0.376412,0.00568560678;-0.00135228397,descriptive_exact_variant_no_ci_across_variants
bag8,adversarial_lgbm_feature,test_time_variant,M6_adversarial,tabred_weather,3,3,tabred_weather__gap_near,0.0948655339805825,-0.1560339887145518,tabred_weather__gap_maxdiff,0.2280292319342118,0.1634622660800002,0.319496254794552,higher_shift_more_helpful,strictly_increasing,mixed_or_tied,tabred_weather__gap_near;tabred_weather__gap_far;tabred_weather__gap_maxdiff,0.094866;0.101202;0.228029,-0.156034;-0.152982;0.163462,-0.00259484544;-0.00251241604;0.00293271931,descriptive_exact_variant_no_ci_across_variants
bag8,adversarial_logreg_feature,test_time_variant,M6_adversarial,tabred_delivery_eta,3,3,tabred_delivery_eta__gap_near,0.1571228260314691,0.5543686356421599,tabred_delivery_eta__gap_maxdiff,0.2496496029927623,0.0361101076077537,-0.5182585280344062,higher_shift_more_harmful,nonmonotonic,mixed_or_tied,tabred_delivery_eta__gap_near;tabred_delivery_eta__gap_far;tabred_delivery_eta__gap_maxdiff,0.157123;0.237934;0.249650,0.554369;-0.019493;0.036110,0.00318390604;-0.000108698637;0.000199832265,descriptive_exact_variant_no_ci_across_variants
bag8,adversarial_logreg_feature,test_time_variant,M6_adversarial,tabred_homesite,2,2,tabred_homesite__gap_near,0.0437974647176086,1.066296875461454,tabred_homesite__gap_far,0.0830990647492541,0.2698101943937201,-0.7964866810677338,higher_shift_more_harmful,not_assessed_two_windows,all_positive,tabred_homesite__gap_near;tabred_homesite__gap_far,0.043797;0.083099,1.066297;0.269810,0.000490127072;0.000280731334,descriptive_exact_variant_no_ci_across_variants
bag8,adversarial_logreg_feature,test_time_variant,M6_adversarial,tabred_sberbank,2,2,tabred_sberbank__gap_near,0.2265311490062835,-1.0822695873626518,tabred_sberbank__gap_far,0.235749592588427,3.729919150243172,4.812188737605823,higher_shift_more_helpful,not_assessed_two_windows,mixed_or_tied,tabred_sberbank__gap_near;tabred_sberbank__gap_far,0.226531;0.235750,-1.082270;3.729919,-0.00268182367;0.0133999877,descriptive_exact_variant_no_ci_across_variants
bag8,adversarial_logreg_feature,test_time_variant,M6_adversarial,tabred_weather,3,3,tabred_weather__gap_near,0.0948655339805825,-0.1297948084638348,tabred_weather__gap_maxdiff,0.2280292319342118,0.2366291611331176,0.3664239695969524,higher_shift_more_helpful,strictly_increasing,mixed_or_tied,tabred_weather__gap_near;tabred_weather__gap_far;tabred_weather__gap_maxdiff,0.094866;0.101202;0.228029,-0.129795;0.171593;0.236629,-0.00215848784;0.00281806385;0.00424542574,descriptive_exact_variant_no_ci_across_variants
bag8,adversarial_reweight_lgbm_cal_iso_ratio_hard,test_time_variant,M6_adversarial,tabred_delivery_eta,3,3,tabred_delivery_eta__gap_near,0.1571228260314691,0.1560201945333108,tabred_delivery_eta__gap_maxdiff,0.2496496029927623,0.0,-0.1560201945333108,higher_shift_more_harmful,nonmonotonic,mixed_or_tied,tabred_delivery_eta__gap_near;tabred_delivery_eta__gap_far;tabred_delivery_eta__gap_maxdiff,0.157123;0.237934;0.249650,0.156020;-0.666031;0.000000,0.000896070967;-0.0037138896;0,descriptive_exact_variant_no_ci_across_variants
bag8,adversarial_reweight_lgbm_cal_iso_ratio_hard,test_time_variant,M6_adversarial,tabred_homesite,2,2,tabred_homesite__gap_near,0.0437974647176086,0.0,tabred_homesite__gap_far,0.0830990647492541,0.0,0.0,no_change,not_assessed_two_windows,mixed_or_tied,tabred_homesite__gap_near;tabred_homesite__gap_far,0.043797;0.083099,0.000000;0.000000,0;0,descriptive_exact_variant_no_ci_across_variants
bag8,adversarial_reweight_lgbm_cal_iso_ratio_hard,test_time_variant,M6_adversarial,tabred_sberbank,2,2,tabred_sberbank__gap_near,0.2265311490062835,0.0,tabred_sberbank__gap_far,0.235749592588427,0.0,0.0,no_change,not_assessed_two_windows,mixed_or_tied,tabred_sberbank__gap_near;tabred_sberbank__gap_far,0.226531;0.235750,0.000000;0.000000,0;0,descriptive_exact_variant_no_ci_across_variants
bag8,adversarial_reweight_lgbm_cal_iso_ratio_hard,test_time_variant,M6_adversarial,tabred_weather,3,3,tabred_weather__gap_near,0.0948655339805825,0.0,tabred_weather__gap_maxdiff,0.2280292319342118,0.0,0.0,no_change,nondecreasing_with_tie,mixed_or_tied,tabred_weather__gap_near;tabred_weather__gap_far;tabred_weather__gap_maxdiff,0.094866;0.101202;0.228029,0.000000;0.000000;0.000000,0;0;0,descriptive_exact_variant_no_ci_across_variants
bag8,adversarial_reweight_lgbm_cal_iso_ratio_hard_tempered,test_time_variant,M6_adversarial,tabred_delivery_eta,3,3,tabred_delivery_eta__gap_near,0.1571228260314691,0.3649652001985516,tabred_delivery_eta__gap_maxdiff,0.2496496029927623,0.0,-0.3649652001985516,higher_shift_more_harmful,nonmonotonic,mixed_or_tied,tabred_delivery_eta__gap_near;tabred_delivery_eta__gap_far;tabred_delivery_eta__gap_maxdiff,0.157123;0.237934;0.249650,0.364965;-0.666031;0.000000,0.00209610506;-0.0037138896;0,descriptive_exact_variant_no_ci_across_variants
bag8,adversarial_reweight_lgbm_cal_iso_ratio_hard_tempered,test_time_variant,M6_adversarial,tabred_homesite,2,2,tabred_homesite__gap_near,0.0437974647176086,0.0,tabred_homesite__gap_far,0.0830990647492541,0.0,0.0,no_change,not_assessed_two_windows,mixed_or_tied,tabred_homesite__gap_near;tabred_homesite__gap_far,0.043797;0.083099,0.000000;0.000000,0;0,descriptive_exact_variant_no_ci_across_variants
bag8,adversarial_reweight_lgbm_cal_iso_ratio_hard_tempered,test_time_variant,M6_adversarial,tabred_sberbank,2,2,tabred_sberbank__gap_near,0.2265311490062835,0.0,tabred_sberbank__gap_far,0.235749592588427,0.0,0.0,no_change,not_assessed_two_windows,mixed_or_tied,tabred_sberbank__gap_near;tabred_sberbank__gap_far,0.226531;0.235750,0.000000;0.000000,0;0,descriptive_exact_variant_no_ci_across_variants
bag8,adversarial_reweight_lgbm_cal_iso_ratio_hard_tempered,test_time_variant,M6_adversarial,tabred_weather,3,3,tabred_weather__gap_near,0.0948655339805825,0.0,tabred_weather__gap_maxdiff,0.2280292319342118,0.0,0.0,no_change,nondecreasing_with_tie,mixed_or_tied,tabred_weather__gap_near;tabred_weather__gap_far;tabred_weather__gap_maxdiff,0.094866;0.101202;0.228029,0.000000;0.000000;0.000000,0;0;0,descriptive_exact_variant_no_ci_across_variants
bag8,adversarial_reweight_lgbm_cal_iso_ratio_winsorize,test_time_variant,M6_adversarial,tabred_delivery_eta,3,3,tabred_delivery_eta__gap_near,0.1571228260314691,0.2317626834213292,tabred_delivery_eta__gap_maxdiff,0.2496496029927623,-2.072659878077526,-2.304422561498855,higher_shift_more_harmful,nonmonotonic,mixed_or_tied,tabred_delivery_eta__gap_near;tabred_delivery_eta__gap_far;tabred_delivery_eta__gap_maxdiff,0.157123;0.237934;0.249650,0.231763;-246.860665;-2.072660,0.00133108289;-1.37653268;-0.0114700383,descriptive_exact_variant_no_ci_across_variants
bag8,adversarial_reweight_lgbm_cal_iso_ratio_winsorize,test_time_variant,M6_adversarial,tabred_homesite,2,2,tabred_homesite__gap_near,0.0437974647176086,-72.65954621898238,tabred_homesite__gap_far,0.0830990647492541,-17.435212967573417,55.224333251408964,higher_shift_more_helpful,not_assessed_two_windows,all_negative,tabred_homesite__gap_near;tabred_homesite__gap_far,0.043797;0.083099,-72.659546;-17.435213,-0.0333982135;-0.0181409401,descriptive_exact_variant_no_ci_across_variants
bag8,adversarial_reweight_lgbm_cal_iso_ratio_winsorize,test_time_variant,M6_adversarial,tabred_sberbank,2,2,tabred_sberbank__gap_near,0.2265311490062835,-1.2563875410870975,tabred_sberbank__gap_far,0.235749592588427,-1.503708842935069,-0.2473213018479714,higher_shift_more_harmful,not_assessed_two_windows,all_negative,tabred_sberbank__gap_near;tabred_sberbank__gap_far,0.226531;0.235750,-1.256388;-1.503709,-0.00311328146;-0.00540217608,descriptive_exact_variant_no_ci_across_variants
bag8,adversarial_reweight_lgbm_cal_iso_ratio_winsorize,test_time_variant,M6_adversarial,tabred_weather,3,3,tabred_weather__gap_near,0.0948655339805825,-1560.5847482904403,tabred_weather__gap_maxdiff,0.2280292319342118,-1439.2187499827314,121.36599830770888,higher_shift_more_helpful,nonmonotonic,all_negative,tabred_weather__gap_near;tabred_weather__gap_far;tabred_weather__gap_maxdiff,0.094866;0.101202;0.228029,-1560.584748;-1581.517956;-1439.218750,-25.9525265;-25.9732291;-25.8214004,descriptive_exact_variant_no_ci_across_variants
bag8,adversarial_reweight_lgbm_ratio_hard,test_time_variant,M6_adversarial,tabred_delivery_eta,3,3,tabred_delivery_eta__gap_near,0.1571228260314691,0.2896334853573788,tabred_delivery_eta__gap_maxdiff,0.2496496029927623,0.0,-0.2896334853573788,higher_shift_more_harmful,nonmonotonic,mixed_or_tied,tabred_delivery_eta__gap_near;tabred_delivery_eta__gap_far;tabred_delivery_eta__gap_maxdiff,0.157123;0.237934;0.249650,0.289633;-0.091373;0.000000,0.00166345234;-0.000509508764;0,descriptive_exact_variant_no_ci_across_variants
bag8,adversarial_reweight_lgbm_ratio_hard,test_time_variant,M6_adversarial,tabred_homesite,2,2,tabred_homesite__gap_near,0.0437974647176086,0.0,tabred_homesite__gap_far,0.0830990647492541,0.0,0.0,no_change,not_assessed_two_windows,mixed_or_tied,tabred_homesite__gap_near;tabred_homesite__gap_far,0.043797;0.083099,0.000000;0.000000,0;0,descriptive_exact_variant_no_ci_across_variants
bag8,adversarial_reweight_lgbm_ratio_hard,test_time_variant,M6_adversarial,tabred_sberbank,2,2,tabred_sberbank__gap_near,0.2265311490062835,0.0,tabred_sberbank__gap_far,0.235749592588427,0.0,0.0,no_change,not_assessed_two_windows,mixed_or_tied,tabred_sberbank__gap_near;tabred_sberbank__gap_far,0.226531;0.235750,0.000000;0.000000,0;0,descriptive_exact_variant_no_ci_across_variants
bag8,adversarial_reweight_lgbm_ratio_hard,test_time_variant,M6_adversarial,tabred_weather,3,3,tabred_weather__gap_near,0.0948655339805825,0.0,tabred_weather__gap_maxdiff,0.2280292319342118,0.0,0.0,no_change,nondecreasing_with_tie,mixed_or_tied,tabred_weather__gap_near;tabred_weather__gap_far;tabred_weather__gap_maxdiff,0.094866;0.101202;0.228029,0.000000;0.000000;0.000000,0;0;0,descriptive_exact_variant_no_ci_across_variants
bag8,adversarial_reweight_lgbm_ratio_hard_tempered,test_time_variant,M6_adversarial,tabred_delivery_eta,3,3,tabred_delivery_eta__gap_near,0.1571228260314691,0.2896334853573788,tabred_delivery_eta__gap_maxdiff,0.2496496029927623,0.0,-0.2896334853573788,higher_shift_more_harmful,nonmonotonic,mixed_or_tied,tabred_delivery_eta__gap_near;tabred_delivery_eta__gap_far;tabred_delivery_eta__gap_maxdiff,0.157123;0.237934;0.249650,0.289633;-0.091373;0.000000,0.00166345234;-0.000509508764;0,descriptive_exact_variant_no_ci_across_variants
bag8,adversarial_reweight_lgbm_ratio_hard_tempered,test_time_variant,M6_adversarial,tabred_homesite,2,2,tabred_homesite__gap_near,0.0437974647176086,0.0,tabred_homesite__gap_far,0.0830990647492541,0.0,0.0,no_change,not_assessed_two_windows,mixed_or_tied,tabred_homesite__gap_near;tabred_homesite__gap_far,0.043797;0.083099,0.000000;0.000000,0;0,descriptive_exact_variant_no_ci_across_variants
bag8,adversarial_reweight_lgbm_ratio_hard_tempered,test_time_variant,M6_adversarial,tabred_sberbank,2,2,tabred_sberbank__gap_near,0.2265311490062835,0.0,tabred_sberbank__gap_far,0.235749592588427,0.0,0.0,no_change,not_assessed_two_windows,mixed_or_tied,tabred_sberbank__gap_near;tabred_sberbank__gap_far,0.226531;0.235750,0.000000;0.000000,0;0,descriptive_exact_variant_no_ci_across_variants
bag8,adversarial_reweight_lgbm_ratio_hard_tempered,test_time_variant,M6_adversarial,tabred_weather,3,3,tabred_weather__gap_near,0.0948655339805825,0.0,tabred_weather__gap_maxdiff,0.2280292319342118,0.0,0.0,no_change,nondecreasing_with_tie,mixed_or_tied,tabred_weather__gap_near;tabred_weather__gap_far;tabred_weather__gap_maxdiff,0.094866;0.101202;0.228029,0.000000;0.000000;0.000000,0;0;0,descriptive_exact_variant_no_ci_across_variants
bag8,adversarial_reweight_lgbm_ratio_normalize,test_time_variant,M6_adversarial,tabred_delivery_eta,3,3,tabred_delivery_eta__gap_near,0.1571228260314691,0.2290051808780524,tabred_delivery_eta__gap_maxdiff,0.2496496029927623,0.0,-0.2290051808780524,higher_shift_more_harmful,nonmonotonic,mixed_or_tied,tabred_delivery_eta__gap_near;tabred_delivery_eta__gap_far;tabred_delivery_eta__gap_maxdiff,0.157123;0.237934;0.249650,0.229005;-1.122273;0.000000,0.00131524573;-0.00625796758;0,descriptive_exact_variant_no_ci_across_variants
bag8,adversarial_reweight_lgbm_ratio_normalize,test_time_variant,M6_adversarial,tabred_homesite,2,2,tabred_homesite__gap_near,0.0437974647176086,-0.9258548962913784,tabred_homesite__gap_far,0.0830990647492541,0.0117308780171182,0.9375857743084967,higher_shift_more_helpful,not_assessed_two_windows,mixed_or_tied,tabred_homesite__gap_near;tabred_homesite__gap_far,0.043797;0.083099,-0.925855;0.011731,-0.000425572427;1.22057102e-05,descriptive_exact_variant_no_ci_across_variants
bag8,adversarial_reweight_lgbm_ratio_normalize,test_time_variant,M6_adversarial,tabred_sberbank,2,2,tabred_sberbank__gap_near,0.2265311490062835,-0.2282724571875787,tabred_sberbank__gap_far,0.235749592588427,-1.761806918189154,-1.5335344610015753,higher_shift_more_harmful,not_assessed_two_windows,all_negative,tabred_sberbank__gap_near;tabred_sberbank__gap_far,0.226531;0.235750,-0.228272;-1.761807,-0.000565650634;-0.00632941093,descriptive_exact_variant_no_ci_across_variants
bag8,adversarial_reweight_lgbm_ratio_normalize,test_time_variant,M6_adversarial,tabred_weather,3,3,tabred_weather__gap_near,0.0948655339805825,-0.185992310652309,tabred_weather__gap_maxdiff,0.2280292319342118,0.5874488472652221,0.7734411579175311,higher_shift_more_helpful,nonmonotonic,mixed_or_tied,tabred_weather__gap_near;tabred_weather__gap_far;tabred_weather__gap_maxdiff,0.094866;0.101202;0.228029,-0.185992;-0.213917;0.587449,-0.00309305238;-0.00351315053;0.0105395736,descriptive_exact_variant_no_ci_across_variants
bag8,adversarial_reweight_lgbm_ratio_winsorize,test_time_variant,M6_adversarial,tabred_delivery_eta,3,3,tabred_delivery_eta__gap_near,0.1571228260314691,-0.0980446531370931,tabred_delivery_eta__gap_maxdiff,0.2496496029927623,0.0,0.0980446531370931,higher_shift_more_helpful,nonmonotonic,mixed_or_tied,tabred_delivery_eta__gap_near;tabred_delivery_eta__gap_far;tabred_delivery_eta__gap_maxdiff,0.157123;0.237934;0.249650,-0.098045;0.000312;0.000000,-0.000563099972;1.73699878e-06;0,descriptive_exact_variant_no_ci_across_variants
bag8,adversarial_reweight_lgbm_ratio_winsorize,test_time_variant,M6_adversarial,tabred_homesite,2,2,tabred_homesite__gap_near,0.0437974647176086,-1.3937981294071773,tabred_homesite__gap_far,0.0830990647492541,0.9439446511106482,2.3377427805178255,higher_shift_more_helpful,not_assessed_two_windows,mixed_or_tied,tabred_homesite__gap_near;tabred_homesite__gap_far,0.043797;0.083099,-1.393798;0.943945,-0.000640664164;0.000982152811,descriptive_exact_variant_no_ci_across_variants
bag8,adversarial_reweight_lgbm_ratio_winsorize,test_time_variant,M6_adversarial,tabred_sberbank,2,2,tabred_sberbank__gap_near,0.2265311490062835,-0.2282724571875787,tabred_sberbank__gap_far,0.235749592588427,-1.761806918189154,-1.5335344610015753,higher_shift_more_harmful,not_assessed_two_windows,all_negative,tabred_sberbank__gap_near;tabred_sberbank__gap_far,0.226531;0.235750,-0.228272;-1.761807,-0.000565650634;-0.00632941093,descriptive_exact_variant_no_ci_across_variants
bag8,adversarial_reweight_lgbm_ratio_winsorize,test_time_variant,M6_adversarial,tabred_weather,3,3,tabred_weather__gap_near,0.0948655339805825,0.085802410387243,tabred_weather__gap_maxdiff,0.2280292319342118,-0.0187598163425263,-0.1045622267297693,higher_shift_more_harmful,nonmonotonic,mixed_or_tied,tabred_weather__gap_near;tabred_weather__gap_far;tabred_weather__gap_maxdiff,0.094866;0.101202;0.228029,0.085802;-0.148180;-0.018760,0.0014268942;-0.00243356023;-0.000336574777,descriptive_exact_variant_no_ci_across_variants
bag8,adversarial_reweight_lgbm_ratio_winsorize_tempered,test_time_variant,M6_adversarial,tabred_delivery_eta,3,3,tabred_delivery_eta__gap_near,0.1571228260314691,-0.0980446531370931,tabred_delivery_eta__gap_maxdiff,0.2496496029927623,0.0,0.0980446531370931,higher_shift_more_helpful,nonmonotonic,mixed_or_tied,tabred_delivery_eta__gap_near;tabred_delivery_eta__gap_far;tabred_delivery_eta__gap_maxdiff,0.157123;0.237934;0.249650,-0.098045;0.000312;0.000000,-0.000563099972;1.73699878e-06;0,descriptive_exact_variant_no_ci_across_variants
bag8,adversarial_reweight_lgbm_ratio_winsorize_tempered,test_time_variant,M6_adversarial,tabred_homesite,2,2,tabred_homesite__gap_near,0.0437974647176086,-1.3937981294071773,tabred_homesite__gap_far,0.0830990647492541,0.9439446511106482,2.3377427805178255,higher_shift_more_helpful,not_assessed_two_windows,mixed_or_tied,tabred_homesite__gap_near;tabred_homesite__gap_far,0.043797;0.083099,-1.393798;0.943945,-0.000640664164;0.000982152811,descriptive_exact_variant_no_ci_across_variants
bag8,adversarial_reweight_lgbm_ratio_winsorize_tempered,test_time_variant,M6_adversarial,tabred_sberbank,2,2,tabred_sberbank__gap_near,0.2265311490062835,-0.2282724571875787,tabred_sberbank__gap_far,0.235749592588427,-1.761806918189154,-1.5335344610015753,higher_shift_more_harmful,not_assessed_two_windows,all_negative,tabred_sberbank__gap_near;tabred_sberbank__gap_far,0.226531;0.235750,-0.228272;-1.761807,-0.000565650634;-0.00632941093,descriptive_exact_variant_no_ci_across_variants
bag8,adversarial_reweight_lgbm_ratio_winsorize_tempered,test_time_variant,M6_adversarial,tabred_weather,3,3,tabred_weather__gap_near,0.0948655339805825,0.085802410387243,tabred_weather__gap_maxdiff,0.2280292319342118,-0.0187598163425263,-0.1045622267297693,higher_shift_more_harmful,nonmonotonic,mixed_or_tied,tabred_weather__gap_near;tabred_weather__gap_far;tabred_weather__gap_maxdiff,0.094866;0.101202;0.228029,0.085802;-0.148180;-0.018760,0.0014268942;-0.00243356023;-0.000336574777,descriptive_exact_variant_no_ci_across_variants
bag8,adversarial_reweight_lgbm_raw_hard,test_time_variant,M6_adversarial,tabred_delivery_eta,3,3,tabred_delivery_eta__gap_near,0.1571228260314691,0.2859411070995852,tabred_delivery_eta__gap_maxdiff,0.2496496029927623,0.0,-0.2859411070995852,higher_shift_more_harmful,strictly_decreasing,mixed_or_tied,tabred_delivery_eta__gap_near;tabred_delivery_eta__gap_far;tabred_delivery_eta__gap_maxdiff,0.157123;0.237934;0.249650,0.285941;0.036970;0.000000,0.0016422459;0.000206152734;0,descriptive_exact_variant_no_ci_across_variants
bag8,adversarial_reweight_lgbm_raw_hard,test_time_variant,M6_adversarial,tabred_homesite,2,2,tabred_homesite__gap_near,0.0437974647176086,0.0,tabred_homesite__gap_far,0.0830990647492541,0.0,0.0,no_change,not_assessed_two_windows,mixed_or_tied,tabred_homesite__gap_near;tabred_homesite__gap_far,0.043797;0.083099,0.000000;0.000000,0;0,descriptive_exact_variant_no_ci_across_variants
bag8,adversarial_reweight_lgbm_raw_hard,test_time_variant,M6_adversarial,tabred_sberbank,2,2,tabred_sberbank__gap_near,0.2265311490062835,0.0,tabred_sberbank__gap_far,0.235749592588427,0.0,0.0,no_change,not_assessed_two_windows,mixed_or_tied,tabred_sberbank__gap_near;tabred_sberbank__gap_far,0.226531;0.235750,0.000000;0.000000,0;0,descriptive_exact_variant_no_ci_across_variants
bag8,adversarial_reweight_lgbm_raw_hard,test_time_variant,M6_adversarial,tabred_weather,3,3,tabred_weather__gap_near,0.0948655339805825,0.0,tabred_weather__gap_maxdiff,0.2280292319342118,0.0,0.0,no_change,nondecreasing_with_tie,mixed_or_tied,tabred_weather__gap_near;tabred_weather__gap_far;tabred_weather__gap_maxdiff,0.094866;0.101202;0.228029,0.000000;0.000000;0.000000,0;0;0,descriptive_exact_variant_no_ci_across_variants
bag8,adversarial_rf_feature,test_time_variant,M6_adversarial,tabred_delivery_eta,3,3,tabred_delivery_eta__gap_near,0.1571228260314691,0.5609330109287637,tabred_delivery_eta__gap_maxdiff,0.2496496029927623,-0.0066268810598528,-0.5675598919886164,higher_shift_more_harmful,nonmonotonic,mixed_or_tied,tabred_delivery_eta__gap_near;tabred_delivery_eta__gap_far;tabred_delivery_eta__gap_maxdiff,0.157123;0.237934;0.249650,0.560933;-0.113381;-0.006627,0.00322160722;-0.000632228834;-3.66729632e-05,descriptive_exact_variant_no_ci_across_variants
bag8,adversarial_rf_feature,test_time_variant,M6_adversarial,tabred_homesite,2,2,tabred_homesite__gap_near,0.0437974647176086,0.3570058714190594,tabred_homesite__gap_far,0.0830990647492541,-3.302372504907454,-3.6593783763265133,higher_shift_more_harmful,not_assessed_two_windows,mixed_or_tied,tabred_homesite__gap_near;tabred_homesite__gap_far,0.043797;0.083099,0.357006;-3.302373,0.000164098992;-0.00343604303,descriptive_exact_variant_no_ci_across_variants
bag8,adversarial_rf_feature,test_time_variant,M6_adversarial,tabred_sberbank,2,2,tabred_sberbank__gap_near,0.2265311490062835,0.0,tabred_sberbank__gap_far,0.235749592588427,0.0,0.0,no_change,not_assessed_two_windows,mixed_or_tied,tabred_sberbank__gap_near;tabred_sberbank__gap_far,0.226531;0.235750,0.000000;0.000000,0;0,descriptive_exact_variant_no_ci_across_variants
bag8,adversarial_rf_feature,test_time_variant,M6_adversarial,tabred_weather,3,3,tabred_weather__gap_near,0.0948655339805825,-0.5749170194871313,tabred_weather__gap_maxdiff,0.2280292319342118,-0.113131342130831,0.4617856773563003,higher_shift_more_helpful,nonmonotonic,all_negative,tabred_weather__gap_near;tabred_weather__gap_far;tabred_weather__gap_maxdiff,0.094866;0.101202;0.228029,-0.574917;-2.660197;-0.113131,-0.00956087081;-0.0436883488;-0.00202971903,descriptive_exact_variant_no_ci_across_variants
bag8,cluster_membership_k10_both,test_time_variant,M20_cluster_membership,tabred_delivery_eta,3,3,tabred_delivery_eta__gap_near,0.1571228260314691,0.1652506958637919,tabred_delivery_eta__gap_maxdiff,0.2496496029927623,-0.3835535532265455,-0.5488042490903374,higher_shift_more_harmful,nonmonotonic,mixed_or_tied,tabred_delivery_eta__gap_near;tabred_delivery_eta__gap_far;tabred_delivery_eta__gap_maxdiff,0.157123;0.237934;0.249650,0.165251;-3.407415;-0.383554,0.000949084517;-0.0190002655;-0.00212257399,descriptive_exact_variant_no_ci_across_variants
bag8,cluster_membership_k10_both,test_time_variant,M20_cluster_membership,tabred_homesite,2,2,tabred_homesite__gap_near,0.0437974647176086,0.497447850588652,tabred_homesite__gap_far,0.0830990647492541,1.546651095012158,1.049203244423506,higher_shift_more_helpful,not_assessed_two_windows,all_positive,tabred_homesite__gap_near;tabred_homesite__gap_far,0.043797;0.083099,0.497448;1.546651,0.000228653637;0.00160925507,descriptive_exact_variant_no_ci_across_variants
bag8,cluster_membership_k10_both,test_time_variant,M20_cluster_membership,tabred_sberbank,2,2,tabred_sberbank__gap_near,0.2265311490062835,-1.3336865783637155,tabred_sberbank__gap_far,0.235749592588427,-3.326619167763051,-1.9929325893993355,higher_shift_more_harmful,not_assessed_two_windows,all_negative,tabred_sberbank__gap_near;tabred_sberbank__gap_far,0.226531;0.235750,-1.333687;-3.326619,-0.00330482559;-0.0119511051,descriptive_exact_variant_no_ci_across_variants
bag8,cluster_membership_k10_both,test_time_variant,M20_cluster_membership,tabred_weather,3,3,tabred_weather__gap_near,0.0948655339805825,-0.6902513892994292,tabred_weather__gap_maxdiff,0.2280292319342118,1.3936872873850856,2.083938676684515,higher_shift_more_helpful,strictly_increasing,mixed_or_tied,tabred_weather__gap_near;tabred_weather__gap_far;tabred_weather__gap_maxdiff,0.094866;0.101202;0.228029,-0.690251;0.369505;1.393687,-0.0114788815;0.00606837094;0.0250045085,descriptive_exact_variant_no_ci_across_variants
bag8,cluster_membership_k10_both_cumshift,test_time_variant,M20_cluster_membership,tabred_delivery_eta,3,3,tabred_delivery_eta__gap_near,0.1571228260314691,0.2108320211269597,tabred_delivery_eta__gap_maxdiff,0.2496496029927623,-0.9243877228108612,-1.1352197439378209,higher_shift_more_harmful,nonmonotonic,mixed_or_tied,tabred_delivery_eta__gap_near;tabred_delivery_eta__gap_far;tabred_delivery_eta__gap_maxdiff,0.157123;0.237934;0.249650,0.210832;-1.384475;-0.924388,0.0012108718;-0.00772004396;-0.00511553424,descriptive_exact_variant_no_ci_across_variants
bag8,cluster_membership_k10_both_cumshift,test_time_variant,M20_cluster_membership,tabred_homesite,2,2,tabred_homesite__gap_near,0.0437974647176086,0.0206532322311421,tabred_homesite__gap_far,0.0830990647492541,3.292205743959292,3.27155251172815,higher_shift_more_helpful,not_assessed_two_windows,all_positive,tabred_homesite__gap_near;tabred_homesite__gap_far,0.043797;0.083099,0.020653;3.292206,9.49333012e-06;0.00342546475,descriptive_exact_variant_no_ci_across_variants
bag8,cluster_membership_k10_both_cumshift,test_time_variant,M20_cluster_membership,tabred_sberbank,2,2,tabred_sberbank__gap_near,0.2265311490062835,-1.2593893251750057,tabred_sberbank__gap_far,0.235749592588427,-3.518020972298711,-2.258631647123705,higher_shift_more_harmful,not_assessed_two_windows,all_negative,tabred_sberbank__gap_near;tabred_sberbank__gap_far,0.226531;0.235750,-1.259389;-3.518021,-0.00312071977;-0.0126387291,descriptive_exact_variant_no_ci_across_variants
bag8,cluster_membership_k10_both_cumshift,test_time_variant,M20_cluster_membership,tabred_weather,3,3,tabred_weather__gap_near,0.0948655339805825,-2.3932012394500988,tabred_weather__gap_maxdiff,0.2280292319342118,-0.3733088869912785,2.0198923524588204,higher_shift_more_helpful,nonmonotonic,mixed_or_tied,tabred_weather__gap_near;tabred_weather__gap_far;tabred_weather__gap_maxdiff,0.094866;0.101202;0.228029,-2.393201;0.203657;-0.373309,-0.0397989398;0.00334465364;-0.00669763248,descriptive_exact_variant_no_ci_across_variants
bag8,cluster_membership_k10_feature,test_time_variant,M20_cluster_membership,tabred_delivery_eta,3,3,tabred_delivery_eta__gap_near,0.1571228260314691,0.3882592601874233,tabred_delivery_eta__gap_maxdiff,0.2496496029927623,-0.1804184397394869,-0.5686776999269102,higher_shift_more_harmful,strictly_decreasing,mixed_or_tied,tabred_delivery_eta__gap_near;tabred_delivery_eta__gap_far;tabred_delivery_eta__gap_maxdiff,0.157123;0.237934;0.249650,0.388259;0.222869;-0.180418,0.00222988987;0.00124274914;-0.000998430295,descriptive_exact_variant_no_ci_across_variants
bag8,cluster_membership_k10_feature,test_time_variant,M20_cluster_membership,tabred_homesite,2,2,tabred_homesite__gap_near,0.0437974647176086,0.2183341692974708,tabred_homesite__gap_far,0.0830990647492541,1.8983167493475288,1.679982580050058,higher_shift_more_helpful,not_assessed_two_windows,all_positive,tabred_homesite__gap_near;tabred_homesite__gap_far,0.043797;0.083099,0.218334;1.898317,0.000100358061;0.00197515514,descriptive_exact_variant_no_ci_across_variants
bag8,cluster_membership_k10_feature,test_time_variant,M20_cluster_membership,tabred_sberbank,2,2,tabred_sberbank__gap_near,0.2265311490062835,-0.5518410576879793,tabred_sberbank__gap_far,0.235749592588427,1.118128009258392,1.6699690669463714,higher_shift_more_helpful,not_assessed_two_windows,mixed_or_tied,tabred_sberbank__gap_near;tabred_sberbank__gap_far,0.226531;0.235750,-0.551841;1.118128,-0.00136744156;0.00401695076,descriptive_exact_variant_no_ci_across_variants
bag8,cluster_membership_k10_feature,test_time_variant,M20_cluster_membership,tabred_weather,3,3,tabred_weather__gap_near,0.0948655339805825,0.0317344711010712,tabred_weather__gap_maxdiff,0.2280292319342118,-0.1422808476684011,-0.1740153187694723,higher_shift_more_harmful,nonmonotonic,mixed_or_tied,tabred_weather__gap_near;tabred_weather__gap_far;tabred_weather__gap_maxdiff,0.094866;0.101202;0.228029,0.031734;0.148188;-0.142281,0.000527744297;0.00243368229;-0.00255269794,descriptive_exact_variant_no_ci_across_variants
bag8,cluster_membership_k10_feature_cumshift,test_time_variant,M20_cluster_membership,tabred_delivery_eta,3,3,tabred_delivery_eta__gap_near,0.1571228260314691,0.2197823640394327,tabred_delivery_eta__gap_maxdiff,0.2496496029927623,0.076562103146277,-0.1432202608931557,higher_shift_more_harmful,nonmonotonic,mixed_or_tied,tabred_delivery_eta__gap_near;tabred_delivery_eta__gap_far;tabred_delivery_eta__gap_maxdiff,0.157123;0.237934;0.249650,0.219782;-0.258430;0.076562,0.00126227631;-0.00144104723;0.000423692408,descriptive_exact_variant_no_ci_across_variants
bag8,cluster_membership_k10_feature_cumshift,test_time_variant,M20_cluster_membership,tabred_homesite,2,2,tabred_homesite__gap_near,0.0437974647176086,-0.2631811878552801,tabred_homesite__gap_far,0.0830990647492541,3.37249708683188,3.63567827468716,higher_shift_more_helpful,not_assessed_two_windows,mixed_or_tied,tabred_homesite__gap_near;tabred_homesite__gap_far,0.043797;0.083099,-0.263181;3.372497,-0.00012097215;0.00350900605,descriptive_exact_variant_no_ci_across_variants
bag8,cluster_membership_k10_feature_cumshift,test_time_variant,M20_cluster_membership,tabred_sberbank,2,2,tabred_sberbank__gap_near,0.2265311490062835,0.1995227026841299,tabred_sberbank__gap_far,0.235749592588427,1.5448367932526537,1.3453140905685237,higher_shift_more_helpful,not_assessed_two_windows,all_positive,tabred_sberbank__gap_near;tabred_sberbank__gap_far,0.226531;0.235750,0.199523;1.544837,0.000494409815;0.00554993103,descriptive_exact_variant_no_ci_across_variants
bag8,cluster_membership_k10_feature_cumshift,test_time_variant,M20_cluster_membership,tabred_weather,3,3,tabred_weather__gap_near,0.0948655339805825,-0.4200017803713372,tabred_weather__gap_maxdiff,0.2280292319342118,-0.3680140908203281,0.051987689551009075,higher_shift_more_helpful,nonmonotonic,mixed_or_tied,tabred_weather__gap_near;tabred_weather__gap_far;tabred_weather__gap_maxdiff,0.094866;0.101202;0.228029,-0.420002;0.193365;-0.368014,-0.00698463017;0.00317562613;-0.00660263716,descriptive_exact_variant_no_ci_across_variants
bag8,cluster_membership_k10_weight,test_time_variant,M20_cluster_membership,tabred_delivery_eta,3,3,tabred_delivery_eta__gap_near,0.1571228260314691,-0.135022369252156,tabred_delivery_eta__gap_maxdiff,0.2496496029927623,-0.2826293769574325,-0.14760700770527652,higher_shift_more_harmful,nonmonotonic,all_negative,tabred_delivery_eta__gap_near;tabred_delivery_eta__gap_far;tabred_delivery_eta__gap_maxdiff,0.157123;0.237934;0.249650,-0.135022;-3.275847;-0.282629,-0.000775474133;-0.0182666224;-0.00156406259,descriptive_exact_variant_no_ci_across_variants
bag8,cluster_membership_k10_weight,test_time_variant,M20_cluster_membership,tabred_homesite,2,2,tabred_homesite__gap_near,0.0437974647176086,0.879237600684599,tabred_homesite__gap_far,0.0830990647492541,-1.4838257260763723,-2.3630633267609715,higher_shift_more_harmful,not_assessed_two_windows,mixed_or_tied,tabred_homesite__gap_near;tabred_homesite__gap_far,0.043797;0.083099,0.879238;-1.483826,0.000404144625;-0.00154388672,descriptive_exact_variant_no_ci_across_variants
bag8,cluster_membership_k10_weight,test_time_variant,M20_cluster_membership,tabred_sberbank,2,2,tabred_sberbank__gap_near,0.2265311490062835,-1.439519221088521,tabred_sberbank__gap_far,0.235749592588427,-1.85734827914948,-0.41782905806095894,higher_shift_more_harmful,not_assessed_two_windows,all_negative,tabred_sberbank__gap_near;tabred_sberbank__gap_far,0.226531;0.235750,-1.439519;-1.857348,-0.00356707494;-0.00667264975,descriptive_exact_variant_no_ci_across_variants
bag8,cluster_membership_k10_weight,test_time_variant,M20_cluster_membership,tabred_weather,3,3,tabred_weather__gap_near,0.0948655339805825,-0.3849306271824941,tabred_weather__gap_maxdiff,0.2280292319342118,0.8024083632635269,1.187338990446021,higher_shift_more_helpful,strictly_increasing,mixed_or_tied,tabred_weather__gap_near;tabred_weather__gap_far;tabred_weather__gap_maxdiff,0.094866;0.101202;0.228029,-0.384931;0.144487;0.802408,-0.00640139685;0.00237291071;0.0143962185,descriptive_exact_variant_no_ci_across_variants
bag8,cluster_membership_k15_both,test_time_variant,M20_cluster_membership,tabred_delivery_eta,3,3,tabred_delivery_eta__gap_near,0.1571228260314691,-0.0348598900952952,tabred_delivery_eta__gap_maxdiff,0.2496496029927623,-0.7774623996898815,-0.7426025095945863,higher_shift_more_harmful,nonmonotonic,all_negative,tabred_delivery_eta__gap_near;tabred_delivery_eta__gap_far;tabred_delivery_eta__gap_maxdiff,0.157123;0.237934;0.249650,-0.034860;-2.172521;-0.777462,-0.000200210848;-0.0121143095;-0.00430245386,descriptive_exact_variant_no_ci_across_variants
bag8,cluster_membership_k15_both,test_time_variant,M20_cluster_membership,tabred_homesite,2,2,tabred_homesite__gap_near,0.0437974647176086,-0.878057415985366,tabred_homesite__gap_far,0.0830990647492541,3.940010896682249,4.818068312667615,higher_shift_more_helpful,not_assessed_two_windows,mixed_or_tied,tabred_homesite__gap_near;tabred_homesite__gap_far,0.043797;0.083099,-0.878057;3.940011,-0.000403602149;0.00409949118,descriptive_exact_variant_no_ci_across_variants
bag8,cluster_membership_k15_both,test_time_variant,M20_cluster_membership,tabred_sberbank,2,2,tabred_sberbank__gap_near,0.2265311490062835,-1.5992378617962468,tabred_sberbank__gap_far,0.235749592588427,-3.62175940489282,-2.0225215430965733,higher_shift_more_harmful,not_assessed_two_windows,all_negative,tabred_sberbank__gap_near;tabred_sberbank__gap_far,0.226531;0.235750,-1.599238;-3.621759,-0.00396285177;-0.0130114165,descriptive_exact_variant_no_ci_across_variants
bag8,cluster_membership_k15_both,test_time_variant,M20_cluster_membership,tabred_weather,3,3,tabred_weather__gap_near,0.0948655339805825,-1.0378579279659366,tabred_weather__gap_maxdiff,0.2280292319342118,-0.5562008598941693,0.4816570680717672,higher_shift_more_helpful,nonmonotonic,mixed_or_tied,tabred_weather__gap_near;tabred_weather__gap_far;tabred_weather__gap_maxdiff,0.094866;0.101202;0.228029,-1.037858;0.611147;-0.556201,-0.0172595787;0.0100368474;-0.00997894526,descriptive_exact_variant_no_ci_across_variants
bag8,cluster_membership_k5_both,test_time_variant,M20_cluster_membership,tabred_delivery_eta,3,3,tabred_delivery_eta__gap_near,0.1571228260314691,0.1962153065078868,tabred_delivery_eta__gap_maxdiff,0.2496496029927623,-0.0994592288392409,-0.2956745353471277,higher_shift_more_harmful,nonmonotonic,mixed_or_tied,tabred_delivery_eta__gap_near;tabred_delivery_eta__gap_far;tabred_delivery_eta__gap_maxdiff,0.157123;0.237934;0.249650,0.196215;-1.761969;-0.099459,0.0011269236;-0.00982501;-0.000550404423,descriptive_exact_variant_no_ci_across_variants
bag8,cluster_membership_k5_both,test_time_variant,M20_cluster_membership,tabred_homesite,2,2,tabred_homesite__gap_near,0.0437974647176086,0.1976809370665702,tabred_homesite__gap_far,0.0830990647492541,0.4043242623232078,0.2066433252566376,higher_shift_more_helpful,not_assessed_two_windows,all_positive,tabred_homesite__gap_near;tabred_homesite__gap_far,0.043797;0.083099,0.197681;0.404324,9.08647312e-05;0.000420690143,descriptive_exact_variant_no_ci_across_variants
bag8,cluster_membership_k5_both,test_time_variant,M20_cluster_membership,tabred_sberbank,2,2,tabred_sberbank__gap_near,0.2265311490062835,-3.5961732077252573,tabred_sberbank__gap_far,0.235749592588427,-7.869394672087515,-4.273221464362258,higher_shift_more_harmful,not_assessed_two_windows,all_negative,tabred_sberbank__gap_near;tabred_sberbank__gap_far,0.226531;0.235750,-3.596173;-7.869395,-0.00891118307;-0.0282713345,descriptive_exact_variant_no_ci_across_variants
bag8,cluster_membership_k5_both,test_time_variant,M20_cluster_membership,tabred_weather,3,3,tabred_weather__gap_near,0.0948655339805825,-0.3238950389384011,tabred_weather__gap_maxdiff,0.2280292319342118,-0.5489415125751348,-0.2250464736367337,higher_shift_more_harmful,nonmonotonic,mixed_or_tied,tabred_weather__gap_near;tabred_weather__gap_far;tabred_weather__gap_maxdiff,0.094866;0.101202;0.228029,-0.323895;0.077709;-0.548942,-0.00538637493;0.00127621072;-0.00984870341,descriptive_exact_variant_no_ci_across_variants
bag8,cluster_membership_k5_feature,test_time_variant,M20_cluster_membership,tabred_delivery_eta,3,3,tabred_delivery_eta__gap_near,0.1571228260314691,0.3010558057825057,tabred_delivery_eta__gap_maxdiff,0.2496496029927623,-0.2677666011518889,-0.5688224069343946,higher_shift_more_harmful,strictly_decreasing,mixed_or_tied,tabred_delivery_eta__gap_near;tabred_delivery_eta__gap_far;tabred_delivery_eta__gap_maxdiff,0.157123;0.237934;0.249650,0.301056;-0.028439;-0.267767,0.00172905416;-0.000158578554;-0.00148181243,descriptive_exact_variant_no_ci_across_variants
bag8,cluster_membership_k5_feature,test_time_variant,M20_cluster_membership,tabred_homesite,2,2,tabred_homesite__gap_near,0.0437974647176086,0.3233706074997363,tabred_homesite__gap_far,0.0830990647492541,-1.0883647938105474,-1.4117354013102836,higher_shift_more_harmful,not_assessed_two_windows,mixed_or_tied,tabred_homesite__gap_near;tabred_homesite__gap_far,0.043797;0.083099,0.323371;-1.088365,0.000148638426;-0.00113241866,descriptive_exact_variant_no_ci_across_variants
bag8,cluster_membership_k5_feature,test_time_variant,M20_cluster_membership,tabred_sberbank,2,2,tabred_sberbank__gap_near,0.2265311490062835,0.6158751333859356,tabred_sberbank__gap_far,0.235749592588427,0.2615979524260866,-0.354277180959849,higher_shift_more_harmful,not_assessed_two_windows,all_positive,tabred_sberbank__gap_near;tabred_sberbank__gap_far,0.226531;0.235750,0.615875;0.261598,0.00152611561;0.000939808399,descriptive_exact_variant_no_ci_across_variants
bag8,cluster_membership_k5_feature,test_time_variant,M20_cluster_membership,tabred_weather,3,3,tabred_weather__gap_near,0.0948655339805825,-0.1726236236052167,tabred_weather__gap_maxdiff,0.2280292319342118,0.090019050586123,0.2626426741913397,higher_shift_more_helpful,nonmonotonic,mixed_or_tied,tabred_weather__gap_near;tabred_weather__gap_far;tabred_weather__gap_maxdiff,0.094866;0.101202;0.228029,-0.172624;0.208498;0.090019,-0.00287073109;0.00342415496;0.00161505536,descriptive_exact_variant_no_ci_across_variants
bag8,freq_enc_train_only,train_only_version,baselines,tabred_delivery_eta,3,3,tabred_delivery_eta__gap_near,0.1571228260314691,0.0,tabred_delivery_eta__gap_maxdiff,0.2496496029927623,0.0,0.0,no_change,nondecreasing_with_tie,mixed_or_tied,tabred_delivery_eta__gap_near;tabred_delivery_eta__gap_far;tabred_delivery_eta__gap_maxdiff,0.157123;0.237934;0.249650,0.000000;0.000000;0.000000,0;0;0,descriptive_exact_variant_no_ci_across_variants
bag8,freq_enc_train_only,train_only_version,baselines,tabred_homesite,2,2,tabred_homesite__gap_near,0.0437974647176086,0.5012834508600119,tabred_homesite__gap_far,0.0830990647492541,-0.8091698970029834,-1.3104533478629952,higher_shift_more_harmful,not_assessed_two_windows,mixed_or_tied,tabred_homesite__gap_near;tabred_homesite__gap_far,0.043797;0.083099,0.501283;-0.809170,0.000230416684;-0.000841922763,descriptive_exact_variant_no_ci_across_variants
bag8,freq_enc_train_only,train_only_version,baselines,tabred_sberbank,2,2,tabred_sberbank__gap_near,0.2265311490062835,-0.1060547604743441,tabred_sberbank__gap_far,0.235749592588427,0.6485084055965172,0.7545631660708614,higher_shift_more_helpful,not_assessed_two_windows,mixed_or_tied,tabred_sberbank__gap_near;tabred_sberbank__gap_far,0.226531;0.235750,-0.106055;0.648508,-0.000262799741;0.00232981046,descriptive_exact_variant_no_ci_across_variants
bag8,freq_enc_train_only,train_only_version,baselines,tabred_weather,3,3,tabred_weather__gap_near,0.0948655339805825,0.0,tabred_weather__gap_maxdiff,0.2280292319342118,0.0,0.0,no_change,nondecreasing_with_tie,mixed_or_tied,tabred_weather__gap_near;tabred_weather__gap_far;tabred_weather__gap_maxdiff,0.094866;0.101202;0.228029,0.000000;0.000000;0.000000,0;0;0,descriptive_exact_variant_no_ci_across_variants
bag8,freq_ratio_log,test_time_variant,M2_freq_ratio,tabred_delivery_eta,3,3,tabred_delivery_eta__gap_near,0.1571228260314691,0.0,tabred_delivery_eta__gap_maxdiff,0.2496496029927623,0.0,0.0,no_change,nondecreasing_with_tie,mixed_or_tied,tabred_delivery_eta__gap_near;tabred_delivery_eta__gap_far;tabred_delivery_eta__gap_maxdiff,0.157123;0.237934;0.249650,0.000000;0.000000;0.000000,0;0;0,descriptive_exact_variant_no_ci_across_variants
bag8,freq_ratio_log,test_time_variant,M2_freq_ratio,tabred_homesite,2,2,tabred_homesite__gap_near,0.0437974647176086,1.101112324079044,tabred_homesite__gap_far,0.0830990647492541,-0.3242936056287971,-1.425405929707841,higher_shift_more_harmful,not_assessed_two_windows,mixed_or_tied,tabred_homesite__gap_near;tabred_homesite__gap_far,0.043797;0.083099,1.101112;-0.324294,0.000506130114;-0.000337420076,descriptive_exact_variant_no_ci_across_variants
bag8,freq_ratio_log,test_time_variant,M2_freq_ratio,tabred_sberbank,2,2,tabred_sberbank__gap_near,0.2265311490062835,-0.3060704444381406,tabred_sberbank__gap_far,0.235749592588427,2.0026576882199416,2.308728132658082,higher_shift_more_helpful,not_assessed_two_windows,mixed_or_tied,tabred_sberbank__gap_near;tabred_sberbank__gap_far,0.226531;0.235750,-0.306070;2.002658,-0.000758431145;0.00719468367,descriptive_exact_variant_no_ci_across_variants
bag8,freq_ratio_log,test_time_variant,M2_freq_ratio,tabred_weather,3,3,tabred_weather__gap_near,0.0948655339805825,0.0,tabred_weather__gap_maxdiff,0.2280292319342118,0.0,0.0,no_change,nondecreasing_with_tie,mixed_or_tied,tabred_weather__gap_near;tabred_weather__gap_far;tabred_weather__gap_maxdiff,0.094866;0.101202;0.228029,0.000000;0.000000;0.000000,0;0;0,descriptive_exact_variant_no_ci_across_variants
bag8,freq_ratio_log__sel_combined_intersection,test_time_variant,selective,tabred_delivery_eta,3,3,tabred_delivery_eta__gap_near,0.1571228260314691,-0.0003162236035135,tabred_delivery_eta__gap_maxdiff,0.2496496029927623,0.0127246481791217,0.0130408717826352,higher_shift_more_helpful,strictly_increasing,mixed_or_tied,tabred_delivery_eta__gap_near;tabred_delivery_eta__gap_far;tabred_delivery_eta__gap_maxdiff,0.157123;0.237934;0.249650,-0.000316;0.000014;0.012725,-1.8161674e-06;8.01690554e-08;7.04178256e-05,descriptive_exact_variant_no_ci_across_variants
bag8,freq_ratio_log__sel_combined_intersection,test_time_variant,selective,tabred_homesite,2,2,tabred_homesite__gap_near,0.0437974647176086,1.3684241583810357,tabred_homesite__gap_far,0.0830990647492541,1.3010847151872058,-0.0673394431938299,higher_shift_more_harmful,not_assessed_two_windows,all_positive,tabred_homesite__gap_near;tabred_homesite__gap_far,0.043797;0.083099,1.368424;1.301085,0.00062900093;0.00135374888,descriptive_exact_variant_no_ci_across_variants
bag8,freq_ratio_log__sel_combined_intersection,test_time_variant,selective,tabred_sberbank,2,2,tabred_sberbank__gap_near,0.2265311490062835,-0.2373184589586499,tabred_sberbank__gap_far,0.235749592588427,0.4310250807686205,0.6683435397272703,higher_shift_more_helpful,not_assessed_two_windows,mixed_or_tied,tabred_sberbank__gap_near;tabred_sberbank__gap_far,0.226531;0.235750,-0.237318;0.431025,-0.000588066289;0.00154848686,descriptive_exact_variant_no_ci_across_variants
bag8,freq_ratio_log__sel_combined_intersection,test_time_variant,selective,tabred_weather,3,3,tabred_weather__gap_near,0.0948655339805825,-0.0052414050691074,tabred_weather__gap_maxdiff,0.2280292319342118,0.0001036960916417,0.0053451011607490995,higher_shift_more_helpful,nonmonotonic,mixed_or_tied,tabred_weather__gap_near;tabred_weather__gap_far;tabred_weather__gap_maxdiff,0.094866;0.101202;0.228029,-0.005241;0.000835;0.000104,-8.71645734e-05;1.37189824e-05;1.86043873e-06,descriptive_exact_variant_no_ci_across_variants
bag8,freq_ratio_log__sel_combined_union,test_time_variant,selective,tabred_delivery_eta,3,3,tabred_delivery_eta__gap_near,0.1571228260314691,-0.0002439440108691,tabred_delivery_eta__gap_maxdiff,0.2496496029927623,0.0005790214824268,0.0008229654932958999,higher_shift_more_helpful,strictly_increasing,mixed_or_tied,tabred_delivery_eta__gap_near;tabred_delivery_eta__gap_far;tabred_delivery_eta__gap_maxdiff,0.157123;0.237934;0.249650,-0.000244;0.000077;0.000579,-1.40104393e-06;4.27568429e-07;3.20428771e-06,descriptive_exact_variant_no_ci_across_variants
bag8,freq_ratio_log__sel_combined_union,test_time_variant,selective,tabred_homesite,2,2,tabred_homesite__gap_near,0.0437974647176086,1.101112324079044,tabred_homesite__gap_far,0.0830990647492541,3.020049373962084,1.9189370498830403,higher_shift_more_helpful,not_assessed_two_windows,all_positive,tabred_homesite__gap_near;tabred_homesite__gap_far,0.043797;0.083099,1.101112;3.020049,0.000506130114;0.00314229227,descriptive_exact_variant_no_ci_across_variants
bag8,freq_ratio_log__sel_combined_union,test_time_variant,selective,tabred_sberbank,2,2,tabred_sberbank__gap_near,0.2265311490062835,-0.3060704444381406,tabred_sberbank__gap_far,0.235749592588427,2.002286575719592,2.3083570201577324,higher_shift_more_helpful,not_assessed_two_windows,mixed_or_tied,tabred_sberbank__gap_near;tabred_sberbank__gap_far,0.226531;0.235750,-0.306070;2.002287,-0.000758431145;0.00719335042,descriptive_exact_variant_no_ci_across_variants
bag8,freq_ratio_log__sel_combined_union,test_time_variant,selective,tabred_weather,3,3,tabred_weather__gap_near,0.0948655339805825,0.0004698433117791,tabred_weather__gap_maxdiff,0.2280292319342118,0.0001814682309234,-0.00028837508085569996,higher_shift_more_harmful,nonmonotonic,mixed_or_tied,tabred_weather__gap_near;tabred_weather__gap_far;tabred_weather__gap_maxdiff,0.094866;0.101202;0.228029,0.000470;-0.001565;0.000181,7.81349491e-06;-2.56955634e-05;3.25576904e-06,descriptive_exact_variant_no_ci_across_variants
bag8,freq_ratio_v2_both_gated,test_time_variant,M2_freq_ratio,tabred_delivery_eta,3,3,tabred_delivery_eta__gap_near,0.1571228260314691,0.0,tabred_delivery_eta__gap_maxdiff,0.2496496029927623,0.0,0.0,no_change,nondecreasing_with_tie,mixed_or_tied,tabred_delivery_eta__gap_near;tabred_delivery_eta__gap_far;tabred_delivery_eta__gap_maxdiff,0.157123;0.237934;0.249650,0.000000;0.000000;0.000000,0;0;0,descriptive_exact_variant_no_ci_across_variants
bag8,freq_ratio_v2_both_gated,test_time_variant,M2_freq_ratio,tabred_homesite,2,2,tabred_homesite__gap_near,0.0437974647176086,0.8031156876052079,tabred_homesite__gap_far,0.0830990647492541,1.8628634291179968,1.059747741512789,higher_shift_more_helpful,not_assessed_two_windows,all_positive,tabred_homesite__gap_near;tabred_homesite__gap_far,0.043797;0.083099,0.803116;1.862863,0.000369154923;0.00193826677,descriptive_exact_variant_no_ci_across_variants
bag8,freq_ratio_v2_both_gated,test_time_variant,M2_freq_ratio,tabred_sberbank,2,2,tabred_sberbank__gap_near,0.2265311490062835,0.2228539055231716,tabred_sberbank__gap_far,0.235749592588427,-0.5289347396614225,-0.7517886451845941,higher_shift_more_harmful,not_assessed_two_windows,mixed_or_tied,tabred_sberbank__gap_near;tabred_sberbank__gap_far,0.226531;0.235750,0.222854;-0.528935,0.000552223665;-0.00190023395,descriptive_exact_variant_no_ci_across_variants
bag8,freq_ratio_v2_both_gated,test_time_variant,M2_freq_ratio,tabred_weather,3,3,tabred_weather__gap_near,0.0948655339805825,0.0,tabred_weather__gap_maxdiff,0.2280292319342118,0.0,0.0,no_change,nondecreasing_with_tie,mixed_or_tied,tabred_weather__gap_near;tabred_weather__gap_far;tabred_weather__gap_maxdiff,0.094866;0.101202;0.228029,0.000000;0.000000;0.000000,0;0;0,descriptive_exact_variant_no_ci_across_variants
bag8,freq_ratio_v2_diff_gated,test_time_variant,M2_freq_ratio,tabred_delivery_eta,3,3,tabred_delivery_eta__gap_near,0.1571228260314691,0.0,tabred_delivery_eta__gap_maxdiff,0.2496496029927623,0.0,0.0,no_change,nondecreasing_with_tie,mixed_or_tied,tabred_delivery_eta__gap_near;tabred_delivery_eta__gap_far;tabred_delivery_eta__gap_maxdiff,0.157123;0.237934;0.249650,0.000000;0.000000;0.000000,0;0;0,descriptive_exact_variant_no_ci_across_variants
bag8,freq_ratio_v2_diff_gated,test_time_variant,M2_freq_ratio,tabred_homesite,2,2,tabred_homesite__gap_near,0.0437974647176086,1.2338831027056756,tabred_homesite__gap_far,0.0830990647492541,0.9110981926626744,-0.32278491004300114,higher_shift_more_harmful,not_assessed_two_windows,all_positive,tabred_homesite__gap_near;tabred_homesite__gap_far,0.043797;0.083099,1.233883;0.911098,0.000567158665;0.000947976822,descriptive_exact_variant_no_ci_across_variants
bag8,freq_ratio_v2_diff_gated,test_time_variant,M2_freq_ratio,tabred_sberbank,2,2,tabred_sberbank__gap_near,0.2265311490062835,-0.099642519673529,tabred_sberbank__gap_far,0.235749592588427,1.202984601156805,1.302627120830334,higher_shift_more_helpful,not_assessed_two_windows,mixed_or_tied,tabred_sberbank__gap_near;tabred_sberbank__gap_far,0.226531;0.235750,-0.099643;1.202985,-0.000246910447;0.00432180383,descriptive_exact_variant_no_ci_across_variants
bag8,freq_ratio_v2_diff_gated,test_time_variant,M2_freq_ratio,tabred_weather,3,3,tabred_weather__gap_near,0.0948655339805825,0.0,tabred_weather__gap_maxdiff,0.2280292319342118,0.0,0.0,no_change,nondecreasing_with_tie,mixed_or_tied,tabred_weather__gap_near;tabred_weather__gap_far;tabred_weather__gap_maxdiff,0.094866;0.101202;0.228029,0.000000;0.000000;0.000000,0;0;0,descriptive_exact_variant_no_ci_across_variants
bag8,freq_ratio_v2_ratio_gated,test_time_variant,M2_freq_ratio,tabred_delivery_eta,3,3,tabred_delivery_eta__gap_near,0.1571228260314691,0.0,tabred_delivery_eta__gap_maxdiff,0.2496496029927623,0.0,0.0,no_change,nondecreasing_with_tie,mixed_or_tied,tabred_delivery_eta__gap_near;tabred_delivery_eta__gap_far;tabred_delivery_eta__gap_maxdiff,0.157123;0.237934;0.249650,0.000000;0.000000;0.000000,0;0;0,descriptive_exact_variant_no_ci_across_variants
bag8,freq_ratio_v2_ratio_gated,test_time_variant,M2_freq_ratio,tabred_homesite,2,2,tabred_homesite__gap_near,0.0437974647176086,1.2067388546312885,tabred_homesite__gap_far,0.0830990647492541,1.430645745731861,0.2239068911005726,higher_shift_more_helpful,not_assessed_two_windows,all_positive,tabred_homesite__gap_near;tabred_homesite__gap_far,0.043797;0.083099,1.206739;1.430646,0.000554681717;0.00148855416,descriptive_exact_variant_no_ci_across_variants
bag8,freq_ratio_v2_ratio_gated,test_time_variant,M2_freq_ratio,tabred_sberbank,2,2,tabred_sberbank__gap_near,0.2265311490062835,-0.2381446338910605,tabred_sberbank__gap_far,0.235749592588427,1.7274895139993505,1.965634147890411,higher_shift_more_helpful,not_assessed_two_windows,mixed_or_tied,tabred_sberbank__gap_near;tabred_sberbank__gap_far,0.226531;0.235750,-0.238145;1.727490,-0.00059011352;0.00620612333,descriptive_exact_variant_no_ci_across_variants
bag8,freq_ratio_v2_ratio_gated,test_time_variant,M2_freq_ratio,tabred_weather,3,3,tabred_weather__gap_near,0.0948655339805825,0.0,tabred_weather__gap_maxdiff,0.2280292319342118,0.0,0.0,no_change,nondecreasing_with_tie,mixed_or_tied,tabred_weather__gap_near;tabred_weather__gap_far;tabred_weather__gap_maxdiff,0.094866;0.101202;0.228029,0.000000;0.000000;0.000000,0;0;0,descriptive_exact_variant_no_ci_across_variants
bag8,freq_ratio_v2_ratio_ungated,test_time_variant,M2_freq_ratio,tabred_delivery_eta,3,3,tabred_delivery_eta__gap_near,0.1571228260314691,0.0,tabred_delivery_eta__gap_maxdiff,0.2496496029927623,0.0,0.0,no_change,nondecreasing_with_tie,mixed_or_tied,tabred_delivery_eta__gap_near;tabred_delivery_eta__gap_far;tabred_delivery_eta__gap_maxdiff,0.157123;0.237934;0.249650,0.000000;0.000000;0.000000,0;0;0,descriptive_exact_variant_no_ci_across_variants
bag8,freq_ratio_v2_ratio_ungated,test_time_variant,M2_freq_ratio,tabred_homesite,2,2,tabred_homesite__gap_near,0.0437974647176086,1.2645679048775202,tabred_homesite__gap_far,0.0830990647492541,1.6543144865916397,0.38974658171411947,higher_shift_more_helpful,not_assessed_two_windows,all_positive,tabred_homesite__gap_near;tabred_homesite__gap_far,0.043797;0.083099,1.264568;1.654314,0.000581263041;0.00172127637,descriptive_exact_variant_no_ci_across_variants
bag8,freq_ratio_v2_ratio_ungated,test_time_variant,M2_freq_ratio,tabred_sberbank,2,2,tabred_sberbank__gap_near,0.2265311490062835,-0.2381446338910605,tabred_sberbank__gap_far,0.235749592588427,1.7274895139993505,1.965634147890411,higher_shift_more_helpful,not_assessed_two_windows,mixed_or_tied,tabred_sberbank__gap_near;tabred_sberbank__gap_far,0.226531;0.235750,-0.238145;1.727490,-0.00059011352;0.00620612333,descriptive_exact_variant_no_ci_across_variants
bag8,freq_ratio_v2_ratio_ungated,test_time_variant,M2_freq_ratio,tabred_weather,3,3,tabred_weather__gap_near,0.0948655339805825,0.0,tabred_weather__gap_maxdiff,0.2280292319342118,0.0,0.0,no_change,nondecreasing_with_tie,mixed_or_tied,tabred_weather__gap_near;tabred_weather__gap_far;tabred_weather__gap_maxdiff,0.094866;0.101202;0.228029,0.000000;0.000000;0.000000,0;0;0,descriptive_exact_variant_no_ci_across_variants
bag8,groupby_shift_cohen_d,test_time_variant,M14_groupby,tabred_delivery_eta,3,3,tabred_delivery_eta__gap_near,0.1571228260314691,0.3428914297323313,tabred_delivery_eta__gap_maxdiff,0.2496496029927623,0.4039205899235514,0.06102916019122012,higher_shift_more_helpful,nonmonotonic,mixed_or_tied,tabred_delivery_eta__gap_near;tabred_delivery_eta__gap_far;tabred_delivery_eta__gap_maxdiff,0.157123;0.237934;0.249650,0.342891;-0.571502;0.403921,0.00196932875;-0.00318677947;0.00223528457,descriptive_exact_variant_no_ci_across_variants
bag8,groupby_shift_cohen_d,test_time_variant,M14_groupby,tabred_homesite,2,2,tabred_homesite__gap_near,0.0437974647176086,-3.2756026318118,tabred_homesite__gap_far,0.0830990647492541,-59.328003169944125,-56.052400538132325,higher_shift_more_harmful,not_assessed_two_windows,all_negative,tabred_homesite__gap_near;tabred_homesite__gap_far,0.043797;0.083099,-3.275603;-59.328003,-0.00150564216;-0.0617294298,descriptive_exact_variant_no_ci_across_variants
bag8,groupby_shift_cohen_d,test_time_variant,M14_groupby,tabred_sberbank,2,2,tabred_sberbank__gap_near,0.2265311490062835,0.0257696674788791,tabred_sberbank__gap_far,0.235749592588427,2.0031907967314933,1.977421129252614,higher_shift_more_helpful,not_assessed_two_windows,all_positive,tabred_sberbank__gap_near;tabred_sberbank__gap_far,0.226531;0.235750,0.025770;2.003191,6.38562748e-05;0.0071965989,descriptive_exact_variant_no_ci_across_variants
bag8,groupby_shift_cohen_d,test_time_variant,M14_groupby,tabred_weather,3,3,tabred_weather__gap_near,0.0948655339805825,-0.3273966763639072,tabred_weather__gap_maxdiff,0.2280292319342118,-0.2917860358569207,0.03561064050698648,higher_shift_more_helpful,nonmonotonic,all_negative,tabred_weather__gap_near;tabred_weather__gap_far;tabred_weather__gap_maxdiff,0.094866;0.101202;0.228029,-0.327397;-0.595243;-0.291786,-0.00544460717;-0.00977565436;-0.00523500967,descriptive_exact_variant_no_ci_across_variants
bag8,groupby_shift_cohen_d__sel_combined_intersection,test_time_variant,selective,tabred_delivery_eta,3,3,tabred_delivery_eta__gap_near,0.1571228260314691,-0.0003162236035135,tabred_delivery_eta__gap_maxdiff,0.2496496029927623,-0.0988953653956604,-0.09857914179214691,higher_shift_more_harmful,nonmonotonic,mixed_or_tied,tabred_delivery_eta__gap_near;tabred_delivery_eta__gap_far;tabred_delivery_eta__gap_maxdiff,0.157123;0.237934;0.249650,-0.000316;0.000014;-0.098895,-1.8161674e-06;8.01690554e-08;-0.000547284019,descriptive_exact_variant_no_ci_across_variants
bag8,groupby_shift_cohen_d__sel_combined_intersection,test_time_variant,selective,tabred_homesite,2,2,tabred_homesite__gap_near,0.0437974647176086,1.2250317174639644,tabred_homesite__gap_far,0.0830990647492541,1.677776242625876,0.45274452516191155,higher_shift_more_helpful,not_assessed_two_windows,all_positive,tabred_homesite__gap_near;tabred_homesite__gap_far,0.043797;0.083099,1.225032;1.677776,0.000563090095;0.00174568779,descriptive_exact_variant_no_ci_across_variants
bag8,groupby_shift_cohen_d__sel_combined_intersection,test_time_variant,selective,tabred_sberbank,2,2,tabred_sberbank__gap_near,0.2265311490062835,0.2639209540471093,tabred_sberbank__gap_far,0.235749592588427,0.4351125467302378,0.1711915926831285,higher_shift_more_helpful,not_assessed_two_windows,all_positive,tabred_sberbank__gap_near;tabred_sberbank__gap_far,0.226531;0.235750,0.263921;0.435113,0.00065398628;0.00156317136,descriptive_exact_variant_no_ci_across_variants
bag8,groupby_shift_cohen_d__sel_combined_intersection,test_time_variant,selective,tabred_weather,3,3,tabred_weather__gap_near,0.0948655339805825,-0.0052414050691074,tabred_weather__gap_maxdiff,0.2280292319342118,0.0001036960916417,0.0053451011607490995,higher_shift_more_helpful,nonmonotonic,mixed_or_tied,tabred_weather__gap_near;tabred_weather__gap_far;tabred_weather__gap_maxdiff,0.094866;0.101202;0.228029,-0.005241;0.000835;0.000104,-8.71645734e-05;1.37189824e-05;1.86043873e-06,descriptive_exact_variant_no_ci_across_variants
bag8,groupby_shift_cohen_d__sel_combined_union,test_time_variant,selective,tabred_delivery_eta,3,3,tabred_delivery_eta__gap_near,0.1571228260314691,-0.0199653003266282,tabred_delivery_eta__gap_maxdiff,0.2496496029927623,0.0816361892927753,0.1016014896194035,higher_shift_more_helpful,strictly_increasing,mixed_or_tied,tabred_delivery_eta__gap_near;tabred_delivery_eta__gap_far;tabred_delivery_eta__gap_maxdiff,0.157123;0.237934;0.249650,-0.019965;0.011440;0.081636,-0.000114666733;6.37914894e-05;0.00045177225,descriptive_exact_variant_no_ci_across_variants
bag8,groupby_shift_cohen_d__sel_combined_union,test_time_variant,selective,tabred_homesite,2,2,tabred_homesite__gap_near,0.0437974647176086,0.5381642227011991,tabred_homesite__gap_far,0.0830990647492541,2.897787556405856,2.359623333704657,higher_shift_more_helpful,not_assessed_two_windows,all_positive,tabred_homesite__gap_near;tabred_homesite__gap_far,0.043797;0.083099,0.538164;2.897788,0.000247369059;0.00301508165,descriptive_exact_variant_no_ci_across_variants
bag8,groupby_shift_cohen_d__sel_combined_union,test_time_variant,selective,tabred_sberbank,2,2,tabred_sberbank__gap_near,0.2265311490062835,0.0332858074473584,tabred_sberbank__gap_far,0.235749592588427,1.6147814170193222,1.581495609571964,higher_shift_more_helpful,not_assessed_two_windows,all_positive,tabred_sberbank__gap_near;tabred_sberbank__gap_far,0.226531;0.235750,0.033286;1.614781,8.24809893e-05;0.00580121184,descriptive_exact_variant_no_ci_across_variants
bag8,groupby_shift_cohen_d__sel_combined_union,test_time_variant,selective,tabred_weather,3,3,tabred_weather__gap_near,0.0948655339805825,-0.0198046897507191,tabred_weather__gap_maxdiff,0.2280292319342118,-0.2162575664048415,-0.19645287665412242,higher_shift_more_harmful,nonmonotonic,all_negative,tabred_weather__gap_near;tabred_weather__gap_far;tabred_weather__gap_maxdiff,0.094866;0.101202;0.228029,-0.019805;-0.482147;-0.216258,-0.000329352017;-0.00791828917;-0.00387993362,descriptive_exact_variant_no_ci_across_variants
bag8,groupby_shift_cohen_d_min10,test_time_variant,M14_groupby,tabred_delivery_eta,3,3,tabred_delivery_eta__gap_near,0.1571228260314691,0.3428914297323313,tabred_delivery_eta__gap_maxdiff,0.2496496029927623,0.4039205899235514,0.06102916019122012,higher_shift_more_helpful,nonmonotonic,mixed_or_tied,tabred_delivery_eta__gap_near;tabred_delivery_eta__gap_far;tabred_delivery_eta__gap_maxdiff,0.157123;0.237934;0.249650,0.342891;-0.571502;0.403921,0.00196932875;-0.00318677947;0.00223528457,descriptive_exact_variant_no_ci_across_variants
bag8,groupby_shift_cohen_d_min10,test_time_variant,M14_groupby,tabred_homesite,2,2,tabred_homesite__gap_near,0.0437974647176086,-3.2756026318118,tabred_homesite__gap_far,0.0830990647492541,-59.328003169944125,-56.052400538132325,higher_shift_more_harmful,not_assessed_two_windows,all_negative,tabred_homesite__gap_near;tabred_homesite__gap_far,0.043797;0.083099,-3.275603;-59.328003,-0.00150564216;-0.0617294298,descriptive_exact_variant_no_ci_across_variants
bag8,groupby_shift_cohen_d_min10,test_time_variant,M14_groupby,tabred_sberbank,2,2,tabred_sberbank__gap_near,0.2265311490062835,0.5485586528719285,tabred_sberbank__gap_far,0.235749592588427,-1.7820340135875508,-2.3305926664594794,higher_shift_more_harmful,not_assessed_two_windows,mixed_or_tied,tabred_sberbank__gap_near;tabred_sberbank__gap_far,0.226531;0.235750,0.548559;-1.782034,0.00135930788;-0.00640207814,descriptive_exact_variant_no_ci_across_variants
bag8,groupby_shift_cohen_d_min10,test_time_variant,M14_groupby,tabred_weather,3,3,tabred_weather__gap_near,0.0948655339805825,-0.3273966763639072,tabred_weather__gap_maxdiff,0.2280292319342118,-0.4716711989559025,-0.1442745225919953,higher_shift_more_harmful,nonmonotonic,all_negative,tabred_weather__gap_near;tabred_weather__gap_far;tabred_weather__gap_maxdiff,0.094866;0.101202;0.228029,-0.327397;-0.674254;-0.471671,-0.00544460717;-0.0110732563;-0.00846237648,descriptive_exact_variant_no_ci_across_variants
bag8,groupby_shift_ratio_log,test_time_variant,M14_groupby,tabred_delivery_eta,3,3,tabred_delivery_eta__gap_near,0.1571228260314691,0.3428914297323313,tabred_delivery_eta__gap_maxdiff,0.2496496029927623,0.4039205899235514,0.06102916019122012,higher_shift_more_helpful,nonmonotonic,mixed_or_tied,tabred_delivery_eta__gap_near;tabred_delivery_eta__gap_far;tabred_delivery_eta__gap_maxdiff,0.157123;0.237934;0.249650,0.342891;-0.571502;0.403921,0.00196932875;-0.00318677947;0.00223528457,descriptive_exact_variant_no_ci_across_variants
bag8,groupby_shift_ratio_log,test_time_variant,M14_groupby,tabred_homesite,2,2,tabred_homesite__gap_near,0.0437974647176086,-3.724662909744944,tabred_homesite__gap_far,0.0830990647492541,-62.44202991113219,-58.717367001387245,higher_shift_more_harmful,not_assessed_two_windows,all_negative,tabred_homesite__gap_near;tabred_homesite__gap_far,0.043797;0.083099,-3.724663;-62.442030,-0.00171205428;-0.0649695034,descriptive_exact_variant_no_ci_across_variants
bag8,groupby_shift_ratio_log,test_time_variant,M14_groupby,tabred_sberbank,2,2,tabred_sberbank__gap_near,0.2265311490062835,0.5952194865455516,tabred_sberbank__gap_far,0.235749592588427,0.5331402437710457,-0.06207924277450583,higher_shift_more_harmful,not_assessed_two_windows,all_positive,tabred_sberbank__gap_near;tabred_sberbank__gap_far,0.226531;0.235750,0.595219;0.533140,0.00147493169;0.00191534251,descriptive_exact_variant_no_ci_across_variants
bag8,groupby_shift_ratio_log,test_time_variant,M14_groupby,tabred_weather,3,3,tabred_weather__gap_near,0.0948655339805825,-0.3152886548579927,tabred_weather__gap_maxdiff,0.2280292319342118,-0.6728016000511339,-0.3575129451931412,higher_shift_more_harmful,nonmonotonic,all_negative,tabred_weather__gap_near;tabred_weather__gap_far;tabred_weather__gap_maxdiff,0.094866;0.101202;0.228029,-0.315289;-0.939606;-0.672802,-0.00524325076;-0.0154311234;-0.0120709097,descriptive_exact_variant_no_ci_across_variants
bag8,groupby_shift_ratio_raw,test_time_variant,M14_groupby,tabred_delivery_eta,3,3,tabred_delivery_eta__gap_near,0.1571228260314691,0.3428914297323313,tabred_delivery_eta__gap_maxdiff,0.2496496029927623,0.4039205899235514,0.06102916019122012,higher_shift_more_helpful,nonmonotonic,mixed_or_tied,tabred_delivery_eta__gap_near;tabred_delivery_eta__gap_far;tabred_delivery_eta__gap_maxdiff,0.157123;0.237934;0.249650,0.342891;-0.571502;0.403921,0.00196932875;-0.00318677947;0.00223528457,descriptive_exact_variant_no_ci_across_variants
bag8,groupby_shift_ratio_raw,test_time_variant,M14_groupby,tabred_homesite,2,2,tabred_homesite__gap_near,0.0437974647176086,-3.590121854070067,tabred_homesite__gap_far,0.0830990647492541,-54.98992447921428,-51.39980262514421,higher_shift_more_harmful,not_assessed_two_windows,all_negative,tabred_homesite__gap_near;tabred_homesite__gap_far,0.043797;0.083099,-3.590122;-54.989924,-0.00165021201;-0.0572157582,descriptive_exact_variant_no_ci_across_variants
bag8,groupby_shift_ratio_raw,test_time_variant,M14_groupby,tabred_sberbank,2,2,tabred_sberbank__gap_near,0.2265311490062835,0.823806028775031,tabred_sberbank__gap_far,0.235749592588427,0.5122608768661085,-0.3115451519089224,higher_shift_more_harmful,not_assessed_two_windows,all_positive,tabred_sberbank__gap_near;tabred_sberbank__gap_far,0.226531;0.235750,0.823806;0.512261,0.00204136061;0.00184033197,descriptive_exact_variant_no_ci_across_variants
bag8,groupby_shift_ratio_raw,test_time_variant,M14_groupby,tabred_weather,3,3,tabred_weather__gap_near,0.0948655339805825,-0.438380372056843,tabred_weather__gap_maxdiff,0.2280292319342118,-0.836873128378568,-0.398492756321725,higher_shift_more_harmful,nonmonotonic,all_negative,tabred_weather__gap_near;tabred_weather__gap_far;tabred_weather__gap_maxdiff,0.094866;0.101202;0.228029,-0.438380;-0.936020;-0.836873,-0.00729026618;-0.0153722271;-0.0150145599,descriptive_exact_variant_no_ci_across_variants
bag8,groupby_train_only,train_only_version,baselines,tabred_delivery_eta,3,3,tabred_delivery_eta__gap_near,0.1571228260314691,0.3428914297323313,tabred_delivery_eta__gap_maxdiff,0.2496496029927623,0.4039205899235514,0.06102916019122012,higher_shift_more_helpful,nonmonotonic,mixed_or_tied,tabred_delivery_eta__gap_near;tabred_delivery_eta__gap_far;tabred_delivery_eta__gap_maxdiff,0.157123;0.237934;0.249650,0.342891;-0.571502;0.403921,0.00196932875;-0.00318677947;0.00223528457,descriptive_exact_variant_no_ci_across_variants
bag8,groupby_train_only,train_only_version,baselines,tabred_homesite,2,2,tabred_homesite__gap_near,0.0437974647176086,-3.9117221845217993,tabred_homesite__gap_far,0.0830990647492541,-59.27325907253087,-55.36153688800907,higher_shift_more_harmful,not_assessed_two_windows,all_negative,tabred_homesite__gap_near;tabred_homesite__gap_far,0.043797;0.083099,-3.911722;-59.273259,-0.00179803673;-0.0616724698,descriptive_exact_variant_no_ci_across_variants
bag8,groupby_train_only,train_only_version,baselines,tabred_sberbank,2,2,tabred_sberbank__gap_near,0.2265311490062835,0.5000416714357211,tabred_sberbank__gap_far,0.235749592588427,0.5716665772659149,0.07162490583019376,higher_shift_more_helpful,not_assessed_two_windows,all_positive,tabred_sberbank__gap_near;tabred_sberbank__gap_far,0.226531;0.235750,0.500042;0.571667,0.00123908461;0.00205375098,descriptive_exact_variant_no_ci_across_variants
bag8,groupby_train_only,train_only_version,baselines,tabred_weather,3,3,tabred_weather__gap_near,0.0948655339805825,-0.3965966121262115,tabred_weather__gap_maxdiff,0.2280292319342118,0.2595398651038656,0.6561364772300771,higher_shift_more_helpful,nonmonotonic,mixed_or_tied,tabred_weather__gap_near;tabred_weather__gap_far;tabred_weather__gap_maxdiff,0.094866;0.101202;0.228029,-0.396597;-0.895021;0.259540,-0.00659540219;-0.0146989055;0.00465647267,descriptive_exact_variant_no_ci_across_variants
bag8,joint_freq_combined,test_time_variant,M1_joint_freq,tabred_delivery_eta,3,3,tabred_delivery_eta__gap_near,0.1571228260314691,0.0,tabred_delivery_eta__gap_maxdiff,0.2496496029927623,0.0,0.0,no_change,nondecreasing_with_tie,mixed_or_tied,tabred_delivery_eta__gap_near;tabred_delivery_eta__gap_far;tabred_delivery_eta__gap_maxdiff,0.157123;0.237934;0.249650,0.000000;0.000000;0.000000,0;0;0,descriptive_exact_variant_no_ci_across_variants
bag8,joint_freq_combined,test_time_variant,M1_joint_freq,tabred_homesite,2,2,tabred_homesite__gap_near,0.0437974647176086,0.6603133390378739,tabred_homesite__gap_far,0.0830990647492541,5.5231580566367535,4.86284471759888,higher_shift_more_helpful,not_assessed_two_windows,all_positive,tabred_homesite__gap_near;tabred_homesite__gap_far,0.043797;0.083099,0.660313;5.523158,0.000303515326;0.00574671958,descriptive_exact_variant_no_ci_across_variants
bag8,joint_freq_combined,test_time_variant,M1_joint_freq,tabred_sberbank,2,2,tabred_sberbank__gap_near,0.2265311490062835,0.0955698344580534,tabred_sberbank__gap_far,0.235749592588427,-0.270553315232754,-0.3661231496908074,higher_shift_more_harmful,not_assessed_two_windows,mixed_or_tied,tabred_sberbank__gap_near;tabred_sberbank__gap_far,0.226531;0.235750,0.095570;-0.270553,0.000236818485;-0.000971981148,descriptive_exact_variant_no_ci_across_variants
bag8,joint_freq_combined,test_time_variant,M1_joint_freq,tabred_weather,3,3,tabred_weather__gap_near,0.0948655339805825,0.0,tabred_weather__gap_maxdiff,0.2280292319342118,0.0,0.0,no_change,nondecreasing_with_tie,mixed_or_tied,tabred_weather__gap_near;tabred_weather__gap_far;tabred_weather__gap_maxdiff,0.094866;0.101202;0.228029,0.000000;0.000000;0.000000,0;0;0,descriptive_exact_variant_no_ci_across_variants
bag8,joint_freq_combined__sel_combined_intersection,test_time_variant,selective,tabred_delivery_eta,3,3,tabred_delivery_eta__gap_near,0.1571228260314691,-0.0003162236035135,tabred_delivery_eta__gap_maxdiff,0.2496496029927623,0.0127246481791217,0.0130408717826352,higher_shift_more_helpful,strictly_increasing,mixed_or_tied,tabred_delivery_eta__gap_near;tabred_delivery_eta__gap_far;tabred_delivery_eta__gap_maxdiff,0.157123;0.237934;0.249650,-0.000316;0.000014;0.012725,-1.8161674e-06;8.01690554e-08;7.04178256e-05,descriptive_exact_variant_no_ci_across_variants
bag8,joint_freq_combined__sel_combined_intersection,test_time_variant,selective,tabred_homesite,2,2,tabred_homesite__gap_near,0.0437974647176086,0.1870592747768552,tabred_homesite__gap_far,0.0830990647492541,-0.7442590386415672,-0.9313183134184224,higher_shift_more_harmful,not_assessed_two_windows,mixed_or_tied,tabred_homesite__gap_near;tabred_homesite__gap_far,0.043797;0.083099,0.187059;-0.744259,8.59824471e-05;-0.0007743845,descriptive_exact_variant_no_ci_across_variants
bag8,joint_freq_combined__sel_combined_intersection,test_time_variant,selective,tabred_sberbank,2,2,tabred_sberbank__gap_near,0.2265311490062835,0.2509193744751454,tabred_sberbank__gap_far,0.235749592588427,-0.6065584651837697,-0.8574778396589151,higher_shift_more_harmful,not_assessed_two_windows,mixed_or_tied,tabred_sberbank__gap_near;tabred_sberbank__gap_far,0.226531;0.235750,0.250919;-0.606558,0.000621768851;-0.00217910245,descriptive_exact_variant_no_ci_across_variants
bag8,joint_freq_combined__sel_combined_intersection,test_time_variant,selective,tabred_weather,3,3,tabred_weather__gap_near,0.0948655339805825,-0.0052414050691074,tabred_weather__gap_maxdiff,0.2280292319342118,0.0001036960916417,0.0053451011607490995,higher_shift_more_helpful,nonmonotonic,mixed_or_tied,tabred_weather__gap_near;tabred_weather__gap_far;tabred_weather__gap_maxdiff,0.094866;0.101202;0.228029,-0.005241;0.000835;0.000104,-8.71645734e-05;1.37189824e-05;1.86043873e-06,descriptive_exact_variant_no_ci_across_variants
bag8,joint_freq_combined__sel_combined_union,test_time_variant,selective,tabred_delivery_eta,3,3,tabred_delivery_eta__gap_near,0.1571228260314691,-0.0002439440108691,tabred_delivery_eta__gap_maxdiff,0.2496496029927623,0.0005790214824268,0.0008229654932958999,higher_shift_more_helpful,strictly_increasing,mixed_or_tied,tabred_delivery_eta__gap_near;tabred_delivery_eta__gap_far;tabred_delivery_eta__gap_maxdiff,0.157123;0.237934;0.249650,-0.000244;0.000077;0.000579,-1.40104393e-06;4.27568429e-07;3.20428771e-06,descriptive_exact_variant_no_ci_across_variants
bag8,joint_freq_combined__sel_combined_union,test_time_variant,selective,tabred_homesite,2,2,tabred_homesite__gap_near,0.0437974647176086,0.6620836160856365,tabred_homesite__gap_far,0.0830990647492541,3.290120254533875,2.628036638448238,higher_shift_more_helpful,not_assessed_two_windows,all_positive,tabred_homesite__gap_near;tabred_homesite__gap_far,0.043797;0.083099,0.662084;3.290120,0.00030432904;0.00342329484,descriptive_exact_variant_no_ci_across_variants
bag8,joint_freq_combined__sel_combined_union,test_time_variant,selective,tabred_sberbank,2,2,tabred_sberbank__gap_near,0.2265311490062835,0.0959888555134545,tabred_sberbank__gap_far,0.235749592588427,-0.2835981444798456,-0.3795869999933001,higher_shift_more_harmful,not_assessed_two_windows,mixed_or_tied,tabred_sberbank__gap_near;tabred_sberbank__gap_far,0.226531;0.235750,0.095989;-0.283598,0.000237856804;-0.00101884558,descriptive_exact_variant_no_ci_across_variants
bag8,joint_freq_combined__sel_combined_union,test_time_variant,selective,tabred_weather,3,3,tabred_weather__gap_near,0.0948655339805825,0.0004698433117791,tabred_weather__gap_maxdiff,0.2280292319342118,0.0001814682309234,-0.00028837508085569996,higher_shift_more_harmful,nonmonotonic,mixed_or_tied,tabred_weather__gap_near;tabred_weather__gap_far;tabred_weather__gap_maxdiff,0.094866;0.101202;0.228029,0.000470;-0.001565;0.000181,7.81349491e-06;-2.56955634e-05;3.25576904e-06,descriptive_exact_variant_no_ci_across_variants
bag8,joint_freq_separate,test_time_variant,M1_joint_freq,tabred_delivery_eta,3,3,tabred_delivery_eta__gap_near,0.1571228260314691,0.0,tabred_delivery_eta__gap_maxdiff,0.2496496029927623,0.0,0.0,no_change,nondecreasing_with_tie,mixed_or_tied,tabred_delivery_eta__gap_near;tabred_delivery_eta__gap_far;tabred_delivery_eta__gap_maxdiff,0.157123;0.237934;0.249650,0.000000;0.000000;0.000000,0;0;0,descriptive_exact_variant_no_ci_across_variants
bag8,joint_freq_separate,test_time_variant,M1_joint_freq,tabred_homesite,2,2,tabred_homesite__gap_near,0.0437974647176086,0.4443395391379028,tabred_homesite__gap_far,0.0830990647492541,-1.0693347028048958,-1.5136742419427986,higher_shift_more_harmful,not_assessed_two_windows,mixed_or_tied,tabred_homesite__gap_near;tabred_homesite__gap_far,0.043797;0.083099,0.444340;-1.069335,0.000204242217;-0.00111261829,descriptive_exact_variant_no_ci_across_variants
bag8,joint_freq_separate,test_time_variant,M1_joint_freq,tabred_sberbank,2,2,tabred_sberbank__gap_near,0.2265311490062835,0.577573417583495,tabred_sberbank__gap_far,0.235749592588427,1.568228250993977,0.9906548334104819,higher_shift_more_helpful,not_assessed_two_windows,all_positive,tabred_sberbank__gap_near;tabred_sberbank__gap_far,0.226531;0.235750,0.577573;1.568228,0.00143120539;0.00563396643,descriptive_exact_variant_no_ci_across_variants
bag8,joint_freq_separate,test_time_variant,M1_joint_freq,tabred_weather,3,3,tabred_weather__gap_near,0.0948655339805825,0.0,tabred_weather__gap_maxdiff,0.2280292319342118,0.0,0.0,no_change,nondecreasing_with_tie,mixed_or_tied,tabred_weather__gap_near;tabred_weather__gap_far;tabred_weather__gap_maxdiff,0.094866;0.101202;0.228029,0.000000;0.000000;0.000000,0;0;0,descriptive_exact_variant_no_ci_across_variants
bag8,joint_freq_separate__sel_combined_intersection,test_time_variant,selective,tabred_delivery_eta,3,3,tabred_delivery_eta__gap_near,0.1571228260314691,-0.0003162236035135,tabred_delivery_eta__gap_maxdiff,0.2496496029927623,0.0127246481791217,0.0130408717826352,higher_shift_more_helpful,strictly_increasing,mixed_or_tied,tabred_delivery_eta__gap_near;tabred_delivery_eta__gap_far;tabred_delivery_eta__gap_maxdiff,0.157123;0.237934;0.249650,-0.000316;0.000014;0.012725,-1.8161674e-06;8.01690554e-08;7.04178256e-05,descriptive_exact_variant_no_ci_across_variants
bag8,joint_freq_separate__sel_combined_intersection,test_time_variant,selective,tabred_homesite,2,2,tabred_homesite__gap_near,0.0437974647176086,0.4838757265516999,tabred_homesite__gap_far,0.0830990647492541,-0.6305998649645445,-1.1144755915162443,higher_shift_more_harmful,not_assessed_two_windows,mixed_or_tied,tabred_homesite__gap_near;tabred_homesite__gap_far,0.043797;0.083099,0.483876;-0.630600,0.000222415163;-0.00065612473,descriptive_exact_variant_no_ci_across_variants
bag8,joint_freq_separate__sel_combined_intersection,test_time_variant,selective,tabred_sberbank,2,2,tabred_sberbank__gap_near,0.2265311490062835,0.3944077298814681,tabred_sberbank__gap_far,0.235749592588427,-0.6805732519832701,-1.0749809818647382,higher_shift_more_harmful,not_assessed_two_windows,mixed_or_tied,tabred_sberbank__gap_near;tabred_sberbank__gap_far,0.226531;0.235750,0.394408;-0.680573,0.000977327643;-0.0024450056,descriptive_exact_variant_no_ci_across_variants
bag8,joint_freq_separate__sel_combined_intersection,test_time_variant,selective,tabred_weather,3,3,tabred_weather__gap_near,0.0948655339805825,-0.0052414050691074,tabred_weather__gap_maxdiff,0.2280292319342118,0.0001036960916417,0.0053451011607490995,higher_shift_more_helpful,nonmonotonic,mixed_or_tied,tabred_weather__gap_near;tabred_weather__gap_far;tabred_weather__gap_maxdiff,0.094866;0.101202;0.228029,-0.005241;0.000835;0.000104,-8.71645734e-05;1.37189824e-05;1.86043873e-06,descriptive_exact_variant_no_ci_across_variants
bag8,joint_freq_separate__sel_combined_union,test_time_variant,selective,tabred_delivery_eta,3,3,tabred_delivery_eta__gap_near,0.1571228260314691,-0.0002439440108691,tabred_delivery_eta__gap_maxdiff,0.2496496029927623,0.0005790214824268,0.0008229654932958999,higher_shift_more_helpful,strictly_increasing,mixed_or_tied,tabred_delivery_eta__gap_near;tabred_delivery_eta__gap_far;tabred_delivery_eta__gap_maxdiff,0.157123;0.237934;0.249650,-0.000244;0.000077;0.000579,-1.40104393e-06;4.27568429e-07;3.20428771e-06,descriptive_exact_variant_no_ci_across_variants
bag8,joint_freq_separate__sel_combined_union,test_time_variant,selective,tabred_homesite,2,2,tabred_homesite__gap_near,0.0437974647176086,0.4461098161861484,tabred_homesite__gap_far,0.0830990647492541,-2.391795684601134,-2.8379055007872824,higher_shift_more_harmful,not_assessed_two_windows,mixed_or_tied,tabred_homesite__gap_near;tabred_homesite__gap_far,0.043797;0.083099,0.446110;-2.391796,0.000205055931;-0.00248860868,descriptive_exact_variant_no_ci_across_variants
bag8,joint_freq_separate__sel_combined_union,test_time_variant,selective,tabred_sberbank,2,2,tabred_sberbank__gap_near,0.2265311490062835,0.577573417583495,tabred_sberbank__gap_far,0.235749592588427,1.5669614867160715,0.9893880691325765,higher_shift_more_helpful,not_assessed_two_windows,all_positive,tabred_sberbank__gap_near;tabred_sberbank__gap_far,0.226531;0.235750,0.577573;1.566961,0.00143120539;0.00562941549,descriptive_exact_variant_no_ci_across_variants
bag8,joint_freq_separate__sel_combined_union,test_time_variant,selective,tabred_weather,3,3,tabred_weather__gap_near,0.0948655339805825,0.0004698433117791,tabred_weather__gap_maxdiff,0.2280292319342118,0.0001814682309234,-0.00028837508085569996,higher_shift_more_harmful,nonmonotonic,mixed_or_tied,tabred_weather__gap_near;tabred_weather__gap_far;tabred_weather__gap_maxdiff,0.094866;0.101202;0.228029,0.000470;-0.001565;0.000181,7.81349491e-06;-2.56955634e-05;3.25576904e-06,descriptive_exact_variant_no_ci_across_variants
bag8,joint_groupby_combined,test_time_variant,M14_groupby,tabred_delivery_eta,3,3,tabred_delivery_eta__gap_near,0.1571228260314691,0.3428914297323313,tabred_delivery_eta__gap_maxdiff,0.2496496029927623,0.4039205899235514,0.06102916019122012,higher_shift_more_helpful,nonmonotonic,mixed_or_tied,tabred_delivery_eta__gap_near;tabred_delivery_eta__gap_far;tabred_delivery_eta__gap_maxdiff,0.157123;0.237934;0.249650,0.342891;-0.571502;0.403921,0.00196932875;-0.00318677947;0.00223528457,descriptive_exact_variant_no_ci_across_variants
bag8,joint_groupby_combined,test_time_variant,M14_groupby,tabred_homesite,2,2,tabred_homesite__gap_near,0.0437974647176086,-3.912902369220308,tabred_homesite__gap_far,0.0830990647492541,-61.06182694087393,-57.14892457165362,higher_shift_more_harmful,not_assessed_two_windows,all_negative,tabred_homesite__gap_near;tabred_homesite__gap_far,0.043797;0.083099,-3.912902;-61.061827,-0.0017985792;-0.0635334337,descriptive_exact_variant_no_ci_across_variants
bag8,joint_groupby_combined,test_time_variant,M14_groupby,tabred_sberbank,2,2,tabred_sberbank__gap_near,0.2265311490062835,0.1898118422612462,tabred_sberbank__gap_far,0.235749592588427,1.0613464908882435,0.8715346486269973,higher_shift_more_helpful,not_assessed_two_windows,all_positive,tabred_sberbank__gap_near;tabred_sberbank__gap_far,0.226531;0.235750,0.189812;1.061346,0.000470346665;0.0038129593,descriptive_exact_variant_no_ci_across_variants
bag8,joint_groupby_combined,test_time_variant,M14_groupby,tabred_weather,3,3,tabred_weather__gap_near,0.0948655339805825,-0.3464537529903079,tabred_weather__gap_maxdiff,0.2280292319342118,0.0072886157104435,0.3537423687007514,higher_shift_more_helpful,nonmonotonic,mixed_or_tied,tabred_weather__gap_near;tabred_weather__gap_far;tabred_weather__gap_maxdiff,0.094866;0.101202;0.228029,-0.346454;-1.234501;0.007289,-0.00576152638;-0.0202741733;0.000130766963,descriptive_exact_variant_no_ci_across_variants
bag8,joint_groupby_combined__sel_combined_intersection,test_time_variant,selective,tabred_delivery_eta,3,3,tabred_delivery_eta__gap_near,0.1571228260314691,-0.0003162236035135,tabred_delivery_eta__gap_maxdiff,0.2496496029927623,0.0461862789683843,0.0465025025718978,higher_shift_more_helpful,strictly_increasing,mixed_or_tied,tabred_delivery_eta__gap_near;tabred_delivery_eta__gap_far;tabred_delivery_eta__gap_maxdiff,0.157123;0.237934;0.249650,-0.000316;0.000014;0.046186,-1.8161674e-06;8.01690554e-08;0.000255593498,descriptive_exact_variant_no_ci_across_variants
bag8,joint_groupby_combined__sel_combined_intersection,test_time_variant,selective,tabred_homesite,2,2,tabred_homesite__gap_near,0.0437974647176086,0.6550025078926541,tabred_homesite__gap_far,0.0830990647492541,0.4306535663172863,-0.22434894157536783,higher_shift_more_harmful,not_assessed_two_windows,all_positive,tabred_homesite__gap_near;tabred_homesite__gap_far,0.043797;0.083099,0.655003;0.430654,0.000301074184;0.000448085182,descriptive_exact_variant_no_ci_across_variants
bag8,joint_groupby_combined__sel_combined_intersection,test_time_variant,selective,tabred_sberbank,2,2,tabred_sberbank__gap_near,0.2265311490062835,-0.1184235278477329,tabred_sberbank__gap_far,0.235749592588427,0.6666907997197964,0.7851143275675293,higher_shift_more_helpful,not_assessed_two_windows,mixed_or_tied,tabred_sberbank__gap_near;tabred_sberbank__gap_far,0.226531;0.235750,-0.118424;0.666691,-0.000293449085;0.00239513195,descriptive_exact_variant_no_ci_across_variants
bag8,joint_groupby_combined__sel_combined_intersection,test_time_variant,selective,tabred_weather,3,3,tabred_weather__gap_near,0.0948655339805825,-0.0052414050691074,tabred_weather__gap_maxdiff,0.2280292319342118,0.0001036960916417,0.0053451011607490995,higher_shift_more_helpful,nonmonotonic,mixed_or_tied,tabred_weather__gap_near;tabred_weather__gap_far;tabred_weather__gap_maxdiff,0.094866;0.101202;0.228029,-0.005241;0.000835;0.000104,-8.71645734e-05;1.37189824e-05;1.86043873e-06,descriptive_exact_variant_no_ci_across_variants
bag8,joint_groupby_combined__sel_combined_union,test_time_variant,selective,tabred_delivery_eta,3,3,tabred_delivery_eta__gap_near,0.1571228260314691,0.091331088032815,tabred_delivery_eta__gap_maxdiff,0.2496496029927623,0.1082038698821734,0.016872781849358393,higher_shift_more_helpful,nonmonotonic,all_positive,tabred_delivery_eta__gap_near;tabred_delivery_eta__gap_far;tabred_delivery_eta__gap_maxdiff,0.157123;0.237934;0.249650,0.091331;0.022651;0.108204,0.000524541946;0.000126307281;0.000598797007,descriptive_exact_variant_no_ci_across_variants
bag8,joint_groupby_combined__sel_combined_union,test_time_variant,selective,tabred_homesite,2,2,tabred_homesite__gap_near,0.0437974647176086,0.4242763992567395,tabred_homesite__gap_far,0.0830990647492541,4.999178838538769,4.574902439282029,higher_shift_more_helpful,not_assessed_two_windows,all_positive,tabred_homesite__gap_near;tabred_homesite__gap_far,0.043797;0.083099,0.424276;4.999179,0.000195020125;0.00520153119,descriptive_exact_variant_no_ci_across_variants
bag8,joint_groupby_combined__sel_combined_union,test_time_variant,selective,tabred_sberbank,2,2,tabred_sberbank__gap_near,0.2265311490062835,0.7429462466746264,tabred_sberbank__gap_far,0.235749592588427,0.959071414627816,0.2161251679531896,higher_shift_more_helpful,not_assessed_two_windows,all_positive,tabred_sberbank__gap_near;tabred_sberbank__gap_far,0.226531;0.235750,0.742946;0.959071,0.00184099309;0.00344552915,descriptive_exact_variant_no_ci_across_variants
bag8,joint_groupby_combined__sel_combined_union,test_time_variant,selective,tabred_weather,3,3,tabred_weather__gap_near,0.0948655339805825,-0.1637761602611936,tabred_weather__gap_maxdiff,0.2280292319342118,0.0691410150755012,0.23291717533669481,higher_shift_more_helpful,nonmonotonic,mixed_or_tied,tabred_weather__gap_near;tabred_weather__gap_far;tabred_weather__gap_maxdiff,0.094866;0.101202;0.228029,-0.163776;-1.060512;0.069141,-0.00272359777;-0.0174167694;0.00124047705,descriptive_exact_variant_no_ci_across_variants
bag8,joint_groupby_mean_only,test_time_variant,M14_groupby,tabred_delivery_eta,3,3,tabred_delivery_eta__gap_near,0.1571228260314691,0.3428914297323313,tabred_delivery_eta__gap_maxdiff,0.2496496029927623,0.4039205899235514,0.06102916019122012,higher_shift_more_helpful,nonmonotonic,mixed_or_tied,tabred_delivery_eta__gap_near;tabred_delivery_eta__gap_far;tabred_delivery_eta__gap_maxdiff,0.157123;0.237934;0.249650,0.342891;-0.571502;0.403921,0.00196932875;-0.00318677947;0.00223528457,descriptive_exact_variant_no_ci_across_variants
bag8,joint_groupby_mean_only,test_time_variant,M14_groupby,tabred_homesite,2,2,tabred_homesite__gap_near,0.0437974647176086,-3.611955270999234,tabred_homesite__gap_far,0.0830990647492541,-61.40775749928972,-57.79580222829049,higher_shift_more_harmful,not_assessed_two_windows,all_negative,tabred_homesite__gap_near;tabred_homesite__gap_far,0.043797;0.083099,-3.611955;-61.407757,-0.00166024782;-0.0638933666,descriptive_exact_variant_no_ci_across_variants
bag8,joint_groupby_mean_only,test_time_variant,M14_groupby,tabred_sberbank,2,2,tabred_sberbank__gap_near,0.2265311490062835,0.5981918285266075,tabred_sberbank__gap_far,0.235749592588427,-2.434794618857848,-3.032986447384456,higher_shift_more_harmful,not_assessed_two_windows,mixed_or_tied,tabred_sberbank__gap_near;tabred_sberbank__gap_far,0.226531;0.235750,0.598192;-2.434795,0.00148229704;-0.00874716492,descriptive_exact_variant_no_ci_across_variants
bag8,joint_groupby_mean_only,test_time_variant,M14_groupby,tabred_weather,3,3,tabred_weather__gap_near,0.0948655339805825,-0.3344038807096277,tabred_weather__gap_maxdiff,0.2280292319342118,0.0273276399804047,0.3617315206900324,higher_shift_more_helpful,nonmonotonic,mixed_or_tied,tabred_weather__gap_near;tabred_weather__gap_far;tabred_weather__gap_maxdiff,0.094866;0.101202;0.228029,-0.334404;-0.788954;0.027328,-0.00556113699;-0.0129569692;0.000490292344,descriptive_exact_variant_no_ci_across_variants
bag8,joint_groupby_separate,test_time_variant,M14_groupby,tabred_delivery_eta,3,3,tabred_delivery_eta__gap_near,0.1571228260314691,0.3428914297323313,tabred_delivery_eta__gap_maxdiff,0.2496496029927623,0.4039205899235514,0.06102916019122012,higher_shift_more_helpful,nonmonotonic,mixed_or_tied,tabred_delivery_eta__gap_near;tabred_delivery_eta__gap_far;tabred_delivery_eta__gap_maxdiff,0.157123;0.237934;0.249650,0.342891;-0.571502;0.403921,0.00196932875;-0.00318677947;0.00223528457,descriptive_exact_variant_no_ci_across_variants
bag8,joint_groupby_separate,test_time_variant,M14_groupby,tabred_homesite,2,2,tabred_homesite__gap_near,0.0437974647176086,-3.287404478800748,tabred_homesite__gap_far,0.0830990647492541,-57.56420048852598,-54.27679600972523,higher_shift_more_harmful,not_assessed_two_windows,all_negative,tabred_homesite__gap_near;tabred_homesite__gap_far,0.043797;0.083099,-3.287404;-57.564200,-0.00151106692;-0.0598942335,descriptive_exact_variant_no_ci_across_variants
bag8,joint_groupby_separate,test_time_variant,M14_groupby,tabred_weather,3,3,tabred_weather__gap_near,0.0948655339805825,-0.5902548675832516,tabred_weather__gap_maxdiff,0.2280292319342118,-0.5156581902849273,0.07459667729832431,higher_shift_more_helpful,nonmonotonic,all_negative,tabred_weather__gap_near;tabred_weather__gap_far;tabred_weather__gap_maxdiff,0.094866;0.101202;0.228029,-0.590255;-1.417539;-0.515658,-0.00981593924;-0.0232802044;-0.00925155861,descriptive_exact_variant_no_ci_across_variants
bag8,joint_pca_10,test_time_variant,M3_joint_pca,tabred_delivery_eta,3,3,tabred_delivery_eta__gap_near,0.1571228260314691,0.2244955380024545,tabred_delivery_eta__gap_maxdiff,0.2496496029927623,0.0294564971336028,-0.1950390408688517,higher_shift_more_harmful,nonmonotonic,mixed_or_tied,tabred_delivery_eta__gap_near;tabred_delivery_eta__gap_far;tabred_delivery_eta__gap_maxdiff,0.157123;0.237934;0.249650,0.224496;-0.072760;0.029456,0.00128934549;-0.000405721573;0.000163011382,descriptive_exact_variant_no_ci_across_variants
bag8,joint_pca_10,test_time_variant,M3_joint_pca,tabred_homesite,2,2,tabred_homesite__gap_near,0.0437974647176086,1.7791284336000983,tabred_homesite__gap_far,0.0830990647492541,-3.947831482026922,-5.72695991562702,higher_shift_more_harmful,not_assessed_two_windows,mixed_or_tied,tabred_homesite__gap_near;tabred_homesite__gap_far,0.043797;0.083099,1.779128;-3.947831,0.00081778258;-0.00410762832,descriptive_exact_variant_no_ci_across_variants
bag8,joint_pca_10,test_time_variant,M3_joint_pca,tabred_sberbank,2,2,tabred_sberbank__gap_near,0.2265311490062835,-2.753968471594228,tabred_sberbank__gap_far,0.235749592588427,-2.464185183936077,0.289783287658151,higher_shift_more_helpful,not_assessed_two_windows,all_negative,tabred_sberbank__gap_near;tabred_sberbank__gap_far,0.226531;0.235750,-2.753968;-2.464185,-0.00682423115;-0.00885275252,descriptive_exact_variant_no_ci_across_variants
bag8,joint_pca_10,test_time_variant,M3_joint_pca,tabred_weather,3,3,tabred_weather__gap_near,0.0948655339805825,-0.2984389723843971,tabred_weather__gap_maxdiff,0.2280292319342118,-1.9817741589893447,-1.6833351866049475,higher_shift_more_harmful,nonmonotonic,mixed_or_tied,tabred_weather__gap_near;tabred_weather__gap_far;tabred_weather__gap_maxdiff,0.094866;0.101202;0.228029,-0.298439;0.097757;-1.981774,-0.00496304051;0.00160546344;-0.0355555291,descriptive_exact_variant_no_ci_across_variants
bag8,joint_pca_5,test_time_variant,M3_joint_pca,tabred_delivery_eta,3,3,tabred_delivery_eta__gap_near,0.1571228260314691,-0.0667145841223789,tabred_delivery_eta__gap_maxdiff,0.2496496029927623,0.042798235542732,0.10951281966511091,higher_shift_more_helpful,nonmonotonic,mixed_or_tied,tabred_delivery_eta__gap_near;tabred_delivery_eta__gap_far;tabred_delivery_eta__gap_maxdiff,0.157123;0.237934;0.249650,-0.066715;0.044368;0.042798,-0.00038316195;0.000247403125;0.000236844166,descriptive_exact_variant_no_ci_across_variants
bag8,joint_pca_5,test_time_variant,M3_joint_pca,tabred_homesite,2,2,tabred_homesite__gap_near,0.0437974647176086,0.1823385359808895,tabred_homesite__gap_far,0.0830990647492541,-1.477047885444193,-1.6593864214250826,higher_shift_more_harmful,not_assessed_two_windows,mixed_or_tied,tabred_homesite__gap_near;tabred_homesite__gap_far,0.043797;0.083099,0.182339;-1.477048,8.38125431e-05;-0.00153683453,descriptive_exact_variant_no_ci_across_variants
bag8,joint_pca_5,test_time_variant,M3_joint_pca,tabred_sberbank,2,2,tabred_sberbank__gap_near,0.2265311490062835,-2.5498590736047464,tabred_sberbank__gap_far,0.235749592588427,-4.286481099467419,-1.736622025862673,higher_shift_more_harmful,not_assessed_two_windows,all_negative,tabred_sberbank__gap_near;tabred_sberbank__gap_far,0.226531;0.235750,-2.549859;-4.286481,-0.00631845567;-0.0153994743,descriptive_exact_variant_no_ci_across_variants
bag8,joint_pca_5,test_time_variant,M3_joint_pca,tabred_weather,3,3,tabred_weather__gap_near,0.0948655339805825,-0.1506110997203702,tabred_weather__gap_maxdiff,0.2280292319342118,-1.285402328250658,-1.1347912285302877,higher_shift_more_harmful,strictly_decreasing,all_negative,tabred_weather__gap_near;tabred_weather__gap_far;tabred_weather__gap_maxdiff,0.094866;0.101202;0.228029,-0.150611;-0.198007;-1.285402,-0.00250466279;-0.00325186771;-0.0230617397,descriptive_exact_variant_no_ci_across_variants
bag8,joint_pca_var90,test_time_variant,M3_joint_pca,tabred_delivery_eta,3,3,tabred_delivery_eta__gap_near,0.1571228260314691,0.1787043225003387,tabred_delivery_eta__gap_maxdiff,0.2496496029927623,0.3162702887217111,0.13756596622137238,higher_shift_more_helpful,strictly_increasing,all_positive,tabred_delivery_eta__gap_near;tabred_delivery_eta__gap_far;tabred_delivery_eta__gap_maxdiff,0.157123;0.237934;0.249650,0.178704;0.197598;0.316270,0.00102635275;0.00110183638;0.0017502304,descriptive_exact_variant_no_ci_across_variants
bag8,joint_pca_var90,test_time_variant,M3_joint_pca,tabred_homesite,2,2,tabred_homesite__gap_near,0.0437974647176086,2.808839583395234,tabred_homesite__gap_far,0.0830990647492541,5.646723305083548,2.837883721688314,higher_shift_more_helpful,not_assessed_two_windows,all_positive,tabred_homesite__gap_near;tabred_homesite__gap_far,0.043797;0.083099,2.808840;5.646723,0.0012910929;0.00587528639,descriptive_exact_variant_no_ci_across_variants
bag8,joint_pca_var90,test_time_variant,M3_joint_pca,tabred_sberbank,2,2,tabred_sberbank__gap_near,0.2265311490062835,-1.6613757320363756,tabred_sberbank__gap_far,0.235749592588427,-4.218018448073968,-2.5566427160375924,higher_shift_more_harmful,not_assessed_two_windows,all_negative,tabred_sberbank__gap_near;tabred_sberbank__gap_far,0.226531;0.235750,-1.661376;-4.218018,-0.00411682709;-0.0151535176,descriptive_exact_variant_no_ci_across_variants
bag8,joint_pca_var90,test_time_variant,M3_joint_pca,tabred_weather,3,3,tabred_weather__gap_near,0.0948655339805825,-1.0096885364781445,tabred_weather__gap_maxdiff,0.2280292319342118,-1.2455540273485213,-0.23586549087037678,higher_shift_more_harmful,nonmonotonic,mixed_or_tied,tabred_weather__gap_near;tabred_weather__gap_far;tabred_weather__gap_maxdiff,0.094866;0.101202;0.228029,-1.009689;0.047441;-1.245554,-0.0167911217;0.000779114887;-0.0223468109,descriptive_exact_variant_no_ci_across_variants
bag8,joint_pca_var95,test_time_variant,M3_joint_pca,tabred_delivery_eta,3,3,tabred_delivery_eta__gap_near,0.1571228260314691,0.3274485911022042,tabred_delivery_eta__gap_maxdiff,0.2496496029927623,0.3677601977306655,0.04031160662846128,higher_shift_more_helpful,nonmonotonic,all_positive,tabred_delivery_eta__gap_near;tabred_delivery_eta__gap_far;tabred_delivery_eta__gap_maxdiff,0.157123;0.237934;0.249650,0.327449;0.403065;0.367760,0.00188063588;0.00224755267;0.00203517403,descriptive_exact_variant_no_ci_across_variants
bag8,joint_pca_var95,test_time_variant,M3_joint_pca,tabred_homesite,2,2,tabred_homesite__gap_near,0.0437974647176086,3.5299324344263354,tabred_homesite__gap_far,0.0830990647492541,5.671488492008563,2.1415560575822274,higher_shift_more_helpful,not_assessed_two_windows,all_positive,tabred_homesite__gap_near;tabred_homesite__gap_far,0.043797;0.083099,3.529932;5.671488,0.00162254574;0.005901054,descriptive_exact_variant_no_ci_across_variants
bag8,joint_pca_var95,test_time_variant,M3_joint_pca,tabred_sberbank,2,2,tabred_sberbank__gap_near,0.2265311490062835,-2.623819152819415,tabred_sberbank__gap_far,0.235749592588427,-4.281388370404835,-1.6575692175854204,higher_shift_more_harmful,not_assessed_two_windows,all_negative,tabred_sberbank__gap_near;tabred_sberbank__gap_far,0.226531;0.235750,-2.623819;-4.281388,-0.00650172599;-0.0153811783,descriptive_exact_variant_no_ci_across_variants
bag8,joint_pca_var95,test_time_variant,M3_joint_pca,tabred_weather,3,3,tabred_weather__gap_near,0.0948655339805825,-0.5052694503852152,tabred_weather__gap_maxdiff,0.2280292319342118,-1.2721249603494813,-0.7668555099642661,higher_shift_more_harmful,nonmonotonic,all_negative,tabred_weather__gap_near;tabred_weather__gap_far;tabred_weather__gap_maxdiff,0.094866;0.101202;0.228029,-0.505269;-0.410345;-1.272125,-0.00840263164;-0.00673907824;-0.022823527,descriptive_exact_variant_no_ci_across_variants
bag8,joint_scaling,test_time_variant,M5_joint_scaling,tabred_delivery_eta,3,3,tabred_delivery_eta__gap_near,0.1571228260314691,0.3884043833369546,tabred_delivery_eta__gap_maxdiff,0.2496496029927623,0.0266676611763055,-0.3617367221606491,higher_shift_more_harmful,nonmonotonic,mixed_or_tied,tabred_delivery_eta__gap_near;tabred_delivery_eta__gap_far;tabred_delivery_eta__gap_maxdiff,0.157123;0.237934;0.249650,0.388404;-0.104807;0.026668,0.00223072335;-0.000584420068;0.000147578046,descriptive_exact_variant_no_ci_across_variants
bag8,joint_scaling,test_time_variant,M5_joint_scaling,tabred_homesite,2,2,tabred_homesite__gap_near,0.0437974647176086,1.269878736022257,tabred_homesite__gap_far,0.0830990647492541,1.234349053578656,-0.035529682443600885,higher_shift_more_harmful,not_assessed_two_windows,all_positive,tabred_homesite__gap_near;tabred_homesite__gap_far,0.043797;0.083099,1.269879;1.234349,0.000583704183;0.00128431195,descriptive_exact_variant_no_ci_across_variants
bag8,joint_scaling,test_time_variant,M5_joint_scaling,tabred_sberbank,2,2,tabred_sberbank__gap_near,0.2265311490062835,-0.034069234930955,tabred_sberbank__gap_far,0.235749592588427,-0.3771706674879269,-0.3431014325569719,higher_shift_more_harmful,not_assessed_two_windows,all_negative,tabred_sberbank__gap_near;tabred_sberbank__gap_far,0.226531;0.235750,-0.034069;-0.377171,-8.44222934e-05;-0.00135501122,descriptive_exact_variant_no_ci_across_variants
bag8,joint_scaling,test_time_variant,M5_joint_scaling,tabred_weather,3,3,tabred_weather__gap_near,0.0948655339805825,0.0834512096009197,tabred_weather__gap_maxdiff,0.2280292319342118,-0.3385536885902237,-0.4220048981911434,higher_shift_more_harmful,nonmonotonic,mixed_or_tied,tabred_weather__gap_near;tabred_weather__gap_far;tabred_weather__gap_maxdiff,0.094866;0.101202;0.228029,0.083451;0.285119;-0.338554,0.00138779373;0.00468250603;-0.00607408037,descriptive_exact_variant_no_ci_across_variants
bag8,joint_tsne_2d_p30,test_time_variant,M3b_joint_tsne,tabred_delivery_eta,3,3,tabred_delivery_eta__gap_near,0.1571228260314691,0.1137427347712937,tabred_delivery_eta__gap_maxdiff,0.2496496029927623,0.5079323064579752,0.39418957168668145,higher_shift_more_helpful,strictly_increasing,all_positive,tabred_delivery_eta__gap_near;tabred_delivery_eta__gap_far;tabred_delivery_eta__gap_maxdiff,0.157123;0.237934;0.249650,0.113743;0.219747;0.507932,0.000653258783;0.00122534065;0.00281088232,descriptive_exact_variant_no_ci_across_variants
bag8,joint_tsne_2d_p30,test_time_variant,M3b_joint_tsne,tabred_homesite,2,2,tabred_homesite__gap_near,0.0437974647176086,-2.490189714689531,tabred_homesite__gap_far,0.0830990647492541,-70.69079230350133,-68.20060258881179,higher_shift_more_harmful,not_assessed_two_windows,all_negative,tabred_homesite__gap_near;tabred_homesite__gap_far,0.043797;0.083099,-2.490190;-70.690792,-0.00114462437;-0.0735521519,descriptive_exact_variant_no_ci_across_variants
bag8,joint_tsne_2d_p30,test_time_variant,M3b_joint_tsne,tabred_sberbank,2,2,tabred_sberbank__gap_near,0.2265311490062835,-2.1921512284242395,tabred_sberbank__gap_far,0.235749592588427,0.9471234723384636,3.1392747007627033,higher_shift_more_helpful,not_assessed_two_windows,mixed_or_tied,tabred_sberbank__gap_near;tabred_sberbank__gap_far,0.226531;0.235750,-2.192151;0.947123,-0.00543206898;0.00340260536,descriptive_exact_variant_no_ci_across_variants
bag8,joint_tsne_2d_p30,test_time_variant,M3b_joint_tsne,tabred_weather,3,3,tabred_weather__gap_near,0.0948655339805825,0.3197582307832273,tabred_weather__gap_maxdiff,0.2280292319342118,0.1730220886483518,-0.14673614213487549,higher_shift_more_harmful,nonmonotonic,mixed_or_tied,tabred_weather__gap_near;tabred_weather__gap_far;tabred_weather__gap_maxdiff,0.094866;0.101202;0.228029,0.319758;-0.173099;0.173022,0.00531757981;-0.00284280108;0.00310423459,descriptive_exact_variant_no_ci_across_variants
bag8,joint_tsne_2d_p50,test_time_variant,M3b_joint_tsne,tabred_delivery_eta,3,3,tabred_delivery_eta__gap_near,0.1571228260314691,0.2525981012927089,tabred_delivery_eta__gap_maxdiff,0.2496496029927623,0.408986926262382,0.1563888249696731,higher_shift_more_helpful,nonmonotonic,mixed_or_tied,tabred_delivery_eta__gap_near;tabred_delivery_eta__gap_far;tabred_delivery_eta__gap_maxdiff,0.157123;0.237934;0.249650,0.252598;-0.056644;0.408987,0.00145074697;-0.000315856767;0.00226332152,descriptive_exact_variant_no_ci_across_variants
bag8,joint_tsne_2d_p50,test_time_variant,M3b_joint_tsne,tabred_homesite,2,2,tabred_homesite__gap_near,0.0437974647176086,-3.79134334523337,tabred_homesite__gap_far,0.0830990647492541,-68.71987445353663,-64.92853110830326,higher_shift_more_harmful,not_assessed_two_windows,all_negative,tabred_homesite__gap_near;tabred_homesite__gap_far,0.043797;0.083099,-3.791343;-68.719874,-0.00174270417;-0.071501457,descriptive_exact_variant_no_ci_across_variants
bag8,joint_tsne_2d_p50,test_time_variant,M3b_joint_tsne,tabred_sberbank,2,2,tabred_sberbank__gap_near,0.2265311490062835,1.7817445186328902,tabred_sberbank__gap_far,0.235749592588427,1.926323513258266,0.1445789946253757,higher_shift_more_helpful,not_assessed_two_windows,all_positive,tabred_sberbank__gap_near;tabred_sberbank__gap_far,0.226531;0.235750,1.781745;1.926324,0.00441509646;0.00692044796,descriptive_exact_variant_no_ci_across_variants
bag8,joint_tsne_2d_p50,test_time_variant,M3b_joint_tsne,tabred_weather,3,3,tabred_weather__gap_near,0.0948655339805825,0.5386918015221621,tabred_weather__gap_maxdiff,0.2280292319342118,-0.997788698852768,-1.53648050037493,higher_shift_more_harmful,strictly_decreasing,mixed_or_tied,tabred_weather__gap_near;tabred_weather__gap_far;tabred_weather__gap_maxdiff,0.094866;0.101202;0.228029,0.538692;-0.053908;-0.997789,0.00895844539;-0.000885321615;-0.0179015883,descriptive_exact_variant_no_ci_across_variants
bag8,joint_tsne_3d_p30,test_time_variant,M3b_joint_tsne,tabred_delivery_eta,3,3,tabred_delivery_eta__gap_near,0.1571228260314691,-0.008230522957962,tabred_delivery_eta__gap_maxdiff,0.2496496029927623,0.4575136953153801,0.4657442182733421,higher_shift_more_helpful,strictly_increasing,mixed_or_tied,tabred_delivery_eta__gap_near;tabred_delivery_eta__gap_far;tabred_delivery_eta__gap_maxdiff,0.157123;0.237934;0.249650,-0.008231;0.183933;0.457514,-4.72703722e-05;0.00102563731;0.00253186722,descriptive_exact_variant_no_ci_across_variants
bag8,joint_tsne_3d_p30,test_time_variant,M3b_joint_tsne,tabred_homesite,2,2,tabred_homesite__gap_near,0.0437974647176086,-2.8141504145397294,tabred_homesite__gap_far,0.0830990647492541,-66.5555274593788,-63.74137704483906,higher_shift_more_harmful,not_assessed_two_windows,all_negative,tabred_homesite__gap_near;tabred_homesite__gap_far,0.043797;0.083099,-2.814150;-66.555527,-0.00129353404;-0.0692495034,descriptive_exact_variant_no_ci_across_variants
bag8,joint_tsne_3d_p30,test_time_variant,M3b_joint_tsne,tabred_sberbank,2,2,tabred_sberbank__gap_near,0.2265311490062835,0.2462757122412444,tabred_sberbank__gap_far,0.235749592588427,-1.8884125095903173,-2.1346882218315617,higher_shift_more_harmful,not_assessed_two_windows,mixed_or_tied,tabred_sberbank__gap_near;tabred_sberbank__gap_far,0.226531;0.235750,0.246276;-1.888413,0.000610262029;-0.00678425011,descriptive_exact_variant_no_ci_across_variants
bag8,joint_tsne_3d_p30,test_time_variant,M3b_joint_tsne,tabred_weather,3,3,tabred_weather__gap_near,0.0948655339805825,0.2339144716555854,tabred_weather__gap_maxdiff,0.2280292319342118,-1.7350118863204052,-1.9689263579759906,higher_shift_more_harmful,strictly_decreasing,mixed_or_tied,tabred_weather__gap_near;tabred_weather__gap_far;tabred_weather__gap_maxdiff,0.094866;0.101202;0.228029,0.233914;-0.173704;-1.735012,0.00388999798;-0.00285272827;-0.0311283025,descriptive_exact_variant_no_ci_across_variants
bag8,label_prop_k10_a05,test_time_variant,M8_label_prop,tabred_delivery_eta,3,3,tabred_delivery_eta__gap_near,0.1571228260314691,0.2058116693405249,tabred_delivery_eta__gap_maxdiff,0.2496496029927623,-1.5250219850789328,-1.7308336544194578,higher_shift_more_harmful,strictly_decreasing,mixed_or_tied,tabred_delivery_eta__gap_near;tabred_delivery_eta__gap_far;tabred_delivery_eta__gap_maxdiff,0.157123;0.237934;0.249650,0.205812;-0.714749;-1.525022,0.0011820384;-0.00398555088;-0.00843942644,descriptive_exact_variant_no_ci_across_variants
bag8,label_prop_k10_a05,test_time_variant,M8_label_prop,tabred_homesite,2,2,tabred_homesite__gap_near,0.0437974647176086,0.3080282064142971,tabred_homesite__gap_far,0.0830990647492541,1.1657885887231867,0.8577603823088895,higher_shift_more_helpful,not_assessed_two_windows,all_positive,tabred_homesite__gap_near;tabred_homesite__gap_far,0.043797;0.083099,0.308028;1.165789,0.000141586238;0.00121297635,descriptive_exact_variant_no_ci_across_variants
bag8,label_prop_k10_a05,test_time_variant,M8_label_prop,tabred_sberbank,2,2,tabred_sberbank__gap_near,0.2265311490062835,-12.568727521229624,tabred_sberbank__gap_far,0.235749592588427,3.3925844299757952,15.961311951205419,higher_shift_more_helpful,not_assessed_two_windows,mixed_or_tied,tabred_sberbank__gap_near;tabred_sberbank__gap_far,0.226531;0.235750,-12.568728;3.392584,-0.031144838;0.0121880898,descriptive_exact_variant_no_ci_across_variants
bag8,label_prop_k10_a05,test_time_variant,M8_label_prop,tabred_weather,3,3,tabred_weather__gap_near,0.0948655339805825,-10.756053135776565,tabred_weather__gap_maxdiff,0.2280292319342118,-47.71819591920316,-36.9621427834266,higher_shift_more_harmful,nonmonotonic,all_negative,tabred_weather__gap_near;tabred_weather__gap_far;tabred_weather__gap_maxdiff,0.094866;0.101202;0.228029,-10.756053;-3.363151;-47.718196,-0.178873178;-0.055232939;-0.856124647,descriptive_exact_variant_no_ci_across_variants
bag8,label_prop_k15_a05,test_time_variant,M8_label_prop,tabred_delivery_eta,3,3,tabred_delivery_eta__gap_near,0.1571228260314691,0.2252290202526127,tabred_delivery_eta__gap_maxdiff,0.2496496029927623,-1.608642801453006,-1.833871821705619,higher_shift_more_harmful,strictly_decreasing,mixed_or_tied,tabred_delivery_eta__gap_near;tabred_delivery_eta__gap_far;tabred_delivery_eta__gap_maxdiff,0.157123;0.237934;0.249650,0.225229;-1.475669;-1.608643,0.0012935581;-0.00822855286;-0.00890218155,descriptive_exact_variant_no_ci_across_variants
bag8,label_prop_k15_a05,test_time_variant,M8_label_prop,tabred_homesite,2,2,tabred_homesite__gap_near,0.0437974647176086,0.5824211489097542,tabred_homesite__gap_far,0.0830990647492541,1.7171398555276385,1.1347187066178843,higher_shift_more_helpful,not_assessed_two_windows,all_positive,tabred_homesite__gap_near;tabred_homesite__gap_far,0.043797;0.083099,0.582421;1.717140,0.000267711909;0.00178664473,descriptive_exact_variant_no_ci_across_variants
bag8,label_prop_k15_a05,test_time_variant,M8_label_prop,tabred_sberbank,2,2,tabred_sberbank__gap_near,0.2265311490062835,-14.673896204964905,tabred_sberbank__gap_far,0.235749592588427,6.154774575608332,20.828670780573237,higher_shift_more_helpful,not_assessed_two_windows,mixed_or_tied,tabred_sberbank__gap_near;tabred_sberbank__gap_far,0.226531;0.235750,-14.673896;6.154775,-0.0363613675;0.0221114454,descriptive_exact_variant_no_ci_across_variants
bag8,label_prop_k15_a05,test_time_variant,M8_label_prop,tabred_weather,3,3,tabred_weather__gap_near,0.0948655339805825,-8.930598587842765,tabred_weather__gap_maxdiff,0.2280292319342118,-48.44256873586567,-39.511970148022904,higher_shift_more_harmful,nonmonotonic,all_negative,tabred_weather__gap_near;tabred_weather__gap_far;tabred_weather__gap_maxdiff,0.094866;0.101202;0.228029,-8.930599;-3.361641;-48.442569,-0.148515867;-0.0552081493;-0.869120809,descriptive_exact_variant_no_ci_across_variants
bag8,label_prop_k15_a08,test_time_variant,M8_label_prop,tabred_delivery_eta,3,3,tabred_delivery_eta__gap_near,0.1571228260314691,0.3713856003978554,tabred_delivery_eta__gap_maxdiff,0.2496496029927623,-1.1703136922037272,-1.5416992926015824,higher_shift_more_harmful,nonmonotonic,mixed_or_tied,tabred_delivery_eta__gap_near;tabred_delivery_eta__gap_far;tabred_delivery_eta__gap_maxdiff,0.157123;0.237934;0.249650,0.371386;-1.565176;-1.170314,0.00213297936;-0.00872765945;-0.00647648126,descriptive_exact_variant_no_ci_across_variants
bag8,label_prop_k15_a08,test_time_variant,M8_label_prop,tabred_homesite,2,2,tabred_homesite__gap_near,0.0437974647176086,0.1168382851919381,tabred_homesite__gap_far,0.0830990647492541,0.7498637914718957,0.6330255062799577,higher_shift_more_helpful,not_assessed_two_windows,all_positive,tabred_homesite__gap_near;tabred_homesite__gap_far,0.043797;0.083099,0.116838;0.749864,5.37051247e-05;0.000780216117,descriptive_exact_variant_no_ci_across_variants
bag8,label_prop_k15_a08,test_time_variant,M8_label_prop,tabred_sberbank,2,2,tabred_sberbank__gap_near,0.2265311490062835,-11.439748305664317,tabred_sberbank__gap_far,0.235749592588427,5.995952836294336,17.435701141958653,higher_shift_more_helpful,not_assessed_two_windows,mixed_or_tied,tabred_sberbank__gap_near;tabred_sberbank__gap_far,0.226531;0.235750,-11.439748;5.995953,-0.0283472696;0.0215408675,descriptive_exact_variant_no_ci_across_variants
bag8,label_prop_k15_a08,test_time_variant,M8_label_prop,tabred_weather,3,3,tabred_weather__gap_near,0.0948655339805825,-9.778947388817189,tabred_weather__gap_maxdiff,0.2280292319342118,-49.35921314483512,-39.58026575601793,higher_shift_more_harmful,nonmonotonic,all_negative,tabred_weather__gap_near;tabred_weather__gap_far;tabred_weather__gap_maxdiff,0.094866;0.101202;0.228029,-9.778947;-4.005518;-49.359213,-0.162623908;-0.0657825229;-0.885566567,descriptive_exact_variant_no_ci_across_variants
bag8,label_prop_v3_adaptive,test_time_variant,M8_label_prop,tabred_delivery_eta,3,3,tabred_delivery_eta__gap_near,0.1571228260314691,0.6293782411800066,tabred_delivery_eta__gap_maxdiff,0.2496496029927623,-2.439078164548912,-3.0684564057289188,higher_shift_more_harmful,nonmonotonic,mixed_or_tied,tabred_delivery_eta__gap_near;tabred_delivery_eta__gap_far;tabred_delivery_eta__gap_maxdiff,0.157123;0.237934;0.249650,0.629378;-2.734289;-2.439078,0.0036147088;-0.0152468107;-0.0134977862,descriptive_exact_variant_no_ci_across_variants
bag8,label_prop_v3_adaptive,test_time_variant,M8_label_prop,tabred_homesite,2,2,tabred_homesite__gap_near,0.0437974647176086,-5.077154574690804,tabred_homesite__gap_far,0.0830990647492541,5.669924374939714,10.747078949630517,higher_shift_more_helpful,not_assessed_two_windows,mixed_or_tied,tabred_homesite__gap_near;tabred_homesite__gap_far,0.043797;0.083099,-5.077155;5.669924,-0.00233373178;0.00589942658,descriptive_exact_variant_no_ci_across_variants
bag8,label_prop_v3_adaptive,test_time_variant,M8_label_prop,tabred_sberbank,2,2,tabred_sberbank__gap_near,0.2265311490062835,-22.161273803132627,tabred_sberbank__gap_far,0.235749592588427,-1.7925090026054993,20.368764800527128,higher_shift_more_helpful,not_assessed_two_windows,all_negative,tabred_sberbank__gap_near;tabred_sberbank__gap_far,0.226531;0.235750,-22.161274;-1.792509,-0.0549148099;-0.00643971025,descriptive_exact_variant_no_ci_across_variants
bag8,label_prop_v3_adaptive,test_time_variant,M8_label_prop,tabred_weather,3,3,tabred_weather__gap_near,0.0948655339805825,-5.435726918638732,tabred_weather__gap_maxdiff,0.2280292319342118,-11.27139775531466,-5.835670836675927,higher_shift_more_harmful,strictly_decreasing,all_negative,tabred_weather__gap_near;tabred_weather__gap_far;tabred_weather__gap_maxdiff,0.094866;0.101202;0.228029,-5.435727;-7.294386;-11.271398,-0.090396146;-0.119795518;-0.202223098,descriptive_exact_variant_no_ci_across_variants
bag8,label_prop_v3_t005_k10,test_time_variant,M8_label_prop,tabred_delivery_eta,3,3,tabred_delivery_eta__gap_near,0.1571228260314691,0.4811586524410222,tabred_delivery_eta__gap_maxdiff,0.2496496029927623,-2.500912177619943,-2.9820708300609655,higher_shift_more_harmful,strictly_decreasing,mixed_or_tied,tabred_delivery_eta__gap_near;tabred_delivery_eta__gap_far;tabred_delivery_eta__gap_maxdiff,0.157123;0.237934;0.249650,0.481159;-1.509279;-2.500912,0.00276343906;-0.00841597014;-0.0138399738,descriptive_exact_variant_no_ci_across_variants
bag8,label_prop_v3_t005_k10,test_time_variant,M8_label_prop,tabred_homesite,2,2,tabred_homesite__gap_near,0.0437974647176086,-1.313545569881558,tabred_homesite__gap_far,0.0830990647492541,28.80582268647529,30.11936825635685,higher_shift_more_helpful,not_assessed_two_windows,mixed_or_tied,tabred_homesite__gap_near;tabred_homesite__gap_far,0.043797;0.083099,-1.313546;28.805823,-0.000603775796;0.0299717994,descriptive_exact_variant_no_ci_across_variants
bag8,label_prop_v3_t005_k10,test_time_variant,M8_label_prop,tabred_sberbank,2,2,tabred_sberbank__gap_near,0.2265311490062835,-19.951738811162546,tabred_sberbank__gap_far,0.235749592588427,1.3891487190199543,21.3408875301825,higher_shift_more_helpful,not_assessed_two_windows,mixed_or_tied,tabred_sberbank__gap_near;tabred_sberbank__gap_far,0.226531;0.235750,-19.951739;1.389149,-0.0494396646;0.00499061106,descriptive_exact_variant_no_ci_across_variants
bag8,label_prop_v3_t005_k10,test_time_variant,M8_label_prop,tabred_weather,3,3,tabred_weather__gap_near,0.0948655339805825,-9.873774788565456,tabred_weather__gap_maxdiff,0.2280292319342118,-30.24676571187693,-20.372990923311473,higher_shift_more_harmful,strictly_decreasing,all_negative,tabred_weather__gap_near;tabred_weather__gap_far;tabred_weather__gap_maxdiff,0.094866;0.101202;0.228029,-9.873775;-24.992211;-30.246766,-0.164200888;-0.410446444;-0.542665143,descriptive_exact_variant_no_ci_across_variants
bag8,label_prop_v3_t005_k15,test_time_variant,M8_label_prop,tabred_delivery_eta,3,3,tabred_delivery_eta__gap_near,0.1571228260314691,0.485498345169169,tabred_delivery_eta__gap_maxdiff,0.2496496029927623,-2.266137030099952,-2.751635375269121,higher_shift_more_harmful,nonmonotonic,mixed_or_tied,tabred_delivery_eta__gap_near;tabred_delivery_eta__gap_far;tabred_delivery_eta__gap_maxdiff,0.157123;0.237934;0.249650,0.485498;-2.563171;-2.266137,0.00278836322;-0.0142926323;-0.0125407351,descriptive_exact_variant_no_ci_across_variants
bag8,label_prop_v3_t005_k15,test_time_variant,M8_label_prop,tabred_homesite,2,2,tabred_homesite__gap_near,0.0437974647176086,-4.318885905643888,tabred_homesite__gap_far,0.0830990647492541,20.64347776216543,24.962363667809317,higher_shift_more_helpful,not_assessed_two_windows,mixed_or_tied,tabred_homesite__gap_near;tabred_homesite__gap_far,0.043797;0.083099,-4.318886;20.643478,-0.00198519095;0.0214790663,descriptive_exact_variant_no_ci_across_variants
bag8,label_prop_v3_t005_k15,test_time_variant,M8_label_prop,tabred_sberbank,2,2,tabred_sberbank__gap_near,0.2265311490062835,-19.1462763097314,tabred_sberbank__gap_far,0.235749592588427,1.554177463379498,20.7004537731109,higher_shift_more_helpful,not_assessed_two_windows,mixed_or_tied,tabred_sberbank__gap_near;tabred_sberbank__gap_far,0.226531;0.235750,-19.146276;1.554177,-0.0474437585;0.00558348802,descriptive_exact_variant_no_ci_across_variants
bag8,label_prop_v3_t005_k15,test_time_variant,M8_label_prop,tabred_weather,3,3,tabred_weather__gap_near,0.0948655339805825,-8.12548604418736,tabred_weather__gap_maxdiff,0.2280292319342118,-25.38612651788236,-17.260640473695,higher_shift_more_harmful,strictly_decreasing,all_negative,tabred_weather__gap_near;tabred_weather__gap_far;tabred_weather__gap_maxdiff,0.094866;0.101202;0.228029,-8.125486;-18.993619;-25.386127,-0.135126844;-0.311931725;-0.455459143,descriptive_exact_variant_no_ci_across_variants
bag8,label_prop_v3_t01_k15,test_time_variant,M8_label_prop,tabred_delivery_eta,3,3,tabred_delivery_eta__gap_near,0.1571228260314691,0.2763370334472269,tabred_delivery_eta__gap_maxdiff,0.2496496029927623,-0.3797048650956657,-0.6560418985428926,higher_shift_more_harmful,nonmonotonic,mixed_or_tied,tabred_delivery_eta__gap_near;tabred_delivery_eta__gap_far;tabred_delivery_eta__gap_maxdiff,0.157123;0.237934;0.249650,0.276337;-0.931113;-0.379705,0.00158708681;-0.0051920274;-0.00210127546,descriptive_exact_variant_no_ci_across_variants
bag8,label_prop_v3_t01_k15,test_time_variant,M8_label_prop,tabred_homesite,2,2,tabred_homesite__gap_near,0.0437974647176086,-13.422240580650689,tabred_homesite__gap_far,0.0830990647492541,25.42185540780437,38.84409598845506,higher_shift_more_helpful,not_assessed_two_windows,mixed_or_tied,tabred_homesite__gap_near;tabred_homesite__gap_far,0.043797;0.083099,-13.422241;25.421855,-0.00616957963;0.0264508589,descriptive_exact_variant_no_ci_across_variants
bag8,label_prop_v3_t01_k15,test_time_variant,M8_label_prop,tabred_sberbank,2,2,tabred_sberbank__gap_near,0.2265311490062835,-3.188413099475232,tabred_sberbank__gap_far,0.235749592588427,2.384824773184273,5.573237872659505,higher_shift_more_helpful,not_assessed_two_windows,mixed_or_tied,tabred_sberbank__gap_near;tabred_sberbank__gap_far,0.226531;0.235750,-3.188413;2.384825,-0.00790076873;0.00856764486,descriptive_exact_variant_no_ci_across_variants
bag8,label_prop_v3_t01_k15,test_time_variant,M8_label_prop,tabred_weather,3,3,tabred_weather__gap_near,0.0948655339805825,-9.63254022552248,tabred_weather__gap_maxdiff,0.2280292319342118,-19.05328239546668,-9.420742169944202,higher_shift_more_harmful,nonmonotonic,all_negative,tabred_weather__gap_near;tabred_weather__gap_far;tabred_weather__gap_maxdiff,0.094866;0.101202;0.228029,-9.632540;-52.314333;-19.053282,-0.160189157;-0.859156952;-0.341839928,descriptive_exact_variant_no_ci_across_variants
bag8,label_prop_weighted_adaptive_a05,test_time_variant,M8_label_prop,tabred_delivery_eta,3,3,tabred_delivery_eta__gap_near,0.1571228260314691,0.5572305591329434,tabred_delivery_eta__gap_maxdiff,0.2496496029927623,-1.335123569420618,-1.8923541285535614,higher_shift_more_harmful,nonmonotonic,mixed_or_tied,tabred_delivery_eta__gap_near;tabred_delivery_eta__gap_far;tabred_delivery_eta__gap_maxdiff,0.157123;0.237934;0.249650,0.557231;-1.973837;-1.335124,0.00320034293;-0.0110064136;-0.00738853424,descriptive_exact_variant_no_ci_across_variants
bag8,label_prop_weighted_adaptive_a05,test_time_variant,M8_label_prop,tabred_homesite,2,2,tabred_homesite__gap_near,0.0437974647176086,-16.604018528899672,tabred_homesite__gap_far,0.0830990647492541,20.227422621825315,36.831441150724984,higher_shift_more_helpful,not_assessed_two_windows,mixed_or_tied,tabred_homesite__gap_near;tabred_homesite__gap_far,0.043797;0.083099,-16.604019;20.227423,-0.00763209494;0.0210461704,descriptive_exact_variant_no_ci_across_variants
bag8,label_prop_weighted_adaptive_a05,test_time_variant,M8_label_prop,tabred_sberbank,2,2,tabred_sberbank__gap_near,0.2265311490062835,-4.171793256904834,tabred_sberbank__gap_far,0.235749592588427,-17.289991573585493,-13.118198316680658,higher_shift_more_harmful,not_assessed_two_windows,all_negative,tabred_sberbank__gap_near;tabred_sberbank__gap_far,0.226531;0.235750,-4.171793;-17.289992,-0.0103375481;-0.0621154682,descriptive_exact_variant_no_ci_across_variants
bag8,label_prop_weighted_adaptive_a05,test_time_variant,M8_label_prop,tabred_weather,3,3,tabred_weather__gap_near,0.0948655339805825,-9.565833495345316,tabred_weather__gap_maxdiff,0.2280292319342118,-13.855796639581817,-4.2899631442365,higher_shift_more_harmful,strictly_decreasing,all_negative,tabred_weather__gap_near;tabred_weather__gap_far;tabred_weather__gap_maxdiff,0.094866;0.101202;0.228029,-9.565833;-11.226581;-13.855797,-0.159079824;-0.18437386;-0.248590475,descriptive_exact_variant_no_ci_across_variants
bag8,label_prop_weighted_k10_a05,test_time_variant,M8_label_prop,tabred_delivery_eta,3,3,tabred_delivery_eta__gap_near,0.1571228260314691,0.524668549400376,tabred_delivery_eta__gap_maxdiff,0.2496496029927623,-1.738094131071979,-2.2627626804723553,higher_shift_more_harmful,strictly_decreasing,mixed_or_tied,tabred_delivery_eta__gap_near;tabred_delivery_eta__gap_far;tabred_delivery_eta__gap_maxdiff,0.157123;0.237934;0.249650,0.524669;-1.526736;-1.738094,0.0030133295;-0.00851331417;-0.00961856137,descriptive_exact_variant_no_ci_across_variants
bag8,label_prop_weighted_k10_a05,test_time_variant,M8_label_prop,tabred_homesite,2,2,tabred_homesite__gap_near,0.0437974647176086,-31.199362700262085,tabred_homesite__gap_far,0.0830990647492541,40.40192594948409,71.60128864974618,higher_shift_more_helpful,not_assessed_two_windows,mixed_or_tied,tabred_homesite__gap_near;tabred_homesite__gap_far,0.043797;0.083099,-31.199363;40.401926,-0.0143408957;0.0420372795,descriptive_exact_variant_no_ci_across_variants
bag8,label_prop_weighted_k10_a05,test_time_variant,M8_label_prop,tabred_sberbank,2,2,tabred_sberbank__gap_near,0.2265311490062835,-12.67444249148117,tabred_sberbank__gap_far,0.235749592588427,0.0936715443419087,12.768114035823078,higher_shift_more_helpful,not_assessed_two_windows,mixed_or_tied,tabred_sberbank__gap_near;tabred_sberbank__gap_far,0.226531;0.235750,-12.674442;0.093672,-0.0314067957;0.000336521381,descriptive_exact_variant_no_ci_across_variants
bag8,label_prop_weighted_k10_a05,test_time_variant,M8_label_prop,tabred_weather,3,3,tabred_weather__gap_near,0.0948655339805825,-18.09679140055145,tabred_weather__gap_maxdiff,0.2280292319342118,-38.71040386759727,-20.613612467045822,higher_shift_more_harmful,strictly_decreasing,all_negative,tabred_weather__gap_near;tabred_weather__gap_far;tabred_weather__gap_maxdiff,0.094866;0.101202;0.228029,-18.096791;-31.824266;-38.710404,-0.300949665;-0.522649103;-0.694513491,descriptive_exact_variant_no_ci_across_variants
bag8,label_prop_weighted_k15_a05,test_time_variant,M8_label_prop,tabred_delivery_eta,3,3,tabred_delivery_eta__gap_near,0.1571228260314691,0.6010373531793505,tabred_delivery_eta__gap_maxdiff,0.2496496029927623,-1.380805348728964,-1.9818427019083145,higher_shift_more_harmful,nonmonotonic,mixed_or_tied,tabred_delivery_eta__gap_near;tabred_delivery_eta__gap_far;tabred_delivery_eta__gap_maxdiff,0.157123;0.237934;0.249650,0.601037;-1.618623;-1.380805,0.00345193854;-0.00902568693;-0.00764133585,descriptive_exact_variant_no_ci_across_variants
bag8,label_prop_weighted_k15_a05,test_time_variant,M8_label_prop,tabred_homesite,2,2,tabred_homesite__gap_near,0.0437974647176086,-30.34136842415788,tabred_homesite__gap_far,0.0830990647492541,37.97884792350436,68.32021634766224,higher_shift_more_helpful,not_assessed_two_windows,mixed_or_tied,tabred_homesite__gap_near;tabred_homesite__gap_far,0.043797;0.083099,-30.341368;37.978848,-0.0139465157;0.0395161223,descriptive_exact_variant_no_ci_across_variants
bag8,label_prop_weighted_k15_a05,test_time_variant,M8_label_prop,tabred_sberbank,2,2,tabred_sberbank__gap_near,0.2265311490062835,-12.78614774794125,tabred_sberbank__gap_far,0.235749592588427,-5.401365263236817,7.3847824847044325,higher_shift_more_helpful,not_assessed_two_windows,all_negative,tabred_sberbank__gap_near;tabred_sberbank__gap_far,0.226531;0.235750,-12.786148;-5.401365,-0.0316835972;-0.0194047713,descriptive_exact_variant_no_ci_across_variants
bag8,label_prop_weighted_k15_a05,test_time_variant,M8_label_prop,tabred_weather,3,3,tabred_weather__gap_near,0.0948655339805825,-14.488955154404366,tabred_weather__gap_maxdiff,0.2280292319342118,-35.28814070955299,-20.799185555148625,higher_shift_more_harmful,strictly_decreasing,all_negative,tabred_weather__gap_near;tabred_weather__gap_far;tabred_weather__gap_maxdiff,0.094866;0.101202;0.228029,-14.488955;-23.871436;-35.288141,-0.240951344;-0.392039986;-0.633113772,descriptive_exact_variant_no_ci_across_variants
bag8,label_prop_weighted_k15_a08,test_time_variant,M8_label_prop,tabred_delivery_eta,3,3,tabred_delivery_eta__gap_near,0.1571228260314691,0.468599122823655,tabred_delivery_eta__gap_maxdiff,0.2496496029927623,-1.4390202608848277,-1.9076193837084827,higher_shift_more_harmful,nonmonotonic,mixed_or_tied,tabred_delivery_eta__gap_near;tabred_delivery_eta__gap_far;tabred_delivery_eta__gap_maxdiff,0.157123;0.237934;0.249650,0.468599;-1.741081;-1.439020,0.00269130589;-0.00970853353;-0.00796349544,descriptive_exact_variant_no_ci_across_variants
bag8,label_prop_weighted_k15_a08,test_time_variant,M8_label_prop,tabred_homesite,2,2,tabred_homesite__gap_near,0.0437974647176086,-28.330923789572857,tabred_homesite__gap_far,0.0830990647492541,41.26010484798074,69.59102863755359,higher_shift_more_helpful,not_assessed_two_windows,mixed_or_tied,tabred_homesite__gap_near;tabred_homesite__gap_far,0.043797;0.083099,-28.330924;41.260105,-0.0130224078;0.042930195,descriptive_exact_variant_no_ci_across_variants
bag8,label_prop_weighted_k15_a08,test_time_variant,M8_label_prop,tabred_sberbank,2,2,tabred_sberbank__gap_near,0.2265311490062835,-12.11840263485905,tabred_sberbank__gap_far,0.235749592588427,0.2193671169882721,12.337769751847322,higher_shift_more_helpful,not_assessed_two_windows,mixed_or_tied,tabred_sberbank__gap_near;tabred_sberbank__gap_far,0.226531;0.235750,-12.118403;0.219367,-0.0300289497;0.000788091257,descriptive_exact_variant_no_ci_across_variants
bag8,label_prop_weighted_k15_a08,test_time_variant,M8_label_prop,tabred_weather,3,3,tabred_weather__gap_near,0.0948655339805825,-14.105686891322048,tabred_weather__gap_maxdiff,0.2280292319342118,-31.99444778189031,-17.888760890568264,higher_shift_more_harmful,strictly_decreasing,all_negative,tabred_weather__gap_near;tabred_weather__gap_far;tabred_weather__gap_maxdiff,0.094866;0.101202;0.228029,-14.105687;-24.082807;-31.994448,-0.234577592;-0.395511334;-0.574020765,descriptive_exact_variant_no_ci_across_variants
bag8,leaf_density_conf,test_time_variant,M18_leaf_density,tabred_delivery_eta,3,3,tabred_delivery_eta__gap_near,0.1571228260314691,0.3168389753660374,tabred_delivery_eta__gap_maxdiff,0.2496496029927623,0.0625196225838883,-0.2543193527821491,higher_shift_more_harmful,nonmonotonic,mixed_or_tied,tabred_delivery_eta__gap_near;tabred_delivery_eta__gap_far;tabred_delivery_eta__gap_maxdiff,0.157123;0.237934;0.249650,0.316839;-0.542487;0.062520,0.00181970166;-0.0030249909;0.000345981737,descriptive_exact_variant_no_ci_across_variants
bag8,leaf_density_conf,test_time_variant,M18_leaf_density,tabred_homesite,2,2,tabred_homesite__gap_near,0.0437974647176086,-0.8054760570024662,tabred_homesite__gap_far,0.0830990647492541,-8.843908937104256,-8.03843288010179,higher_shift_more_harmful,not_assessed_two_windows,all_negative,tabred_homesite__gap_near;tabred_homesite__gap_far,0.043797;0.083099,-0.805476;-8.843909,-0.000370239875;-0.00920188489,descriptive_exact_variant_no_ci_across_variants
bag8,leaf_density_conf,test_time_variant,M18_leaf_density,tabred_sberbank,2,2,tabred_sberbank__gap_near,0.2265311490062835,-1.4412835585234671,tabred_sberbank__gap_far,0.235749592588427,1.6761184504351694,3.1174020089586367,higher_shift_more_helpful,not_assessed_two_windows,mixed_or_tied,tabred_sberbank__gap_near;tabred_sberbank__gap_far,0.226531;0.235750,-1.441284;1.676118,-0.0035714469;0.00602156929,descriptive_exact_variant_no_ci_across_variants
bag8,leaf_density_conf,test_time_variant,M18_leaf_density,tabred_weather,3,3,tabred_weather__gap_near,0.0948655339805825,-0.0792813854066749,tabred_weather__gap_maxdiff,0.2280292319342118,-0.0915772209582268,-0.012295835551551906,higher_shift_more_harmful,nonmonotonic,mixed_or_tied,tabred_weather__gap_near;tabred_weather__gap_far;tabred_weather__gap_maxdiff,0.094866;0.101202;0.228029,-0.079281;0.316333;-0.091577,-0.00131844955;0.00519513203;-0.0016430109,descriptive_exact_variant_no_ci_across_variants
bag8,leaf_density_conf_cumshift,test_time_variant,M18_leaf_density,tabred_delivery_eta,3,3,tabred_delivery_eta__gap_near,0.1571228260314691,0.3686333019072088,tabred_delivery_eta__gap_maxdiff,0.2496496029927623,0.0410555797701596,-0.32757772213704917,higher_shift_more_harmful,strictly_decreasing,all_positive,tabred_delivery_eta__gap_near;tabred_delivery_eta__gap_far;tabred_delivery_eta__gap_maxdiff,0.157123;0.237934;0.249650,0.368633;0.167269;0.041056,0.00211717208;0.000932718554;0.000227200361,descriptive_exact_variant_no_ci_across_variants
bag8,leaf_density_conf_cumshift,test_time_variant,M18_leaf_density,tabred_homesite,2,2,tabred_homesite__gap_near,0.0437974647176086,0.1262797627829033,tabred_homesite__gap_far,0.0830990647492541,-13.976819785038302,-14.103099547821206,higher_shift_more_harmful,not_assessed_two_windows,mixed_or_tied,tabred_homesite__gap_near;tabred_homesite__gap_far,0.043797;0.083099,0.126280;-13.976820,5.80449327e-05;-0.0145425612,descriptive_exact_variant_no_ci_across_variants
bag8,leaf_density_conf_cumshift,test_time_variant,M18_leaf_density,tabred_sberbank,2,2,tabred_sberbank__gap_near,0.2265311490062835,-0.6138569702763041,tabred_sberbank__gap_far,0.235749592588427,0.9203944416625632,1.5342514119388673,higher_shift_more_helpful,not_assessed_two_windows,mixed_or_tied,tabred_sberbank__gap_near;tabred_sberbank__gap_far,0.226531;0.235750,-0.613857;0.920394,-0.00152111468;0.0033065795,descriptive_exact_variant_no_ci_across_variants
bag8,leaf_density_conf_cumshift,test_time_variant,M18_leaf_density,tabred_weather,3,3,tabred_weather__gap_near,0.0948655339805825,-0.5227148110649467,tabred_weather__gap_maxdiff,0.2280292319342118,0.3559925684924661,0.8787073795574127,higher_shift_more_helpful,strictly_increasing,mixed_or_tied,tabred_weather__gap_near;tabred_weather__gap_far;tabred_weather__gap_maxdiff,0.094866;0.101202;0.228029,-0.522715;0.318036;0.355993,-0.00869274801;0.00522309409;0.00638695588,descriptive_exact_variant_no_ci_across_variants
bag8,leaf_density_conf_deep,test_time_variant,M18_leaf_density,tabred_delivery_eta,3,3,tabred_delivery_eta__gap_near,0.1571228260314691,0.1980892407096477,tabred_delivery_eta__gap_maxdiff,0.2496496029927623,0.0483136005572832,-0.1497756401523645,higher_shift_more_harmful,nonmonotonic,all_positive,tabred_delivery_eta__gap_near;tabred_delivery_eta__gap_far;tabred_delivery_eta__gap_maxdiff,0.157123;0.237934;0.249650,0.198089;0.020370;0.048314,0.00113768617;0.000113584389;0.000267366033,descriptive_exact_variant_no_ci_across_variants
bag8,leaf_density_conf_deep,test_time_variant,M18_leaf_density,tabred_homesite,2,2,tabred_homesite__gap_near,0.0437974647176086,-7.245153866579831,tabred_homesite__gap_far,0.0830990647492541,-3.88683091633795,3.358322950241881,higher_shift_more_helpful,not_assessed_two_windows,all_negative,tabred_homesite__gap_near;tabred_homesite__gap_far,0.043797;0.083099,-7.245154;-3.886831,-0.00333026021;-0.00404415863,descriptive_exact_variant_no_ci_across_variants
bag8,leaf_density_conf_deep,test_time_variant,M18_leaf_density,tabred_sberbank,2,2,tabred_sberbank__gap_near,0.2265311490062835,0.4730336679244749,tabred_sberbank__gap_far,0.235749592588427,1.180269605279887,0.707235937355412,higher_shift_more_helpful,not_assessed_two_windows,all_positive,tabred_sberbank__gap_near;tabred_sberbank__gap_far,0.226531;0.235750,0.473034;1.180270,0.00117215978;0.00424019866,descriptive_exact_variant_no_ci_across_variants
bag8,leaf_density_conf_deep,test_time_variant,M18_leaf_density,tabred_weather,3,3,tabred_weather__gap_near,0.0948655339805825,0.0367837718241255,tabred_weather__gap_maxdiff,0.2280292319342118,0.3227600112604267,0.2859762394363012,higher_shift_more_helpful,strictly_increasing,all_positive,tabred_weather__gap_near;tabred_weather__gap_far;tabred_weather__gap_maxdiff,0.094866;0.101202;0.228029,0.036784;0.063034;0.322760,0.000611714175;0.00103519777;0.00579072187,descriptive_exact_variant_no_ci_across_variants
bag8,leaf_density_conf_shallow,test_time_variant,M18_leaf_density,tabred_delivery_eta,3,3,tabred_delivery_eta__gap_near,0.1571228260314691,0.1263707197594503,tabred_delivery_eta__gap_maxdiff,0.2496496029927623,-0.2543576427942624,-0.3807283625537127,higher_shift_more_harmful,nonmonotonic,mixed_or_tied,tabred_delivery_eta__gap_near;tabred_delivery_eta__gap_far;tabred_delivery_eta__gap_maxdiff,0.157123;0.237934;0.249650,0.126371;-0.276765;-0.254358,0.000725785104;-0.00154328314;-0.00140760765,descriptive_exact_variant_no_ci_across_variants
bag8,leaf_density_conf_shallow,test_time_variant,M18_leaf_density,tabred_homesite,2,2,tabred_homesite__gap_near,0.0437974647176086,0.0371758180160558,tabred_homesite__gap_far,0.0830990647492541,-5.221022776151414,-5.25819859416747,higher_shift_more_harmful,not_assessed_two_windows,mixed_or_tied,tabred_homesite__gap_near;tabred_homesite__gap_far,0.043797;0.083099,0.037176;-5.221023,1.70879942e-05;-0.00543235473,descriptive_exact_variant_no_ci_across_variants
bag8,leaf_density_conf_shallow,test_time_variant,M18_leaf_density,tabred_sberbank,2,2,tabred_sberbank__gap_near,0.2265311490062835,0.4802147647696011,tabred_sberbank__gap_far,0.235749592588427,-0.809424365967999,-1.2896391307376,higher_shift_more_harmful,not_assessed_two_windows,mixed_or_tied,tabred_sberbank__gap_near;tabred_sberbank__gap_far,0.226531;0.235750,0.480215;-0.809424,0.00118995427;-0.00290791197,descriptive_exact_variant_no_ci_across_variants
bag8,leaf_density_conf_shallow,test_time_variant,M18_leaf_density,tabred_weather,3,3,tabred_weather__gap_near,0.0948655339805825,-0.6349951095922866,tabred_weather__gap_maxdiff,0.2280292319342118,0.1743502233473223,0.8093453329396089,higher_shift_more_helpful,nonmonotonic,mixed_or_tied,tabred_weather__gap_near;tabred_weather__gap_far;tabred_weather__gap_maxdiff,0.094866;0.101202;0.228029,-0.634995;0.199277;0.174350,-0.0105599695;0.00327272027;0.00312806301,descriptive_exact_variant_no_ci_across_variants
bag8,leaf_density_embed_k10,test_time_variant,M18_leaf_density,tabred_delivery_eta,3,3,tabred_delivery_eta__gap_near,0.1571228260314691,0.1162256902470281,tabred_delivery_eta__gap_maxdiff,0.2496496029927623,0.190645184142263,0.0744194938952349,higher_shift_more_helpful,nonmonotonic,all_positive,tabred_delivery_eta__gap_near;tabred_delivery_eta__gap_far;tabred_delivery_eta__gap_maxdiff,0.157123;0.237934;0.249650,0.116226;0.046276;0.190645,0.000667519144;0.000258043708;0.00105502479,descriptive_exact_variant_no_ci_across_variants
bag8,leaf_density_embed_k10,test_time_variant,M18_leaf_density,tabred_homesite,2,2,tabred_homesite__gap_near,0.0437974647176086,-0.3304517156934433,tabred_homesite__gap_far,0.0830990647492541,1.2028060260216749,1.533257741715118,higher_shift_more_helpful,not_assessed_two_windows,mixed_or_tied,tabred_homesite__gap_near;tabred_homesite__gap_far,0.043797;0.083099,-0.330452;1.202806,-0.000151893282;0.00125149215,descriptive_exact_variant_no_ci_across_variants
bag8,leaf_density_embed_k10,test_time_variant,M18_leaf_density,tabred_sberbank,2,2,tabred_sberbank__gap_near,0.2265311490062835,-1.0267418868424592,tabred_sberbank__gap_far,0.235749592588427,0.1403870745191384,1.1671289613615976,higher_shift_more_helpful,not_assessed_two_windows,mixed_or_tied,tabred_sberbank__gap_near;tabred_sberbank__gap_far,0.226531;0.235750,-1.026742;0.140387,-0.0025442281;0.000504350093,descriptive_exact_variant_no_ci_across_variants
bag8,leaf_density_embed_k10,test_time_variant,M18_leaf_density,tabred_weather,2,2,tabred_weather__gap_near,0.0948655339805825,0.0944397733763377,tabred_weather__gap_maxdiff,0.2280292319342118,-0.2938945198532578,-0.3883342932295955,higher_shift_more_harmful,not_assessed_two_windows,mixed_or_tied,tabred_weather__gap_near;tabred_weather__gap_maxdiff,0.094866;0.228029,0.094440;-0.293895,0.00157053356;-0.00527283853,descriptive_exact_variant_no_ci_across_variants
bag8,leaf_density_embed_k10_cumshift,test_time_variant,M18_leaf_density,tabred_delivery_eta,3,3,tabred_delivery_eta__gap_near,0.1571228260314691,0.2823485316385443,tabred_delivery_eta__gap_maxdiff,0.2496496029927623,0.0017127455224498,-0.28063578611609447,higher_shift_more_harmful,strictly_decreasing,all_positive,tabred_delivery_eta__gap_near;tabred_delivery_eta__gap_far;tabred_delivery_eta__gap_maxdiff,0.157123;0.237934;0.249650,0.282349;0.036592;0.001713,0.00162161265;0.000204040839;9.47828292e-06,descriptive_exact_variant_no_ci_across_variants
bag8,leaf_density_embed_k10_cumshift,test_time_variant,M18_leaf_density,tabred_homesite,2,2,tabred_homesite__gap_near,0.0437974647176086,-0.2690821113502372,tabred_homesite__gap_far,0.0830990647492541,4.360497702051266,4.629579813401503,higher_shift_more_helpful,not_assessed_two_windows,mixed_or_tied,tabred_homesite__gap_near;tabred_homesite__gap_far,0.043797;0.083099,-0.269082;4.360498,-0.00012368453;0.00453699808,descriptive_exact_variant_no_ci_across_variants
bag8,leaf_density_embed_k10_cumshift,test_time_variant,M18_leaf_density,tabred_sberbank,2,2,tabred_sberbank__gap_near,0.2265311490062835,-1.3412001144137422,tabred_sberbank__gap_far,0.235749592588427,-0.3213356963442822,1.01986441806946,higher_shift_more_helpful,not_assessed_two_windows,all_negative,tabred_sberbank__gap_near;tabred_sberbank__gap_far,0.226531;0.235750,-1.341200;-0.321336,-0.00332344386;-0.0011544203,descriptive_exact_variant_no_ci_across_variants
bag8,leaf_density_embed_k10_cumshift,test_time_variant,M18_leaf_density,tabred_weather,3,3,tabred_weather__gap_near,0.0948655339805825,0.0897672210648677,tabred_weather__gap_maxdiff,0.2280292319342118,-0.5366940892709793,-0.626461310335847,higher_shift_more_harmful,nonmonotonic,mixed_or_tied,tabred_weather__gap_near;tabred_weather__gap_far;tabred_weather__gap_maxdiff,0.094866;0.101202;0.228029,0.089767;0.190610;-0.536694,0.00149282901;0.00313039023;-0.00962896918,descriptive_exact_variant_no_ci_across_variants
bag8,leaf_density_embed_k20,test_time_variant,M18_leaf_density,tabred_delivery_eta,3,3,tabred_delivery_eta__gap_near,0.1571228260314691,0.1891317909902496,tabred_delivery_eta__gap_maxdiff,0.2496496029927623,0.0354237966507259,-0.1537079943395237,higher_shift_more_harmful,nonmonotonic,mixed_or_tied,tabred_delivery_eta__gap_near;tabred_delivery_eta__gap_far;tabred_delivery_eta__gap_maxdiff,0.157123;0.237934;0.249650,0.189132;-0.182901;0.035424,0.00108624084;-0.00101988654;0.00019603424,descriptive_exact_variant_no_ci_across_variants
bag8,leaf_density_embed_k20,test_time_variant,M18_leaf_density,tabred_homesite,2,2,tabred_homesite__gap_near,0.0437974647176086,-0.4939072964914363,tabred_homesite__gap_far,0.0830990647492541,-2.834701501291573,-2.3407942048001367,higher_shift_more_harmful,not_assessed_two_windows,all_negative,tabred_homesite__gap_near;tabred_homesite__gap_far,0.043797;0.083099,-0.493907;-2.834702,-0.000227026209;-0.00294944205,descriptive_exact_variant_no_ci_across_variants
bag8,leaf_density_embed_k20,test_time_variant,M18_leaf_density,tabred_sberbank,2,2,tabred_sberbank__gap_near,0.2265311490062835,-1.2425038810310176,tabred_sberbank__gap_far,0.235749592588427,0.6977172184841952,1.9402210995152127,higher_shift_more_helpful,not_assessed_two_windows,mixed_or_tied,tabred_sberbank__gap_near;tabred_sberbank__gap_far,0.226531;0.235750,-1.242504;0.697717,-0.00307887827;0.00250659646,descriptive_exact_variant_no_ci_across_variants
bag8,leaf_density_embed_k20,test_time_variant,M18_leaf_density,tabred_weather,3,3,tabred_weather__gap_near,0.0948655339805825,0.0080307447903767,tabred_weather__gap_maxdiff,0.2280292319342118,0.0965654150819033,0.0885346702915266,higher_shift_more_helpful,nonmonotonic,all_positive,tabred_weather__gap_near;tabred_weather__gap_far;tabred_weather__gap_maxdiff,0.094866;0.101202;0.228029,0.008031;0.218619;0.096565,0.000133551297;0.00359037101;0.0017325054,descriptive_exact_variant_no_ci_across_variants
bag8,leaf_density_embed_k5,test_time_variant,M18_leaf_density,tabred_delivery_eta,3,3,tabred_delivery_eta__gap_near,0.1571228260314691,0.2423587224974835,tabred_delivery_eta__gap_maxdiff,0.2496496029927623,0.0698668463470128,-0.17249187615047068,higher_shift_more_harmful,nonmonotonic,mixed_or_tied,tabred_delivery_eta__gap_near;tabred_delivery_eta__gap_far;tabred_delivery_eta__gap_maxdiff,0.157123;0.237934;0.249650,0.242359;-0.110638;0.069867,0.00139193914;-0.000616933678;0.000386641056,descriptive_exact_variant_no_ci_across_variants
bag8,leaf_density_embed_k5,test_time_variant,M18_leaf_density,tabred_homesite,2,2,tabred_homesite__gap_near,0.0437974647176086,-0.277343404242211,tabred_homesite__gap_far,0.0830990647492541,-0.5033850100234836,-0.22604160578127258,higher_shift_more_harmful,not_assessed_two_windows,all_negative,tabred_homesite__gap_near;tabred_homesite__gap_far,0.043797;0.083099,-0.277343;-0.503385,-0.000127481862;-0.000523760585,descriptive_exact_variant_no_ci_across_variants
bag8,leaf_density_embed_k5,test_time_variant,M18_leaf_density,tabred_sberbank,2,2,tabred_sberbank__gap_near,0.2265311490062835,-0.4132429580085118,tabred_sberbank__gap_far,0.235749592588427,0.6515066153787233,1.0647495733872352,higher_shift_more_helpful,not_assessed_two_windows,mixed_or_tied,tabred_sberbank__gap_near;tabred_sberbank__gap_far,0.226531;0.235750,-0.413243;0.651507,-0.00102400064;0.00234058173,descriptive_exact_variant_no_ci_across_variants
bag8,leaf_density_embed_k5,test_time_variant,M18_leaf_density,tabred_weather,3,3,tabred_weather__gap_near,0.0948655339805825,0.0496733654602442,tabred_weather__gap_maxdiff,0.2280292319342118,-0.2245534819286115,-0.2742268473888557,higher_shift_more_harmful,nonmonotonic,mixed_or_tied,tabred_weather__gap_near;tabred_weather__gap_far;tabred_weather__gap_maxdiff,0.094866;0.101202;0.228029,0.049673;0.339059;-0.224553,0.000826068135;0.00556836298;-0.00402877281,descriptive_exact_variant_no_ci_across_variants
bag8,nearest_test_k10_both,test_time_variant,M16_nearest_test_dist,tabred_delivery_eta,3,3,tabred_delivery_eta__gap_near,0.1571228260314691,0.0611990556758557,tabred_delivery_eta__gap_maxdiff,0.2496496029927623,0.099212439472422,0.038013383796566304,higher_shift_more_helpful,nonmonotonic,mixed_or_tied,tabred_delivery_eta__gap_near;tabred_delivery_eta__gap_far;tabred_delivery_eta__gap_maxdiff,0.157123;0.237934;0.249650,0.061199;-0.078885;0.099212,0.000351484609;-0.000439874416;0.000549038698,descriptive_exact_variant_no_ci_across_variants
bag8,nearest_test_k10_both,test_time_variant,M16_nearest_test_dist,tabred_homesite,2,2,tabred_homesite__gap_near,0.0437974647176086,-0.0495677573537749,tabred_homesite__gap_far,0.0830990647492541,-1.5870574526268424,-1.5374896952730674,higher_shift_more_harmful,not_assessed_two_windows,all_negative,tabred_homesite__gap_near;tabred_homesite__gap_far,0.043797;0.083099,-0.049568;-1.587057,-2.27839923e-05;-0.00165129697,descriptive_exact_variant_no_ci_across_variants
bag8,nearest_test_k10_both,test_time_variant,M16_nearest_test_dist,tabred_sberbank,2,2,tabred_sberbank__gap_near,0.2265311490062835,-13.500695595349429,tabred_sberbank__gap_far,0.235749592588427,-27.04681622319052,-13.54612062784109,higher_shift_more_harmful,not_assessed_two_windows,all_negative,tabred_sberbank__gap_near;tabred_sberbank__gap_far,0.226531;0.235750,-13.500696;-27.046816,-0.0334542201;-0.097167523,descriptive_exact_variant_no_ci_across_variants
bag8,nearest_test_k10_both,test_time_variant,M16_nearest_test_dist,tabred_weather,3,3,tabred_weather__gap_near,0.0948655339805825,-0.3792753354139478,tabred_weather__gap_maxdiff,0.2280292319342118,0.3927534096730141,0.7720287450869618,higher_shift_more_helpful,strictly_increasing,mixed_or_tied,tabred_weather__gap_near;tabred_weather__gap_far;tabred_weather__gap_maxdiff,0.094866;0.101202;0.228029,-0.379275;0.307111;0.392753,-0.00630734934;0.00504367915;0.00704649176,descriptive_exact_variant_no_ci_across_variants
bag8,nearest_test_k10_cumshift_both,test_time_variant,M16_nearest_test_dist,tabred_delivery_eta,3,3,tabred_delivery_eta__gap_near,0.1571228260314691,-0.0395156880028942,tabred_delivery_eta__gap_maxdiff,0.2496496029927623,-0.0160604277911367,0.0234552602117575,higher_shift_more_helpful,nonmonotonic,mixed_or_tied,tabred_delivery_eta__gap_near;tabred_delivery_eta__gap_far;tabred_delivery_eta__gap_maxdiff,0.157123;0.237934;0.249650,-0.039516;0.356272;-0.016060,-0.000226950498;0.00198662723;-8.88779311e-05,descriptive_exact_variant_no_ci_across_variants
bag8,nearest_test_k10_cumshift_both,test_time_variant,M16_nearest_test_dist,tabred_homesite,2,2,tabred_homesite__gap_near,0.0437974647176086,-1.687074027085048,tabred_homesite__gap_far,0.0830990647492541,-0.5969713479822526,1.0901026791027952,higher_shift_more_helpful,not_assessed_two_windows,all_negative,tabred_homesite__gap_near;tabred_homesite__gap_far,0.043797;0.083099,-1.687074;-0.596971,-0.000775469452;-0.000621135028,descriptive_exact_variant_no_ci_across_variants
bag8,nearest_test_k10_cumshift_both,test_time_variant,M16_nearest_test_dist,tabred_sberbank,2,2,tabred_sberbank__gap_near,0.2265311490062835,-1.2153662244635952,tabred_sberbank__gap_far,0.235749592588427,-14.329899592337052,-13.114533367873456,higher_shift_more_harmful,not_assessed_two_windows,all_negative,tabred_sberbank__gap_near;tabred_sberbank__gap_far,0.226531;0.235750,-1.215366;-14.329900,-0.00301163217;-0.0514811369,descriptive_exact_variant_no_ci_across_variants
bag8,nearest_test_k10_cumshift_both,test_time_variant,M16_nearest_test_dist,tabred_weather,3,3,tabred_weather__gap_near,0.0948655339805825,-0.7946391230185263,tabred_weather__gap_maxdiff,0.2280292319342118,0.1997254418577655,0.9943645648762919,higher_shift_more_helpful,nonmonotonic,mixed_or_tied,tabred_weather__gap_near;tabred_weather__gap_far;tabred_weather__gap_maxdiff,0.094866;0.101202;0.228029,-0.794639;0.303622;0.199725,-0.0132148497;0.00498637828;0.00358332645,descriptive_exact_variant_no_ci_across_variants
bag8,nearest_test_k10_filter_both,test_time_variant,M16_nearest_test_dist,tabred_delivery_eta,3,3,tabred_delivery_eta__gap_near,0.1571228260314691,0.2058161961445295,tabred_delivery_eta__gap_maxdiff,0.2496496029927623,0.0943176618189499,-0.1114985343255796,higher_shift_more_harmful,strictly_decreasing,all_positive,tabred_delivery_eta__gap_near;tabred_delivery_eta__gap_far;tabred_delivery_eta__gap_maxdiff,0.157123;0.237934;0.249650,0.205816;0.166060;0.094318,0.0011820644;0.000925973112;0.000521951143,descriptive_exact_variant_no_ci_across_variants
bag8,nearest_test_k10_filter_both,test_time_variant,M16_nearest_test_dist,tabred_homesite,2,2,tabred_homesite__gap_near,0.0437974647176086,-0.0802525595251364,tabred_homesite__gap_far,0.0830990647492541,-1.5761086331442555,-1.495856073619119,higher_shift_more_harmful,not_assessed_two_windows,all_negative,tabred_homesite__gap_near;tabred_homesite__gap_far,0.043797;0.083099,-0.080253;-1.576109,-3.68883685e-05;-0.00163990497,descriptive_exact_variant_no_ci_across_variants
bag8,nearest_test_k10_filter_both,test_time_variant,M16_nearest_test_dist,tabred_sberbank,2,2,tabred_sberbank__gap_near,0.2265311490062835,-6.504142034402355,tabred_sberbank__gap_far,0.235749592588427,-25.76898862218696,-19.264846587784604,higher_shift_more_harmful,not_assessed_two_windows,all_negative,tabred_sberbank__gap_near;tabred_sberbank__gap_far,0.226531;0.235750,-6.504142;-25.768989,-0.0161170214;-0.0925768406,descriptive_exact_variant_no_ci_across_variants
bag8,nearest_test_k10_filter_both,test_time_variant,M16_nearest_test_dist,tabred_weather,3,3,tabred_weather__gap_near,0.0948655339805825,-0.3962016138304526,tabred_weather__gap_maxdiff,0.2280292319342118,0.8095953934660675,1.20579700729652,higher_shift_more_helpful,strictly_increasing,mixed_or_tied,tabred_weather__gap_near;tabred_weather__gap_far;tabred_weather__gap_maxdiff,0.094866;0.101202;0.228029,-0.396202;0.309873;0.809595,-0.00658883337;0.00508904073;0.0145251629,descriptive_exact_variant_no_ci_across_variants
bag8,nearest_test_k5_both,test_time_variant,M16_nearest_test_dist,tabred_delivery_eta,3,3,tabred_delivery_eta__gap_near,0.1571228260314691,0.1943821440518471,tabred_delivery_eta__gap_maxdiff,0.2496496029927623,0.1190326525913505,-0.07534949146049659,higher_shift_more_harmful,nonmonotonic,all_positive,tabred_delivery_eta__gap_near;tabred_delivery_eta__gap_far;tabred_delivery_eta__gap_maxdiff,0.157123;0.237934;0.249650,0.194382;0.245066;0.119033,0.0011163952;0.00136652579;0.000658723169,descriptive_exact_variant_no_ci_across_variants
bag8,nearest_test_k5_both,test_time_variant,M16_nearest_test_dist,tabred_homesite,2,2,tabred_homesite__gap_near,0.0437974647176086,0.495677573540648,tabred_homesite__gap_far,0.0830990647492541,-0.285712051261246,-0.781389624801894,higher_shift_more_harmful,not_assessed_two_windows,mixed_or_tied,tabred_homesite__gap_near;tabred_homesite__gap_far,0.043797;0.083099,0.495678;-0.285712,0.000227839923;-0.000297276852,descriptive_exact_variant_no_ci_across_variants
bag8,nearest_test_k5_both,test_time_variant,M16_nearest_test_dist,tabred_sberbank,2,2,tabred_sberbank__gap_near,0.2265311490062835,-12.232347922870462,tabred_sberbank__gap_far,0.235749592588427,-21.64652492426973,-9.414177001399269,higher_shift_more_harmful,not_assessed_two_windows,all_negative,tabred_sberbank__gap_near;tabred_sberbank__gap_far,0.226531;0.235750,-12.232348;-21.646525,-0.0303113019;-0.07776661,descriptive_exact_variant_no_ci_across_variants
bag8,nearest_test_k5_both,test_time_variant,M16_nearest_test_dist,tabred_weather,3,3,tabred_weather__gap_near,0.0948655339805825,-0.4400712738945647,tabred_weather__gap_maxdiff,0.2280292319342118,0.8781615752706656,1.3182328491652302,higher_shift_more_helpful,nonmonotonic,mixed_or_tied,tabred_weather__gap_near;tabred_weather__gap_far;tabred_weather__gap_maxdiff,0.094866;0.101202;0.228029,-0.440071;1.013871;0.878162,-0.00731838588;0.0166507728;0.0157553267,descriptive_exact_variant_no_ci_across_variants
bag8,nearest_test_rel_k10_both,test_time_variant,M16_nearest_test_dist,tabred_delivery_eta,3,3,tabred_delivery_eta__gap_near,0.1571228260314691,0.0064918398161466,tabred_delivery_eta__gap_maxdiff,0.2496496029927623,0.1244499201161148,0.11795808029996821,higher_shift_more_helpful,nonmonotonic,mixed_or_tied,tabred_delivery_eta__gap_near;tabred_delivery_eta__gap_far;tabred_delivery_eta__gap_maxdiff,0.157123;0.237934;0.249650,0.006492;-0.059767;0.124450,3.72845913e-05;-0.000333270039;0.000688702167,descriptive_exact_variant_no_ci_across_variants
bag8,nearest_test_rel_k10_both,test_time_variant,M16_nearest_test_dist,tabred_homesite,2,2,tabred_homesite__gap_near,0.0437974647176086,-0.391231227686429,tabred_homesite__gap_far,0.0830990647492541,-0.0755989916659325,0.3156322360204965,higher_shift_more_helpful,not_assessed_two_windows,all_negative,tabred_homesite__gap_near;tabred_homesite__gap_far,0.043797;0.083099,-0.391231;-0.075599,-0.000179830796;-7.8659021e-05,descriptive_exact_variant_no_ci_across_variants
bag8,nearest_test_rel_k10_both,test_time_variant,M16_nearest_test_dist,tabred_sberbank,2,2,tabred_sberbank__gap_near,0.2265311490062835,-11.650026387123908,tabred_sberbank__gap_far,0.235749592588427,-19.394785356157964,-7.744758969034056,higher_shift_more_harmful,not_assessed_two_windows,all_negative,tabred_sberbank__gap_near;tabred_sberbank__gap_far,0.226531;0.235750,-11.650026;-19.394785,-0.0288683308;-0.0696770827,descriptive_exact_variant_no_ci_across_variants
bag8,nearest_test_rel_k10_both,test_time_variant,M16_nearest_test_dist,tabred_weather,3,3,tabred_weather__gap_near,0.0948655339805825,-0.5892649848721156,tabred_weather__gap_maxdiff,0.2280292319342118,1.3917793728215426,1.9810443576936583,higher_shift_more_helpful,strictly_increasing,mixed_or_tied,tabred_weather__gap_near;tabred_weather__gap_far;tabred_weather__gap_maxdiff,0.094866;0.101202;0.228029,-0.589265;0.540131;1.391779,-0.00979947749;0.00887055796;0.0249702781,descriptive_exact_variant_no_ci_across_variants
bag8,nearest_test_rel_k10_cumshift_both,test_time_variant,M16_nearest_test_dist,tabred_delivery_eta,3,3,tabred_delivery_eta__gap_near,0.1571228260314691,0.3391336182415844,tabred_delivery_eta__gap_maxdiff,0.2496496029927623,0.1309929290374944,-0.20814068920408998,higher_shift_more_harmful,strictly_decreasing,all_positive,tabred_delivery_eta__gap_near;tabred_delivery_eta__gap_far;tabred_delivery_eta__gap_maxdiff,0.157123;0.237934;0.249650,0.339134;0.211928;0.130993,0.00194774651;0.00118174147;0.000724910984,descriptive_exact_variant_no_ci_across_variants
bag8,nearest_test_rel_k10_cumshift_both,test_time_variant,M16_nearest_test_dist,tabred_homesite,2,2,tabred_homesite__gap_near,0.0437974647176086,0.7264036821765626,tabred_homesite__gap_far,0.0830990647492541,-2.4728690860082536,-3.1992727681848163,higher_shift_more_harmful,not_assessed_two_windows,mixed_or_tied,tabred_homesite__gap_near;tabred_homesite__gap_far,0.043797;0.083099,0.726404;-2.472869,0.000333893982;-0.0025729637,descriptive_exact_variant_no_ci_across_variants
bag8,nearest_test_rel_k10_cumshift_both,test_time_variant,M16_nearest_test_dist,tabred_sberbank,2,2,tabred_sberbank__gap_near,0.2265311490062835,-5.367537410044317,tabred_sberbank__gap_far,0.235749592588427,-22.387996301425154,-17.020458891380837,higher_shift_more_harmful,not_assessed_two_windows,all_negative,tabred_sberbank__gap_near;tabred_sberbank__gap_far,0.226531;0.235750,-5.367537;-22.387996,-0.0133005575;-0.0804303962,descriptive_exact_variant_no_ci_across_variants
bag8,nearest_test_rel_k10_cumshift_both,test_time_variant,M16_nearest_test_dist,tabred_weather,3,3,tabred_weather__gap_near,0.0948655339805825,-0.7055716715264411,tabred_weather__gap_maxdiff,0.2280292319342118,0.6597164083118593,1.3652880798383005,higher_shift_more_helpful,strictly_increasing,mixed_or_tied,tabred_weather__gap_near;tabred_weather__gap_far;tabred_weather__gap_maxdiff,0.094866;0.101202;0.228029,-0.705572;0.514449;0.659716,-0.0117336578;0.00844878167;0.0118361448,descriptive_exact_variant_no_ci_across_variants
bag8,nearest_test_rel_k5_both,test_time_variant,M16_nearest_test_dist,tabred_delivery_eta,3,3,tabred_delivery_eta__gap_near,0.1571228260314691,0.1965457319642117,tabred_delivery_eta__gap_maxdiff,0.2496496029927623,-0.1299031394799458,-0.3264488714441575,higher_shift_more_harmful,nonmonotonic,mixed_or_tied,tabred_delivery_eta__gap_near;tabred_delivery_eta__gap_far;tabred_delivery_eta__gap_maxdiff,0.157123;0.237934;0.249650,0.196546;0.287885;-0.129903,0.00112882133;0.00160529084;-0.000718880121,descriptive_exact_variant_no_ci_across_variants
bag8,nearest_test_rel_k5_both,test_time_variant,M16_nearest_test_dist,tabred_homesite,2,2,tabred_homesite__gap_near,0.0437974647176086,-0.3717581801547614,tabred_homesite__gap_far,0.0830990647492541,-0.9425108771307272,-0.5707526969759658,higher_shift_more_harmful,not_assessed_two_windows,all_negative,tabred_homesite__gap_near;tabred_homesite__gap_far,0.043797;0.083099,-0.371758;-0.942511,-0.000170879942;-0.000980661002,descriptive_exact_variant_no_ci_across_variants
bag8,nearest_test_rel_k5_both,test_time_variant,M16_nearest_test_dist,tabred_sberbank,2,2,tabred_sberbank__gap_near,0.2265311490062835,-14.207840737334084,tabred_sberbank__gap_far,0.235749592588427,-12.682901962886724,1.5249387744473601,higher_shift_more_helpful,not_assessed_two_windows,all_negative,tabred_sberbank__gap_near;tabred_sberbank__gap_far,0.226531;0.235750,-14.207841;-12.682902,-0.0352064994;-0.0455641861,descriptive_exact_variant_no_ci_across_variants
bag8,nearest_test_rel_k5_both,test_time_variant,M16_nearest_test_dist,tabred_weather,3,3,tabred_weather__gap_near,0.0948655339805825,-0.2886097581127137,tabred_weather__gap_maxdiff,0.2280292319342118,2.222698718273909,2.5113084763866227,higher_shift_more_helpful,strictly_increasing,mixed_or_tied,tabred_weather__gap_near;tabred_weather__gap_far;tabred_weather__gap_maxdiff,0.094866;0.101202;0.228029,-0.288610;1.038445;2.222699,-0.00479958067;0.01705436;0.0398780197,descriptive_exact_variant_no_ci_across_variants
bag8,neighbor_consensus_k10_dist,test_time_variant,M19_neighbor_consensus,tabred_delivery_eta,3,3,tabred_delivery_eta__gap_near,0.1571228260314691,0.0490538723783508,tabred_delivery_eta__gap_maxdiff,0.2496496029927623,-1.6007507504831957,-1.6498046228615466,higher_shift_more_harmful,nonmonotonic,mixed_or_tied,tabred_delivery_eta__gap_near;tabred_delivery_eta__gap_far;tabred_delivery_eta__gap_maxdiff,0.157123;0.237934;0.249650,0.049054;-1.727604;-1.600751,0.000281731163;-0.00963338236;-0.00885850718,descriptive_exact_variant_no_ci_across_variants
bag8,neighbor_consensus_k10_dist,test_time_variant,M19_neighbor_consensus,tabred_homesite,2,2,tabred_homesite__gap_near,0.0437974647176086,-4.366683385949901,tabred_homesite__gap_far,0.0830990647492541,-17.11535102697331,-12.74866764102341,higher_shift_more_harmful,not_assessed_two_windows,all_negative,tabred_homesite__gap_near;tabred_homesite__gap_far,0.043797;0.083099,-4.366683;-17.115351,-0.00200716123;-0.0178081311,descriptive_exact_variant_no_ci_across_variants
bag8,neighbor_consensus_k10_dist,test_time_variant,M19_neighbor_consensus,tabred_sberbank,2,2,tabred_sberbank__gap_near,0.2265311490062835,-20.14102029666025,tabred_sberbank__gap_far,0.235749592588427,-22.968424301936032,-2.827404005275781,higher_shift_more_harmful,not_assessed_two_windows,all_negative,tabred_sberbank__gap_near;tabred_sberbank__gap_far,0.226531;0.235750,-20.141020;-22.968424,-0.049908697;-0.0825156232,descriptive_exact_variant_no_ci_across_variants
bag8,neighbor_consensus_k10_dist,test_time_variant,M19_neighbor_consensus,tabred_weather,3,3,tabred_weather__gap_near,0.0948655339805825,-2.758719710117967,tabred_weather__gap_maxdiff,0.2280292319342118,-1.4023077160314597,1.3564119940865071,higher_shift_more_helpful,nonmonotonic,all_negative,tabred_weather__gap_near;tabred_weather__gap_far;tabred_weather__gap_maxdiff,0.094866;0.101202;0.228029,-2.758720;-0.302417;-1.402308,-0.0458775125;-0.00496658038;-0.0251591699,descriptive_exact_variant_no_ci_across_variants
bag8,neighbor_consensus_k10_dist_cumshift,test_time_variant,M19_neighbor_consensus,tabred_delivery_eta,3,3,tabred_delivery_eta__gap_near,0.1571228260314691,0.0440597239145545,tabred_delivery_eta__gap_maxdiff,0.2496496029927623,-1.7656428837613176,-1.8097026076758722,higher_shift_more_harmful,nonmonotonic,mixed_or_tied,tabred_delivery_eta__gap_near;tabred_delivery_eta__gap_far;tabred_delivery_eta__gap_maxdiff,0.157123;0.237934;0.249650,0.044060;-2.357552;-1.765643,0.000253048264;-0.0131460713;-0.00977101535,descriptive_exact_variant_no_ci_across_variants
bag8,neighbor_consensus_k10_dist_cumshift,test_time_variant,M19_neighbor_consensus,tabred_homesite,2,2,tabred_homesite__gap_near,0.0437974647176086,-7.4422447112969055,tabred_homesite__gap_far,0.0830990647492541,-31.996360820952965,-24.55411610965606,higher_shift_more_harmful,not_assessed_two_windows,all_negative,tabred_homesite__gap_near;tabred_homesite__gap_far,0.043797;0.083099,-7.442245;-31.996361,-0.0034208537;-0.0332914813,descriptive_exact_variant_no_ci_across_variants
bag8,neighbor_consensus_k10_dist_cumshift,test_time_variant,M19_neighbor_consensus,tabred_sberbank,2,2,tabred_sberbank__gap_near,0.2265311490062835,-16.283380790577404,tabred_sberbank__gap_far,0.235749592588427,-22.321934771390307,-6.038553980812903,higher_shift_more_harmful,not_assessed_two_windows,all_negative,tabred_sberbank__gap_near;tabred_sberbank__gap_far,0.226531;0.235750,-16.283381;-22.321935,-0.0403496102;-0.0801930657,descriptive_exact_variant_no_ci_across_variants
bag8,neighbor_consensus_k10_dist_cumshift,test_time_variant,M19_neighbor_consensus,tabred_weather,3,3,tabred_weather__gap_near,0.0948655339805825,-2.6971641826432764,tabred_weather__gap_maxdiff,0.2280292319342118,-1.3555632033815688,1.3416009792617076,higher_shift_more_helpful,nonmonotonic,mixed_or_tied,tabred_weather__gap_near;tabred_weather__gap_far;tabred_weather__gap_maxdiff,0.094866;0.101202;0.228029,-2.697164;0.026881;-1.355563,-0.044853844;0.000441460304;-0.0243205144,descriptive_exact_variant_no_ci_across_variants
bag8,neighbor_consensus_k10_uniform,test_time_variant,M19_neighbor_consensus,tabred_delivery_eta,3,3,tabred_delivery_eta__gap_near,0.1571228260314691,-0.0365397956074372,tabred_delivery_eta__gap_maxdiff,0.2496496029927623,-1.5627760504520165,-1.5262362548445794,higher_shift_more_harmful,strictly_decreasing,all_negative,tabred_delivery_eta__gap_near;tabred_delivery_eta__gap_far;tabred_delivery_eta__gap_maxdiff,0.157123;0.237934;0.249650,-0.036540;-1.528714;-1.562776,-0.000209859051;-0.00852434262;-0.00864835631,descriptive_exact_variant_no_ci_across_variants
bag8,neighbor_consensus_k10_uniform,test_time_variant,M19_neighbor_consensus,tabred_homesite,2,2,tabred_homesite__gap_near,0.0437974647176086,-4.216799929188618,tabred_homesite__gap_far,0.0830990647492541,-15.093729715356847,-10.87692978616823,higher_shift_more_harmful,not_assessed_two_windows,all_negative,tabred_homesite__gap_near;tabred_homesite__gap_far,0.043797;0.083099,-4.216800;-15.093730,-0.00193826677;-0.0157046804,descriptive_exact_variant_no_ci_across_variants
bag8,neighbor_consensus_k10_uniform,test_time_variant,M19_neighbor_consensus,tabred_sberbank,2,2,tabred_sberbank__gap_near,0.2265311490062835,-19.329031330060864,tabred_sberbank__gap_far,0.235749592588427,-16.19475058460708,3.134280745453786,higher_shift_more_helpful,not_assessed_two_windows,all_negative,tabred_sberbank__gap_near;tabred_sberbank__gap_far,0.226531;0.235750,-19.329031;-16.194751,-0.0478966187;-0.0581807406,descriptive_exact_variant_no_ci_across_variants
bag8,neighbor_consensus_k10_uniform,test_time_variant,M19_neighbor_consensus,tabred_weather,3,3,tabred_weather__gap_near,0.0948655339805825,-2.5725009039346136,tabred_weather__gap_maxdiff,0.2280292319342118,-1.9728004202422424,0.5997004836923712,higher_shift_more_helpful,nonmonotonic,all_negative,tabred_weather__gap_near;tabred_weather__gap_far;tabred_weather__gap_maxdiff,0.094866;0.101202;0.228029,-2.572501;-0.338768;-1.972800,-0.0427806935;-0.00556358099;-0.0353945289,descriptive_exact_variant_no_ci_across_variants
bag8,neighbor_consensus_k20_dist,test_time_variant,M19_neighbor_consensus,tabred_delivery_eta,3,3,tabred_delivery_eta__gap_near,0.1571228260314691,0.2469506889731754,tabred_delivery_eta__gap_maxdiff,0.2496496029927623,-1.615131255552061,-1.8620819445252363,higher_shift_more_harmful,strictly_decreasing,mixed_or_tied,tabred_delivery_eta__gap_near;tabred_delivery_eta__gap_far;tabred_delivery_eta__gap_maxdiff,0.157123;0.237934;0.249650,0.246951;-1.439056;-1.615131,0.00141831218;-0.00802439804;-0.00893808847,descriptive_exact_variant_no_ci_across_variants
bag8,neighbor_consensus_k20_dist,test_time_variant,M19_neighbor_consensus,tabred_homesite,2,2,tabred_homesite__gap_near,0.0437974647176086,-5.294898651638537,tabred_homesite__gap_far,0.0830990647492541,-15.21547016055672,-9.920571508918183,higher_shift_more_harmful,not_assessed_two_windows,all_negative,tabred_homesite__gap_near;tabred_homesite__gap_far,0.043797;0.083099,-5.294899;-15.215470,-0.00243381861;-0.0158313485,descriptive_exact_variant_no_ci_across_variants
bag8,neighbor_consensus_k20_dist,test_time_variant,M19_neighbor_consensus,tabred_sberbank,2,2,tabred_sberbank__gap_near,0.2265311490062835,-18.407045537392097,tabred_sberbank__gap_far,0.235749592588427,-21.462607561281605,-3.0555620238895074,higher_shift_more_harmful,not_assessed_two_windows,all_negative,tabred_sberbank__gap_near;tabred_sberbank__gap_far,0.226531;0.235750,-18.407046;-21.462608,-0.0456119723;-0.0771058744,descriptive_exact_variant_no_ci_across_variants
bag8,neighbor_consensus_k20_dist,test_time_variant,M19_neighbor_consensus,tabred_weather,3,3,tabred_weather__gap_near,0.0948655339805825,-2.704685418049895,tabred_weather__gap_maxdiff,0.2280292319342118,-1.542685680317549,1.161999737732346,higher_shift_more_helpful,nonmonotonic,all_negative,tabred_weather__gap_near;tabred_weather__gap_far;tabred_weather__gap_maxdiff,0.094866;0.101202;0.228029,-2.704685;-0.093670;-1.542686,-0.0449789221;-0.00153833967;-0.0276777277,descriptive_exact_variant_no_ci_across_variants
bag8,neighbor_consensus_k5_dist,test_time_variant,M19_neighbor_consensus,tabred_delivery_eta,3,3,tabred_delivery_eta__gap_near,0.1571228260314691,0.1091342797282068,tabred_delivery_eta__gap_maxdiff,0.2496496029927623,-1.7204496383356598,-1.8295839180638667,higher_shift_more_harmful,strictly_decreasing,mixed_or_tied,tabred_delivery_eta__gap_near;tabred_delivery_eta__gap_far;tabred_delivery_eta__gap_maxdiff,0.157123;0.237934;0.249650,0.109134;-1.487106;-1.720450,0.000626791038;-0.0082923312;-0.00952091727,descriptive_exact_variant_no_ci_across_variants
bag8,neighbor_consensus_k5_dist,test_time_variant,M19_neighbor_consensus,tabred_homesite,2,2,tabred_homesite__gap_near,0.0437974647176086,-3.526391880328878,tabred_homesite__gap_far,0.0830990647492541,-18.80902912646661,-15.28263724613773,higher_shift_more_harmful,not_assessed_two_windows,all_negative,tabred_homesite__gap_near;tabred_homesite__gap_far,0.043797;0.083099,-3.526392;-18.809029,-0.00162091831;-0.0195703644,descriptive_exact_variant_no_ci_across_variants
bag8,neighbor_consensus_k5_dist,test_time_variant,M19_neighbor_consensus,tabred_sberbank,2,2,tabred_sberbank__gap_near,0.2265311490062835,-15.57743870519282,tabred_sberbank__gap_far,0.235749592588427,-22.71638281326017,-7.138944108067351,higher_shift_more_harmful,not_assessed_two_windows,all_negative,tabred_sberbank__gap_near;tabred_sberbank__gap_far,0.226531;0.235750,-15.577439;-22.716383,-0.0386003121;-0.081610147,descriptive_exact_variant_no_ci_across_variants
bag8,neighbor_consensus_k5_dist,test_time_variant,M19_neighbor_consensus,tabred_weather,3,3,tabred_weather__gap_near,0.0948655339805825,-3.088414691931316,tabred_weather__gap_maxdiff,0.2280292319342118,-2.2137423703185144,0.8746723216128016,higher_shift_more_helpful,nonmonotonic,all_negative,tabred_weather__gap_near;tabred_weather__gap_far;tabred_weather__gap_maxdiff,0.094866;0.101202;0.228029,-3.088415;-0.411841;-2.213742,-0.0513603405;-0.00676365674;-0.0397173315,descriptive_exact_variant_no_ci_across_variants
bag8,neighbor_consensus_k5_dist_cumshift,test_time_variant,M19_neighbor_consensus,tabred_delivery_eta,3,3,tabred_delivery_eta__gap_near,0.1571228260314691,-0.1177602810340869,tabred_delivery_eta__gap_maxdiff,0.2496496029927623,-1.8483160933471043,-1.7305558123130174,higher_shift_more_harmful,nonmonotonic,all_negative,tabred_delivery_eta__gap_near;tabred_delivery_eta__gap_far;tabred_delivery_eta__gap_maxdiff,0.157123;0.237934;0.249650,-0.117760;-2.362113;-1.848316,-0.000676332761;-0.0131714995;-0.0102285264,descriptive_exact_variant_no_ci_across_variants
bag8,neighbor_consensus_k5_dist_cumshift,test_time_variant,M19_neighbor_consensus,tabred_homesite,2,2,tabred_homesite__gap_near,0.0437974647176086,-9.778125276605264,tabred_homesite__gap_far,0.0830990647492541,-27.055966715588823,-17.277841438983558,higher_shift_more_harmful,not_assessed_two_windows,all_negative,tabred_homesite__gap_near;tabred_homesite__gap_far,0.043797;0.083099,-9.778125;-27.055967,-0.00449454934;-0.0281511143,descriptive_exact_variant_no_ci_across_variants
bag8,neighbor_consensus_k5_dist_cumshift,test_time_variant,M19_neighbor_consensus,tabred_sberbank,2,2,tabred_sberbank__gap_near,0.2265311490062835,-13.860249625859003,tabred_sberbank__gap_far,0.235749592588427,-19.63474126197583,-5.774491636116826,higher_shift_more_harmful,not_assessed_two_windows,all_negative,tabred_sberbank__gap_near;tabred_sberbank__gap_far,0.226531;0.235750,-13.860250;-19.634741,-0.0343451816;-0.0705391406,descriptive_exact_variant_no_ci_across_variants
bag8,neighbor_consensus_k5_dist_cumshift,test_time_variant,M19_neighbor_consensus,tabred_weather,3,3,tabred_weather__gap_near,0.0948655339805825,-3.0770993600207883,tabred_weather__gap_maxdiff,0.2280292319342118,-1.734094533944621,1.3430048260761673,higher_shift_more_helpful,nonmonotonic,all_negative,tabred_weather__gap_near;tabred_weather__gap_far;tabred_weather__gap_maxdiff,0.094866;0.101202;0.228029,-3.077099;-0.420706;-1.734095,-0.0511721665;-0.00690924074;-0.0311118441,descriptive_exact_variant_no_ci_across_variants
bag8,ot_disp_v2_selective,test_time_variant,M9_ot_displacement,tabred_delivery_eta,3,3,tabred_delivery_eta__gap_near,0.1571228260314691,-4.038513308415101,tabred_delivery_eta__gap_maxdiff,0.2496496029927623,-3.968683772867868,0.0698295355472327,higher_shift_more_helpful,nonmonotonic,all_negative,tabred_delivery_eta__gap_near;tabred_delivery_eta__gap_far;tabred_delivery_eta__gap_maxdiff,0.157123;0.237934;0.249650,-4.038513;-6.817715;-3.968684,-0.0231943982;-0.038016618;-0.0219625783,descriptive_exact_variant_no_ci_across_variants
bag8,ot_disp_v2_selective,test_time_variant,M9_ot_displacement,tabred_homesite,2,2,tabred_homesite__gap_near,0.0437974647176086,-0.3811996577457266,tabred_homesite__gap_far,0.0830990647492541,-2.5513356256338144,-2.170135967888088,higher_shift_more_harmful,not_assessed_two_windows,all_negative,tabred_homesite__gap_near;tabred_homesite__gap_far,0.043797;0.083099,-0.381200;-2.551336,-0.00017521975;-0.00265460634,descriptive_exact_variant_no_ci_across_variants
bag8,ot_disp_v2_selective,test_time_variant,M9_ot_displacement,tabred_sberbank,2,2,tabred_sberbank__gap_near,0.2265311490062835,-49.2616852772827,tabred_sberbank__gap_far,0.235749592588427,-27.74063202383228,21.52105325345042,higher_shift_more_helpful,not_assessed_two_windows,all_negative,tabred_sberbank__gap_near;tabred_sberbank__gap_far,0.226531;0.235750,-49.261685;-27.740632,-0.122068619;-0.0996601033,descriptive_exact_variant_no_ci_across_variants
bag8,ot_disp_v2_selective,test_time_variant,M9_ot_displacement,tabred_weather,3,3,tabred_weather__gap_near,0.0948655339805825,-9.89702857747518,tabred_weather__gap_maxdiff,0.2280292319342118,-21.08247215626053,-11.18544357878535,higher_shift_more_harmful,strictly_decreasing,all_negative,tabred_weather__gap_near;tabred_weather__gap_far;tabred_weather__gap_maxdiff,0.094866;0.101202;0.228029,-9.897029;-20.367838;-21.082472,-0.164587599;-0.334500486;-0.378246153,descriptive_exact_variant_no_ci_across_variants
bag8,ot_disp_v2_selective_abs,test_time_variant,M9_ot_displacement,tabred_delivery_eta,3,3,tabred_delivery_eta__gap_near,0.1571228260314691,-0.4106547219003362,tabred_delivery_eta__gap_maxdiff,0.2496496029927623,0.1034645156104223,0.5141192375107585,higher_shift_more_helpful,nonmonotonic,mixed_or_tied,tabred_delivery_eta__gap_near;tabred_delivery_eta__gap_far;tabred_delivery_eta__gap_maxdiff,0.157123;0.237934;0.249650,-0.410655;0.223219;0.103465,-0.00235851375;0.00124470428;0.000572569561,descriptive_exact_variant_no_ci_across_variants
bag8,ot_disp_v2_selective_abs,test_time_variant,M9_ot_displacement,tabred_homesite,2,2,tabred_homesite__gap_near,0.0437974647176086,2.103679225799068,tabred_homesite__gap_far,0.0830990647492541,46.76840379246247,44.6647245666634,higher_shift_more_helpful,not_assessed_two_windows,all_positive,tabred_homesite__gap_near;tabred_homesite__gap_far,0.043797;0.083099,2.103679;46.768404,0.000966963482;0.048661454,descriptive_exact_variant_no_ci_across_variants
bag8,ot_disp_v2_selective_abs,test_time_variant,M9_ot_displacement,tabred_sberbank,2,2,tabred_sberbank__gap_near,0.2265311490062835,-0.0847982425464954,tabred_sberbank__gap_far,0.235749592588427,2.8703682967084068,2.9551665392549022,higher_shift_more_helpful,not_assessed_two_windows,mixed_or_tied,tabred_sberbank__gap_near;tabred_sberbank__gap_far,0.226531;0.235750,-0.084798;2.870368,-0.000210126882;0.0103119929,descriptive_exact_variant_no_ci_across_variants
bag8,ot_disp_v2_selective_abs,test_time_variant,M9_ot_displacement,tabred_weather,3,3,tabred_weather__gap_near,0.0948655339805825,-0.7710172662077044,tabred_weather__gap_maxdiff,0.2280292319342118,1.402784190816461,2.1738014570241653,higher_shift_more_helpful,strictly_increasing,mixed_or_tied,tabred_weather__gap_near;tabred_weather__gap_far;tabred_weather__gap_maxdiff,0.094866;0.101202;0.228029,-0.771017;-0.080656;1.402784,-0.0128220182;-0.00132461235;0.0251677185,descriptive_exact_variant_no_ci_across_variants
bag8,ot_disp_v2_selective_and_summary,test_time_variant,M9_ot_displacement,tabred_delivery_eta,3,3,tabred_delivery_eta__gap_near,0.1571228260314691,-5.602559187086296,tabred_delivery_eta__gap_maxdiff,0.2496496029927623,-3.780368709223367,1.8221904778629292,higher_shift_more_helpful,nonmonotonic,all_negative,tabred_delivery_eta__gap_near;tabred_delivery_eta__gap_far;tabred_delivery_eta__gap_maxdiff,0.157123;0.237934;0.249650,-5.602559;-7.135005;-3.780369,-0.0321771848;-0.0397858728;-0.0209204483,descriptive_exact_variant_no_ci_across_variants
bag8,ot_disp_v2_selective_and_summary,test_time_variant,M9_ot_displacement,tabred_homesite,2,2,tabred_homesite__gap_near,0.0437974647176086,-0.6573628772903954,tabred_homesite__gap_far,0.0830990647492541,2.981989191950994,3.6393520692413897,higher_shift_more_helpful,not_assessed_two_windows,mixed_or_tied,tabred_homesite__gap_near;tabred_homesite__gap_far,0.043797;0.083099,-0.657363;2.981989,-0.000302159136;0.00310269152,descriptive_exact_variant_no_ci_across_variants
bag8,ot_disp_v2_selective_and_summary,test_time_variant,M9_ot_displacement,tabred_sberbank,2,2,tabred_sberbank__gap_near,0.2265311490062835,-47.0657047200276,tabred_sberbank__gap_far,0.235749592588427,-29.382026710730024,17.683678009297573,higher_shift_more_helpful,not_assessed_two_windows,all_negative,tabred_sberbank__gap_near;tabred_sberbank__gap_far,0.226531;0.235750,-47.065705;-29.382027,-0.116627061;-0.105556925,descriptive_exact_variant_no_ci_across_variants
bag8,ot_disp_v2_selective_and_summary,test_time_variant,M9_ot_displacement,tabred_weather,3,3,tabred_weather__gap_near,0.0948655339805825,-8.47492075393634,tabred_weather__gap_maxdiff,0.2280292319342118,-19.377477098961208,-10.902556345024868,higher_shift_more_harmful,strictly_decreasing,all_negative,tabred_weather__gap_near;tabred_weather__gap_far;tabred_weather__gap_maxdiff,0.094866;0.101202;0.228029,-8.474921;-18.862360;-19.377477,-0.140937944;-0.309776053;-0.34765639,descriptive_exact_variant_no_ci_across_variants
bag8,ot_disp_v2_selective_and_summary_abs,test_time_variant,M9_ot_displacement,tabred_delivery_eta,3,3,tabred_delivery_eta__gap_near,0.1571228260314691,-0.6530298924134247,tabred_delivery_eta__gap_maxdiff,0.2496496029927623,0.1172302096569398,0.7702601020703644,higher_shift_more_helpful,strictly_increasing,mixed_or_tied,tabred_delivery_eta__gap_near;tabred_delivery_eta__gap_far;tabred_delivery_eta__gap_maxdiff,0.157123;0.237934;0.249650,-0.653030;-0.104740;0.117230,-0.00375054735;-0.000584046338;0.000648748503,descriptive_exact_variant_no_ci_across_variants
bag8,ot_disp_v2_selective_and_summary_abs,test_time_variant,M9_ot_displacement,tabred_homesite,2,2,tabred_homesite__gap_near,0.0437974647176086,2.01693565042972,tabred_homesite__gap_far,0.0830990647492541,45.1026191140321,43.08568346360238,higher_shift_more_helpful,not_assessed_two_windows,all_positive,tabred_homesite__gap_near;tabred_homesite__gap_far,0.043797;0.083099,2.016936;45.102619,0.000927091496;0.0469282432,descriptive_exact_variant_no_ci_across_variants
bag8,ot_disp_v2_selective_and_summary_abs,test_time_variant,M9_ot_displacement,tabred_sberbank,2,2,tabred_sberbank__gap_near,0.2265311490062835,0.4661060464306766,tabred_sberbank__gap_far,0.235749592588427,3.7609673926467946,3.294861346216118,higher_shift_more_helpful,not_assessed_two_windows,all_positive,tabred_sberbank__gap_near;tabred_sberbank__gap_far,0.226531;0.235750,0.466106;3.760967,0.0011549934;0.0135115306,descriptive_exact_variant_no_ci_across_variants
bag8,ot_disp_v2_selective_and_summary_abs,test_time_variant,M9_ot_displacement,tabred_weather,3,3,tabred_weather__gap_near,0.0948655339805825,-0.7005464991435287,tabred_weather__gap_maxdiff,0.2280292319342118,2.1183789998256883,2.818925498969217,higher_shift_more_helpful,strictly_increasing,mixed_or_tied,tabred_weather__gap_near;tabred_weather__gap_far;tabred_weather__gap_maxdiff,0.094866;0.101202;0.228029,-0.700546;-0.237020;2.118379,-0.0116500892;-0.00389257784;0.0380063923,descriptive_exact_variant_no_ci_across_variants
bag8,ot_disp_v2_selective_and_summary_top10,test_time_variant,M9_ot_displacement,tabred_delivery_eta,3,3,tabred_delivery_eta__gap_near,0.1571228260314691,1.2185673660379397,tabred_delivery_eta__gap_maxdiff,0.2496496029927623,-0.1687222217899143,-1.387289587827854,higher_shift_more_harmful,strictly_decreasing,mixed_or_tied,tabred_delivery_eta__gap_near;tabred_delivery_eta__gap_far;tabred_delivery_eta__gap_maxdiff,0.157123;0.237934;0.249650,1.218567;0.419431;-0.168722,0.00699859939;0.00233881295;-0.000933703771,descriptive_exact_variant_no_ci_across_variants
bag8,ot_disp_v2_selective_and_summary_top10,test_time_variant,M9_ot_displacement,tabred_homesite,2,2,tabred_homesite__gap_near,0.0437974647176086,-1.1931667305931286,tabred_homesite__gap_far,0.0830990647492541,-0.6326853543897483,0.5604813762033803,higher_shift_more_helpful,not_assessed_two_windows,all_negative,tabred_homesite__gap_near;tabred_homesite__gap_far,0.043797;0.083099,-1.193167;-0.632685,-0.000548443243;-0.000658294634,descriptive_exact_variant_no_ci_across_variants
bag8,ot_disp_v2_selective_and_summary_top10,test_time_variant,M9_ot_displacement,tabred_sberbank,2,2,tabred_sberbank__gap_near,0.2265311490062835,-0.2229273966176188,tabred_sberbank__gap_far,0.235749592588427,2.9389129082225773,3.161840304840196,higher_shift_more_helpful,not_assessed_two_windows,mixed_or_tied,tabred_sberbank__gap_near;tabred_sberbank__gap_far,0.226531;0.235750,-0.222927;2.938913,-0.000552405774;0.0105582441,descriptive_exact_variant_no_ci_across_variants
bag8,ot_disp_v2_selective_and_summary_top10,test_time_variant,M9_ot_displacement,tabred_weather,3,3,tabred_weather__gap_near,0.0948655339805825,-0.3503970332972979,tabred_weather__gap_maxdiff,0.2280292319342118,-2.845819120271466,-2.4954220869741683,higher_shift_more_harmful,strictly_decreasing,all_negative,tabred_weather__gap_near;tabred_weather__gap_far;tabred_weather__gap_maxdiff,0.094866;0.101202;0.228029,-0.350397;-2.060520;-2.845819,-0.00582710314;-0.0338398663;-0.051057586,descriptive_exact_variant_no_ci_across_variants
bag8,ot_disp_v2_selective_top10,test_time_variant,M9_ot_displacement,tabred_delivery_eta,3,3,tabred_delivery_eta__gap_near,0.1571228260314691,0.9432091612217992,tabred_delivery_eta__gap_maxdiff,0.2496496029927623,-0.1343591102612767,-1.0775682714830759,higher_shift_more_harmful,strictly_decreasing,mixed_or_tied,tabred_delivery_eta__gap_near;tabred_delivery_eta__gap_far;tabred_delivery_eta__gap_maxdiff,0.157123;0.237934;0.249650,0.943209;0.433663;-0.134359,0.00541713429;0.00241817141;-0.000743539331,descriptive_exact_variant_no_ci_across_variants
bag8,ot_disp_v2_selective_top10,test_time_variant,M9_ot_displacement,tabred_homesite,2,2,tabred_homesite__gap_near,0.0437974647176086,0.2891452512321252,tabred_homesite__gap_far,0.0830990647492541,-3.286992020396176,-3.5761372716283013,higher_shift_more_harmful,not_assessed_two_windows,mixed_or_tied,tabred_homesite__gap_near;tabred_homesite__gap_far,0.043797;0.083099,0.289145;-3.286992,0.000132906622;-0.00342003999,descriptive_exact_variant_no_ci_across_variants
bag8,ot_disp_v2_selective_top10,test_time_variant,M9_ot_displacement,tabred_sberbank,2,2,tabred_sberbank__gap_near,0.2265311490062835,0.2227839797620546,tabred_sberbank__gap_far,0.235749592588427,0.4568108140556783,0.2340268342936237,higher_shift_more_helpful,not_assessed_two_windows,all_positive,tabred_sberbank__gap_near;tabred_sberbank__gap_far,0.226531;0.235750,0.222784;0.456811,0.000552050392;0.00164112385,descriptive_exact_variant_no_ci_across_variants
bag8,ot_disp_v2_selective_top10,test_time_variant,M9_ot_displacement,tabred_weather,3,3,tabred_weather__gap_near,0.0948655339805825,-0.1700589724440891,tabred_weather__gap_maxdiff,0.2280292319342118,-3.419027512040604,-3.2489685395965147,higher_shift_more_harmful,strictly_decreasing,all_negative,tabred_weather__gap_near;tabred_weather__gap_far;tabred_weather__gap_maxdiff,0.094866;0.101202;0.228029,-0.170059;-1.711509;-3.419028,-0.00282808094;-0.0281080621;-0.0613416678,descriptive_exact_variant_no_ci_across_variants
bag8,ot_disp_v2_summary_only,test_time_variant,M9_ot_displacement,tabred_delivery_eta,3,3,tabred_delivery_eta__gap_near,0.1571228260314691,0.372705098301581,tabred_delivery_eta__gap_maxdiff,0.2496496029927623,-0.0776995735628135,-0.4504046718643945,higher_shift_more_harmful,nonmonotonic,mixed_or_tied,tabred_delivery_eta__gap_near;tabred_delivery_eta__gap_far;tabred_delivery_eta__gap_maxdiff,0.157123;0.237934;0.249650,0.372705;-0.121303;-0.077700,0.00214055763;-0.000676403591;-0.000429987136,descriptive_exact_variant_no_ci_across_variants
bag8,ot_disp_v2_summary_only,test_time_variant,M9_ot_displacement,tabred_homesite,2,2,tabred_homesite__gap_near,0.0437974647176086,-0.3558256867195849,tabred_homesite__gap_far,0.0830990647492541,-1.963488293887229,-1.607662607167644,higher_shift_more_harmful,not_assessed_two_windows,all_negative,tabred_homesite__gap_near;tabred_homesite__gap_far,0.043797;0.083099,-0.355826;-1.963488,-0.000163556516;-0.00204296464,descriptive_exact_variant_no_ci_across_variants
bag8,ot_disp_v2_summary_only,test_time_variant,M9_ot_displacement,tabred_sberbank,2,2,tabred_sberbank__gap_near,0.2265311490062835,0.1581813522038005,tabred_sberbank__gap_far,0.235749592588427,-1.588049052418795,-1.7462304046225954,higher_shift_more_harmful,not_assessed_two_windows,mixed_or_tied,tabred_sberbank__gap_near;tabred_sberbank__gap_far,0.226531;0.235750,0.158181;-1.588049,0.000391967491;-0.005705174,descriptive_exact_variant_no_ci_across_variants
bag8,ot_disp_v2_summary_only,test_time_variant,M9_ot_displacement,tabred_weather,3,3,tabred_weather__gap_near,0.0948655339805825,-0.2345770044914712,tabred_weather__gap_maxdiff,0.2280292319342118,0.4274933285507633,0.6620703330422345,higher_shift_more_helpful,strictly_increasing,mixed_or_tied,tabred_weather__gap_near;tabred_weather__gap_far;tabred_weather__gap_maxdiff,0.094866;0.101202;0.228029,-0.234577;0.060154;0.427493,-0.0039010159;0.000987914568;0.00766976974,descriptive_exact_variant_no_ci_across_variants
bag8,ot_displacement_mag,test_time_variant,M9_ot_displacement,tabred_delivery_eta,3,3,tabred_delivery_eta__gap_near,0.1571228260314691,-8.733093353032817,tabred_delivery_eta__gap_maxdiff,0.2496496029927623,-5.988486946220046,2.744606406812771,higher_shift_more_helpful,strictly_increasing,all_negative,tabred_delivery_eta__gap_near;tabred_delivery_eta__gap_far;tabred_delivery_eta__gap_maxdiff,0.157123;0.237934;0.249650,-8.733093;-8.179902;-5.988487,-0.0501567854;-0.0456123778;-0.0331401092,descriptive_exact_variant_no_ci_across_variants
bag8,ot_displacement_mag,test_time_variant,M9_ot_displacement,tabred_homesite,2,2,tabred_homesite__gap_near,0.0437974647176086,0.8727465848403877,tabred_homesite__gap_far,0.0830990647492541,-1.040137850851082,-1.9128844356914696,higher_shift_more_harmful,not_assessed_two_windows,mixed_or_tied,tabred_homesite__gap_near;tabred_homesite__gap_far,0.043797;0.083099,0.872747;-1.040138,0.000401161007;-0.00108223963,descriptive_exact_variant_no_ci_across_variants
bag8,ot_displacement_mag,test_time_variant,M9_ot_displacement,tabred_sberbank,2,2,tabred_sberbank__gap_near,0.2265311490062835,-52.96246343122957,tabred_sberbank__gap_far,0.235749592588427,-30.63238530485217,22.3300781263774,higher_shift_more_helpful,not_assessed_two_windows,all_negative,tabred_sberbank__gap_near;tabred_sberbank__gap_far,0.226531;0.235750,-52.962463;-30.632385,-0.131239009;-0.110048923,descriptive_exact_variant_no_ci_across_variants
bag8,ot_displacement_mag,test_time_variant,M9_ot_displacement,tabred_weather,3,3,tabred_weather__gap_near,0.0948655339805825,-10.377654279324164,tabred_weather__gap_maxdiff,0.2280292319342118,-19.8339432982101,-9.456289018885938,higher_shift_more_harmful,nonmonotonic,all_negative,tabred_weather__gap_near;tabred_weather__gap_far;tabred_weather__gap_maxdiff,0.094866;0.101202;0.228029,-10.377654;-20.003264;-19.833943,-0.172580405;-0.328513098;-0.35584597,descriptive_exact_variant_no_ci_across_variants
bag8,ot_displacement_no_mag,test_time_variant,M9_ot_displacement,tabred_delivery_eta,3,3,tabred_delivery_eta__gap_near,0.1571228260314691,-7.134293279787317,tabred_delivery_eta__gap_maxdiff,0.2496496029927623,-5.925386067870983,1.2089072119163342,higher_shift_more_helpful,nonmonotonic,all_negative,tabred_delivery_eta__gap_near;tabred_delivery_eta__gap_far;tabred_delivery_eta__gap_maxdiff,0.157123;0.237934;0.249650,-7.134293;-7.643974;-5.925386,-0.040974395;-0.0426239657;-0.0327909108,descriptive_exact_variant_no_ci_across_variants
bag8,ot_displacement_no_mag,test_time_variant,M9_ot_displacement,tabred_homesite,2,2,tabred_homesite__gap_near,0.0437974647176086,1.5448617708674512,tabred_homesite__gap_far,0.0830990647492541,-4.674885232910079,-6.219747003777531,higher_shift_more_harmful,not_assessed_two_windows,mixed_or_tied,tabred_homesite__gap_near;tabred_homesite__gap_far,0.043797;0.083099,1.544862;-4.674885,0.000710101093;-0.00486411112,descriptive_exact_variant_no_ci_across_variants
bag8,ot_displacement_no_mag,test_time_variant,M9_ot_displacement,tabred_sberbank,2,2,tabred_sberbank__gap_near,0.2265311490062835,-47.15992193522394,tabred_sberbank__gap_far,0.235749592588427,-28.236097818561067,18.923824116662875,higher_shift_more_helpful,not_assessed_two_windows,all_negative,tabred_sberbank__gap_near;tabred_sberbank__gap_far,0.226531;0.235750,-47.159922;-28.236098,-0.116860527;-0.101440098,descriptive_exact_variant_no_ci_across_variants
bag8,ot_displacement_no_mag,test_time_variant,M9_ot_displacement,tabred_weather,3,3,tabred_weather__gap_near,0.0948655339805825,-10.864182597517011,tabred_weather__gap_maxdiff,0.2280292319342118,-20.43860078721333,-9.574418189696317,higher_shift_more_harmful,nonmonotonic,all_negative,tabred_weather__gap_near;tabred_weather__gap_far;tabred_weather__gap_maxdiff,0.094866;0.101202;0.228029,-10.864183;-24.234812;-20.438601,-0.180671371;-0.398007702;-0.366694288,descriptive_exact_variant_no_ci_across_variants
bag8,pca_train_only_10,train_only_version,baselines,tabred_delivery_eta,3,3,tabred_delivery_eta__gap_near,0.1571228260314691,0.4244059915907194,tabred_delivery_eta__gap_maxdiff,0.2496496029927623,0.1766353983571503,-0.2477705932335691,higher_shift_more_harmful,nonmonotonic,mixed_or_tied,tabred_delivery_eta__gap_near;tabred_delivery_eta__gap_far;tabred_delivery_eta__gap_maxdiff,0.157123;0.237934;0.249650,0.424406;-0.583557;0.176635,0.00243749143;-0.00325400048;0.000977495056,descriptive_exact_variant_no_ci_across_variants
bag8,pca_train_only_10,train_only_version,baselines,tabred_homesite,2,2,tabred_homesite__gap_near,0.0437974647176086,-1.355442126692613,tabred_homesite__gap_far,0.0830990647492541,0.7836226515433296,2.1390647782359427,higher_shift_more_helpful,not_assessed_two_windows,mixed_or_tied,tabred_homesite__gap_near;tabred_homesite__gap_far,0.043797;0.083099,-1.355442;0.783623,-0.000623033694;0.000815341438,descriptive_exact_variant_no_ci_across_variants
bag8,pca_train_only_10,train_only_version,baselines,tabred_sberbank,2,2,tabred_sberbank__gap_near,0.2265311490062835,1.1740154743201483,tabred_sberbank__gap_far,0.235749592588427,-3.5394605173986915,-4.713475991718839,higher_shift_more_harmful,not_assessed_two_windows,mixed_or_tied,tabred_sberbank__gap_near;tabred_sberbank__gap_far,0.226531;0.235750,1.174015;-3.539461,0.00290916655;-0.0127157521,descriptive_exact_variant_no_ci_across_variants
bag8,pca_train_only_10,train_only_version,baselines,tabred_weather,3,3,tabred_weather__gap_near,0.0948655339805825,-0.161017623018471,tabred_weather__gap_maxdiff,0.2280292319342118,-0.4582014915780152,-0.2971838685595442,higher_shift_more_harmful,nonmonotonic,mixed_or_tied,tabred_weather__gap_near;tabred_weather__gap_far;tabred_weather__gap_maxdiff,0.094866;0.101202;0.228029,-0.161018;0.123726;-0.458201,-0.00267772329;0.00203194828;-0.00822071293,descriptive_exact_variant_no_ci_across_variants
bag8,pca_train_only_5,train_only_version,baselines,tabred_delivery_eta,3,3,tabred_delivery_eta__gap_near,0.1571228260314691,0.3332048141791054,tabred_delivery_eta__gap_maxdiff,0.2496496029927623,-0.0061938603916918,-0.3393986745707972,higher_shift_more_harmful,nonmonotonic,mixed_or_tied,tabred_delivery_eta__gap_near;tabred_delivery_eta__gap_far;tabred_delivery_eta__gap_maxdiff,0.157123;0.237934;0.249650,0.333205;-0.230492;-0.006194,0.0019136956;-0.00128525876;-3.42766397e-05,descriptive_exact_variant_no_ci_across_variants
bag8,pca_train_only_5,train_only_version,baselines,tabred_homesite,2,2,tabred_homesite__gap_near,0.0437974647176086,-0.2024016758618113,tabred_homesite__gap_far,0.0830990647492541,4.945998858194471,5.148400534056282,higher_shift_more_helpful,not_assessed_two_windows,mixed_or_tied,tabred_homesite__gap_near;tabred_homesite__gap_far,0.043797;0.083099,-0.202402;4.945999,-9.30346352e-05;0.00514619864,descriptive_exact_variant_no_ci_across_variants
bag8,pca_train_only_5,train_only_version,baselines,tabred_sberbank,2,2,tabred_sberbank__gap_near,0.2265311490062835,0.7668851510575795,tabred_sberbank__gap_far,0.235749592588427,0.2152711330640972,-0.5516140179934823,higher_shift_more_harmful,not_assessed_two_windows,all_positive,tabred_sberbank__gap_near;tabred_sberbank__gap_far,0.226531;0.235750,0.766885;0.215271,0.0019003128;0.000773376156,descriptive_exact_variant_no_ci_across_variants
bag8,pca_train_only_5,train_only_version,baselines,tabred_weather,3,3,tabred_weather__gap_near,0.0948655339805825,0.0591270782090374,tabred_weather__gap_maxdiff,0.2280292319342118,0.0824167612769226,0.023289683067885203,higher_shift_more_helpful,nonmonotonic,all_positive,tabred_weather__gap_near;tabred_weather__gap_far;tabred_weather__gap_maxdiff,0.094866;0.101202;0.228029,0.059127;0.240033;0.082417,0.00098328339;0.00394206263;0.00147866069,descriptive_exact_variant_no_ci_across_variants
bag8,pca_train_only_var90,train_only_version,baselines,tabred_delivery_eta,3,3,tabred_delivery_eta__gap_near,0.1571228260314691,0.4613600706352727,tabred_delivery_eta__gap_maxdiff,0.2496496029927623,0.3961921142436891,-0.06516795639158357,higher_shift_more_harmful,nonmonotonic,mixed_or_tied,tabred_delivery_eta__gap_near;tabred_delivery_eta__gap_far;tabred_delivery_eta__gap_maxdiff,0.157123;0.237934;0.249650,0.461360;-0.031337;0.396192,0.00264972984;-0.000174741149;0.00219251541,descriptive_exact_variant_no_ci_across_variants
bag8,pca_train_only_var90,train_only_version,baselines,tabred_homesite,2,2,tabred_homesite__gap_near,0.0437974647176086,-1.4870327206202534,tabred_homesite__gap_far,0.0830990647492541,-33.838890728174746,-32.35185800755449,higher_shift_more_harmful,not_assessed_two_windows,all_negative,tabred_homesite__gap_near;tabred_homesite__gap_far,0.043797;0.083099,-1.487033;-33.838891,-0.000683519769;-0.0352085915,descriptive_exact_variant_no_ci_across_variants
bag8,pca_train_only_var90,train_only_version,baselines,tabred_sberbank,2,2,tabred_sberbank__gap_near,0.2265311490062835,-2.571486055605959,tabred_sberbank__gap_far,0.235749592588427,-5.392990767683751,-2.8215047120777923,higher_shift_more_harmful,not_assessed_two_windows,all_negative,tabred_sberbank__gap_near;tabred_sberbank__gap_far,0.226531;0.235750,-2.571486;-5.392991,-0.00637204653;-0.0193746854,descriptive_exact_variant_no_ci_across_variants
bag8,pca_train_only_var90,train_only_version,baselines,tabred_weather,3,3,tabred_weather__gap_near,0.0948655339805825,-0.5377605038510489,tabred_weather__gap_maxdiff,0.2280292319342118,-3.582846446601921,-3.0450859427508723,higher_shift_more_harmful,nonmonotonic,all_negative,tabred_weather__gap_near;tabred_weather__gap_far;tabred_weather__gap_maxdiff,0.094866;0.101202;0.228029,-0.537761;-0.146997;-3.582846,-0.0089429579;-0.0024141356;-0.0642807862,descriptive_exact_variant_no_ci_across_variants
bag8,pca_train_only_var95,train_only_version,baselines,tabred_delivery_eta,3,3,tabred_delivery_eta__gap_near,0.1571228260314691,0.5222253524506274,tabred_delivery_eta__gap_maxdiff,0.2496496029927623,0.067958171670198,-0.4542671807804294,higher_shift_more_harmful,strictly_decreasing,all_positive,tabred_delivery_eta__gap_near;tabred_delivery_eta__gap_far;tabred_delivery_eta__gap_maxdiff,0.157123;0.237934;0.249650,0.522225;0.140717;0.067958,0.00299929748;0.000784658825;0.000376078506,descriptive_exact_variant_no_ci_across_variants
bag8,pca_train_only_var95,train_only_version,baselines,tabred_homesite,2,2,tabred_homesite__gap_near,0.0437974647176086,-0.8267193815828624,tabred_homesite__gap_far,0.0830990647492541,-36.03882138565126,-35.2121020040684,higher_shift_more_harmful,not_assessed_two_windows,all_negative,tabred_homesite__gap_near;tabred_homesite__gap_far,0.043797;0.083099,-0.826719;-36.038821,-0.000380004443;-0.037497569,descriptive_exact_variant_no_ci_across_variants
bag8,pca_train_only_var95,train_only_version,baselines,tabred_sberbank,2,2,tabred_sberbank__gap_near,0.2265311490062835,-2.8097966340552785,tabred_sberbank__gap_far,0.235749592588427,-9.796394981253837,-6.986598347198559,higher_shift_more_harmful,not_assessed_two_windows,all_negative,tabred_sberbank__gap_near;tabred_sberbank__gap_far,0.226531;0.235750,-2.809797;-9.796395,-0.00696257125;-0.0351942139,descriptive_exact_variant_no_ci_across_variants
bag8,pca_train_only_var95,train_only_version,baselines,tabred_weather,3,3,tabred_weather__gap_near,0.0948655339805825,-0.4812020618354846,tabred_weather__gap_maxdiff,0.2280292319342118,-3.748791234704384,-3.2675891728688997,higher_shift_more_harmful,strictly_decreasing,all_negative,tabred_weather__gap_near;tabred_weather__gap_far;tabred_weather__gap_maxdiff,0.094866;0.101202;0.228029,-0.481202;-0.689017;-3.748791,-0.00800239094;-0.0113157134;-0.0672580451,descriptive_exact_variant_no_ci_across_variants
bag8,pseudo_label_lgbm_conf80_iter5,test_time_variant,M7_pseudo_label,tabred_homesite,2,2,tabred_homesite__gap_near,0.0437974647176086,-2.261823975452324,tabred_homesite__gap_far,0.0830990647492541,16.4268788304576,18.688702805909923,higher_shift_more_helpful,not_assessed_two_windows,mixed_or_tied,tabred_homesite__gap_near;tabred_homesite__gap_far,0.043797;0.083099,-2.261824;16.426879,-0.00103965527;0.0170917916,descriptive_exact_variant_no_ci_across_variants
bag8,pseudo_label_lgbm_conf90_iter1,test_time_variant,M7_pseudo_label,tabred_homesite,2,2,tabred_homesite__gap_near,0.0437974647176086,-5.174519812350107,tabred_homesite__gap_far,0.0830990647492541,14.32653029303729,19.5010501053874,higher_shift_more_helpful,not_assessed_two_windows,mixed_or_tied,tabred_homesite__gap_near;tabred_homesite__gap_far,0.043797;0.083099,-5.174520;14.326530,-0.00237848605;0.014906427,descriptive_exact_variant_no_ci_across_variants
bag8,pseudo_label_lgbm_conf90_iter3,test_time_variant,M7_pseudo_label,tabred_homesite,2,2,tabred_homesite__gap_near,0.0437974647176086,-11.857315669902317,tabred_homesite__gap_far,0.0830990647492541,17.879161528976564,29.73647719887888,higher_shift_more_helpful,not_assessed_two_windows,mixed_or_tied,tabred_homesite__gap_near;tabred_homesite__gap_far,0.043797;0.083099,-11.857316;17.879162,-0.00545025644;0.0186028585,descriptive_exact_variant_no_ci_across_variants
bag8,pseudo_label_lgbm_conf95_iter3,test_time_variant,M7_pseudo_label,tabred_homesite,2,2,tabred_homesite__gap_near,0.0437974647176086,-64.86678665211063,tabred_homesite__gap_far,0.0830990647492541,6.969444973057963,71.8362316251686,higher_shift_more_helpful,not_assessed_two_windows,mixed_or_tied,tabred_homesite__gap_near;tabred_homesite__gap_far,0.043797;0.083099,-64.866787;6.969445,-0.0298162444;0.00725154802,descriptive_exact_variant_no_ci_across_variants
bag8,pseudo_label_v2_cal_iso_wfixed_conf90,test_time_variant,M7_pseudo_label,tabred_homesite,2,2,tabred_homesite__gap_near,0.0437974647176086,-393.5249166494548,tabred_homesite__gap_far,0.0830990647492541,-20.752965956992043,372.7719506924627,higher_shift_more_helpful,not_assessed_two_windows,all_negative,tabred_homesite__gap_near;tabred_homesite__gap_far,0.043797;0.083099,-393.524917;-20.752966,-0.180885098;-0.0215929862,descriptive_exact_variant_no_ci_across_variants
bag8,pseudo_label_v2_cal_iso_wprop_conf85,test_time_variant,M7_pseudo_label,tabred_homesite,2,2,tabred_homesite__gap_near,0.0437974647176086,-298.0656772784934,tabred_homesite__gap_far,0.0830990647492541,-17.315949041066066,280.74972823742735,higher_shift_more_helpful,not_assessed_two_windows,all_negative,tabred_homesite__gap_near;tabred_homesite__gap_far,0.043797;0.083099,-298.065677;-17.315949,-0.137006927;-0.0180168488,descriptive_exact_variant_no_ci_across_variants
bag8,pseudo_label_v2_cal_iso_wprop_conf90,test_time_variant,M7_pseudo_label,tabred_homesite,2,2,tabred_homesite__gap_near,0.0437974647176086,-452.7197356386265,tabred_homesite__gap_far,0.0830990647492541,-30.955180225389284,421.7645554132372,higher_shift_more_helpful,not_assessed_two_windows,all_negative,tabred_homesite__gap_near;tabred_homesite__gap_far,0.043797;0.083099,-452.719736;-30.955180,-0.208094203;-0.0322081567,descriptive_exact_variant_no_ci_across_variants
bag8,pseudo_label_v2_cal_iso_wquad_conf90,test_time_variant,M7_pseudo_label,tabred_homesite,2,2,tabred_homesite__gap_near,0.0437974647176086,-413.6925028766989,tabred_homesite__gap_far,0.0830990647492541,-27.21042327614753,386.48207960055134,higher_shift_more_helpful,not_assessed_two_windows,all_negative,tabred_homesite__gap_near;tabred_homesite__gap_far,0.043797;0.083099,-413.692503;-27.210423,-0.1901552;-0.0283118228,descriptive_exact_variant_no_ci_across_variants
bag8,pseudo_label_v2_cal_platt_wprop_conf90,test_time_variant,M7_pseudo_label,tabred_homesite,2,2,tabred_homesite__gap_near,0.0437974647176086,-140.3817897500953,tabred_homesite__gap_far,0.0830990647492541,12.841140449892068,153.22293019998736,higher_shift_more_helpful,not_assessed_two_windows,mixed_or_tied,tabred_homesite__gap_near;tabred_homesite__gap_far,0.043797;0.083099,-140.381790;12.841140,-0.0645269786;0.0133609128,descriptive_exact_variant_no_ci_across_variants
bag8,target_enc_absolute,test_time_variant,M4_target_encoding,tabred_delivery_eta,3,3,tabred_delivery_eta__gap_near,0.1571228260314691,0.0,tabred_delivery_eta__gap_maxdiff,0.2496496029927623,0.0,0.0,no_change,nondecreasing_with_tie,mixed_or_tied,tabred_delivery_eta__gap_near;tabred_delivery_eta__gap_far;tabred_delivery_eta__gap_maxdiff,0.157123;0.237934;0.249650,0.000000;0.000000;0.000000,0;0;0,descriptive_exact_variant_no_ci_across_variants
bag8,target_enc_absolute,test_time_variant,M4_target_encoding,tabred_homesite,2,2,tabred_homesite__gap_near,0.0437974647176086,0.1292302245306233,tabred_homesite__gap_far,0.0830990647492541,2.5925240417827102,2.463293817252087,higher_shift_more_helpful,not_assessed_two_windows,all_positive,tabred_homesite__gap_near;tabred_homesite__gap_far,0.043797;0.083099,0.129230;2.592524,5.94011228e-05;0.00269746194,descriptive_exact_variant_no_ci_across_variants
bag8,target_enc_absolute,test_time_variant,M4_target_encoding,tabred_sberbank,2,2,tabred_sberbank__gap_near,0.2265311490062835,0.1977628240752947,tabred_sberbank__gap_far,0.235749592588427,-0.0589451433768482,-0.25670796745214286,higher_shift_more_harmful,not_assessed_two_windows,mixed_or_tied,tabred_sberbank__gap_near;tabred_sberbank__gap_far,0.226531;0.235750,0.197763;-0.058945,0.000490048901;-0.000211764428,descriptive_exact_variant_no_ci_across_variants
bag8,target_enc_absolute,test_time_variant,M4_target_encoding,tabred_weather,3,3,tabred_weather__gap_near,0.0948655339805825,0.0,tabred_weather__gap_maxdiff,0.2280292319342118,0.0,0.0,no_change,nondecreasing_with_tie,mixed_or_tied,tabred_weather__gap_near;tabred_weather__gap_far;tabred_weather__gap_maxdiff,0.094866;0.101202;0.228029,0.000000;0.000000;0.000000,0;0;0,descriptive_exact_variant_no_ci_across_variants
bag8,target_enc_diff,test_time_variant,M4_target_encoding,tabred_delivery_eta,3,3,tabred_delivery_eta__gap_near,0.1571228260314691,0.0,tabred_delivery_eta__gap_maxdiff,0.2496496029927623,0.0,0.0,no_change,nondecreasing_with_tie,mixed_or_tied,tabred_delivery_eta__gap_near;tabred_delivery_eta__gap_far;tabred_delivery_eta__gap_maxdiff,0.157123;0.237934;0.249650,0.000000;0.000000;0.000000,0;0;0,descriptive_exact_variant_no_ci_across_variants
bag8,target_enc_diff,test_time_variant,M4_target_encoding,tabred_homesite,2,2,tabred_homesite__gap_near,0.0437974647176086,0.1292302245306233,tabred_homesite__gap_far,0.0830990647492541,1.6827292800108151,1.5534990554801917,higher_shift_more_helpful,not_assessed_two_windows,all_positive,tabred_homesite__gap_near;tabred_homesite__gap_far,0.043797;0.083099,0.129230;1.682729,5.94011228e-05;0.00175084131,descriptive_exact_variant_no_ci_across_variants
bag8,target_enc_diff,test_time_variant,M4_target_encoding,tabred_sberbank,2,2,tabred_sberbank__gap_near,0.2265311490062835,0.1526001837482291,tabred_sberbank__gap_far,0.235749592588427,2.0502276854680184,1.8976275017197892,higher_shift_more_helpful,not_assessed_two_windows,all_positive,tabred_sberbank__gap_near;tabred_sberbank__gap_far,0.226531;0.235750,0.152600;2.050228,0.000378137563;0.00736558211,descriptive_exact_variant_no_ci_across_variants
bag8,target_enc_diff,test_time_variant,M4_target_encoding,tabred_weather,3,3,tabred_weather__gap_near,0.0948655339805825,0.0,tabred_weather__gap_maxdiff,0.2280292319342118,0.0,0.0,no_change,nondecreasing_with_tie,mixed_or_tied,tabred_weather__gap_near;tabred_weather__gap_far;tabred_weather__gap_maxdiff,0.094866;0.101202;0.228029,0.000000;0.000000;0.000000,0;0;0,descriptive_exact_variant_no_ci_across_variants
bag8,target_enc_inv_ratio,test_time_variant,M4_target_encoding,tabred_delivery_eta,3,3,tabred_delivery_eta__gap_near,0.1571228260314691,0.0,tabred_delivery_eta__gap_maxdiff,0.2496496029927623,0.0,0.0,no_change,nondecreasing_with_tie,mixed_or_tied,tabred_delivery_eta__gap_near;tabred_delivery_eta__gap_far;tabred_delivery_eta__gap_maxdiff,0.157123;0.237934;0.249650,0.000000;0.000000;0.000000,0;0;0,descriptive_exact_variant_no_ci_across_variants
bag8,target_enc_inv_ratio,test_time_variant,M4_target_encoding,tabred_homesite,2,2,tabred_homesite__gap_near,0.0437974647176086,0.3021272829200646,tabred_homesite__gap_far,0.0830990647492541,4.535418127595438,4.233290844675373,higher_shift_more_helpful,not_assessed_two_windows,all_positive,tabred_homesite__gap_near;tabred_homesite__gap_far,0.043797;0.083099,0.302127;4.535418,0.000138873858;0.00471899878,descriptive_exact_variant_no_ci_across_variants
bag8,target_enc_inv_ratio,test_time_variant,M4_target_encoding,tabred_sberbank,2,2,tabred_sberbank__gap_near,0.2265311490062835,0.5555560771402498,tabred_sberbank__gap_far,0.235749592588427,1.2629228088711937,0.7073667317309439,higher_shift_more_helpful,not_assessed_two_windows,all_positive,tabred_sberbank__gap_near;tabred_sberbank__gap_far,0.226531;0.235750,0.555556;1.262923,0.00137664724;0.00453713591,descriptive_exact_variant_no_ci_across_variants
bag8,target_enc_inv_ratio,test_time_variant,M4_target_encoding,tabred_weather,3,3,tabred_weather__gap_near,0.0948655339805825,0.0,tabred_weather__gap_maxdiff,0.2280292319342118,0.0,0.0,no_change,nondecreasing_with_tie,mixed_or_tied,tabred_weather__gap_near;tabred_weather__gap_far;tabred_weather__gap_maxdiff,0.094866;0.101202;0.228029,0.000000;0.000000;0.000000,0;0;0,descriptive_exact_variant_no_ci_across_variants
bag8,target_enc_oof_absolute,test_time_variant,M4_target_encoding,tabred_delivery_eta,3,3,tabred_delivery_eta__gap_near,0.1571228260314691,0.542086013582193,tabred_delivery_eta__gap_maxdiff,0.2496496029927623,-0.1488384314356947,-0.6909244450178877,higher_shift_more_harmful,strictly_decreasing,mixed_or_tied,tabred_delivery_eta__gap_near;tabred_delivery_eta__gap_far;tabred_delivery_eta__gap_maxdiff,0.157123;0.237934;0.249650,0.542086;0.058685;-0.148838,0.00311336324;0.000327239189;-0.000823667465,descriptive_exact_variant_no_ci_across_variants
bag8,target_enc_oof_absolute,test_time_variant,M4_target_encoding,tabred_homesite,2,2,tabred_homesite__gap_near,0.0437974647176086,-0.1044463458527697,tabred_homesite__gap_far,0.0830990647492541,2.805504649337866,2.909950995190636,higher_shift_more_helpful,not_assessed_two_windows,mixed_or_tied,tabred_homesite__gap_near;tabred_homesite__gap_far,0.043797;0.083099,-0.104446;2.805505,-4.80091266e-05;0.00291906339,descriptive_exact_variant_no_ci_across_variants
bag8,target_enc_oof_absolute,test_time_variant,M4_target_encoding,tabred_sberbank,2,2,tabred_sberbank__gap_near,0.2265311490062835,0.2409784911819611,tabred_sberbank__gap_far,0.235749592588427,-1.5046244774598816,-1.7456029686418426,higher_shift_more_harmful,not_assessed_two_windows,mixed_or_tied,tabred_sberbank__gap_near;tabred_sberbank__gap_far,0.226531;0.235750,0.240978;-1.504624,0.000597135713;-0.00540546556,descriptive_exact_variant_no_ci_across_variants
bag8,target_enc_oof_absolute,test_time_variant,M4_target_encoding,tabred_weather,3,3,tabred_weather__gap_near,0.0948655339805825,0.0,tabred_weather__gap_maxdiff,0.2280292319342118,0.0,0.0,no_change,nondecreasing_with_tie,mixed_or_tied,tabred_weather__gap_near;tabred_weather__gap_far;tabred_weather__gap_maxdiff,0.094866;0.101202;0.228029,0.000000;0.000000;0.000000,0;0;0,descriptive_exact_variant_no_ci_across_variants
bag8,target_enc_oof_diff,test_time_variant,M4_target_encoding,tabred_delivery_eta,3,3,tabred_delivery_eta__gap_near,0.1571228260314691,0.542086013582193,tabred_delivery_eta__gap_maxdiff,0.2496496029927623,-0.1488384314356947,-0.6909244450178877,higher_shift_more_harmful,strictly_decreasing,mixed_or_tied,tabred_delivery_eta__gap_near;tabred_delivery_eta__gap_far;tabred_delivery_eta__gap_maxdiff,0.157123;0.237934;0.249650,0.542086;0.058685;-0.148838,0.00311336324;0.000327239189;-0.000823667465,descriptive_exact_variant_no_ci_across_variants
bag8,target_enc_oof_diff,test_time_variant,M4_target_encoding,tabred_homesite,2,2,tabred_homesite__gap_near,0.0437974647176086,-0.6396601068064903,tabred_homesite__gap_far,0.0830990647492541,0.6801302388145757,1.319790345621066,higher_shift_more_helpful,not_assessed_two_windows,mixed_or_tied,tabred_homesite__gap_near;tabred_homesite__gap_far,0.043797;0.083099,-0.639660;0.680130,-0.000294021996;0.000707659951,descriptive_exact_variant_no_ci_across_variants
bag8,target_enc_oof_diff,test_time_variant,M4_target_encoding,tabred_sberbank,2,2,tabred_sberbank__gap_near,0.2265311490062835,0.2073133498430551,tabred_sberbank__gap_far,0.235749592588427,-0.3614346315019984,-0.5687479813450536,higher_shift_more_harmful,not_assessed_two_windows,mixed_or_tied,tabred_sberbank__gap_near;tabred_sberbank__gap_far,0.226531;0.235750,0.207313;-0.361435,0.000513714748;-0.00129847844,descriptive_exact_variant_no_ci_across_variants
bag8,target_enc_oof_diff,test_time_variant,M4_target_encoding,tabred_weather,3,3,tabred_weather__gap_near,0.0948655339805825,0.0,tabred_weather__gap_maxdiff,0.2280292319342118,0.0,0.0,no_change,nondecreasing_with_tie,mixed_or_tied,tabred_weather__gap_near;tabred_weather__gap_far;tabred_weather__gap_maxdiff,0.094866;0.101202;0.228029,0.000000;0.000000;0.000000,0;0;0,descriptive_exact_variant_no_ci_across_variants
bag8,target_enc_oof_inv_ratio,test_time_variant,M4_target_encoding,tabred_delivery_eta,3,3,tabred_delivery_eta__gap_near,0.1571228260314691,0.542086013582193,tabred_delivery_eta__gap_maxdiff,0.2496496029927623,-0.1488384314356947,-0.6909244450178877,higher_shift_more_harmful,strictly_decreasing,mixed_or_tied,tabred_delivery_eta__gap_near;tabred_delivery_eta__gap_far;tabred_delivery_eta__gap_maxdiff,0.157123;0.237934;0.249650,0.542086;0.058685;-0.148838,0.00311336324;0.000327239189;-0.000823667465,descriptive_exact_variant_no_ci_across_variants
bag8,target_enc_oof_inv_ratio,test_time_variant,M4_target_encoding,tabred_homesite,2,2,tabred_homesite__gap_near,0.0437974647176086,0.2920957129793622,tabred_homesite__gap_far,0.0830990647492541,6.030714045510538,5.738618332531176,higher_shift_more_helpful,not_assessed_two_windows,all_positive,tabred_homesite__gap_near;tabred_homesite__gap_far,0.043797;0.083099,0.292096;6.030714,0.000134262812;0.00627481997,descriptive_exact_variant_no_ci_across_variants
bag8,target_enc_oof_inv_ratio,test_time_variant,M4_target_encoding,tabred_sberbank,2,2,tabred_sberbank__gap_near,0.2265311490062835,0.3133241633575315,tabred_sberbank__gap_far,0.235749592588427,1.1780205906703003,0.8646964273127689,higher_shift_more_helpful,not_assessed_two_windows,all_positive,tabred_sberbank__gap_near;tabred_sberbank__gap_far,0.226531;0.235750,0.313324;1.178021,0.00077640559;0.00423211893,descriptive_exact_variant_no_ci_across_variants
bag8,target_enc_oof_inv_ratio,test_time_variant,M4_target_encoding,tabred_weather,3,3,tabred_weather__gap_near,0.0948655339805825,0.0,tabred_weather__gap_maxdiff,0.2280292319342118,0.0,0.0,no_change,nondecreasing_with_tie,mixed_or_tied,tabred_weather__gap_near;tabred_weather__gap_far;tabred_weather__gap_maxdiff,0.094866;0.101202;0.228029,0.000000;0.000000;0.000000,0;0;0,descriptive_exact_variant_no_ci_across_variants
bag8,target_enc_oof_ratio,test_time_variant,M4_target_encoding,tabred_delivery_eta,3,3,tabred_delivery_eta__gap_near,0.1571228260314691,0.542086013582193,tabred_delivery_eta__gap_maxdiff,0.2496496029927623,-0.1488384314356947,-0.6909244450178877,higher_shift_more_harmful,strictly_decreasing,mixed_or_tied,tabred_delivery_eta__gap_near;tabred_delivery_eta__gap_far;tabred_delivery_eta__gap_maxdiff,0.157123;0.237934;0.249650,0.542086;0.058685;-0.148838,0.00311336324;0.000327239189;-0.000823667465,descriptive_exact_variant_no_ci_across_variants
bag8,target_enc_oof_ratio,test_time_variant,M4_target_encoding,tabred_homesite,2,2,tabred_homesite__gap_near,0.0437974647176086,-0.8267193815828624,tabred_homesite__gap_far,0.0830990647492541,1.5755872607879011,2.4023066423707635,higher_shift_more_helpful,not_assessed_two_windows,mixed_or_tied,tabred_homesite__gap_near;tabred_homesite__gap_far,0.043797;0.083099,-0.826719;1.575587,-0.000380004443;0.00163936249,descriptive_exact_variant_no_ci_across_variants
bag8,target_enc_oof_ratio,test_time_variant,M4_target_encoding,tabred_sberbank,2,2,tabred_sberbank__gap_near,0.2265311490062835,0.6326457440830658,tabred_sberbank__gap_far,0.235749592588427,-0.2721768153889906,-0.9048225594720565,higher_shift_more_harmful,not_assessed_two_windows,mixed_or_tied,tabred_sberbank__gap_near;tabred_sberbank__gap_far,0.226531;0.235750,0.632646;-0.272177,0.00156767256;-0.000977813682,descriptive_exact_variant_no_ci_across_variants
bag8,target_enc_oof_ratio,test_time_variant,M4_target_encoding,tabred_weather,3,3,tabred_weather__gap_near,0.0948655339805825,0.0,tabred_weather__gap_maxdiff,0.2280292319342118,0.0,0.0,no_change,nondecreasing_with_tie,mixed_or_tied,tabred_weather__gap_near;tabred_weather__gap_far;tabred_weather__gap_maxdiff,0.094866;0.101202;0.228029,0.000000;0.000000;0.000000,0;0;0,descriptive_exact_variant_no_ci_across_variants
bag8,target_enc_oof_ratio_cap5,test_time_variant,M4_target_encoding,tabred_delivery_eta,3,3,tabred_delivery_eta__gap_near,0.1571228260314691,0.542086013582193,tabred_delivery_eta__gap_maxdiff,0.2496496029927623,-0.1488384314356947,-0.6909244450178877,higher_shift_more_harmful,strictly_decreasing,mixed_or_tied,tabred_delivery_eta__gap_near;tabred_delivery_eta__gap_far;tabred_delivery_eta__gap_maxdiff,0.157123;0.237934;0.249650,0.542086;0.058685;-0.148838,0.00311336324;0.000327239189;-0.000823667465,descriptive_exact_variant_no_ci_across_variants
bag8,target_enc_oof_ratio_cap5,test_time_variant,M4_target_encoding,tabred_homesite,2,2,tabred_homesite__gap_near,0.0437974647176086,-0.8267193815828624,tabred_homesite__gap_far,0.0830990647492541,1.706451722223122,2.5331711038059845,higher_shift_more_helpful,not_assessed_two_windows,mixed_or_tied,tabred_homesite__gap_near;tabred_homesite__gap_far,0.043797;0.083099,-0.826719;1.706452,-0.000380004443;0.00177552397,descriptive_exact_variant_no_ci_across_variants
bag8,target_enc_oof_ratio_cap5,test_time_variant,M4_target_encoding,tabred_sberbank,2,2,tabred_sberbank__gap_near,0.2265311490062835,0.6326457440830658,tabred_sberbank__gap_far,0.235749592588427,-0.4213460666291134,-1.0539918107121793,higher_shift_more_harmful,not_assessed_two_windows,mixed_or_tied,tabred_sberbank__gap_near;tabred_sberbank__gap_far,0.226531;0.235750,0.632646;-0.421346,0.00156767256;-0.00151371434,descriptive_exact_variant_no_ci_across_variants
bag8,target_enc_oof_ratio_cap5,test_time_variant,M4_target_encoding,tabred_weather,3,3,tabred_weather__gap_near,0.0948655339805825,0.0,tabred_weather__gap_maxdiff,0.2280292319342118,0.0,0.0,no_change,nondecreasing_with_tie,mixed_or_tied,tabred_weather__gap_near;tabred_weather__gap_far;tabred_weather__gap_maxdiff,0.094866;0.101202;0.228029,0.000000;0.000000;0.000000,0;0;0,descriptive_exact_variant_no_ci_across_variants
bag8,target_enc_ratio,test_time_variant,M4_target_encoding,tabred_delivery_eta,3,3,tabred_delivery_eta__gap_near,0.1571228260314691,0.0,tabred_delivery_eta__gap_maxdiff,0.2496496029927623,0.0,0.0,no_change,nondecreasing_with_tie,mixed_or_tied,tabred_delivery_eta__gap_near;tabred_delivery_eta__gap_far;tabred_delivery_eta__gap_maxdiff,0.157123;0.237934;0.249650,0.000000;0.000000;0.000000,0;0;0,descriptive_exact_variant_no_ci_across_variants
bag8,target_enc_ratio,test_time_variant,M4_target_encoding,tabred_homesite,2,2,tabred_homesite__gap_near,0.0437974647176086,-0.23367657038291,tabred_homesite__gap_far,0.0830990647492541,0.4051063208577393,0.6387828912406492,higher_shift_more_helpful,not_assessed_two_windows,mixed_or_tied,tabred_homesite__gap_near;tabred_homesite__gap_far,0.043797;0.083099,-0.233677;0.405106,-0.000107410249;0.000421503857,descriptive_exact_variant_no_ci_across_variants
bag8,target_enc_ratio,test_time_variant,M4_target_encoding,tabred_sberbank,2,2,tabred_sberbank__gap_near,0.2265311490062835,0.7582741830255126,tabred_sberbank__gap_far,0.235749592588427,-0.613673224121176,-1.3719474071466886,higher_shift_more_harmful,not_assessed_two_windows,mixed_or_tied,tabred_sberbank__gap_near;tabred_sberbank__gap_far,0.226531;0.235750,0.758274;-0.613673,0.00187897514;-0.00220466271,descriptive_exact_variant_no_ci_across_variants
bag8,target_enc_ratio,test_time_variant,M4_target_encoding,tabred_weather,3,3,tabred_weather__gap_near,0.0948655339805825,0.0,tabred_weather__gap_maxdiff,0.2280292319342118,0.0,0.0,no_change,nondecreasing_with_tie,mixed_or_tied,tabred_weather__gap_near;tabred_weather__gap_far;tabred_weather__gap_maxdiff,0.094866;0.101202;0.228029,0.000000;0.000000;0.000000,0;0;0,descriptive_exact_variant_no_ci_across_variants
bag8,target_enc_ratio__sel_combined_intersection,test_time_variant,selective,tabred_delivery_eta,3,3,tabred_delivery_eta__gap_near,0.1571228260314691,-0.0003162236035135,tabred_delivery_eta__gap_maxdiff,0.2496496029927623,0.0127246481791217,0.0130408717826352,higher_shift_more_helpful,strictly_increasing,mixed_or_tied,tabred_delivery_eta__gap_near;tabred_delivery_eta__gap_far;tabred_delivery_eta__gap_maxdiff,0.157123;0.237934;0.249650,-0.000316;0.000014;0.012725,-1.8161674e-06;8.01690554e-08;7.04178256e-05,descriptive_exact_variant_no_ci_across_variants
bag8,target_enc_ratio__sel_combined_intersection,test_time_variant,selective,tabred_homesite,2,2,tabred_homesite__gap_near,0.0437974647176086,-0.1888295518251007,tabred_homesite__gap_far,0.0830990647492541,3.3578986608550263,3.546728212680127,higher_shift_more_helpful,not_assessed_two_windows,mixed_or_tied,tabred_homesite__gap_near;tabred_homesite__gap_far,0.043797;0.083099,-0.188830;3.357899,-8.67961611e-05;0.00349381672,descriptive_exact_variant_no_ci_across_variants
bag8,target_enc_ratio__sel_combined_intersection,test_time_variant,selective,tabred_sberbank,2,2,tabred_sberbank__gap_near,0.2265311490062835,-0.3840015378581178,tabred_sberbank__gap_far,0.235749592588427,-0.2603684184442395,0.12363311941387828,higher_shift_more_helpful,not_assessed_two_windows,all_negative,tabred_sberbank__gap_near;tabred_sberbank__gap_far,0.226531;0.235750,-0.384002;-0.260368,-0.000951541487;-0.000935391215,descriptive_exact_variant_no_ci_across_variants
bag8,target_enc_ratio__sel_combined_intersection,test_time_variant,selective,tabred_weather,3,3,tabred_weather__gap_near,0.0948655339805825,-0.0052414050691074,tabred_weather__gap_maxdiff,0.2280292319342118,0.0001036960916417,0.0053451011607490995,higher_shift_more_helpful,nonmonotonic,mixed_or_tied,tabred_weather__gap_near;tabred_weather__gap_far;tabred_weather__gap_maxdiff,0.094866;0.101202;0.228029,-0.005241;0.000835;0.000104,-8.71645734e-05;1.37189824e-05;1.86043873e-06,descriptive_exact_variant_no_ci_across_variants
bag8,target_enc_ratio__sel_combined_union,test_time_variant,selective,tabred_delivery_eta,3,3,tabred_delivery_eta__gap_near,0.1571228260314691,-0.0002439440108691,tabred_delivery_eta__gap_maxdiff,0.2496496029927623,0.0005790214824268,0.0008229654932958999,higher_shift_more_helpful,strictly_increasing,mixed_or_tied,tabred_delivery_eta__gap_near;tabred_delivery_eta__gap_far;tabred_delivery_eta__gap_maxdiff,0.157123;0.237934;0.249650,-0.000244;0.000077;0.000579,-1.40104393e-06;4.27568429e-07;3.20428771e-06,descriptive_exact_variant_no_ci_across_variants
bag8,target_enc_ratio__sel_combined_union,test_time_variant,selective,tabred_homesite,2,2,tabred_homesite__gap_near,0.0437974647176086,-0.2295459239366816,tabred_homesite__gap_far,0.0830990647492541,-0.0252865592813699,0.2042593646553117,higher_shift_more_helpful,not_assessed_two_windows,all_negative,tabred_homesite__gap_near;tabred_homesite__gap_far,0.043797;0.083099,-0.229546;-0.025287,-0.000105511583;-2.63100863e-05,descriptive_exact_variant_no_ci_across_variants
bag8,target_enc_ratio__sel_combined_union,test_time_variant,selective,tabred_sberbank,2,2,tabred_sberbank__gap_near,0.2265311490062835,0.758634868858716,tabred_sberbank__gap_far,0.235749592588427,-0.6106093492917385,-1.3692442181504545,higher_shift_more_harmful,not_assessed_two_windows,mixed_or_tied,tabred_sberbank__gap_near;tabred_sberbank__gap_far,0.226531;0.235750,0.758635;-0.610609,0.00187986891;-0.00219365553,descriptive_exact_variant_no_ci_across_variants
bag8,target_enc_ratio__sel_combined_union,test_time_variant,selective,tabred_weather,3,3,tabred_weather__gap_near,0.0948655339805825,0.0004698433117791,tabred_weather__gap_maxdiff,0.2280292319342118,0.0001814682309234,-0.00028837508085569996,higher_shift_more_harmful,nonmonotonic,mixed_or_tied,tabred_weather__gap_near;tabred_weather__gap_far;tabred_weather__gap_maxdiff,0.094866;0.101202;0.228029,0.000470;-0.001565;0.000181,7.81349491e-06;-2.56955634e-05;3.25576904e-06,descriptive_exact_variant_no_ci_across_variants
bag8,target_enc_ratio_cap5,test_time_variant,M4_target_encoding,tabred_delivery_eta,3,3,tabred_delivery_eta__gap_near,0.1571228260314691,0.0,tabred_delivery_eta__gap_maxdiff,0.2496496029927623,0.0,0.0,no_change,nondecreasing_with_tie,mixed_or_tied,tabred_delivery_eta__gap_near;tabred_delivery_eta__gap_far;tabred_delivery_eta__gap_maxdiff,0.157123;0.237934;0.249650,0.000000;0.000000;0.000000,0;0;0,descriptive_exact_variant_no_ci_across_variants
bag8,target_enc_ratio_cap5,test_time_variant,M4_target_encoding,tabred_homesite,2,2,tabred_homesite__gap_near,0.0437974647176086,-0.23367657038291,tabred_homesite__gap_far,0.0830990647492541,0.441341699621696,0.675018270004606,higher_shift_more_helpful,not_assessed_two_windows,mixed_or_tied,tabred_homesite__gap_near;tabred_homesite__gap_far,0.043797;0.083099,-0.233677;0.441342,-0.000107410249;0.00045920594,descriptive_exact_variant_no_ci_across_variants
bag8,target_enc_ratio_cap5,test_time_variant,M4_target_encoding,tabred_sberbank,2,2,tabred_sberbank__gap_near,0.2265311490062835,0.7582741830255126,tabred_sberbank__gap_far,0.235749592588427,-0.613673224121176,-1.3719474071466886,higher_shift_more_harmful,not_assessed_two_windows,mixed_or_tied,tabred_sberbank__gap_near;tabred_sberbank__gap_far,0.226531;0.235750,0.758274;-0.613673,0.00187897514;-0.00220466271,descriptive_exact_variant_no_ci_across_variants
bag8,target_enc_ratio_cap5,test_time_variant,M4_target_encoding,tabred_weather,3,3,tabred_weather__gap_near,0.0948655339805825,0.0,tabred_weather__gap_maxdiff,0.2280292319342118,0.0,0.0,no_change,nondecreasing_with_tie,mixed_or_tied,tabred_weather__gap_near;tabred_weather__gap_far;tabred_weather__gap_maxdiff,0.094866;0.101202;0.228029,0.000000;0.000000;0.000000,0;0;0,descriptive_exact_variant_no_ci_across_variants
bag8,target_enc_standard_m10,train_only_version,baselines,tabred_delivery_eta,3,3,tabred_delivery_eta__gap_near,0.1571228260314691,0.0,tabred_delivery_eta__gap_maxdiff,0.2496496029927623,0.0,0.0,no_change,nondecreasing_with_tie,mixed_or_tied,tabred_delivery_eta__gap_near;tabred_delivery_eta__gap_far;tabred_delivery_eta__gap_maxdiff,0.157123;0.237934;0.249650,0.000000;0.000000;0.000000,0;0;0,descriptive_exact_variant_no_ci_across_variants
bag8,target_enc_standard_m10,train_only_version,baselines,tabred_homesite,2,2,tabred_homesite__gap_near,0.0437974647176086,0.1292302245306233,tabred_homesite__gap_far,0.0830990647492541,1.6827292800108151,1.5534990554801917,higher_shift_more_helpful,not_assessed_two_windows,all_positive,tabred_homesite__gap_near;tabred_homesite__gap_far,0.043797;0.083099,0.129230;1.682729,5.94011228e-05;0.00175084131,descriptive_exact_variant_no_ci_across_variants
bag8,target_enc_standard_m10,train_only_version,baselines,tabred_sberbank,2,2,tabred_sberbank__gap_near,0.2265311490062835,0.1526001837482291,tabred_sberbank__gap_far,0.235749592588427,2.0502276854680184,1.8976275017197892,higher_shift_more_helpful,not_assessed_two_windows,all_positive,tabred_sberbank__gap_near;tabred_sberbank__gap_far,0.226531;0.235750,0.152600;2.050228,0.000378137563;0.00736558211,descriptive_exact_variant_no_ci_across_variants
bag8,target_enc_standard_m10,train_only_version,baselines,tabred_weather,3,3,tabred_weather__gap_near,0.0948655339805825,0.0,tabred_weather__gap_maxdiff,0.2280292319342118,0.0,0.0,no_change,nondecreasing_with_tie,mixed_or_tied,tabred_weather__gap_near;tabred_weather__gap_far;tabred_weather__gap_maxdiff,0.094866;0.101202;0.228029,0.000000;0.000000;0.000000,0;0;0,descriptive_exact_variant_no_ci_across_variants
bag8,target_enc_standard_m20,train_only_version,baselines,tabred_delivery_eta,3,3,tabred_delivery_eta__gap_near,0.1571228260314691,0.0,tabred_delivery_eta__gap_maxdiff,0.2496496029927623,0.0,0.0,no_change,nondecreasing_with_tie,mixed_or_tied,tabred_delivery_eta__gap_near;tabred_delivery_eta__gap_far;tabred_delivery_eta__gap_maxdiff,0.157123;0.237934;0.249650,0.000000;0.000000;0.000000,0;0;0,descriptive_exact_variant_no_ci_across_variants
bag8,target_enc_standard_m20,train_only_version,baselines,tabred_homesite,2,2,tabred_homesite__gap_near,0.0437974647176086,0.0867435753698307,tabred_homesite__gap_far,0.0830990647492541,0.5998388959417745,0.5130953205719438,higher_shift_more_helpful,not_assessed_two_windows,all_positive,tabred_homesite__gap_near;tabred_homesite__gap_far,0.043797;0.083099,0.086744;0.599839,3.98719865e-05;0.000624118646,descriptive_exact_variant_no_ci_across_variants
bag8,target_enc_standard_m20,train_only_version,baselines,tabred_sberbank,2,2,tabred_sberbank__gap_near,0.2265311490062835,0.2138065271009863,tabred_sberbank__gap_far,0.235749592588427,0.9997751763109992,0.7859686492100129,higher_shift_more_helpful,not_assessed_two_windows,all_positive,tabred_sberbank__gap_near;tabred_sberbank__gap_far,0.226531;0.235750,0.213807;0.999775,0.000529804599;0.00359176018,descriptive_exact_variant_no_ci_across_variants
bag8,target_enc_standard_m20,train_only_version,baselines,tabred_weather,3,3,tabred_weather__gap_near,0.0948655339805825,0.0,tabred_weather__gap_maxdiff,0.2280292319342118,0.0,0.0,no_change,nondecreasing_with_tie,mixed_or_tied,tabred_weather__gap_near;tabred_weather__gap_far;tabred_weather__gap_maxdiff,0.094866;0.101202;0.228029,0.000000;0.000000;0.000000,0;0;0,descriptive_exact_variant_no_ci_across_variants
bag8,target_enc_standard_m5,train_only_version,baselines,tabred_delivery_eta,3,3,tabred_delivery_eta__gap_near,0.1571228260314691,0.0,tabred_delivery_eta__gap_maxdiff,0.2496496029927623,0.0,0.0,no_change,nondecreasing_with_tie,mixed_or_tied,tabred_delivery_eta__gap_near;tabred_delivery_eta__gap_far;tabred_delivery_eta__gap_maxdiff,0.157123;0.237934;0.249650,0.000000;0.000000;0.000000,0;0;0,descriptive_exact_variant_no_ci_across_variants
bag8,target_enc_standard_m5,train_only_version,baselines,tabred_homesite,2,2,tabred_homesite__gap_near,0.0437974647176086,0.1292302245306233,tabred_homesite__gap_far,0.0830990647492541,5.093286548853999,4.9640563243233755,higher_shift_more_helpful,not_assessed_two_windows,all_positive,tabred_homesite__gap_near;tabred_homesite__gap_far,0.043797;0.083099,0.129230;5.093287,5.94011228e-05;0.00529944811,descriptive_exact_variant_no_ci_across_variants
bag8,target_enc_standard_m5,train_only_version,baselines,tabred_sberbank,2,2,tabred_sberbank__gap_near,0.2265311490062835,0.1812263441724984,tabred_sberbank__gap_far,0.235749592588427,1.7244144228434106,1.5431880786709122,higher_shift_more_helpful,not_assessed_two_windows,all_positive,tabred_sberbank__gap_near;tabred_sberbank__gap_far,0.226531;0.235750,0.181226;1.724414,0.000449072121;0.00619507585,descriptive_exact_variant_no_ci_across_variants
bag8,target_enc_standard_m5,train_only_version,baselines,tabred_weather,3,3,tabred_weather__gap_near,0.0948655339805825,0.0,tabred_weather__gap_maxdiff,0.2280292319342118,0.0,0.0,no_change,nondecreasing_with_tie,mixed_or_tied,tabred_weather__gap_near;tabred_weather__gap_far;tabred_weather__gap_maxdiff,0.094866;0.101202;0.228029,0.000000;0.000000;0.000000,0;0;0,descriptive_exact_variant_no_ci_across_variants
bag8,targeted_groupby_top3,test_time_variant,M14_groupby,tabred_delivery_eta,3,3,tabred_delivery_eta__gap_near,0.1571228260314691,0.3428914297323313,tabred_delivery_eta__gap_maxdiff,0.2496496029927623,0.4039205899235514,0.06102916019122012,higher_shift_more_helpful,nonmonotonic,mixed_or_tied,tabred_delivery_eta__gap_near;tabred_delivery_eta__gap_far;tabred_delivery_eta__gap_maxdiff,0.157123;0.237934;0.249650,0.342891;-0.592371;0.403921,0.00196932875;-0.00330314909;0.00223528457,descriptive_exact_variant_no_ci_across_variants
bag8,targeted_groupby_top3,test_time_variant,M14_groupby,tabred_homesite,2,2,tabred_homesite__gap_near,0.0437974647176086,-2.0322780515146763,tabred_homesite__gap_far,0.0830990647492541,-63.6016923746687,-61.56941432315403,higher_shift_more_harmful,not_assessed_two_windows,all_negative,tabred_homesite__gap_near;tabred_homesite__gap_far,0.043797;0.083099,-2.032278;-63.601692,-0.000934143684;-0.0661761056,descriptive_exact_variant_no_ci_across_variants
bag8,targeted_groupby_top3,test_time_variant,M14_groupby,tabred_sberbank,2,2,tabred_sberbank__gap_near,0.2265311490062835,0.0889962921532567,tabred_sberbank__gap_far,0.235749592588427,0.9433820228389656,0.8543857306857089,higher_shift_more_helpful,not_assessed_two_windows,all_positive,tabred_sberbank__gap_near;tabred_sberbank__gap_far,0.226531;0.235750,0.088996;0.943382,0.000220529492;0.00338916395,descriptive_exact_variant_no_ci_across_variants
bag8,targeted_groupby_top3,test_time_variant,M14_groupby,tabred_weather,3,3,tabred_weather__gap_near,0.0948655339805825,0.0,tabred_weather__gap_maxdiff,0.2280292319342118,0.0495641754234573,0.0495641754234573,higher_shift_more_helpful,nonmonotonic,mixed_or_tied,tabred_weather__gap_near;tabred_weather__gap_far;tabred_weather__gap_maxdiff,0.094866;0.101202;0.228029,0.000000;-0.746474;0.049564,0;-0.012259321;0.000889243849,descriptive_exact_variant_no_ci_across_variants
bag8,targeted_groupby_top3_shifted_agg,test_time_variant,M14_groupby,tabred_delivery_eta,3,3,tabred_delivery_eta__gap_near,0.1571228260314691,0.3428914297323313,tabred_delivery_eta__gap_maxdiff,0.2496496029927623,0.4039205899235514,0.06102916019122012,higher_shift_more_helpful,nonmonotonic,mixed_or_tied,tabred_delivery_eta__gap_near;tabred_delivery_eta__gap_far;tabred_delivery_eta__gap_maxdiff,0.157123;0.237934;0.249650,0.342891;-0.554012;0.403921,0.00196932875;-0.00308925483;0.00223528457,descriptive_exact_variant_no_ci_across_variants
bag8,targeted_groupby_top3_shifted_agg,test_time_variant,M14_groupby,tabred_homesite,2,2,tabred_homesite__gap_near,0.0437974647176086,-3.077921694744988,tabred_homesite__gap_far,0.0830990647492541,-63.59282904461142,-60.514907349866434,higher_shift_more_harmful,not_assessed_two_windows,all_negative,tabred_homesite__gap_near;tabred_homesite__gap_far,0.043797;0.083099,-3.077922;-63.592829,-0.00141477743;-0.0661668835,descriptive_exact_variant_no_ci_across_variants
bag8,targeted_groupby_top3_shifted_agg,test_time_variant,M14_groupby,tabred_sberbank,2,2,tabred_sberbank__gap_near,0.2265311490062835,0.0889962921532567,tabred_sberbank__gap_far,0.235749592588427,0.9433820228389656,0.8543857306857089,higher_shift_more_helpful,not_assessed_two_windows,all_positive,tabred_sberbank__gap_near;tabred_sberbank__gap_far,0.226531;0.235750,0.088996;0.943382,0.000220529492;0.00338916395,descriptive_exact_variant_no_ci_across_variants
bag8,targeted_groupby_top3_shifted_agg,test_time_variant,M14_groupby,tabred_weather,3,3,tabred_weather__gap_near,0.0948655339805825,0.0,tabred_weather__gap_maxdiff,0.2280292319342118,0.0699118644438548,0.0699118644438548,higher_shift_more_helpful,nonmonotonic,mixed_or_tied,tabred_weather__gap_near;tabred_weather__gap_far;tabred_weather__gap_maxdiff,0.094866;0.101202;0.228029,0.000000;-0.691414;0.069912,0;-0.0113550741;0.00125430706,descriptive_exact_variant_no_ci_across_variants
bag8,targeted_groupby_top5,test_time_variant,M14_groupby,tabred_delivery_eta,3,3,tabred_delivery_eta__gap_near,0.1571228260314691,0.3428914297323313,tabred_delivery_eta__gap_maxdiff,0.2496496029927623,0.4039205899235514,0.06102916019122012,higher_shift_more_helpful,nonmonotonic,mixed_or_tied,tabred_delivery_eta__gap_near;tabred_delivery_eta__gap_far;tabred_delivery_eta__gap_maxdiff,0.157123;0.237934;0.249650,0.342891;-0.592371;0.403921,0.00196932875;-0.00330314909;0.00223528457,descriptive_exact_variant_no_ci_across_variants
bag8,targeted_groupby_top5,test_time_variant,M14_groupby,tabred_homesite,2,2,tabred_homesite__gap_near,0.0437974647176086,-2.568081904818134,tabred_homesite__gap_far,0.0830990647492541,-63.6016923746687,-61.033610469850565,higher_shift_more_harmful,not_assessed_two_windows,all_negative,tabred_homesite__gap_near;tabred_homesite__gap_far,0.043797;0.083099,-2.568082;-63.601692,-0.00118042779;-0.0661761056,descriptive_exact_variant_no_ci_across_variants
bag8,targeted_groupby_top5,test_time_variant,M14_groupby,tabred_sberbank,2,2,tabred_sberbank__gap_near,0.2265311490062835,0.0889962921532567,tabred_sberbank__gap_far,0.235749592588427,0.9433820228389656,0.8543857306857089,higher_shift_more_helpful,not_assessed_two_windows,all_positive,tabred_sberbank__gap_near;tabred_sberbank__gap_far,0.226531;0.235750,0.088996;0.943382,0.000220529492;0.00338916395,descriptive_exact_variant_no_ci_across_variants
bag8,targeted_groupby_top5,test_time_variant,M14_groupby,tabred_weather,3,3,tabred_weather__gap_near,0.0948655339805825,0.0,tabred_weather__gap_maxdiff,0.2280292319342118,0.0495641754234573,0.0495641754234573,higher_shift_more_helpful,nonmonotonic,mixed_or_tied,tabred_weather__gap_near;tabred_weather__gap_far;tabred_weather__gap_maxdiff,0.094866;0.101202;0.228029,0.000000;-0.746474;0.049564,0;-0.012259321;0.000889243849,descriptive_exact_variant_no_ci_across_variants
bag8,targeted_groupby_top5_shifted_agg,test_time_variant,M14_groupby,tabred_delivery_eta,3,3,tabred_delivery_eta__gap_near,0.1571228260314691,0.3428914297323313,tabred_delivery_eta__gap_maxdiff,0.2496496029927623,0.4039205899235514,0.06102916019122012,higher_shift_more_helpful,nonmonotonic,mixed_or_tied,tabred_delivery_eta__gap_near;tabred_delivery_eta__gap_far;tabred_delivery_eta__gap_maxdiff,0.157123;0.237934;0.249650,0.342891;-0.554012;0.403921,0.00196932875;-0.00308925483;0.00223528457,descriptive_exact_variant_no_ci_across_variants
bag8,targeted_groupby_top5_shifted_agg,test_time_variant,M14_groupby,tabred_homesite,2,2,tabred_homesite__gap_near,0.0437974647176086,-2.276576284188026,tabred_homesite__gap_far,0.0830990647492541,-63.59282904461142,-61.316252760423396,higher_shift_more_harmful,not_assessed_two_windows,all_negative,tabred_homesite__gap_near;tabred_homesite__gap_far,0.043797;0.083099,-2.276576;-63.592829,-0.00104643622;-0.0661668835,descriptive_exact_variant_no_ci_across_variants
bag8,targeted_groupby_top5_shifted_agg,test_time_variant,M14_groupby,tabred_sberbank,2,2,tabred_sberbank__gap_near,0.2265311490062835,0.0889962921532567,tabred_sberbank__gap_far,0.235749592588427,0.9433820228389656,0.8543857306857089,higher_shift_more_helpful,not_assessed_two_windows,all_positive,tabred_sberbank__gap_near;tabred_sberbank__gap_far,0.226531;0.235750,0.088996;0.943382,0.000220529492;0.00338916395,descriptive_exact_variant_no_ci_across_variants
bag8,targeted_groupby_top5_shifted_agg,test_time_variant,M14_groupby,tabred_weather,3,3,tabred_weather__gap_near,0.0948655339805825,0.0,tabred_weather__gap_maxdiff,0.2280292319342118,0.0699118644438548,0.0699118644438548,higher_shift_more_helpful,nonmonotonic,mixed_or_tied,tabred_weather__gap_near;tabred_weather__gap_far;tabred_weather__gap_maxdiff,0.094866;0.101202;0.228029,0.000000;-0.691414;0.069912,0;-0.0113550741;0.00125430706,descriptive_exact_variant_no_ci_across_variants
bag8,tdda_k10_lam07_aug1,test_time_variant,M17_tdda,tabred_delivery_eta,3,3,tabred_delivery_eta__gap_near,0.1571228260314691,-0.3051784789786744,tabred_delivery_eta__gap_maxdiff,0.2496496029927623,-2.605548985558073,-2.300370506579399,higher_shift_more_harmful,strictly_decreasing,all_negative,tabred_delivery_eta__gap_near;tabred_delivery_eta__gap_far;tabred_delivery_eta__gap_maxdiff,0.157123;0.237934;0.249650,-0.305178;-2.189542;-2.605549,-0.00175273192;-0.0122092174;-0.0144190308,descriptive_exact_variant_no_ci_across_variants
bag8,tdda_k10_lam07_aug1,test_time_variant,M17_tdda,tabred_homesite,2,2,tabred_homesite__gap_near,0.0437974647176086,-16.386274451951458,tabred_homesite__gap_far,0.0830990647492541,11.26164289643183,27.647917348383288,higher_shift_more_helpful,not_assessed_two_windows,mixed_or_tied,tabred_homesite__gap_near;tabred_homesite__gap_far,0.043797;0.083099,-16.386274;11.261643,-0.00753200812;0.0117174818,descriptive_exact_variant_no_ci_across_variants
bag8,tdda_k10_lam07_aug1,test_time_variant,M17_tdda,tabred_sberbank,2,2,tabred_sberbank__gap_near,0.2265311490062835,-7.963845202974027,tabred_sberbank__gap_far,0.235749592588427,-15.364339855993578,-7.400494653019551,higher_shift_more_harmful,not_assessed_two_windows,all_negative,tabred_sberbank__gap_near;tabred_sberbank__gap_far,0.226531;0.235750,-7.963845;-15.364340,-0.0197341114;-0.0551974337,descriptive_exact_variant_no_ci_across_variants
bag8,tdda_k10_lam07_aug1,test_time_variant,M17_tdda,tabred_weather,3,3,tabred_weather__gap_near,0.0948655339805825,-0.4891679718857019,tabred_weather__gap_maxdiff,0.2280292319342118,-2.690731560720075,-2.201563588834373,higher_shift_more_harmful,strictly_decreasing,all_negative,tabred_weather__gap_near;tabred_weather__gap_far;tabred_weather__gap_maxdiff,0.094866;0.101202;0.228029,-0.489168;-0.656757;-2.690732,-0.00813486403;-0.0107859098;-0.0482751194,descriptive_exact_variant_no_ci_across_variants
bag8,tdda_k5_lam06_aug1,test_time_variant,M17_tdda,tabred_delivery_eta,3,3,tabred_delivery_eta__gap_near,0.1571228260314691,-0.6774156978830047,tabred_delivery_eta__gap_maxdiff,0.2496496029927623,-2.183168553325977,-1.5057528554429722,higher_shift_more_harmful,nonmonotonic,all_negative,tabred_delivery_eta__gap_near;tabred_delivery_eta__gap_far;tabred_delivery_eta__gap_maxdiff,0.157123;0.237934;0.249650,-0.677416;-2.443216;-2.183169,-0.00389060238;-0.0136237435;-0.01208159,descriptive_exact_variant_no_ci_across_variants
bag8,tdda_k5_lam06_aug1,test_time_variant,M17_tdda,tabred_homesite,2,2,tabred_homesite__gap_near,0.0437974647176086,-14.015873484199894,tabred_homesite__gap_far,0.0830990647492541,9.68449151857508,23.700365002774973,higher_shift_more_helpful,not_assessed_two_windows,mixed_or_tied,tabred_homesite__gap_near;tabred_homesite__gap_far,0.043797;0.083099,-14.015873;9.684492,-0.00644244506;0.0100764918,descriptive_exact_variant_no_ci_across_variants
bag8,tdda_k5_lam06_aug1,test_time_variant,M17_tdda,tabred_sberbank,2,2,tabred_sberbank__gap_near,0.2265311490062835,-8.109206286514405,tabred_sberbank__gap_far,0.235749592588427,-15.07045680990204,-6.961250523387635,higher_shift_more_harmful,not_assessed_two_windows,all_negative,tabred_sberbank__gap_near;tabred_sberbank__gap_far,0.226531;0.235750,-8.109206;-15.070457,-0.0200943107;-0.0541416389,descriptive_exact_variant_no_ci_across_variants
bag8,tdda_k5_lam06_aug1,test_time_variant,M17_tdda,tabred_weather,3,3,tabred_weather__gap_near,0.0948655339805825,-1.5120257839314526,tabred_weather__gap_maxdiff,0.2280292319342118,-6.002493312559222,-4.49046752862777,higher_shift_more_harmful,nonmonotonic,all_negative,tabred_weather__gap_near;tabred_weather__gap_far;tabred_weather__gap_maxdiff,0.094866;0.101202;0.228029,-1.512026;-1.143098;-6.002493,-0.0251449908;-0.0187730649;-0.107692304,descriptive_exact_variant_no_ci_across_variants
bag8,tdda_k5_lam07_aug1,test_time_variant,M17_tdda,tabred_delivery_eta,3,3,tabred_delivery_eta__gap_near,0.1571228260314691,-0.3051784789786744,tabred_delivery_eta__gap_maxdiff,0.2496496029927623,-2.605548985558073,-2.300370506579399,higher_shift_more_harmful,strictly_decreasing,all_negative,tabred_delivery_eta__gap_near;tabred_delivery_eta__gap_far;tabred_delivery_eta__gap_maxdiff,0.157123;0.237934;0.249650,-0.305178;-2.189542;-2.605549,-0.00175273192;-0.0122092174;-0.0144190308,descriptive_exact_variant_no_ci_across_variants
bag8,tdda_k5_lam07_aug1,test_time_variant,M17_tdda,tabred_homesite,2,2,tabred_homesite__gap_near,0.0437974647176086,-16.386274451951458,tabred_homesite__gap_far,0.0830990647492541,11.26164289643183,27.647917348383288,higher_shift_more_helpful,not_assessed_two_windows,mixed_or_tied,tabred_homesite__gap_near;tabred_homesite__gap_far,0.043797;0.083099,-16.386274;11.261643,-0.00753200812;0.0117174818,descriptive_exact_variant_no_ci_across_variants
bag8,tdda_k5_lam07_aug1,test_time_variant,M17_tdda,tabred_sberbank,2,2,tabred_sberbank__gap_near,0.2265311490062835,-7.003438755767973,tabred_sberbank__gap_far,0.235749592588427,-15.364339855993578,-8.360901100225604,higher_shift_more_harmful,not_assessed_two_windows,all_negative,tabred_sberbank__gap_near;tabred_sberbank__gap_far,0.226531;0.235750,-7.003439;-15.364340,-0.01735426;-0.0551974337,descriptive_exact_variant_no_ci_across_variants
bag8,tdda_k5_lam07_aug1,test_time_variant,M17_tdda,tabred_weather,3,3,tabred_weather__gap_near,0.0948655339805825,-0.4891679718857019,tabred_weather__gap_maxdiff,0.2280292319342118,-2.690731560720075,-2.201563588834373,higher_shift_more_harmful,strictly_decreasing,all_negative,tabred_weather__gap_near;tabred_weather__gap_far;tabred_weather__gap_maxdiff,0.094866;0.101202;0.228029,-0.489168;-0.656757;-2.690732,-0.00813486403;-0.0107859098;-0.0482751194,descriptive_exact_variant_no_ci_across_variants
bag8,tdda_k5_lam07_aug1_cumshift,test_time_variant,M17_tdda,tabred_delivery_eta,3,3,tabred_delivery_eta__gap_near,0.1571228260314691,0.2764774637096245,tabred_delivery_eta__gap_maxdiff,0.2496496029927623,-1.7929882006803082,-2.0694656643899325,higher_shift_more_harmful,strictly_decreasing,mixed_or_tied,tabred_delivery_eta__gap_near;tabred_delivery_eta__gap_far;tabred_delivery_eta__gap_maxdiff,0.157123;0.237934;0.249650,0.276477;-1.507055;-1.792988,0.00158789334;-0.0084035706;-0.00992234353,descriptive_exact_variant_no_ci_across_variants
bag8,tdda_k5_lam07_aug1_cumshift,test_time_variant,M17_tdda,tabred_homesite,2,2,tabred_homesite__gap_near,0.0437974647176086,-12.961378455728354,tabred_homesite__gap_far,0.0830990647492541,13.20557972695716,26.166958182685512,higher_shift_more_helpful,not_assessed_two_windows,mixed_or_tied,tabred_homesite__gap_near;tabred_homesite__gap_far,0.043797;0.083099,-12.961378;13.205580,-0.00595774275;0.0137401035,descriptive_exact_variant_no_ci_across_variants
bag8,tdda_k5_lam07_aug1_cumshift,test_time_variant,M17_tdda,tabred_sberbank,2,2,tabred_sberbank__gap_near,0.2265311490062835,-7.641156101998739,tabred_sberbank__gap_far,0.235749592588427,-18.9342548472344,-11.29309874523566,higher_shift_more_harmful,not_assessed_two_windows,all_negative,tabred_sberbank__gap_near;tabred_sberbank__gap_far,0.226531;0.235750,-7.641156;-18.934255,-0.0189344998;-0.0680225956,descriptive_exact_variant_no_ci_across_variants
bag8,tdda_k5_lam07_aug1_cumshift,test_time_variant,M17_tdda,tabred_weather,3,3,tabred_weather__gap_near,0.0948655339805825,-1.3912748528044585,tabred_weather__gap_maxdiff,0.2280292319342118,-3.1006633282231624,-1.7093884754187039,higher_shift_more_harmful,strictly_decreasing,all_negative,tabred_weather__gap_near;tabred_weather__gap_far;tabred_weather__gap_maxdiff,0.094866;0.101202;0.228029,-1.391275;-1.671449;-3.100663,-0.0231369027;-0.0274501569;-0.0556298126,descriptive_exact_variant_no_ci_across_variants
bag8,tdda_k5_lam07_aug2,test_time_variant,M17_tdda,tabred_delivery_eta,3,3,tabred_delivery_eta__gap_near,0.1571228260314691,-0.282053598089387,tabred_delivery_eta__gap_maxdiff,0.2496496029927623,-1.8686562783091607,-1.5866026802197737,higher_shift_more_harmful,nonmonotonic,all_negative,tabred_delivery_eta__gap_near;tabred_delivery_eta__gap_far;tabred_delivery_eta__gap_maxdiff,0.157123;0.237934;0.249650,-0.282054;-2.119763;-1.868656,-0.00161991876;-0.0118201229;-0.0103410884,descriptive_exact_variant_no_ci_across_variants
bag8,tdda_k5_lam07_aug2,test_time_variant,M17_tdda,tabred_homesite,2,2,tabred_homesite__gap_near,0.0437974647176086,-21.6115422063553,tabred_homesite__gap_far,0.0830990647492541,12.713925594951007,34.3254678013063,higher_shift_more_helpful,not_assessed_two_windows,mixed_or_tied,tabred_homesite__gap_near;tabred_homesite__gap_far,0.043797;0.083099,-21.611542;12.713926,-0.00993382064;0.0132285487,descriptive_exact_variant_no_ci_across_variants
bag8,tdda_k5_lam07_aug2,test_time_variant,M17_tdda,tabred_sberbank,2,2,tabred_sberbank__gap_near,0.2265311490062835,-11.253364236170606,tabred_sberbank__gap_far,0.235749592588427,-22.12327578705747,-10.869911550886863,higher_shift_more_harmful,not_assessed_two_windows,all_negative,tabred_sberbank__gap_near;tabred_sberbank__gap_far,0.226531;0.235750,-11.253364;-22.123276,-0.0278854168;-0.0794793698,descriptive_exact_variant_no_ci_across_variants
bag8,tdda_k5_lam07_aug2,test_time_variant,M17_tdda,tabred_weather,3,3,tabred_weather__gap_near,0.0948655339805825,-1.6838756584106525,tabred_weather__gap_maxdiff,0.2280292319342118,-2.8077463957546867,-1.1238707373440342,higher_shift_more_harmful,nonmonotonic,all_negative,tabred_weather__gap_near;tabred_weather__gap_far;tabred_weather__gap_maxdiff,0.094866;0.101202;0.228029,-1.683876;-0.971850;-2.807746,-0.0280028545;-0.015960665;-0.0503745132,descriptive_exact_variant_no_ci_across_variants
bag8,tdda_k5_lam08_aug1,test_time_variant,M17_tdda,tabred_delivery_eta,3,3,tabred_delivery_eta__gap_near,0.1571228260314691,0.1788310386692891,tabred_delivery_eta__gap_maxdiff,0.2496496029927623,-1.025499191822448,-1.2043302304917372,higher_shift_more_harmful,nonmonotonic,mixed_or_tied,tabred_delivery_eta__gap_near;tabred_delivery_eta__gap_far;tabred_delivery_eta__gap_maxdiff,0.157123;0.237934;0.249650,0.178831;-2.931966;-1.025499,0.00102708052;-0.0163490919;-0.00567508211,descriptive_exact_variant_no_ci_across_variants
bag8,tdda_k5_lam08_aug1,test_time_variant,M17_tdda,tabred_homesite,2,2,tabred_homesite__gap_near,0.0437974647176086,-16.34614817218889,tabred_homesite__gap_far,0.0830990647492541,11.614351295480017,27.960499467668907,higher_shift_more_helpful,not_assessed_two_windows,mixed_or_tied,tabred_homesite__gap_near;tabred_homesite__gap_far,0.043797;0.083099,-16.346148;11.614351,-0.00751356393;0.0120844668,descriptive_exact_variant_no_ci_across_variants
bag8,tdda_k5_lam08_aug1,test_time_variant,M17_tdda,tabred_sberbank,2,2,tabred_sberbank__gap_near,0.2265311490062835,-11.14709458128285,tabred_sberbank__gap_far,0.235749592588427,-18.65817613836887,-7.511081557086019,higher_shift_more_harmful,not_assessed_two_windows,all_negative,tabred_sberbank__gap_near;tabred_sberbank__gap_far,0.226531;0.235750,-11.147095;-18.658176,-0.0276220846;-0.0670307641,descriptive_exact_variant_no_ci_across_variants
bag8,tdda_k5_lam08_aug1,test_time_variant,M17_tdda,tabred_weather,3,3,tabred_weather__gap_near,0.0948655339805825,-0.3589316856459018,tabred_weather__gap_maxdiff,0.2280292319342118,-1.1081260582145265,-0.7491943725686248,higher_shift_more_harmful,strictly_decreasing,all_negative,tabred_weather__gap_near;tabred_weather__gap_far;tabred_weather__gap_maxdiff,0.094866;0.101202;0.228029,-0.358932;-0.764600;-1.108126,-0.00596903442;-0.012557001;-0.0198811797,descriptive_exact_variant_no_ci_across_variants
bag8,tdda_v2_k10_lam07_pfl_dw,test_time_variant,M17_tdda,tabred_delivery_eta,3,3,tabred_delivery_eta__gap_near,0.1571228260314691,0.339750089059799,tabred_delivery_eta__gap_maxdiff,0.2496496029927623,-1.3001810648557788,-1.6399311539155779,higher_shift_more_harmful,strictly_decreasing,mixed_or_tied,tabred_delivery_eta__gap_near;tabred_delivery_eta__gap_far;tabred_delivery_eta__gap_maxdiff,0.157123;0.237934;0.249650,0.339750;-0.667192;-1.300181,0.00195128709;-0.00372036684;-0.00719516345,descriptive_exact_variant_no_ci_across_variants
bag8,tdda_v2_k10_lam07_pfl_dw,test_time_variant,M17_tdda,tabred_homesite,2,2,tabred_homesite__gap_near,0.0437974647176086,-10.419850706635351,tabred_homesite__gap_far,0.0830990647492541,-0.7153228728660372,9.704527833769314,higher_shift_more_helpful,not_assessed_two_windows,all_negative,tabred_homesite__gap_near;tabred_homesite__gap_far,0.043797;0.083099,-10.419851;-0.715323,-0.00478952067;-0.000744277082,descriptive_exact_variant_no_ci_across_variants
bag8,tdda_v2_k10_lam07_pfl_dw,test_time_variant,M17_tdda,tabred_sberbank,2,2,tabred_sberbank__gap_near,0.2265311490062835,-18.000254050790073,tabred_sberbank__gap_far,0.235749592588427,-17.37050831079439,0.6297457399956841,higher_shift_more_helpful,not_assessed_two_windows,all_negative,tabred_sberbank__gap_near;tabred_sberbank__gap_far,0.226531;0.235750,-18.000254;-17.370508,-0.0446039581;-0.0624047301,descriptive_exact_variant_no_ci_across_variants
bag8,tdda_v2_k10_lam07_pfl_dw,test_time_variant,M17_tdda,tabred_weather,3,3,tabred_weather__gap_near,0.0948655339805825,-0.4752475927708226,tabred_weather__gap_maxdiff,0.2280292319342118,-1.0650565258140123,-0.5898089330431897,higher_shift_more_harmful,nonmonotonic,all_negative,tabred_weather__gap_near;tabred_weather__gap_far;tabred_weather__gap_maxdiff,0.094866;0.101202;0.228029,-0.475248;-0.151380;-1.065057,-0.00790336811;-0.00248610703;-0.019108458,descriptive_exact_variant_no_ci_across_variants
bag8,tdda_v2_k5_lam06_pfl_dw,test_time_variant,M17_tdda,tabred_delivery_eta,3,3,tabred_delivery_eta__gap_near,0.1571228260314691,0.4236075283064582,tabred_delivery_eta__gap_maxdiff,0.2496496029927623,-1.5152829058133186,-1.9388904341197768,higher_shift_more_harmful,strictly_decreasing,mixed_or_tied,tabred_delivery_eta__gap_near;tabred_delivery_eta__gap_far;tabred_delivery_eta__gap_maxdiff,0.157123;0.237934;0.249650,0.423608;-0.447121;-1.515283,0.00243290562;-0.00249321526;-0.00838553066,descriptive_exact_variant_no_ci_across_variants
bag8,tdda_v2_k5_lam06_pfl_dw,test_time_variant,M17_tdda,tabred_homesite,2,2,tabred_homesite__gap_near,0.0437974647176086,-8.993007405658831,tabred_homesite__gap_far,0.0830990647492541,-40.89488351238123,-31.901876106722398,higher_shift_more_harmful,not_assessed_two_windows,all_negative,tabred_homesite__gap_near;tabred_homesite__gap_far,0.043797;0.083099,-8.993007;-40.894884,-0.00413366717;-0.0425501906,descriptive_exact_variant_no_ci_across_variants
bag8,tdda_v2_k5_lam06_pfl_dw,test_time_variant,M17_tdda,tabred_sberbank,2,2,tabred_sberbank__gap_near,0.2265311490062835,-15.774291286939617,tabred_sberbank__gap_far,0.235749592588427,-13.079317107859202,2.6949741790804147,higher_shift_more_helpful,not_assessed_two_windows,all_negative,tabred_sberbank__gap_near;tabred_sberbank__gap_far,0.226531;0.235750,-15.774291;-13.079317,-0.0390881054;-0.0469883344,descriptive_exact_variant_no_ci_across_variants
bag8,tdda_v2_k5_lam06_pfl_dw,test_time_variant,M17_tdda,tabred_weather,3,3,tabred_weather__gap_near,0.0948655339805825,-0.299814211948407,tabred_weather__gap_maxdiff,0.2280292319342118,-1.700783942731952,-1.400969730783545,higher_shift_more_harmful,nonmonotonic,all_negative,tabred_weather__gap_near;tabred_weather__gap_far;tabred_weather__gap_maxdiff,0.094866;0.101202;0.228029,-0.299814;-0.298305;-1.700784,-0.00498591075;-0.0048990596;-0.03051421,descriptive_exact_variant_no_ci_across_variants
bag8,tdda_v2_k5_lam07_nopfl_dw,test_time_variant,M17_tdda,tabred_delivery_eta,3,3,tabred_delivery_eta__gap_near,0.1571228260314691,0.6745130736371416,tabred_delivery_eta__gap_maxdiff,0.2496496029927623,-0.9683759202068276,-1.6428889938439692,higher_shift_more_harmful,strictly_decreasing,mixed_or_tied,tabred_delivery_eta__gap_near;tabred_delivery_eta__gap_far;tabred_delivery_eta__gap_maxdiff,0.157123;0.237934;0.249650,0.674513;-0.367991;-0.968376,0.00387393173;-0.00205197268;-0.00535896362,descriptive_exact_variant_no_ci_across_variants
bag8,tdda_v2_k5_lam07_nopfl_dw,test_time_variant,M17_tdda,tabred_homesite,2,2,tabred_homesite__gap_near,0.0437974647176086,-7.694804236862712,tabred_homesite__gap_far,0.0830990647492541,-24.33583678959763,-16.641032552734917,higher_shift_more_harmful,not_assessed_two_windows,all_negative,tabred_homesite__gap_near;tabred_homesite__gap_far,0.043797;0.083099,-7.694804;-24.335837,-0.00353694357;-0.0253208813,descriptive_exact_variant_no_ci_across_variants
bag8,tdda_v2_k5_lam07_nopfl_dw,test_time_variant,M17_tdda,tabred_sberbank,2,2,tabred_sberbank__gap_near,0.2265311490062835,-15.14293917550941,tabred_sberbank__gap_far,0.235749592588427,-18.219496139474654,-3.0765569639652437,higher_shift_more_harmful,not_assessed_two_windows,all_negative,tabred_sberbank__gap_near;tabred_sberbank__gap_far,0.226531;0.235750,-15.142939;-18.219496,-0.0375236384;-0.0654547765,descriptive_exact_variant_no_ci_across_variants
bag8,tdda_v2_k5_lam07_nopfl_dw,test_time_variant,M17_tdda,tabred_weather,3,3,tabred_weather__gap_near,0.0948655339805825,-0.335735666778581,tabred_weather__gap_maxdiff,0.2280292319342118,-6.812197240872632,-6.476461574094051,higher_shift_more_harmful,strictly_decreasing,all_negative,tabred_weather__gap_near;tabred_weather__gap_far;tabred_weather__gap_maxdiff,0.094866;0.101202;0.228029,-0.335736;-1.159029;-6.812197,-0.00558328459;-0.0190347051;-0.122219414,descriptive_exact_variant_no_ci_across_variants
bag8,tdda_v2_k5_lam07_pfl_dw,test_time_variant,M17_tdda,tabred_delivery_eta,3,3,tabred_delivery_eta__gap_near,0.1571228260314691,0.339750089059799,tabred_delivery_eta__gap_maxdiff,0.2496496029927623,-1.3001810648557788,-1.6399311539155779,higher_shift_more_harmful,strictly_decreasing,mixed_or_tied,tabred_delivery_eta__gap_near;tabred_delivery_eta__gap_far;tabred_delivery_eta__gap_maxdiff,0.157123;0.237934;0.249650,0.339750;-0.667192;-1.300181,0.00195128709;-0.00372036684;-0.00719516345,descriptive_exact_variant_no_ci_across_variants
bag8,tdda_v2_k5_lam07_pfl_dw,test_time_variant,M17_tdda,tabred_homesite,2,2,tabred_homesite__gap_near,0.0437974647176086,-10.419850706635351,tabred_homesite__gap_far,0.0830990647492541,-0.7153228728660372,9.704527833769314,higher_shift_more_helpful,not_assessed_two_windows,all_negative,tabred_homesite__gap_near;tabred_homesite__gap_far,0.043797;0.083099,-10.419851;-0.715323,-0.00478952067;-0.000744277082,descriptive_exact_variant_no_ci_across_variants
bag8,tdda_v2_k5_lam07_pfl_dw,test_time_variant,M17_tdda,tabred_sberbank,2,2,tabred_sberbank__gap_near,0.2265311490062835,-19.07231722163368,tabred_sberbank__gap_far,0.235749592588427,-17.37050831079439,1.70180891083929,higher_shift_more_helpful,not_assessed_two_windows,all_negative,tabred_sberbank__gap_near;tabred_sberbank__gap_far,0.226531;0.235750,-19.072317;-17.370508,-0.0472604907;-0.0624047301,descriptive_exact_variant_no_ci_across_variants
bag8,tdda_v2_k5_lam07_pfl_dw,test_time_variant,M17_tdda,tabred_weather,3,3,tabred_weather__gap_near,0.0948655339805825,-0.4752475927708226,tabred_weather__gap_maxdiff,0.2280292319342118,-1.0650565258140123,-0.5898089330431897,higher_shift_more_harmful,nonmonotonic,all_negative,tabred_weather__gap_near;tabred_weather__gap_far;tabred_weather__gap_maxdiff,0.094866;0.101202;0.228029,-0.475248;-0.151380;-1.065057,-0.00790336811;-0.00248610703;-0.019108458,descriptive_exact_variant_no_ci_across_variants
bag8,tdda_v2_k5_lam07_pfl_dw_cumshift,test_time_variant,M17_tdda,tabred_delivery_eta,3,3,tabred_delivery_eta__gap_near,0.1571228260314691,0.4174015092359179,tabred_delivery_eta__gap_maxdiff,0.2496496029927623,-1.4853696551994704,-1.9027711644353884,higher_shift_more_harmful,strictly_decreasing,mixed_or_tied,tabred_delivery_eta__gap_near;tabred_delivery_eta__gap_far;tabred_delivery_eta__gap_maxdiff,0.157123;0.237934;0.249650,0.417402;-1.226127;-1.485370,0.00239726258;-0.0068370699;-0.00821999162,descriptive_exact_variant_no_ci_across_variants
bag8,tdda_v2_k5_lam07_pfl_dw_cumshift,test_time_variant,M17_tdda,tabred_homesite,2,2,tabred_homesite__gap_near,0.0437974647176086,-14.336293629953117,tabred_homesite__gap_far,0.0830990647492541,3.402215311141941,17.73850894109506,higher_shift_more_helpful,not_assessed_two_windows,mixed_or_tied,tabred_homesite__gap_near;tabred_homesite__gap_far,0.043797;0.083099,-14.336294;3.402215,-0.00658972729;0.00353992718,descriptive_exact_variant_no_ci_across_variants
bag8,tdda_v2_k5_lam07_pfl_dw_cumshift,test_time_variant,M17_tdda,tabred_sberbank,2,2,tabred_sberbank__gap_near,0.2265311490062835,-13.142310068760372,tabred_sberbank__gap_far,0.235749592588427,-27.108333067054865,-13.966022998294493,higher_shift_more_harmful,not_assessed_two_windows,all_negative,tabred_sberbank__gap_near;tabred_sberbank__gap_far,0.226531;0.235750,-13.142310;-27.108333,-0.0325661541;-0.0973885264,descriptive_exact_variant_no_ci_across_variants
bag8,tdda_v2_k5_lam07_pfl_dw_cumshift,test_time_variant,M17_tdda,tabred_weather,3,3,tabred_weather__gap_near,0.0948655339805825,-0.2607156747063004,tabred_weather__gap_maxdiff,0.2280292319342118,-1.064481213066942,-0.8037655383606417,higher_shift_more_harmful,strictly_decreasing,all_negative,tabred_weather__gap_near;tabred_weather__gap_far;tabred_weather__gap_maxdiff,0.094866;0.101202;0.228029,-0.260716;-0.427840;-1.064481,-0.00433570202;-0.00702640701;-0.0190981362,descriptive_exact_variant_no_ci_across_variants
bag8,tdda_v2_k5_lam07_pfl_nodw,test_time_variant,M17_tdda,tabred_delivery_eta,3,3,tabred_delivery_eta__gap_near,0.1571228260314691,0.0535646390376896,tabred_delivery_eta__gap_maxdiff,0.2496496029927623,-0.7774430869863918,-0.8310077260240814,higher_shift_more_harmful,nonmonotonic,mixed_or_tied,tabred_delivery_eta__gap_near;tabred_delivery_eta__gap_far;tabred_delivery_eta__gap_maxdiff,0.157123;0.237934;0.249650,0.053565;-1.391163;-0.777443,0.000307637855;-0.00775733944;-0.00430234699,descriptive_exact_variant_no_ci_across_variants
bag8,tdda_v2_k5_lam07_pfl_nodw,test_time_variant,M17_tdda,tabred_homesite,2,2,tabred_homesite__gap_near,0.0437974647176086,-16.051692089812025,tabred_homesite__gap_far,0.0830990647492541,19.34395716404718,35.395649253859204,higher_shift_more_helpful,not_assessed_two_windows,mixed_or_tied,tabred_homesite__gap_near;tabred_homesite__gap_far,0.043797;0.083099,-16.051692;19.343957,-0.00737821617;0.0201269448,descriptive_exact_variant_no_ci_across_variants
bag8,tdda_v2_k5_lam07_pfl_nodw,test_time_variant,M17_tdda,tabred_sberbank,2,2,tabred_sberbank__gap_near,0.2265311490062835,-5.503687008042569,tabred_sberbank__gap_far,0.235749592588427,-7.733748545668667,-2.2300615376260984,higher_shift_more_harmful,not_assessed_two_windows,all_negative,tabred_sberbank__gap_near;tabred_sberbank__gap_far,0.226531;0.235750,-5.503687;-7.733749,-0.0136379311;-0.0277840166,descriptive_exact_variant_no_ci_across_variants
bag8,tdda_v2_k5_lam07_pfl_nodw,test_time_variant,M17_tdda,tabred_weather,3,3,tabred_weather__gap_near,0.0948655339805825,-0.5814484259775952,tabred_weather__gap_maxdiff,0.2280292319342118,-0.5743377301125404,0.00711069586505475,higher_shift_more_helpful,nonmonotonic,all_negative,tabred_weather__gap_near;tabred_weather__gap_far;tabred_weather__gap_maxdiff,0.094866;0.101202;0.228029,-0.581448;-0.672068;-0.574338,-0.00966948811;-0.0110373497;-0.0103043436,descriptive_exact_variant_no_ci_across_variants
bag8,train_only_scaling,train_only_version,baselines,tabred_delivery_eta,3,3,tabred_delivery_eta__gap_near,0.1571228260314691,0.263001589551509,tabred_delivery_eta__gap_maxdiff,0.2496496029927623,-0.0058776081571941,-0.2688791977087031,higher_shift_more_harmful,strictly_decreasing,mixed_or_tied,tabred_delivery_eta__gap_near;tabred_delivery_eta__gap_far;tabred_delivery_eta__gap_maxdiff,0.157123;0.237934;0.249650,0.263002;0.164595;-0.005878,0.00151049734;0.000917809094;-3.25265092e-05,descriptive_exact_variant_no_ci_across_variants
bag8,train_only_scaling,train_only_version,baselines,tabred_homesite,2,2,tabred_homesite__gap_near,0.0437974647176086,-0.3882807659396751,tabred_homesite__gap_far,0.0830990647492541,-1.031274520793699,-0.642993754854024,higher_shift_more_harmful,not_assessed_two_windows,all_negative,tabred_homesite__gap_near;tabred_homesite__gap_far,0.043797;0.083099,-0.388281;-1.031275,-0.000178474606;-0.00107301754,descriptive_exact_variant_no_ci_across_variants
bag8,train_only_scaling,train_only_version,baselines,tabred_sberbank,2,2,tabred_sberbank__gap_near,0.2265311490062835,-0.0201250896917524,tabred_sberbank__gap_far,0.235749592588427,-1.490132596700588,-1.4700075070088356,higher_shift_more_harmful,not_assessed_two_windows,all_negative,tabred_sberbank__gap_near;tabred_sberbank__gap_far,0.226531;0.235750,-0.020125;-1.490133,-4.98692216e-05;-0.00535340249,descriptive_exact_variant_no_ci_across_variants
bag8,train_only_scaling,train_only_version,baselines,tabred_weather,3,3,tabred_weather__gap_near,0.0948655339805825,-0.2938145910414637,tabred_weather__gap_maxdiff,0.2280292319342118,-0.1460270219240377,0.147787569117426,higher_shift_more_helpful,nonmonotonic,all_negative,tabred_weather__gap_near;tabred_weather__gap_far;tabred_weather__gap_maxdiff,0.094866;0.101202;0.228029,-0.293815;-0.032401;-0.146027,-0.00488613705;-0.000532120982;-0.00261990903,descriptive_exact_variant_no_ci_across_variants
tabicl,adversarial_lgbm_both_ratio,test_time_variant,M6_adversarial,tabred_delivery_eta,3,3,tabred_delivery_eta__gap_near,0.1571228260314691,0.2467606186608855,tabred_delivery_eta__gap_maxdiff,0.2496496029927623,-0.3461251725761837,-0.5928857912370692,higher_shift_more_harmful,nonmonotonic,mixed_or_tied,tabred_delivery_eta__gap_near;tabred_delivery_eta__gap_far;tabred_delivery_eta__gap_maxdiff,0.157123;0.237934;0.249650,0.246761;-0.805998;-0.346125,0.00138355636;-0.00451912875;-0.0018985223,descriptive_exact_variant_no_ci_across_variants
tabicl,adversarial_lgbm_both_ratio,test_time_variant,M6_adversarial,tabred_homesite,2,2,tabred_homesite__gap_near,0.0437974647176086,-1.370283123694594,tabred_homesite__gap_far,0.0830990647492541,-13.03956305122818,-11.669279927533585,higher_shift_more_harmful,not_assessed_two_windows,all_negative,tabred_homesite__gap_near;tabred_homesite__gap_far,0.043797;0.083099,-1.370283;-13.039563,-0.000836226765;-0.0162211176,descriptive_exact_variant_no_ci_across_variants
tabicl,adversarial_lgbm_both_ratio,test_time_variant,M6_adversarial,tabred_weather,3,3,tabred_weather__gap_near,0.0948655339805825,0.5210099053901641,tabred_weather__gap_maxdiff,0.2280292319342118,-0.131863488305575,-0.6528733936957392,higher_shift_more_harmful,nonmonotonic,mixed_or_tied,tabred_weather__gap_near;tabred_weather__gap_far;tabred_weather__gap_maxdiff,0.094866;0.101202;0.228029,0.521010;-1.431417;-0.131863,0.00901079832;-0.0235501138;-0.00236841046,descriptive_exact_variant_no_ci_across_variants
tabicl,adversarial_lgbm_cal_iso_both_ratio,test_time_variant,M6_adversarial,tabred_delivery_eta,3,3,tabred_delivery_eta__gap_near,0.1571228260314691,0.0920552002660299,tabred_delivery_eta__gap_maxdiff,0.2496496029927623,-0.3242326668634043,-0.4162878671294342,higher_shift_more_harmful,nonmonotonic,mixed_or_tied,tabred_delivery_eta__gap_near;tabred_delivery_eta__gap_far;tabred_delivery_eta__gap_maxdiff,0.157123;0.237934;0.249650,0.092055;-1.036541;-0.324233,0.000516142156;-0.00581175845;-0.00177844028,descriptive_exact_variant_no_ci_across_variants
tabicl,adversarial_lgbm_cal_iso_both_ratio,test_time_variant,M6_adversarial,tabred_homesite,2,2,tabred_homesite__gap_near,0.0437974647176086,0.0777812347212104,tabred_homesite__gap_far,0.0830990647492541,-14.11601818439502,-14.193799419116232,higher_shift_more_harmful,not_assessed_two_windows,mixed_or_tied,tabred_homesite__gap_near;tabred_homesite__gap_far,0.043797;0.083099,0.077781;-14.116018,4.74666506e-05;-0.0175602196,descriptive_exact_variant_no_ci_across_variants
tabicl,adversarial_lgbm_cal_iso_both_ratio,test_time_variant,M6_adversarial,tabred_weather,3,3,tabred_weather__gap_near,0.0948655339805825,0.5121523564177434,tabred_weather__gap_maxdiff,0.2280292319342118,-0.1570140693310603,-0.6691664257488037,higher_shift_more_harmful,nonmonotonic,mixed_or_tied,tabred_weather__gap_near;tabred_weather__gap_far;tabred_weather__gap_maxdiff,0.094866;0.101202;0.228029,0.512152;-1.532286;-0.157014,0.00885760816;-0.025209651;-0.00282014202,descriptive_exact_variant_no_ci_across_variants
tabicl,adversarial_lgbm_cal_iso_feature,test_time_variant,M6_adversarial,tabred_delivery_eta,3,3,tabred_delivery_eta__gap_near,0.1571228260314691,0.0920552002660299,tabred_delivery_eta__gap_maxdiff,0.2496496029927623,-0.3242326668634043,-0.4162878671294342,higher_shift_more_harmful,nonmonotonic,mixed_or_tied,tabred_delivery_eta__gap_near;tabred_delivery_eta__gap_far;tabred_delivery_eta__gap_maxdiff,0.157123;0.237934;0.249650,0.092055;-1.036513;-0.324233,0.000516142156;-0.00581160062;-0.00177844028,descriptive_exact_variant_no_ci_across_variants
tabicl,adversarial_lgbm_cal_iso_feature,test_time_variant,M6_adversarial,tabred_homesite,2,2,tabred_homesite__gap_near,0.0437974647176086,0.0777812347212104,tabred_homesite__gap_far,0.0830990647492541,-14.115691126931043,-14.193472361652255,higher_shift_more_harmful,not_assessed_two_windows,mixed_or_tied,tabred_homesite__gap_near;tabred_homesite__gap_far,0.043797;0.083099,0.077781;-14.115691,4.74666506e-05;-0.0175598127,descriptive_exact_variant_no_ci_across_variants
tabicl,adversarial_lgbm_cal_iso_feature,test_time_variant,M6_adversarial,tabred_weather,3,3,tabred_weather__gap_near,0.0948655339805825,0.5121683802176297,tabred_weather__gap_maxdiff,0.2280292319342118,-0.1569956219825132,-0.6691640022001428,higher_shift_more_harmful,nonmonotonic,mixed_or_tied,tabred_weather__gap_near;tabred_weather__gap_far;tabred_weather__gap_maxdiff,0.094866;0.101202;0.228029,0.512168;-1.532291;-0.156996,0.00885788529;-0.0252097224;-0.00281981069,descriptive_exact_variant_no_ci_across_variants
tabicl,adversarial_lgbm_cal_platt_feature,test_time_variant,M6_adversarial,tabred_delivery_eta,3,3,tabred_delivery_eta__gap_near,0.1571228260314691,0.1102752225938382,tabred_delivery_eta__gap_maxdiff,0.2496496029927623,-0.3904928267809808,-0.500768049374819,higher_shift_more_harmful,nonmonotonic,mixed_or_tied,tabred_delivery_eta__gap_near;tabred_delivery_eta__gap_far;tabred_delivery_eta__gap_maxdiff,0.157123;0.237934;0.249650,0.110275;-0.980440;-0.390493,0.000618299575;-0.00549720758;-0.00214188218,descriptive_exact_variant_no_ci_across_variants
tabicl,adversarial_lgbm_cal_platt_feature,test_time_variant,M6_adversarial,tabred_homesite,2,2,tabred_homesite__gap_near,0.0437974647176086,-2.01564513978413,tabred_homesite__gap_far,0.0830990647492541,-11.460529615053275,-9.444884475269145,higher_shift_more_harmful,not_assessed_two_windows,all_negative,tabred_homesite__gap_near;tabred_homesite__gap_far,0.043797;0.083099,-2.015645;-11.460530,-0.00123006435;-0.0142568119,descriptive_exact_variant_no_ci_across_variants
tabicl,adversarial_lgbm_cal_platt_feature,test_time_variant,M6_adversarial,tabred_weather,3,3,tabred_weather__gap_near,0.0948655339805825,0.4614659693469333,tabred_weather__gap_maxdiff,0.2280292319342118,-0.1464542513197599,-0.6079202206666932,higher_shift_more_harmful,nonmonotonic,mixed_or_tied,tabred_weather__gap_near;tabred_weather__gap_far;tabred_weather__gap_maxdiff,0.094866;0.101202;0.228029,0.461466;-1.584060;-0.146454,0.00798099371;-0.0260614483;-0.0026304763,descriptive_exact_variant_no_ci_across_variants
tabicl,adversarial_lgbm_feature,test_time_variant,M6_adversarial,tabred_delivery_eta,3,3,tabred_delivery_eta__gap_near,0.1571228260314691,0.2467701221068996,tabred_delivery_eta__gap_maxdiff,0.2496496029927623,-0.3461251725761837,-0.5928952946830833,higher_shift_more_harmful,nonmonotonic,mixed_or_tied,tabred_delivery_eta__gap_near;tabred_delivery_eta__gap_far;tabred_delivery_eta__gap_maxdiff,0.157123;0.237934;0.249650,0.246770;-0.805998;-0.346125,0.00138360965;-0.00451912875;-0.0018985223,descriptive_exact_variant_no_ci_across_variants
tabicl,adversarial_lgbm_feature,test_time_variant,M6_adversarial,tabred_homesite,2,2,tabred_homesite__gap_near,0.0437974647176086,-1.370283123694594,tabred_homesite__gap_far,0.0830990647492541,-13.03956305122818,-11.669279927533585,higher_shift_more_harmful,not_assessed_two_windows,all_negative,tabred_homesite__gap_near;tabred_homesite__gap_far,0.043797;0.083099,-1.370283;-13.039563,-0.000836226765;-0.0162211176,descriptive_exact_variant_no_ci_across_variants
tabicl,adversarial_lgbm_feature,test_time_variant,M6_adversarial,tabred_weather,3,3,tabred_weather__gap_near,0.0948655339805825,0.5210259306167957,tabred_weather__gap_maxdiff,0.2280292319342118,-0.131863488305575,-0.6528894189223707,higher_shift_more_harmful,nonmonotonic,mixed_or_tied,tabred_weather__gap_near;tabred_weather__gap_far;tabred_weather__gap_maxdiff,0.094866;0.101202;0.228029,0.521026;-1.431417;-0.131863,0.00901107547;-0.0235501138;-0.00236841046,descriptive_exact_variant_no_ci_across_variants
tabicl,adversarial_logreg_feature,test_time_variant,M6_adversarial,tabred_delivery_eta,3,3,tabred_delivery_eta__gap_near,0.1571228260314691,0.1923729712507286,tabred_delivery_eta__gap_maxdiff,0.2496496029927623,-0.4053812780327611,-0.5977542492834897,higher_shift_more_harmful,nonmonotonic,mixed_or_tied,tabred_delivery_eta__gap_near;tabred_delivery_eta__gap_far;tabred_delivery_eta__gap_maxdiff,0.157123;0.237934;0.249650,0.192373;-0.654123;-0.405381,0.00107861153;-0.00366758622;-0.00222354645,descriptive_exact_variant_no_ci_across_variants
tabicl,adversarial_logreg_feature,test_time_variant,M6_adversarial,tabred_homesite,2,2,tabred_homesite__gap_near,0.0437974647176086,0.4720209787100125,tabred_homesite__gap_far,0.0830990647492541,-15.207081884287026,-15.67910286299704,higher_shift_more_harmful,not_assessed_two_windows,mixed_or_tied,tabred_homesite__gap_near;tabred_homesite__gap_far,0.043797;0.083099,0.472021;-15.207082,0.00028805476;-0.0189174946,descriptive_exact_variant_no_ci_across_variants
tabicl,adversarial_logreg_feature,test_time_variant,M6_adversarial,tabred_weather,3,3,tabred_weather__gap_near,0.0948655339805825,0.5462808892849542,tabred_weather__gap_maxdiff,0.2280292319342118,-0.3789737966350359,-0.9252546859199902,higher_shift_more_harmful,nonmonotonic,mixed_or_tied,tabred_weather__gap_near;tabred_weather__gap_far;tabred_weather__gap_maxdiff,0.094866;0.101202;0.228029,0.546281;-1.439718;-0.378974,0.00944785669;-0.0236866918;-0.00680677811,descriptive_exact_variant_no_ci_across_variants
tabicl,adversarial_rf_feature,test_time_variant,M6_adversarial,tabred_delivery_eta,3,3,tabred_delivery_eta__gap_near,0.1571228260314691,0.6418695713497059,tabred_delivery_eta__gap_maxdiff,0.2496496029927623,-0.345922806009038,-0.9877923773587439,higher_shift_more_harmful,nonmonotonic,mixed_or_tied,tabred_delivery_eta__gap_near;tabred_delivery_eta__gap_far;tabred_delivery_eta__gap_maxdiff,0.157123;0.237934;0.249650,0.641870;-0.617187;-0.345923,0.00359888354;-0.00346048905;-0.00189741231,descriptive_exact_variant_no_ci_across_variants
tabicl,adversarial_rf_feature,test_time_variant,M6_adversarial,tabred_homesite,2,2,tabred_homesite__gap_near,0.0437974647176086,-12.48099915551816,tabred_homesite__gap_far,0.0830990647492541,-12.81062282643068,-0.32962367091252,higher_shift_more_harmful,not_assessed_two_windows,all_negative,tabred_homesite__gap_near;tabred_homesite__gap_far,0.043797;0.083099,-12.480999;-12.810623,-0.00761663438;-0.0159363177,descriptive_exact_variant_no_ci_across_variants
tabicl,adversarial_rf_feature,test_time_variant,M6_adversarial,tabred_weather,3,3,tabred_weather__gap_near,0.0948655339805825,0.3338230890795916,tabred_weather__gap_maxdiff,0.2280292319342118,0.1186661583348702,-0.21515693074472136,higher_shift_more_harmful,nonmonotonic,mixed_or_tied,tabred_weather__gap_near;tabred_weather__gap_far;tabred_weather__gap_maxdiff,0.094866;0.101202;0.228029,0.333823;-1.138547;0.118666,0.00577342676;-0.0187317286;0.00213137219,descriptive_exact_variant_no_ci_across_variants
tabicl,cluster_membership_k10_both,test_time_variant,M20_cluster_membership,tabred_delivery_eta,3,3,tabred_delivery_eta__gap_near,0.1571228260314691,-0.1145333276465713,tabred_delivery_eta__gap_maxdiff,0.2496496029927623,-1.571854700635674,-1.4573213729891028,higher_shift_more_harmful,nonmonotonic,all_negative,tabred_delivery_eta__gap_near;tabred_delivery_eta__gap_far;tabred_delivery_eta__gap_maxdiff,0.157123;0.237934;0.249650,-0.114533;-1.802237;-1.571855,-0.000642174245;-0.0101049171;-0.00862173988,descriptive_exact_variant_no_ci_across_variants
tabicl,cluster_membership_k10_both,test_time_variant,M20_cluster_membership,tabred_homesite,2,2,tabred_homesite__gap_near,0.0437974647176086,-5.393573047691277,tabred_homesite__gap_far,0.0830990647492541,-8.076793092546348,-2.683220044855071,higher_shift_more_harmful,not_assessed_two_windows,all_negative,tabred_homesite__gap_near;tabred_homesite__gap_far,0.043797;0.083099,-5.393573;-8.076793,-0.00329147317;-0.0100474694,descriptive_exact_variant_no_ci_across_variants
tabicl,cluster_membership_k10_both,test_time_variant,M20_cluster_membership,tabred_weather,3,3,tabred_weather__gap_near,0.0948655339805825,-1.3901294064914,tabred_weather__gap_maxdiff,0.2280292319342118,-2.3690545919527883,-0.9789251854613883,higher_shift_more_harmful,nonmonotonic,all_negative,tabred_weather__gap_near;tabred_weather__gap_far;tabred_weather__gap_maxdiff,0.094866;0.101202;0.228029,-1.390129;-0.190951;-2.369055,-0.0240421067;-0.00314158243;-0.0425507755,descriptive_exact_variant_no_ci_across_variants
tabicl,cluster_membership_k10_both_cumshift,test_time_variant,M20_cluster_membership,tabred_delivery_eta,3,3,tabred_delivery_eta__gap_near,0.1571228260314691,-0.1429888124120302,tabred_delivery_eta__gap_maxdiff,0.2496496029927623,-1.3240363660604255,-1.1810475536483953,higher_shift_more_harmful,nonmonotonic,all_negative,tabred_delivery_eta__gap_near;tabred_delivery_eta__gap_far;tabred_delivery_eta__gap_maxdiff,0.157123;0.237934;0.249650,-0.142989;-1.968742;-1.324036,-0.000801720639;-0.0110384906;-0.00726243789,descriptive_exact_variant_no_ci_across_variants
tabicl,cluster_membership_k10_both_cumshift,test_time_variant,M20_cluster_membership,tabred_homesite,2,2,tabred_homesite__gap_near,0.0437974647176086,-9.118183030357107,tabred_homesite__gap_far,0.0830990647492541,0.0347771103382783,9.152960140695386,higher_shift_more_helpful,not_assessed_two_windows,mixed_or_tied,tabred_homesite__gap_near;tabred_homesite__gap_far,0.043797;0.083099,-9.118183;0.034777,-0.00556444764;4.32624616e-05,descriptive_exact_variant_no_ci_across_variants
tabicl,cluster_membership_k10_both_cumshift,test_time_variant,M20_cluster_membership,tabred_weather,3,3,tabred_weather__gap_near,0.0948655339805825,-1.1689502446753486,tabred_weather__gap_maxdiff,0.2280292319342118,-2.7571894451418983,-1.5882392004665498,higher_shift_more_harmful,nonmonotonic,mixed_or_tied,tabred_weather__gap_near;tabred_weather__gap_far;tabred_weather__gap_maxdiff,0.094866;0.101202;0.228029,-1.168950;0.065197;-2.757189,-0.0202168419;0.00107264781;-0.0495220961,descriptive_exact_variant_no_ci_across_variants
tabicl,cluster_membership_k10_feature,test_time_variant,M20_cluster_membership,tabred_delivery_eta,3,3,tabred_delivery_eta__gap_near,0.1571228260314691,-0.1145285930717192,tabred_delivery_eta__gap_maxdiff,0.2496496029927623,-1.571854700635674,-1.4573261075639548,higher_shift_more_harmful,nonmonotonic,all_negative,tabred_delivery_eta__gap_near;tabred_delivery_eta__gap_far;tabred_delivery_eta__gap_maxdiff,0.157123;0.237934;0.249650,-0.114529;-1.802241;-1.571855,-0.000642147699;-0.0101049432;-0.00862173988,descriptive_exact_variant_no_ci_across_variants
tabicl,cluster_membership_k10_feature,test_time_variant,M20_cluster_membership,tabred_homesite,2,2,tabred_homesite__gap_near,0.0437974647176086,-5.393573047691277,tabred_homesite__gap_far,0.0830990647492541,-8.077556226629106,-2.6839831789378295,higher_shift_more_harmful,not_assessed_two_windows,all_negative,tabred_homesite__gap_near;tabred_homesite__gap_far,0.043797;0.083099,-5.393573;-8.077556,-0.00329147317;-0.0100484187,descriptive_exact_variant_no_ci_across_variants
tabicl,cluster_membership_k10_feature,test_time_variant,M20_cluster_membership,tabred_weather,3,3,tabred_weather__gap_near,0.0948655339805825,-1.3901294064914,tabred_weather__gap_maxdiff,0.2280292319342118,-2.3690509822072245,-0.9789215757158245,higher_shift_more_harmful,nonmonotonic,all_negative,tabred_weather__gap_near;tabred_weather__gap_far;tabred_weather__gap_maxdiff,0.094866;0.101202;0.228029,-1.390129;-0.190946;-2.369051,-0.0240421067;-0.00314151011;-0.0425507107,descriptive_exact_variant_no_ci_across_variants
tabicl,cluster_membership_k10_feature_cumshift,test_time_variant,M20_cluster_membership,tabred_delivery_eta,3,3,tabred_delivery_eta__gap_near,0.1571228260314691,-0.1429888124120302,tabred_delivery_eta__gap_maxdiff,0.2496496029927623,-1.3240363660604255,-1.1810475536483953,higher_shift_more_harmful,nonmonotonic,all_negative,tabred_delivery_eta__gap_near;tabred_delivery_eta__gap_far;tabred_delivery_eta__gap_maxdiff,0.157123;0.237934;0.249650,-0.142989;-1.968760;-1.324036,-0.000801720639;-0.0110385949;-0.00726243789,descriptive_exact_variant_no_ci_across_variants
tabicl,cluster_membership_k10_feature_cumshift,test_time_variant,M20_cluster_membership,tabred_homesite,2,2,tabred_homesite__gap_near,0.0437974647176086,-9.117738566158485,tabred_homesite__gap_far,0.0830990647492541,0.034122995410327,9.151861561568811,higher_shift_more_helpful,not_assessed_two_windows,mixed_or_tied,tabred_homesite__gap_near;tabred_homesite__gap_far,0.043797;0.083099,-9.117739;0.034123,-0.0055641764;4.24487475e-05,descriptive_exact_variant_no_ci_across_variants
tabicl,cluster_membership_k10_feature_cumshift,test_time_variant,M20_cluster_membership,tabred_weather,3,3,tabred_weather__gap_near,0.0948655339805825,-1.1689541840589202,tabred_weather__gap_maxdiff,0.2280292319342118,-2.757178656809067,-1.5882244727501467,higher_shift_more_harmful,nonmonotonic,mixed_or_tied,tabred_weather__gap_near;tabred_weather__gap_far;tabred_weather__gap_maxdiff,0.094866;0.101202;0.228029,-1.168954;0.065211;-2.757179,-0.0202169101;0.00107286533;-0.0495219023,descriptive_exact_variant_no_ci_across_variants
tabicl,cluster_membership_k10_weight,test_time_variant,M20_cluster_membership,tabred_delivery_eta,3,3,tabred_delivery_eta__gap_near,0.1571228260314691,0.0486536891932667,tabred_delivery_eta__gap_maxdiff,0.2496496029927623,-0.5487459938939557,-0.5973996830872225,higher_shift_more_harmful,nonmonotonic,mixed_or_tied,tabred_delivery_eta__gap_near;tabred_delivery_eta__gap_far;tabred_delivery_eta__gap_maxdiff,0.157123;0.237934;0.249650,0.048654;-0.774042;-0.548746,0.000272795236;-0.00433995635;-0.00300991257,descriptive_exact_variant_no_ci_across_variants
tabicl,cluster_membership_k10_weight,test_time_variant,M20_cluster_membership,tabred_homesite,2,2,tabred_homesite__gap_near,0.0437974647176086,-1.9391972976580616,tabred_homesite__gap_far,0.0830990647492541,-15.30127443391808,-13.362077136260018,higher_shift_more_harmful,not_assessed_two_windows,all_negative,tabred_homesite__gap_near;tabred_homesite__gap_far,0.043797;0.083099,-1.939197;-15.301274,-0.00118341141;-0.0190346694,descriptive_exact_variant_no_ci_across_variants
tabicl,cluster_membership_k10_weight,test_time_variant,M20_cluster_membership,tabred_weather,3,3,tabred_weather__gap_near,0.0948655339805825,0.1225195157574453,tabred_weather__gap_maxdiff,0.2280292319342118,-2.3943016485100816,-2.516821164267527,higher_shift_more_harmful,strictly_decreasing,mixed_or_tied,tabred_weather__gap_near;tabred_weather__gap_far;tabred_weather__gap_maxdiff,0.094866;0.101202;0.228029,0.122520;-1.234488;-2.394302,0.00211895904;-0.02031018;-0.0430042399,descriptive_exact_variant_no_ci_across_variants
tabicl,cluster_membership_k15_both,test_time_variant,M20_cluster_membership,tabred_delivery_eta,3,3,tabred_delivery_eta__gap_near,0.1571228260314691,-0.034676548637212,tabred_delivery_eta__gap_maxdiff,0.2496496029927623,-0.7203529972216498,-0.6856764485844378,higher_shift_more_harmful,nonmonotonic,all_negative,tabred_delivery_eta__gap_near;tabred_delivery_eta__gap_far;tabred_delivery_eta__gap_maxdiff,0.157123;0.237934;0.249650,-0.034677;-1.774143;-0.720353,-0.000194427132;-0.00994739726;-0.00395118974,descriptive_exact_variant_no_ci_across_variants
tabicl,cluster_membership_k15_both,test_time_variant,M20_cluster_membership,tabred_homesite,2,2,tabred_homesite__gap_near,0.0437974647176086,-8.865505133561555,tabred_homesite__gap_far,0.0830990647492541,-3.989446945828555,4.876058187733,higher_shift_more_helpful,not_assessed_two_windows,all_negative,tabred_homesite__gap_near;tabred_homesite__gap_far,0.043797;0.083099,-8.865505;-3.989447,-0.00541024884;-0.00496284175,descriptive_exact_variant_no_ci_across_variants
tabicl,cluster_membership_k15_both,test_time_variant,M20_cluster_membership,tabred_weather,3,3,tabred_weather__gap_near,0.0948655339805825,-1.8596169507981737,tabred_weather__gap_maxdiff,0.2280292319342118,-2.1165157341330154,-0.25689878333484173,higher_shift_more_harmful,nonmonotonic,all_negative,tabred_weather__gap_near;tabred_weather__gap_far;tabred_weather__gap_maxdiff,0.094866;0.101202;0.228029,-1.859617;-0.014995;-2.116516,-0.0321618325;-0.0002466992;-0.0380149052,descriptive_exact_variant_no_ci_across_variants
tabicl,cluster_membership_k5_both,test_time_variant,M20_cluster_membership,tabred_delivery_eta,3,3,tabred_delivery_eta__gap_near,0.1571228260314691,-0.1916960976503192,tabred_delivery_eta__gap_maxdiff,0.2496496029927623,-0.7622014339503868,-0.5705053363000676,higher_shift_more_harmful,nonmonotonic,all_negative,tabred_delivery_eta__gap_near;tabred_delivery_eta__gap_far;tabred_delivery_eta__gap_maxdiff,0.157123;0.237934;0.249650,-0.191696;-1.858029;-0.762201,-0.00107481638;-0.010417739;-0.00418073153,descriptive_exact_variant_no_ci_across_variants
tabicl,cluster_membership_k5_both,test_time_variant,M20_cluster_membership,tabred_homesite,2,2,tabred_homesite__gap_near,0.0437974647176086,-5.305569136406646,tabred_homesite__gap_far,0.0830990647492541,-5.512226498195812,-0.2066573617891656,higher_shift_more_harmful,not_assessed_two_windows,all_negative,tabred_homesite__gap_near;tabred_homesite__gap_far,0.043797;0.083099,-5.305569;-5.512226,-0.00323776805;-0.00685716797,descriptive_exact_variant_no_ci_across_variants
tabicl,cluster_membership_k5_both,test_time_variant,M20_cluster_membership,tabred_weather,3,3,tabred_weather__gap_near,0.0948655339805825,-1.3780886817197264,tabred_weather__gap_maxdiff,0.2280292319342118,-1.0627675261411518,0.31532115557857465,higher_shift_more_helpful,nonmonotonic,all_negative,tabred_weather__gap_near;tabred_weather__gap_far;tabred_weather__gap_maxdiff,0.094866;0.101202;0.228029,-1.378089;-0.054605;-1.062768,-0.0238338639;-0.000898372304;-0.019088451,descriptive_exact_variant_no_ci_across_variants
tabicl,cluster_membership_k5_feature,test_time_variant,M20_cluster_membership,tabred_delivery_eta,3,3,tabred_delivery_eta__gap_near,0.1571228260314691,-0.1916960976503192,tabred_delivery_eta__gap_maxdiff,0.2496496029927623,-0.7622014339503868,-0.5705053363000676,higher_shift_more_harmful,nonmonotonic,all_negative,tabred_delivery_eta__gap_near;tabred_delivery_eta__gap_far;tabred_delivery_eta__gap_maxdiff,0.157123;0.237934;0.249650,-0.191696;-1.858029;-0.762201,-0.00107481638;-0.010417739;-0.00418073153,descriptive_exact_variant_no_ci_across_variants
tabicl,cluster_membership_k5_feature,test_time_variant,M20_cluster_membership,tabred_homesite,2,2,tabred_homesite__gap_near,0.0437974647176086,-5.306680296902294,tabred_homesite__gap_far,0.0830990647492541,-5.511790421577207,-0.2051101246749134,higher_shift_more_harmful,not_assessed_two_windows,all_negative,tabred_homesite__gap_near;tabred_homesite__gap_far,0.043797;0.083099,-5.306680;-5.511790,-0.00323844614;-0.00685662549,descriptive_exact_variant_no_ci_across_variants
tabicl,cluster_membership_k5_feature,test_time_variant,M20_cluster_membership,tabred_weather,3,3,tabred_weather__gap_near,0.0948655339805825,-1.3780729566910128,tabred_weather__gap_maxdiff,0.2280292319342118,-1.0627602133342986,0.3153127433567142,higher_shift_more_helpful,nonmonotonic,all_negative,tabred_weather__gap_near;tabred_weather__gap_far;tabred_weather__gap_maxdiff,0.094866;0.101202;0.228029,-1.378073;-0.054600;-1.062760,-0.0238335919;-0.000898299886;-0.0190883196,descriptive_exact_variant_no_ci_across_variants
tabicl,freq_enc_train_only,train_only_version,baselines,tabred_delivery_eta,3,3,tabred_delivery_eta__gap_near,0.1571228260314691,0.1071908705760005,tabred_delivery_eta__gap_maxdiff,0.2496496029927623,-0.3868073721915376,-0.4939982427675381,higher_shift_more_harmful,nonmonotonic,mixed_or_tied,tabred_delivery_eta__gap_near;tabred_delivery_eta__gap_far;tabred_delivery_eta__gap_maxdiff,0.157123;0.237934;0.249650,0.107191;-0.785433;-0.386807,0.000601005993;-0.00440382682;-0.00212166719,descriptive_exact_variant_no_ci_across_variants
tabicl,freq_enc_train_only,train_only_version,baselines,tabred_homesite,2,2,tabred_homesite__gap_near,0.0437974647176086,-4.92021867638594,tabred_homesite__gap_far,0.0830990647492541,-12.506568404068592,-7.586349727682651,higher_shift_more_harmful,not_assessed_two_windows,all_negative,tabred_homesite__gap_near;tabred_homesite__gap_far,0.043797;0.083099,-4.920219;-12.506568,-0.0030026047;-0.0155580763,descriptive_exact_variant_no_ci_across_variants
tabicl,freq_enc_train_only,train_only_version,baselines,tabred_weather,3,3,tabred_weather__gap_near,0.0948655339805825,1.9927167397140736e-05,tabred_weather__gap_maxdiff,0.2280292319342118,-7.390524436963175e-06,-2.731769183410391e-05,higher_shift_more_harmful,strictly_decreasing,mixed_or_tied,tabred_weather__gap_near;tabred_weather__gap_far;tabred_weather__gap_maxdiff,0.094866;0.101202;0.228029,0.000020;0.000000;-0.000007,3.44637759e-07;0;-1.3274179e-07,descriptive_exact_variant_no_ci_across_variants
tabicl,freq_ratio_log,test_time_variant,M2_freq_ratio,tabred_delivery_eta,3,3,tabred_delivery_eta__gap_near,0.1571228260314691,0.1071813804090765,tabred_delivery_eta__gap_maxdiff,0.2496496029927623,-0.3868073721915376,-0.4939887526006141,higher_shift_more_harmful,nonmonotonic,mixed_or_tied,tabred_delivery_eta__gap_near;tabred_delivery_eta__gap_far;tabred_delivery_eta__gap_maxdiff,0.157123;0.237934;0.249650,0.107181;-0.785433;-0.386807,0.000600952783;-0.00440382682;-0.00212166719,descriptive_exact_variant_no_ci_across_variants
tabicl,freq_ratio_log,test_time_variant,M2_freq_ratio,tabred_homesite,2,2,tabred_homesite__gap_near,0.0437974647176086,-8.029690208454236,tabred_homesite__gap_far,0.0830990647492541,-8.177744829766707,-0.14805462131247182,higher_shift_more_harmful,not_assessed_two_windows,all_negative,tabred_homesite__gap_near;tabred_homesite__gap_far,0.043797;0.083099,-8.029690;-8.177745,-0.00490018577;-0.0101730526,descriptive_exact_variant_no_ci_across_variants
tabicl,freq_ratio_log,test_time_variant,M2_freq_ratio,tabred_weather,3,3,tabred_weather__gap_near,0.0948655339805825,7.970866483822332e-06,tabred_weather__gap_maxdiff,0.2280292319342118,-7.390524436963175e-06,-1.5361390920785506e-05,higher_shift_more_harmful,strictly_decreasing,mixed_or_tied,tabred_weather__gap_near;tabred_weather__gap_far;tabred_weather__gap_maxdiff,0.094866;0.101202;0.228029,0.000008;0.000004;-0.000007,1.37855096e-07;7.24574747e-08;-1.3274179e-07,descriptive_exact_variant_no_ci_across_variants
tabicl,freq_ratio_log__sel_combined_intersection,test_time_variant,selective,tabred_delivery_eta,3,3,tabred_delivery_eta__gap_near,0.1571228260314691,0.1291630245440306,tabred_delivery_eta__gap_maxdiff,0.2496496029927623,-0.4391557681134883,-0.5683187926575188,higher_shift_more_harmful,strictly_decreasing,mixed_or_tied,tabred_delivery_eta__gap_near;tabred_delivery_eta__gap_far;tabred_delivery_eta__gap_maxdiff,0.157123;0.237934;0.249650,0.129163;-0.265363;-0.439156,0.000724201151;-0.00148785615;-0.00240880203,descriptive_exact_variant_no_ci_across_variants
tabicl,freq_ratio_log__sel_combined_intersection,test_time_variant,selective,tabred_homesite,2,2,tabred_homesite__gap_near,0.0437974647176086,2.761011600515301,tabred_homesite__gap_far,0.0830990647492541,3.693132883447522,0.9321212829322212,higher_shift_more_helpful,not_assessed_two_windows,all_positive,tabred_homesite__gap_near;tabred_homesite__gap_far,0.043797;0.083099,2.761012;3.693133,0.00168493048;0.0045942293,descriptive_exact_variant_no_ci_across_variants
tabicl,freq_ratio_log__sel_combined_intersection,test_time_variant,selective,tabred_weather,3,3,tabred_weather__gap_near,0.0948655339805825,0.3470919308160448,tabred_weather__gap_maxdiff,0.2280292319342118,-0.2113857790707666,-0.5584777098868114,higher_shift_more_harmful,nonmonotonic,mixed_or_tied,tabred_weather__gap_near;tabred_weather__gap_far;tabred_weather__gap_maxdiff,0.094866;0.101202;0.228029,0.347092;-0.353714;-0.211386,0.00600290964;-0.00581941885;-0.00379671657,descriptive_exact_variant_no_ci_across_variants
tabicl,freq_ratio_log__sel_combined_union,test_time_variant,selective,tabred_delivery_eta,3,3,tabred_delivery_eta__gap_near,0.1571228260314691,-0.7330226052494676,tabred_delivery_eta__gap_maxdiff,0.2496496029927623,-0.7585836465611043,-0.025561041311636723,higher_shift_more_harmful,nonmonotonic,all_negative,tabred_delivery_eta__gap_near;tabred_delivery_eta__gap_far;tabred_delivery_eta__gap_maxdiff,0.157123;0.237934;0.249650,-0.733023;-3.651566;-0.758584,-0.00410996736;-0.0204738754;-0.00416088769,descriptive_exact_variant_no_ci_across_variants
tabicl,freq_ratio_log__sel_combined_union,test_time_variant,selective,tabred_homesite,2,2,tabred_homesite__gap_near,0.0437974647176086,-19.87199431085857,tabred_homesite__gap_far,0.0830990647492541,-4.910440764442338,14.961553546416233,higher_shift_more_helpful,not_assessed_two_windows,all_negative,tabred_homesite__gap_near;tabred_homesite__gap_far,0.043797;0.083099,-19.871994;-4.910441,-0.0121270511;-0.00610855108,descriptive_exact_variant_no_ci_across_variants
tabicl,freq_ratio_log__sel_combined_union,test_time_variant,selective,tabred_weather,3,3,tabred_weather__gap_near,0.0948655339805825,-0.6910299194390055,tabred_weather__gap_maxdiff,0.2280292319342118,-0.7284214109871916,-0.03739149154818611,higher_shift_more_harmful,nonmonotonic,all_negative,tabred_weather__gap_near;tabred_weather__gap_far;tabred_weather__gap_maxdiff,0.094866;0.101202;0.228029,-0.691030;-0.232192;-0.728421,-0.0119512723;-0.00382008784;-0.0130832341,descriptive_exact_variant_no_ci_across_variants
tabicl,freq_ratio_v2_both_gated,test_time_variant,M2_freq_ratio,tabred_delivery_eta,3,3,tabred_delivery_eta__gap_near,0.1571228260314691,0.0,tabred_delivery_eta__gap_maxdiff,0.2496496029927623,0.164510467054311,0.164510467054311,higher_shift_more_helpful,nondecreasing_with_tie,mixed_or_tied,tabred_delivery_eta__gap_near;tabred_delivery_eta__gap_far;tabred_delivery_eta__gap_maxdiff,0.157123;0.237934;0.249650,0.000000;0.000000;0.164510,0;0;0.000902352141,descriptive_exact_variant_no_ci_across_variants
tabicl,freq_ratio_v2_both_gated,test_time_variant,M2_freq_ratio,tabred_homesite,2,2,tabred_homesite__gap_near,0.0437974647176086,-1.7409662651674669,tabred_homesite__gap_far,0.0830990647492541,0.6778811037099,2.418847368877367,higher_shift_more_helpful,not_assessed_two_windows,mixed_or_tied,tabred_homesite__gap_near;tabred_homesite__gap_far,0.043797;0.083099,-1.740966;0.677881,-0.00106243926;0.000843278953,descriptive_exact_variant_no_ci_across_variants
tabicl,freq_ratio_v2_both_gated,test_time_variant,M2_freq_ratio,tabred_weather,3,3,tabred_weather__gap_near,0.0948655339805825,0.0,tabred_weather__gap_maxdiff,0.2280292319342118,-7.390524436963175e-06,-7.390524436963175e-06,higher_shift_more_harmful,nonmonotonic,mixed_or_tied,tabred_weather__gap_near;tabred_weather__gap_far;tabred_weather__gap_maxdiff,0.094866;0.101202;0.228029,0.000000;0.000004;-0.000007,0;7.24574747e-08;-1.3274179e-07,descriptive_exact_variant_no_ci_across_variants
tabicl,freq_ratio_v2_diff_gated,test_time_variant,M2_freq_ratio,tabred_delivery_eta,3,3,tabred_delivery_eta__gap_near,0.1571228260314691,0.0,tabred_delivery_eta__gap_maxdiff,0.2496496029927623,-0.3868172397204708,-0.3868172397204708,higher_shift_more_harmful,nonincreasing_with_tie,mixed_or_tied,tabred_delivery_eta__gap_near;tabred_delivery_eta__gap_far;tabred_delivery_eta__gap_maxdiff,0.157123;0.237934;0.249650,0.000000;0.000000;-0.386817,0;0;-0.00212172132,descriptive_exact_variant_no_ci_across_variants
tabicl,freq_ratio_v2_diff_gated,test_time_variant,M2_freq_ratio,tabred_homesite,2,2,tabred_homesite__gap_near,0.0437974647176086,0.0253344593087846,tabred_homesite__gap_far,0.0830990647492541,13.253458632681816,13.228124173373033,higher_shift_more_helpful,not_assessed_two_windows,all_positive,tabred_homesite__gap_near;tabred_homesite__gap_far,0.043797;0.083099,0.025334;13.253459,1.54605662e-05;0.016487202,descriptive_exact_variant_no_ci_across_variants
tabicl,freq_ratio_v2_diff_gated,test_time_variant,M2_freq_ratio,tabred_weather,3,3,tabred_weather__gap_near,0.0948655339805825,7.970866483822332e-06,tabred_weather__gap_maxdiff,0.2280292319342118,-7.390524436963175e-06,-1.5361390920785506e-05,higher_shift_more_harmful,strictly_decreasing,mixed_or_tied,tabred_weather__gap_near;tabred_weather__gap_far;tabred_weather__gap_maxdiff,0.094866;0.101202;0.228029,0.000008;0.000000;-0.000007,1.37855096e-07;0;-1.3274179e-07,descriptive_exact_variant_no_ci_across_variants
tabicl,freq_ratio_v2_ratio_gated,test_time_variant,M2_freq_ratio,tabred_delivery_eta,3,3,tabred_delivery_eta__gap_near,0.1571228260314691,0.0,tabred_delivery_eta__gap_maxdiff,0.2496496029927623,-0.3868073721915376,-0.3868073721915376,higher_shift_more_harmful,nonincreasing_with_tie,mixed_or_tied,tabred_delivery_eta__gap_near;tabred_delivery_eta__gap_far;tabred_delivery_eta__gap_maxdiff,0.157123;0.237934;0.249650,0.000000;0.000000;-0.386807,0;0;-0.00212166719,descriptive_exact_variant_no_ci_across_variants
tabicl,freq_ratio_v2_ratio_gated,test_time_variant,M2_freq_ratio,tabred_homesite,2,2,tabred_homesite__gap_near,0.0437974647176086,-2.235210453798085,tabred_homesite__gap_far,0.0830990647492541,15.43558603246583,17.670796486263914,higher_shift_more_helpful,not_assessed_two_windows,mixed_or_tied,tabred_homesite__gap_near;tabred_homesite__gap_far,0.043797;0.083099,-2.235210;15.435586,-0.00136405592;0.019201752,descriptive_exact_variant_no_ci_across_variants
tabicl,freq_ratio_v2_ratio_gated,test_time_variant,M2_freq_ratio,tabred_weather,3,3,tabred_weather__gap_near,0.0948655339805825,0.0,tabred_weather__gap_maxdiff,0.2280292319342118,0.0,0.0,no_change,nonmonotonic,mixed_or_tied,tabred_weather__gap_near;tabred_weather__gap_far;tabred_weather__gap_maxdiff,0.094866;0.101202;0.228029,0.000000;0.000004;0.000000,0;7.24574747e-08;0,descriptive_exact_variant_no_ci_across_variants
tabicl,freq_ratio_v2_ratio_ungated,test_time_variant,M2_freq_ratio,tabred_delivery_eta,3,3,tabred_delivery_eta__gap_near,0.1571228260314691,0.1071813804090765,tabred_delivery_eta__gap_maxdiff,0.2496496029927623,-0.3868073721915376,-0.4939887526006141,higher_shift_more_harmful,nonmonotonic,mixed_or_tied,tabred_delivery_eta__gap_near;tabred_delivery_eta__gap_far;tabred_delivery_eta__gap_maxdiff,0.157123;0.237934;0.249650,0.107181;-0.785424;-0.386807,0.000600952783;-0.00440377408;-0.00212166719,descriptive_exact_variant_no_ci_across_variants
tabicl,freq_ratio_v2_ratio_ungated,test_time_variant,M2_freq_ratio,tabred_homesite,2,2,tabred_homesite__gap_near,0.0437974647176086,-7.633228143473592,tabred_homesite__gap_far,0.0830990647492541,-7.381577943244667,0.2516502002289247,higher_shift_more_helpful,not_assessed_two_windows,all_negative,tabred_homesite__gap_near;tabred_homesite__gap_far,0.043797;0.083099,-7.633228;-7.381578,-0.00465824147;-0.00918262699,descriptive_exact_variant_no_ci_across_variants
tabicl,freq_ratio_v2_ratio_ungated,test_time_variant,M2_freq_ratio,tabred_weather,3,3,tabred_weather__gap_near,0.0948655339805825,1.9927167397140736e-05,tabred_weather__gap_maxdiff,0.2280292319342118,-7.390524436963175e-06,-2.731769183410391e-05,higher_shift_more_harmful,strictly_decreasing,mixed_or_tied,tabred_weather__gap_near;tabred_weather__gap_far;tabred_weather__gap_maxdiff,0.094866;0.101202;0.228029,0.000020;0.000004;-0.000007,3.44637759e-07;7.24574747e-08;-1.3274179e-07,descriptive_exact_variant_no_ci_across_variants
tabicl,groupby_shift_cohen_d,test_time_variant,M14_groupby,tabred_delivery_eta,3,3,tabred_delivery_eta__gap_near,0.1571228260314691,-0.4522254915999067,tabred_delivery_eta__gap_maxdiff,0.2496496029927623,-0.1627815689702722,0.2894439226296345,higher_shift_more_helpful,nonmonotonic,all_negative,tabred_delivery_eta__gap_near;tabred_delivery_eta__gap_far;tabred_delivery_eta__gap_maxdiff,0.157123;0.237934;0.249650,-0.452225;-1.959407;-0.162782,-0.00253557257;-0.0109861528;-0.000892869007,descriptive_exact_variant_no_ci_across_variants
tabicl,groupby_shift_cohen_d,test_time_variant,M14_groupby,tabred_weather,2,2,tabred_weather__gap_near,0.0948655339805825,-4.720929628000859,tabred_weather__gap_maxdiff,0.2280292319342118,-2.7516944409620607,1.9692351870387985,higher_shift_more_helpful,not_assessed_two_windows,all_negative,tabred_weather__gap_near;tabred_weather__gap_maxdiff,0.094866;0.228029,-4.720930;-2.751694,-0.0816478618;-0.0494233999,descriptive_exact_variant_no_ci_across_variants
tabicl,groupby_shift_cohen_d__sel_combined_intersection,test_time_variant,selective,tabred_delivery_eta,3,3,tabred_delivery_eta__gap_near,0.1571228260314691,0.1291630245440306,tabred_delivery_eta__gap_maxdiff,0.2496496029927623,-0.6699564416452565,-0.7991194661892871,higher_shift_more_harmful,strictly_decreasing,mixed_or_tied,tabred_delivery_eta__gap_near;tabred_delivery_eta__gap_far;tabred_delivery_eta__gap_maxdiff,0.157123;0.237934;0.249650,0.129163;-0.265358;-0.669956,0.000724201151;-0.00148782964;-0.00367476089,descriptive_exact_variant_no_ci_across_variants
tabicl,groupby_shift_cohen_d__sel_combined_intersection,test_time_variant,selective,tabred_homesite,2,2,tabred_homesite__gap_near,0.0437974647176086,-150.4626872305441,tabred_homesite__gap_far,0.0830990647492541,-3.572012602614319,146.8906746279298,higher_shift_more_helpful,not_assessed_two_windows,all_negative,tabred_homesite__gap_near;tabred_homesite__gap_far,0.043797;0.083099,-150.462687;-3.572013,-0.0918211164;-0.00444355659,descriptive_exact_variant_no_ci_across_variants
tabicl,groupby_shift_cohen_d__sel_combined_intersection,test_time_variant,selective,tabred_weather,3,3,tabred_weather__gap_near,0.0948655339805825,0.3470919308160448,tabred_weather__gap_maxdiff,0.2280292319342118,-0.2113857790707666,-0.5584777098868114,higher_shift_more_harmful,nonmonotonic,mixed_or_tied,tabred_weather__gap_near;tabred_weather__gap_far;tabred_weather__gap_maxdiff,0.094866;0.101202;0.228029,0.347092;-0.353714;-0.211386,0.00600290964;-0.00581941885;-0.00379671657,descriptive_exact_variant_no_ci_across_variants
tabicl,groupby_shift_cohen_d__sel_combined_union,test_time_variant,selective,tabred_weather,3,3,tabred_weather__gap_near,0.0948655339805825,-0.2365068582703622,tabred_weather__gap_maxdiff,0.2280292319342118,-1.2519774712560678,-1.0154706129857056,higher_shift_more_harmful,nonmonotonic,mixed_or_tied,tabred_weather__gap_near;tabred_weather__gap_far;tabred_weather__gap_maxdiff,0.094866;0.101202;0.228029,-0.236507;0.272359;-1.251977,-0.00409035525;0.00448093072;-0.0224868656,descriptive_exact_variant_no_ci_across_variants
tabicl,groupby_shift_cohen_d_min10,test_time_variant,M14_groupby,tabred_delivery_eta,3,3,tabred_delivery_eta__gap_near,0.1571228260314691,-0.4573356686876439,tabred_delivery_eta__gap_maxdiff,0.2496496029927623,-0.1627815689702722,0.2945540997173717,higher_shift_more_helpful,nonmonotonic,all_negative,tabred_delivery_eta__gap_near;tabred_delivery_eta__gap_far;tabred_delivery_eta__gap_maxdiff,0.157123;0.237934;0.249650,-0.457336;-1.959421;-0.162782,-0.0025642247;-0.010986231;-0.000892869007,descriptive_exact_variant_no_ci_across_variants
tabicl,groupby_shift_cohen_d_min10,test_time_variant,M14_groupby,tabred_weather,2,2,tabred_weather__gap_near,0.0948655339805825,-4.720937239531716,tabred_weather__gap_maxdiff,0.2280292319342118,-2.724992017243973,1.9959452222877432,higher_shift_more_helpful,not_assessed_two_windows,all_negative,tabred_weather__gap_near;tabred_weather__gap_maxdiff,0.094866;0.228029,-4.720937;-2.724992,-0.0816479934;-0.0489437955,descriptive_exact_variant_no_ci_across_variants
tabicl,groupby_shift_ratio_log,test_time_variant,M14_groupby,tabred_delivery_eta,3,3,tabred_delivery_eta__gap_near,0.1571228260314691,-0.7562415963414781,tabred_delivery_eta__gap_maxdiff,0.2496496029927623,0.138056904059277,0.8942985004007551,higher_shift_more_helpful,nonmonotonic,mixed_or_tied,tabred_delivery_eta__gap_near;tabred_delivery_eta__gap_far;tabred_delivery_eta__gap_maxdiff,0.157123;0.237934;0.249650,-0.756242;-2.709506;0.138057,-0.00424015338;-0.0151918643;0.000757252382,descriptive_exact_variant_no_ci_across_variants
tabicl,groupby_shift_ratio_log,test_time_variant,M14_groupby,tabred_weather,2,2,tabred_weather__gap_near,0.0948655339805825,-5.113944258944319,tabred_weather__gap_maxdiff,0.2280292319342118,-5.140607377193454,-0.02666311824913503,higher_shift_more_harmful,not_assessed_two_windows,all_negative,tabred_weather__gap_near;tabred_weather__gap_maxdiff,0.094866;0.228029,-5.113944;-5.140607,-0.0884449985;-0.0923308526,descriptive_exact_variant_no_ci_across_variants
tabicl,groupby_shift_ratio_raw,test_time_variant,M14_groupby,tabred_delivery_eta,3,3,tabred_delivery_eta__gap_near,0.1571228260314691,-0.7418121050894163,tabred_delivery_eta__gap_maxdiff,0.2496496029927623,-1.5981340301988978,-0.8563219251094815,higher_shift_more_harmful,nonmonotonic,all_negative,tabred_delivery_eta__gap_near;tabred_delivery_eta__gap_far;tabred_delivery_eta__gap_maxdiff,0.157123;0.237934;0.249650,-0.741812;-2.161815;-1.598134,-0.004159249;-0.0121210282;-0.00876588396,descriptive_exact_variant_no_ci_across_variants
tabicl,groupby_shift_ratio_raw,test_time_variant,M14_groupby,tabred_weather,2,2,tabred_weather__gap_near,0.0948655339805825,-4.992415940383228,tabred_weather__gap_maxdiff,0.2280292319342118,-4.999954257920995,-0.007538317537767014,higher_shift_more_harmful,not_assessed_two_windows,all_negative,tabred_weather__gap_near;tabred_weather__gap_maxdiff,0.094866;0.228029,-4.992416;-4.999954,-0.0863431821;-0.0898045709,descriptive_exact_variant_no_ci_across_variants
tabicl,groupby_train_only,train_only_version,baselines,tabred_delivery_eta,3,3,tabred_delivery_eta__gap_near,0.1571228260314691,-4.190851489135746,tabred_delivery_eta__gap_maxdiff,0.2496496029927623,-3.34000881240896,0.8508426767267854,higher_shift_more_helpful,nonmonotonic,all_negative,tabred_delivery_eta__gap_near;tabred_delivery_eta__gap_far;tabred_delivery_eta__gap_maxdiff,0.157123;0.237934;0.249650,-4.190851;-6.412754;-3.340009,-0.0234975875;-0.0359555128;-0.0183201966,descriptive_exact_variant_no_ci_across_variants
tabicl,joint_freq_combined,test_time_variant,M1_joint_freq,tabred_delivery_eta,3,3,tabred_delivery_eta__gap_near,0.1571228260314691,0.1071908705760005,tabred_delivery_eta__gap_maxdiff,0.2496496029927623,-0.3868073721915376,-0.4939982427675381,higher_shift_more_harmful,nonmonotonic,mixed_or_tied,tabred_delivery_eta__gap_near;tabred_delivery_eta__gap_far;tabred_delivery_eta__gap_maxdiff,0.157123;0.237934;0.249650,0.107191;-0.785424;-0.386807,0.000601005993;-0.00440377408;-0.00212166719,descriptive_exact_variant_no_ci_across_variants
tabicl,joint_freq_combined,test_time_variant,M1_joint_freq,tabred_homesite,2,2,tabred_homesite__gap_near,0.0437974647176086,-3.9797324325532633,tabred_homesite__gap_far,0.0830990647492541,-21.399369869286208,-17.419637436732945,higher_shift_more_harmful,not_assessed_two_windows,all_negative,tabred_homesite__gap_near;tabred_homesite__gap_far,0.043797;0.083099,-3.979732;-21.399370,-0.00242866508;-0.0266206539,descriptive_exact_variant_no_ci_across_variants
tabicl,joint_freq_combined,test_time_variant,M1_joint_freq,tabred_weather,3,3,tabred_weather__gap_near,0.0948655339805825,0.0,tabred_weather__gap_maxdiff,0.2280292319342118,-7.390524436963175e-06,-7.390524436963175e-06,higher_shift_more_harmful,nonmonotonic,mixed_or_tied,tabred_weather__gap_near;tabred_weather__gap_far;tabred_weather__gap_maxdiff,0.094866;0.101202;0.228029,0.000000;0.000004;-0.000007,0;7.24574747e-08;-1.3274179e-07,descriptive_exact_variant_no_ci_across_variants
tabicl,joint_freq_combined__sel_combined_intersection,test_time_variant,selective,tabred_delivery_eta,3,3,tabred_delivery_eta__gap_near,0.1571228260314691,0.1291677706717727,tabred_delivery_eta__gap_maxdiff,0.2496496029927623,-0.4391508369200995,-0.5683186075918722,higher_shift_more_harmful,strictly_decreasing,mixed_or_tied,tabred_delivery_eta__gap_near;tabred_delivery_eta__gap_far;tabred_delivery_eta__gap_maxdiff,0.157123;0.237934;0.249650,0.129168;-0.265358;-0.439151,0.000724227762;-0.00148782964;-0.00240877499,descriptive_exact_variant_no_ci_across_variants
tabicl,joint_freq_combined__sel_combined_intersection,test_time_variant,selective,tabred_homesite,2,2,tabred_homesite__gap_near,0.0437974647176086,5.474021067602589,tabred_homesite__gap_far,0.0830990647492541,3.4757486890445137,-1.9982723785580752,higher_shift_more_harmful,not_assessed_two_windows,all_positive,tabred_homesite__gap_near;tabred_homesite__gap_far,0.043797;0.083099,5.474021;3.475749,0.00334056725;0.00432380501,descriptive_exact_variant_no_ci_across_variants
tabicl,joint_freq_combined__sel_combined_intersection,test_time_variant,selective,tabred_weather,3,3,tabred_weather__gap_near,0.0948655339805825,0.3470919308160448,tabred_weather__gap_maxdiff,0.2280292319342118,-0.2113857790707666,-0.5584777098868114,higher_shift_more_harmful,nonmonotonic,mixed_or_tied,tabred_weather__gap_near;tabred_weather__gap_far;tabred_weather__gap_maxdiff,0.094866;0.101202;0.228029,0.347092;-0.353714;-0.211386,0.00600290964;-0.00581941885;-0.00379671657,descriptive_exact_variant_no_ci_across_variants
tabicl,joint_freq_combined__sel_combined_union,test_time_variant,selective,tabred_delivery_eta,3,3,tabred_delivery_eta__gap_near,0.1571228260314691,-0.7330178997443666,tabred_delivery_eta__gap_maxdiff,0.2496496029927623,-0.7585836465611043,-0.025565746816737733,higher_shift_more_harmful,nonmonotonic,all_negative,tabred_delivery_eta__gap_near;tabred_delivery_eta__gap_far;tabred_delivery_eta__gap_maxdiff,0.157123;0.237934;0.249650,-0.733018;-3.651552;-0.758584,-0.00410994097;-0.0204737985;-0.00416088769,descriptive_exact_variant_no_ci_across_variants
tabicl,joint_freq_combined__sel_combined_union,test_time_variant,selective,tabred_homesite,2,2,tabred_homesite__gap_near,0.0437974647176086,-16.401173385484302,tabred_homesite__gap_far,0.0830990647492541,-3.599485429590058,12.801687955894245,higher_shift_more_helpful,not_assessed_two_windows,all_negative,tabred_homesite__gap_near;tabred_homesite__gap_far,0.043797;0.083099,-16.401173;-3.599485,-0.0100089536;-0.00447773258,descriptive_exact_variant_no_ci_across_variants
tabicl,joint_freq_combined__sel_combined_union,test_time_variant,selective,tabred_weather,3,3,tabred_weather__gap_near,0.0948655339805825,-0.6910299194390055,tabred_weather__gap_maxdiff,0.2280292319342118,-0.7284214109871916,-0.03739149154818611,higher_shift_more_harmful,nonmonotonic,all_negative,tabred_weather__gap_near;tabred_weather__gap_far;tabred_weather__gap_maxdiff,0.094866;0.101202;0.228029,-0.691030;-0.232192;-0.728421,-0.0119512723;-0.00382008784;-0.0130832341,descriptive_exact_variant_no_ci_across_variants
tabicl,joint_freq_separate,test_time_variant,M1_joint_freq,tabred_delivery_eta,3,3,tabred_delivery_eta__gap_near,0.1571228260314691,-0.5286386945573066,tabred_delivery_eta__gap_maxdiff,0.2496496029927623,0.1645055060441768,0.6931442006014834,higher_shift_more_helpful,nonmonotonic,mixed_or_tied,tabred_delivery_eta__gap_near;tabred_delivery_eta__gap_far;tabred_delivery_eta__gap_maxdiff,0.157123;0.237934;0.249650,-0.528639;-0.944295;0.164506,-0.00296401197;-0.0052945448;0.00090232493,descriptive_exact_variant_no_ci_across_variants
tabicl,joint_freq_separate,test_time_variant,M1_joint_freq,tabred_homesite,2,2,tabred_homesite__gap_near,0.0437974647176086,-14.021956531401814,tabred_homesite__gap_far,0.0830990647492541,-11.501738855516972,2.520217675884842,higher_shift_more_helpful,not_assessed_two_windows,all_negative,tabred_homesite__gap_near;tabred_homesite__gap_far,0.043797;0.083099,-14.021957;-11.501739,-0.00855701653;-0.0143080759,descriptive_exact_variant_no_ci_across_variants
tabicl,joint_freq_separate,test_time_variant,M1_joint_freq,tabred_weather,3,3,tabred_weather__gap_near,0.0948655339805825,0.0,tabred_weather__gap_maxdiff,0.2280292319342118,0.0,0.0,no_change,nonmonotonic,mixed_or_tied,tabred_weather__gap_near;tabred_weather__gap_far;tabred_weather__gap_maxdiff,0.094866;0.101202;0.228029,0.000000;0.000004;0.000000,0;7.24574747e-08;0,descriptive_exact_variant_no_ci_across_variants
tabicl,joint_freq_separate__sel_combined_intersection,test_time_variant,selective,tabred_delivery_eta,3,3,tabred_delivery_eta__gap_near,0.1571228260314691,0.1291630245440306,tabred_delivery_eta__gap_maxdiff,0.2496496029927623,-0.4391508369200995,-0.5683138614641301,higher_shift_more_harmful,strictly_decreasing,mixed_or_tied,tabred_delivery_eta__gap_near;tabred_delivery_eta__gap_far;tabred_delivery_eta__gap_maxdiff,0.157123;0.237934;0.249650,0.129163;-0.265363;-0.439151,0.000724201151;-0.00148785615;-0.00240877499,descriptive_exact_variant_no_ci_across_variants
tabicl,joint_freq_separate__sel_combined_intersection,test_time_variant,selective,tabred_homesite,2,2,tabred_homesite__gap_near,0.0437974647176086,6.403840170674132,tabred_homesite__gap_far,0.0830990647492541,-29.58540015480729,-35.98924032548142,higher_shift_more_harmful,not_assessed_two_windows,mixed_or_tied,tabred_homesite__gap_near;tabred_homesite__gap_far,0.043797;0.083099,6.403840;-29.585400,0.00390799715;-0.0368040135,descriptive_exact_variant_no_ci_across_variants
tabicl,joint_freq_separate__sel_combined_intersection,test_time_variant,selective,tabred_weather,3,3,tabred_weather__gap_near,0.0948655339805825,0.3470919308160448,tabred_weather__gap_maxdiff,0.2280292319342118,-0.2113857790707666,-0.5584777098868114,higher_shift_more_harmful,nonmonotonic,mixed_or_tied,tabred_weather__gap_near;tabred_weather__gap_far;tabred_weather__gap_maxdiff,0.094866;0.101202;0.228029,0.347092;-0.353710;-0.211386,0.00600290964;-0.00581934665;-0.00379671657,descriptive_exact_variant_no_ci_across_variants
tabicl,joint_freq_separate__sel_combined_union,test_time_variant,selective,tabred_delivery_eta,3,3,tabred_delivery_eta__gap_near,0.1571228260314691,-0.7330226052494676,tabred_delivery_eta__gap_maxdiff,0.2496496029927623,-0.7585836465611043,-0.025561041311636723,higher_shift_more_harmful,nonmonotonic,all_negative,tabred_delivery_eta__gap_near;tabred_delivery_eta__gap_far;tabred_delivery_eta__gap_maxdiff,0.157123;0.237934;0.249650,-0.733023;-3.651552;-0.758584,-0.00410996736;-0.0204737985;-0.00416088769,descriptive_exact_variant_no_ci_across_variants
tabicl,joint_freq_separate__sel_combined_union,test_time_variant,selective,tabred_homesite,2,2,tabred_homesite__gap_near,0.0437974647176086,-7.247433219254264,tabred_homesite__gap_far,0.0830990647492541,7.901054215225552,15.148487434479815,higher_shift_more_helpful,not_assessed_two_windows,mixed_or_tied,tabred_homesite__gap_near;tabred_homesite__gap_far,0.043797;0.083099,-7.247433;7.901054,-0.00442280688;0.00982885153,descriptive_exact_variant_no_ci_across_variants
tabicl,joint_freq_separate__sel_combined_union,test_time_variant,selective,tabred_weather,3,3,tabred_weather__gap_near,0.0948655339805825,-0.6910299194390055,tabred_weather__gap_maxdiff,0.2280292319342118,-0.7284214109871916,-0.03739149154818611,higher_shift_more_harmful,nonmonotonic,all_negative,tabred_weather__gap_near;tabred_weather__gap_far;tabred_weather__gap_maxdiff,0.094866;0.101202;0.228029,-0.691030;-0.232192;-0.728421,-0.0119512723;-0.00382008784;-0.0130832341,descriptive_exact_variant_no_ci_across_variants
tabicl,joint_groupby_combined,test_time_variant,M14_groupby,tabred_delivery_eta,3,3,tabred_delivery_eta__gap_near,0.1571228260314691,-7.8268019495186785,tabred_delivery_eta__gap_maxdiff,0.2496496029927623,-3.377610837061591,4.449191112457088,higher_shift_more_helpful,strictly_increasing,all_negative,tabred_delivery_eta__gap_near;tabred_delivery_eta__gap_far;tabred_delivery_eta__gap_maxdiff,0.157123;0.237934;0.249650,-7.826802;-6.358495;-3.377611,-0.0438839134;-0.0356512896;-0.0185264465,descriptive_exact_variant_no_ci_across_variants
tabicl,joint_groupby_combined__sel_combined_intersection,test_time_variant,selective,tabred_delivery_eta,3,3,tabred_delivery_eta__gap_near,0.1571228260314691,0.1291677706717727,tabred_delivery_eta__gap_maxdiff,0.2496496029927623,-0.1885604370276123,-0.31772820769938503,higher_shift_more_harmful,nonmonotonic,mixed_or_tied,tabred_delivery_eta__gap_near;tabred_delivery_eta__gap_far;tabred_delivery_eta__gap_maxdiff,0.157123;0.237934;0.249650,0.129168;-0.265358;-0.188560,0.000724227762;-0.00148782964;-0.00103426801,descriptive_exact_variant_no_ci_across_variants
tabicl,joint_groupby_combined__sel_combined_intersection,test_time_variant,selective,tabred_weather,3,3,tabred_weather__gap_near,0.0948655339805825,0.3470919308160448,tabred_weather__gap_maxdiff,0.2280292319342118,-0.2113673417312064,-0.5584592725472511,higher_shift_more_harmful,nonmonotonic,mixed_or_tied,tabred_weather__gap_near;tabred_weather__gap_far;tabred_weather__gap_maxdiff,0.094866;0.101202;0.228029,0.347092;-0.353714;-0.211367,0.00600290964;-0.00581941885;-0.00379638542,descriptive_exact_variant_no_ci_across_variants
tabicl,joint_groupby_combined__sel_combined_union,test_time_variant,selective,tabred_weather,3,3,tabred_weather__gap_near,0.0948655339805825,-1.084959235476983,tabred_weather__gap_maxdiff,0.2280292319342118,-4.975583803354482,-3.8906245678774987,higher_shift_more_harmful,nonmonotonic,all_negative,tabred_weather__gap_near;tabred_weather__gap_far;tabred_weather__gap_maxdiff,0.094866;0.101202;0.228029,-1.084959;-8.910433;-4.975584,-0.0187642284;-0.146597212;-0.0893668513,descriptive_exact_variant_no_ci_across_variants
tabicl,joint_groupby_mean_only,test_time_variant,M14_groupby,tabred_delivery_eta,3,3,tabred_delivery_eta__gap_near,0.1571228260314691,-0.7043572958038589,tabred_delivery_eta__gap_maxdiff,0.2496496029927623,-0.7630714531186635,-0.05871415731480467,higher_shift_more_harmful,nonmonotonic,all_negative,tabred_delivery_eta__gap_near;tabred_delivery_eta__gap_far;tabred_delivery_eta__gap_maxdiff,0.157123;0.237934;0.249650,-0.704357;-2.199274;-0.763071,-0.0039492445;-0.0123310544;-0.00418550365,descriptive_exact_variant_no_ci_across_variants
tabicl,joint_groupby_mean_only,test_time_variant,M14_groupby,tabred_weather,2,2,tabred_weather__gap_near,0.0948655339805825,-5.321663064331233,tabred_weather__gap_maxdiff,0.2280292319342118,-4.962780360551833,0.35888270377939957,higher_shift_more_helpful,not_assessed_two_windows,all_negative,tabred_weather__gap_near;tabred_weather__gap_maxdiff,0.094866;0.228029,-5.321663;-4.962780,-0.0920374682;-0.0891368876,descriptive_exact_variant_no_ci_across_variants
tabicl,joint_pca_10,test_time_variant,M3_joint_pca,tabred_delivery_eta,3,3,tabred_delivery_eta__gap_near,0.1571228260314691,-0.2831174269047211,tabred_delivery_eta__gap_maxdiff,0.2496496029927623,-0.3676872130693033,-0.08456978616458222,higher_shift_more_harmful,nonmonotonic,all_negative,tabred_delivery_eta__gap_near;tabred_delivery_eta__gap_far;tabred_delivery_eta__gap_maxdiff,0.157123;0.237934;0.249650,-0.283117;-2.363059;-0.367687,-0.0015874045;-0.0132493757;-0.0020167917,descriptive_exact_variant_no_ci_across_variants
tabicl,joint_pca_10,test_time_variant,M3_joint_pca,tabred_homesite,2,2,tabred_homesite__gap_near,0.0437974647176086,-11.783634828215003,tabred_homesite__gap_far,0.0830990647492541,13.158502948968184,24.942137777183188,higher_shift_more_helpful,not_assessed_two_windows,mixed_or_tied,tabred_homesite__gap_near;tabred_homesite__gap_far,0.043797;0.083099,-11.783635;13.158503,-0.00719106195;0.0163690779,descriptive_exact_variant_no_ci_across_variants
tabicl,joint_pca_10,test_time_variant,M3_joint_pca,tabred_weather,3,3,tabred_weather__gap_near,0.0948655339805825,0.8962149835344733,tabred_weather__gap_maxdiff,0.2280292319342118,-1.9422292411816573,-2.8384442247161306,higher_shift_more_harmful,strictly_decreasing,mixed_or_tied,tabred_weather__gap_near;tabred_weather__gap_far;tabred_weather__gap_maxdiff,0.094866;0.101202;0.228029,0.896215;-1.426823;-1.942229,0.0154999212;-0.0234745339;-0.0348845319,descriptive_exact_variant_no_ci_across_variants
tabicl,joint_pca_5,test_time_variant,M3_joint_pca,tabred_delivery_eta,3,3,tabred_delivery_eta__gap_near,0.1571228260314691,-0.4542309014108396,tabred_delivery_eta__gap_maxdiff,0.2496496029927623,-0.152040888243282,0.3021900131675576,higher_shift_more_helpful,nonmonotonic,all_negative,tabred_delivery_eta__gap_near;tabred_delivery_eta__gap_far;tabred_delivery_eta__gap_maxdiff,0.157123;0.237934;0.249650,-0.454231;-1.672379;-0.152041,-0.00254681665;-0.00937682367;-0.000833955574,descriptive_exact_variant_no_ci_across_variants
tabicl,joint_pca_5,test_time_variant,M3_joint_pca,tabred_homesite,2,2,tabred_homesite__gap_near,0.0437974647176086,-2.444108627050178,tabred_homesite__gap_far,0.0830990647492541,-16.855342483674335,-14.411233856624158,higher_shift_more_harmful,not_assessed_two_windows,all_negative,tabred_homesite__gap_near;tabred_homesite__gap_far,0.043797;0.083099,-2.444109;-16.855342,-0.00149153778;-0.0209679182,descriptive_exact_variant_no_ci_across_variants
tabicl,joint_pca_5,test_time_variant,M3_joint_pca,tabred_weather,3,3,tabred_weather__gap_near,0.0948655339805825,0.3324155277760116,tabred_weather__gap_maxdiff,0.2280292319342118,-0.4556850968605908,-0.7881006246366024,higher_shift_more_harmful,strictly_decreasing,mixed_or_tied,tabred_weather__gap_near;tabred_weather__gap_far;tabred_weather__gap_maxdiff,0.094866;0.101202;0.228029,0.332416;0.192640;-0.455685,0.00574908317;0.00316937185;-0.0081845958,descriptive_exact_variant_no_ci_across_variants
tabicl,joint_pca_var90,test_time_variant,M3_joint_pca,tabred_delivery_eta,3,3,tabred_delivery_eta__gap_near,0.1571228260314691,-0.3107832180096478,tabred_delivery_eta__gap_maxdiff,0.2496496029927623,-0.4820627782371222,-0.17127956022747437,higher_shift_more_harmful,nonmonotonic,all_negative,tabred_delivery_eta__gap_near;tabred_delivery_eta__gap_far;tabred_delivery_eta__gap_maxdiff,0.157123;0.237934;0.249650,-0.310783;-0.923900;-0.482063,-0.00174252318;-0.00518019087;-0.00264415017,descriptive_exact_variant_no_ci_across_variants
tabicl,joint_pca_var90,test_time_variant,M3_joint_pca,tabred_homesite,2,2,tabred_homesite__gap_near,0.0437974647176086,0.2475665585130226,tabred_homesite__gap_far,0.0830990647492541,-34.608675744328366,-34.85624230284139,higher_shift_more_harmful,not_assessed_two_windows,mixed_or_tied,tabred_homesite__gap_near;tabred_homesite__gap_far,0.043797;0.083099,0.247567;-34.608676,0.000151079568;-0.0430529302,descriptive_exact_variant_no_ci_across_variants
tabicl,joint_pca_var90,test_time_variant,M3_joint_pca,tabred_weather,3,3,tabred_weather__gap_near,0.0948655339805825,-1.5012783940184022,tabred_weather__gap_maxdiff,0.2280292319342118,-2.765485337810723,-1.2642069437923207,higher_shift_more_harmful,nonmonotonic,all_negative,tabred_weather__gap_near;tabred_weather__gap_far;tabred_weather__gap_maxdiff,0.094866;0.101202;0.228029,-1.501278;-0.563795;-2.765485,-0.0259644139;-0.00927572499;-0.0496710992,descriptive_exact_variant_no_ci_across_variants
tabicl,joint_pca_var95,test_time_variant,M3_joint_pca,tabred_delivery_eta,3,3,tabred_delivery_eta__gap_near,0.1571228260314691,-0.5764475834203507,tabred_delivery_eta__gap_maxdiff,0.2496496029927623,0.605087648735887,1.1815352321562378,higher_shift_more_helpful,strictly_increasing,mixed_or_tied,tabred_delivery_eta__gap_near;tabred_delivery_eta__gap_far;tabred_delivery_eta__gap_maxdiff,0.157123;0.237934;0.249650,-0.576448;-0.079075;0.605088,-0.00323207052;-0.00044336135;0.00331895073,descriptive_exact_variant_no_ci_across_variants
tabicl,joint_pca_var95,test_time_variant,M3_joint_pca,tabred_homesite,2,2,tabred_homesite__gap_near,0.0437974647176086,8.449264411751278,tabred_homesite__gap_far,0.0830990647492541,-17.856247342658246,-26.305511754409522,higher_shift_more_harmful,not_assessed_two_windows,mixed_or_tied,tabred_homesite__gap_near;tabred_homesite__gap_far,0.043797;0.083099,8.449264;-17.856247,0.00515623445;-0.0222130363,descriptive_exact_variant_no_ci_across_variants
tabicl,joint_pca_var95,test_time_variant,M3_joint_pca,tabred_weather,3,3,tabred_weather__gap_near,0.0948655339805825,-0.1737017005282064,tabred_weather__gap_maxdiff,0.2280292319342118,-3.9706559660352334,-3.796954265507027,higher_shift_more_harmful,nonmonotonic,mixed_or_tied,tabred_weather__gap_near;tabred_weather__gap_far;tabred_weather__gap_maxdiff,0.094866;0.101202;0.228029,-0.173702;0.201849;-3.970656,-0.00300414824;0.00332088946;-0.0713172635,descriptive_exact_variant_no_ci_across_variants
tabicl,joint_scaling,test_time_variant,M5_joint_scaling,tabred_delivery_eta,3,3,tabred_delivery_eta__gap_near,0.1571228260314691,-0.7304251330107991,tabred_delivery_eta__gap_maxdiff,0.2496496029927623,-0.0142334747183066,0.7161916582924925,higher_shift_more_helpful,strictly_increasing,all_negative,tabred_delivery_eta__gap_near;tabred_delivery_eta__gap_far;tabred_delivery_eta__gap_maxdiff,0.157123;0.237934;0.249650,-0.730425;-0.187216;-0.014233,-0.00409540365;-0.00104969615;-7.80716669e-05,descriptive_exact_variant_no_ci_across_variants
tabicl,joint_scaling,test_time_variant,M5_joint_scaling,tabred_homesite,2,2,tabred_homesite__gap_near,0.0437974647176086,0.0053335703805669,tabred_homesite__gap_far,0.0830990647492541,-0.0095936856105472,-0.014927255991114101,higher_shift_more_harmful,not_assessed_two_windows,mixed_or_tied,tabred_homesite__gap_near;tabred_homesite__gap_far,0.043797;0.083099,0.005334;-0.009594,3.25485604e-06;-1.19344722e-05,descriptive_exact_variant_no_ci_across_variants
tabicl,joint_scaling,test_time_variant,M5_joint_scaling,tabred_weather,3,3,tabred_weather__gap_near,0.0948655339805825,-0.0004583237542052,tabred_weather__gap_maxdiff,0.2280292319342118,0.0006910164480615,0.0011493402022667,higher_shift_more_helpful,nonmonotonic,mixed_or_tied,tabred_weather__gap_near;tabred_weather__gap_far;tabred_weather__gap_maxdiff,0.094866;0.101202;0.228029,-0.000458;-0.005254;0.000691,-7.92664951e-06;-8.64394946e-05;1.24114007e-05,descriptive_exact_variant_no_ci_across_variants
tabicl,joint_tsne_2d_p30,test_time_variant,M3b_joint_tsne,tabred_delivery_eta,3,3,tabred_delivery_eta__gap_near,0.1571228260314691,-0.4010480416442231,tabred_delivery_eta__gap_maxdiff,0.2496496029927623,-0.6625714192190415,-0.2615233775748184,higher_shift_more_harmful,nonmonotonic,all_negative,tabred_delivery_eta__gap_near;tabred_delivery_eta__gap_far;tabred_delivery_eta__gap_maxdiff,0.157123;0.237934;0.249650,-0.401048;-2.047206;-0.662571,-0.00224862692;-0.011478429;-0.00363425349,descriptive_exact_variant_no_ci_across_variants
tabicl,joint_tsne_2d_p30,test_time_variant,M3b_joint_tsne,tabred_homesite,2,2,tabred_homesite__gap_near,0.0437974647176086,8.311036046046427,tabred_homesite__gap_far,0.0830990647492541,-6.60394431301577,-14.914980359062197,higher_shift_more_harmful,not_assessed_two_windows,mixed_or_tied,tabred_homesite__gap_near;tabred_homesite__gap_far,0.043797;0.083099,8.311036;-6.603944,0.00507187943;-0.00821525665,descriptive_exact_variant_no_ci_across_variants
tabicl,joint_tsne_2d_p30,test_time_variant,M3b_joint_tsne,tabred_weather,3,3,tabred_weather__gap_near,0.0948655339805825,-0.7184675605709652,tabred_weather__gap_maxdiff,0.2280292319342118,0.52015284864409,1.2386204092150552,higher_shift_more_helpful,strictly_increasing,mixed_or_tied,tabred_weather__gap_near;tabred_weather__gap_far;tabred_weather__gap_maxdiff,0.094866;0.101202;0.228029,-0.718468;-0.316861;0.520153,-0.0124258027;-0.00521309882;0.00934250615,descriptive_exact_variant_no_ci_across_variants
tabicl,joint_tsne_2d_p50,test_time_variant,M3b_joint_tsne,tabred_delivery_eta,3,3,tabred_delivery_eta__gap_near,0.1571228260314691,-0.3776193902005845,tabred_delivery_eta__gap_maxdiff,0.2496496029927623,-0.664416495578393,-0.2867971053778085,higher_shift_more_harmful,nonmonotonic,all_negative,tabred_delivery_eta__gap_near;tabred_delivery_eta__gap_far;tabred_delivery_eta__gap_maxdiff,0.157123;0.237934;0.249650,-0.377619;-1.480902;-0.664416,-0.00211726536;-0.00830323329;-0.00364437387,descriptive_exact_variant_no_ci_across_variants
tabicl,joint_tsne_2d_p50,test_time_variant,M3b_joint_tsne,tabred_homesite,2,2,tabred_homesite__gap_near,0.0437974647176086,0.1400062224986153,tabred_homesite__gap_far,0.0830990647492541,-12.232821306703665,-12.37282752920228,higher_shift_more_harmful,not_assessed_two_windows,mixed_or_tied,tabred_homesite__gap_near;tabred_homesite__gap_far,0.043797;0.083099,0.140006;-12.232821,8.54399711e-05;-0.0152175369,descriptive_exact_variant_no_ci_across_variants
tabicl,joint_tsne_2d_p50,test_time_variant,M3b_joint_tsne,tabred_weather,3,3,tabred_weather__gap_near,0.0948655339805825,-1.012885429570413,tabred_weather__gap_maxdiff,0.2280292319342118,-3.20810893775386,-2.195223508183447,higher_shift_more_harmful,nonmonotonic,all_negative,tabred_weather__gap_near;tabred_weather__gap_far;tabred_weather__gap_maxdiff,0.094866;0.101202;0.228029,-1.012885;-0.762668;-3.208109,-0.0175177213;-0.0125476514;-0.0576210965,descriptive_exact_variant_no_ci_across_variants
tabicl,joint_tsne_3d_p30,test_time_variant,M3b_joint_tsne,tabred_delivery_eta,3,3,tabred_delivery_eta__gap_near,0.1571228260314691,-0.5966730178782359,tabred_delivery_eta__gap_maxdiff,0.2496496029927623,-1.184281271589871,-0.587608253711635,higher_shift_more_harmful,nonmonotonic,all_negative,tabred_delivery_eta__gap_near;tabred_delivery_eta__gap_far;tabred_delivery_eta__gap_maxdiff,0.157123;0.237934;0.249650,-0.596673;-5.238711;-1.184281,-0.00334547203;-0.0293728023;-0.00649587081,descriptive_exact_variant_no_ci_across_variants
tabicl,joint_tsne_3d_p30,test_time_variant,M3b_joint_tsne,tabred_homesite,2,2,tabred_homesite__gap_near,0.0437974647176086,-3.143695275345905,tabred_homesite__gap_far,0.0830990647492541,-20.143905284158457,-17.00021000881255,higher_shift_more_harmful,not_assessed_two_windows,all_negative,tabred_homesite__gap_near;tabred_homesite__gap_far,0.043797;0.083099,-3.143695;-20.143905,-0.0019184664;-0.0250588654,descriptive_exact_variant_no_ci_across_variants
tabicl,joint_tsne_3d_p30,test_time_variant,M3b_joint_tsne,tabred_weather,3,3,tabred_weather__gap_near,0.0948655339805825,-2.673860620292723,tabred_weather__gap_maxdiff,0.2280292319342118,-0.5388950889270455,2.1349655313656775,higher_shift_more_helpful,nonmonotonic,all_negative,tabred_weather__gap_near;tabred_weather__gap_far;tabred_weather__gap_maxdiff,0.094866;0.101202;0.228029,-2.673861;-0.456916;-0.538895,-0.0462440705;-0.00751731644;-0.00967913699,descriptive_exact_variant_no_ci_across_variants
tabicl,label_prop_k10_a05,test_time_variant,M8_label_prop,tabred_delivery_eta,3,3,tabred_delivery_eta__gap_near,0.1571228260314691,0.0046358249084223,tabred_delivery_eta__gap_maxdiff,0.2496496029927623,-0.5495538249067858,-0.5541896498152081,higher_shift_more_harmful,strictly_decreasing,mixed_or_tied,tabred_delivery_eta__gap_near;tabred_delivery_eta__gap_far;tabred_delivery_eta__gap_maxdiff,0.157123;0.237934;0.249650,0.004636;-0.306148;-0.549554,2.59924986e-05;-0.00171653205;-0.00301434358,descriptive_exact_variant_no_ci_across_variants
tabicl,label_prop_k10_a05,test_time_variant,M8_label_prop,tabred_homesite,2,2,tabred_homesite__gap_near,0.0437974647176086,-5.728699053291581,tabred_homesite__gap_far,0.0830990647492541,-15.522583317888976,-9.793884264597395,higher_shift_more_harmful,not_assessed_two_windows,all_negative,tabred_homesite__gap_near;tabred_homesite__gap_far,0.043797;0.083099,-5.728699;-15.522583,-0.00349598663;-0.0193099759,descriptive_exact_variant_no_ci_across_variants
tabicl,label_prop_k10_a05,test_time_variant,M8_label_prop,tabred_weather,3,3,tabred_weather__gap_near,0.0948655339805825,-4.327847905921454,tabred_weather__gap_maxdiff,0.2280292319342118,-19.234393141495424,-14.90654523557397,higher_shift_more_harmful,strictly_decreasing,all_negative,tabred_weather__gap_near;tabred_weather__gap_far;tabred_weather__gap_maxdiff,0.094866;0.101202;0.228029,-4.327848;-5.023663;-19.234393,-0.0748495647;-0.082650864;-0.345470445,descriptive_exact_variant_no_ci_across_variants
tabicl,label_prop_k15_a05,test_time_variant,M8_label_prop,tabred_delivery_eta,3,3,tabred_delivery_eta__gap_near,0.1571228260314691,0.0694840620269852,tabred_delivery_eta__gap_maxdiff,0.2496496029927623,-0.53110508980641,-0.6005891518333952,higher_shift_more_harmful,strictly_decreasing,mixed_or_tied,tabred_delivery_eta__gap_near;tabred_delivery_eta__gap_far;tabred_delivery_eta__gap_maxdiff,0.157123;0.237934;0.249650,0.069484;-0.399528;-0.531105,0.000389588568;-0.0022401038;-0.0029131509,descriptive_exact_variant_no_ci_across_variants
tabicl,label_prop_k15_a05,test_time_variant,M8_label_prop,tabred_homesite,2,2,tabred_homesite__gap_near,0.0437974647176086,-7.17809680430289,tabred_homesite__gap_far,0.0830990647492541,-17.45374862363333,-10.275651819330442,higher_shift_more_harmful,not_assessed_two_windows,all_negative,tabred_homesite__gap_near;tabred_homesite__gap_far,0.043797;0.083099,-7.178097;-17.453749,-0.00438049376;-0.0217123309,descriptive_exact_variant_no_ci_across_variants
tabicl,label_prop_k15_a05,test_time_variant,M8_label_prop,tabred_weather,3,3,tabred_weather__gap_near,0.0948655339805825,-2.9749568308112275,tabred_weather__gap_maxdiff,0.2280292319342118,-18.008473046365875,-15.033516215554648,higher_shift_more_harmful,strictly_decreasing,all_negative,tabred_weather__gap_near;tabred_weather__gap_far;tabred_weather__gap_maxdiff,0.094866;0.101202;0.228029,-2.974957;-4.696590;-18.008473,-0.0514514901;-0.0772697664;-0.323451598,descriptive_exact_variant_no_ci_across_variants
tabicl,label_prop_k15_a08,test_time_variant,M8_label_prop,tabred_delivery_eta,3,3,tabred_delivery_eta__gap_near,0.1571228260314691,0.0212611485067963,tabred_delivery_eta__gap_maxdiff,0.2496496029927623,-0.5113225110888909,-0.5325836595956872,higher_shift_more_harmful,strictly_decreasing,mixed_or_tied,tabred_delivery_eta__gap_near;tabred_delivery_eta__gap_far;tabred_delivery_eta__gap_maxdiff,0.157123;0.237934;0.249650,0.021261;-0.349623;-0.511323,0.000119208638;-0.00196029055;-0.00280464198,descriptive_exact_variant_no_ci_across_variants
tabicl,label_prop_k15_a08,test_time_variant,M8_label_prop,tabred_homesite,2,2,tabred_homesite__gap_near,0.0437974647176086,-6.231832525890296,tabred_homesite__gap_far,0.0830990647492541,-16.236658780947952,-10.004826255057656,higher_shift_more_harmful,not_assessed_two_windows,all_negative,tabred_homesite__gap_near;tabred_homesite__gap_far,0.043797;0.083099,-6.231833;-16.236659,-0.00380302805;-0.0201982804,descriptive_exact_variant_no_ci_across_variants
tabicl,label_prop_k15_a08,test_time_variant,M8_label_prop,tabred_weather,3,3,tabred_weather__gap_near,0.0948655339805825,-3.62589535559585,tabred_weather__gap_maxdiff,0.2280292319342118,-20.10451759806027,-16.478622242464418,higher_shift_more_harmful,strictly_decreasing,all_negative,tabred_weather__gap_near;tabred_weather__gap_far;tabred_weather__gap_maxdiff,0.094866;0.101202;0.228029,-3.625895;-4.875673;-20.104518,-0.062709387;-0.0802160918;-0.361098819,descriptive_exact_variant_no_ci_across_variants
tabicl,label_prop_v3_adaptive,test_time_variant,M8_label_prop,tabred_delivery_eta,3,3,tabred_delivery_eta__gap_near,0.1571228260314691,-0.0289145438636048,tabred_delivery_eta__gap_maxdiff,0.2496496029927623,-2.9203741514992108,-2.891459607635606,higher_shift_more_harmful,nonmonotonic,all_negative,tabred_delivery_eta__gap_near;tabred_delivery_eta__gap_far;tabred_delivery_eta__gap_maxdiff,0.157123;0.237934;0.249650,-0.028915;-3.277642;-2.920374,-0.000162120282;-0.0183773314;-0.0160184693,descriptive_exact_variant_no_ci_across_variants
tabicl,label_prop_v3_adaptive,test_time_variant,M8_label_prop,tabred_homesite,2,2,tabred_homesite__gap_near,0.0437974647176086,-55.70558691497455,tabred_homesite__gap_far,0.0830990647492541,-19.77999934588508,35.92558756908947,higher_shift_more_helpful,not_assessed_two_windows,all_negative,tabred_homesite__gap_near;tabred_homesite__gap_far,0.043797;0.083099,-55.705587;-19.779999,-0.0339948015;-0.0246061692,descriptive_exact_variant_no_ci_across_variants
tabicl,label_prop_v3_adaptive,test_time_variant,M8_label_prop,tabred_weather,3,3,tabred_weather__gap_near,0.0948655339805825,-2.654108919080169,tabred_weather__gap_maxdiff,0.2280292319342118,-6.168834201216633,-3.514725282136464,higher_shift_more_harmful,nonmonotonic,all_negative,tabred_weather__gap_near;tabred_weather__gap_far;tabred_weather__gap_maxdiff,0.094866;0.101202;0.228029,-2.654109;-6.274651;-6.168834,-0.0459024674;-0.103232517;-0.110798915,descriptive_exact_variant_no_ci_across_variants
tabicl,label_prop_v3_t005_k10,test_time_variant,M8_label_prop,tabred_delivery_eta,3,3,tabred_delivery_eta__gap_near,0.1571228260314691,0.0995183648964764,tabred_delivery_eta__gap_maxdiff,0.2496496029927623,-2.5453508149916653,-2.6448691798881416,higher_shift_more_harmful,nonmonotonic,mixed_or_tied,tabred_delivery_eta__gap_near;tabred_delivery_eta__gap_far;tabred_delivery_eta__gap_maxdiff,0.157123;0.237934;0.249650,0.099518;-2.882633;-2.545351,0.0005579872;-0.0161625673;-0.0139614384,descriptive_exact_variant_no_ci_across_variants
tabicl,label_prop_v3_t005_k10,test_time_variant,M8_label_prop,tabred_homesite,2,2,tabred_homesite__gap_near,0.0437974647176086,-31.612516111827688,tabred_homesite__gap_far,0.0830990647492541,-27.94226345568924,3.670252656138448,higher_shift_more_helpful,not_assessed_two_windows,all_negative,tabred_homesite__gap_near;tabred_homesite__gap_far,0.043797;0.083099,-31.612516;-27.942263,-0.019291803;-0.0347599639,descriptive_exact_variant_no_ci_across_variants
tabicl,label_prop_v3_t005_k10,test_time_variant,M8_label_prop,tabred_weather,3,3,tabred_weather__gap_near,0.0948655339805825,-4.36834843554244,tabred_weather__gap_maxdiff,0.2280292319342118,-16.67414994881645,-12.305801513274009,higher_shift_more_harmful,strictly_decreasing,all_negative,tabred_weather__gap_near;tabred_weather__gap_far;tabred_weather__gap_maxdiff,0.094866;0.101202;0.228029,-4.368348;-14.355343;-16.674150,-0.0755500161;-0.236178568;-0.299485716,descriptive_exact_variant_no_ci_across_variants
tabicl,label_prop_v3_t005_k15,test_time_variant,M8_label_prop,tabred_delivery_eta,3,3,tabred_delivery_eta__gap_near,0.1571228260314691,0.0696026444280957,tabred_delivery_eta__gap_maxdiff,0.2496496029927623,-2.740568692151121,-2.8101713365792165,higher_shift_more_harmful,nonmonotonic,mixed_or_tied,tabred_delivery_eta__gap_near;tabred_delivery_eta__gap_far;tabred_delivery_eta__gap_maxdiff,0.157123;0.237934;0.249650,0.069603;-3.091579;-2.740569,0.000390253444;-0.0173340963;-0.015032223,descriptive_exact_variant_no_ci_across_variants
tabicl,label_prop_v3_t005_k15,test_time_variant,M8_label_prop,tabred_homesite,2,2,tabred_homesite__gap_near,0.0437974647176086,-33.02324547757734,tabred_homesite__gap_far,0.0830990647492541,-26.07629160443503,6.946953873142309,higher_shift_more_helpful,not_assessed_two_windows,all_negative,tabred_homesite__gap_near;tabred_homesite__gap_far,0.043797;0.083099,-33.023245;-26.076292,-0.0201527124;-0.032438709,descriptive_exact_variant_no_ci_across_variants
tabicl,label_prop_v3_t005_k15,test_time_variant,M8_label_prop,tabred_weather,3,3,tabred_weather__gap_near,0.0948655339805825,-3.7833033728233247,tabred_weather__gap_maxdiff,0.2280292319342118,-12.153009860264776,-8.369706487441452,higher_shift_more_harmful,nonmonotonic,all_negative,tabred_weather__gap_near;tabred_weather__gap_far;tabred_weather__gap_maxdiff,0.094866;0.101202;0.228029,-3.783303;-12.619238;-12.153010,-0.0654317381;-0.207615634;-0.218281164,descriptive_exact_variant_no_ci_across_variants
tabicl,label_prop_v3_t01_k15,test_time_variant,M8_label_prop,tabred_delivery_eta,3,3,tabred_delivery_eta__gap_near,0.1571228260314691,-0.118093664536643,tabred_delivery_eta__gap_maxdiff,0.2496496029927623,-1.1864154166478749,-1.0683217521112318,higher_shift_more_harmful,nonmonotonic,all_negative,tabred_delivery_eta__gap_near;tabred_delivery_eta__gap_far;tabred_delivery_eta__gap_maxdiff,0.157123;0.237934;0.249650,-0.118094;-1.604034;-1.186415,-0.000662136615;-0.00899362145;-0.00650757676,descriptive_exact_variant_no_ci_across_variants
tabicl,label_prop_v3_t01_k15,test_time_variant,M8_label_prop,tabred_homesite,2,2,tabred_homesite__gap_near,0.0437974647176086,4.225521134272521,tabred_homesite__gap_far,0.0830990647492541,-26.8792176785462,-31.104738812818724,higher_shift_more_harmful,not_assessed_two_windows,mixed_or_tied,tabred_homesite__gap_near;tabred_homesite__gap_far,0.043797;0.083099,4.225521;-26.879218,0.0025786597;-0.033437543,descriptive_exact_variant_no_ci_across_variants
tabicl,label_prop_v3_t01_k15,test_time_variant,M8_label_prop,tabred_weather,3,3,tabred_weather__gap_near,0.0948655339805825,-5.206526920280678,tabred_weather__gap_maxdiff,0.2280292319342118,-10.101686293249184,-4.895159372968506,higher_shift_more_harmful,nonmonotonic,all_negative,tabred_weather__gap_near;tabred_weather__gap_far;tabred_weather__gap_maxdiff,0.094866;0.101202;0.228029,-5.206527;-33.134489;-10.101686,-0.0900462036;-0.545138919;-0.18143718,descriptive_exact_variant_no_ci_across_variants
tabicl,label_prop_weighted_adaptive_a05,test_time_variant,M8_label_prop,tabred_delivery_eta,3,3,tabred_delivery_eta__gap_near,0.1571228260314691,0.1561673955770457,tabred_delivery_eta__gap_maxdiff,0.2496496029927623,-0.8811670534940172,-1.037334449071063,higher_shift_more_harmful,nonmonotonic,mixed_or_tied,tabred_delivery_eta__gap_near;tabred_delivery_eta__gap_far;tabred_delivery_eta__gap_maxdiff,0.157123;0.237934;0.249650,0.156167;-1.695939;-0.881167,0.00087561133;-0.00950891708;-0.00483326679,descriptive_exact_variant_no_ci_across_variants
tabicl,label_prop_weighted_adaptive_a05,test_time_variant,M8_label_prop,tabred_homesite,2,2,tabred_homesite__gap_near,0.0437974647176086,9.560869371971636,tabred_homesite__gap_far,0.0830990647492541,-15.574476435509686,-25.135345807481322,higher_shift_more_harmful,not_assessed_two_windows,mixed_or_tied,tabred_homesite__gap_near;tabred_homesite__gap_far,0.043797;0.083099,9.560869;-15.574476,0.00583460069;-0.0193745306,descriptive_exact_variant_no_ci_across_variants
tabicl,label_prop_weighted_adaptive_a05,test_time_variant,M8_label_prop,tabred_weather,3,3,tabred_weather__gap_near,0.0948655339805825,-3.6089601138642218,tabred_weather__gap_maxdiff,0.2280292319342118,-7.35011597648562,-3.7411558626213983,higher_shift_more_harmful,nonmonotonic,all_negative,tabred_weather__gap_near;tabred_weather__gap_far;tabred_weather__gap_maxdiff,0.094866;0.101202;0.228029,-3.608960;-9.314489;-7.350116,-0.0624164942;-0.153244875;-0.13201601,descriptive_exact_variant_no_ci_across_variants
tabicl,label_prop_weighted_k10_a05,test_time_variant,M8_label_prop,tabred_delivery_eta,3,3,tabred_delivery_eta__gap_near,0.1571228260314691,0.1480828814319694,tabred_delivery_eta__gap_maxdiff,0.2496496029927623,-0.5672604416148715,-0.7153433230468409,higher_shift_more_harmful,nonmonotonic,mixed_or_tied,tabred_delivery_eta__gap_near;tabred_delivery_eta__gap_far;tabred_delivery_eta__gap_maxdiff,0.157123;0.237934;0.249650,0.148083;-1.014128;-0.567260,0.000830282456;-0.00568609061;-0.00311146569,descriptive_exact_variant_no_ci_across_variants
tabicl,label_prop_weighted_k10_a05,test_time_variant,M8_label_prop,tabred_homesite,2,2,tabred_homesite__gap_near,0.0437974647176086,-10.325792257434038,tabred_homesite__gap_far,0.0830990647492541,-28.451491927131617,-18.12569966969758,higher_shift_more_harmful,not_assessed_two_windows,all_negative,tabred_homesite__gap_near;tabred_homesite__gap_far,0.043797;0.083099,-10.325792;-28.451492,-0.0063014013;-0.0353934402,descriptive_exact_variant_no_ci_across_variants
tabicl,label_prop_weighted_k10_a05,test_time_variant,M8_label_prop,tabred_weather,3,3,tabred_weather__gap_near,0.0948655339805825,-7.327413828636454,tabred_weather__gap_maxdiff,0.2280292319342118,-19.57770090889792,-12.250287080261467,higher_shift_more_harmful,nonmonotonic,all_negative,tabred_weather__gap_near;tabred_weather__gap_far;tabred_weather__gap_maxdiff,0.094866;0.101202;0.228029,-7.327414;-23.900138;-19.577701,-0.126726666;-0.393212515;-0.351636623,descriptive_exact_variant_no_ci_across_variants
tabicl,label_prop_weighted_k15_a05,test_time_variant,M8_label_prop,tabred_delivery_eta,3,3,tabred_delivery_eta__gap_near,0.1571228260314691,0.1574349624417883,tabred_delivery_eta__gap_maxdiff,0.2496496029927623,-0.6572377283048632,-0.8146726907466515,higher_shift_more_harmful,nonmonotonic,mixed_or_tied,tabred_delivery_eta__gap_near;tabred_delivery_eta__gap_far;tabred_delivery_eta__gap_maxdiff,0.157123;0.237934;0.249650,0.157435;-1.188910;-0.657238,0.000882718421;-0.00666607106;-0.0036049978,descriptive_exact_variant_no_ci_across_variants
tabicl,label_prop_weighted_k15_a05,test_time_variant,M8_label_prop,tabred_homesite,2,2,tabred_homesite__gap_near,0.0437974647176086,-6.352726787857575,tabred_homesite__gap_far,0.0830990647492541,-24.75192691355877,-18.399200125701192,higher_shift_more_harmful,not_assessed_two_windows,all_negative,tabred_homesite__gap_near;tabred_homesite__gap_far,0.043797;0.083099,-6.352727;-24.751927,-0.00387680478;-0.0307912094,descriptive_exact_variant_no_ci_across_variants
tabicl,label_prop_weighted_k15_a05,test_time_variant,M8_label_prop,tabred_weather,3,3,tabred_weather__gap_near,0.0948655339805825,-5.669505822890062,tabred_weather__gap_maxdiff,0.2280292319342118,-16.153605417701833,-10.48409959481177,higher_shift_more_harmful,nonmonotonic,all_negative,tabred_weather__gap_near;tabred_weather__gap_far;tabred_weather__gap_maxdiff,0.094866;0.101202;0.228029,-5.669506;-18.277669;-16.153605,-0.0980533633;-0.300709891;-0.290136175,descriptive_exact_variant_no_ci_across_variants
tabicl,label_prop_weighted_k15_a08,test_time_variant,M8_label_prop,tabred_delivery_eta,3,3,tabred_delivery_eta__gap_near,0.1571228260314691,0.1247397315387835,tabred_delivery_eta__gap_maxdiff,0.2496496029927623,-0.5997940715579986,-0.7245338030967821,higher_shift_more_harmful,nonmonotonic,mixed_or_tied,tabred_delivery_eta__gap_near;tabred_delivery_eta__gap_far;tabred_delivery_eta__gap_maxdiff,0.157123;0.237934;0.249650,0.124740;-1.055174;-0.599794,0.000699400293;-0.00591622804;-0.00328991507,descriptive_exact_variant_no_ci_across_variants
tabicl,label_prop_weighted_k15_a08,test_time_variant,M8_label_prop,tabred_homesite,2,2,tabred_homesite__gap_near,0.0437974647176086,-6.971865416241081,tabred_homesite__gap_far,0.0830990647492541,-23.40532231513091,-16.43345689888983,higher_shift_more_harmful,not_assessed_two_windows,all_negative,tabred_homesite__gap_near;tabred_homesite__gap_far,0.043797;0.083099,-6.971865;-23.405322,-0.00425463932;-0.0291160435,descriptive_exact_variant_no_ci_across_variants
tabicl,label_prop_weighted_k15_a08,test_time_variant,M8_label_prop,tabred_weather,3,3,tabred_weather__gap_near,0.0948655339805825,-6.591569567440794,tabred_weather__gap_maxdiff,0.2280292319342118,-15.67606903573128,-9.084499468290485,higher_shift_more_harmful,nonmonotonic,all_negative,tabred_weather__gap_near;tabred_weather__gap_far;tabred_weather__gap_maxdiff,0.094866;0.101202;0.228029,-6.591570;-18.565686;-15.676069,-0.114000335;-0.30544844;-0.281559107,descriptive_exact_variant_no_ci_across_variants
tabicl,leaf_density_conf,test_time_variant,M18_leaf_density,tabred_delivery_eta,3,3,tabred_delivery_eta__gap_near,0.1571228260314691,0.4623225976006228,tabred_delivery_eta__gap_maxdiff,0.2496496029927623,-1.1841980586001617,-1.6465206562007846,higher_shift_more_harmful,nonmonotonic,mixed_or_tied,tabred_delivery_eta__gap_near;tabred_delivery_eta__gap_far;tabred_delivery_eta__gap_maxdiff,0.157123;0.237934;0.249650,0.462323;-2.806753;-1.184198,0.00259218579;-0.0157371133;-0.00649541438,descriptive_exact_variant_no_ci_across_variants
tabicl,leaf_density_conf,test_time_variant,M18_leaf_density,tabred_homesite,2,2,tabred_homesite__gap_near,0.0437974647176086,15.0384461531623,tabred_homesite__gap_far,0.0830990647492541,-12.490760626642064,-27.529206779804362,higher_shift_more_harmful,not_assessed_two_windows,mixed_or_tied,tabred_homesite__gap_near;tabred_homesite__gap_far,0.043797;0.083099,15.038446;-12.490761,0.00917733785;-0.0155384115,descriptive_exact_variant_no_ci_across_variants
tabicl,leaf_density_conf,test_time_variant,M18_leaf_density,tabred_weather,3,3,tabred_weather__gap_near,0.0948655339805825,-0.9252619367772512,tabred_weather__gap_maxdiff,0.2280292319342118,-3.6406599693257697,-2.7153980325485185,higher_shift_more_harmful,nonmonotonic,mixed_or_tied,tabred_weather__gap_near;tabred_weather__gap_far;tabred_weather__gap_maxdiff,0.094866;0.101202;0.228029,-0.925262;0.534004;-3.640660,-0.0160022844;0.008785595;-0.0653901795,descriptive_exact_variant_no_ci_across_variants
tabicl,leaf_density_conf_cumshift,test_time_variant,M18_leaf_density,tabred_delivery_eta,3,3,tabred_delivery_eta__gap_near,0.1571228260314691,0.4587130569958849,tabred_delivery_eta__gap_maxdiff,0.2496496029927623,-1.403808546175359,-1.862521603171244,higher_shift_more_harmful,nonmonotonic,mixed_or_tied,tabred_delivery_eta__gap_near;tabred_delivery_eta__gap_far;tabred_delivery_eta__gap_maxdiff,0.157123;0.237934;0.249650,0.458713;-2.724513;-1.403809,0.00257194755;-0.0152760053;-0.00769999423,descriptive_exact_variant_no_ci_across_variants
tabicl,leaf_density_conf_cumshift,test_time_variant,M18_leaf_density,tabred_homesite,2,2,tabred_homesite__gap_near,0.0437974647176086,1.3569491977417212,tabred_homesite__gap_far,0.0830990647492541,-21.82934141528668,-23.1862906130284,higher_shift_more_harmful,not_assessed_two_windows,mixed_or_tied,tabred_homesite__gap_near;tabred_homesite__gap_far,0.043797;0.083099,1.356949;-21.829341,0.000828089625;-0.0271555352,descriptive_exact_variant_no_ci_across_variants
tabicl,leaf_density_conf_cumshift,test_time_variant,M18_leaf_density,tabred_weather,3,3,tabred_weather__gap_near,0.0948655339805825,-2.032922197498901,tabred_weather__gap_maxdiff,0.2280292319342118,-1.0000224499968515,1.0328997475020494,higher_shift_more_helpful,nonmonotonic,all_negative,tabred_weather__gap_near;tabred_weather__gap_far;tabred_weather__gap_maxdiff,0.094866;0.101202;0.228029,-2.032922;-0.295764;-1.000022,-0.0351591241;-0.00486600386;-0.0179614817,descriptive_exact_variant_no_ci_across_variants
tabicl,leaf_density_conf_deep,test_time_variant,M18_leaf_density,tabred_delivery_eta,3,3,tabred_delivery_eta__gap_near,0.1571228260314691,0.4502421030404481,tabred_delivery_eta__gap_maxdiff,0.2496496029927623,-1.0032976608327684,-1.4535397638732164,higher_shift_more_harmful,nonmonotonic,mixed_or_tied,tabred_delivery_eta__gap_near;tabred_delivery_eta__gap_far;tabred_delivery_eta__gap_maxdiff,0.157123;0.237934;0.249650,0.450242;-2.904888;-1.003298,0.00252445195;-0.0162873479;-0.00550316225,descriptive_exact_variant_no_ci_across_variants
tabicl,leaf_density_conf_deep,test_time_variant,M18_leaf_density,tabred_homesite,2,2,tabred_homesite__gap_near,0.0437974647176086,12.533890395128664,tabred_homesite__gap_far,0.0830990647492541,1.2363862330611035,-11.29750416206756,higher_shift_more_harmful,not_assessed_two_windows,all_positive,tabred_homesite__gap_near;tabred_homesite__gap_far,0.043797;0.083099,12.533890;1.236386,0.0076489117;0.0015380551,descriptive_exact_variant_no_ci_across_variants
tabicl,leaf_density_conf_deep,test_time_variant,M18_leaf_density,tabred_weather,3,3,tabred_weather__gap_near,0.0948655339805825,-1.0433990312400452,tabred_weather__gap_maxdiff,0.2280292319342118,-3.737352822044237,-2.693953790804192,higher_shift_more_harmful,nonmonotonic,all_negative,tabred_weather__gap_near;tabred_weather__gap_far;tabred_weather__gap_maxdiff,0.094866;0.101202;0.228029,-1.043399;-0.090160;-3.737353,-0.0180454501;-0.00148333282;-0.0671268874,descriptive_exact_variant_no_ci_across_variants
tabicl,leaf_density_conf_shallow,test_time_variant,M18_leaf_density,tabred_delivery_eta,3,3,tabred_delivery_eta__gap_near,0.1571228260314691,0.009314528686934,tabred_delivery_eta__gap_maxdiff,0.2496496029927623,-0.8856150414506885,-0.8949295701376225,higher_shift_more_harmful,nonmonotonic,mixed_or_tied,tabred_delivery_eta__gap_near;tabred_delivery_eta__gap_far;tabred_delivery_eta__gap_maxdiff,0.157123;0.237934;0.249650,0.009315;-3.366816;-0.885615,5.22254138e-05;-0.0188773164;-0.00485766434,descriptive_exact_variant_no_ci_across_variants
tabicl,leaf_density_conf_shallow,test_time_variant,M18_leaf_density,tabred_homesite,2,2,tabred_homesite__gap_near,0.0437974647176086,16.60518245255336,tabred_homesite__gap_far,0.0830990647492541,-20.02856301852245,-36.63374547107581,higher_shift_more_harmful,not_assessed_two_windows,mixed_or_tied,tabred_homesite__gap_near;tabred_homesite__gap_far,0.043797;0.083099,16.605182;-20.028563,0.0101334518;-0.0249153805,descriptive_exact_variant_no_ci_across_variants
tabicl,leaf_density_conf_shallow,test_time_variant,M18_leaf_density,tabred_weather,3,3,tabred_weather__gap_near,0.0948655339805825,-1.7229847856726008,tabred_weather__gap_maxdiff,0.2280292319342118,-0.6347016446017449,1.088283141070856,higher_shift_more_helpful,nonmonotonic,mixed_or_tied,tabred_weather__gap_near;tabred_weather__gap_far;tabred_weather__gap_maxdiff,0.094866;0.101202;0.228029,-1.722985;0.466446;-0.634702,-0.029798797;0.0076741167;-0.0113999261,descriptive_exact_variant_no_ci_across_variants
tabicl,leaf_density_embed_k10,test_time_variant,M18_leaf_density,tabred_delivery_eta,3,3,tabred_delivery_eta__gap_near,0.1571228260314691,-0.5011743653429159,tabred_delivery_eta__gap_maxdiff,0.2496496029927623,0.1119227254071928,0.6130970907501088,higher_shift_more_helpful,nonmonotonic,mixed_or_tied,tabred_delivery_eta__gap_near;tabred_delivery_eta__gap_far;tabred_delivery_eta__gap_maxdiff,0.157123;0.237934;0.249650,-0.501174;-1.440557;0.111923,-0.00281002287;-0.00807702222;0.000613904469,descriptive_exact_variant_no_ci_across_variants
tabicl,leaf_density_embed_k10,test_time_variant,M18_leaf_density,tabred_homesite,2,2,tabred_homesite__gap_near,0.0437974647176086,4.938441708520576,tabred_homesite__gap_far,0.0830990647492541,-3.871379201325672,-8.809820909846248,higher_shift_more_harmful,not_assessed_two_windows,mixed_or_tied,tabred_homesite__gap_near;tabred_homesite__gap_far,0.043797;0.083099,4.938442;-3.871379,0.00301372546;-0.00481596637,descriptive_exact_variant_no_ci_across_variants
tabicl,leaf_density_embed_k10,test_time_variant,M18_leaf_density,tabred_weather,3,3,tabred_weather__gap_near,0.0948655339805825,0.2588541296423486,tabred_weather__gap_maxdiff,0.2280292319342118,0.2008988908936686,-0.05795523874868,higher_shift_more_harmful,nonmonotonic,mixed_or_tied,tabred_weather__gap_near;tabred_weather__gap_far;tabred_weather__gap_maxdiff,0.094866;0.101202;0.228029,0.258854;-0.941261;0.200899,0.00447684839;-0.0154859118;0.00360836075,descriptive_exact_variant_no_ci_across_variants
tabicl,leaf_density_embed_k10_cumshift,test_time_variant,M18_leaf_density,tabred_delivery_eta,3,3,tabred_delivery_eta__gap_near,0.1571228260314691,-0.5567460227148637,tabred_delivery_eta__gap_maxdiff,0.2496496029927623,0.2031096276168267,0.7598556503316904,higher_shift_more_helpful,nonmonotonic,mixed_or_tied,tabred_delivery_eta__gap_near;tabred_delivery_eta__gap_far;tabred_delivery_eta__gap_maxdiff,0.157123;0.237934;0.249650,-0.556746;-0.624088;0.203110,-0.0031216063;-0.0034991836;0.00111407141,descriptive_exact_variant_no_ci_across_variants
tabicl,leaf_density_embed_k10_cumshift,test_time_variant,M18_leaf_density,tabred_homesite,2,2,tabred_homesite__gap_near,0.0437974647176086,3.803502377883235,tabred_homesite__gap_far,0.0830990647492541,-12.013474767516714,-15.81697714539995,higher_shift_more_harmful,not_assessed_two_windows,mixed_or_tied,tabred_homesite__gap_near;tabred_homesite__gap_far,0.043797;0.083099,3.803502;-12.013475,0.00232111921;-0.0149446715,descriptive_exact_variant_no_ci_across_variants
tabicl,leaf_density_embed_k10_cumshift,test_time_variant,M18_leaf_density,tabred_weather,3,3,tabred_weather__gap_near,0.0948655339805825,0.4136427477176995,tabred_weather__gap_maxdiff,0.2280292319342118,0.30459136190131,-0.10905138581638951,higher_shift_more_harmful,nonmonotonic,mixed_or_tied,tabred_weather__gap_near;tabred_weather__gap_far;tabred_weather__gap_maxdiff,0.094866;0.101202;0.228029,0.413643;-1.231786;0.304591,0.00715389734;-0.0202657321;0.00547078936,descriptive_exact_variant_no_ci_across_variants
tabicl,leaf_density_embed_k20,test_time_variant,M18_leaf_density,tabred_delivery_eta,3,3,tabred_delivery_eta__gap_near,0.1571228260314691,-0.5191468071078309,tabred_delivery_eta__gap_maxdiff,0.2496496029927623,0.0646555795865771,0.583802386694408,higher_shift_more_helpful,nonmonotonic,mixed_or_tied,tabred_delivery_eta__gap_near;tabred_delivery_eta__gap_far;tabred_delivery_eta__gap_maxdiff,0.157123;0.237934;0.249650,-0.519147;-1.511743;0.064656,-0.00291079213;-0.00847615756;0.00035464066,descriptive_exact_variant_no_ci_across_variants
tabicl,leaf_density_embed_k20,test_time_variant,M18_leaf_density,tabred_homesite,2,2,tabred_homesite__gap_near,0.0437974647176086,0.8155918040797899,tabred_homesite__gap_far,0.0830990647492541,0.3122308589618355,-0.5033609451179544,higher_shift_more_harmful,not_assessed_two_windows,all_positive,tabred_homesite__gap_near;tabred_homesite__gap_far,0.043797;0.083099,0.815592;0.312231,0.000497721736;0.000388412821,descriptive_exact_variant_no_ci_across_variants
tabicl,leaf_density_embed_k20,test_time_variant,M18_leaf_density,tabred_weather,3,3,tabred_weather__gap_near,0.0948655339805825,-0.0673829274325915,tabred_weather__gap_maxdiff,0.2280292319342118,0.180939625451666,0.2483225528842575,higher_shift_more_helpful,nonmonotonic,mixed_or_tied,tabred_weather__gap_near;tabred_weather__gap_far;tabred_weather__gap_maxdiff,0.094866;0.101202;0.228029,-0.067383;-0.731390;0.180940,-0.00116537894;-0.0120330624;0.00324987082,descriptive_exact_variant_no_ci_across_variants
tabicl,leaf_density_embed_k5,test_time_variant,M18_leaf_density,tabred_delivery_eta,3,3,tabred_delivery_eta__gap_near,0.1571228260314691,-0.5226079369548977,tabred_delivery_eta__gap_maxdiff,0.2496496029927623,0.1361771969353081,0.6587851338902058,higher_shift_more_helpful,nonmonotonic,mixed_or_tied,tabred_delivery_eta__gap_near;tabred_delivery_eta__gap_far;tabred_delivery_eta__gap_maxdiff,0.157123;0.237934;0.249650,-0.522608;-1.310442;0.136177,-0.00293019826;-0.00734748378;0.000746942048,descriptive_exact_variant_no_ci_across_variants
tabicl,leaf_density_embed_k5,test_time_variant,M18_leaf_density,tabred_homesite,2,2,tabred_homesite__gap_near,0.0437974647176086,4.278412373883207,tabred_homesite__gap_far,0.0830990647492541,-13.996969267500388,-18.275381641383596,higher_shift_more_harmful,not_assessed_two_windows,mixed_or_tied,tabred_homesite__gap_near;tabred_homesite__gap_far,0.043797;0.083099,4.278412;-13.996969,0.00261093702;-0.0174121236,descriptive_exact_variant_no_ci_across_variants
tabicl,leaf_density_embed_k5,test_time_variant,M18_leaf_density,tabred_weather,3,3,tabred_weather__gap_near,0.0948655339805825,0.3797556852292248,tabred_weather__gap_maxdiff,0.2280292319342118,0.1538375486986686,-0.2259181365305562,higher_shift_more_harmful,nonmonotonic,mixed_or_tied,tabred_weather__gap_near;tabred_weather__gap_far;tabred_weather__gap_maxdiff,0.094866;0.101202;0.228029,0.379756;-0.892470;0.153838,0.00656782501;-0.0146831971;0.00276308829,descriptive_exact_variant_no_ci_across_variants
tabicl,nearest_test_k10_both,test_time_variant,M16_nearest_test_dist,tabred_delivery_eta,3,3,tabred_delivery_eta__gap_near,0.1571228260314691,-0.2522431482641177,tabred_delivery_eta__gap_maxdiff,0.2496496029927623,-0.1195002760491004,0.1327428722150173,higher_shift_more_helpful,nonmonotonic,mixed_or_tied,tabred_delivery_eta__gap_near;tabred_delivery_eta__gap_far;tabred_delivery_eta__gap_maxdiff,0.157123;0.237934;0.249650,-0.252243;0.414871;-0.119500,-0.00141429623;0.00232613054;-0.000655467898,descriptive_exact_variant_no_ci_across_variants
tabicl,nearest_test_k10_both,test_time_variant,M16_nearest_test_dist,tabred_homesite,2,2,tabred_homesite__gap_near,0.0437974647176086,-13.709053735721753,tabred_homesite__gap_far,0.0830990647492541,-31.410816880525925,-17.701763144804172,higher_shift_more_harmful,not_assessed_two_windows,all_negative,tabred_homesite__gap_near;tabred_homesite__gap_far,0.043797;0.083099,-13.709054;-31.410817,-0.00836606498;-0.039074818,descriptive_exact_variant_no_ci_across_variants
tabicl,nearest_test_k10_both,test_time_variant,M16_nearest_test_dist,tabred_weather,3,3,tabred_weather__gap_near,0.0948655339805825,-0.7418190870135366,tabred_weather__gap_maxdiff,0.2280292319342118,0.5357144576235835,1.27753354463712,higher_shift_more_helpful,strictly_increasing,mixed_or_tied,tabred_weather__gap_near;tabred_weather__gap_far;tabred_weather__gap_maxdiff,0.094866;0.101202;0.228029,-0.741819;-0.259202;0.535714,-0.0128296643;-0.00426446456;0.00962200943,descriptive_exact_variant_no_ci_across_variants
tabicl,nearest_test_k10_cumshift_both,test_time_variant,M16_nearest_test_dist,tabred_delivery_eta,3,3,tabred_delivery_eta__gap_near,0.1571228260314691,-0.2660954397506588,tabred_delivery_eta__gap_maxdiff,0.2496496029927623,-0.4055736590772399,-0.1394782193265811,higher_shift_more_harmful,nonmonotonic,mixed_or_tied,tabred_delivery_eta__gap_near;tabred_delivery_eta__gap_far;tabred_delivery_eta__gap_maxdiff,0.157123;0.237934;0.249650,-0.266095;1.011910;-0.405574,-0.00149196432;0.00567365271;-0.00222460167,descriptive_exact_variant_no_ci_across_variants
tabicl,nearest_test_k10_cumshift_both,test_time_variant,M16_nearest_test_dist,tabred_homesite,2,2,tabred_homesite__gap_near,0.0437974647176086,-12.990577358994184,tabred_homesite__gap_far,0.0830990647492541,-33.17485582216801,-20.18427846317383,higher_shift_more_harmful,not_assessed_two_windows,all_negative,tabred_homesite__gap_near;tabred_homesite__gap_far,0.043797;0.083099,-12.990577;-33.174856,-0.00792760875;-0.0412692691,descriptive_exact_variant_no_ci_across_variants
tabicl,nearest_test_k10_cumshift_both,test_time_variant,M16_nearest_test_dist,tabred_weather,3,3,tabred_weather__gap_near,0.0948655339805825,-0.4889253496523752,tabred_weather__gap_maxdiff,0.2280292319342118,-0.8799831699534496,-0.3910578203010744,higher_shift_more_harmful,nonmonotonic,all_negative,tabred_weather__gap_near;tabred_weather__gap_far;tabred_weather__gap_maxdiff,0.094866;0.101202;0.228029,-0.488925;-0.428314;-0.879983,-0.00845590011;-0.0070467591;-0.0158054468,descriptive_exact_variant_no_ci_across_variants
tabicl,nearest_test_k10_filter_both,test_time_variant,M16_nearest_test_dist,tabred_delivery_eta,3,3,tabred_delivery_eta__gap_near,0.1571228260314691,-0.2435383913455545,tabred_delivery_eta__gap_maxdiff,0.2496496029927623,-0.0682121345250273,0.17532625682052722,higher_shift_more_helpful,nonmonotonic,mixed_or_tied,tabred_delivery_eta__gap_near;tabred_delivery_eta__gap_far;tabred_delivery_eta__gap_maxdiff,0.157123;0.237934;0.249650,-0.243538;0.210887;-0.068212,-0.00136548973;0.00118241657;-0.000374148629,descriptive_exact_variant_no_ci_across_variants
tabicl,nearest_test_k10_filter_both,test_time_variant,M16_nearest_test_dist,tabred_homesite,2,2,tabred_homesite__gap_near,0.0437974647176086,-12.122761011600732,tabred_homesite__gap_far,0.0830990647492541,-30.03379593794628,-17.91103492634555,higher_shift_more_harmful,not_assessed_two_windows,all_negative,tabred_homesite__gap_near;tabred_homesite__gap_far,0.043797;0.083099,-12.122761;-30.033796,-0.00739801654;-0.0373618144,descriptive_exact_variant_no_ci_across_variants
tabicl,nearest_test_k10_filter_both,test_time_variant,M16_nearest_test_dist,tabred_weather,3,3,tabred_weather__gap_near,0.0948655339805825,-0.7129909191088647,tabred_weather__gap_maxdiff,0.2280292319342118,0.5198853989649965,1.232876318073861,higher_shift_more_helpful,nonmonotonic,mixed_or_tied,tabred_weather__gap_near;tabred_weather__gap_far;tabred_weather__gap_maxdiff,0.094866;0.101202;0.228029,-0.712991;-0.805055;0.519885,-0.0123310849;-0.0132450225;0.00933770246,descriptive_exact_variant_no_ci_across_variants
tabicl,nearest_test_k5_both,test_time_variant,M16_nearest_test_dist,tabred_delivery_eta,3,3,tabred_delivery_eta__gap_near,0.1571228260314691,-0.2969276465488111,tabred_delivery_eta__gap_maxdiff,0.2496496029927623,-0.1247092654937213,0.1722183810550898,higher_shift_more_helpful,nonmonotonic,mixed_or_tied,tabred_delivery_eta__gap_near;tabred_delivery_eta__gap_far;tabred_delivery_eta__gap_maxdiff,0.157123;0.237934;0.249650,-0.296928;0.371034;-0.124709,-0.0016648367;0.0020803412;-0.000684039592,descriptive_exact_variant_no_ci_across_variants
tabicl,nearest_test_k5_both,test_time_variant,M16_nearest_test_dist,tabred_homesite,2,2,tabred_homesite__gap_near,0.0437974647176086,-12.786346059825268,tabred_homesite__gap_far,0.0830990647492541,-31.240310922629185,-18.453964862803915,higher_shift_more_harmful,not_assessed_two_windows,all_negative,tabred_homesite__gap_near;tabred_homesite__gap_far,0.043797;0.083099,-12.786346;-31.240311,-0.00780297488;-0.0388627099,descriptive_exact_variant_no_ci_across_variants
tabicl,nearest_test_k5_both,test_time_variant,M16_nearest_test_dist,tabred_weather,3,3,tabred_weather__gap_near,0.0948655339805825,-0.6039263246394585,tabred_weather__gap_maxdiff,0.2280292319342118,0.4259398954066976,1.0298662200461561,higher_shift_more_helpful,strictly_increasing,mixed_or_tied,tabred_weather__gap_near;tabred_weather__gap_far;tabred_weather__gap_maxdiff,0.094866;0.101202;0.228029,-0.603926;-0.130470;0.425940,-0.010444827;-0.00214652904;0.0076503399,descriptive_exact_variant_no_ci_across_variants
tabicl,nearest_test_rel_k10_both,test_time_variant,M16_nearest_test_dist,tabred_delivery_eta,3,3,tabred_delivery_eta__gap_near,0.1571228260314691,-0.5992362494998286,tabred_delivery_eta__gap_maxdiff,0.2496496029927623,0.0510967377176895,0.6503329872175181,higher_shift_more_helpful,nonmonotonic,mixed_or_tied,tabred_delivery_eta__gap_near;tabred_delivery_eta__gap_far;tabred_delivery_eta__gap_maxdiff,0.157123;0.237934;0.249650,-0.599236;0.396743;0.051097,-0.00335984376;0.00222448786;0.000280269405,descriptive_exact_variant_no_ci_across_variants
tabicl,nearest_test_rel_k10_both,test_time_variant,M16_nearest_test_dist,tabred_homesite,2,2,tabred_homesite__gap_near,0.0437974647176086,-15.14245077559027,tabred_homesite__gap_far,0.0830990647492541,-36.03758980452872,-20.895139028938452,higher_shift_more_harmful,not_assessed_two_windows,all_negative,tabred_homesite__gap_near;tabred_homesite__gap_far,0.043797;0.083099,-15.142451;-36.037590,-0.00924080754;-0.0448304885,descriptive_exact_variant_no_ci_across_variants
tabicl,nearest_test_rel_k10_both,test_time_variant,M16_nearest_test_dist,tabred_weather,3,3,tabred_weather__gap_near,0.0948655339805825,-0.2601614427009233,tabred_weather__gap_maxdiff,0.2280292319342118,0.7802164864653317,1.040377929166255,higher_shift_more_helpful,nonmonotonic,mixed_or_tied,tabred_weather__gap_near;tabred_weather__gap_far;tabred_weather__gap_maxdiff,0.094866;0.101202;0.228029,-0.260161;-0.969102;0.780216,-0.0044994582;-0.0159439602;0.0140135296,descriptive_exact_variant_no_ci_across_variants
tabicl,nearest_test_rel_k10_cumshift_both,test_time_variant,M16_nearest_test_dist,tabred_delivery_eta,3,3,tabred_delivery_eta__gap_near,0.1571228260314691,-0.2265900800937485,tabred_delivery_eta__gap_maxdiff,0.2496496029927623,-0.1992922601105788,0.027297819983169713,higher_shift_more_helpful,nonmonotonic,mixed_or_tied,tabred_delivery_eta__gap_near;tabred_delivery_eta__gap_far;tabred_delivery_eta__gap_maxdiff,0.157123;0.237934;0.249650,-0.226590;1.182468;-0.199292,-0.00127046264;0.00662995267;-0.00109313286,descriptive_exact_variant_no_ci_across_variants
tabicl,nearest_test_rel_k10_cumshift_both,test_time_variant,M16_nearest_test_dist,tabred_homesite,2,2,tabred_homesite__gap_near,0.0437974647176086,-17.362993910840704,tabred_homesite__gap_far,0.0830990647492541,-34.13542359392554,-16.772429683084834,higher_shift_more_harmful,not_assessed_two_windows,all_negative,tabred_homesite__gap_near;tabred_homesite__gap_far,0.043797;0.083099,-17.362994;-34.135424,-0.0105959126;-0.0424642081,descriptive_exact_variant_no_ci_across_variants
tabicl,nearest_test_rel_k10_cumshift_both,test_time_variant,M16_nearest_test_dist,tabred_weather,3,3,tabred_weather__gap_near,0.0948655339805825,-0.3958587359918121,tabred_weather__gap_maxdiff,0.2280292319342118,-0.6046532113642484,-0.20879447537243634,higher_shift_more_harmful,nonmonotonic,all_negative,tabred_weather__gap_near;tabred_weather__gap_far;tabred_weather__gap_maxdiff,0.094866;0.101202;0.228029,-0.395859;-1.149228;-0.604653,-0.00684632518;-0.0189074566;-0.0108602238,descriptive_exact_variant_no_ci_across_variants
tabicl,nearest_test_rel_k5_both,test_time_variant,M16_nearest_test_dist,tabred_delivery_eta,3,3,tabred_delivery_eta__gap_near,0.1571228260314691,-0.4241880291215774,tabred_delivery_eta__gap_maxdiff,0.2496496029927623,0.0196746512056021,0.44386268032717946,higher_shift_more_helpful,nonmonotonic,mixed_or_tied,tabred_delivery_eta__gap_near;tabred_delivery_eta__gap_far;tabred_delivery_eta__gap_maxdiff,0.157123;0.237934;0.249650,-0.424188;0.392484;0.019675,-0.00237836997;0.00220060758;0.000107916924,descriptive_exact_variant_no_ci_across_variants
tabicl,nearest_test_rel_k5_both,test_time_variant,M16_nearest_test_dist,tabred_homesite,2,2,tabred_homesite__gap_near,0.0437974647176086,-16.314502866794268,tabred_homesite__gap_far,0.0830990647492541,-33.93155777470105,-17.61705490790678,higher_shift_more_harmful,not_assessed_two_windows,all_negative,tabred_homesite__gap_near;tabred_homesite__gap_far,0.043797;0.083099,-16.314503;-33.931558,-0.00995606216;-0.0422106006,descriptive_exact_variant_no_ci_across_variants
tabicl,nearest_test_rel_k5_both,test_time_variant,M16_nearest_test_dist,tabred_weather,3,3,tabred_weather__gap_near,0.0948655339805825,-0.6970301922952725,tabred_weather__gap_maxdiff,0.2280292319342118,0.6008217427684182,1.2978519350636906,higher_shift_more_helpful,nonmonotonic,mixed_or_tied,tabred_weather__gap_near;tabred_weather__gap_far;tabred_weather__gap_maxdiff,0.094866;0.101202;0.228029,-0.697030;-0.819760;0.600822,-0.0120550462;-0.0134869489;0.0107914065,descriptive_exact_variant_no_ci_across_variants
tabicl,neighbor_consensus_k10_dist,test_time_variant,M19_neighbor_consensus,tabred_delivery_eta,3,3,tabred_delivery_eta__gap_near,0.1571228260314691,-0.4046076605450758,tabred_delivery_eta__gap_maxdiff,0.2496496029927623,-0.6826932253608963,-0.2780855648158205,higher_shift_more_harmful,nonmonotonic,mixed_or_tied,tabred_delivery_eta__gap_near;tabred_delivery_eta__gap_far;tabred_delivery_eta__gap_maxdiff,0.157123;0.237934;0.249650,-0.404608;1.587552;-0.682693,-0.00226858526;0.00890120467;-0.00374462309,descriptive_exact_variant_no_ci_across_variants
tabicl,neighbor_consensus_k10_dist,test_time_variant,M19_neighbor_consensus,tabred_homesite,2,2,tabred_homesite__gap_near,0.0437974647176086,22.59967109649278,tabred_homesite__gap_far,0.0830990647492541,4.157990558941083,-18.441680537551697,higher_shift_more_harmful,not_assessed_two_windows,all_positive,tabred_homesite__gap_near;tabred_homesite__gap_far,0.043797;0.083099,22.599671;4.157991,0.0137916388;0.00517250873,descriptive_exact_variant_no_ci_across_variants
tabicl,neighbor_consensus_k10_dist,test_time_variant,M19_neighbor_consensus,tabred_weather,3,3,tabred_weather__gap_near,0.0948655339805825,2.2328867418376444,tabred_weather__gap_maxdiff,0.2280292319342118,0.1286372197698104,-2.104249522067834,higher_shift_more_harmful,strictly_decreasing,all_positive,tabred_weather__gap_near;tabred_weather__gap_far;tabred_weather__gap_maxdiff,0.094866;0.101202;0.228029,2.232887;0.306302;0.128637,0.0386174848;0.00503938217;0.0023104632,descriptive_exact_variant_no_ci_across_variants
tabicl,neighbor_consensus_k10_dist_cumshift,test_time_variant,M19_neighbor_consensus,tabred_delivery_eta,3,3,tabred_delivery_eta__gap_near,0.1571228260314691,-0.5776540607664818,tabred_delivery_eta__gap_maxdiff,0.2496496029927623,-0.6791512919810173,-0.10149723121453547,higher_shift_more_harmful,nonmonotonic,mixed_or_tied,tabred_delivery_eta__gap_near;tabred_delivery_eta__gap_far;tabred_delivery_eta__gap_maxdiff,0.157123;0.237934;0.249650,-0.577654;0.959653;-0.679151,-0.00323883509;0.00538065437;-0.00372519532,descriptive_exact_variant_no_ci_across_variants
tabicl,neighbor_consensus_k10_dist_cumshift,test_time_variant,M19_neighbor_consensus,tabred_homesite,2,2,tabred_homesite__gap_near,0.0437974647176086,21.98319925329992,tabred_homesite__gap_far,0.0830990647492541,-3.045341066425345,-25.028540319725263,higher_shift_more_harmful,not_assessed_two_windows,mixed_or_tied,tabred_homesite__gap_near;tabred_homesite__gap_far,0.043797;0.083099,21.983199;-3.045341,0.0134154317;-0.00378838119,descriptive_exact_variant_no_ci_across_variants
tabicl,neighbor_consensus_k10_dist_cumshift,test_time_variant,M19_neighbor_consensus,tabred_weather,3,3,tabred_weather__gap_near,0.0948655339805825,2.90807389388135,tabred_weather__gap_maxdiff,0.2280292319342118,0.1847527177715426,-2.7233211761098075,higher_shift_more_harmful,strictly_decreasing,all_positive,tabred_weather__gap_near;tabred_weather__gap_far;tabred_weather__gap_maxdiff,0.094866;0.101202;0.228029,2.908074;0.517795;0.184753,0.0502947585;0.00851892578;0.00331835807,descriptive_exact_variant_no_ci_across_variants
tabicl,neighbor_consensus_k10_uniform,test_time_variant,M19_neighbor_consensus,tabred_delivery_eta,3,3,tabred_delivery_eta__gap_near,0.1571228260314691,-0.3865911038658327,tabred_delivery_eta__gap_maxdiff,0.2496496029927623,-0.6475536998979102,-0.26096259603207755,higher_shift_more_harmful,nonmonotonic,mixed_or_tied,tabred_delivery_eta__gap_near;tabred_delivery_eta__gap_far;tabred_delivery_eta__gap_maxdiff,0.157123;0.237934;0.249650,-0.386591;1.559553;-0.647554,-0.00216756865;0.00874421813;-0.00355188018,descriptive_exact_variant_no_ci_across_variants
tabicl,neighbor_consensus_k10_uniform,test_time_variant,M19_neighbor_consensus,tabred_homesite,2,2,tabred_homesite__gap_near,0.0437974647176086,22.64589537312776,tabred_homesite__gap_far,0.0830990647492541,5.117359119997412,-17.528536253130348,higher_shift_more_harmful,not_assessed_two_windows,all_positive,tabred_homesite__gap_near;tabred_homesite__gap_far,0.043797;0.083099,22.645895;5.117359,0.0138198475;0.00636595594,descriptive_exact_variant_no_ci_across_variants
tabicl,neighbor_consensus_k10_uniform,test_time_variant,M19_neighbor_consensus,tabred_weather,3,3,tabred_weather__gap_near,0.0948655339805825,2.238377881901566,tabred_weather__gap_maxdiff,0.2280292319342118,0.2463265610021963,-1.9920513208993695,higher_shift_more_harmful,strictly_decreasing,all_positive,tabred_weather__gap_near;tabred_weather__gap_far;tabred_weather__gap_maxdiff,0.094866;0.101202;0.228029,2.238378;0.354789;0.246327,0.0387124533;0.00583709483;0.0044242907,descriptive_exact_variant_no_ci_across_variants
tabicl,neighbor_consensus_k20_dist,test_time_variant,M19_neighbor_consensus,tabred_delivery_eta,3,3,tabred_delivery_eta__gap_near,0.1571228260314691,-0.3563721184974809,tabred_delivery_eta__gap_maxdiff,0.2496496029927623,-1.0021943334066683,-0.6458222149091875,higher_shift_more_harmful,nonmonotonic,mixed_or_tied,tabred_delivery_eta__gap_near;tabred_delivery_eta__gap_far;tabred_delivery_eta__gap_maxdiff,0.157123;0.237934;0.249650,-0.356372;1.916009;-1.002194,-0.00199813452;0.0107428264;-0.00549711042,descriptive_exact_variant_no_ci_across_variants
tabicl,neighbor_consensus_k20_dist,test_time_variant,M19_neighbor_consensus,tabred_homesite,2,2,tabred_homesite__gap_near,0.0437974647176086,22.2641006266944,tabred_homesite__gap_far,0.0830990647492541,9.76735312394391,-12.496747502750491,higher_shift_more_harmful,not_assessed_two_windows,all_positive,tabred_homesite__gap_near;tabred_homesite__gap_far,0.043797;0.083099,22.264101;9.767353,0.0135868541;0.0121505132,descriptive_exact_variant_no_ci_across_variants
tabicl,neighbor_consensus_k20_dist,test_time_variant,M19_neighbor_consensus,tabred_weather,3,3,tabred_weather__gap_near,0.0948655339805825,2.295831174808418,tabred_weather__gap_maxdiff,0.2280292319342118,0.6939540393701998,-1.6018771354382184,higher_shift_more_harmful,nonmonotonic,all_positive,tabred_weather__gap_near;tabred_weather__gap_far;tabred_weather__gap_maxdiff,0.094866;0.101202;0.228029,2.295831;0.374034;0.693954,0.0397061005;0.00615372852;0.012464163,descriptive_exact_variant_no_ci_across_variants
tabicl,neighbor_consensus_k5_dist,test_time_variant,M19_neighbor_consensus,tabred_delivery_eta,3,3,tabred_delivery_eta__gap_near,0.1571228260314691,-0.5906463391691725,tabred_delivery_eta__gap_maxdiff,0.2496496029927623,-0.5653791077091438,0.02526723146002874,higher_shift_more_helpful,nonmonotonic,mixed_or_tied,tabred_delivery_eta__gap_near;tabred_delivery_eta__gap_far;tabred_delivery_eta__gap_maxdiff,0.157123;0.237934;0.249650,-0.590646;1.457434;-0.565379,-0.00331168119;0.00817165244;-0.00310114644,descriptive_exact_variant_no_ci_across_variants
tabicl,neighbor_consensus_k5_dist,test_time_variant,M19_neighbor_consensus,tabred_homesite,2,2,tabred_homesite__gap_near,0.0437974647176086,22.8772389883994,tabred_homesite__gap_far,0.0830990647492541,2.8349340979209003,-20.0423048904785,higher_shift_more_harmful,not_assessed_two_windows,all_positive,tabred_homesite__gap_near;tabred_homesite__gap_far,0.043797;0.083099,22.877239;2.834934,0.0139610269;0.00352663652,descriptive_exact_variant_no_ci_across_variants
tabicl,neighbor_consensus_k5_dist,test_time_variant,M19_neighbor_consensus,tabred_weather,3,3,tabred_weather__gap_near,0.0948655339805825,2.504768963228832,tabred_weather__gap_maxdiff,0.2280292319342118,0.3199524976189587,-2.1848164656098734,higher_shift_more_harmful,nonmonotonic,all_positive,tabred_weather__gap_near;tabred_weather__gap_far;tabred_weather__gap_maxdiff,0.094866;0.101202;0.228029,2.504769;0.150142;0.319952,0.0433196523;0.00247019068;0.00574669193,descriptive_exact_variant_no_ci_across_variants
tabicl,neighbor_consensus_k5_dist_cumshift,test_time_variant,M19_neighbor_consensus,tabred_delivery_eta,3,3,tabred_delivery_eta__gap_near,0.1571228260314691,-0.7269523209221604,tabred_delivery_eta__gap_maxdiff,0.2496496029927623,-0.6228867110154439,0.10406560990671654,higher_shift_more_helpful,nonmonotonic,mixed_or_tied,tabred_delivery_eta__gap_near;tabred_delivery_eta__gap_far;tabred_delivery_eta__gap_maxdiff,0.157123;0.237934;0.249650,-0.726952;0.892524;-0.622887,-0.00407593202;0.00500427267;-0.00341657991,descriptive_exact_variant_no_ci_across_variants
tabicl,neighbor_consensus_k5_dist_cumshift,test_time_variant,M19_neighbor_consensus,tabred_homesite,2,2,tabred_homesite__gap_near,0.0437974647176086,19.769767545224184,tabred_homesite__gap_far,0.0830990647492541,-1.443631646080242,-21.213399191304426,higher_shift_more_harmful,not_assessed_two_windows,mixed_or_tied,tabred_homesite__gap_near;tabred_homesite__gap_far,0.043797;0.083099,19.769768;-1.443632,0.0120646664;-0.00179586682,descriptive_exact_variant_no_ci_across_variants
tabicl,neighbor_consensus_k5_dist_cumshift,test_time_variant,M19_neighbor_consensus,tabred_weather,3,3,tabred_weather__gap_near,0.0948655339805825,2.8038021914344218,tabred_weather__gap_maxdiff,0.2280292319342118,0.2264211699595326,-2.5773810214748893,higher_shift_more_harmful,strictly_decreasing,all_positive,tabred_weather__gap_near;tabred_weather__gap_far;tabred_weather__gap_maxdiff,0.094866;0.101202;0.228029,2.803802;0.377752;0.226421,0.048491393;0.00621489517;0.00406676841,descriptive_exact_variant_no_ci_across_variants
tabicl,ot_disp_v2_selective,test_time_variant,M9_ot_displacement,tabred_delivery_eta,3,3,tabred_delivery_eta__gap_near,0.1571228260314691,-2.3293879057235736,tabred_delivery_eta__gap_maxdiff,0.2496496029927623,-3.0588034399736146,-0.729415534250041,higher_shift_more_harmful,nonmonotonic,mixed_or_tied,tabred_delivery_eta__gap_near;tabred_delivery_eta__gap_far;tabred_delivery_eta__gap_maxdiff,0.157123;0.237934;0.249650,-2.329388;0.491542;-3.058803,-0.0130605907;0.002756015;-0.0167777643,descriptive_exact_variant_no_ci_across_variants
tabicl,ot_disp_v2_selective,test_time_variant,M9_ot_displacement,tabred_homesite,2,2,tabred_homesite__gap_near,0.0437974647176086,-14.2328547935468,tabred_homesite__gap_far,0.0830990647492541,-26.23851210657712,-12.00565731303032,higher_shift_more_harmful,not_assessed_two_windows,all_negative,tabred_homesite__gap_near;tabred_homesite__gap_far,0.043797;0.083099,-14.232855;-26.238512,-0.00868571897;-0.0326405101,descriptive_exact_variant_no_ci_across_variants
tabicl,ot_disp_v2_selective,test_time_variant,M9_ot_displacement,tabred_weather,3,3,tabred_weather__gap_near,0.0948655339805825,-18.97455488836228,tabred_weather__gap_maxdiff,0.2280292319342118,-15.461506877979268,3.513048010383013,higher_shift_more_helpful,nonmonotonic,all_negative,tabred_weather__gap_near;tabred_weather__gap_far;tabred_weather__gap_maxdiff,0.094866;0.101202;0.228029,-18.974555;-109.933712;-15.461507,-0.32816245;-1.80866364;-0.277705339,descriptive_exact_variant_no_ci_across_variants
tabicl,ot_disp_v2_selective_abs,test_time_variant,M9_ot_displacement,tabred_delivery_eta,3,3,tabred_delivery_eta__gap_near,0.1571228260314691,-0.4345667196482387,tabred_delivery_eta__gap_maxdiff,0.2496496029927623,-3.131672772419751,-2.6971060527715123,higher_shift_more_harmful,nonmonotonic,mixed_or_tied,tabred_delivery_eta__gap_near;tabred_delivery_eta__gap_far;tabred_delivery_eta__gap_maxdiff,0.157123;0.237934;0.249650,-0.434567;1.709971;-3.131673,-0.00243656201;0.00958759344;-0.017177458,descriptive_exact_variant_no_ci_across_variants
tabicl,ot_disp_v2_selective_abs,test_time_variant,M9_ot_displacement,tabred_homesite,2,2,tabred_homesite__gap_near,0.0437974647176086,0.2177874572198257,tabred_homesite__gap_far,0.0830990647492541,-14.922541890610187,-15.140329347830013,higher_shift_more_harmful,not_assessed_two_windows,mixed_or_tied,tabred_homesite__gap_near;tabred_homesite__gap_far,0.043797;0.083099,0.217787;-14.922542,0.000132906622;-0.018563529,descriptive_exact_variant_no_ci_across_variants
tabicl,ot_disp_v2_selective_abs,test_time_variant,M9_ot_displacement,tabred_weather,3,3,tabred_weather__gap_near,0.0948655339805825,-2.466841840826873,tabred_weather__gap_maxdiff,0.2280292319342118,-1.1490072227733483,1.3178346180535248,higher_shift_more_helpful,nonmonotonic,all_negative,tabred_weather__gap_near;tabred_weather__gap_far;tabred_weather__gap_maxdiff,0.094866;0.101202;0.228029,-2.466842;-3.263256;-1.149007,-0.0426637077;-0.0536881097;-0.0206374089,descriptive_exact_variant_no_ci_across_variants
tabicl,ot_disp_v2_selective_and_summary,test_time_variant,M9_ot_displacement,tabred_delivery_eta,3,3,tabred_delivery_eta__gap_near,0.1571228260314691,-2.843320946231767,tabred_delivery_eta__gap_maxdiff,0.2496496029927623,-3.002016318703012,-0.1586953724712452,higher_shift_more_harmful,nonmonotonic,all_negative,tabred_delivery_eta__gap_near;tabred_delivery_eta__gap_far;tabred_delivery_eta__gap_maxdiff,0.157123;0.237934;0.249650,-2.843321;-0.000763;-3.002016,-0.0159421499;-4.27881401e-06;-0.0164662827,descriptive_exact_variant_no_ci_across_variants
tabicl,ot_disp_v2_selective_and_summary,test_time_variant,M9_ot_displacement,tabred_homesite,2,2,tabred_homesite__gap_near,0.0437974647176086,-24.862882794791027,tabred_homesite__gap_far,0.0830990647492541,-21.59473219444652,3.268150600344505,higher_shift_more_helpful,not_assessed_two_windows,all_negative,tabred_homesite__gap_near;tabred_homesite__gap_far,0.043797;0.083099,-24.862883;-21.594732,-0.0151727827;-0.0268636831,descriptive_exact_variant_no_ci_across_variants
tabicl,ot_disp_v2_selective_and_summary,test_time_variant,M9_ot_displacement,tabred_weather,3,3,tabred_weather__gap_near,0.0948655339805825,-18.25051249036376,tabred_weather__gap_maxdiff,0.2280292319342118,-10.032741232185217,8.217771258178544,higher_shift_more_helpful,nonmonotonic,all_negative,tabred_weather__gap_near;tabred_weather__gap_far;tabred_weather__gap_maxdiff,0.094866;0.101202;0.228029,-18.250512;-99.693708;-10.032741,-0.315640232;-1.6401919;-0.180198853,descriptive_exact_variant_no_ci_across_variants
tabicl,ot_disp_v2_selective_and_summary_abs,test_time_variant,M9_ot_displacement,tabred_delivery_eta,3,3,tabred_delivery_eta__gap_near,0.1571228260314691,-0.6180862464576687,tabred_delivery_eta__gap_maxdiff,0.2496496029927623,-2.8897536714485583,-2.2716674249908895,higher_shift_more_harmful,nonmonotonic,mixed_or_tied,tabred_delivery_eta__gap_near;tabred_delivery_eta__gap_far;tabred_delivery_eta__gap_maxdiff,0.157123;0.237934;0.249650,-0.618086;0.868843;-2.889754,-0.00346553337;0.00487149607;-0.0158505137,descriptive_exact_variant_no_ci_across_variants
tabicl,ot_disp_v2_selective_and_summary_abs,test_time_variant,M9_ot_displacement,tabred_homesite,2,2,tabred_homesite__gap_near,0.0437974647176086,-13.322814347304528,tabred_homesite__gap_far,0.0830990647492541,0.8420639506361155,14.164878297940643,higher_shift_more_helpful,not_assessed_two_windows,mixed_or_tied,tabred_homesite__gap_near;tabred_homesite__gap_far,0.043797;0.083099,-13.322814;0.842064,-0.00813035915;0.00104752117,descriptive_exact_variant_no_ci_across_variants
tabicl,ot_disp_v2_selective_and_summary_abs,test_time_variant,M9_ot_displacement,tabred_weather,3,3,tabred_weather__gap_near,0.0948655339805825,-1.5234763163176372,tabred_weather__gap_maxdiff,0.2280292319342118,-2.773003923369896,-1.249527607052259,higher_shift_more_harmful,strictly_decreasing,all_negative,tabred_weather__gap_near;tabred_weather__gap_far;tabred_weather__gap_maxdiff,0.094866;0.101202;0.228029,-1.523476;-2.199602;-2.773004,-0.0263483241;-0.0361885298;-0.0498061411,descriptive_exact_variant_no_ci_across_variants
tabicl,ot_disp_v2_selective_and_summary_top10,test_time_variant,M9_ot_displacement,tabred_delivery_eta,3,3,tabred_delivery_eta__gap_near,0.1571228260314691,-1.7006454631075942,tabred_delivery_eta__gap_maxdiff,0.2496496029927623,-1.308911368273097,0.39173409483449717,higher_shift_more_helpful,nonmonotonic,all_negative,tabred_delivery_eta__gap_near;tabred_delivery_eta__gap_far;tabred_delivery_eta__gap_maxdiff,0.157123;0.237934;0.249650,-1.700645;-0.531576;-1.308911,-0.0095353094;-0.00298048244;-0.00717947616,descriptive_exact_variant_no_ci_across_variants
tabicl,ot_disp_v2_selective_and_summary_top10,test_time_variant,M9_ot_displacement,tabred_homesite,2,2,tabred_homesite__gap_near,0.0437974647176086,-3.540157340326731,tabred_homesite__gap_far,0.0830990647492541,-8.868054117108397,-5.327896776781666,higher_shift_more_harmful,not_assessed_two_windows,all_negative,tabred_homesite__gap_near;tabred_homesite__gap_far,0.043797;0.083099,-3.540157;-8.868054,-0.0021604107;-0.0110317921,descriptive_exact_variant_no_ci_across_variants
tabicl,ot_disp_v2_selective_and_summary_top10,test_time_variant,M9_ot_displacement,tabred_weather,3,3,tabred_weather__gap_near,0.0948655339805825,-0.5239473305999343,tabred_weather__gap_maxdiff,0.2280292319342118,0.0667772104379125,0.5907245410378468,higher_shift_more_helpful,nonmonotonic,mixed_or_tied,tabred_weather__gap_near;tabred_weather__gap_far;tabred_weather__gap_maxdiff,0.094866;0.101202;0.228029,-0.523947;-4.607744;0.066777,-0.0090616007;-0.0758080459;0.00119939072,descriptive_exact_variant_no_ci_across_variants
tabicl,ot_disp_v2_selective_top10,test_time_variant,M9_ot_displacement,tabred_delivery_eta,3,3,tabred_delivery_eta__gap_near,0.1571228260314691,-2.021232181071833,tabred_delivery_eta__gap_maxdiff,0.2496496029927623,-2.114312375013602,-0.09308019394176892,higher_shift_more_harmful,nonmonotonic,all_negative,tabred_delivery_eta__gap_near;tabred_delivery_eta__gap_far;tabred_delivery_eta__gap_maxdiff,0.157123;0.237934;0.249650,-2.021232;-3.703150;-2.114312,-0.0113327996;-0.0207631031;-0.0115971606,descriptive_exact_variant_no_ci_across_variants
tabicl,ot_disp_v2_selective_top10,test_time_variant,M9_ot_displacement,tabred_homesite,2,2,tabred_homesite__gap_near,0.0437974647176086,-4.488643939730987,tabred_homesite__gap_far,0.0830990647492541,-4.587853085787287,-0.0992091460562996,higher_shift_more_harmful,not_assessed_two_windows,all_negative,tabred_homesite__gap_near;tabred_homesite__gap_far,0.043797;0.083099,-4.488644;-4.587853,-0.0027392326;-0.00570725445,descriptive_exact_variant_no_ci_across_variants
tabicl,ot_disp_v2_selective_top10,test_time_variant,M9_ot_displacement,tabred_weather,3,3,tabred_weather__gap_near,0.0948655339805825,0.3107208045458056,tabred_weather__gap_maxdiff,0.2280292319342118,-0.41432656474456,-0.7250473692903656,higher_shift_more_harmful,nonmonotonic,mixed_or_tied,tabred_weather__gap_near;tabred_weather__gap_far;tabred_weather__gap_maxdiff,0.094866;0.101202;0.228029,0.310721;-4.551470;-0.414327,0.00537387576;-0.0748821969;-0.00744175195,descriptive_exact_variant_no_ci_across_variants
tabicl,ot_disp_v2_summary_only,test_time_variant,M9_ot_displacement,tabred_delivery_eta,3,3,tabred_delivery_eta__gap_near,0.1571228260314691,-0.0722351707146773,tabred_delivery_eta__gap_maxdiff,0.2496496029927623,-1.4307564385275222,-1.3585212678128449,higher_shift_more_harmful,strictly_decreasing,all_negative,tabred_delivery_eta__gap_near;tabred_delivery_eta__gap_far;tabred_delivery_eta__gap_maxdiff,0.157123;0.237934;0.249650,-0.072235;-1.278420;-1.430756,-0.000405013695;-0.00716794422;-0.00784780543,descriptive_exact_variant_no_ci_across_variants
tabicl,ot_disp_v2_summary_only,test_time_variant,M9_ot_displacement,tabred_homesite,2,2,tabred_homesite__gap_near,0.0437974647176086,-2.8345704253526844,tabred_homesite__gap_far,0.0830990647492541,-22.11322729403548,-19.278656868682795,higher_shift_more_harmful,not_assessed_two_windows,all_negative,tabred_homesite__gap_near;tabred_homesite__gap_far,0.043797;0.083099,-2.834570;-22.113227,-0.00172982037;-0.0275086871,descriptive_exact_variant_no_ci_across_variants
tabicl,ot_disp_v2_summary_only,test_time_variant,M9_ot_displacement,tabred_weather,3,3,tabred_weather__gap_near,0.0948655339805825,-1.358957380601452,tabred_weather__gap_maxdiff,0.2280292319342118,0.1801103897060616,1.5390677703075137,higher_shift_more_helpful,strictly_increasing,mixed_or_tied,tabred_weather__gap_near;tabred_weather__gap_far;tabred_weather__gap_maxdiff,0.094866;0.101202;0.228029,-1.358957;-0.262149;0.180110,-0.0235029905;-0.00431295712;0.00323497685,descriptive_exact_variant_no_ci_across_variants
tabicl,ot_displacement_mag,test_time_variant,M9_ot_displacement,tabred_delivery_eta,3,3,tabred_delivery_eta__gap_near,0.1571228260314691,-2.1105930926169223,tabred_delivery_eta__gap_maxdiff,0.2496496029927623,-11.517304666293231,-9.40671157367631,higher_shift_more_harmful,strictly_decreasing,all_negative,tabred_delivery_eta__gap_near;tabred_delivery_eta__gap_far;tabred_delivery_eta__gap_maxdiff,0.157123;0.237934;0.249650,-2.110593;-4.519616;-11.517305,-0.0118338352;-0.0253409237;-0.0631732723,descriptive_exact_variant_no_ci_across_variants
tabicl,ot_displacement_mag,test_time_variant,M9_ot_displacement,tabred_homesite,2,2,tabred_homesite__gap_near,0.0437974647176086,-36.35939375083392,tabred_homesite__gap_far,0.0830990647492541,-20.41176534717156,15.947628403662357,higher_shift_more_helpful,not_assessed_two_windows,all_negative,tabred_homesite__gap_near;tabred_homesite__gap_far,0.043797;0.083099,-36.359394;-20.411765,-0.0221886249;-0.0253920813,descriptive_exact_variant_no_ci_across_variants
tabicl,ot_displacement_mag,test_time_variant,M9_ot_displacement,tabred_weather,3,3,tabred_weather__gap_near,0.0948655339805825,-19.13610750313197,tabred_weather__gap_maxdiff,0.2280292319342118,-14.70800376226318,4.42810374086879,higher_shift_more_helpful,nonmonotonic,all_negative,tabred_weather__gap_near;tabred_weather__gap_far;tabred_weather__gap_maxdiff,0.094866;0.101202;0.228029,-19.136108;-80.672924;-14.708004,-0.330956482;-1.32725605;-0.26417161,descriptive_exact_variant_no_ci_across_variants
tabicl,ot_displacement_no_mag,test_time_variant,M9_ot_displacement,tabred_delivery_eta,3,3,tabred_delivery_eta__gap_near,0.1571228260314691,-2.276216136181565,tabred_delivery_eta__gap_maxdiff,0.2496496029927623,-12.582994542318415,-10.30677840613685,higher_shift_more_harmful,strictly_decreasing,all_negative,tabred_delivery_eta__gap_near;tabred_delivery_eta__gap_far;tabred_delivery_eta__gap_maxdiff,0.157123;0.237934;0.249650,-2.276216;-3.720161;-12.582995,-0.0127624632;-0.020858481;-0.0690186605,descriptive_exact_variant_no_ci_across_variants
tabicl,ot_displacement_no_mag,test_time_variant,M9_ot_displacement,tabred_homesite,2,2,tabred_homesite__gap_near,0.0437974647176086,-18.34748211031597,tabred_homesite__gap_far,0.0830990647492541,-36.06277322925645,-17.71529111894048,higher_shift_more_harmful,not_assessed_two_windows,all_negative,tabred_homesite__gap_near;tabred_homesite__gap_far,0.043797;0.083099,-18.347482;-36.062773,-0.0111967048;-0.0448618164,descriptive_exact_variant_no_ci_across_variants
tabicl,ot_displacement_no_mag,test_time_variant,M9_ot_displacement,tabred_weather,3,3,tabred_weather__gap_near,0.0948655339805825,-13.924737434190176,tabred_weather__gap_maxdiff,0.2280292319342118,-13.971593622871048,-0.046856188680871824,higher_shift_more_harmful,nonmonotonic,all_negative,tabred_weather__gap_near;tabred_weather__gap_far;tabred_weather__gap_maxdiff,0.094866;0.101202;0.228029,-13.924737;-78.119262;-13.971594,-0.240826517;-1.28524241;-0.25094489,descriptive_exact_variant_no_ci_across_variants
tabicl,pca_train_only_10,train_only_version,baselines,tabred_delivery_eta,3,3,tabred_delivery_eta__gap_near,0.1571228260314691,-0.6533786814850596,tabred_delivery_eta__gap_maxdiff,0.2496496029927623,-0.2956195870216378,0.3577590944634218,higher_shift_more_helpful,nonmonotonic,all_negative,tabred_delivery_eta__gap_near;tabred_delivery_eta__gap_far;tabred_delivery_eta__gap_maxdiff,0.157123;0.237934;0.249650,-0.653379;-5.558459;-0.295620,-0.0036634137;-0.031165586;-0.00162149541,descriptive_exact_variant_no_ci_across_variants
tabicl,pca_train_only_10,train_only_version,baselines,tabred_homesite,2,2,tabred_homesite__gap_near,0.0437974647176086,7.25298902173396,tabred_homesite__gap_far,0.0830990647492541,14.35564228634971,7.10265326461575,higher_shift_more_helpful,not_assessed_two_windows,all_positive,tabred_homesite__gap_near;tabred_homesite__gap_far,0.043797;0.083099,7.252989;14.355642,0.00442619736;0.0178583101,descriptive_exact_variant_no_ci_across_variants
tabicl,pca_train_only_10,train_only_version,baselines,tabred_weather,3,3,tabred_weather__gap_near,0.0948655339805825,1.2158545305227952,tabred_weather__gap_maxdiff,0.2280292319342118,-0.3941065261031063,-1.6099610566259015,higher_shift_more_harmful,nonmonotonic,mixed_or_tied,tabred_weather__gap_near;tabred_weather__gap_far;tabred_weather__gap_maxdiff,0.094866;0.101202;0.228029,1.215855;-1.737007;-0.394107,0.0210280454;-0.0285777749;-0.00707857825,descriptive_exact_variant_no_ci_across_variants
tabicl,pca_train_only_5,train_only_version,baselines,tabred_delivery_eta,3,3,tabred_delivery_eta__gap_near,0.1571228260314691,-0.4008591989200853,tabred_delivery_eta__gap_maxdiff,0.2496496029927623,-0.2452812443560615,0.15557795456402382,higher_shift_more_helpful,nonmonotonic,all_negative,tabred_delivery_eta__gap_near;tabred_delivery_eta__gap_far;tabred_delivery_eta__gap_maxdiff,0.157123;0.237934;0.249650,-0.400859;-1.854162;-0.245281,-0.0022475681;-0.0103960563;-0.00134538586,descriptive_exact_variant_no_ci_across_variants
tabicl,pca_train_only_5,train_only_version,baselines,tabred_homesite,2,2,tabred_homesite__gap_near,0.0437974647176086,-2.811236054935885,tabred_homesite__gap_far,0.0830990647492541,-18.40853838019329,-15.597302325257404,higher_shift_more_harmful,not_assessed_two_windows,all_negative,tabred_homesite__gap_near;tabred_homesite__gap_far,0.043797;0.083099,-2.811236;-18.408538,-0.00171558037;-0.0229000822,descriptive_exact_variant_no_ci_across_variants
tabicl,pca_train_only_5,train_only_version,baselines,tabred_weather,3,3,tabred_weather__gap_near,0.0948655339805825,0.7868952029375396,tabred_weather__gap_maxdiff,0.2280292319342118,-0.6603947155547512,-1.4472899184922907,higher_shift_more_harmful,strictly_decreasing,mixed_or_tied,tabred_weather__gap_near;tabred_weather__gap_far;tabred_weather__gap_maxdiff,0.094866;0.101202;0.228029,0.786895;0.273887;-0.660395,0.0136092498;0.00450606967;-0.0118614013,descriptive_exact_variant_no_ci_across_variants
tabicl,pca_train_only_var90,train_only_version,baselines,tabred_delivery_eta,3,3,tabred_delivery_eta__gap_near,0.1571228260314691,-0.1001533914591069,tabred_delivery_eta__gap_maxdiff,0.2496496029927623,0.1645848822359563,0.2647382736950632,higher_shift_more_helpful,nonmonotonic,mixed_or_tied,tabred_delivery_eta__gap_near;tabred_delivery_eta__gap_far;tabred_delivery_eta__gap_maxdiff,0.157123;0.237934;0.249650,-0.100153;-1.167463;0.164585,-0.000561547716;-0.00654582023;0.000902760314,descriptive_exact_variant_no_ci_across_variants
tabicl,pca_train_only_var90,train_only_version,baselines,tabred_homesite,2,2,tabred_homesite__gap_near,0.0437974647176086,8.041246277612435,tabred_homesite__gap_far,0.0830990647492541,-29.58976092099387,-37.631007198606305,higher_shift_more_harmful,not_assessed_two_windows,mixed_or_tied,tabred_homesite__gap_near;tabred_homesite__gap_far,0.043797;0.083099,8.041246;-29.589761,0.00490723796;-0.0368094382,descriptive_exact_variant_no_ci_across_variants
tabicl,pca_train_only_var90,train_only_version,baselines,tabred_weather,3,3,tabred_weather__gap_near,0.0948655339805825,-1.084742389116931,tabred_weather__gap_maxdiff,0.2280292319342118,-1.0935278221870144,-0.008785433070083393,higher_shift_more_harmful,nonmonotonic,all_negative,tabred_weather__gap_near;tabred_weather__gap_far;tabred_weather__gap_maxdiff,0.094866;0.101202;0.228029,-1.084742;-1.147861;-1.093528,-0.0187604781;-0.0188849633;-0.0196409391,descriptive_exact_variant_no_ci_across_variants
tabicl,pca_train_only_var95,train_only_version,baselines,tabred_delivery_eta,3,3,tabred_delivery_eta__gap_near,0.1571228260314691,-0.1224018816326016,tabred_delivery_eta__gap_maxdiff,0.2496496029927623,-0.9335044055918472,-0.8111025239592456,higher_shift_more_harmful,nonmonotonic,mixed_or_tied,tabred_delivery_eta__gap_near;tabred_delivery_eta__gap_far;tabred_delivery_eta__gap_maxdiff,0.157123;0.237934;0.249650,-0.122402;0.247264;-0.933504,-0.000686292257;0.00138638072;-0.00512034106,descriptive_exact_variant_no_ci_across_variants
tabicl,pca_train_only_var95,train_only_version,baselines,tabred_homesite,2,2,tabred_homesite__gap_near,0.0437974647176086,-2.2925463353931823,tabred_homesite__gap_far,0.0830990647492541,-64.43631646080225,-62.14377012540906,higher_shift_more_harmful,not_assessed_two_windows,all_negative,tabred_homesite__gap_near;tabred_homesite__gap_far,0.043797;0.083099,-2.292546;-64.436316,-0.00139904562;-0.0801582891,descriptive_exact_variant_no_ci_across_variants
tabicl,pca_train_only_var95,train_only_version,baselines,tabred_weather,3,3,tabred_weather__gap_near,0.0948655339805825,0.9178568989030648,tabred_weather__gap_maxdiff,0.2280292319342118,-0.8643151810930757,-1.7821720799961405,higher_shift_more_harmful,nonmonotonic,mixed_or_tied,tabred_weather__gap_near;tabred_weather__gap_far;tabred_weather__gap_maxdiff,0.094866;0.101202;0.228029,0.917857;-2.752729;-0.864315,0.0158742153;-0.0452887596;-0.0155240328,descriptive_exact_variant_no_ci_across_variants
tabicl,pseudo_label_lgbm_conf80_iter5,test_time_variant,M7_pseudo_label,tabred_homesite,2,2,tabred_homesite__gap_near,0.0437974647176086,16.953197919907186,tabred_homesite__gap_far,0.0830990647492541,39.59030601676714,22.63710809685995,higher_shift_more_helpful,not_assessed_two_windows,all_positive,tabred_homesite__gap_near;tabred_homesite__gap_far,0.043797;0.083099,16.953198;39.590306,0.0103458312;0.0492500405,descriptive_exact_variant_no_ci_across_variants
tabicl,pseudo_label_lgbm_conf90_iter1,test_time_variant,M7_pseudo_label,tabred_homesite,2,2,tabred_homesite__gap_near,0.0437974647176086,16.64118405262437,tabred_homesite__gap_far,0.0830990647492541,24.82671405365911,8.185530001034738,higher_shift_more_helpful,not_assessed_two_windows,all_positive,tabred_homesite__gap_near;tabred_homesite__gap_far,0.043797;0.083099,16.641184;24.826714,0.0101554221;0.030884244,descriptive_exact_variant_no_ci_across_variants
tabicl,pseudo_label_lgbm_conf90_iter3,test_time_variant,M7_pseudo_label,tabred_homesite,2,2,tabred_homesite__gap_near,0.0437974647176086,-15.938930619138906,tabred_homesite__gap_far,0.0830990647492541,32.49795589084995,48.43688650998886,higher_shift_more_helpful,not_assessed_two_windows,mixed_or_tied,tabred_homesite__gap_near;tabred_homesite__gap_far,0.043797;0.083099,-15.938931;32.497956,-0.00972686604;0.0404272107,descriptive_exact_variant_no_ci_across_variants
tabicl,pseudo_label_lgbm_conf95_iter3,test_time_variant,M7_pseudo_label,tabred_homesite,2,2,tabred_homesite__gap_near,0.0437974647176086,-80.15200675585635,tabred_homesite__gap_far,0.0830990647492541,-4.054422362009095,76.09758439384726,higher_shift_more_helpful,not_assessed_two_windows,all_negative,tabred_homesite__gap_near;tabred_homesite__gap_far,0.043797;0.083099,-80.152007;-4.054422,-0.0489134341;-0.00504367067,descriptive_exact_variant_no_ci_across_variants
tabicl,pseudo_label_v2_cal_iso_wfixed_conf90,test_time_variant,M7_pseudo_label,tabred_homesite,2,2,tabred_homesite__gap_near,0.0437974647176086,-67.23009911551651,tabred_homesite__gap_far,0.0830990647492541,2.3602646985075344,69.59036381402404,higher_shift_more_helpful,not_assessed_two_windows,mixed_or_tied,tabred_homesite__gap_near;tabred_homesite__gap_far,0.043797;0.083099,-67.230099;2.360265,-0.0410277316;0.00293615139,descriptive_exact_variant_no_ci_across_variants
tabicl,pseudo_label_v2_cal_iso_wprop_conf85,test_time_variant,M7_pseudo_label,tabred_homesite,2,2,tabred_homesite__gap_near,0.0437974647176086,-89.8675496688748,tabred_homesite__gap_far,0.0830990647492541,10.358782038004076,100.22633170687888,higher_shift_more_helpful,not_assessed_two_windows,mixed_or_tied,tabred_homesite__gap_near;tabred_homesite__gap_far,0.043797;0.083099,-89.867550;10.358782,-0.0548424256;0.0128862463,descriptive_exact_variant_no_ci_across_variants
tabicl,pseudo_label_v2_cal_iso_wprop_conf90,test_time_variant,M7_pseudo_label,tabred_homesite,2,2,tabred_homesite__gap_near,0.0437974647176086,-67.23009911551651,tabred_homesite__gap_far,0.0830990647492541,2.3593925452701474,69.58949166078666,higher_shift_more_helpful,not_assessed_two_windows,mixed_or_tied,tabred_homesite__gap_near;tabred_homesite__gap_far,0.043797;0.083099,-67.230099;2.359393,-0.0410277316;0.00293506644,descriptive_exact_variant_no_ci_across_variants
tabicl,pseudo_label_v2_cal_iso_wquad_conf90,test_time_variant,M7_pseudo_label,tabred_homesite,2,2,tabred_homesite__gap_near,0.0437974647176086,-67.23076581181445,tabred_homesite__gap_far,0.0830990647492541,2.3602646985075344,69.59103051032199,higher_shift_more_helpful,not_assessed_two_windows,mixed_or_tied,tabred_homesite__gap_near;tabred_homesite__gap_far,0.043797;0.083099,-67.230766;2.360265,-0.0410281385;0.00293615139,descriptive_exact_variant_no_ci_across_variants
tabicl,pseudo_label_v2_cal_platt_wprop_conf90,test_time_variant,M7_pseudo_label,tabred_homesite,2,2,tabred_homesite__gap_near,0.0437974647176086,-53.81616960753863,tabred_homesite__gap_far,0.0830990647492541,19.67185234445681,73.48802195199545,higher_shift_more_helpful,not_assessed_two_windows,mixed_or_tied,tabred_homesite__gap_near;tabred_homesite__gap_far,0.043797;0.083099,-53.816170;19.671852,-0.0328417687;0.0244716352,descriptive_exact_variant_no_ci_across_variants
tabicl,target_enc_absolute,test_time_variant,M4_target_encoding,tabred_delivery_eta,3,3,tabred_delivery_eta__gap_near,0.1571228260314691,0.1071813804090765,tabred_delivery_eta__gap_maxdiff,0.2496496029927623,-0.4035758379611253,-0.5107572183702018,higher_shift_more_harmful,nonmonotonic,mixed_or_tied,tabred_delivery_eta__gap_near;tabred_delivery_eta__gap_far;tabred_delivery_eta__gap_maxdiff,0.157123;0.237934;0.249650,0.107181;-0.831809;-0.403576,0.000600952783;-0.00466384909;-0.00221364347,descriptive_exact_variant_no_ci_across_variants
tabicl,target_enc_absolute,test_time_variant,M4_target_encoding,tabred_homesite,2,2,tabred_homesite__gap_near,0.0437974647176086,-2.2116538512823376,tabred_homesite__gap_far,0.0830990647492541,-6.835500997525341,-4.623847146243003,higher_shift_more_harmful,not_assessed_two_windows,all_negative,tabred_homesite__gap_near;tabred_homesite__gap_far,0.043797;0.083099,-2.211654;-6.835501,-0.00134968031;-0.00850331141,descriptive_exact_variant_no_ci_across_variants
tabicl,target_enc_absolute,test_time_variant,M4_target_encoding,tabred_weather,3,3,tabred_weather__gap_near,0.0948655339805825,0.0,tabred_weather__gap_maxdiff,0.2280292319342118,-7.390524436963175e-06,-7.390524436963175e-06,higher_shift_more_harmful,nonincreasing_with_tie,mixed_or_tied,tabred_weather__gap_near;tabred_weather__gap_far;tabred_weather__gap_maxdiff,0.094866;0.101202;0.228029,0.000000;0.000000;-0.000007,0;0;-1.3274179e-07,descriptive_exact_variant_no_ci_across_variants
tabicl,target_enc_diff,test_time_variant,M4_target_encoding,tabred_delivery_eta,3,3,tabred_delivery_eta__gap_near,0.1571228260314691,0.1071908705760005,tabred_delivery_eta__gap_maxdiff,0.2496496029927623,-0.4035807709017204,-0.5107716414777209,higher_shift_more_harmful,nonmonotonic,mixed_or_tied,tabred_delivery_eta__gap_near;tabred_delivery_eta__gap_far;tabred_delivery_eta__gap_maxdiff,0.157123;0.237934;0.249650,0.107191;-0.831804;-0.403581,0.000601005993;-0.00466382273;-0.00221367053,descriptive_exact_variant_no_ci_across_variants
tabicl,target_enc_diff,test_time_variant,M4_target_encoding,tabred_homesite,2,2,tabred_homesite__gap_near,0.0437974647176086,-3.258811502733631,tabred_homesite__gap_far,0.0830990647492541,-8.064582947223906,-4.805771444490276,higher_shift_more_harmful,not_assessed_two_windows,all_negative,tabred_homesite__gap_near;tabred_homesite__gap_far,0.043797;0.083099,-3.258812;-8.064583,-0.00198871704;-0.01003228,descriptive_exact_variant_no_ci_across_variants
tabicl,target_enc_diff,test_time_variant,M4_target_encoding,tabred_weather,3,3,tabred_weather__gap_near,0.0948655339805825,0.0,tabred_weather__gap_maxdiff,0.2280292319342118,0.0,0.0,no_change,nonmonotonic,mixed_or_tied,tabred_weather__gap_near;tabred_weather__gap_far;tabred_weather__gap_maxdiff,0.094866;0.101202;0.228029,0.000000;0.000004;0.000000,0;7.24574747e-08;0,descriptive_exact_variant_no_ci_across_variants
tabicl,target_enc_inv_ratio,test_time_variant,M4_target_encoding,tabred_delivery_eta,3,3,tabred_delivery_eta__gap_near,0.1571228260314691,0.1071908705760005,tabred_delivery_eta__gap_maxdiff,0.2496496029927623,-0.4035807709017204,-0.5107716414777209,higher_shift_more_harmful,nonmonotonic,mixed_or_tied,tabred_delivery_eta__gap_near;tabred_delivery_eta__gap_far;tabred_delivery_eta__gap_maxdiff,0.157123;0.237934;0.249650,0.107191;-0.831809;-0.403581,0.000601005993;-0.00466384909;-0.00221367053,descriptive_exact_variant_no_ci_across_variants
tabicl,target_enc_inv_ratio,test_time_variant,M4_target_encoding,tabred_homesite,2,2,tabred_homesite__gap_near,0.0437974647176086,-2.7098982176987447,tabred_homesite__gap_far,0.0830990647492541,-7.310061377784168,-4.6001631600854225,higher_shift_more_harmful,not_assessed_two_windows,all_negative,tabred_homesite__gap_near;tabred_homesite__gap_far,0.043797;0.083099,-2.709898;-7.310061,-0.00165373811;-0.00909366092,descriptive_exact_variant_no_ci_across_variants
tabicl,target_enc_inv_ratio,test_time_variant,M4_target_encoding,tabred_weather,3,3,tabred_weather__gap_near,0.0948655339805825,0.0,tabred_weather__gap_maxdiff,0.2280292319342118,0.0,0.0,no_change,nonmonotonic,mixed_or_tied,tabred_weather__gap_near;tabred_weather__gap_far;tabred_weather__gap_maxdiff,0.094866;0.101202;0.228029,0.000000;0.000004;0.000000,0;7.24574747e-08;0,descriptive_exact_variant_no_ci_across_variants
tabicl,target_enc_oof_absolute,test_time_variant,M4_target_encoding,tabred_delivery_eta,3,3,tabred_delivery_eta__gap_near,0.1571228260314691,0.0902903121372875,tabred_delivery_eta__gap_maxdiff,0.2496496029927623,-0.3516580125556705,-0.441948324692958,higher_shift_more_harmful,nonmonotonic,mixed_or_tied,tabred_delivery_eta__gap_near;tabred_delivery_eta__gap_far;tabred_delivery_eta__gap_maxdiff,0.157123;0.237934;0.249650,0.090290;-0.802579;-0.351658,0.000506246646;-0.00449996173;-0.00192887034,descriptive_exact_variant_no_ci_across_variants
tabicl,target_enc_oof_absolute,test_time_variant,M4_target_encoding,tabred_homesite,2,2,tabred_homesite__gap_near,0.0437974647176086,-3.563269478643856,tabred_homesite__gap_far,0.0830990647492541,-17.130724868359497,-13.56745538971564,higher_shift_more_harmful,not_assessed_two_windows,all_negative,tabred_homesite__gap_near;tabred_homesite__gap_far,0.043797;0.083099,-3.563269;-17.130725,-0.00217451507;-0.0213104918,descriptive_exact_variant_no_ci_across_variants
tabicl,target_enc_oof_absolute,test_time_variant,M4_target_encoding,tabred_weather,3,3,tabred_weather__gap_near,0.0948655339805825,7.970866483822332e-06,tabred_weather__gap_maxdiff,0.2280292319342118,0.0,-7.970866483822332e-06,higher_shift_more_harmful,nonincreasing_with_tie,mixed_or_tied,tabred_weather__gap_near;tabred_weather__gap_far;tabred_weather__gap_maxdiff,0.094866;0.101202;0.228029,0.000008;0.000000;0.000000,1.37855096e-07;0;0,descriptive_exact_variant_no_ci_across_variants
tabicl,target_enc_oof_diff,test_time_variant,M4_target_encoding,tabred_delivery_eta,3,3,tabred_delivery_eta__gap_near,0.1571228260314691,0.0893651816210051,tabred_delivery_eta__gap_maxdiff,0.2496496029927623,-0.3484498909410224,-0.4378150725620275,higher_shift_more_harmful,nonmonotonic,mixed_or_tied,tabred_delivery_eta__gap_near;tabred_delivery_eta__gap_far;tabred_delivery_eta__gap_maxdiff,0.157123;0.237934;0.249650,0.089365;-0.780942;-0.348450,0.000501059554;-0.00437864341;-0.00191127355,descriptive_exact_variant_no_ci_across_variants
tabicl,target_enc_oof_diff,test_time_variant,M4_target_encoding,tabred_homesite,2,2,tabred_homesite__gap_near,0.0437974647176086,-3.4465976265613123,tabred_homesite__gap_far,0.0830990647492541,-18.50818188755765,-15.061584260996339,higher_shift_more_harmful,not_assessed_two_windows,all_negative,tabred_homesite__gap_near;tabred_homesite__gap_far,0.043797;0.083099,-3.446598;-18.508182,-0.0021033151;-0.0230240379,descriptive_exact_variant_no_ci_across_variants
tabicl,target_enc_oof_diff,test_time_variant,M4_target_encoding,tabred_weather,3,3,tabred_weather__gap_near,0.0948655339805825,0.0,tabred_weather__gap_maxdiff,0.2280292319342118,-7.390524436963175e-06,-7.390524436963175e-06,higher_shift_more_harmful,nonincreasing_with_tie,mixed_or_tied,tabred_weather__gap_near;tabred_weather__gap_far;tabred_weather__gap_maxdiff,0.094866;0.101202;0.228029,0.000000;0.000000;-0.000007,0;0;-1.3274179e-07,descriptive_exact_variant_no_ci_across_variants
tabicl,target_enc_oof_inv_ratio,test_time_variant,M4_target_encoding,tabred_delivery_eta,3,3,tabred_delivery_eta__gap_near,0.1571228260314691,0.0875102021378185,tabred_delivery_eta__gap_maxdiff,0.2496496029927623,-0.348701608806388,-0.4362118109442065,higher_shift_more_harmful,nonmonotonic,mixed_or_tied,tabred_delivery_eta__gap_near;tabred_delivery_eta__gap_far;tabred_delivery_eta__gap_maxdiff,0.157123;0.237934;0.249650,0.087510;-0.758519;-0.348702,0.000490658912;-0.00425292055;-0.00191265425,descriptive_exact_variant_no_ci_across_variants
tabicl,target_enc_oof_inv_ratio,test_time_variant,M4_target_encoding,tabred_homesite,2,2,tabred_homesite__gap_near,0.0437974647176086,-3.631272501000087,tabred_homesite__gap_far,0.0830990647492541,-21.1166832012385,-17.485410700238415,higher_shift_more_harmful,not_assessed_two_windows,all_negative,tabred_homesite__gap_near;tabred_homesite__gap_far,0.043797;0.083099,-3.631273;-21.116683,-0.00221601449;-0.0262689938,descriptive_exact_variant_no_ci_across_variants
tabicl,target_enc_oof_inv_ratio,test_time_variant,M4_target_encoding,tabred_weather,3,3,tabred_weather__gap_near,0.0948655339805825,0.0,tabred_weather__gap_maxdiff,0.2280292319342118,-7.390524436963175e-06,-7.390524436963175e-06,higher_shift_more_harmful,nonincreasing_with_tie,mixed_or_tied,tabred_weather__gap_near;tabred_weather__gap_far;tabred_weather__gap_maxdiff,0.094866;0.101202;0.228029,0.000000;0.000000;-0.000007,0;0;-1.3274179e-07,descriptive_exact_variant_no_ci_across_variants
tabicl,target_enc_oof_ratio,test_time_variant,M4_target_encoding,tabred_delivery_eta,3,3,tabred_delivery_eta__gap_near,0.1571228260314691,0.0898823048024152,tabred_delivery_eta__gap_maxdiff,0.2496496029927623,-0.3491211371788711,-0.4390034419812863,higher_shift_more_harmful,nonmonotonic,mixed_or_tied,tabred_delivery_eta__gap_near;tabred_delivery_eta__gap_far;tabred_delivery_eta__gap_maxdiff,0.157123;0.237934;0.249650,0.089882;-0.790870;-0.349121,0.000503958999;-0.0044343091;-0.00191495539,descriptive_exact_variant_no_ci_across_variants
tabicl,target_enc_oof_ratio,test_time_variant,M4_target_encoding,tabred_homesite,2,2,tabred_homesite__gap_near,0.0437974647176086,-3.343704164629901,tabred_homesite__gap_far,0.0830990647492541,-18.558330698703863,-15.214626534073961,higher_shift_more_harmful,not_assessed_two_windows,all_negative,tabred_homesite__gap_near;tabred_homesite__gap_far,0.043797;0.083099,-3.343704;-18.558331,-0.0020405235;-0.0230864227,descriptive_exact_variant_no_ci_across_variants
tabicl,target_enc_oof_ratio,test_time_variant,M4_target_encoding,tabred_weather,3,3,tabred_weather__gap_near,0.0948655339805825,7.970866483822332e-06,tabred_weather__gap_maxdiff,0.2280292319342118,-7.390524436963175e-06,-1.5361390920785506e-05,higher_shift_more_harmful,strictly_decreasing,mixed_or_tied,tabred_weather__gap_near;tabred_weather__gap_far;tabred_weather__gap_maxdiff,0.094866;0.101202;0.228029,0.000008;0.000004;-0.000007,1.37855096e-07;7.24574747e-08;-1.3274179e-07,descriptive_exact_variant_no_ci_across_variants
tabicl,target_enc_oof_ratio_cap5,test_time_variant,M4_target_encoding,tabred_delivery_eta,3,3,tabred_delivery_eta__gap_near,0.1571228260314691,0.0898823048024152,tabred_delivery_eta__gap_maxdiff,0.2496496029927623,-0.3491211371788711,-0.4390034419812863,higher_shift_more_harmful,nonmonotonic,mixed_or_tied,tabred_delivery_eta__gap_near;tabred_delivery_eta__gap_far;tabred_delivery_eta__gap_maxdiff,0.157123;0.237934;0.249650,0.089882;-0.790842;-0.349121,0.000503958999;-0.0044341509;-0.00191495539,descriptive_exact_variant_no_ci_across_variants
tabicl,target_enc_oof_ratio_cap5,test_time_variant,M4_target_encoding,tabred_homesite,2,2,tabred_homesite__gap_near,0.0437974647176086,-3.343704164629901,tabred_homesite__gap_far,0.0830990647492541,-18.62417826812179,-15.280474103491887,higher_shift_more_harmful,not_assessed_two_windows,all_negative,tabred_homesite__gap_near;tabred_homesite__gap_far,0.043797;0.083099,-3.343704;-18.624178,-0.0020405235;-0.0231683365,descriptive_exact_variant_no_ci_across_variants
tabicl,target_enc_oof_ratio_cap5,test_time_variant,M4_target_encoding,tabred_weather,3,3,tabred_weather__gap_near,0.0948655339805825,1.9927167397140736e-05,tabred_weather__gap_maxdiff,0.2280292319342118,-7.390524436963175e-06,-2.731769183410391e-05,higher_shift_more_harmful,strictly_decreasing,mixed_or_tied,tabred_weather__gap_near;tabred_weather__gap_far;tabred_weather__gap_maxdiff,0.094866;0.101202;0.228029,0.000020;0.000004;-0.000007,3.44637759e-07;7.24574747e-08;-1.3274179e-07,descriptive_exact_variant_no_ci_across_variants
tabicl,target_enc_ratio,test_time_variant,M4_target_encoding,tabred_delivery_eta,3,3,tabred_delivery_eta__gap_near,0.1571228260314691,0.1071813804090765,tabred_delivery_eta__gap_maxdiff,0.2496496029927623,-0.4035758379611253,-0.5107572183702018,higher_shift_more_harmful,nonmonotonic,mixed_or_tied,tabred_delivery_eta__gap_near;tabred_delivery_eta__gap_far;tabred_delivery_eta__gap_maxdiff,0.157123;0.237934;0.249650,0.107181;-0.831823;-0.403576,0.000600952783;-0.00466392816;-0.00221364347,descriptive_exact_variant_no_ci_across_variants
tabicl,target_enc_ratio,test_time_variant,M4_target_encoding,tabred_homesite,2,2,tabred_homesite__gap_near,0.0437974647176086,-2.9014622872130853,tabred_homesite__gap_far,0.0830990647492541,-8.438736686035783,-5.537274398822698,higher_shift_more_harmful,not_assessed_two_windows,all_negative,tabred_homesite__gap_near;tabred_homesite__gap_far,0.043797;0.083099,-2.901462;-8.438737,-0.00177064169;-0.0104977244,descriptive_exact_variant_no_ci_across_variants
tabicl,target_enc_ratio,test_time_variant,M4_target_encoding,tabred_weather,3,3,tabred_weather__gap_near,0.0948655339805825,1.9927167397140736e-05,tabred_weather__gap_maxdiff,0.2280292319342118,-7.390524436963175e-06,-2.731769183410391e-05,higher_shift_more_harmful,strictly_decreasing,mixed_or_tied,tabred_weather__gap_near;tabred_weather__gap_far;tabred_weather__gap_maxdiff,0.094866;0.101202;0.228029,0.000020;0.000004;-0.000007,3.44637759e-07;7.24574747e-08;-1.3274179e-07,descriptive_exact_variant_no_ci_across_variants
tabicl,target_enc_ratio__sel_combined_intersection,test_time_variant,selective,tabred_delivery_eta,3,3,tabred_delivery_eta__gap_near,0.1571228260314691,0.1291630245440306,tabred_delivery_eta__gap_maxdiff,0.2496496029927623,-0.4391508369200995,-0.5683138614641301,higher_shift_more_harmful,strictly_decreasing,mixed_or_tied,tabred_delivery_eta__gap_near;tabred_delivery_eta__gap_far;tabred_delivery_eta__gap_maxdiff,0.157123;0.237934;0.249650,0.129163;-0.265363;-0.439151,0.000724201151;-0.00148785615;-0.00240877499,descriptive_exact_variant_no_ci_across_variants
tabicl,target_enc_ratio__sel_combined_intersection,test_time_variant,selective,tabred_homesite,2,2,tabred_homesite__gap_near,0.0437974647176086,5.016222943241604,tabred_homesite__gap_far,0.0830990647492541,1.7109466133199296,-3.305276329921674,higher_shift_more_harmful,not_assessed_two_windows,all_positive,tabred_homesite__gap_near;tabred_homesite__gap_far,0.043797;0.083099,5.016223;1.710947,0.00306119211;0.00212840461,descriptive_exact_variant_no_ci_across_variants
tabicl,target_enc_ratio__sel_combined_intersection,test_time_variant,selective,tabred_weather,3,3,tabred_weather__gap_near,0.0948655339805825,0.3470919308160448,tabred_weather__gap_maxdiff,0.2280292319342118,-0.2113673417312064,-0.5584592725472511,higher_shift_more_harmful,nonmonotonic,mixed_or_tied,tabred_weather__gap_near;tabred_weather__gap_far;tabred_weather__gap_maxdiff,0.094866;0.101202;0.228029,0.347092;-0.353714;-0.211367,0.00600290964;-0.00581941885;-0.00379638542,descriptive_exact_variant_no_ci_across_variants
tabicl,target_enc_ratio__sel_combined_union,test_time_variant,selective,tabred_delivery_eta,3,3,tabred_delivery_eta__gap_near,0.1571228260314691,-0.7330178997443666,tabred_delivery_eta__gap_maxdiff,0.2496496029927623,-0.7585836465611043,-0.025565746816737733,higher_shift_more_harmful,nonmonotonic,all_negative,tabred_delivery_eta__gap_near;tabred_delivery_eta__gap_far;tabred_delivery_eta__gap_maxdiff,0.157123;0.237934;0.249650,-0.733018;-3.651552;-0.758584,-0.00410994097;-0.0204737985;-0.00416088769,descriptive_exact_variant_no_ci_across_variants
tabicl,target_enc_ratio__sel_combined_union,test_time_variant,selective,tabred_homesite,2,2,tabred_homesite__gap_near,0.0437974647176086,-15.526023378817028,tabred_homesite__gap_far,0.0830990647492541,-0.9676540168108846,14.558369362006143,higher_shift_more_helpful,not_assessed_two_windows,all_negative,tabred_homesite__gap_near;tabred_homesite__gap_far,0.043797;0.083099,-15.526023;-0.967654,-0.00947488594;-0.00120375426,descriptive_exact_variant_no_ci_across_variants
tabicl,target_enc_ratio__sel_combined_union,test_time_variant,selective,tabred_weather,3,3,tabred_weather__gap_near,0.0948655339805825,-0.691022003275584,tabred_weather__gap_maxdiff,0.2280292319342118,-0.7284214109871916,-0.037399407711607546,higher_shift_more_harmful,nonmonotonic,all_negative,tabred_weather__gap_near;tabred_weather__gap_far;tabred_weather__gap_maxdiff,0.094866;0.101202;0.228029,-0.691022;-0.232192;-0.728421,-0.0119511354;-0.00382008784;-0.0130832341,descriptive_exact_variant_no_ci_across_variants
tabicl,target_enc_ratio_cap5,test_time_variant,M4_target_encoding,tabred_delivery_eta,3,3,tabred_delivery_eta__gap_near,0.1571228260314691,0.1071908705760005,tabred_delivery_eta__gap_maxdiff,0.2496496029927623,-0.4035758379611253,-0.5107667085371258,higher_shift_more_harmful,nonmonotonic,mixed_or_tied,tabred_delivery_eta__gap_near;tabred_delivery_eta__gap_far;tabred_delivery_eta__gap_maxdiff,0.157123;0.237934;0.249650,0.107191;-0.831818;-0.403576,0.000601005993;-0.0046639018;-0.00221364347,descriptive_exact_variant_no_ci_across_variants
tabicl,target_enc_ratio_cap5,test_time_variant,M4_target_encoding,tabred_homesite,2,2,tabred_homesite__gap_near,0.0437974647176086,-2.9014622872130853,tabred_homesite__gap_far,0.0830990647492541,-7.969518244355642,-5.0680559571425565,higher_shift_more_harmful,not_assessed_two_windows,all_negative,tabred_homesite__gap_near;tabred_homesite__gap_far,0.043797;0.083099,-2.901462;-7.969518,-0.00177064169;-0.00991402027,descriptive_exact_variant_no_ci_across_variants
tabicl,target_enc_ratio_cap5,test_time_variant,M4_target_encoding,tabred_weather,3,3,tabred_weather__gap_near,0.0948655339805825,0.0,tabred_weather__gap_maxdiff,0.2280292319342118,-7.390524436963175e-06,-7.390524436963175e-06,higher_shift_more_harmful,nonmonotonic,mixed_or_tied,tabred_weather__gap_near;tabred_weather__gap_far;tabred_weather__gap_maxdiff,0.094866;0.101202;0.228029,0.000000;0.000004;-0.000007,0;7.24574747e-08;-1.3274179e-07,descriptive_exact_variant_no_ci_across_variants
tabicl,target_enc_standard_m10,train_only_version,baselines,tabred_delivery_eta,3,3,tabred_delivery_eta__gap_near,0.1571228260314691,0.1071908705760005,tabred_delivery_eta__gap_maxdiff,0.2496496029927623,-0.4035807709017204,-0.5107716414777209,higher_shift_more_harmful,nonmonotonic,mixed_or_tied,tabred_delivery_eta__gap_near;tabred_delivery_eta__gap_far;tabred_delivery_eta__gap_maxdiff,0.157123;0.237934;0.249650,0.107191;-0.831804;-0.403581,0.000601005993;-0.00466382273;-0.00221367053,descriptive_exact_variant_no_ci_across_variants
tabicl,target_enc_standard_m10,train_only_version,baselines,tabred_homesite,2,2,tabred_homesite__gap_near,0.0437974647176086,-3.258589270634684,tabred_homesite__gap_far,0.0830990647492541,-8.145257121676348,-4.886667851041664,higher_shift_more_harmful,not_assessed_two_windows,all_negative,tabred_homesite__gap_near;tabred_homesite__gap_far,0.043797;0.083099,-3.258589;-8.145257,-0.00198858142;-0.0101326381,descriptive_exact_variant_no_ci_across_variants
tabicl,target_enc_standard_m10,train_only_version,baselines,tabred_weather,3,3,tabred_weather__gap_near,0.0948655339805825,0.0,tabred_weather__gap_maxdiff,0.2280292319342118,-7.390524436963175e-06,-7.390524436963175e-06,higher_shift_more_harmful,nonmonotonic,mixed_or_tied,tabred_weather__gap_near;tabred_weather__gap_far;tabred_weather__gap_maxdiff,0.094866;0.101202;0.228029,0.000000;0.000004;-0.000007,0;7.24574747e-08;-1.3274179e-07,descriptive_exact_variant_no_ci_across_variants
tabicl,target_enc_standard_m20,train_only_version,baselines,tabred_delivery_eta,3,3,tabred_delivery_eta__gap_near,0.1571228260314691,0.1071813804090765,tabred_delivery_eta__gap_maxdiff,0.2496496029927623,-0.4035807709017204,-0.5107621513107969,higher_shift_more_harmful,nonmonotonic,mixed_or_tied,tabred_delivery_eta__gap_near;tabred_delivery_eta__gap_far;tabred_delivery_eta__gap_maxdiff,0.157123;0.237934;0.249650,0.107181;-0.831809;-0.403581,0.000600952783;-0.00466384909;-0.00221367053,descriptive_exact_variant_no_ci_across_variants
tabicl,target_enc_standard_m20,train_only_version,baselines,tabred_homesite,2,2,tabred_homesite__gap_near,0.0437974647176086,-3.0548024356642096,tabred_homesite__gap_far,0.0830990647492541,-8.015306289315088,-4.960503853650879,higher_shift_more_harmful,not_assessed_two_windows,all_negative,tabred_homesite__gap_near;tabred_homesite__gap_far,0.043797;0.083099,-3.054802;-8.015306,-0.0018642188;-0.00997098025,descriptive_exact_variant_no_ci_across_variants
tabicl,target_enc_standard_m20,train_only_version,baselines,tabred_weather,3,3,tabred_weather__gap_near,0.0948655339805825,0.0,tabred_weather__gap_maxdiff,0.2280292319342118,-7.390524436963175e-06,-7.390524436963175e-06,higher_shift_more_harmful,nonmonotonic,mixed_or_tied,tabred_weather__gap_near;tabred_weather__gap_far;tabred_weather__gap_maxdiff,0.094866;0.101202;0.228029,0.000000;0.000004;-0.000007,0;7.24574747e-08;-1.3274179e-07,descriptive_exact_variant_no_ci_across_variants
tabicl,target_enc_standard_m5,train_only_version,baselines,tabred_delivery_eta,3,3,tabred_delivery_eta__gap_near,0.1571228260314691,0.1071908705760005,tabred_delivery_eta__gap_maxdiff,0.2496496029927623,-0.4035807709017204,-0.5107716414777209,higher_shift_more_harmful,nonmonotonic,mixed_or_tied,tabred_delivery_eta__gap_near;tabred_delivery_eta__gap_far;tabred_delivery_eta__gap_maxdiff,0.157123;0.237934;0.249650,0.107191;-0.831804;-0.403581,0.000601005993;-0.00466382273;-0.00221367053,descriptive_exact_variant_no_ci_across_variants
tabicl,target_enc_standard_m5,train_only_version,baselines,tabred_homesite,2,2,tabred_homesite__gap_near,0.0437974647176086,-2.445442019645683,tabred_homesite__gap_far,0.0830990647492541,-7.899745985369649,-5.454303965723966,higher_shift_more_harmful,not_assessed_two_windows,all_negative,tabred_homesite__gap_near;tabred_homesite__gap_far,0.043797;0.083099,-2.445442;-7.899746,-0.0014923515;-0.0098272241,descriptive_exact_variant_no_ci_across_variants
tabicl,target_enc_standard_m5,train_only_version,baselines,tabred_weather,3,3,tabred_weather__gap_near,0.0948655339805825,1.9927167397140736e-05,tabred_weather__gap_maxdiff,0.2280292319342118,-7.390524436963175e-06,-2.731769183410391e-05,higher_shift_more_harmful,strictly_decreasing,mixed_or_tied,tabred_weather__gap_near;tabred_weather__gap_far;tabred_weather__gap_maxdiff,0.094866;0.101202;0.228029,0.000020;0.000004;-0.000007,3.44637759e-07;7.24574747e-08;-1.3274179e-07,descriptive_exact_variant_no_ci_across_variants
tabicl,targeted_groupby_top3,test_time_variant,M14_groupby,tabred_delivery_eta,3,3,tabred_delivery_eta__gap_near,0.1571228260314691,-0.4953164752452499,tabred_delivery_eta__gap_maxdiff,0.2496496029927623,-1.388739413759585,-0.8934229385143351,higher_shift_more_harmful,strictly_decreasing,all_negative,tabred_delivery_eta__gap_near;tabred_delivery_eta__gap_far;tabred_delivery_eta__gap_maxdiff,0.157123;0.237934;0.249650,-0.495316;-1.037550;-1.388739,-0.0027771784;-0.00581741376;-0.00761733892,descriptive_exact_variant_no_ci_across_variants
tabicl,targeted_groupby_top3,test_time_variant,M14_groupby,tabred_homesite,2,2,tabred_homesite__gap_near,0.0437974647176086,-13.195697586559437,tabred_homesite__gap_far,0.0830990647492541,1.99308818559431,15.188785772153746,higher_shift_more_helpful,not_assessed_two_windows,mixed_or_tied,tabred_homesite__gap_near;tabred_homesite__gap_far,0.043797;0.083099,-13.195698;1.993088,-0.00805278509;0.00247938659,descriptive_exact_variant_no_ci_across_variants
tabicl,targeted_groupby_top3,test_time_variant,M14_groupby,tabred_weather,3,3,tabred_weather__gap_near,0.0948655339805825,0.0,tabred_weather__gap_maxdiff,0.2280292319342118,-0.0989397426256224,-0.0989397426256224,higher_shift_more_harmful,nonmonotonic,mixed_or_tied,tabred_weather__gap_near;tabred_weather__gap_far;tabred_weather__gap_maxdiff,0.094866;0.101202;0.228029,0.000000;0.191316;-0.098940,0;0.0031475928;-0.00177706448,descriptive_exact_variant_no_ci_across_variants
tabicl,targeted_groupby_top3_shifted_agg,test_time_variant,M14_groupby,tabred_delivery_eta,3,3,tabred_delivery_eta__gap_near,0.1571228260314691,-0.4684799547680245,tabred_delivery_eta__gap_maxdiff,0.2496496029927623,-2.169076960051896,-1.7005970052838717,higher_shift_more_harmful,strictly_decreasing,all_negative,tabred_delivery_eta__gap_near;tabred_delivery_eta__gap_far;tabred_delivery_eta__gap_maxdiff,0.157123;0.237934;0.249650,-0.468480;-1.599878;-2.169077,-0.00262670934;-0.00897031507;-0.0118975484,descriptive_exact_variant_no_ci_across_variants
tabicl,targeted_groupby_top3_shifted_agg,test_time_variant,M14_groupby,tabred_homesite,2,2,tabred_homesite__gap_near,0.0437974647176086,-13.623938841726536,tabred_homesite__gap_far,0.0830990647492541,-2.16501139250158,11.458927449224957,higher_shift_more_helpful,not_assessed_two_windows,all_negative,tabred_homesite__gap_near;tabred_homesite__gap_far,0.043797;0.083099,-13.623939;-2.165011,-0.0083141229;-0.00269325776,descriptive_exact_variant_no_ci_across_variants
tabicl,targeted_groupby_top3_shifted_agg,test_time_variant,M14_groupby,tabred_weather,3,3,tabred_weather__gap_near,0.0948655339805825,0.0,tabred_weather__gap_maxdiff,0.2280292319342118,-0.1657060820032608,-0.1657060820032608,higher_shift_more_harmful,nonmonotonic,mixed_or_tied,tabred_weather__gap_near;tabred_weather__gap_far;tabred_weather__gap_maxdiff,0.094866;0.101202;0.228029,0.000000;0.243976;-0.165706,0;0.00401396854;-0.00297625995,descriptive_exact_variant_no_ci_across_variants
tabicl,targeted_groupby_top5,test_time_variant,M14_groupby,tabred_delivery_eta,3,3,tabred_delivery_eta__gap_near,0.1571228260314691,-0.4953164752452499,tabred_delivery_eta__gap_maxdiff,0.2496496029927623,-1.388744298768302,-0.8934278235230522,higher_shift_more_harmful,strictly_decreasing,all_negative,tabred_delivery_eta__gap_near;tabred_delivery_eta__gap_far;tabred_delivery_eta__gap_maxdiff,0.157123;0.237934;0.249650,-0.495316;-1.037550;-1.388744,-0.0027771784;-0.00581741376;-0.00761736572,descriptive_exact_variant_no_ci_across_variants
tabicl,targeted_groupby_top5,test_time_variant,M14_groupby,tabred_homesite,2,2,tabred_homesite__gap_near,0.0437974647176086,-13.372816569625618,tabred_homesite__gap_far,0.0830990647492541,1.99308818559431,15.365904755219928,higher_shift_more_helpful,not_assessed_two_windows,mixed_or_tied,tabred_homesite__gap_near;tabred_homesite__gap_far,0.043797;0.083099,-13.372817;1.993088,-0.00816087343;0.00247938659,descriptive_exact_variant_no_ci_across_variants
tabicl,targeted_groupby_top5,test_time_variant,M14_groupby,tabred_weather,3,3,tabred_weather__gap_near,0.0948655339805825,0.0,tabred_weather__gap_maxdiff,0.2280292319342118,-0.0989397426256224,-0.0989397426256224,higher_shift_more_harmful,nonmonotonic,mixed_or_tied,tabred_weather__gap_near;tabred_weather__gap_far;tabred_weather__gap_maxdiff,0.094866;0.101202;0.228029,0.000000;0.191316;-0.098940,0;0.0031475928;-0.00177706448,descriptive_exact_variant_no_ci_across_variants
tabicl,targeted_groupby_top5_shifted_agg,test_time_variant,M14_groupby,tabred_delivery_eta,3,3,tabred_delivery_eta__gap_near,0.1571228260314691,-0.4684752368729225,tabred_delivery_eta__gap_maxdiff,0.2496496029927623,-2.16907211235321,-1.7005968754802878,higher_shift_more_harmful,strictly_decreasing,all_negative,tabred_delivery_eta__gap_near;tabred_delivery_eta__gap_far;tabred_delivery_eta__gap_maxdiff,0.157123;0.237934;0.249650,-0.468475;-1.599878;-2.169072,-0.00262668288;-0.00897031507;-0.0118975218,descriptive_exact_variant_no_ci_across_variants
tabicl,targeted_groupby_top5_shifted_agg,test_time_variant,M14_groupby,tabred_homesite,2,2,tabred_homesite__gap_near,0.0437974647176086,-11.95697586559471,tabred_homesite__gap_far,0.0830990647492541,-2.16501139250158,9.791964473093131,higher_shift_more_helpful,not_assessed_two_windows,all_negative,tabred_homesite__gap_near;tabred_homesite__gap_far,0.043797;0.083099,-11.956976;-2.165011,-0.00729684477;-0.00269325776,descriptive_exact_variant_no_ci_across_variants
tabicl,targeted_groupby_top5_shifted_agg,test_time_variant,M14_groupby,tabred_weather,3,3,tabred_weather__gap_near,0.0948655339805825,0.0,tabred_weather__gap_maxdiff,0.2280292319342118,-0.1657060820032608,-0.1657060820032608,higher_shift_more_harmful,nonmonotonic,mixed_or_tied,tabred_weather__gap_near;tabred_weather__gap_far;tabred_weather__gap_maxdiff,0.094866;0.101202;0.228029,0.000000;0.243963;-0.165706,0;0.00401375064;-0.00297625995,descriptive_exact_variant_no_ci_across_variants
tabicl,tdda_k10_lam07_aug1,test_time_variant,M17_tdda,tabred_delivery_eta,3,3,tabred_delivery_eta__gap_near,0.1571228260314691,-12.004203377900444,tabred_delivery_eta__gap_maxdiff,0.2496496029927623,-5.281755111824863,6.722448266075581,higher_shift_more_helpful,strictly_increasing,all_negative,tabred_delivery_eta__gap_near;tabred_delivery_eta__gap_far;tabred_delivery_eta__gap_maxdiff,0.157123;0.237934;0.249650,-12.004203;-6.671438;-5.281755,-0.0673060881;-0.0374059212;-0.0289708194,descriptive_exact_variant_no_ci_across_variants
tabicl,tdda_k10_lam07_aug1,test_time_variant,M17_tdda,tabred_homesite,2,2,tabred_homesite__gap_near,0.0437974647176086,-12.17187430552494,tabred_homesite__gap_far,0.0830990647492541,-67.8166733895146,-55.64479908398967,higher_shift_more_harmful,not_assessed_two_windows,all_negative,tabred_homesite__gap_near;tabred_homesite__gap_far,0.043797;0.083099,-12.171874;-67.816673,-0.00742798834;-0.0843634275,descriptive_exact_variant_no_ci_across_variants
tabicl,tdda_k10_lam07_aug1,test_time_variant,M17_tdda,tabred_weather,3,3,tabred_weather__gap_near,0.0948655339805825,-9.358064612179769,tabred_weather__gap_maxdiff,0.2280292319342118,-11.029905185679551,-1.6718405734997823,higher_shift_more_harmful,nonmonotonic,all_negative,tabred_weather__gap_near;tabred_weather__gap_far;tabred_weather__gap_maxdiff,0.094866;0.101202;0.228029,-9.358065;-13.727645;-11.029905,-0.161846506;-0.22585148;-0.198108993,descriptive_exact_variant_no_ci_across_variants
tabicl,tdda_k5_lam06_aug1,test_time_variant,M17_tdda,tabred_delivery_eta,3,3,tabred_delivery_eta__gap_near,0.1571228260314691,-11.553185959402228,tabred_delivery_eta__gap_maxdiff,0.2496496029927623,-4.303185232472327,7.250000726929901,higher_shift_more_helpful,strictly_increasing,all_negative,tabred_delivery_eta__gap_near;tabred_delivery_eta__gap_far;tabred_delivery_eta__gap_maxdiff,0.157123;0.237934;0.249650,-11.553186;-5.854182;-4.303185,-0.064777289;-0.0328236697;-0.0236032909,descriptive_exact_variant_no_ci_across_variants
tabicl,tdda_k5_lam06_aug1,test_time_variant,M17_tdda,tabred_homesite,2,2,tabred_homesite__gap_near,0.0437974647176086,-8.036357171429945,tabred_homesite__gap_far,0.0830990647492541,-61.941195067973545,-53.9048378965436,higher_shift_more_harmful,not_assessed_two_windows,all_negative,tabred_homesite__gap_near;tabred_homesite__gap_far,0.043797;0.083099,-8.036357;-61.941195,-0.00490425434;-0.077054377,descriptive_exact_variant_no_ci_across_variants
tabicl,tdda_k5_lam06_aug1,test_time_variant,M17_tdda,tabred_weather,3,3,tabred_weather__gap_near,0.0948655339805825,-10.19008049069554,tabred_weather__gap_maxdiff,0.2280292319342118,-12.310366469079634,-2.1202859783840946,higher_shift_more_harmful,nonmonotonic,all_negative,tabred_weather__gap_near;tabred_weather__gap_far;tabred_weather__gap_maxdiff,0.094866;0.101202;0.228029,-10.190080;-13.862320;-12.310366,-0.176236112;-0.228067197;-0.221107459,descriptive_exact_variant_no_ci_across_variants
tabicl,tdda_k5_lam07_aug1,test_time_variant,M17_tdda,tabred_delivery_eta,3,3,tabred_delivery_eta__gap_near,0.1571228260314691,-12.004203377900444,tabred_delivery_eta__gap_maxdiff,0.2496496029927623,-5.281755111824863,6.722448266075581,higher_shift_more_helpful,strictly_increasing,all_negative,tabred_delivery_eta__gap_near;tabred_delivery_eta__gap_far;tabred_delivery_eta__gap_maxdiff,0.157123;0.237934;0.249650,-12.004203;-6.671438;-5.281755,-0.0673060881;-0.0374059212;-0.0289708194,descriptive_exact_variant_no_ci_across_variants
tabicl,tdda_k5_lam07_aug1,test_time_variant,M17_tdda,tabred_homesite,2,2,tabred_homesite__gap_near,0.0437974647176086,-12.170318680830489,tabred_homesite__gap_far,0.0830990647492541,-67.8166733895146,-55.646354708684115,higher_shift_more_harmful,not_assessed_two_windows,all_negative,tabred_homesite__gap_near;tabred_homesite__gap_far,0.043797;0.083099,-12.170319;-67.816673,-0.00742703901;-0.0843634275,descriptive_exact_variant_no_ci_across_variants
tabicl,tdda_k5_lam07_aug1,test_time_variant,M17_tdda,tabred_weather,3,3,tabred_weather__gap_near,0.0948655339805825,-9.358064612179769,tabred_weather__gap_maxdiff,0.2280292319342118,-11.029878560328168,-1.6718139481483991,higher_shift_more_harmful,nonmonotonic,all_negative,tabred_weather__gap_near;tabred_weather__gap_far;tabred_weather__gap_maxdiff,0.094866;0.101202;0.228029,-9.358065;-13.727645;-11.029879,-0.161846506;-0.22585148;-0.198108515,descriptive_exact_variant_no_ci_across_variants
tabicl,tdda_k5_lam07_aug1_cumshift,test_time_variant,M17_tdda,tabred_delivery_eta,3,3,tabred_delivery_eta__gap_near,0.1571228260314691,-6.924749992927882,tabred_delivery_eta__gap_maxdiff,0.2496496029927623,-4.976487844839515,1.948262148088367,higher_shift_more_helpful,nonmonotonic,all_negative,tabred_delivery_eta__gap_near;tabred_delivery_eta__gap_far;tabred_delivery_eta__gap_maxdiff,0.157123;0.237934;0.249650,-6.924750;-3.397956;-4.976488,-0.0388262193;-0.0190519189;-0.0272964058,descriptive_exact_variant_no_ci_across_variants
tabicl,tdda_k5_lam07_aug1_cumshift,test_time_variant,M17_tdda,tabred_homesite,2,2,tabred_homesite__gap_near,0.0437974647176086,-9.566202942353112,tabred_homesite__gap_far,0.0830990647492541,-46.597185125426606,-37.03098218307349,higher_shift_more_harmful,not_assessed_two_windows,all_negative,tabred_homesite__gap_near;tabred_homesite__gap_far,0.043797;0.083099,-9.566203;-46.597185,-0.00583785555;-0.057966545,descriptive_exact_variant_no_ci_across_variants
tabicl,tdda_k5_lam07_aug1_cumshift,test_time_variant,M17_tdda,tabred_weather,3,3,tabred_weather__gap_near,0.0948655339805825,-10.569206958606546,tabred_weather__gap_maxdiff,0.2280292319342118,-8.236144156489617,2.3330628021169293,higher_shift_more_helpful,nonmonotonic,all_negative,tabred_weather__gap_near;tabred_weather__gap_far;tabred_weather__gap_maxdiff,0.094866;0.101202;0.228029,-10.569207;-14.666922;-8.236144,-0.182793055;-0.241304768;-0.147930032,descriptive_exact_variant_no_ci_across_variants
tabicl,tdda_k5_lam07_aug2,test_time_variant,M17_tdda,tabred_delivery_eta,3,3,tabred_delivery_eta__gap_near,0.1571228260314691,-14.4780687582065,tabred_delivery_eta__gap_maxdiff,0.2496496029927623,-9.14263451262865,5.335434245577851,higher_shift_more_helpful,nonmonotonic,all_negative,tabred_delivery_eta__gap_near;tabred_delivery_eta__gap_far;tabred_delivery_eta__gap_maxdiff,0.157123;0.237934;0.249650,-14.478069;-16.125219;-9.142635,-0.0811767462;-0.0904120951;-0.0501480299,descriptive_exact_variant_no_ci_across_variants
tabicl,tdda_k5_lam07_aug2,test_time_variant,M17_tdda,tabred_homesite,2,2,tabred_homesite__gap_near,0.0437974647176086,-48.09858215920753,tabred_homesite__gap_far,0.0830990647492541,-54.351281520163184,-6.252699360955653,higher_shift_more_harmful,not_assessed_two_windows,all_negative,tabred_homesite__gap_near;tabred_homesite__gap_far,0.043797;0.083099,-48.098582;-54.351282,-0.029352563;-0.0676125821,descriptive_exact_variant_no_ci_across_variants
tabicl,tdda_k5_lam07_aug2,test_time_variant,M17_tdda,tabred_weather,3,3,tabred_weather__gap_near,0.0948655339805825,-16.69085915323648,tabred_weather__gap_maxdiff,0.2280292319342118,-15.12801432667512,1.5628448265613617,higher_shift_more_helpful,nonmonotonic,all_negative,tabred_weather__gap_near;tabred_weather__gap_far;tabred_weather__gap_maxdiff,0.094866;0.101202;0.228029,-16.690859;-18.516017;-15.128014,-0.288666231;-0.304631267;-0.271715453,descriptive_exact_variant_no_ci_across_variants
tabicl,tdda_k5_lam08_aug1,test_time_variant,M17_tdda,tabred_delivery_eta,3,3,tabred_delivery_eta__gap_near,0.1571228260314691,-10.662080743333268,tabred_delivery_eta__gap_maxdiff,0.2496496029927623,-7.251071865029837,3.4110088783034316,higher_shift_more_helpful,strictly_increasing,all_negative,tabred_delivery_eta__gap_near;tabred_delivery_eta__gap_far;tabred_delivery_eta__gap_maxdiff,0.157123;0.237934;0.249650,-10.662081;-8.696986;-7.251072,-0.059780972;-0.0487629198;-0.0397726682,descriptive_exact_variant_no_ci_across_variants
tabicl,tdda_k5_lam08_aug1,test_time_variant,M17_tdda,tabred_homesite,2,2,tabred_homesite__gap_near,0.0437974647176086,-16.897639895106764,tabred_homesite__gap_far,0.0830990647492541,-32.71850164073827,-15.820861745631504,higher_shift_more_harmful,not_assessed_two_windows,all_negative,tabred_homesite__gap_near;tabred_homesite__gap_far,0.043797;0.083099,-16.897640;-32.718502,-0.0103119264;-0.0407015679,descriptive_exact_variant_no_ci_across_variants
tabicl,tdda_k5_lam08_aug1,test_time_variant,M17_tdda,tabred_weather,3,3,tabred_weather__gap_near,0.0948655339805825,-7.010781762175268,tabred_weather__gap_maxdiff,0.2280292319342118,-7.803792861360654,-0.793011099185386,higher_shift_more_harmful,nonmonotonic,all_negative,tabred_weather__gap_near;tabred_weather__gap_far;tabred_weather__gap_maxdiff,0.094866;0.101202;0.228029,-7.010782;-10.785484;-7.803793,-0.121250556;-0.177446134;-0.140164536,descriptive_exact_variant_no_ci_across_variants
tabicl,tdda_v2_k10_lam07_pfl_dw,test_time_variant,M17_tdda,tabred_delivery_eta,3,3,tabred_delivery_eta__gap_near,0.1571228260314691,-7.652811088475743,tabred_delivery_eta__gap_maxdiff,0.2496496029927623,-4.23268874780957,3.4201223406661727,higher_shift_more_helpful,strictly_increasing,all_negative,tabred_delivery_eta__gap_near;tabred_delivery_eta__gap_far;tabred_delivery_eta__gap_maxdiff,0.157123;0.237934;0.249650,-7.652811;-6.782637;-4.232689,-0.0429083681;-0.0380294039;-0.0232166124,descriptive_exact_variant_no_ci_across_variants
tabicl,tdda_v2_k10_lam07_pfl_dw,test_time_variant,M17_tdda,tabred_homesite,2,2,tabred_homesite__gap_near,0.0437974647176086,-18.8061691630742,tabred_homesite__gap_far,0.0830990647492541,-82.80353658137737,-63.99736741830317,higher_shift_more_harmful,not_assessed_two_windows,all_negative,tabred_homesite__gap_near;tabred_homesite__gap_far,0.043797;0.083099,-18.806169;-82.803537,-0.0114766224;-0.103006972,descriptive_exact_variant_no_ci_across_variants
tabicl,tdda_v2_k10_lam07_pfl_dw,test_time_variant,M17_tdda,tabred_weather,3,3,tabred_weather__gap_near,0.0948655339805825,-3.7857648788921385,tabred_weather__gap_maxdiff,0.2280292319342118,-2.8653574668593214,0.9204074120328172,higher_shift_more_helpful,nonmonotonic,all_negative,tabred_weather__gap_near;tabred_weather__gap_far;tabred_weather__gap_maxdiff,0.094866;0.101202;0.228029,-3.785765;-4.573077;-2.865357,-0.0654743095;-0.0752376854;-0.0514649104,descriptive_exact_variant_no_ci_across_variants
tabicl,tdda_v2_k5_lam06_pfl_dw,test_time_variant,M17_tdda,tabred_delivery_eta,3,3,tabred_delivery_eta__gap_near,0.1571228260314691,-8.302238103500745,tabred_delivery_eta__gap_maxdiff,0.2496496029927623,-4.34766455397214,3.9545735495286047,higher_shift_more_helpful,strictly_increasing,all_negative,tabred_delivery_eta__gap_near;tabred_delivery_eta__gap_far;tabred_delivery_eta__gap_maxdiff,0.157123;0.237934;0.249650,-8.302238;-6.788732;-4.347665,-0.0465496253;-0.0380635748;-0.0238472633,descriptive_exact_variant_no_ci_across_variants
tabicl,tdda_v2_k5_lam06_pfl_dw,test_time_variant,M17_tdda,tabred_homesite,2,2,tabred_homesite__gap_near,0.0437974647176086,-18.41192941908576,tabred_homesite__gap_far,0.0830990647492541,-84.00492766579096,-65.5929982467052,higher_shift_more_harmful,not_assessed_two_windows,all_negative,tabred_homesite__gap_near;tabred_homesite__gap_far,0.043797;0.083099,-18.411929;-84.004928,-0.0112360343;-0.104501493,descriptive_exact_variant_no_ci_across_variants
tabicl,tdda_v2_k5_lam06_pfl_dw,test_time_variant,M17_tdda,tabred_weather,3,3,tabred_weather__gap_near,0.0948655339805825,-3.741018562640253,tabred_weather__gap_maxdiff,0.2280292319342118,-3.364100041082467,0.37691852155778616,higher_shift_more_helpful,nonmonotonic,all_negative,tabred_weather__gap_near;tabred_weather__gap_far;tabred_weather__gap_maxdiff,0.094866;0.101202;0.228029,-3.741019;-4.583950;-3.364100,-0.0647004278;-0.0754165799;-0.0604228649,descriptive_exact_variant_no_ci_across_variants
tabicl,tdda_v2_k5_lam07_nopfl_dw,test_time_variant,M17_tdda,tabred_delivery_eta,3,3,tabred_delivery_eta__gap_near,0.1571228260314691,-12.004203377900444,tabred_delivery_eta__gap_maxdiff,0.2496496029927623,-5.281755111824863,6.722448266075581,higher_shift_more_helpful,strictly_increasing,all_negative,tabred_delivery_eta__gap_near;tabred_delivery_eta__gap_far;tabred_delivery_eta__gap_maxdiff,0.157123;0.237934;0.249650,-12.004203;-6.671438;-5.281755,-0.0673060881;-0.0374059212;-0.0289708194,descriptive_exact_variant_no_ci_across_variants
tabicl,tdda_v2_k5_lam07_nopfl_dw,test_time_variant,M17_tdda,tabred_homesite,2,2,tabred_homesite__gap_near,0.0437974647176086,-12.170318680830489,tabred_homesite__gap_far,0.0830990647492541,-67.8166733895146,-55.646354708684115,higher_shift_more_harmful,not_assessed_two_windows,all_negative,tabred_homesite__gap_near;tabred_homesite__gap_far,0.043797;0.083099,-12.170319;-67.816673,-0.00742703901;-0.0843634275,descriptive_exact_variant_no_ci_across_variants
tabicl,tdda_v2_k5_lam07_nopfl_dw,test_time_variant,M17_tdda,tabred_weather,3,3,tabred_weather__gap_near,0.0948655339805825,-9.358075545345704,tabred_weather__gap_maxdiff,0.2280292319342118,-11.029905185679551,-1.671829640333847,higher_shift_more_harmful,nonmonotonic,all_negative,tabred_weather__gap_near;tabred_weather__gap_far;tabred_weather__gap_maxdiff,0.094866;0.101202;0.228029,-9.358076;-13.727645;-11.029905,-0.161846695;-0.22585148;-0.198108993,descriptive_exact_variant_no_ci_across_variants
tabicl,tdda_v2_k5_lam07_pfl_dw,test_time_variant,M17_tdda,tabred_delivery_eta,3,3,tabred_delivery_eta__gap_near,0.1571228260314691,-7.652811088475743,tabred_delivery_eta__gap_maxdiff,0.2496496029927623,-4.23268874780957,3.4201223406661727,higher_shift_more_helpful,strictly_increasing,all_negative,tabred_delivery_eta__gap_near;tabred_delivery_eta__gap_far;tabred_delivery_eta__gap_maxdiff,0.157123;0.237934;0.249650,-7.652811;-6.782637;-4.232689,-0.0429083681;-0.0380294039;-0.0232166124,descriptive_exact_variant_no_ci_across_variants
tabicl,tdda_v2_k5_lam07_pfl_dw,test_time_variant,M17_tdda,tabred_homesite,2,2,tabred_homesite__gap_near,0.0437974647176086,-18.807947019867964,tabred_homesite__gap_far,0.0830990647492541,-82.80353658137737,-63.995589561509405,higher_shift_more_harmful,not_assessed_two_windows,all_negative,tabred_homesite__gap_near;tabred_homesite__gap_far,0.043797;0.083099,-18.807947;-82.803537,-0.0114777074;-0.103006972,descriptive_exact_variant_no_ci_across_variants
tabicl,tdda_v2_k5_lam07_pfl_dw,test_time_variant,M17_tdda,tabred_weather,3,3,tabred_weather__gap_near,0.0948655339805825,-3.7857648788921385,tabred_weather__gap_maxdiff,0.2280292319342118,-2.8653574668593214,0.9204074120328172,higher_shift_more_helpful,nonmonotonic,all_negative,tabred_weather__gap_near;tabred_weather__gap_far;tabred_weather__gap_maxdiff,0.094866;0.101202;0.228029,-3.785765;-4.573077;-2.865357,-0.0654743095;-0.0752376854;-0.0514649104,descriptive_exact_variant_no_ci_across_variants
tabicl,tdda_v2_k5_lam07_pfl_dw_cumshift,test_time_variant,M17_tdda,tabred_delivery_eta,3,3,tabred_delivery_eta__gap_near,0.1571228260314691,-7.800546222039119,tabred_delivery_eta__gap_maxdiff,0.2496496029927623,-4.491986125418167,3.308560096620952,higher_shift_more_helpful,strictly_increasing,all_negative,tabred_delivery_eta__gap_near;tabred_delivery_eta__gap_far;tabred_delivery_eta__gap_maxdiff,0.157123;0.237934;0.249650,-7.800546;-5.984108;-4.491986,-0.0437367008;-0.0335521481;-0.0246388778,descriptive_exact_variant_no_ci_across_variants
tabicl,tdda_v2_k5_lam07_pfl_dw_cumshift,test_time_variant,M17_tdda,tabred_homesite,2,2,tabred_homesite__gap_near,0.0437974647176086,-18.261256055824923,tabred_homesite__gap_far,0.0830990647492541,-81.95536755808,-63.694111502255076,higher_shift_more_harmful,not_assessed_two_windows,all_negative,tabred_homesite__gap_near;tabred_homesite__gap_far,0.043797;0.083099,-18.261256;-81.955368,-0.0111440846;-0.101951856,descriptive_exact_variant_no_ci_across_variants
tabicl,tdda_v2_k5_lam07_pfl_dw_cumshift,test_time_variant,M17_tdda,tabred_weather,3,3,tabred_weather__gap_near,0.0948655339805825,-3.899602393992195,tabred_weather__gap_maxdiff,0.2280292319342118,-2.930914547797636,0.9686878461945589,higher_shift_more_helpful,nonmonotonic,all_negative,tabred_weather__gap_near;tabred_weather__gap_far;tabred_weather__gap_maxdiff,0.094866;0.101202;0.228029,-3.899602;-4.753300;-2.930915,-0.0674431145;-0.0782027714;-0.0526423863,descriptive_exact_variant_no_ci_across_variants
tabicl,tdda_v2_k5_lam07_pfl_nodw,test_time_variant,M17_tdda,tabred_delivery_eta,3,3,tabred_delivery_eta__gap_near,0.1571228260314691,-7.652811088475743,tabred_delivery_eta__gap_maxdiff,0.2496496029927623,-4.23268874780957,3.4201223406661727,higher_shift_more_helpful,strictly_increasing,all_negative,tabred_delivery_eta__gap_near;tabred_delivery_eta__gap_far;tabred_delivery_eta__gap_maxdiff,0.157123;0.237934;0.249650,-7.652811;-6.782637;-4.232689,-0.0429083681;-0.0380294039;-0.0232166124,descriptive_exact_variant_no_ci_across_variants
tabicl,tdda_v2_k5_lam07_pfl_nodw,test_time_variant,M17_tdda,tabred_homesite,2,2,tabred_homesite__gap_near,0.0437974647176086,-18.8061691630742,tabred_homesite__gap_far,0.0830990647492541,-82.80353658137737,-63.99736741830317,higher_shift_more_harmful,not_assessed_two_windows,all_negative,tabred_homesite__gap_near;tabred_homesite__gap_far,0.043797;0.083099,-18.806169;-82.803537,-0.0114766224;-0.103006972,descriptive_exact_variant_no_ci_across_variants
tabicl,tdda_v2_k5_lam07_pfl_nodw,test_time_variant,M17_tdda,tabred_weather,3,3,tabred_weather__gap_near,0.0948655339805825,-3.7857648788921385,tabred_weather__gap_maxdiff,0.2280292319342118,-2.8653574668593214,0.9204074120328172,higher_shift_more_helpful,nonmonotonic,all_negative,tabred_weather__gap_near;tabred_weather__gap_far;tabred_weather__gap_maxdiff,0.094866;0.101202;0.228029,-3.785765;-4.573077;-2.865357,-0.0654743095;-0.0752376854;-0.0514649104,descriptive_exact_variant_no_ci_across_variants
tabicl,train_only_scaling,train_only_version,baselines,tabred_delivery_eta,3,3,tabred_delivery_eta__gap_near,0.1571228260314691,-0.7304251330107991,tabred_delivery_eta__gap_maxdiff,0.2496496029927623,-0.0142334747183066,0.7161916582924925,higher_shift_more_helpful,strictly_increasing,all_negative,tabred_delivery_eta__gap_near;tabred_delivery_eta__gap_far;tabred_delivery_eta__gap_maxdiff,0.157123;0.237934;0.249650,-0.730425;-0.187221;-0.014233,-0.00409540365;-0.00104972268;-7.80716669e-05,descriptive_exact_variant_no_ci_across_variants
tabicl,train_only_scaling,train_only_version,baselines,tabred_homesite,2,2,tabred_homesite__gap_near,0.0437974647176086,0.0053335703805669,tabred_homesite__gap_far,0.0830990647492541,-0.0080674174452978,-0.013400987825864701,higher_shift_more_harmful,not_assessed_two_windows,mixed_or_tied,tabred_homesite__gap_near;tabred_homesite__gap_far,0.043797;0.083099,0.005334;-0.008067,3.25485604e-06;-1.00358061e-05,descriptive_exact_variant_no_ci_across_variants
tabicl,train_only_scaling,train_only_version,baselines,tabred_weather,3,3,tabred_weather__gap_near,0.0948655339805825,-0.0004503529242476,tabred_weather__gap_maxdiff,0.2280292319342118,0.0006799305850055,0.0011302835092531,higher_shift_more_helpful,nonmonotonic,mixed_or_tied,tabred_weather__gap_near;tabred_weather__gap_far;tabred_weather__gap_maxdiff,0.094866;0.101202;0.228029,-0.000450;-0.005245;0.000680,-7.78879505e-06;-8.62945872e-05;1.22122866e-05,descriptive_exact_variant_no_ci_across_variants
tabpfn,adversarial_lgbm_both_ratio,test_time_variant,M6_adversarial,tabred_delivery_eta,3,3,tabred_delivery_eta__gap_near,0.1571228260314691,0.4488459164275785,tabred_delivery_eta__gap_maxdiff,0.2496496029927623,-0.0214594331732162,-0.4703053496007947,higher_shift_more_harmful,nonmonotonic,mixed_or_tied,tabred_delivery_eta__gap_near;tabred_delivery_eta__gap_far;tabred_delivery_eta__gap_maxdiff,0.157123;0.237934;0.249650,0.448846;-0.704440;-0.021459,0.00253999817;-0.00387587696;-0.000117758047,descriptive_exact_variant_no_ci_across_variants
tabpfn,adversarial_lgbm_both_ratio,test_time_variant,M6_adversarial,tabred_homesite,2,2,tabred_homesite__gap_near,0.0437974647176086,-7.243152040668587,tabred_homesite__gap_far,0.0830990647492541,-50.70477253030792,-43.46162048963933,higher_shift_more_harmful,not_assessed_two_windows,all_negative,tabred_homesite__gap_near;tabred_homesite__gap_far,0.043797;0.083099,-7.243152;-50.704773,-0.00359797212;-0.0414188568,descriptive_exact_variant_no_ci_across_variants
tabpfn,adversarial_lgbm_both_ratio,test_time_variant,M6_adversarial,tabred_sberbank,2,2,tabred_sberbank__gap_near,0.2265311490062835,-41.08565711040587,tabred_sberbank__gap_far,0.235749592588427,-32.94612581397826,8.139531296427606,higher_shift_more_helpful,not_assessed_two_windows,all_negative,tabred_sberbank__gap_near;tabred_sberbank__gap_far,0.226531;0.235750,-41.085657;-32.946126,-0.101786595;-0.129443724,descriptive_exact_variant_no_ci_across_variants
tabpfn,adversarial_lgbm_both_ratio,test_time_variant,M6_adversarial,tabred_weather,3,3,tabred_weather__gap_near,0.0948655339805825,-8.562432035504928,tabred_weather__gap_maxdiff,0.2280292319342118,-16.39224288147495,-7.829810845970021,higher_shift_more_harmful,nonmonotonic,all_negative,tabred_weather__gap_near;tabred_weather__gap_far;tabred_weather__gap_maxdiff,0.094866;0.101202;0.228029,-8.562432;-21.685093;-16.392243,-0.144176473;-0.350354647;-0.286351257,descriptive_exact_variant_no_ci_across_variants
tabpfn,adversarial_lgbm_cal_iso_both_ratio,test_time_variant,M6_adversarial,tabred_delivery_eta,3,3,tabred_delivery_eta__gap_near,0.1571228260314691,0.0095720055029602,tabred_delivery_eta__gap_maxdiff,0.2496496029927623,-0.0822996267638082,-0.0918716322667684,higher_shift_more_harmful,nonmonotonic,mixed_or_tied,tabred_delivery_eta__gap_near;tabred_delivery_eta__gap_far;tabred_delivery_eta__gap_maxdiff,0.157123;0.237934;0.249650,0.009572;-0.157753;-0.082300,5.4167534e-05;-0.000867970255;-0.000451616928,descriptive_exact_variant_no_ci_across_variants
tabpfn,adversarial_lgbm_cal_iso_both_ratio,test_time_variant,M6_adversarial,tabred_homesite,2,2,tabred_homesite__gap_near,0.0437974647176086,-7.076065382210532,tabred_homesite__gap_far,0.0830990647492541,-29.389263550061493,-22.31319816785096,higher_shift_more_harmful,not_assessed_two_windows,all_negative,tabred_homesite__gap_near;tabred_homesite__gap_far,0.043797;0.083099,-7.076065;-29.389264,-0.00351497329;-0.0240070045,descriptive_exact_variant_no_ci_across_variants
tabpfn,adversarial_lgbm_cal_iso_both_ratio,test_time_variant,M6_adversarial,tabred_sberbank,2,2,tabred_sberbank__gap_near,0.2265311490062835,-30.46943890484017,tabred_sberbank__gap_far,0.235749592588427,-34.109922495173194,-3.640483590333023,higher_shift_more_harmful,not_assessed_two_windows,all_negative,tabred_sberbank__gap_near;tabred_sberbank__gap_far,0.226531;0.235750,-30.469439;-34.109922,-0.075485721;-0.134016224,descriptive_exact_variant_no_ci_across_variants
tabpfn,adversarial_lgbm_cal_iso_both_ratio,test_time_variant,M6_adversarial,tabred_weather,3,3,tabred_weather__gap_near,0.0948655339805825,-11.22780916832714,tabred_weather__gap_maxdiff,0.2280292319342118,-16.327058128041923,-5.099248959714783,higher_shift_more_harmful,nonmonotonic,all_negative,tabred_weather__gap_near;tabred_weather__gap_far;tabred_weather__gap_maxdiff,0.094866;0.101202;0.228029,-11.227809;-25.165808;-16.327058,-0.189056792;-0.406590724;-0.285212564,descriptive_exact_variant_no_ci_across_variants
tabpfn,adversarial_lgbm_cal_iso_feature,test_time_variant,M6_adversarial,tabred_delivery_eta,3,3,tabred_delivery_eta__gap_near,0.1571228260314691,0.0035969563432538,tabred_delivery_eta__gap_maxdiff,0.2496496029927623,-0.0822254599598519,-0.08582241630310569,higher_shift_more_harmful,nonmonotonic,mixed_or_tied,tabred_delivery_eta__gap_near;tabred_delivery_eta__gap_far;tabred_delivery_eta__gap_maxdiff,0.157123;0.237934;0.249650,0.003597;-0.157753;-0.082225,2.03550087e-05;-0.000867970255;-0.000451209939,descriptive_exact_variant_no_ci_across_variants
tabpfn,adversarial_lgbm_cal_iso_feature,test_time_variant,M6_adversarial,tabred_homesite,2,2,tabred_homesite__gap_near,0.0437974647176086,3.443295647829409,tabred_homesite__gap_far,0.0830990647492541,-15.001112361826433,-18.44440800965584,higher_shift_more_harmful,not_assessed_two_windows,mixed_or_tied,tabred_homesite__gap_near;tabred_homesite__gap_far,0.043797;0.083099,3.443296;-15.001112,0.00171042685;-0.0122538549,descriptive_exact_variant_no_ci_across_variants
tabpfn,adversarial_lgbm_cal_iso_feature,test_time_variant,M6_adversarial,tabred_sberbank,2,2,tabred_sberbank__gap_near,0.2265311490062835,-39.183254079786096,tabred_sberbank__gap_far,0.235749592588427,-34.677306119187406,4.505947960598689,higher_shift_more_helpful,not_assessed_two_windows,all_negative,tabred_sberbank__gap_near;tabred_sberbank__gap_far,0.226531;0.235750,-39.183254;-34.677306,-0.0970735364;-0.136245447,descriptive_exact_variant_no_ci_across_variants
tabpfn,adversarial_lgbm_cal_iso_feature,test_time_variant,M6_adversarial,tabred_weather,3,3,tabred_weather__gap_near,0.0948655339805825,-11.22780916832714,tabred_weather__gap_maxdiff,0.2280292319342118,-16.327058128041923,-5.099248959714783,higher_shift_more_harmful,nonmonotonic,all_negative,tabred_weather__gap_near;tabred_weather__gap_far;tabred_weather__gap_maxdiff,0.094866;0.101202;0.228029,-11.227809;-25.165808;-16.327058,-0.189056792;-0.406590724;-0.285212564,descriptive_exact_variant_no_ci_across_variants
tabpfn,adversarial_lgbm_cal_platt_feature,test_time_variant,M6_adversarial,tabred_delivery_eta,3,3,tabred_delivery_eta__gap_near,0.1571228260314691,-0.0340785805177587,tabred_delivery_eta__gap_maxdiff,0.2496496029927623,-0.5369623935865349,-0.5028838130687762,higher_shift_more_harmful,strictly_decreasing,all_negative,tabred_delivery_eta__gap_near;tabred_delivery_eta__gap_far;tabred_delivery_eta__gap_maxdiff,0.157123;0.237934;0.249650,-0.034079;-0.369504;-0.536962,-0.000192849102;-0.00203303569;-0.0029465663,descriptive_exact_variant_no_ci_across_variants
tabpfn,adversarial_lgbm_cal_platt_feature,test_time_variant,M6_adversarial,tabred_homesite,2,2,tabred_homesite__gap_near,0.0437974647176086,5.330392025707475,tabred_homesite__gap_far,0.0830990647492541,-20.56524583196389,-25.895637857671364,higher_shift_more_harmful,not_assessed_two_windows,mixed_or_tied,tabred_homesite__gap_near;tabred_homesite__gap_far,0.043797;0.083099,5.330392;-20.565246,0.00264782539;-0.0167989901,descriptive_exact_variant_no_ci_across_variants
tabpfn,adversarial_lgbm_cal_platt_feature,test_time_variant,M6_adversarial,tabred_sberbank,2,2,tabred_sberbank__gap_near,0.2265311490062835,-52.59066048182218,tabred_sberbank__gap_far,0.235749592588427,-37.49869298593381,15.091967495888369,higher_shift_more_helpful,not_assessed_two_windows,all_negative,tabred_sberbank__gap_near;tabred_sberbank__gap_far,0.226531;0.235750,-52.590660;-37.498693,-0.130289368;-0.147330538,descriptive_exact_variant_no_ci_across_variants
tabpfn,adversarial_lgbm_cal_platt_feature,test_time_variant,M6_adversarial,tabred_weather,3,3,tabred_weather__gap_near,0.0948655339805825,-9.177244805684024,tabred_weather__gap_maxdiff,0.2280292319342118,-26.52442054120121,-17.347175735517183,higher_shift_more_harmful,strictly_decreasing,all_negative,tabred_weather__gap_near;tabred_weather__gap_far;tabred_weather__gap_maxdiff,0.094866;0.101202;0.228029,-9.177245;-21.317471;-26.524421,-0.154528852;-0.344415171;-0.463347281,descriptive_exact_variant_no_ci_across_variants
tabpfn,adversarial_lgbm_feature,test_time_variant,M6_adversarial,tabred_delivery_eta,3,3,tabred_delivery_eta__gap_near,0.1571228260314691,0.4488459164275785,tabred_delivery_eta__gap_maxdiff,0.2496496029927623,-0.0214594331732162,-0.4703053496007947,higher_shift_more_harmful,nonmonotonic,mixed_or_tied,tabred_delivery_eta__gap_near;tabred_delivery_eta__gap_far;tabred_delivery_eta__gap_maxdiff,0.157123;0.237934;0.249650,0.448846;-0.711708;-0.021459,0.00253999817;-0.00391586598;-0.000117758047,descriptive_exact_variant_no_ci_across_variants
tabpfn,adversarial_lgbm_feature,test_time_variant,M6_adversarial,tabred_homesite,2,2,tabred_homesite__gap_near,0.0437974647176086,2.661373769032749,tabred_homesite__gap_far,0.0830990647492541,-10.595163384369274,-13.256537153402022,higher_shift_more_harmful,not_assessed_two_windows,mixed_or_tied,tabred_homesite__gap_near;tabred_homesite__gap_far,0.043797;0.083099,2.661374;-10.595163,0.00132201403;-0.00865479783,descriptive_exact_variant_no_ci_across_variants
tabpfn,adversarial_lgbm_feature,test_time_variant,M6_adversarial,tabred_sberbank,2,2,tabred_sberbank__gap_near,0.2265311490062835,-52.32726886399573,tabred_sberbank__gap_far,0.235749592588427,-38.68179512338224,13.64547374061349,higher_shift_more_helpful,not_assessed_two_windows,all_negative,tabred_sberbank__gap_near;tabred_sberbank__gap_far,0.226531;0.235750,-52.327269;-38.681795,-0.129636835;-0.151978889,descriptive_exact_variant_no_ci_across_variants
tabpfn,adversarial_lgbm_feature,test_time_variant,M6_adversarial,tabred_weather,3,3,tabred_weather__gap_near,0.0948655339805825,-8.562432035504928,tabred_weather__gap_maxdiff,0.2280292319342118,-16.39224288147495,-7.829810845970021,higher_shift_more_harmful,nonmonotonic,all_negative,tabred_weather__gap_near;tabred_weather__gap_far;tabred_weather__gap_maxdiff,0.094866;0.101202;0.228029,-8.562432;-21.685093;-16.392243,-0.144176473;-0.350354647;-0.286351257,descriptive_exact_variant_no_ci_across_variants
tabpfn,adversarial_logreg_feature,test_time_variant,M6_adversarial,tabred_delivery_eta,3,3,tabred_delivery_eta__gap_near,0.1571228260314691,0.4061848482902676,tabred_delivery_eta__gap_maxdiff,0.2496496029927623,0.1293241474309727,-0.2768607008592949,higher_shift_more_harmful,nonmonotonic,mixed_or_tied,tabred_delivery_eta__gap_near;tabred_delivery_eta__gap_far;tabred_delivery_eta__gap_maxdiff,0.157123;0.237934;0.249650,0.406185;-0.205610;0.129324,0.00229858117;-0.00113127869;0.000709662685,descriptive_exact_variant_no_ci_across_variants
tabpfn,adversarial_logreg_feature,test_time_variant,M6_adversarial,tabred_homesite,2,2,tabred_homesite__gap_near,0.0437974647176086,4.357357955864073,tabred_homesite__gap_far,0.0830990647492541,-6.671348547786606,-11.028706503650678,higher_shift_more_harmful,not_assessed_two_windows,mixed_or_tied,tabred_homesite__gap_near;tabred_homesite__gap_far,0.043797;0.083099,4.357358;-6.671349,0.00216447927;-0.00544957835,descriptive_exact_variant_no_ci_across_variants
tabpfn,adversarial_logreg_feature,test_time_variant,M6_adversarial,tabred_sberbank,2,2,tabred_sberbank__gap_near,0.2265311490062835,-43.887744009053705,tabred_sberbank__gap_far,0.235749592588427,-37.60578416344933,6.281959845604376,higher_shift_more_helpful,not_assessed_two_windows,all_negative,tabred_sberbank__gap_near;tabred_sberbank__gap_far,0.226531;0.235750,-43.887744;-37.605784,-0.108728553;-0.147751294,descriptive_exact_variant_no_ci_across_variants
tabpfn,adversarial_logreg_feature,test_time_variant,M6_adversarial,tabred_weather,3,3,tabred_weather__gap_near,0.0948655339805825,-0.1136296458590404,tabred_weather__gap_maxdiff,0.2280292319342118,0.2035017194904937,0.3171313653495341,higher_shift_more_helpful,nonmonotonic,mixed_or_tied,tabred_weather__gap_near;tabred_weather__gap_far;tabred_weather__gap_maxdiff,0.094866;0.101202;0.228029,-0.113630;0.371326;0.203502,-0.00191332574;0.00599931857;0.00355491153,descriptive_exact_variant_no_ci_across_variants
tabpfn,adversarial_rf_feature,test_time_variant,M6_adversarial,tabred_delivery_eta,3,3,tabred_delivery_eta__gap_near,0.1571228260314691,0.5663529933214215,tabred_delivery_eta__gap_maxdiff,0.2496496029927623,0.1550138031737818,-0.41133919014763975,higher_shift_more_harmful,nonmonotonic,mixed_or_tied,tabred_delivery_eta__gap_near;tabred_delivery_eta__gap_far;tabred_delivery_eta__gap_maxdiff,0.157123;0.237934;0.249650,0.566353;-0.561050;0.155014,0.00320496525;-0.00308693561;0.000850633961,descriptive_exact_variant_no_ci_across_variants
tabpfn,adversarial_rf_feature,test_time_variant,M6_adversarial,tabred_homesite,2,2,tabred_homesite__gap_near,0.0437974647176086,5.003590179017876,tabred_homesite__gap_far,0.0830990647492541,-21.681924286345165,-26.685514465363042,higher_shift_more_harmful,not_assessed_two_windows,mixed_or_tied,tabred_homesite__gap_near;tabred_homesite__gap_far,0.043797;0.083099,5.003590;-21.681924,0.00248548944;-0.0177111635,descriptive_exact_variant_no_ci_across_variants
tabpfn,adversarial_rf_feature,test_time_variant,M6_adversarial,tabred_sberbank,2,2,tabred_sberbank__gap_near,0.2265311490062835,-0.2769845624530945,tabred_sberbank__gap_far,0.235749592588427,1.684237214569066,1.9612217770221605,higher_shift_more_helpful,not_assessed_two_windows,mixed_or_tied,tabred_sberbank__gap_near;tabred_sberbank__gap_far,0.226531;0.235750,-0.276985;1.684237,-0.000686208219;0.00661728598,descriptive_exact_variant_no_ci_across_variants
tabpfn,adversarial_rf_feature,test_time_variant,M6_adversarial,tabred_weather,3,3,tabred_weather__gap_near,0.0948655339805825,-0.018985773117375,tabred_weather__gap_maxdiff,0.2280292319342118,0.9108249822543149,0.9298107553716899,higher_shift_more_helpful,nonmonotonic,mixed_or_tied,tabred_weather__gap_near;tabred_weather__gap_far;tabred_weather__gap_maxdiff,0.094866;0.101202;0.228029,-0.018986;-0.114316;0.910825,-0.00031968742;-0.001846944;0.015910933,descriptive_exact_variant_no_ci_across_variants
tabpfn,cluster_membership_k10_both,test_time_variant,M20_cluster_membership,tabred_delivery_eta,3,3,tabred_delivery_eta__gap_near,0.1571228260314691,0.1285516854303185,tabred_delivery_eta__gap_maxdiff,0.2496496029927623,-0.0076154838880631,-0.1361671693183816,higher_shift_more_harmful,nonmonotonic,mixed_or_tied,tabred_delivery_eta__gap_near;tabred_delivery_eta__gap_far;tabred_delivery_eta__gap_maxdiff,0.157123;0.237934;0.249650,0.128552;-0.364349;-0.007615,0.00072746801;-0.00200467569;-4.17897574e-05,descriptive_exact_variant_no_ci_across_variants
tabpfn,cluster_membership_k10_both,test_time_variant,M20_cluster_membership,tabred_homesite,2,2,tabred_homesite__gap_near,0.0437974647176086,3.397428721978441,tabred_homesite__gap_far,0.0830990647492541,-16.51890517032437,-19.91633389230281,higher_shift_more_harmful,not_assessed_two_windows,mixed_or_tied,tabred_homesite__gap_near;tabred_homesite__gap_far,0.043797;0.083099,3.397429;-16.518905,0.00168764286;-0.0134936838,descriptive_exact_variant_no_ci_across_variants
tabpfn,cluster_membership_k10_both,test_time_variant,M20_cluster_membership,tabred_sberbank,2,2,tabred_sberbank__gap_near,0.2265311490062835,-0.2722087694059126,tabred_sberbank__gap_far,0.235749592588427,1.6890581999002856,1.9612669693061981,higher_shift_more_helpful,not_assessed_two_windows,mixed_or_tied,tabred_sberbank__gap_near;tabred_sberbank__gap_far,0.226531;0.235750,-0.272209;1.689058,-0.000674376555;0.0066362274,descriptive_exact_variant_no_ci_across_variants
tabpfn,cluster_membership_k10_both,test_time_variant,M20_cluster_membership,tabred_weather,3,3,tabred_weather__gap_near,0.0948655339805825,0.132790969523478,tabred_weather__gap_maxdiff,0.2280292319342118,-0.3600630573738749,-0.4928540268973529,higher_shift_more_harmful,nonmonotonic,mixed_or_tied,tabred_weather__gap_near;tabred_weather__gap_far;tabred_weather__gap_maxdiff,0.094866;0.101202;0.228029,0.132791;0.267015;-0.360063,0.00223596912;0.00431402038;-0.00628983538,descriptive_exact_variant_no_ci_across_variants
tabpfn,cluster_membership_k10_both_cumshift,test_time_variant,M20_cluster_membership,tabred_delivery_eta,3,3,tabred_delivery_eta__gap_near,0.1571228260314691,0.1819784495374823,tabred_delivery_eta__gap_maxdiff,0.2496496029927623,-0.0371762766459717,-0.219154726183454,higher_shift_more_harmful,nonmonotonic,mixed_or_tied,tabred_delivery_eta__gap_near;tabred_delivery_eta__gap_far;tabred_delivery_eta__gap_maxdiff,0.157123;0.237934;0.249650,0.181978;-0.270567;-0.037176,0.00102980758;-0.00148867952;-0.000204003791,descriptive_exact_variant_no_ci_across_variants
tabpfn,cluster_membership_k10_both_cumshift,test_time_variant,M20_cluster_membership,tabred_homesite,2,2,tabred_homesite__gap_near,0.0437974647176086,1.403036499698349,tabred_homesite__gap_far,0.0830990647492541,-11.498500801896784,-12.901537301595132,higher_shift_more_harmful,not_assessed_two_windows,mixed_or_tied,tabred_homesite__gap_near;tabred_homesite__gap_far,0.043797;0.083099,1.403036;-11.498501,0.00069694605;-0.00939270082,descriptive_exact_variant_no_ci_across_variants
tabpfn,cluster_membership_k10_both_cumshift,test_time_variant,M20_cluster_membership,tabred_sberbank,2,2,tabred_sberbank__gap_near,0.2265311490062835,0.2609778846732871,tabred_sberbank__gap_far,0.235749592588427,-0.3276108503940542,-0.5885887350673413,higher_shift_more_harmful,not_assessed_two_windows,mixed_or_tied,tabred_sberbank__gap_near;tabred_sberbank__gap_far,0.226531;0.235750,0.260978;-0.327611,0.000646552891;-0.00128716707,descriptive_exact_variant_no_ci_across_variants
tabpfn,cluster_membership_k10_both_cumshift,test_time_variant,M20_cluster_membership,tabred_weather,3,3,tabred_weather__gap_near,0.0948655339805825,-0.5881842285946282,tabred_weather__gap_maxdiff,0.2280292319342118,0.1290214219985544,0.7172056505931825,higher_shift_more_helpful,strictly_increasing,mixed_or_tied,tabred_weather__gap_near;tabred_weather__gap_far;tabred_weather__gap_maxdiff,0.094866;0.101202;0.228029,-0.588184;0.066520;0.129021,-0.0099040001;0.00107472954;0.00225383718,descriptive_exact_variant_no_ci_across_variants
tabpfn,cluster_membership_k10_feature,test_time_variant,M20_cluster_membership,tabred_delivery_eta,3,3,tabred_delivery_eta__gap_near,0.1571228260314691,0.1391098730839223,tabred_delivery_eta__gap_maxdiff,0.2496496029927623,-0.0071503572511163,-0.1462602303350386,higher_shift_more_harmful,nonmonotonic,mixed_or_tied,tabred_delivery_eta__gap_near;tabred_delivery_eta__gap_far;tabred_delivery_eta__gap_maxdiff,0.157123;0.237934;0.249650,0.139110;-0.365924;-0.007150,0.000787216303;-0.00201333765;-3.92373878e-05,descriptive_exact_variant_no_ci_across_variants
tabpfn,cluster_membership_k10_feature,test_time_variant,M20_cluster_membership,tabred_homesite,2,2,tabred_homesite__gap_near,0.0437974647176086,5.134092503761075,tabred_homesite__gap_far,0.0830990647492541,1.193713661463513,-3.9403788422975623,higher_shift_more_harmful,not_assessed_two_windows,all_positive,tabred_homesite__gap_near;tabred_homesite__gap_far,0.043797;0.083099,5.134093;1.193714,0.00255031533;0.000975100623,descriptive_exact_variant_no_ci_across_variants
tabpfn,cluster_membership_k10_feature,test_time_variant,M20_cluster_membership,tabred_sberbank,2,2,tabred_sberbank__gap_near,0.2265311490062835,-1.710157280857994,tabred_sberbank__gap_far,0.235749592588427,4.501727345196271,6.211884626054266,higher_shift_more_helpful,not_assessed_two_windows,mixed_or_tied,tabred_sberbank__gap_near;tabred_sberbank__gap_far,0.226531;0.235750,-1.710157;4.501727,-0.00423678479;0.0176870675,descriptive_exact_variant_no_ci_across_variants
tabpfn,cluster_membership_k10_feature,test_time_variant,M20_cluster_membership,tabred_weather,3,3,tabred_weather__gap_near,0.0948655339805825,0.1424409906043542,tabred_weather__gap_maxdiff,0.2280292319342118,-0.3594246866295057,-0.5018656772338599,higher_shift_more_harmful,nonmonotonic,mixed_or_tied,tabred_weather__gap_near;tabred_weather__gap_far;tabred_weather__gap_maxdiff,0.094866;0.101202;0.228029,0.142441;0.267926;-0.359425,0.00239845871;0.00432874282;-0.00627868387,descriptive_exact_variant_no_ci_across_variants
tabpfn,cluster_membership_k10_feature_cumshift,test_time_variant,M20_cluster_membership,tabred_delivery_eta,3,3,tabred_delivery_eta__gap_near,0.1571228260314691,0.1761702127721252,tabred_delivery_eta__gap_maxdiff,0.2496496029927623,-0.053231918103415,-0.22940213087554018,higher_shift_more_harmful,nonmonotonic,mixed_or_tied,tabred_delivery_eta__gap_near;tabred_delivery_eta__gap_far;tabred_delivery_eta__gap_maxdiff,0.157123;0.237934;0.249650,0.176170;-0.257238;-0.053232,0.000996939042;-0.00141534316;-0.00029210868,descriptive_exact_variant_no_ci_across_variants
tabpfn,cluster_membership_k10_feature_cumshift,test_time_variant,M20_cluster_membership,tabred_homesite,2,2,tabred_homesite__gap_near,0.0437974647176086,4.7827190896505165,tabred_homesite__gap_far,0.0830990647492541,6.149700658451692,1.366981568801175,higher_shift_more_helpful,not_assessed_two_windows,all_positive,tabred_homesite__gap_near;tabred_homesite__gap_far,0.043797;0.083099,4.782719;6.149701,0.00237577367;0.00502346344,descriptive_exact_variant_no_ci_across_variants
tabpfn,cluster_membership_k10_feature_cumshift,test_time_variant,M20_cluster_membership,tabred_sberbank,2,2,tabred_sberbank__gap_near,0.2265311490062835,0.3842148579936617,tabred_sberbank__gap_far,0.235749592588427,2.082303139853801,1.6980882818601393,higher_shift_more_helpful,not_assessed_two_windows,all_positive,tabred_sberbank__gap_near;tabred_sberbank__gap_far,0.226531;0.235750,0.384215;2.082303,0.000951863133;0.00818126761,descriptive_exact_variant_no_ci_across_variants
tabpfn,cluster_membership_k10_feature_cumshift,test_time_variant,M20_cluster_membership,tabred_weather,3,3,tabred_weather__gap_near,0.0948655339805825,-0.5507920189978125,tabred_weather__gap_maxdiff,0.2280292319342118,0.1326122934270744,0.6834043124248869,higher_shift_more_helpful,strictly_increasing,mixed_or_tied,tabred_weather__gap_near;tabred_weather__gap_far;tabred_weather__gap_maxdiff,0.094866;0.101202;0.228029,-0.550792;0.067708;0.132612,-0.00927438028;0.00109392632;0.00231656505,descriptive_exact_variant_no_ci_across_variants
tabpfn,cluster_membership_k10_weight,test_time_variant,M20_cluster_membership,tabred_delivery_eta,3,3,tabred_delivery_eta__gap_near,0.1571228260314691,0.1531037545877143,tabred_delivery_eta__gap_maxdiff,0.2496496029927623,0.0117187844499396,-0.1413849701377747,higher_shift_more_harmful,nonmonotonic,mixed_or_tied,tabred_delivery_eta__gap_near;tabred_delivery_eta__gap_far;tabred_delivery_eta__gap_maxdiff,0.157123;0.237934;0.249650,0.153104;-0.512726;0.011719,0.000866407028;-0.0028210555;6.43065058e-05,descriptive_exact_variant_no_ci_across_variants
tabpfn,cluster_membership_k10_weight,test_time_variant,M20_cluster_membership,tabred_homesite,2,2,tabred_homesite__gap_near,0.0437974647176086,3.612293428197511,tabred_homesite__gap_far,0.0830990647492541,-19.518961618536355,-23.131255046733866,higher_shift_more_harmful,not_assessed_two_windows,mixed_or_tied,tabred_homesite__gap_near;tabred_homesite__gap_far,0.043797;0.083099,3.612293;-19.518962,0.00179437501;-0.0159443192,descriptive_exact_variant_no_ci_across_variants
tabpfn,cluster_membership_k10_weight,test_time_variant,M20_cluster_membership,tabred_sberbank,2,2,tabred_sberbank__gap_near,0.2265311490062835,1.6663293891662925,tabred_sberbank__gap_far,0.235749592588427,-1.3566722945542558,-3.0230016837205484,higher_shift_more_harmful,not_assessed_two_windows,mixed_or_tied,tabred_sberbank__gap_near;tabred_sberbank__gap_far,0.226531;0.235750,1.666329;-1.356672,0.00412820452;-0.00533029937,descriptive_exact_variant_no_ci_across_variants
tabpfn,cluster_membership_k10_weight,test_time_variant,M20_cluster_membership,tabred_weather,3,3,tabred_weather__gap_near,0.0948655339805825,-0.1666289311425922,tabred_weather__gap_maxdiff,0.2280292319342118,-0.2161829384061727,-0.0495540072635805,higher_shift_more_harmful,nonmonotonic,mixed_or_tied,tabred_weather__gap_near;tabred_weather__gap_far;tabred_weather__gap_maxdiff,0.094866;0.101202;0.228029,-0.166629;0.316170;-0.216183,-0.00280574159;0.00510818841;-0.003776436,descriptive_exact_variant_no_ci_across_variants
tabpfn,cluster_membership_k15_both,test_time_variant,M20_cluster_membership,tabred_delivery_eta,3,3,tabred_delivery_eta__gap_near,0.1571228260314691,0.0678288319078836,tabred_delivery_eta__gap_maxdiff,0.2496496029927623,-0.2475353585265175,-0.3153641904344011,higher_shift_more_harmful,nonmonotonic,mixed_or_tied,tabred_delivery_eta__gap_near;tabred_delivery_eta__gap_far;tabred_delivery_eta__gap_maxdiff,0.157123;0.237934;0.249650,0.067829;-0.247797;-0.247535,0.000383840206;-0.00136339404;-0.00135834344,descriptive_exact_variant_no_ci_across_variants
tabpfn,cluster_membership_k15_both,test_time_variant,M20_cluster_membership,tabred_homesite,2,2,tabred_homesite__gap_near,0.0437974647176086,3.603283853477312,tabred_homesite__gap_far,0.0830990647492541,-8.592081976086137,-12.19536582956345,higher_shift_more_harmful,not_assessed_two_windows,mixed_or_tied,tabred_homesite__gap_near;tabred_homesite__gap_far,0.043797;0.083099,3.603284;-8.592082,0.00178989958;-0.00701855458,descriptive_exact_variant_no_ci_across_variants
tabpfn,cluster_membership_k15_both,test_time_variant,M20_cluster_membership,tabred_sberbank,2,2,tabred_sberbank__gap_near,0.2265311490062835,-0.0004309400249724,tabred_sberbank__gap_far,0.235749592588427,0.4763179136926286,0.476748853717601,higher_shift_more_helpful,not_assessed_two_windows,mixed_or_tied,tabred_sberbank__gap_near;tabred_sberbank__gap_far,0.226531;0.235750,-0.000431;0.476318,-1.06762119e-06;0.00187142988,descriptive_exact_variant_no_ci_across_variants
tabpfn,cluster_membership_k15_both,test_time_variant,M20_cluster_membership,tabred_weather,3,3,tabred_weather__gap_near,0.0948655339805825,-0.0698587898407074,tabred_weather__gap_maxdiff,0.2280292319342118,0.0018634214799241,0.0717222113206315,higher_shift_more_helpful,nonmonotonic,mixed_or_tied,tabred_weather__gap_near;tabred_weather__gap_far;tabred_weather__gap_maxdiff,0.094866;0.101202;0.228029,-0.069859;0.262729;0.001863,-0.0011763006;0.00424477493;3.25515604e-05,descriptive_exact_variant_no_ci_across_variants
tabpfn,cluster_membership_k5_both,test_time_variant,M20_cluster_membership,tabred_delivery_eta,3,3,tabred_delivery_eta__gap_near,0.1571228260314691,0.1347578635100114,tabred_delivery_eta__gap_maxdiff,0.2496496029927623,-0.3977677364623592,-0.5325255999723706,higher_shift_more_harmful,strictly_decreasing,mixed_or_tied,tabred_delivery_eta__gap_near;tabred_delivery_eta__gap_far;tabred_delivery_eta__gap_maxdiff,0.157123;0.237934;0.249650,0.134758;-0.379939;-0.397768,0.000762588483;-0.00209045281;-0.00218273946,descriptive_exact_variant_no_ci_across_variants
tabpfn,cluster_membership_k5_both,test_time_variant,M20_cluster_membership,tabred_homesite,2,2,tabred_homesite__gap_near,0.0437974647176086,4.8785482025898,tabred_homesite__gap_far,0.0830990647492541,-20.822583269414164,-25.701131472003965,higher_shift_more_harmful,not_assessed_two_windows,mixed_or_tied,tabred_homesite__gap_near;tabred_homesite__gap_far,0.043797;0.083099,4.878548;-20.822583,0.00242337594;-0.0170091996,descriptive_exact_variant_no_ci_across_variants
tabpfn,cluster_membership_k5_both,test_time_variant,M20_cluster_membership,tabred_sberbank,2,2,tabred_sberbank__gap_near,0.2265311490062835,-0.185112034112059,tabred_sberbank__gap_far,0.235749592588427,0.9045077431425652,1.0896197772546241,higher_shift_more_helpful,not_assessed_two_windows,mixed_or_tied,tabred_sberbank__gap_near;tabred_sberbank__gap_far,0.226531;0.235750,-0.185112;0.904508,-0.000458601007;0.00355376687,descriptive_exact_variant_no_ci_across_variants
tabpfn,cluster_membership_k5_both,test_time_variant,M20_cluster_membership,tabred_weather,3,3,tabred_weather__gap_near,0.0948655339805825,0.1613016430031568,tabred_weather__gap_maxdiff,0.2280292319342118,0.3985862092313658,0.23728456622820898,higher_shift_more_helpful,nonmonotonic,all_positive,tabred_weather__gap_near;tabred_weather__gap_far;tabred_weather__gap_maxdiff,0.094866;0.101202;0.228029,0.161302;0.414694;0.398586,0.00271603931;0.00669999728;0.00696278496,descriptive_exact_variant_no_ci_across_variants
tabpfn,cluster_membership_k5_feature,test_time_variant,M20_cluster_membership,tabred_delivery_eta,3,3,tabred_delivery_eta__gap_near,0.1571228260314691,0.1318410981488186,tabred_delivery_eta__gap_maxdiff,0.2496496029927623,-0.3917493503772888,-0.5235904485261074,higher_shift_more_harmful,strictly_decreasing,mixed_or_tied,tabred_delivery_eta__gap_near;tabred_delivery_eta__gap_far;tabred_delivery_eta__gap_maxdiff,0.157123;0.237934;0.249650,0.131841;-0.379675;-0.391749,0.000746082644;-0.00208899587;-0.00214971373,descriptive_exact_variant_no_ci_across_variants
tabpfn,cluster_membership_k5_feature,test_time_variant,M20_cluster_membership,tabred_homesite,2,2,tabred_homesite__gap_near,0.0437974647176086,5.391274909426931,tabred_homesite__gap_far,0.0830990647492541,-8.458432532765096,-13.849707442192027,higher_shift_more_harmful,not_assessed_two_windows,mixed_or_tied,tabred_homesite__gap_near;tabred_homesite__gap_far,0.043797;0.083099,5.391275;-8.458433,0.00267806843;-0.00690938128,descriptive_exact_variant_no_ci_across_variants
tabpfn,cluster_membership_k5_feature,test_time_variant,M20_cluster_membership,tabred_sberbank,2,2,tabred_sberbank__gap_near,0.2265311490062835,-1.647210128466328,tabred_sberbank__gap_far,0.235749592588427,1.6741787100075178,3.3213888384738457,higher_shift_more_helpful,not_assessed_two_windows,mixed_or_tied,tabred_sberbank__gap_near;tabred_sberbank__gap_far,0.226531;0.235750,-1.647210;1.674179,-0.004080838;0.00657776661,descriptive_exact_variant_no_ci_across_variants
tabpfn,cluster_membership_k5_feature,test_time_variant,M20_cluster_membership,tabred_weather,3,3,tabred_weather__gap_near,0.0948655339805825,0.1655130365573437,tabred_weather__gap_maxdiff,0.2280292319342118,0.4166257679379604,0.25111273138061674,higher_shift_more_helpful,nonmonotonic,all_positive,tabred_weather__gap_near;tabred_weather__gap_far;tabred_weather__gap_maxdiff,0.094866;0.101202;0.228029,0.165513;0.438801;0.416626,0.00278695186;0.00708946922;0.00727791269,descriptive_exact_variant_no_ci_across_variants
tabpfn,freq_enc_train_only,train_only_version,baselines,tabred_delivery_eta,3,3,tabred_delivery_eta__gap_near,0.1571228260314691,-0.0111762625838263,tabred_delivery_eta__gap_maxdiff,0.2496496029927623,0.0988906558737378,0.1100669184575641,higher_shift_more_helpful,strictly_increasing,mixed_or_tied,tabred_delivery_eta__gap_near;tabred_delivery_eta__gap_far;tabred_delivery_eta__gap_maxdiff,0.157123;0.237934;0.249650,-0.011176;0.029494;0.098891,-6.32459503e-05;0.000162277201;0.000542659741,descriptive_exact_variant_no_ci_across_variants
tabpfn,freq_enc_train_only,train_only_version,baselines,tabred_homesite,2,2,tabred_homesite__gap_near,0.0437974647176086,1.911121910466977,tabred_homesite__gap_far,0.0830990647492541,-16.580002058699524,-18.4911239691665,higher_shift_more_harmful,not_assessed_two_windows,mixed_or_tied,tabred_homesite__gap_near;tabred_homesite__gap_far,0.043797;0.083099,1.911122;-16.580002,0.000949333012;-0.0135435916,descriptive_exact_variant_no_ci_across_variants
tabpfn,freq_enc_train_only,train_only_version,baselines,tabred_sberbank,2,2,tabred_sberbank__gap_near,0.2265311490062835,1.5936972869998465,tabred_sberbank__gap_far,0.235749592588427,1.853751901933501,0.26005461493365445,higher_shift_more_helpful,not_assessed_two_windows,all_positive,tabred_sberbank__gap_near;tabred_sberbank__gap_far,0.226531;0.235750,1.593697;1.853752,0.003948264;0.00728330093,descriptive_exact_variant_no_ci_across_variants
tabpfn,freq_enc_train_only,train_only_version,baselines,tabred_weather,3,3,tabred_weather__gap_near,0.0948655339805825,0.0,tabred_weather__gap_maxdiff,0.2280292319342118,0.0,0.0,no_change,nondecreasing_with_tie,mixed_or_tied,tabred_weather__gap_near;tabred_weather__gap_far;tabred_weather__gap_maxdiff,0.094866;0.101202;0.228029,0.000000;0.000000;0.000000,0;0;0,descriptive_exact_variant_no_ci_across_variants
tabpfn,freq_ratio_log,test_time_variant,M2_freq_ratio,tabred_delivery_eta,3,3,tabred_delivery_eta__gap_near,0.1571228260314691,-0.0111762625838263,tabred_delivery_eta__gap_maxdiff,0.2496496029927623,0.0974393145027368,0.1086155770865631,higher_shift_more_helpful,strictly_increasing,mixed_or_tied,tabred_delivery_eta__gap_near;tabred_delivery_eta__gap_far;tabred_delivery_eta__gap_maxdiff,0.157123;0.237934;0.249650,-0.011176;0.029494;0.097439,-6.32459503e-05;0.000162277201;0.000534695546,descriptive_exact_variant_no_ci_across_variants
tabpfn,freq_ratio_log,test_time_variant,M2_freq_ratio,tabred_homesite,2,2,tabred_homesite__gap_near,0.0437974647176086,2.561995429688836,tabred_homesite__gap_far,0.0830990647492541,-6.789225696554513,-9.351221126243349,higher_shift_more_harmful,not_assessed_two_windows,mixed_or_tied,tabred_homesite__gap_near;tabred_homesite__gap_far,0.043797;0.083099,2.561995;-6.789226,0.00127264871;-0.00554586784,descriptive_exact_variant_no_ci_across_variants
tabpfn,freq_ratio_log,test_time_variant,M2_freq_ratio,tabred_sberbank,2,2,tabred_sberbank__gap_near,0.2265311490062835,1.946831893092538,tabred_sberbank__gap_far,0.235749592588427,1.6200503045239534,-0.3267815885685845,higher_shift_more_harmful,not_assessed_two_windows,all_positive,tabred_sberbank__gap_near;tabred_sberbank__gap_far,0.226531;0.235750,1.946832;1.620050,0.00482312817;0.00636509874,descriptive_exact_variant_no_ci_across_variants
tabpfn,freq_ratio_log,test_time_variant,M2_freq_ratio,tabred_weather,3,3,tabred_weather__gap_near,0.0948655339805825,0.0,tabred_weather__gap_maxdiff,0.2280292319342118,0.0,0.0,no_change,nondecreasing_with_tie,mixed_or_tied,tabred_weather__gap_near;tabred_weather__gap_far;tabred_weather__gap_maxdiff,0.094866;0.101202;0.228029,0.000000;0.000000;0.000000,0;0;0,descriptive_exact_variant_no_ci_across_variants
tabpfn,freq_ratio_log__sel_combined_intersection,test_time_variant,selective,tabred_delivery_eta,3,3,tabred_delivery_eta__gap_near,0.1571228260314691,-0.0916810366628793,tabred_delivery_eta__gap_maxdiff,0.2496496029927623,-0.09753726713045,-0.005856230467570694,higher_shift_more_harmful,nonmonotonic,all_negative,tabred_delivery_eta__gap_near;tabred_delivery_eta__gap_far;tabred_delivery_eta__gap_maxdiff,0.157123;0.237934;0.249650,-0.091681;-0.426117;-0.097537,-0.000518818723;-0.00234452207;-0.000535233058,descriptive_exact_variant_no_ci_across_variants
tabpfn,freq_ratio_log__sel_combined_intersection,test_time_variant,selective,tabred_homesite,2,2,tabred_homesite__gap_near,0.0437974647176086,5.39509715324792,tabred_homesite__gap_far,0.0830990647492541,5.545870813285762,0.1507736600378422,higher_shift_more_helpful,not_assessed_two_windows,all_positive,tabred_homesite__gap_near;tabred_homesite__gap_far,0.043797;0.083099,5.395097;5.545871,0.00267996709;0.00453021713,descriptive_exact_variant_no_ci_across_variants
tabpfn,freq_ratio_log__sel_combined_intersection,test_time_variant,selective,tabred_sberbank,2,2,tabred_sberbank__gap_near,0.2265311490062835,1.5328143910831344,tabred_sberbank__gap_far,0.235749592588427,5.108867122465451,3.5760527313823167,higher_shift_more_helpful,not_assessed_two_windows,all_positive,tabred_sberbank__gap_near;tabred_sberbank__gap_far,0.226531;0.235750,1.532814;5.108867,0.00379743125;0.0200724901,descriptive_exact_variant_no_ci_across_variants
tabpfn,freq_ratio_log__sel_combined_intersection,test_time_variant,selective,tabred_weather,3,3,tabred_weather__gap_near,0.0948655339805825,0.1715861788708555,tabred_weather__gap_maxdiff,0.2280292319342118,0.3178502877224521,0.1462641088515966,higher_shift_more_helpful,nonmonotonic,all_positive,tabred_weather__gap_near;tabred_weather__gap_far;tabred_weather__gap_maxdiff,0.094866;0.101202;0.228029,0.171586;0.474195;0.317850,0.00288921302;0.00766132502;0.00555243295,descriptive_exact_variant_no_ci_across_variants
tabpfn,freq_ratio_log__sel_combined_union,test_time_variant,selective,tabred_delivery_eta,3,3,tabred_delivery_eta__gap_near,0.1571228260314691,0.480088085391923,tabred_delivery_eta__gap_maxdiff,0.2496496029927623,-0.0039389451638852,-0.4840270305558082,higher_shift_more_harmful,nonmonotonic,mixed_or_tied,tabred_delivery_eta__gap_near;tabred_delivery_eta__gap_far;tabred_delivery_eta__gap_maxdiff,0.157123;0.237934;0.249650,0.480088;-0.765354;-0.003939,0.00271679615;-0.00421102857;-2.16148527e-05,descriptive_exact_variant_no_ci_across_variants
tabpfn,freq_ratio_log__sel_combined_union,test_time_variant,selective,tabred_homesite,2,2,tabred_homesite__gap_near,0.0437974647176086,4.682794715475002,tabred_homesite__gap_far,0.0830990647492541,2.687598991901159,-1.9951957235738433,higher_shift_more_harmful,not_assessed_two_windows,all_positive,tabred_homesite__gap_near;tabred_homesite__gap_far,0.043797;0.083099,4.682795;2.687599,0.00232613712;0.0021954004,descriptive_exact_variant_no_ci_across_variants
tabpfn,freq_ratio_log__sel_combined_union,test_time_variant,selective,tabred_sberbank,2,2,tabred_sberbank__gap_near,0.2265311490062835,0.2283224988790894,tabred_sberbank__gap_far,0.235749592588427,6.668175803212439,6.43985330433335,higher_shift_more_helpful,not_assessed_two_windows,all_positive,tabred_sberbank__gap_near;tabred_sberbank__gap_far,0.226531;0.235750,0.228322;6.668176,0.000565651652;0.0261989379,descriptive_exact_variant_no_ci_across_variants
tabpfn,freq_ratio_log__sel_combined_union,test_time_variant,selective,tabred_weather,3,3,tabred_weather__gap_near,0.0948655339805825,-0.5118548959475013,tabred_weather__gap_maxdiff,0.2280292319342118,-0.2616359448501237,0.25021895109737763,higher_shift_more_helpful,nonmonotonic,all_negative,tabred_weather__gap_near;tabred_weather__gap_far;tabred_weather__gap_maxdiff,0.094866;0.101202;0.228029,-0.511855;-0.076849;-0.261636,-0.0086187468;-0.00124160655;-0.00457044117,descriptive_exact_variant_no_ci_across_variants
tabpfn,freq_ratio_v2_both_gated,test_time_variant,M2_freq_ratio,tabred_delivery_eta,3,3,tabred_delivery_eta__gap_near,0.1571228260314691,0.3090377795458157,tabred_delivery_eta__gap_maxdiff,0.2496496029927623,-0.0450065678593444,-0.3540443474051601,higher_shift_more_harmful,nonmonotonic,mixed_or_tied,tabred_delivery_eta__gap_near;tabred_delivery_eta__gap_far;tabred_delivery_eta__gap_maxdiff,0.157123;0.237934;0.249650,0.309038;-0.158510;-0.045007,0.00174883042;-0.000872134426;-0.000246972297,descriptive_exact_variant_no_ci_across_variants
tabpfn,freq_ratio_v2_both_gated,test_time_variant,M2_freq_ratio,tabred_homesite,2,2,tabred_homesite__gap_near,0.0437974647176086,0.2773856944337785,tabred_homesite__gap_far,0.0830990647492541,-1.5393759484129392,-1.8167616428467177,higher_shift_more_harmful,not_assessed_two_windows,mixed_or_tied,tabred_homesite__gap_near;tabred_homesite__gap_far,0.043797;0.083099,0.277386;-1.539376,0.000137788906;-0.00125745938,descriptive_exact_variant_no_ci_across_variants
tabpfn,freq_ratio_v2_both_gated,test_time_variant,M2_freq_ratio,tabred_sberbank,2,2,tabred_sberbank__gap_near,0.2265311490062835,0.5044413907291214,tabred_sberbank__gap_far,0.235749592588427,3.769500779126138,3.2650593883970167,higher_shift_more_helpful,not_assessed_two_windows,all_positive,tabred_sberbank__gap_near;tabred_sberbank__gap_far,0.226531;0.235750,0.504441;3.769501,0.00124971524;0.014810185,descriptive_exact_variant_no_ci_across_variants
tabpfn,freq_ratio_v2_both_gated,test_time_variant,M2_freq_ratio,tabred_weather,3,3,tabred_weather__gap_near,0.0948655339805825,0.0,tabred_weather__gap_maxdiff,0.2280292319342118,0.0,0.0,no_change,nondecreasing_with_tie,mixed_or_tied,tabred_weather__gap_near;tabred_weather__gap_far;tabred_weather__gap_maxdiff,0.094866;0.101202;0.228029,0.000000;0.000000;0.000000,0;0;0,descriptive_exact_variant_no_ci_across_variants
tabpfn,freq_ratio_v2_diff_gated,test_time_variant,M2_freq_ratio,tabred_delivery_eta,3,3,tabred_delivery_eta__gap_near,0.1571228260314691,-0.0849817525888184,tabred_delivery_eta__gap_maxdiff,0.2496496029927623,0.0974393145027368,0.1824210670915552,higher_shift_more_helpful,nonmonotonic,mixed_or_tied,tabred_delivery_eta__gap_near;tabred_delivery_eta__gap_far;tabred_delivery_eta__gap_maxdiff,0.157123;0.237934;0.249650,-0.084982;-0.276463;0.097439,-0.000480907786;-0.00152111728;0.000534695546,descriptive_exact_variant_no_ci_across_variants
tabpfn,freq_ratio_v2_diff_gated,test_time_variant,M2_freq_ratio,tabred_homesite,2,2,tabred_homesite__gap_near,0.0437974647176086,1.9537126273287813,tabred_homesite__gap_far,0.0830990647492541,-5.630045058955111,-7.583757686283892,higher_shift_more_harmful,not_assessed_two_windows,mixed_or_tied,tabred_homesite__gap_near;tabred_homesite__gap_far,0.043797;0.083099,1.953713;-5.630045,0.000970489576;-0.00459897597,descriptive_exact_variant_no_ci_across_variants
tabpfn,freq_ratio_v2_diff_gated,test_time_variant,M2_freq_ratio,tabred_sberbank,2,2,tabred_sberbank__gap_near,0.2265311490062835,0.5578522096836493,tabred_sberbank__gap_far,0.235749592588427,1.436872671008396,0.8790204613247468,higher_shift_more_helpful,not_assessed_two_windows,all_positive,tabred_sberbank__gap_near;tabred_sberbank__gap_far,0.226531;0.235750,0.557852;1.436873,0.00138203649;0.00564540274,descriptive_exact_variant_no_ci_across_variants
tabpfn,freq_ratio_v2_diff_gated,test_time_variant,M2_freq_ratio,tabred_weather,3,3,tabred_weather__gap_near,0.0948655339805825,0.0,tabred_weather__gap_maxdiff,0.2280292319342118,0.0,0.0,no_change,nondecreasing_with_tie,mixed_or_tied,tabred_weather__gap_near;tabred_weather__gap_far;tabred_weather__gap_maxdiff,0.094866;0.101202;0.228029,0.000000;0.000000;0.000000,0;0;0,descriptive_exact_variant_no_ci_across_variants
tabpfn,freq_ratio_v2_ratio_gated,test_time_variant,M2_freq_ratio,tabred_delivery_eta,3,3,tabred_delivery_eta__gap_near,0.1571228260314691,-0.0849817525888184,tabred_delivery_eta__gap_maxdiff,0.2496496029927623,0.0988906558737378,0.1838724084625562,higher_shift_more_helpful,nonmonotonic,mixed_or_tied,tabred_delivery_eta__gap_near;tabred_delivery_eta__gap_far;tabred_delivery_eta__gap_maxdiff,0.157123;0.237934;0.249650,-0.084982;-0.283880;0.098891,-0.000480907786;-0.00156192512;0.000542659741,descriptive_exact_variant_no_ci_across_variants
tabpfn,freq_ratio_v2_ratio_gated,test_time_variant,M2_freq_ratio,tabred_homesite,2,2,tabred_homesite__gap_near,0.0437974647176086,4.513250900275075,tabred_homesite__gap_far,0.0830990647492541,-9.134648908723502,-13.647899808998577,higher_shift_more_harmful,not_assessed_two_windows,mixed_or_tied,tabred_homesite__gap_near;tabred_homesite__gap_far,0.043797;0.083099,4.513251;-9.134649,0.00224191772;-0.00746175748,descriptive_exact_variant_no_ci_across_variants
tabpfn,freq_ratio_v2_ratio_gated,test_time_variant,M2_freq_ratio,tabred_sberbank,2,2,tabred_sberbank__gap_near,0.2265311490062835,1.8892715563567368,tabred_sberbank__gap_far,0.235749592588427,1.8354547996923416,-0.05381675666439523,higher_shift_more_harmful,not_assessed_two_windows,all_positive,tabred_sberbank__gap_near;tabred_sberbank__gap_far,0.226531;0.235750,1.889272;1.835455,0.00468052681;0.00721141251,descriptive_exact_variant_no_ci_across_variants
tabpfn,freq_ratio_v2_ratio_gated,test_time_variant,M2_freq_ratio,tabred_weather,3,3,tabred_weather__gap_near,0.0948655339805825,0.0,tabred_weather__gap_maxdiff,0.2280292319342118,0.0,0.0,no_change,nondecreasing_with_tie,mixed_or_tied,tabred_weather__gap_near;tabred_weather__gap_far;tabred_weather__gap_maxdiff,0.094866;0.101202;0.228029,0.000000;0.000000;0.000000,0;0;0,descriptive_exact_variant_no_ci_across_variants
tabpfn,freq_ratio_v2_ratio_ungated,test_time_variant,M2_freq_ratio,tabred_delivery_eta,3,3,tabred_delivery_eta__gap_near,0.1571228260314691,-0.0111762625838263,tabred_delivery_eta__gap_maxdiff,0.2496496029927623,0.0974393145027368,0.1086155770865631,higher_shift_more_helpful,strictly_increasing,mixed_or_tied,tabred_delivery_eta__gap_near;tabred_delivery_eta__gap_far;tabred_delivery_eta__gap_maxdiff,0.157123;0.237934;0.249650,-0.011176;0.029494;0.097439,-6.32459503e-05;0.000162277201;0.000534695546,descriptive_exact_variant_no_ci_across_variants
tabpfn,freq_ratio_v2_ratio_ungated,test_time_variant,M2_freq_ratio,tabred_homesite,2,2,tabred_homesite__gap_near,0.0437974647176086,2.550528698225871,tabred_homesite__gap_far,0.0830990647492541,-5.919425157972015,-8.469953856197886,higher_shift_more_harmful,not_assessed_two_windows,mixed_or_tied,tabred_homesite__gap_near;tabred_homesite__gap_far,0.043797;0.083099,2.550529;-5.919425,0.00126695271;-0.00483535989,descriptive_exact_variant_no_ci_across_variants
tabpfn,freq_ratio_v2_ratio_ungated,test_time_variant,M2_freq_ratio,tabred_sberbank,2,2,tabred_sberbank__gap_near,0.2265311490062835,1.8892715563567368,tabred_sberbank__gap_far,0.235749592588427,1.8354547996923416,-0.05381675666439523,higher_shift_more_harmful,not_assessed_two_windows,all_positive,tabred_sberbank__gap_near;tabred_sberbank__gap_far,0.226531;0.235750,1.889272;1.835455,0.00468052681;0.00721141251,descriptive_exact_variant_no_ci_across_variants
tabpfn,freq_ratio_v2_ratio_ungated,test_time_variant,M2_freq_ratio,tabred_weather,3,3,tabred_weather__gap_near,0.0948655339805825,0.0,tabred_weather__gap_maxdiff,0.2280292319342118,0.0,0.0,no_change,nondecreasing_with_tie,mixed_or_tied,tabred_weather__gap_near;tabred_weather__gap_far;tabred_weather__gap_maxdiff,0.094866;0.101202;0.228029,0.000000;0.000000;0.000000,0;0;0,descriptive_exact_variant_no_ci_across_variants
tabpfn,groupby_shift_cohen_d__sel_combined_intersection,test_time_variant,selective,tabred_delivery_eta,3,3,tabred_delivery_eta__gap_near,0.1571228260314691,-0.073609144439884,tabred_delivery_eta__gap_maxdiff,0.2496496029927623,0.0918025640237012,0.16541170846358522,higher_shift_more_helpful,nonmonotonic,mixed_or_tied,tabred_delivery_eta__gap_near;tabred_delivery_eta__gap_far;tabred_delivery_eta__gap_maxdiff,0.157123;0.237934;0.249650,-0.073609;-0.418632;0.091803,-0.000416550726;-0.00230334052;0.000503764033,descriptive_exact_variant_no_ci_across_variants
tabpfn,groupby_shift_cohen_d__sel_combined_intersection,test_time_variant,selective,tabred_weather,3,3,tabred_weather__gap_near,0.0948655339805825,0.1715861788708555,tabred_weather__gap_maxdiff,0.2280292319342118,0.3178502877224521,0.1462641088515966,higher_shift_more_helpful,nonmonotonic,all_positive,tabred_weather__gap_near;tabred_weather__gap_far;tabred_weather__gap_maxdiff,0.094866;0.101202;0.228029,0.171586;0.474195;0.317850,0.00288921302;0.00766132502;0.00555243295,descriptive_exact_variant_no_ci_across_variants
tabpfn,groupby_shift_cohen_d__sel_combined_union,test_time_variant,selective,tabred_weather,3,3,tabred_weather__gap_near,0.0948655339805825,-0.9829434833202308,tabred_weather__gap_maxdiff,0.2280292319342118,-1.890839332779492,-0.907895849459261,higher_shift_more_harmful,strictly_decreasing,all_negative,tabred_weather__gap_near;tabred_weather__gap_far;tabred_weather__gap_maxdiff,0.094866;0.101202;0.228029,-0.982943;-1.409130;-1.890839,-0.0165510598;-0.0227665667;-0.0330305147,descriptive_exact_variant_no_ci_across_variants
tabpfn,joint_freq_combined,test_time_variant,M1_joint_freq,tabred_delivery_eta,3,3,tabred_delivery_eta__gap_near,0.1571228260314691,-0.0111762625838263,tabred_delivery_eta__gap_maxdiff,0.2496496029927623,0.0988906558737378,0.1100669184575641,higher_shift_more_helpful,strictly_increasing,mixed_or_tied,tabred_delivery_eta__gap_near;tabred_delivery_eta__gap_far;tabred_delivery_eta__gap_maxdiff,0.157123;0.237934;0.249650,-0.011176;0.029494;0.098891,-6.32459503e-05;0.000162277201;0.000542659741,descriptive_exact_variant_no_ci_across_variants
tabpfn,joint_freq_combined,test_time_variant,M1_joint_freq,tabred_homesite,2,2,tabred_homesite__gap_near,0.0437974647176086,1.9504364183391711,tabred_homesite__gap_far,0.0830990647492541,-11.96735301051616,-13.91778942885533,higher_shift_more_harmful,not_assessed_two_windows,mixed_or_tied,tabred_homesite__gap_near;tabred_homesite__gap_far,0.043797;0.083099,1.950436;-11.967353,0.000968862148;-0.00977568888,descriptive_exact_variant_no_ci_across_variants
tabpfn,joint_freq_combined,test_time_variant,M1_joint_freq,tabred_sberbank,2,2,tabred_sberbank__gap_near,0.2265311490062835,2.9859111796770472,tabred_sberbank__gap_far,0.235749592588427,0.990750112707571,-1.9951610669694761,higher_shift_more_harmful,not_assessed_two_windows,all_positive,tabred_sberbank__gap_near;tabred_sberbank__gap_far,0.226531;0.235750,2.985911;0.990750,0.0073973682;0.00389260894,descriptive_exact_variant_no_ci_across_variants
tabpfn,joint_freq_combined,test_time_variant,M1_joint_freq,tabred_weather,3,3,tabred_weather__gap_near,0.0948655339805825,0.0,tabred_weather__gap_maxdiff,0.2280292319342118,0.0,0.0,no_change,nondecreasing_with_tie,mixed_or_tied,tabred_weather__gap_near;tabred_weather__gap_far;tabred_weather__gap_maxdiff,0.094866;0.101202;0.228029,0.000000;0.000000;0.000000,0;0;0,descriptive_exact_variant_no_ci_across_variants
tabpfn,joint_freq_combined__sel_combined_intersection,test_time_variant,selective,tabred_delivery_eta,3,3,tabred_delivery_eta__gap_near,0.1571228260314691,-0.073609144439884,tabred_delivery_eta__gap_maxdiff,0.2496496029927623,-0.09753726713045,-0.02392812269056599,higher_shift_more_harmful,nonmonotonic,all_negative,tabred_delivery_eta__gap_near;tabred_delivery_eta__gap_far;tabred_delivery_eta__gap_maxdiff,0.157123;0.237934;0.249650,-0.073609;-0.426117;-0.097537,-0.000416550726;-0.00234452207;-0.000535233058,descriptive_exact_variant_no_ci_across_variants
tabpfn,joint_freq_combined__sel_combined_intersection,test_time_variant,selective,tabred_homesite,2,2,tabred_homesite__gap_near,0.0437974647176086,4.132937640092084,tabred_homesite__gap_far,0.0830990647492541,2.874542188397287,-1.2583954516947973,higher_shift_more_harmful,not_assessed_two_windows,all_positive,tabred_homesite__gap_near;tabred_homesite__gap_far,0.043797;0.083099,4.132938;2.874542,0.00205300045;0.0023481074,descriptive_exact_variant_no_ci_across_variants
tabpfn,joint_freq_combined__sel_combined_intersection,test_time_variant,selective,tabred_sberbank,2,2,tabred_sberbank__gap_near,0.2265311490062835,2.070523146866986,tabred_sberbank__gap_far,0.235749592588427,5.813078969483271,3.7425558226162856,higher_shift_more_helpful,not_assessed_two_windows,all_positive,tabred_sberbank__gap_near;tabred_sberbank__gap_far,0.226531;0.235750,2.070523;5.813079,0.00512956386;0.0228393041,descriptive_exact_variant_no_ci_across_variants
tabpfn,joint_freq_combined__sel_combined_intersection,test_time_variant,selective,tabred_weather,3,3,tabred_weather__gap_near,0.0948655339805825,0.1715861788708555,tabred_weather__gap_maxdiff,0.2280292319342118,0.3172937963844361,0.1457076175135806,higher_shift_more_helpful,nonmonotonic,all_positive,tabred_weather__gap_near;tabred_weather__gap_far;tabred_weather__gap_maxdiff,0.094866;0.101202;0.228029,0.171586;0.485255;0.317294,0.00288921302;0.00784000216;0.00554271177,descriptive_exact_variant_no_ci_across_variants
tabpfn,joint_freq_combined__sel_combined_union,test_time_variant,selective,tabred_delivery_eta,3,3,tabred_delivery_eta__gap_near,0.1571228260314691,0.480088085391923,tabred_delivery_eta__gap_maxdiff,0.2496496029927623,-0.0083774951926298,-0.4884655805845528,higher_shift_more_harmful,nonmonotonic,mixed_or_tied,tabred_delivery_eta__gap_near;tabred_delivery_eta__gap_far;tabred_delivery_eta__gap_maxdiff,0.157123;0.237934;0.249650,0.480088;-0.766858;-0.008377,0.00271679615;-0.00421930667;-4.59712734e-05,descriptive_exact_variant_no_ci_across_variants
tabpfn,joint_freq_combined__sel_combined_union,test_time_variant,selective,tabred_homesite,2,2,tabred_homesite__gap_near,0.0437974647176086,5.009596562164824,tabred_homesite__gap_far,0.0830990647492541,-13.60003453302389,-18.609631095188714,higher_shift_more_harmful,not_assessed_two_windows,mixed_or_tied,tabred_homesite__gap_near;tabred_homesite__gap_far,0.043797;0.083099,5.009597;-13.600035,0.00248847306;-0.0111093661,descriptive_exact_variant_no_ci_across_variants
tabpfn,joint_freq_combined__sel_combined_union,test_time_variant,selective,tabred_sberbank,2,2,tabred_sberbank__gap_near,0.2265311490062835,-0.0787492477937377,tabred_sberbank__gap_far,0.235749592588427,6.325007688182746,6.403756935976483,higher_shift_more_helpful,not_assessed_two_windows,mixed_or_tied,tabred_sberbank__gap_near;tabred_sberbank__gap_far,0.226531;0.235750,-0.078749;6.325008,-0.000195095281;0.0248506471,descriptive_exact_variant_no_ci_across_variants
tabpfn,joint_freq_combined__sel_combined_union,test_time_variant,selective,tabred_weather,3,3,tabred_weather__gap_near,0.0948655339805825,-0.5118548959475013,tabred_weather__gap_maxdiff,0.2280292319342118,-0.2560757514117177,0.25577914453578365,higher_shift_more_helpful,nonmonotonic,all_negative,tabred_weather__gap_near;tabred_weather__gap_far;tabred_weather__gap_maxdiff,0.094866;0.101202;0.228029,-0.511855;-0.076849;-0.256076,-0.0086187468;-0.00124160655;-0.00447331179,descriptive_exact_variant_no_ci_across_variants
tabpfn,joint_freq_separate,test_time_variant,M1_joint_freq,tabred_delivery_eta,3,3,tabred_delivery_eta__gap_near,0.1571228260314691,0.2797669944705326,tabred_delivery_eta__gap_maxdiff,0.2496496029927623,-0.0455407662794278,-0.3253077607499604,higher_shift_more_harmful,nonmonotonic,mixed_or_tied,tabred_delivery_eta__gap_near;tabred_delivery_eta__gap_far;tabred_delivery_eta__gap_maxdiff,0.157123;0.237934;0.249650,0.279767;-0.358140;-0.045541,0.00158318841;-0.00197051223;-0.000249903696,descriptive_exact_variant_no_ci_across_variants
tabpfn,joint_freq_separate,test_time_variant,M1_joint_freq,tabred_homesite,2,2,tabred_homesite__gap_near,0.0437974647176086,-0.2768396596017297,tabred_homesite__gap_far,0.0830990647492541,-3.5484342262114894,-3.27159456660976,higher_shift_more_harmful,not_assessed_two_windows,all_negative,tabred_homesite__gap_near;tabred_homesite__gap_far,0.043797;0.083099,-0.276840;-3.548434,-0.000137517668;-0.00289858492,descriptive_exact_variant_no_ci_across_variants
tabpfn,joint_freq_separate,test_time_variant,M1_joint_freq,tabred_sberbank,2,2,tabred_sberbank__gap_near,0.2265311490062835,0.7648070110447701,tabred_sberbank__gap_far,0.235749592588427,3.406728120989708,2.6419211099449376,higher_shift_more_helpful,not_assessed_two_windows,all_positive,tabred_sberbank__gap_near;tabred_sberbank__gap_far,0.226531;0.235750,0.764807;3.406728,0.00189475129;0.0133848689,descriptive_exact_variant_no_ci_across_variants
tabpfn,joint_freq_separate,test_time_variant,M1_joint_freq,tabred_weather,3,3,tabred_weather__gap_near,0.0948655339805825,0.0,tabred_weather__gap_maxdiff,0.2280292319342118,0.0,0.0,no_change,nondecreasing_with_tie,mixed_or_tied,tabred_weather__gap_near;tabred_weather__gap_far;tabred_weather__gap_maxdiff,0.094866;0.101202;0.228029,0.000000;0.000000;0.000000,0;0;0,descriptive_exact_variant_no_ci_across_variants
tabpfn,joint_freq_separate__sel_combined_intersection,test_time_variant,selective,tabred_delivery_eta,3,3,tabred_delivery_eta__gap_near,0.1571228260314691,-0.073609144439884,tabred_delivery_eta__gap_maxdiff,0.2496496029927623,-0.09753726713045,-0.02392812269056599,higher_shift_more_harmful,nonmonotonic,all_negative,tabred_delivery_eta__gap_near;tabred_delivery_eta__gap_far;tabred_delivery_eta__gap_maxdiff,0.157123;0.237934;0.249650,-0.073609;-0.418632;-0.097537,-0.000416550726;-0.00230334052;-0.000535233058,descriptive_exact_variant_no_ci_across_variants
tabpfn,joint_freq_separate__sel_combined_intersection,test_time_variant,selective,tabred_homesite,2,2,tabred_homesite__gap_near,0.0437974647176086,9.71587077539669,tabred_homesite__gap_far,0.0830990647492541,-6.560942485913035,-16.276813261309726,higher_shift_more_harmful,not_assessed_two_windows,mixed_or_tied,tabred_homesite__gap_near;tabred_homesite__gap_far,0.043797;0.083099,9.715871;-6.560942,0.00482627341;-0.00535939171,descriptive_exact_variant_no_ci_across_variants
tabpfn,joint_freq_separate__sel_combined_intersection,test_time_variant,selective,tabred_sberbank,2,2,tabred_sberbank__gap_near,0.2265311490062835,0.3666502843145258,tabred_sberbank__gap_far,0.235749592588427,1.866214176320624,1.499563892006098,higher_shift_more_helpful,not_assessed_two_windows,all_positive,tabred_sberbank__gap_near;tabred_sberbank__gap_far,0.226531;0.235750,0.366650;1.866214,0.000908348236;0.0073322646,descriptive_exact_variant_no_ci_across_variants
tabpfn,joint_freq_separate__sel_combined_intersection,test_time_variant,selective,tabred_weather,3,3,tabred_weather__gap_near,0.0948655339805825,0.1715861788708555,tabred_weather__gap_maxdiff,0.2280292319342118,0.3172937963844361,0.1457076175135806,higher_shift_more_helpful,nonmonotonic,all_positive,tabred_weather__gap_near;tabred_weather__gap_far;tabred_weather__gap_maxdiff,0.094866;0.101202;0.228029,0.171586;0.472209;0.317294,0.00288921302;0.00762922455;0.00554271177,descriptive_exact_variant_no_ci_across_variants
tabpfn,joint_freq_separate__sel_combined_union,test_time_variant,selective,tabred_delivery_eta,3,3,tabred_delivery_eta__gap_near,0.1571228260314691,0.480088085391923,tabred_delivery_eta__gap_maxdiff,0.2496496029927623,-0.0039389451638852,-0.4840270305558082,higher_shift_more_harmful,nonmonotonic,mixed_or_tied,tabred_delivery_eta__gap_near;tabred_delivery_eta__gap_far;tabred_delivery_eta__gap_maxdiff,0.157123;0.237934;0.249650,0.480088;-0.766858;-0.003939,0.00271679615;-0.00421930667;-2.16148527e-05,descriptive_exact_variant_no_ci_across_variants
tabpfn,joint_freq_separate__sel_combined_union,test_time_variant,selective,tabred_homesite,2,2,tabred_homesite__gap_near,0.0437974647176086,3.8476344406015337,tabred_homesite__gap_far,0.0830990647492541,7.113636891895077,3.2660024512935437,higher_shift_more_helpful,not_assessed_two_windows,all_positive,tabred_homesite__gap_near;tabred_homesite__gap_far,0.043797;0.083099,3.847634;7.113637,0.00191127859;0.00581086737,descriptive_exact_variant_no_ci_across_variants
tabpfn,joint_freq_separate__sel_combined_union,test_time_variant,selective,tabred_sberbank,2,2,tabred_sberbank__gap_near,0.2265311490062835,1.4232688316424422,tabred_sberbank__gap_far,0.235749592588427,2.5031400494241662,1.079871217781724,higher_shift_more_helpful,not_assessed_two_windows,all_positive,tabred_sberbank__gap_near;tabred_sberbank__gap_far,0.226531;0.235750,1.423269;2.503140,0.00352604045;0.00983471533,descriptive_exact_variant_no_ci_across_variants
tabpfn,joint_freq_separate__sel_combined_union,test_time_variant,selective,tabred_weather,3,3,tabred_weather__gap_near,0.0948655339805825,-0.41929464502329,tabred_weather__gap_maxdiff,0.2280292319342118,-0.2560757514117177,0.16321889361157232,higher_shift_more_helpful,nonmonotonic,all_negative,tabred_weather__gap_near;tabred_weather__gap_far;tabred_weather__gap_maxdiff,0.094866;0.101202;0.228029,-0.419295;-0.068548;-0.256076,-0.00706019305;-0.00110749054;-0.00447331179,descriptive_exact_variant_no_ci_across_variants
tabpfn,joint_groupby_combined__sel_combined_intersection,test_time_variant,selective,tabred_delivery_eta,3,3,tabred_delivery_eta__gap_near,0.1571228260314691,-0.0916810366628793,tabred_delivery_eta__gap_maxdiff,0.2496496029927623,-0.1056544918967669,-0.0139734552338876,higher_shift_more_harmful,nonmonotonic,all_negative,tabred_delivery_eta__gap_near;tabred_delivery_eta__gap_far;tabred_delivery_eta__gap_maxdiff,0.157123;0.237934;0.249650,-0.091681;-0.418632;-0.105654,-0.000518818723;-0.00230334052;-0.000579776105,descriptive_exact_variant_no_ci_across_variants
tabpfn,joint_groupby_combined__sel_combined_intersection,test_time_variant,selective,tabred_weather,3,3,tabred_weather__gap_near,0.0948655339805825,0.1715861788708555,tabred_weather__gap_maxdiff,0.2280292319342118,0.3178502877224521,0.1462641088515966,higher_shift_more_helpful,nonmonotonic,all_positive,tabred_weather__gap_near;tabred_weather__gap_far;tabred_weather__gap_maxdiff,0.094866;0.101202;0.228029,0.171586;0.485255;0.317850,0.00288921302;0.00784000216;0.00555243295,descriptive_exact_variant_no_ci_across_variants
tabpfn,joint_pca_10,test_time_variant,M3_joint_pca,tabred_delivery_eta,3,3,tabred_delivery_eta__gap_near,0.1571228260314691,0.2506214198765179,tabred_delivery_eta__gap_maxdiff,0.2496496029927623,0.0797871433909655,-0.17083427648555244,higher_shift_more_harmful,nonmonotonic,mixed_or_tied,tabred_delivery_eta__gap_near;tabred_delivery_eta__gap_far;tabred_delivery_eta__gap_maxdiff,0.157123;0.237934;0.249650,0.250621;-0.664914;0.079787,0.00141825496;-0.00365840123;0.000437829745,descriptive_exact_variant_no_ci_across_variants
tabpfn,joint_pca_10,test_time_variant,M3_joint_pca,tabred_homesite,2,2,tabred_homesite__gap_near,0.0437974647176086,3.049877551689095,tabred_homesite__gap_far,0.0830990647492541,-5.554005996792648,-8.603883548481743,higher_shift_more_harmful,not_assessed_two_windows,mixed_or_tied,tabred_homesite__gap_near;tabred_homesite__gap_far,0.043797;0.083099,3.049878;-5.554006,0.00151499987;-0.00453686247,descriptive_exact_variant_no_ci_across_variants
tabpfn,joint_pca_10,test_time_variant,M3_joint_pca,tabred_sberbank,2,2,tabred_sberbank__gap_near,0.2265311490062835,-1.3924566883479237,tabred_sberbank__gap_far,0.235749592588427,3.4678830442310766,4.860339732579,higher_shift_more_helpful,not_assessed_two_windows,mixed_or_tied,tabred_sberbank__gap_near;tabred_sberbank__gap_far,0.226531;0.235750,-1.392457;3.467883,-0.0034497057;0.0136251436,descriptive_exact_variant_no_ci_across_variants
tabpfn,joint_pca_10,test_time_variant,M3_joint_pca,tabred_weather,3,3,tabred_weather__gap_near,0.0948655339805825,-0.2428436448108305,tabred_weather__gap_maxdiff,0.2280292319342118,-0.9207246639854362,-0.6778810191746056,higher_shift_more_harmful,nonmonotonic,mixed_or_tied,tabred_weather__gap_near;tabred_weather__gap_far;tabred_weather__gap_maxdiff,0.094866;0.101202;0.228029,-0.242844;0.812593;-0.920725,-0.0040890649;0.0131286436;-0.0160838677,descriptive_exact_variant_no_ci_across_variants
tabpfn,joint_pca_5,test_time_variant,M3_joint_pca,tabred_delivery_eta,3,3,tabred_delivery_eta__gap_near,0.1571228260314691,-0.0935777684693486,tabred_delivery_eta__gap_maxdiff,0.2496496029927623,-0.1104048887681112,-0.016827120298762613,higher_shift_more_harmful,nonmonotonic,all_negative,tabred_delivery_eta__gap_near;tabred_delivery_eta__gap_far;tabred_delivery_eta__gap_maxdiff,0.157123;0.237934;0.249650,-0.093578;-0.417588;-0.110405,-0.00052955224;-0.0022975959;-0.000605843776,descriptive_exact_variant_no_ci_across_variants
tabpfn,joint_pca_5,test_time_variant,M3_joint_pca,tabred_homesite,2,2,tabred_homesite__gap_near,0.0437974647176086,3.407803383778203,tabred_homesite__gap_far,0.0830990647492541,-2.974820776926589,-6.3826241607047915,higher_shift_more_harmful,not_assessed_two_windows,mixed_or_tied,tabred_homesite__gap_near;tabred_homesite__gap_far,0.043797;0.083099,3.407803;-2.974821,0.00169279638;-0.00243002127,descriptive_exact_variant_no_ci_across_variants
tabpfn,joint_pca_5,test_time_variant,M3_joint_pca,tabred_sberbank,2,2,tabred_sberbank__gap_near,0.2265311490062835,-0.2480418268867446,tabred_sberbank__gap_far,0.235749592588427,-3.615763868103375,-3.36772204121663,higher_shift_more_harmful,not_assessed_two_windows,all_negative,tabred_sberbank__gap_near;tabred_sberbank__gap_far,0.226531;0.235750,-0.248042;-3.615764,-0.00061450479;-0.0142061601,descriptive_exact_variant_no_ci_across_variants
tabpfn,joint_pca_5,test_time_variant,M3_joint_pca,tabred_weather,3,3,tabred_weather__gap_near,0.0948655339805825,-0.2116539775177392,tabred_weather__gap_maxdiff,0.2280292319342118,0.2356016511236117,0.44725562864135093,higher_shift_more_helpful,nonmonotonic,mixed_or_tied,tabred_weather__gap_near;tabred_weather__gap_far;tabred_weather__gap_maxdiff,0.094866;0.101202;0.228029,-0.211654;0.555057;0.235602,-0.00356388511;0.00896775737;0.00411565577,descriptive_exact_variant_no_ci_across_variants
tabpfn,joint_pca_var90,test_time_variant,M3_joint_pca,tabred_delivery_eta,3,3,tabred_delivery_eta__gap_near,0.1571228260314691,0.3553276145925848,tabred_delivery_eta__gap_maxdiff,0.2496496029927623,0.1650803606183066,-0.19024725397427816,higher_shift_more_harmful,nonmonotonic,mixed_or_tied,tabred_delivery_eta__gap_near;tabred_delivery_eta__gap_far;tabred_delivery_eta__gap_maxdiff,0.157123;0.237934;0.249650,0.355328;-0.381896;0.165080,0.00201078245;-0.00210121786;0.000905873917,descriptive_exact_variant_no_ci_across_variants
tabpfn,joint_pca_var90,test_time_variant,M3_joint_pca,tabred_homesite,2,2,tabred_homesite__gap_near,0.0437974647176086,-1.2414101895556406,tabred_homesite__gap_far,0.0830990647492541,-1.4713060456035447,-0.22989585604790408,higher_shift_more_harmful,not_assessed_two_windows,all_negative,tabred_homesite__gap_near;tabred_homesite__gap_far,0.043797;0.083099,-1.241410;-1.471306,-0.000616659601;-0.00120185559,descriptive_exact_variant_no_ci_across_variants
tabpfn,joint_pca_var90,test_time_variant,M3_joint_pca,tabred_sberbank,2,2,tabred_sberbank__gap_near,0.2265311490062835,1.9496670006902777,tabred_sberbank__gap_far,0.235749592588427,6.170556587463575,4.220889586773297,higher_shift_more_helpful,not_assessed_two_windows,all_positive,tabred_sberbank__gap_near;tabred_sberbank__gap_far,0.226531;0.235750,1.949667;6.170557,0.00483015194;0.0242438163,descriptive_exact_variant_no_ci_across_variants
tabpfn,joint_pca_var90,test_time_variant,M3_joint_pca,tabred_weather,3,3,tabred_weather__gap_near,0.0948655339805825,0.2751560156604796,tabred_weather__gap_maxdiff,0.2280292319342118,-0.784986568641841,-1.0601425843023207,higher_shift_more_harmful,strictly_decreasing,mixed_or_tied,tabred_weather__gap_near;tabred_weather__gap_far;tabred_weather__gap_maxdiff,0.094866;0.101202;0.228029,0.275156;0.157242;-0.784987,0.00463314906;0.00254046978;-0.0137126989,descriptive_exact_variant_no_ci_across_variants
tabpfn,joint_pca_var95,test_time_variant,M3_joint_pca,tabred_delivery_eta,3,3,tabred_delivery_eta__gap_near,0.1571228260314691,0.2154126827070183,tabred_delivery_eta__gap_maxdiff,0.2496496029927623,-0.1117988230119219,-0.3272115057189402,higher_shift_more_harmful,nonmonotonic,mixed_or_tied,tabred_delivery_eta__gap_near;tabred_delivery_eta__gap_far;tabred_delivery_eta__gap_maxdiff,0.157123;0.237934;0.249650,0.215413;-0.326981;-0.111799,0.00121901035;-0.00179906935;-0.000613492952,descriptive_exact_variant_no_ci_across_variants
tabpfn,joint_pca_var95,test_time_variant,M3_joint_pca,tabred_homesite,2,2,tabred_homesite__gap_near,0.0437974647176086,0.761718590028961,tabred_homesite__gap_far,0.0830990647492541,-8.231145467042717,-8.992864057071678,higher_shift_more_harmful,not_assessed_two_windows,mixed_or_tied,tabred_homesite__gap_near;tabred_homesite__gap_far,0.043797;0.083099,0.761719;-8.231145,0.000378377015;-0.00672371887,descriptive_exact_variant_no_ci_across_variants
tabpfn,joint_pca_var95,test_time_variant,M3_joint_pca,tabred_sberbank,2,2,tabred_sberbank__gap_near,0.2265311490062835,-0.0375364095671019,tabred_sberbank__gap_far,0.235749592588427,5.141217105413134,5.178753514980237,higher_shift_more_helpful,not_assessed_two_windows,mixed_or_tied,tabred_sberbank__gap_near;tabred_sberbank__gap_far,0.226531;0.235750,-0.037536;5.141217,-9.29936042e-05;0.0201995916,descriptive_exact_variant_no_ci_across_variants
tabpfn,joint_pca_var95,test_time_variant,M3_joint_pca,tabred_weather,3,3,tabred_weather__gap_near,0.0948655339805825,-0.0053185660267287,tabred_weather__gap_maxdiff,0.2280292319342118,-0.68143037934566,-0.6761118133189312,higher_shift_more_harmful,nonmonotonic,mixed_or_tied,tabred_weather__gap_near;tabred_weather__gap_far;tabred_weather__gap_maxdiff,0.094866;0.101202;0.228029,-0.005319;1.041381;-0.681430,-8.95554078e-05;0.0168250411;-0.0119037064,descriptive_exact_variant_no_ci_across_variants
tabpfn,joint_scaling,test_time_variant,M5_joint_scaling,tabred_delivery_eta,3,3,tabred_delivery_eta__gap_near,0.1571228260314691,-0.0145214538494873,tabred_delivery_eta__gap_maxdiff,0.2496496029927623,0.0092690094629551,0.0237904633124424,higher_shift_more_helpful,nonmonotonic,mixed_or_tied,tabred_delivery_eta__gap_near;tabred_delivery_eta__gap_far;tabred_delivery_eta__gap_maxdiff,0.157123;0.237934;0.249650,-0.014521;0.022877;0.009269,-8.21762321e-05;0.000125868336;5.08634333e-05,descriptive_exact_variant_no_ci_across_variants
tabpfn,joint_scaling,test_time_variant,M5_joint_scaling,tabred_homesite,2,2,tabred_homesite__gap_near,0.0437974647176086,-0.0327620898934207,tabred_homesite__gap_far,0.0830990647492541,-11.064347641294928,-11.031585551401507,higher_shift_more_harmful,not_assessed_two_windows,all_negative,tabred_homesite__gap_near;tabred_homesite__gap_far,0.043797;0.083099,-0.032762;-11.064348,-1.62742802e-05;-0.00903805713,descriptive_exact_variant_no_ci_across_variants
tabpfn,joint_scaling,test_time_variant,M5_joint_scaling,tabred_sberbank,2,2,tabred_sberbank__gap_near,0.2265311490062835,-0.0118956906157484,tabred_sberbank__gap_far,0.235749592588427,3.048105612349284,3.0600013029650324,higher_shift_more_helpful,not_assessed_two_windows,mixed_or_tied,tabred_sberbank__gap_near;tabred_sberbank__gap_far,0.226531;0.235750,-0.011896;3.048106,-2.94706701e-05;0.0119758585,descriptive_exact_variant_no_ci_across_variants
tabpfn,joint_scaling,test_time_variant,M5_joint_scaling,tabred_weather,3,3,tabred_weather__gap_near,0.0948655339805825,-0.1334630517738575,tabred_weather__gap_maxdiff,0.2280292319342118,-0.1371103631540136,-0.0036473113801560875,higher_shift_more_harmful,nonmonotonic,mixed_or_tied,tabred_weather__gap_near;tabred_weather__gap_far;tabred_weather__gap_maxdiff,0.094866;0.101202;0.228029,-0.133463;0.321869;-0.137110,-0.00224728582;0.00520026974;-0.0023951405,descriptive_exact_variant_no_ci_across_variants
tabpfn,joint_tsne_2d_p30,test_time_variant,M3b_joint_tsne,tabred_delivery_eta,3,3,tabred_delivery_eta__gap_near,0.1571228260314691,0.0927711784560088,tabred_delivery_eta__gap_maxdiff,0.2496496029927623,0.0450713896552123,-0.0476997888007965,higher_shift_more_harmful,nonmonotonic,mixed_or_tied,tabred_delivery_eta__gap_near;tabred_delivery_eta__gap_far;tabred_delivery_eta__gap_maxdiff,0.157123;0.237934;0.249650,0.092771;-0.656708;0.045071,0.000524987785;-0.00361325457;0.000247328005,descriptive_exact_variant_no_ci_across_variants
tabpfn,joint_tsne_2d_p30,test_time_variant,M3b_joint_tsne,tabred_homesite,2,2,tabred_homesite__gap_near,0.0437974647176086,1.971458759354608,tabred_homesite__gap_far,0.0830990647492541,-0.9491600838088076,-2.9206188431634157,higher_shift_more_harmful,not_assessed_two_windows,mixed_or_tied,tabred_homesite__gap_near;tabred_homesite__gap_far,0.043797;0.083099,1.971459;-0.949160,0.000979304812;-0.000775333833,descriptive_exact_variant_no_ci_across_variants
tabpfn,joint_tsne_2d_p30,test_time_variant,M3b_joint_tsne,tabred_sberbank,2,2,tabred_sberbank__gap_near,0.2265311490062835,-1.6341143727552825,tabred_sberbank__gap_far,0.235749592588427,10.975023713560573,12.609138086315856,higher_shift_more_helpful,not_assessed_two_windows,mixed_or_tied,tabred_sberbank__gap_near;tabred_sberbank__gap_far,0.226531;0.235750,-1.634114;10.975024,-0.00404839426;0.0431203336,descriptive_exact_variant_no_ci_across_variants
tabpfn,joint_tsne_2d_p30,test_time_variant,M3b_joint_tsne,tabred_weather,3,3,tabred_weather__gap_near,0.0948655339805825,0.6040576800888866,tabred_weather__gap_maxdiff,0.2280292319342118,1.4573554436012504,0.8532977635123637,higher_shift_more_helpful,nonmonotonic,all_positive,tabred_weather__gap_near;tabred_weather__gap_far;tabred_weather__gap_maxdiff,0.094866;0.101202;0.228029,0.604058;0.309037;1.457355,0.0101712814;0.00499294612;0.0254581125,descriptive_exact_variant_no_ci_across_variants
tabpfn,joint_tsne_2d_p50,test_time_variant,M3b_joint_tsne,tabred_delivery_eta,3,3,tabred_delivery_eta__gap_near,0.1571228260314691,0.0780453136350457,tabred_delivery_eta__gap_maxdiff,0.2496496029927623,0.0745079472021124,-0.0035373664329333004,higher_shift_more_harmful,nonmonotonic,mixed_or_tied,tabred_delivery_eta__gap_near;tabred_delivery_eta__gap_far;tabred_delivery_eta__gap_maxdiff,0.157123;0.237934;0.249650,0.078045;-0.772188;0.074508,0.000441654801;-0.0042486284;0.000408860301,descriptive_exact_variant_no_ci_across_variants
tabpfn,joint_tsne_2d_p50,test_time_variant,M3b_joint_tsne,tabred_homesite,2,2,tabred_homesite__gap_near,0.0437974647176086,1.6326441463702186,tabred_homesite__gap_far,0.0830990647492541,5.728331357645942,4.095687211275724,higher_shift_more_helpful,not_assessed_two_windows,all_positive,tabred_homesite__gap_near;tabred_homesite__gap_far,0.043797;0.083099,1.632644;5.728331,0.00081100163;0.00467926242,descriptive_exact_variant_no_ci_across_variants
tabpfn,joint_tsne_2d_p50,test_time_variant,M3b_joint_tsne,tabred_sberbank,2,2,tabred_sberbank__gap_near,0.2265311490062835,-0.2102602262223564,tabred_sberbank__gap_far,0.235749592588427,10.50494344150772,10.715203667730076,higher_shift_more_helpful,not_assessed_two_windows,mixed_or_tied,tabred_sberbank__gap_near;tabred_sberbank__gap_far,0.226531;0.235750,-0.210260;10.504943,-0.000520903743;0.0412734111,descriptive_exact_variant_no_ci_across_variants
tabpfn,joint_tsne_2d_p50,test_time_variant,M3b_joint_tsne,tabred_weather,3,3,tabred_weather__gap_near,0.0948655339805825,0.8879620171167167,tabred_weather__gap_maxdiff,0.2280292319342118,0.2122196329970242,-0.6757423841196926,higher_shift_more_harmful,nonmonotonic,mixed_or_tied,tabred_weather__gap_near;tabred_weather__gap_far;tabred_weather__gap_maxdiff,0.094866;0.101202;0.228029,0.887962;-0.142964;0.212220,0.014951737;-0.00230978731;0.00370720219,descriptive_exact_variant_no_ci_across_variants
tabpfn,joint_tsne_3d_p30,test_time_variant,M3b_joint_tsne,tabred_delivery_eta,3,3,tabred_delivery_eta__gap_near,0.1571228260314691,0.3064473044895532,tabred_delivery_eta__gap_maxdiff,0.2496496029927623,-0.7422550255795457,-1.048702330069099,higher_shift_more_harmful,strictly_decreasing,mixed_or_tied,tabred_delivery_eta__gap_near;tabred_delivery_eta__gap_far;tabred_delivery_eta__gap_maxdiff,0.157123;0.237934;0.249650,0.306447;-0.644199;-0.742255,0.00173417105;-0.00354442438;-0.00407310394,descriptive_exact_variant_no_ci_across_variants
tabpfn,joint_tsne_3d_p30,test_time_variant,M3b_joint_tsne,tabred_homesite,2,2,tabred_homesite__gap_near,0.0437974647176086,3.010017008985076,tabred_homesite__gap_far,0.0830990647492541,2.403365641633435,-0.6066513673516414,higher_shift_more_harmful,not_assessed_two_windows,all_positive,tabred_homesite__gap_near;tabred_homesite__gap_far,0.043797;0.083099,3.010017;2.403366,0.00149519949;0.00196322067,descriptive_exact_variant_no_ci_across_variants
tabpfn,joint_tsne_3d_p30,test_time_variant,M3b_joint_tsne,tabred_sberbank,2,2,tabred_sberbank__gap_near,0.2265311490062835,0.0023853776716157,tabred_sberbank__gap_far,0.235749592588427,10.594097898241015,10.5917125205694,higher_shift_more_helpful,not_assessed_two_windows,all_positive,tabred_sberbank__gap_near;tabred_sberbank__gap_far,0.226531;0.235750,0.002385;10.594098,5.90959203e-06;0.0416236946,descriptive_exact_variant_no_ci_across_variants
tabpfn,joint_tsne_3d_p30,test_time_variant,M3b_joint_tsne,tabred_weather,3,3,tabred_weather__gap_near,0.0948655339805825,-0.2108651956713553,tabred_weather__gap_maxdiff,0.2280292319342118,-1.808973280148391,-1.598108084477036,higher_shift_more_harmful,nonmonotonic,mixed_or_tied,tabred_weather__gap_near;tabred_weather__gap_far;tabred_weather__gap_maxdiff,0.094866;0.101202;0.228029,-0.210865;0.398356;-1.808973,-0.00355060339;0.006436031;-0.0316004208,descriptive_exact_variant_no_ci_across_variants
tabpfn,label_prop_k10_a05,test_time_variant,M8_label_prop,tabred_delivery_eta,3,3,tabred_delivery_eta__gap_near,0.1571228260314691,-0.2262319407035432,tabred_delivery_eta__gap_maxdiff,0.2496496029927623,-0.0462975424918767,0.17993439821166649,higher_shift_more_helpful,nonmonotonic,all_negative,tabred_delivery_eta__gap_near;tabred_delivery_eta__gap_far;tabred_delivery_eta__gap_maxdiff,0.157123;0.237934;0.249650,-0.226232;-0.256978;-0.046298,-0.00128023603;-0.00141391145;-0.000254056485,descriptive_exact_variant_no_ci_across_variants
tabpfn,label_prop_k10_a05,test_time_variant,M8_label_prop,tabred_homesite,2,2,tabred_homesite__gap_near,0.0437974647176086,4.092531062556686,tabred_homesite__gap_far,0.0830990647492541,8.628773313941721,4.536242251385035,higher_shift_more_helpful,not_assessed_two_windows,all_positive,tabred_homesite__gap_near;tabred_homesite__gap_far,0.043797;0.083099,4.092531;8.628773,0.00203292884;0.00704852638,descriptive_exact_variant_no_ci_across_variants
tabpfn,label_prop_k10_a05,test_time_variant,M8_label_prop,tabred_sberbank,2,2,tabred_sberbank__gap_near,0.2265311490062835,-18.34063316258252,tabred_sberbank__gap_far,0.235749592588427,1.2340406869443084,19.574673849526828,higher_shift_more_helpful,not_assessed_two_windows,mixed_or_tied,tabred_sberbank__gap_near;tabred_sberbank__gap_far,0.226531;0.235750,-18.340633;1.234041,-0.0454375259;0.00484848575,descriptive_exact_variant_no_ci_across_variants
tabpfn,label_prop_k10_a05,test_time_variant,M8_label_prop,tabred_weather,3,3,tabred_weather__gap_near,0.0948655339805825,-15.381317339965015,tabred_weather__gap_maxdiff,0.2280292319342118,-34.27840653341205,-18.897089193447037,higher_shift_more_harmful,nonmonotonic,all_negative,tabred_weather__gap_near;tabred_weather__gap_far;tabred_weather__gap_maxdiff,0.094866;0.101202;0.228029,-15.381317;-5.651071;-34.278407,-0.25899465;-0.0913013756;-0.598799376,descriptive_exact_variant_no_ci_across_variants
tabpfn,label_prop_k15_a05,test_time_variant,M8_label_prop,tabred_delivery_eta,3,3,tabred_delivery_eta__gap_near,0.1571228260314691,-0.04818580815502,tabred_delivery_eta__gap_maxdiff,0.2496496029927623,-0.0640677724695654,-0.015881964314545395,higher_shift_more_harmful,nonmonotonic,all_negative,tabred_delivery_eta__gap_near;tabred_delivery_eta__gap_far;tabred_delivery_eta__gap_maxdiff,0.157123;0.237934;0.249650,-0.048186;-0.272438;-0.064068,-0.000272681248;-0.00149897014;-0.000351570131,descriptive_exact_variant_no_ci_across_variants
tabpfn,label_prop_k15_a05,test_time_variant,M8_label_prop,tabred_homesite,2,2,tabred_homesite__gap_near,0.0437974647176086,3.980593922086605,tabred_homesite__gap_far,0.0830990647492541,1.978509833610565,-2.00208408847604,higher_shift_more_harmful,not_assessed_two_windows,all_positive,tabred_homesite__gap_near;tabred_homesite__gap_far,0.043797;0.083099,3.980594;1.978510,0.00197732505;0.00161617164,descriptive_exact_variant_no_ci_across_variants
tabpfn,label_prop_k15_a05,test_time_variant,M8_label_prop,tabred_sberbank,2,2,tabred_sberbank__gap_near,0.2265311490062835,-21.753535030857684,tabred_sberbank__gap_far,0.235749592588427,1.8651764127226096,23.618711443580292,higher_shift_more_helpful,not_assessed_two_windows,mixed_or_tied,tabred_sberbank__gap_near;tabred_sberbank__gap_far,0.226531;0.235750,-21.753535;1.865176,-0.0538927311;0.00732818728,descriptive_exact_variant_no_ci_across_variants
tabpfn,label_prop_k15_a05,test_time_variant,M8_label_prop,tabred_weather,3,3,tabred_weather__gap_near,0.0948655339805825,-12.295841562255864,tabred_weather__gap_maxdiff,0.2280292319342118,-31.768497965796566,-19.472656403540704,higher_shift_more_harmful,nonmonotonic,all_negative,tabred_weather__gap_near;tabred_weather__gap_far;tabred_weather__gap_maxdiff,0.094866;0.101202;0.228029,-12.295842;-5.095650;-31.768498,-0.207040601;-0.082327744;-0.554954523,descriptive_exact_variant_no_ci_across_variants
tabpfn,label_prop_k15_a08,test_time_variant,M8_label_prop,tabred_delivery_eta,3,3,tabred_delivery_eta__gap_near,0.1571228260314691,-0.2677890199451229,tabred_delivery_eta__gap_maxdiff,0.2496496029927623,-0.1106075541724782,0.1571814657726447,higher_shift_more_helpful,nonmonotonic,all_negative,tabred_delivery_eta__gap_near;tabred_delivery_eta__gap_far;tabred_delivery_eta__gap_maxdiff,0.157123;0.237934;0.249650,-0.267789;-0.337818;-0.110608,-0.00151540561;-0.00185869714;-0.000606955897,descriptive_exact_variant_no_ci_across_variants
tabpfn,label_prop_k15_a08,test_time_variant,M8_label_prop,tabred_homesite,2,2,tabred_homesite__gap_near,0.0437974647176086,3.464864023676224,tabred_homesite__gap_far,0.0830990647492541,9.322920298445004,5.85805627476878,higher_shift_more_helpful,not_assessed_two_windows,all_positive,tabred_homesite__gap_near;tabred_homesite__gap_far,0.043797;0.083099,3.464864;9.322920,0.00172114075;0.00761554942,descriptive_exact_variant_no_ci_across_variants
tabpfn,label_prop_k15_a08,test_time_variant,M8_label_prop,tabred_sberbank,2,2,tabred_sberbank__gap_near,0.2265311490062835,-21.044020710761497,tabred_sberbank__gap_far,0.235749592588427,1.9420005835663323,22.98602129432783,higher_shift_more_helpful,not_assessed_two_windows,mixed_or_tied,tabred_sberbank__gap_near;tabred_sberbank__gap_far,0.226531;0.235750,-21.044021;1.942001,-0.0521349632;0.0076300257,descriptive_exact_variant_no_ci_across_variants
tabpfn,label_prop_k15_a08,test_time_variant,M8_label_prop,tabred_weather,3,3,tabred_weather__gap_near,0.0948655339805825,-13.204937781355156,tabred_weather__gap_maxdiff,0.2280292319342118,-36.538832207544296,-23.33389442618914,higher_shift_more_harmful,nonmonotonic,all_negative,tabred_weather__gap_near;tabred_weather__gap_far;tabred_weather__gap_maxdiff,0.094866;0.101202;0.228029,-13.204938;-5.598348;-36.538832,-0.222348201;-0.0904495628;-0.638286085,descriptive_exact_variant_no_ci_across_variants
tabpfn,label_prop_v3_adaptive,test_time_variant,M8_label_prop,tabred_delivery_eta,3,3,tabred_delivery_eta__gap_near,0.1571228260314691,0.0673259509375506,tabred_delivery_eta__gap_maxdiff,0.2496496029927623,-0.3406500040577357,-0.4079759549952863,higher_shift_more_harmful,nonmonotonic,mixed_or_tied,tabred_delivery_eta__gap_near;tabred_delivery_eta__gap_far;tabred_delivery_eta__gap_maxdiff,0.157123;0.237934;0.249650,0.067326;-2.088037;-0.340650,0.000380994426;-0.0114885196;-0.00186930748,descriptive_exact_variant_no_ci_across_variants
tabpfn,label_prop_v3_adaptive,test_time_variant,M8_label_prop,tabred_homesite,2,2,tabred_homesite__gap_near,0.0437974647176086,6.240359072505685,tabred_homesite__gap_far,0.0830990647492541,-30.62913192611258,-36.86949099861827,higher_shift_more_harmful,not_assessed_two_windows,mixed_or_tied,tabred_homesite__gap_near;tabred_homesite__gap_far,0.043797;0.083099,6.240359;-30.629132,0.00309984352;-0.0250198072,descriptive_exact_variant_no_ci_across_variants
tabpfn,label_prop_v3_adaptive,test_time_variant,M8_label_prop,tabred_sberbank,2,2,tabred_sberbank__gap_near,0.2265311490062835,-17.36062478774952,tabred_sberbank__gap_far,0.235749592588427,-32.847892956586534,-15.487268168837016,higher_shift_more_harmful,not_assessed_two_windows,all_negative,tabred_sberbank__gap_near;tabred_sberbank__gap_far,0.226531;0.235750,-17.360625;-32.847893,-0.0430096295;-0.129057772,descriptive_exact_variant_no_ci_across_variants
tabpfn,label_prop_v3_adaptive,test_time_variant,M8_label_prop,tabred_weather,3,3,tabred_weather__gap_near,0.0948655339805825,-7.172132903072639,tabred_weather__gap_maxdiff,0.2280292319342118,-6.961904022998495,0.2102288800741441,higher_shift_more_helpful,nonmonotonic,all_negative,tabred_weather__gap_near;tabred_weather__gap_far;tabred_weather__gap_maxdiff,0.094866;0.101202;0.228029,-7.172133;-7.181590;-6.961904,-0.120766252;-0.116029165;-0.121615448,descriptive_exact_variant_no_ci_across_variants
tabpfn,label_prop_v3_t005_k10,test_time_variant,M8_label_prop,tabred_delivery_eta,3,3,tabred_delivery_eta__gap_near,0.1571228260314691,0.3272570218851581,tabred_delivery_eta__gap_maxdiff,0.2496496029927623,0.037576231529982,-0.2896807903551761,higher_shift_more_harmful,nonmonotonic,mixed_or_tied,tabred_delivery_eta__gap_near;tabred_delivery_eta__gap_far;tabred_delivery_eta__gap_maxdiff,0.157123;0.237934;0.249650,0.327257;-0.416338;0.037576,0.00185193227;-0.00229071845;0.000206198532,descriptive_exact_variant_no_ci_across_variants
tabpfn,label_prop_v3_t005_k10,test_time_variant,M8_label_prop,tabred_homesite,2,2,tabred_homesite__gap_near,0.0437974647176086,8.77942103926859,tabred_homesite__gap_far,0.0830990647492541,1.7704815696587135,-7.008939469609876,higher_shift_more_harmful,not_assessed_two_windows,all_positive,tabred_homesite__gap_near;tabred_homesite__gap_far,0.043797;0.083099,8.779421;1.770482,0.00436110024;0.00144624103,descriptive_exact_variant_no_ci_across_variants
tabpfn,label_prop_v3_t005_k10,test_time_variant,M8_label_prop,tabred_sberbank,2,2,tabred_sberbank__gap_near,0.2265311490062835,-22.06158127828659,tabred_sberbank__gap_far,0.235749592588427,4.697540848662532,26.759122126949123,higher_shift_more_helpful,not_assessed_two_windows,mixed_or_tied,tabred_sberbank__gap_near;tabred_sberbank__gap_far,0.226531;0.235750,-22.061581;4.697541,-0.0546558923;0.0184564092,descriptive_exact_variant_no_ci_across_variants
tabpfn,label_prop_v3_t005_k10,test_time_variant,M8_label_prop,tabred_weather,3,3,tabred_weather__gap_near,0.0948655339805825,-16.55409371236817,tabred_weather__gap_maxdiff,0.2280292319342118,-23.67292074658281,-7.11882703421464,higher_shift_more_harmful,strictly_decreasing,all_negative,tabred_weather__gap_near;tabred_weather__gap_far;tabred_weather__gap_maxdiff,0.094866;0.101202;0.228029,-16.554094;-20.796291;-23.672921,-0.278742166;-0.335994739;-0.413535272,descriptive_exact_variant_no_ci_across_variants
tabpfn,label_prop_v3_t005_k15,test_time_variant,M8_label_prop,tabred_delivery_eta,3,3,tabred_delivery_eta__gap_near,0.1571228260314691,0.1729772249648381,tabred_delivery_eta__gap_maxdiff,0.2496496029927623,-0.3648075977957667,-0.5377848227606048,higher_shift_more_harmful,nonmonotonic,mixed_or_tied,tabred_delivery_eta__gap_near;tabred_delivery_eta__gap_far;tabred_delivery_eta__gap_maxdiff,0.157123;0.237934;0.249650,0.172977;-0.848187;-0.364808,0.000978870073;-0.00466678489;-0.00200187161,descriptive_exact_variant_no_ci_across_variants
tabpfn,label_prop_v3_t005_k15,test_time_variant,M8_label_prop,tabred_homesite,2,2,tabred_homesite__gap_near,0.0437974647176086,7.257894981120939,tabred_homesite__gap_far,0.0830990647492541,-7.719791075205618,-14.977686056326556,higher_shift_more_harmful,not_assessed_two_windows,mixed_or_tied,tabred_homesite__gap_near;tabred_homesite__gap_far,0.043797;0.083099,7.257895;-7.719791,0.00360529554;-0.00630601234,descriptive_exact_variant_no_ci_across_variants
tabpfn,label_prop_v3_t005_k15,test_time_variant,M8_label_prop,tabred_sberbank,2,2,tabred_sberbank__gap_near,0.2265311490062835,-25.53581632245992,tabred_sberbank__gap_far,0.235749592588427,5.581355097440873,31.117171419900792,higher_shift_more_helpful,not_assessed_two_windows,mixed_or_tied,tabred_sberbank__gap_near;tabred_sberbank__gap_far,0.226531;0.235750,-25.535816;5.581355,-0.0632630457;0.0219288723,descriptive_exact_variant_no_ci_across_variants
tabpfn,label_prop_v3_t005_k15,test_time_variant,M8_label_prop,tabred_weather,3,3,tabred_weather__gap_near,0.0948655339805825,-14.674318719346982,tabred_weather__gap_maxdiff,0.2280292319342118,-17.279283636337645,-2.6049649169906637,higher_shift_more_harmful,nonmonotonic,all_negative,tabred_weather__gap_near;tabred_weather__gap_far;tabred_weather__gap_maxdiff,0.094866;0.101202;0.228029,-14.674319;-17.967180;-17.279284,-0.247090022;-0.290286268;-0.301846711,descriptive_exact_variant_no_ci_across_variants
tabpfn,label_prop_v3_t01_k15,test_time_variant,M8_label_prop,tabred_delivery_eta,3,3,tabred_delivery_eta__gap_near,0.1571228260314691,0.3121324352846165,tabred_delivery_eta__gap_maxdiff,0.2496496029927623,0.2462694811111841,-0.06586295417343238,higher_shift_more_harmful,nonmonotonic,mixed_or_tied,tabred_delivery_eta__gap_near;tabred_delivery_eta__gap_far;tabred_delivery_eta__gap_maxdiff,0.157123;0.237934;0.249650,0.312132;-0.681024;0.246269,0.00176634294;-0.00374704265;0.00135139697,descriptive_exact_variant_no_ci_across_variants
tabpfn,label_prop_v3_t01_k15,test_time_variant,M8_label_prop,tabred_homesite,2,2,tabred_homesite__gap_near,0.0437974647176086,-0.2511760225180138,tabred_homesite__gap_far,0.0830990647492541,-0.5277907830030586,-0.2766147604850448,higher_shift_more_harmful,not_assessed_two_windows,all_negative,tabred_homesite__gap_near;tabred_homesite__gap_far,0.043797;0.083099,-0.251176;-0.527791,-0.000124769482;-0.000431132807,descriptive_exact_variant_no_ci_across_variants
tabpfn,label_prop_v3_t01_k15,test_time_variant,M8_label_prop,tabred_sberbank,2,2,tabred_sberbank__gap_near,0.2265311490062835,-15.681674369404233,tabred_sberbank__gap_far,0.235749592588427,-18.82701810122479,-3.1453437318205584,higher_shift_more_harmful,not_assessed_two_windows,all_negative,tabred_sberbank__gap_near;tabred_sberbank__gap_far,0.226531;0.235750,-15.681674;-18.827018,-0.0388501574;-0.0739704371,descriptive_exact_variant_no_ci_across_variants
tabpfn,label_prop_v3_t01_k15,test_time_variant,M8_label_prop,tabred_weather,3,3,tabred_weather__gap_near,0.0948655339805825,-14.86314833435017,tabred_weather__gap_maxdiff,0.2280292319342118,-12.998508961261818,1.8646393730883517,higher_shift_more_helpful,nonmonotonic,all_negative,tabred_weather__gap_near;tabred_weather__gap_far;tabred_weather__gap_maxdiff,0.094866;0.101202;0.228029,-14.863148;-45.912029;-12.998509,-0.250269585;-0.7417765;-0.22706712,descriptive_exact_variant_no_ci_across_variants
tabpfn,label_prop_weighted_adaptive_a05,test_time_variant,M8_label_prop,tabred_delivery_eta,3,3,tabred_delivery_eta__gap_near,0.1571228260314691,-0.0822479811295698,tabred_delivery_eta__gap_maxdiff,0.2496496029927623,-0.6688912417417037,-0.5866432606121339,higher_shift_more_harmful,nonmonotonic,all_negative,tabred_delivery_eta__gap_near;tabred_delivery_eta__gap_far;tabred_delivery_eta__gap_maxdiff,0.157123;0.237934;0.249650,-0.082248;-1.866827;-0.668891,-0.000465437501;-0.0102714078;-0.0036705222,descriptive_exact_variant_no_ci_across_variants
tabpfn,label_prop_weighted_adaptive_a05,test_time_variant,M8_label_prop,tabred_homesite,2,2,tabred_homesite__gap_near,0.0437974647176086,-0.4679518506489191,tabred_homesite__gap_far,0.0830990647492541,13.585590431695724,14.053542282344644,higher_shift_more_helpful,not_assessed_two_windows,mixed_or_tied,tabred_homesite__gap_near;tabred_homesite__gap_far,0.043797;0.083099,-0.467952;13.585590,-0.000232450969;0.0110975673,descriptive_exact_variant_no_ci_across_variants
tabpfn,label_prop_weighted_adaptive_a05,test_time_variant,M8_label_prop,tabred_sberbank,2,2,tabred_sberbank__gap_near,0.2265311490062835,-2.859243949816697,tabred_sberbank__gap_far,0.235749592588427,-5.418734694846149,-2.559490745029452,higher_shift_more_harmful,not_assessed_two_windows,all_negative,tabred_sberbank__gap_near;tabred_sberbank__gap_far,0.226531;0.235750,-2.859244;-5.418735,-0.00708355975;-0.0212899447,descriptive_exact_variant_no_ci_across_variants
tabpfn,label_prop_weighted_adaptive_a05,test_time_variant,M8_label_prop,tabred_weather,3,3,tabred_weather__gap_near,0.0948655339805825,-10.417212678361528,tabred_weather__gap_maxdiff,0.2280292319342118,-9.823213621043523,0.5939990573180047,higher_shift_more_helpful,nonmonotonic,all_negative,tabred_weather__gap_near;tabred_weather__gap_far;tabred_weather__gap_maxdiff,0.094866;0.101202;0.228029,-10.417213;-9.672044;-9.823214,-0.175407756;-0.156266123;-0.171598822,descriptive_exact_variant_no_ci_across_variants
tabpfn,label_prop_weighted_k10_a05,test_time_variant,M8_label_prop,tabred_delivery_eta,3,3,tabred_delivery_eta__gap_near,0.1571228260314691,-0.0096362273235195,tabred_delivery_eta__gap_maxdiff,0.2496496029927623,-0.2090346828056445,-0.19939845548212498,higher_shift_more_harmful,nonmonotonic,all_negative,tabred_delivery_eta__gap_near;tabred_delivery_eta__gap_far;tabred_delivery_eta__gap_maxdiff,0.157123;0.237934;0.249650,-0.009636;-0.642193;-0.209035,-5.45309623e-05;-0.00353339139;-0.00114707205,descriptive_exact_variant_no_ci_across_variants
tabpfn,label_prop_weighted_k10_a05,test_time_variant,M8_label_prop,tabred_homesite,2,2,tabred_homesite__gap_near,0.0437974647176086,-13.027299011403784,tabred_homesite__gap_far,0.0830990647492541,22.66611546647804,35.693414477881824,higher_shift_more_helpful,not_assessed_two_windows,mixed_or_tied,tabred_homesite__gap_near;tabred_homesite__gap_far,0.043797;0.083099,-13.027299;22.666115,-0.00647119629;0.018515113,descriptive_exact_variant_no_ci_across_variants
tabpfn,label_prop_weighted_k10_a05,test_time_variant,M8_label_prop,tabred_sberbank,2,2,tabred_sberbank__gap_near,0.2265311490062835,-11.941523518740777,tabred_sberbank__gap_far,0.235749592588427,1.297008351252707,13.238531869993484,higher_shift_more_helpful,not_assessed_two_windows,mixed_or_tied,tabred_sberbank__gap_near;tabred_sberbank__gap_far,0.226531;0.235750,-11.941524;1.297008,-0.0295842177;0.00509588264,descriptive_exact_variant_no_ci_across_variants
tabpfn,label_prop_weighted_k10_a05,test_time_variant,M8_label_prop,tabred_weather,3,3,tabred_weather__gap_near,0.0948655339805825,-20.884191357756432,tabred_weather__gap_maxdiff,0.2280292319342118,-24.93240461133788,-4.048213253581448,higher_shift_more_harmful,nonmonotonic,all_negative,tabred_weather__gap_near;tabred_weather__gap_far;tabred_weather__gap_maxdiff,0.094866;0.101202;0.228029,-20.884191;-33.335879;-24.932405,-0.351653484;-0.538590267;-0.435536824,descriptive_exact_variant_no_ci_across_variants
tabpfn,label_prop_weighted_k15_a05,test_time_variant,M8_label_prop,tabred_delivery_eta,3,3,tabred_delivery_eta__gap_near,0.1571228260314691,-0.0689732502292667,tabred_delivery_eta__gap_maxdiff,0.2496496029927623,-0.0987435224381931,-0.02977027220892639,higher_shift_more_harmful,nonmonotonic,all_negative,tabred_delivery_eta__gap_near;tabred_delivery_eta__gap_far;tabred_delivery_eta__gap_maxdiff,0.157123;0.237934;0.249650,-0.068973;-0.826890;-0.098744,-0.000390316416;-0.00454960392;-0.000541852351,descriptive_exact_variant_no_ci_across_variants
tabpfn,label_prop_weighted_k15_a05,test_time_variant,M8_label_prop,tabred_homesite,2,2,tabred_homesite__gap_near,0.0437974647176086,-12.730802097865732,tabred_homesite__gap_far,0.0830990647492541,20.36701299305044,33.09781509091617,higher_shift_more_helpful,not_assessed_two_windows,mixed_or_tied,tabred_homesite__gap_near;tabred_homesite__gap_far,0.043797;0.083099,-12.730802;20.367013,-0.00632391405;0.016637061,descriptive_exact_variant_no_ci_across_variants
tabpfn,label_prop_weighted_k15_a05,test_time_variant,M8_label_prop,tabred_sberbank,2,2,tabred_sberbank__gap_near,0.2265311490062835,-13.696875433168293,tabred_sberbank__gap_far,0.235749592588427,-0.3238824192310187,13.372993013937274,higher_shift_more_helpful,not_assessed_two_windows,all_negative,tabred_sberbank__gap_near;tabred_sberbank__gap_far,0.226531;0.235750,-13.696875;-0.323882,-0.0339329687;-0.00127251825,descriptive_exact_variant_no_ci_across_variants
tabpfn,label_prop_weighted_k15_a05,test_time_variant,M8_label_prop,tabred_weather,3,3,tabred_weather__gap_near,0.0948655339805825,-18.16636109149428,tabred_weather__gap_maxdiff,0.2280292319342118,-21.8076232059723,-3.6412621144780175,higher_shift_more_harmful,nonmonotonic,all_negative,tabred_weather__gap_near;tabred_weather__gap_far;tabred_weather__gap_maxdiff,0.094866;0.101202;0.228029,-18.166361;-25.384157;-21.807623,-0.305889946;-0.410118467;-0.380950939,descriptive_exact_variant_no_ci_across_variants
tabpfn,label_prop_weighted_k15_a08,test_time_variant,M8_label_prop,tabred_delivery_eta,3,3,tabred_delivery_eta__gap_near,0.1571228260314691,-0.0494880566047389,tabred_delivery_eta__gap_maxdiff,0.2496496029927623,-0.0811030622836861,-0.031615005678947206,higher_shift_more_harmful,nonmonotonic,all_negative,tabred_delivery_eta__gap_near;tabred_delivery_eta__gap_far;tabred_delivery_eta__gap_maxdiff,0.157123;0.237934;0.249650,-0.049488;-0.689081;-0.081103,-0.000280050611;-0.00379137149;-0.000445050813,descriptive_exact_variant_no_ci_across_variants
tabpfn,label_prop_weighted_k15_a08,test_time_variant,M8_label_prop,tabred_homesite,2,2,tabred_homesite__gap_near,0.0437974647176086,-14.63045727686952,tabred_homesite__gap_far,0.0830990647492541,21.38822755934518,36.018684836214696,higher_shift_more_helpful,not_assessed_two_windows,mixed_or_tied,tabred_homesite__gap_near;tabred_homesite__gap_far,0.043797;0.083099,-14.630457;21.388228,-0.00726755107;0.0174712535,descriptive_exact_variant_no_ci_across_variants
tabpfn,label_prop_weighted_k15_a08,test_time_variant,M8_label_prop,tabred_sberbank,2,2,tabred_sberbank__gap_near,0.2265311490062835,-11.871518474373053,tabred_sberbank__gap_far,0.235749592588427,1.8360890683944788,13.707607542767532,higher_shift_more_helpful,not_assessed_two_windows,mixed_or_tied,tabred_sberbank__gap_near;tabred_sberbank__gap_far,0.226531;0.235750,-11.871518;1.836089,-0.0294107855;0.00721390452,descriptive_exact_variant_no_ci_across_variants
tabpfn,label_prop_weighted_k15_a08,test_time_variant,M8_label_prop,tabred_weather,3,3,tabred_weather__gap_near,0.0948655339805825,-18.821570936953723,tabred_weather__gap_maxdiff,0.2280292319342118,-21.72699536816453,-2.9054244312108075,higher_shift_more_harmful,nonmonotonic,all_negative,tabred_weather__gap_near;tabred_weather__gap_far;tabred_weather__gap_maxdiff,0.094866;0.101202;0.228029,-18.821571;-25.606140;-21.726995,-0.316922541;-0.413704931;-0.379542475,descriptive_exact_variant_no_ci_across_variants
tabpfn,leaf_density_conf,test_time_variant,M18_leaf_density,tabred_delivery_eta,3,3,tabred_delivery_eta__gap_near,0.1571228260314691,0.9229509210892972,tabred_delivery_eta__gap_maxdiff,0.2496496029927623,-0.5870764808506553,-1.5100274019399524,higher_shift_more_harmful,strictly_decreasing,mixed_or_tied,tabred_delivery_eta__gap_near;tabred_delivery_eta__gap_far;tabred_delivery_eta__gap_maxdiff,0.157123;0.237934;0.249650,0.922951;-0.262884;-0.587076,0.00522293635;-0.00144640763;-0.00322156597,descriptive_exact_variant_no_ci_across_variants
tabpfn,leaf_density_conf,test_time_variant,M18_leaf_density,tabred_homesite,2,2,tabred_homesite__gap_near,0.0437974647176086,4.298113176639645,tabred_homesite__gap_far,0.0830990647492541,8.746982511015903,4.4488693343762575,higher_shift_more_helpful,not_assessed_two_windows,all_positive,tabred_homesite__gap_near;tabred_homesite__gap_far,0.043797;0.083099,4.298113;8.746983,0.00213504994;0.00714508711,descriptive_exact_variant_no_ci_across_variants
tabpfn,leaf_density_conf,test_time_variant,M18_leaf_density,tabred_sberbank,2,2,tabred_sberbank__gap_near,0.2265311490062835,-2.519719878560461,tabred_sberbank__gap_far,0.235749592588427,4.892453268872804,7.412173147433265,higher_shift_more_helpful,not_assessed_two_windows,mixed_or_tied,tabred_sberbank__gap_near;tabred_sberbank__gap_far,0.226531;0.235750,-2.519720;4.892453,-0.00624241465;0.0192222106,descriptive_exact_variant_no_ci_across_variants
tabpfn,leaf_density_conf,test_time_variant,M18_leaf_density,tabred_weather,3,3,tabred_weather__gap_near,0.0948655339805825,0.1906671782321119,tabred_weather__gap_maxdiff,0.2280292319342118,-1.6096482467495274,-1.8003154249816393,higher_shift_more_harmful,nonmonotonic,mixed_or_tied,tabred_weather__gap_near;tabred_weather__gap_far;tabred_weather__gap_maxdiff,0.094866;0.101202;0.228029,0.190667;0.596318;-1.609648,0.00321050389;0.00963439882;-0.0281184706,descriptive_exact_variant_no_ci_across_variants
tabpfn,leaf_density_conf_cumshift,test_time_variant,M18_leaf_density,tabred_delivery_eta,3,3,tabred_delivery_eta__gap_near,0.1571228260314691,0.6912708052569105,tabred_delivery_eta__gap_maxdiff,0.2496496029927623,-0.5700530894328615,-1.261323894689772,higher_shift_more_harmful,strictly_decreasing,mixed_or_tied,tabred_delivery_eta__gap_near;tabred_delivery_eta__gap_far;tabred_delivery_eta__gap_maxdiff,0.157123;0.237934;0.249650,0.691271;-0.281077;-0.570053,0.00391186934;-0.00154650438;-0.00312815058,descriptive_exact_variant_no_ci_across_variants
tabpfn,leaf_density_conf_cumshift,test_time_variant,M18_leaf_density,tabred_homesite,2,2,tabred_homesite__gap_near,0.0437974647176086,4.7395823379575575,tabred_homesite__gap_far,0.0830990647492541,-49.76241943677967,-54.50200177473723,higher_shift_more_harmful,not_assessed_two_windows,mixed_or_tied,tabred_homesite__gap_near;tabred_homesite__gap_far,0.043797;0.083099,4.739582;-49.762419,0.00235434587;-0.0406490834,descriptive_exact_variant_no_ci_across_variants
tabpfn,leaf_density_conf_cumshift,test_time_variant,M18_leaf_density,tabred_sberbank,2,2,tabred_sberbank__gap_near,0.2265311490062835,0.0675743433185793,tabred_sberbank__gap_far,0.235749592588427,4.838213684047005,4.770639340728426,higher_shift_more_helpful,not_assessed_two_windows,all_positive,tabred_sberbank__gap_near;tabred_sberbank__gap_far,0.226531;0.235750,0.067574;4.838214,0.000167410304;0.0190091059,descriptive_exact_variant_no_ci_across_variants
tabpfn,leaf_density_conf_cumshift,test_time_variant,M18_leaf_density,tabred_weather,3,3,tabred_weather__gap_near,0.0948655339805825,0.3334397252104999,tabred_weather__gap_maxdiff,0.2280292319342118,0.1561008722792514,-0.17733885293124851,higher_shift_more_harmful,strictly_decreasing,all_positive,tabred_weather__gap_near;tabred_weather__gap_far;tabred_weather__gap_maxdiff,0.094866;0.101202;0.228029,0.333440;0.307727;0.156101,0.00561454543;0.00497177855;0.00272688011,descriptive_exact_variant_no_ci_across_variants
tabpfn,leaf_density_conf_deep,test_time_variant,M18_leaf_density,tabred_delivery_eta,3,3,tabred_delivery_eta__gap_near,0.1571228260314691,0.6566974755046416,tabred_delivery_eta__gap_maxdiff,0.2496496029927623,-0.4821941327945822,-1.1388916082992238,higher_shift_more_harmful,strictly_decreasing,mixed_or_tied,tabred_delivery_eta__gap_near;tabred_delivery_eta__gap_far;tabred_delivery_eta__gap_maxdiff,0.157123;0.237934;0.249650,0.656697;-0.270067;-0.482194,0.00371622048;-0.00148592452;-0.00264602698,descriptive_exact_variant_no_ci_across_variants
tabpfn,leaf_density_conf_deep,test_time_variant,M18_leaf_density,tabred_homesite,2,2,tabred_homesite__gap_near,0.0437974647176086,3.99342574062824,tabred_homesite__gap_far,0.0830990647492541,-0.410743755001658,-4.404169495629898,higher_shift_more_harmful,not_assessed_two_windows,mixed_or_tied,tabred_homesite__gap_near;tabred_homesite__gap_far,0.043797;0.083099,3.993426;-0.410744,0.00198369914;-0.00033552141,descriptive_exact_variant_no_ci_across_variants
tabpfn,leaf_density_conf_deep,test_time_variant,M18_leaf_density,tabred_sberbank,2,2,tabred_sberbank__gap_near,0.2265311490062835,-0.356190819591092,tabred_sberbank__gap_far,0.235749592588427,4.957494282869676,5.313685102460767,higher_shift_more_helpful,not_assessed_two_windows,mixed_or_tied,tabred_sberbank__gap_near;tabred_sberbank__gap_far,0.226531;0.235750,-0.356191;4.957494,-0.000882435706;0.0194777536,descriptive_exact_variant_no_ci_across_variants
tabpfn,leaf_density_conf_deep,test_time_variant,M18_leaf_density,tabred_weather,3,3,tabred_weather__gap_near,0.0948655339805825,0.3500285554144959,tabred_weather__gap_maxdiff,0.2280292319342118,-0.3831934727920471,-0.7332220282065429,higher_shift_more_harmful,strictly_decreasing,mixed_or_tied,tabred_weather__gap_near;tabred_weather__gap_far;tabred_weather__gap_maxdiff,0.094866;0.101202;0.228029,0.350029;0.329383;-0.383193,0.00589387249;0.00532167118;-0.00669389378,descriptive_exact_variant_no_ci_across_variants
tabpfn,leaf_density_conf_shallow,test_time_variant,M18_leaf_density,tabred_delivery_eta,3,3,tabred_delivery_eta__gap_near,0.1571228260314691,0.2561774107021001,tabred_delivery_eta__gap_maxdiff,0.2496496029927623,-0.2119383014465968,-0.4681157121486969,higher_shift_more_harmful,strictly_decreasing,mixed_or_tied,tabred_delivery_eta__gap_near;tabred_delivery_eta__gap_far;tabred_delivery_eta__gap_maxdiff,0.157123;0.237934;0.249650,0.256177;-0.144469;-0.211938,0.00144969605;-0.000794875803;-0.00116300557,descriptive_exact_variant_no_ci_across_variants
tabpfn,leaf_density_conf_shallow,test_time_variant,M18_leaf_density,tabred_homesite,2,2,tabred_homesite__gap_near,0.0437974647176086,6.717047480459113,tabred_homesite__gap_far,0.0830990647492541,-16.186856863936878,-22.90390434439599,higher_shift_more_harmful,not_assessed_two_windows,mixed_or_tied,tabred_homesite__gap_near;tabred_homesite__gap_far,0.043797;0.083099,6.717047;-16.186857,0.0033366343;-0.0132224458,descriptive_exact_variant_no_ci_across_variants
tabpfn,leaf_density_conf_shallow,test_time_variant,M18_leaf_density,tabred_sberbank,2,2,tabred_sberbank__gap_near,0.2265311490062835,0.1061679810122875,tabred_sberbank__gap_far,0.235749592588427,4.026754407968135,3.9205864269558477,higher_shift_more_helpful,not_assessed_two_windows,all_positive,tabred_sberbank__gap_near;tabred_sberbank__gap_far,0.226531;0.235750,0.106168;4.026754,0.000263023111;0.0158209219,descriptive_exact_variant_no_ci_across_variants
tabpfn,leaf_density_conf_shallow,test_time_variant,M18_leaf_density,tabred_weather,3,3,tabred_weather__gap_near,0.0948655339805825,-0.0140757149714139,tabred_weather__gap_maxdiff,0.2280292319342118,0.2612138333754319,0.2752895483468458,higher_shift_more_helpful,nonmonotonic,mixed_or_tied,tabred_weather__gap_near;tabred_weather__gap_far;tabred_weather__gap_maxdiff,0.094866;0.101202;0.228029,-0.014076;0.440351;0.261214,-0.000237010575;0.0071145184;0.00456306743,descriptive_exact_variant_no_ci_across_variants
tabpfn,leaf_density_embed_k10,test_time_variant,M18_leaf_density,tabred_delivery_eta,3,3,tabred_delivery_eta__gap_near,0.1571228260314691,0.23788252855212,tabred_delivery_eta__gap_maxdiff,0.2496496029927623,0.1366032033251406,-0.10127932522697941,higher_shift_more_harmful,nonmonotonic,mixed_or_tied,tabred_delivery_eta__gap_near;tabred_delivery_eta__gap_far;tabred_delivery_eta__gap_maxdiff,0.157123;0.237934;0.249650,0.237883;-0.239027;0.136603,0.00134616617;-0.00131514155;0.000749606303,descriptive_exact_variant_no_ci_across_variants
tabpfn,leaf_density_embed_k10,test_time_variant,M18_leaf_density,tabred_homesite,2,2,tabred_homesite__gap_near,0.0437974647176086,4.792274699203212,tabred_homesite__gap_far,0.0830990647492541,-3.2655290691690047,-8.057803768372217,higher_shift_more_harmful,not_assessed_two_windows,mixed_or_tied,tabred_homesite__gap_near;tabred_homesite__gap_far,0.043797;0.083099,4.792275;-3.265529,0.00238052034;-0.00266749015,descriptive_exact_variant_no_ci_across_variants
tabpfn,leaf_density_embed_k10,test_time_variant,M18_leaf_density,tabred_sberbank,2,2,tabred_sberbank__gap_near,0.2265311490062835,0.3411161984344388,tabred_sberbank__gap_far,0.235749592588427,4.416068938986141,4.074952740551702,higher_shift_more_helpful,not_assessed_two_windows,all_positive,tabred_sberbank__gap_near;tabred_sberbank__gap_far,0.226531;0.235750,0.341116;4.416069,0.000845089477;0.0173505198,descriptive_exact_variant_no_ci_across_variants
tabpfn,leaf_density_embed_k10,test_time_variant,M18_leaf_density,tabred_weather,3,3,tabred_weather__gap_near,0.0948655339805825,-0.2314512075576892,tabred_weather__gap_maxdiff,0.2280292319342118,-1.3088302760554995,-1.0773790684978104,higher_shift_more_harmful,nonmonotonic,mixed_or_tied,tabred_weather__gap_near;tabred_weather__gap_far;tabred_weather__gap_maxdiff,0.094866;0.101202;0.228029,-0.231451;0.702125;-1.308830,-0.00389723605;0.0113438623;-0.0228635702,descriptive_exact_variant_no_ci_across_variants
tabpfn,leaf_density_embed_k10_cumshift,test_time_variant,M18_leaf_density,tabred_delivery_eta,3,3,tabred_delivery_eta__gap_near,0.1571228260314691,0.1629467801686154,tabred_delivery_eta__gap_maxdiff,0.2496496029927623,0.1411126191435754,-0.021834161025040016,higher_shift_more_harmful,nonmonotonic,mixed_or_tied,tabred_delivery_eta__gap_near;tabred_delivery_eta__gap_far;tabred_delivery_eta__gap_maxdiff,0.157123;0.237934;0.249650,0.162947;-0.227054;0.141113,0.000922108252;-0.00124926711;0.000774351598,descriptive_exact_variant_no_ci_across_variants
tabpfn,leaf_density_embed_k10_cumshift,test_time_variant,M18_leaf_density,tabred_homesite,2,2,tabred_homesite__gap_near,0.0437974647176086,4.075603982778151,tabred_homesite__gap_far,0.0830990647492541,-15.75469599317322,-19.83029997595137,higher_shift_more_harmful,not_assessed_two_windows,mixed_or_tied,tabred_homesite__gap_near;tabred_homesite__gap_far,0.043797;0.083099,4.075604;-15.754696,0.00202452046;-0.0128694296,descriptive_exact_variant_no_ci_across_variants
tabpfn,leaf_density_embed_k10_cumshift,test_time_variant,M18_leaf_density,tabred_sberbank,2,2,tabred_sberbank__gap_near,0.2265311490062835,0.3726235977595845,tabred_sberbank__gap_far,0.235749592588427,4.728697404512419,4.356073806752834,higher_shift_more_helpful,not_assessed_two_windows,all_positive,tabred_sberbank__gap_near;tabred_sberbank__gap_far,0.226531;0.235750,0.372624;4.728697,0.000923146666;0.0185788218,descriptive_exact_variant_no_ci_across_variants
tabpfn,leaf_density_embed_k10_cumshift,test_time_variant,M18_leaf_density,tabred_weather,3,3,tabred_weather__gap_near,0.0948655339805825,-0.3204380078066411,tabred_weather__gap_maxdiff,0.2280292319342118,-0.1306459345424467,0.18979207326419442,higher_shift_more_helpful,nonmonotonic,mixed_or_tied,tabred_weather__gap_near;tabred_weather__gap_far;tabred_weather__gap_maxdiff,0.094866;0.101202;0.228029,-0.320438;0.477830;-0.130646,-0.0053956191;0.00772004163;-0.00228221531,descriptive_exact_variant_no_ci_across_variants
tabpfn,leaf_density_embed_k20,test_time_variant,M18_leaf_density,tabred_delivery_eta,3,3,tabred_delivery_eta__gap_near,0.1571228260314691,0.2916525477930893,tabred_delivery_eta__gap_maxdiff,0.2496496029927623,0.0815997647549496,-0.2100527830381397,higher_shift_more_harmful,nonmonotonic,mixed_or_tied,tabred_delivery_eta__gap_near;tabred_delivery_eta__gap_far;tabred_delivery_eta__gap_maxdiff,0.157123;0.237934;0.249650,0.291653;-0.230634;0.081600,0.00165044821;-0.00126896542;0.000447776454,descriptive_exact_variant_no_ci_across_variants
tabpfn,leaf_density_embed_k20,test_time_variant,M18_leaf_density,tabred_homesite,2,2,tabred_homesite__gap_near,0.0437974647176086,4.664502548617798,tabred_homesite__gap_far,0.0830990647492541,-5.104246565790387,-9.768749114408184,higher_shift_more_harmful,not_assessed_two_windows,mixed_or_tied,tabred_homesite__gap_near;tabred_homesite__gap_far,0.043797;0.083099,4.664503;-5.104247,0.00231705064;-0.00416947059,descriptive_exact_variant_no_ci_across_variants
tabpfn,leaf_density_embed_k20,test_time_variant,M18_leaf_density,tabred_sberbank,2,2,tabred_sberbank__gap_near,0.2265311490062835,1.0729725170742797,tabred_sberbank__gap_far,0.235749592588427,4.28430108842426,3.2113285713499806,higher_shift_more_helpful,not_assessed_two_windows,all_positive,tabred_sberbank__gap_near;tabred_sberbank__gap_far,0.226531;0.235750,1.072973;4.284301,0.00265820793;0.0168328103,descriptive_exact_variant_no_ci_across_variants
tabpfn,leaf_density_embed_k20,test_time_variant,M18_leaf_density,tabred_weather,3,3,tabred_weather__gap_near,0.0948655339805825,-0.1804923722318029,tabred_weather__gap_maxdiff,0.2280292319342118,-0.9987698850992716,-0.8182775128674686,higher_shift_more_harmful,nonmonotonic,mixed_or_tied,tabred_weather__gap_near;tabred_weather__gap_far;tabred_weather__gap_maxdiff,0.094866;0.101202;0.228029,-0.180492;0.660856;-0.998770,-0.00303917784;0.010677105;-0.0174472166,descriptive_exact_variant_no_ci_across_variants
tabpfn,leaf_density_embed_k5,test_time_variant,M18_leaf_density,tabred_delivery_eta,3,3,tabred_delivery_eta__gap_near,0.1571228260314691,0.2475613253568217,tabred_delivery_eta__gap_maxdiff,0.2496496029927623,0.112186518585455,-0.1353748067713667,higher_shift_more_harmful,nonmonotonic,mixed_or_tied,tabred_delivery_eta__gap_near;tabred_delivery_eta__gap_far;tabred_delivery_eta__gap_maxdiff,0.157123;0.237934;0.249650,0.247561;-0.198492;0.112187,0.00140093803;-0.0010921148;0.000615620421,descriptive_exact_variant_no_ci_across_variants
tabpfn,leaf_density_embed_k5,test_time_variant,M18_leaf_density,tabred_homesite,2,2,tabred_homesite__gap_near,0.0437974647176086,5.26049956726782,tabred_homesite__gap_far,0.0830990647492541,-2.6756452528714205,-7.936144820139241,higher_shift_more_harmful,not_assessed_two_windows,mixed_or_tied,tabred_homesite__gap_near;tabred_homesite__gap_far,0.043797;0.083099,5.260500;-2.675645,0.00261310693;-0.00218563583,descriptive_exact_variant_no_ci_across_variants
tabpfn,leaf_density_embed_k5,test_time_variant,M18_leaf_density,tabred_sberbank,2,2,tabred_sberbank__gap_near,0.2265311490062835,0.6225840715374912,tabred_sberbank__gap_far,0.235749592588427,5.0184789236894245,4.395894852151933,higher_shift_more_helpful,not_assessed_two_windows,all_positive,tabred_sberbank__gap_near;tabred_sberbank__gap_far,0.226531;0.235750,0.622584;5.018479,0.00154240476;0.0197173593,descriptive_exact_variant_no_ci_across_variants
tabpfn,leaf_density_embed_k5,test_time_variant,M18_leaf_density,tabred_weather,3,3,tabred_weather__gap_near,0.0948655339805825,-0.3336432381092521,tabred_weather__gap_maxdiff,0.2280292319342118,-0.6208908833935443,-0.28724764528429214,higher_shift_more_harmful,nonmonotonic,mixed_or_tied,tabred_weather__gap_near;tabred_weather__gap_far;tabred_weather__gap_maxdiff,0.094866;0.101202;0.228029,-0.333643;0.561927;-0.620891,-0.00561797223;0.0090787585;-0.0108461598,descriptive_exact_variant_no_ci_across_variants
tabpfn,nearest_test_k10_both,test_time_variant,M16_nearest_test_dist,tabred_delivery_eta,3,3,tabred_delivery_eta__gap_near,0.1571228260314691,0.2783671403373167,tabred_delivery_eta__gap_maxdiff,0.2496496029927623,0.0605189308247111,-0.21784820951260558,higher_shift_more_harmful,nonmonotonic,mixed_or_tied,tabred_delivery_eta__gap_near;tabred_delivery_eta__gap_far;tabred_delivery_eta__gap_maxdiff,0.157123;0.237934;0.249650,0.278367;-0.175086;0.060519,0.0015752667;-0.000963332715;0.000332095961,descriptive_exact_variant_no_ci_across_variants
tabpfn,nearest_test_k10_both,test_time_variant,M16_nearest_test_dist,tabred_homesite,2,2,tabred_homesite__gap_near,0.0437974647176086,5.04536184363239,tabred_homesite__gap_far,0.0830990647492541,2.938295463224008,-2.1070663804083822,higher_shift_more_harmful,not_assessed_two_windows,all_positive,tabred_homesite__gap_near;tabred_homesite__gap_far,0.043797;0.083099,5.045362;2.938295,0.00250623915;0.00240018509,descriptive_exact_variant_no_ci_across_variants
tabpfn,nearest_test_k10_both,test_time_variant,M16_nearest_test_dist,tabred_sberbank,2,2,tabred_sberbank__gap_near,0.2265311490062835,1.4059316113268157,tabred_sberbank__gap_far,0.235749592588427,2.5457481310614947,1.139816519734679,higher_shift_more_helpful,not_assessed_two_windows,all_positive,tabred_sberbank__gap_near;tabred_sberbank__gap_far,0.226531;0.235750,1.405932;2.545748,0.0034830888;0.0100021204,descriptive_exact_variant_no_ci_across_variants
tabpfn,nearest_test_k10_both,test_time_variant,M16_nearest_test_dist,tabred_weather,3,3,tabred_weather__gap_near,0.0948655339805825,-0.1353063553483171,tabred_weather__gap_maxdiff,0.2280292319342118,-0.6729443138184869,-0.5376379584701698,higher_shift_more_harmful,nonmonotonic,mixed_or_tied,tabred_weather__gap_near;tabred_weather__gap_far;tabred_weather__gap_maxdiff,0.094866;0.101202;0.228029,-0.135306;0.657362;-0.672944,-0.00227832385;0.0106206569;-0.0117554658,descriptive_exact_variant_no_ci_across_variants
tabpfn,nearest_test_k10_cumshift_both,test_time_variant,M16_nearest_test_dist,tabred_delivery_eta,3,3,tabred_delivery_eta__gap_near,0.1571228260314691,0.4734395961690096,tabred_delivery_eta__gap_maxdiff,0.2496496029927623,0.0722893813827414,-0.4011502147862682,higher_shift_more_harmful,nonmonotonic,mixed_or_tied,tabred_delivery_eta__gap_near;tabred_delivery_eta__gap_far;tabred_delivery_eta__gap_maxdiff,0.157123;0.237934;0.249650,0.473440;-0.140738;0.072289,0.00267917266;-0.000774349202;0.000396685983,descriptive_exact_variant_no_ci_across_variants
tabpfn,nearest_test_k10_cumshift_both,test_time_variant,M16_nearest_test_dist,tabred_homesite,2,2,tabred_homesite__gap_near,0.0437974647176086,3.64369043101271,tabred_homesite__gap_far,0.0830990647492541,-2.3563808062798994,-6.000071237292609,higher_shift_more_harmful,not_assessed_two_windows,mixed_or_tied,tabred_homesite__gap_near;tabred_homesite__gap_far,0.043797;0.083099,3.643690;-2.356381,0.0018099712;-0.00192484049,descriptive_exact_variant_no_ci_across_variants
tabpfn,nearest_test_k10_cumshift_both,test_time_variant,M16_nearest_test_dist,tabred_sberbank,2,2,tabred_sberbank__gap_near,0.2265311490062835,-0.1249524720278811,tabred_sberbank__gap_far,0.235749592588427,0.7361618925781813,0.8611143646060624,higher_shift_more_helpful,not_assessed_two_windows,mixed_or_tied,tabred_sberbank__gap_near;tabred_sberbank__gap_far,0.226531;0.235750,-0.124952;0.736162,-0.000309560261;0.00289234422,descriptive_exact_variant_no_ci_across_variants
tabpfn,nearest_test_k10_cumshift_both,test_time_variant,M16_nearest_test_dist,tabred_weather,3,3,tabred_weather__gap_near,0.0948655339805825,-0.3620133085704501,tabred_weather__gap_maxdiff,0.2280292319342118,-1.0833945112095895,-0.7213812026391394,higher_shift_more_harmful,nonmonotonic,mixed_or_tied,tabred_weather__gap_near;tabred_weather__gap_far;tabred_weather__gap_maxdiff,0.094866;0.101202;0.228029,-0.362013;0.531817;-1.083395,-0.00609567491;0.00859229501;-0.0189254992,descriptive_exact_variant_no_ci_across_variants
tabpfn,nearest_test_k10_filter_both,test_time_variant,M16_nearest_test_dist,tabred_delivery_eta,3,3,tabred_delivery_eta__gap_near,0.1571228260314691,0.3998683204806272,tabred_delivery_eta__gap_maxdiff,0.2496496029927623,0.0296509853988405,-0.3702173350817867,higher_shift_more_harmful,nonmonotonic,mixed_or_tied,tabred_delivery_eta__gap_near;tabred_delivery_eta__gap_far;tabred_delivery_eta__gap_maxdiff,0.157123;0.237934;0.249650,0.399868;-0.205487;0.029651,0.00226283623;-0.00113060301;0.000162708963,descriptive_exact_variant_no_ci_across_variants
tabpfn,nearest_test_k10_filter_both,test_time_variant,M16_nearest_test_dist,tabred_homesite,2,2,tabred_homesite__gap_near,0.0437974647176086,4.0160861861378105,tabred_homesite__gap_far,0.0830990647492541,-5.698280985917779,-9.714367172055589,higher_shift_more_harmful,not_assessed_two_windows,mixed_or_tied,tabred_homesite__gap_near;tabred_homesite__gap_far,0.043797;0.083099,4.016086;-5.698281,0.00199495552;-0.00465471538,descriptive_exact_variant_no_ci_across_variants
tabpfn,nearest_test_k10_filter_both,test_time_variant,M16_nearest_test_dist,tabred_sberbank,2,2,tabred_sberbank__gap_near,0.2265311490062835,-0.844977084443601,tabred_sberbank__gap_far,0.235749592588427,2.7526758094260324,3.5976528938696335,higher_shift_more_helpful,not_assessed_two_windows,mixed_or_tied,tabred_sberbank__gap_near;tabred_sberbank__gap_far,0.226531;0.235750,-0.844977;2.752676,-0.00209336656;0.0108151292,descriptive_exact_variant_no_ci_across_variants
tabpfn,nearest_test_k10_filter_both,test_time_variant,M16_nearest_test_dist,tabred_weather,3,3,tabred_weather__gap_near,0.0948655339805825,-0.2195288686290975,tabred_weather__gap_maxdiff,0.2280292319342118,-0.6308914542436053,-0.4113625856145078,higher_shift_more_harmful,nonmonotonic,mixed_or_tied,tabred_weather__gap_near;tabred_weather__gap_far;tabred_weather__gap_maxdiff,0.094866;0.101202;0.228029,-0.219529;0.645935;-0.630891,-0.00369648459;0.0104360262;-0.0110208568,descriptive_exact_variant_no_ci_across_variants
tabpfn,nearest_test_k5_both,test_time_variant,M16_nearest_test_dist,tabred_delivery_eta,3,3,tabred_delivery_eta__gap_near,0.1571228260314691,0.2797483296195073,tabred_delivery_eta__gap_maxdiff,0.2496496029927623,0.0432198254054994,-0.2365285042140079,higher_shift_more_harmful,nonmonotonic,mixed_or_tied,tabred_delivery_eta__gap_near;tabred_delivery_eta__gap_far;tabred_delivery_eta__gap_maxdiff,0.157123;0.237934;0.249650,0.279748;-0.163046;0.043220,0.00158308279;-0.000897091758;0.000237167598,descriptive_exact_variant_no_ci_across_variants
tabpfn,nearest_test_k5_both,test_time_variant,M16_nearest_test_dist,tabred_homesite,2,2,tabred_homesite__gap_near,0.0437974647176086,4.678426436822636,tabred_homesite__gap_far,0.0830990647492541,-1.5385458276471136,-6.216972264469749,higher_shift_more_harmful,not_assessed_two_windows,mixed_or_tied,tabred_homesite__gap_near;tabred_homesite__gap_far,0.043797;0.083099,4.678426;-1.538546,0.00232396721;-0.00125678129,descriptive_exact_variant_no_ci_across_variants
tabpfn,nearest_test_k5_both,test_time_variant,M16_nearest_test_dist,tabred_sberbank,2,2,tabred_sberbank__gap_near,0.2265311490062835,1.3950881634060708,tabred_sberbank__gap_far,0.235749592588427,2.0194317775907247,0.6243436141846539,higher_shift_more_helpful,not_assessed_two_windows,all_positive,tabred_sberbank__gap_near;tabred_sberbank__gap_far,0.226531;0.235750,1.395088;2.019432,0.00345622498;0.00793424909,descriptive_exact_variant_no_ci_across_variants
tabpfn,nearest_test_k5_both,test_time_variant,M16_nearest_test_dist,tabred_weather,3,3,tabred_weather__gap_near,0.0948655339805825,-0.1694412284213718,tabred_weather__gap_maxdiff,0.2280292319342118,-0.6206734686407885,-0.45123224021941677,higher_shift_more_harmful,nonmonotonic,mixed_or_tied,tabred_weather__gap_near;tabred_weather__gap_far;tabred_weather__gap_maxdiff,0.094866;0.101202;0.228029,-0.169441;0.680088;-0.620673,-0.00285309578;0.0109878277;-0.0108423618,descriptive_exact_variant_no_ci_across_variants
tabpfn,nearest_test_rel_k10_both,test_time_variant,M16_nearest_test_dist,tabred_delivery_eta,3,3,tabred_delivery_eta__gap_near,0.1571228260314691,0.0302082156157512,tabred_delivery_eta__gap_maxdiff,0.2496496029927623,0.122144713437236,0.0919364978214848,higher_shift_more_helpful,nonmonotonic,mixed_or_tied,tabred_delivery_eta__gap_near;tabred_delivery_eta__gap_far;tabred_delivery_eta__gap_maxdiff,0.157123;0.237934;0.249650,0.030208;-0.157709;0.122145,0.000170946887;-0.000867726893;0.00067026574,descriptive_exact_variant_no_ci_across_variants
tabpfn,nearest_test_rel_k10_both,test_time_variant,M16_nearest_test_dist,tabred_homesite,2,2,tabred_homesite__gap_near,0.0437974647176086,4.749410964925271,tabred_homesite__gap_far,0.0830990647492541,-9.204047004758271,-13.953457969683543,higher_shift_more_harmful,not_assessed_two_windows,mixed_or_tied,tabred_homesite__gap_near;tabred_homesite__gap_far,0.043797;0.083099,4.749411;-9.204047,0.00235922815;-0.00751844622,descriptive_exact_variant_no_ci_across_variants
tabpfn,nearest_test_rel_k10_both,test_time_variant,M16_nearest_test_dist,tabred_sberbank,2,2,tabred_sberbank__gap_near,0.2265311490062835,0.74335310657174,tabred_sberbank__gap_far,0.235749592588427,2.8387653600151825,2.0954122534434427,higher_shift_more_helpful,not_assessed_two_windows,all_positive,tabred_sberbank__gap_near;tabred_sberbank__gap_far,0.226531;0.235750,0.743353;2.838765,0.00184160087;0.0111533708,descriptive_exact_variant_no_ci_across_variants
tabpfn,nearest_test_rel_k10_both,test_time_variant,M16_nearest_test_dist,tabred_weather,3,3,tabred_weather__gap_near,0.0948655339805825,-0.2013238000658255,tabred_weather__gap_maxdiff,0.2280292319342118,-0.3608960472389888,-0.15957224717316332,higher_shift_more_harmful,nonmonotonic,mixed_or_tied,tabred_weather__gap_near;tabred_weather__gap_far;tabred_weather__gap_maxdiff,0.094866;0.101202;0.228029,-0.201324;0.612974;-0.360896,-0.00338994288;0.00990349371;-0.00630438663,descriptive_exact_variant_no_ci_across_variants
tabpfn,nearest_test_rel_k10_cumshift_both,test_time_variant,M16_nearest_test_dist,tabred_delivery_eta,3,3,tabred_delivery_eta__gap_near,0.1571228260314691,0.1355359926256888,tabred_delivery_eta__gap_maxdiff,0.2496496029927623,0.1410481974838322,0.00551220485814341,higher_shift_more_helpful,nonmonotonic,mixed_or_tied,tabred_delivery_eta__gap_near;tabred_delivery_eta__gap_far;tabred_delivery_eta__gap_maxdiff,0.157123;0.237934;0.249650,0.135536;-0.248464;0.141048,0.00076699188;-0.00136706819;0.000773998086,descriptive_exact_variant_no_ci_across_variants
tabpfn,nearest_test_rel_k10_cumshift_both,test_time_variant,M16_nearest_test_dist,tabred_homesite,2,2,tabred_homesite__gap_near,0.0437974647176086,3.826339082170184,tabred_homesite__gap_far,0.0830990647492541,-2.8879901448062184,-6.714329226976402,higher_shift_more_harmful,not_assessed_two_windows,mixed_or_tied,tabred_homesite__gap_near;tabred_homesite__gap_far,0.043797;0.083099,3.826339;-2.887990,0.00190070031;-0.00235909254,descriptive_exact_variant_no_ci_across_variants
tabpfn,nearest_test_rel_k10_cumshift_both,test_time_variant,M16_nearest_test_dist,tabred_sberbank,2,2,tabred_sberbank__gap_near,0.2265311490062835,-1.8111733179339569,tabred_sberbank__gap_far,0.235749592588427,1.6144428716325556,3.4256161895665125,higher_shift_more_helpful,not_assessed_two_windows,mixed_or_tied,tabred_sberbank__gap_near;tabred_sberbank__gap_far,0.226531;0.235750,-1.811173;1.614443,-0.00448704435;0.00634306741,descriptive_exact_variant_no_ci_across_variants
tabpfn,nearest_test_rel_k10_cumshift_both,test_time_variant,M16_nearest_test_dist,tabred_weather,3,3,tabred_weather__gap_near,0.0948655339805825,-0.4147181976745855,tabred_weather__gap_maxdiff,0.2280292319342118,-0.5688687767995834,-0.15415057912499786,higher_shift_more_harmful,nonmonotonic,mixed_or_tied,tabred_weather__gap_near;tabred_weather__gap_far;tabred_weather__gap_maxdiff,0.094866;0.101202;0.228029,-0.414718;0.620147;-0.568869,-0.00698313363;0.0100193854;-0.00993740092,descriptive_exact_variant_no_ci_across_variants
tabpfn,nearest_test_rel_k5_both,test_time_variant,M16_nearest_test_dist,tabred_delivery_eta,3,3,tabred_delivery_eta__gap_near,0.1571228260314691,-0.0485578808702736,tabred_delivery_eta__gap_maxdiff,0.2496496029927623,0.0706997696457667,0.1192576505160403,higher_shift_more_helpful,nonmonotonic,mixed_or_tied,tabred_delivery_eta__gap_near;tabred_delivery_eta__gap_far;tabred_delivery_eta__gap_maxdiff,0.157123;0.237934;0.249650,-0.048558;-0.115239;0.070700,-0.00027478679;-0.000634050098;0.000387963032,descriptive_exact_variant_no_ci_across_variants
tabpfn,nearest_test_rel_k5_both,test_time_variant,M16_nearest_test_dist,tabred_homesite,2,2,tabred_homesite__gap_near,0.0437974647176086,3.956022354666093,tabred_homesite__gap_far,0.0830990647492541,-17.788491869797344,-21.744514224463437,higher_shift_more_harmful,not_assessed_two_windows,mixed_or_tied,tabred_homesite__gap_near;tabred_homesite__gap_far,0.043797;0.083099,3.956022;-17.788492,0.00196511934;-0.0145307623,descriptive_exact_variant_no_ci_across_variants
tabpfn,nearest_test_rel_k5_both,test_time_variant,M16_nearest_test_dist,tabred_sberbank,2,2,tabred_sberbank__gap_near,0.2265311490062835,0.8902565855223297,tabred_sberbank__gap_far,0.235749592588427,2.747861653510883,1.8576050679885534,higher_shift_more_helpful,not_assessed_two_windows,all_positive,tabred_sberbank__gap_near;tabred_sberbank__gap_far,0.226531;0.235750,0.890257;2.747862,0.00220554308;0.0107962146,descriptive_exact_variant_no_ci_across_variants
tabpfn,nearest_test_rel_k5_both,test_time_variant,M16_nearest_test_dist,tabred_weather,3,3,tabred_weather__gap_near,0.0948655339805825,-0.2293286148122681,tabred_weather__gap_maxdiff,0.2280292319342118,-0.3502885335697465,-0.12095991875747839,higher_shift_more_harmful,nonmonotonic,mixed_or_tied,tabred_weather__gap_near;tabred_weather__gap_far;tabred_weather__gap_maxdiff,0.094866;0.101202;0.228029,-0.229329;0.687197;-0.350289,-0.00386149528;0.0111026833;-0.0061190871,descriptive_exact_variant_no_ci_across_variants
tabpfn,neighbor_consensus_k10_dist,test_time_variant,M19_neighbor_consensus,tabred_delivery_eta,3,3,tabred_delivery_eta__gap_near,0.1571228260314691,-0.0267102167525466,tabred_delivery_eta__gap_maxdiff,0.2496496029927623,-0.3551087686577966,-0.32839855190525,higher_shift_more_harmful,nonmonotonic,all_negative,tabred_delivery_eta__gap_near;tabred_delivery_eta__gap_far;tabred_delivery_eta__gap_maxdiff,0.157123;0.237934;0.249650,-0.026710;-0.667114;-0.355109,-0.000151151875;-0.00367050788;-0.00194864955,descriptive_exact_variant_no_ci_across_variants
tabpfn,neighbor_consensus_k10_dist,test_time_variant,M19_neighbor_consensus,tabred_homesite,2,2,tabred_homesite__gap_near,0.0437974647176086,5.23155972119494,tabred_homesite__gap_far,0.0830990647492541,-42.83306935492983,-48.064629076124774,higher_shift_more_harmful,not_assessed_two_windows,mixed_or_tied,tabred_homesite__gap_near;tabred_homesite__gap_far,0.043797;0.083099,5.231560;-42.833069,0.00259873131;-0.0349887531,descriptive_exact_variant_no_ci_across_variants
tabpfn,neighbor_consensus_k10_dist,test_time_variant,M19_neighbor_consensus,tabred_sberbank,2,2,tabred_sberbank__gap_near,0.2265311490062835,-11.789118164382312,tabred_sberbank__gap_far,0.235749592588427,-7.447661466550453,4.34145669783186,higher_shift_more_helpful,not_assessed_two_windows,all_negative,tabred_sberbank__gap_near;tabred_sberbank__gap_far,0.226531;0.235750,-11.789118;-7.447661,-0.029206645;-0.0292614991,descriptive_exact_variant_no_ci_across_variants
tabpfn,neighbor_consensus_k10_dist,test_time_variant,M19_neighbor_consensus,tabred_weather,3,3,tabred_weather__gap_near,0.0948655339805825,-3.0105515257325024,tabred_weather__gap_maxdiff,0.2280292319342118,-2.8209126065111825,0.18963891922131992,higher_shift_more_helpful,nonmonotonic,all_negative,tabred_weather__gap_near;tabred_weather__gap_far;tabred_weather__gap_maxdiff,0.094866;0.101202;0.228029,-3.010552;-2.019892;-2.820913,-0.0506924551;-0.0326343247;-0.0492776905,descriptive_exact_variant_no_ci_across_variants
tabpfn,neighbor_consensus_k10_dist_cumshift,test_time_variant,M19_neighbor_consensus,tabred_delivery_eta,3,3,tabred_delivery_eta__gap_near,0.1571228260314691,0.004620693314458,tabred_delivery_eta__gap_maxdiff,0.2496496029927623,-0.1096584833749322,-0.1142791766893902,higher_shift_more_harmful,nonmonotonic,mixed_or_tied,tabred_delivery_eta__gap_near;tabred_delivery_eta__gap_far;tabred_delivery_eta__gap_maxdiff,0.157123;0.237934;0.249650,0.004621;-0.662009;-0.109658,2.61482886e-05;-0.00364242006;-0.000601747897,descriptive_exact_variant_no_ci_across_variants
tabpfn,neighbor_consensus_k10_dist_cumshift,test_time_variant,M19_neighbor_consensus,tabred_homesite,2,2,tabred_homesite__gap_near,0.0437974647176086,4.760331661556858,tabred_homesite__gap_far,0.0830990647492541,-42.95526313168055,-47.715594793237415,higher_shift_more_harmful,not_assessed_two_windows,mixed_or_tied,tabred_homesite__gap_near;tabred_homesite__gap_far,0.043797;0.083099,4.760332;-42.955263,0.00236465291;-0.0350885687,descriptive_exact_variant_no_ci_across_variants
tabpfn,neighbor_consensus_k10_dist_cumshift,test_time_variant,M19_neighbor_consensus,tabred_sberbank,2,2,tabred_sberbank__gap_near,0.2265311490062835,-8.504254841390392,tabred_sberbank__gap_far,0.235749592588427,-6.4542539606181695,2.050000880772222,higher_shift_more_helpful,not_assessed_two_windows,all_negative,tabred_sberbank__gap_near;tabred_sberbank__gap_far,0.226531;0.235750,-8.504255;-6.454254,-0.0210686456;-0.0253584494,descriptive_exact_variant_no_ci_across_variants
tabpfn,neighbor_consensus_k10_dist_cumshift,test_time_variant,M19_neighbor_consensus,tabred_weather,3,3,tabred_weather__gap_near,0.0948655339805825,-2.6261363291772444,tabred_weather__gap_maxdiff,0.2280292319342118,-2.965808209974357,-0.33967188079711264,higher_shift_more_harmful,nonmonotonic,all_negative,tabred_weather__gap_near;tabred_weather__gap_far;tabred_weather__gap_maxdiff,0.094866;0.101202;0.228029,-2.626136;-2.236120;-2.965808,-0.0442195713;-0.0361278191;-0.0518088291,descriptive_exact_variant_no_ci_across_variants
tabpfn,neighbor_consensus_k10_uniform,test_time_variant,M19_neighbor_consensus,tabred_delivery_eta,3,3,tabred_delivery_eta__gap_near,0.1571228260314691,-0.0597845242946179,tabred_delivery_eta__gap_maxdiff,0.2496496029927623,-0.3568641930710945,-0.2970796687764766,higher_shift_more_harmful,nonmonotonic,all_negative,tabred_delivery_eta__gap_near;tabred_delivery_eta__gap_far;tabred_delivery_eta__gap_maxdiff,0.157123;0.237934;0.249650,-0.059785;-0.629603;-0.356864,-0.000338317843;-0.00346412066;-0.0019582824,descriptive_exact_variant_no_ci_across_variants
tabpfn,neighbor_consensus_k10_uniform,test_time_variant,M19_neighbor_consensus,tabred_homesite,2,2,tabred_homesite__gap_near,0.0437974647176086,5.417211563925666,tabred_homesite__gap_far,0.0830990647492541,-42.42531403468588,-47.84252559861155,higher_shift_more_harmful,not_assessed_two_windows,mixed_or_tied,tabred_homesite__gap_near;tabred_homesite__gap_far,0.043797;0.083099,5.417212;-42.425314,0.00269095223;-0.0346556728,descriptive_exact_variant_no_ci_across_variants
tabpfn,neighbor_consensus_k10_uniform,test_time_variant,M19_neighbor_consensus,tabred_sberbank,2,2,tabred_sberbank__gap_near,0.2265311490062835,-10.493427716411691,tabred_sberbank__gap_far,0.235749592588427,-4.538371390786145,5.955056325625546,higher_shift_more_helpful,not_assessed_two_windows,all_negative,tabred_sberbank__gap_near;tabred_sberbank__gap_far,0.226531;0.235750,-10.493428;-4.538371,-0.0259966703;-0.0178310401,descriptive_exact_variant_no_ci_across_variants
tabpfn,neighbor_consensus_k10_uniform,test_time_variant,M19_neighbor_consensus,tabred_weather,3,3,tabred_weather__gap_near,0.0948655339805825,-2.919192656229057,tabred_weather__gap_maxdiff,0.2280292319342118,-2.8160151512414373,0.1031775049876198,higher_shift_more_helpful,nonmonotonic,all_negative,tabred_weather__gap_near;tabred_weather__gap_far;tabred_weather__gap_maxdiff,0.094866;0.101202;0.228029,-2.919193;-2.019717;-2.816015,-0.0491541305;-0.0326315041;-0.0491921383,descriptive_exact_variant_no_ci_across_variants
tabpfn,neighbor_consensus_k20_dist,test_time_variant,M19_neighbor_consensus,tabred_delivery_eta,3,3,tabred_delivery_eta__gap_near,0.1571228260314691,0.2135520817359645,tabred_delivery_eta__gap_maxdiff,0.2496496029927623,-0.4613601786714434,-0.6749122604074079,higher_shift_more_harmful,nonmonotonic,mixed_or_tied,tabred_delivery_eta__gap_near;tabred_delivery_eta__gap_far;tabred_delivery_eta__gap_maxdiff,0.157123;0.237934;0.249650,0.213552;-0.463184;-0.461360,0.0012084813;-0.00254846979;-0.00253170123,descriptive_exact_variant_no_ci_across_variants
tabpfn,neighbor_consensus_k20_dist,test_time_variant,M19_neighbor_consensus,tabred_homesite,2,2,tabred_homesite__gap_near,0.0437974647176086,4.989666290813038,tabred_homesite__gap_far,0.0830990647492541,-40.80757468596546,-45.797240976778504,higher_shift_more_harmful,not_assessed_two_windows,mixed_or_tied,tabred_homesite__gap_near;tabred_homesite__gap_far,0.043797;0.083099,4.989666;-40.807575,0.00247857288;-0.0333342013,descriptive_exact_variant_no_ci_across_variants
tabpfn,neighbor_consensus_k20_dist,test_time_variant,M19_neighbor_consensus,tabred_sberbank,2,2,tabred_sberbank__gap_near,0.2265311490062835,-9.209431729153762,tabred_sberbank__gap_far,0.235749592588427,-6.376201125281987,2.833230603871775,higher_shift_more_helpful,not_assessed_two_windows,all_negative,tabred_sberbank__gap_near;tabred_sberbank__gap_far,0.226531;0.235750,-9.209432;-6.376201,-0.0228156677;-0.0250517837,descriptive_exact_variant_no_ci_across_variants
tabpfn,neighbor_consensus_k20_dist,test_time_variant,M19_neighbor_consensus,tabred_weather,3,3,tabred_weather__gap_near,0.0948655339805825,-2.7657422861310983,tabred_weather__gap_maxdiff,0.2280292319342118,-2.7101442133635607,0.05559807276753759,higher_shift_more_helpful,nonmonotonic,all_negative,tabred_weather__gap_near;tabred_weather__gap_far;tabred_weather__gap_maxdiff,0.094866;0.101202;0.228029,-2.765742;-1.953292;-2.710144,-0.046570293;-0.031558308;-0.0473427101,descriptive_exact_variant_no_ci_across_variants
tabpfn,neighbor_consensus_k5_dist,test_time_variant,M19_neighbor_consensus,tabred_delivery_eta,3,3,tabred_delivery_eta__gap_near,0.1571228260314691,-0.1593832641218759,tabred_delivery_eta__gap_maxdiff,0.2496496029927623,-0.2990275084739715,-0.13964424435209563,higher_shift_more_harmful,nonmonotonic,all_negative,tabred_delivery_eta__gap_near;tabred_delivery_eta__gap_far;tabred_delivery_eta__gap_maxdiff,0.157123;0.237934;0.249650,-0.159383;-0.683454;-0.299028,-0.00090194248;-0.00376041161;-0.00164090519,descriptive_exact_variant_no_ci_across_variants
tabpfn,neighbor_consensus_k5_dist,test_time_variant,M19_neighbor_consensus,tabred_homesite,2,2,tabred_homesite__gap_near,0.0437974647176086,5.539523366195509,tabred_homesite__gap_far,0.0830990647492541,-43.73989327967446,-49.27941664586997,higher_shift_more_harmful,not_assessed_two_windows,mixed_or_tied,tabred_homesite__gap_near;tabred_homesite__gap_far,0.043797;0.083099,5.539523;-43.739893,0.00275170955;-0.0357295041,descriptive_exact_variant_no_ci_across_variants
tabpfn,neighbor_consensus_k5_dist,test_time_variant,M19_neighbor_consensus,tabred_sberbank,2,2,tabred_sberbank__gap_near,0.2265311490062835,-11.331871512440822,tabred_sberbank__gap_far,0.235749592588427,-7.97338141294152,3.358490099499302,higher_shift_more_helpful,not_assessed_two_windows,all_negative,tabred_sberbank__gap_near;tabred_sberbank__gap_far,0.226531;0.235750,-11.331872;-7.973381,-0.0280738511;-0.0313270272,descriptive_exact_variant_no_ci_across_variants
tabpfn,neighbor_consensus_k5_dist,test_time_variant,M19_neighbor_consensus,tabred_weather,3,3,tabred_weather__gap_near,0.0948655339805825,-2.7640320853103484,tabred_weather__gap_maxdiff,0.2280292319342118,-2.864227263101271,-0.10019517779092268,higher_shift_more_harmful,nonmonotonic,all_negative,tabred_weather__gap_near;tabred_weather__gap_far;tabred_weather__gap_maxdiff,0.094866;0.101202;0.228029,-2.764032;-2.326054;-2.864227,-0.0465414962;-0.0375808364;-0.0500343415,descriptive_exact_variant_no_ci_across_variants
tabpfn,neighbor_consensus_k5_dist_cumshift,test_time_variant,M19_neighbor_consensus,tabred_delivery_eta,3,3,tabred_delivery_eta__gap_near,0.1571228260314691,-0.2321557940593055,tabred_delivery_eta__gap_maxdiff,0.2496496029927623,-0.2187871502485255,0.013368643810780012,higher_shift_more_helpful,nonmonotonic,all_negative,tabred_delivery_eta__gap_near;tabred_delivery_eta__gap_far;tabred_delivery_eta__gap_maxdiff,0.157123;0.237934;0.249650,-0.232156;-0.542267;-0.218787,-0.00131375884;-0.00298358889;-0.00120058844,descriptive_exact_variant_no_ci_across_variants
tabpfn,neighbor_consensus_k5_dist_cumshift,test_time_variant,M19_neighbor_consensus,tabred_homesite,2,2,tabred_homesite__gap_near,0.0437974647176086,2.328292521780289,tabred_homesite__gap_far,0.0830990647492541,-41.40941224129292,-43.73770476307321,higher_shift_more_harmful,not_assessed_two_windows,mixed_or_tied,tabred_homesite__gap_near;tabred_homesite__gap_far,0.043797;0.083099,2.328293;-41.409412,0.00115655885;-0.0338258202,descriptive_exact_variant_no_ci_across_variants
tabpfn,neighbor_consensus_k5_dist_cumshift,test_time_variant,M19_neighbor_consensus,tabred_sberbank,2,2,tabred_sberbank__gap_near,0.2265311490062835,-8.837038693725098,tabred_sberbank__gap_far,0.235749592588427,-4.607631344404443,4.229407349320655,higher_shift_more_helpful,not_assessed_two_windows,all_negative,tabred_sberbank__gap_near;tabred_sberbank__gap_far,0.226531;0.235750,-8.837039;-4.607631,-0.0218930923;-0.0181031591,descriptive_exact_variant_no_ci_across_variants
tabpfn,neighbor_consensus_k5_dist_cumshift,test_time_variant,M19_neighbor_consensus,tabred_weather,3,3,tabred_weather__gap_near,0.0948655339805825,-2.767824764970114,tabred_weather__gap_maxdiff,0.2280292319342118,-2.936381649387488,-0.16855688441737415,higher_shift_more_harmful,nonmonotonic,all_negative,tabred_weather__gap_near;tabred_weather__gap_far;tabred_weather__gap_maxdiff,0.094866;0.101202;0.228029,-2.767825;-2.328264;-2.936382,-0.0466053583;-0.0376165289;-0.0512947852,descriptive_exact_variant_no_ci_across_variants
tabpfn,ot_disp_v2_selective,test_time_variant,M9_ot_displacement,tabred_delivery_eta,3,3,tabred_delivery_eta__gap_near,0.1571228260314691,0.6701131220487936,tabred_delivery_eta__gap_maxdiff,0.2496496029927623,-2.575925796307166,-3.2460389183559593,higher_shift_more_harmful,nonmonotonic,mixed_or_tied,tabred_delivery_eta__gap_near;tabred_delivery_eta__gap_far;tabred_delivery_eta__gap_maxdiff,0.157123;0.237934;0.249650,0.670113;0.893555;-2.575926,0.003792139;0.00491640259;-0.0141353216,descriptive_exact_variant_no_ci_across_variants
tabpfn,ot_disp_v2_selective,test_time_variant,M9_ot_displacement,tabred_homesite,2,2,tabred_homesite__gap_near,0.0437974647176086,-2.8631336392944955,tabred_homesite__gap_far,0.0830990647492541,16.94326290588742,19.806396545181915,higher_shift_more_helpful,not_assessed_two_windows,mixed_or_tied,tabred_homesite__gap_near;tabred_homesite__gap_far,0.043797;0.083099,-2.863134;16.943263,-0.00142223647;0.013840326,descriptive_exact_variant_no_ci_across_variants
tabpfn,ot_disp_v2_selective,test_time_variant,M9_ot_displacement,tabred_weather,3,3,tabred_weather__gap_near,0.0948655339805825,-13.456520527464669,tabred_weather__gap_maxdiff,0.2280292319342118,-21.09901592939872,-7.6424954019340525,higher_shift_more_harmful,strictly_decreasing,all_negative,tabred_weather__gap_near;tabred_weather__gap_far;tabred_weather__gap_maxdiff,0.094866;0.101202;0.228029,-13.456521;-19.760901;-21.099016,-0.226584417;-0.31926648;-0.368572488,descriptive_exact_variant_no_ci_across_variants
tabpfn,ot_disp_v2_selective_abs,test_time_variant,M9_ot_displacement,tabred_delivery_eta,3,3,tabred_delivery_eta__gap_near,0.1571228260314691,-0.1075743520158242,tabred_delivery_eta__gap_maxdiff,0.2496496029927623,-0.7830954466916028,-0.6755210946757786,higher_shift_more_harmful,strictly_decreasing,all_negative,tabred_delivery_eta__gap_near;tabred_delivery_eta__gap_far;tabred_delivery_eta__gap_maxdiff,0.157123;0.237934;0.249650,-0.107574;-0.654894;-0.783095,-0.000608758256;-0.0036032723;-0.00429721462,descriptive_exact_variant_no_ci_across_variants
tabpfn,ot_disp_v2_selective_abs,test_time_variant,M9_ot_displacement,tabred_homesite,2,2,tabred_homesite__gap_near,0.0437974647176086,2.211987102657394,tabred_homesite__gap_far,0.0830990647492541,21.704669595332675,19.492682492675282,higher_shift_more_helpful,not_assessed_two_windows,all_positive,tabred_homesite__gap_near;tabred_homesite__gap_far,0.043797;0.083099,2.211987;21.704670,0.00109878515;0.0177297433,descriptive_exact_variant_no_ci_across_variants
tabpfn,ot_disp_v2_selective_abs,test_time_variant,M9_ot_displacement,tabred_weather,3,3,tabred_weather__gap_near,0.0948655339805825,-0.753635932501153,tabred_weather__gap_maxdiff,0.2280292319342118,-0.5998382967996609,0.15379763570149207,higher_shift_more_helpful,nonmonotonic,all_negative,tabred_weather__gap_near;tabred_weather__gap_far;tabred_weather__gap_maxdiff,0.094866;0.101202;0.228029,-0.753636;-1.277757;-0.599838,-0.0126899192;-0.02064405;-0.0104783983,descriptive_exact_variant_no_ci_across_variants
tabpfn,ot_disp_v2_selective_and_summary,test_time_variant,M9_ot_displacement,tabred_delivery_eta,3,3,tabred_delivery_eta__gap_near,0.1571228260314691,-1.3913312250833103,tabred_delivery_eta__gap_maxdiff,0.2496496029927623,-3.441832721163577,-2.0505014960802668,higher_shift_more_harmful,nonmonotonic,mixed_or_tied,tabred_delivery_eta__gap_near;tabred_delivery_eta__gap_far;tabred_delivery_eta__gap_maxdiff,0.157123;0.237934;0.249650,-1.391331;0.596977;-3.441833,-0.00787347871;0.00328460653;-0.0188869619,descriptive_exact_variant_no_ci_across_variants
tabpfn,ot_disp_v2_selective_and_summary,test_time_variant,M9_ot_displacement,tabred_homesite,2,2,tabred_homesite__gap_near,0.0437974647176086,-1.387747524414619,tabred_homesite__gap_far,0.0830990647492541,6.274550821653429,7.662298346068049,higher_shift_more_helpful,not_assessed_two_windows,mixed_or_tied,tabred_homesite__gap_near;tabred_homesite__gap_far,0.043797;0.083099,-1.387748;6.274551,-0.000689351386;0.00512544893,descriptive_exact_variant_no_ci_across_variants
tabpfn,ot_disp_v2_selective_and_summary,test_time_variant,M9_ot_displacement,tabred_weather,3,3,tabred_weather__gap_near,0.0948655339805825,-13.10439036601239,tabred_weather__gap_maxdiff,0.2280292319342118,-27.688445561301165,-14.584055195288775,higher_shift_more_harmful,strictly_decreasing,all_negative,tabred_weather__gap_near;tabred_weather__gap_far;tabred_weather__gap_maxdiff,0.094866;0.101202;0.228029,-13.104390;-17.073947;-27.688446,-0.220655157;-0.275854779;-0.483681291,descriptive_exact_variant_no_ci_across_variants
tabpfn,ot_disp_v2_selective_and_summary_abs,test_time_variant,M9_ot_displacement,tabred_delivery_eta,3,3,tabred_delivery_eta__gap_near,0.1571228260314691,-0.4896397072096195,tabred_delivery_eta__gap_maxdiff,0.2496496029927623,-0.7468182269116999,-0.25717851970208033,higher_shift_more_harmful,nonmonotonic,all_negative,tabred_delivery_eta__gap_near;tabred_delivery_eta__gap_far;tabred_delivery_eta__gap_maxdiff,0.157123;0.237934;0.249650,-0.489640;-0.380479;-0.746818,-0.00277084833;-0.00209342064;-0.00409814438,descriptive_exact_variant_no_ci_across_variants
tabpfn,ot_disp_v2_selective_and_summary_abs,test_time_variant,M9_ot_displacement,tabred_homesite,2,2,tabred_homesite__gap_near,0.0437974647176086,3.996974967033316,tabred_homesite__gap_far,0.0830990647492541,21.62348378442117,17.62650881738785,higher_shift_more_helpful,not_assessed_two_windows,all_positive,tabred_homesite__gap_near;tabred_homesite__gap_far,0.043797;0.083099,3.996975;21.623484,0.00198546219;0.0176634256,descriptive_exact_variant_no_ci_across_variants
tabpfn,ot_disp_v2_selective_and_summary_abs,test_time_variant,M9_ot_displacement,tabred_weather,3,3,tabred_weather__gap_near,0.0948655339805825,-1.0229018409333543,tabred_weather__gap_maxdiff,0.2280292319342118,-0.0132890558102977,1.0096127851230567,higher_shift_more_helpful,strictly_increasing,all_negative,tabred_weather__gap_near;tabred_weather__gap_far;tabred_weather__gap_maxdiff,0.094866;0.101202;0.228029,-1.022902;-0.889965;-0.013289,-0.0172238891;-0.014378689;-0.000232142597,descriptive_exact_variant_no_ci_across_variants
tabpfn,ot_disp_v2_selective_and_summary_top10,test_time_variant,M9_ot_displacement,tabred_delivery_eta,3,3,tabred_delivery_eta__gap_near,0.1571228260314691,0.3121511061990318,tabred_delivery_eta__gap_maxdiff,0.2496496029927623,0.0764195188632501,-0.2357315873357817,higher_shift_more_harmful,nonmonotonic,all_positive,tabred_delivery_eta__gap_near;tabred_delivery_eta__gap_far;tabred_delivery_eta__gap_maxdiff,0.157123;0.237934;0.249650,0.312151;0.489495;0.076420,0.00176644859;0.00269323604;0.000419349998,descriptive_exact_variant_no_ci_across_variants
tabpfn,ot_disp_v2_selective_and_summary_top10,test_time_variant,M9_ot_displacement,tabred_homesite,2,2,tabred_homesite__gap_near,0.0437974647176086,1.3369662850792354,tabred_homesite__gap_far,0.0830990647492541,-15.0477651488741,-16.384731433953338,higher_shift_more_harmful,not_assessed_two_windows,mixed_or_tied,tabred_homesite__gap_near;tabred_homesite__gap_far,0.043797;0.083099,1.336966;-15.047765,0.000664126252;-0.0122919638,descriptive_exact_variant_no_ci_across_variants
tabpfn,ot_disp_v2_selective_and_summary_top10,test_time_variant,M9_ot_displacement,tabred_sberbank,2,2,tabred_sberbank__gap_near,0.2265311490062835,3.0015284148094152,tabred_sberbank__gap_far,0.235749592588427,2.0967467344393884,-0.9047816803700268,higher_shift_more_harmful,not_assessed_two_windows,all_positive,tabred_sberbank__gap_near;tabred_sberbank__gap_far,0.226531;0.235750,3.001528;2.096747,0.00743605871;0.00823801579,descriptive_exact_variant_no_ci_across_variants
tabpfn,ot_disp_v2_selective_and_summary_top10,test_time_variant,M9_ot_displacement,tabred_weather,3,3,tabred_weather__gap_near,0.0948655339805825,-2.4880181150839,tabred_weather__gap_maxdiff,0.2280292319342118,-0.9586056062237088,1.529412508860191,higher_shift_more_helpful,nonmonotonic,all_negative,tabred_weather__gap_near;tabred_weather__gap_far;tabred_weather__gap_maxdiff,0.094866;0.101202;0.228029,-2.488018;-0.222227;-0.958606,-0.0418939007;-0.00359040904;-0.0167455987,descriptive_exact_variant_no_ci_across_variants
tabpfn,ot_disp_v2_selective_top10,test_time_variant,M9_ot_displacement,tabred_delivery_eta,3,3,tabred_delivery_eta__gap_near,0.1571228260314691,0.3383405062694639,tabred_delivery_eta__gap_maxdiff,0.2496496029927623,0.2647499413205737,-0.07359056494889016,higher_shift_more_harmful,nonmonotonic,all_positive,tabred_delivery_eta__gap_near;tabred_delivery_eta__gap_far;tabred_delivery_eta__gap_maxdiff,0.157123;0.237934;0.249650,0.338341;0.784492;0.264750,0.00191465319;0.00431633086;0.00145280799,descriptive_exact_variant_no_ci_across_variants
tabpfn,ot_disp_v2_selective_top10,test_time_variant,M9_ot_displacement,tabred_homesite,2,2,tabred_homesite__gap_near,0.0437974647176086,2.5166745386688,tabred_homesite__gap_far,0.0830990647492541,-14.645322601532056,-17.161997140200857,higher_shift_more_harmful,not_assessed_two_windows,mixed_or_tied,tabred_homesite__gap_near;tabred_homesite__gap_far,0.043797;0.083099,2.516675;-14.645323,0.00125013596;-0.0119632234,descriptive_exact_variant_no_ci_across_variants
tabpfn,ot_disp_v2_selective_top10,test_time_variant,M9_ot_displacement,tabred_sberbank,2,2,tabred_sberbank__gap_near,0.2265311490062835,2.6985579188543487,tabred_sberbank__gap_far,0.235749592588427,-1.2610978309458714,-3.95965574980022,higher_shift_more_harmful,not_assessed_two_windows,mixed_or_tied,tabred_sberbank__gap_near;tabred_sberbank__gap_far,0.226531;0.235750,2.698558;-1.261098,0.00668547231;-0.00495479195,descriptive_exact_variant_no_ci_across_variants
tabpfn,ot_disp_v2_selective_top10,test_time_variant,M9_ot_displacement,tabred_weather,3,3,tabred_weather__gap_near,0.0948655339805825,-3.049899108367492,tabred_weather__gap_maxdiff,0.2280292319342118,0.5457948816529334,3.5956939900204254,higher_shift_more_helpful,strictly_increasing,mixed_or_tied,tabred_weather__gap_near;tabred_weather__gap_far;tabred_weather__gap_maxdiff,0.094866;0.101202;0.228029,-3.049899;0.249428;0.545795,-0.051355;0.00402988147;0.00953432985,descriptive_exact_variant_no_ci_across_variants
tabpfn,ot_disp_v2_summary_only,test_time_variant,M9_ot_displacement,tabred_delivery_eta,3,3,tabred_delivery_eta__gap_near,0.1571228260314691,0.3075488316029,tabred_delivery_eta__gap_maxdiff,0.2496496029927623,-0.1003600795035223,-0.40790891110642225,higher_shift_more_harmful,nonmonotonic,mixed_or_tied,tabred_delivery_eta__gap_near;tabred_delivery_eta__gap_far;tabred_delivery_eta__gap_maxdiff,0.157123;0.237934;0.249650,0.307549;-0.159655;-0.100360,0.00174040454;-0.000878434705;-0.000550723163,descriptive_exact_variant_no_ci_across_variants
tabpfn,ot_disp_v2_summary_only,test_time_variant,M9_ot_displacement,tabred_homesite,2,2,tabred_homesite__gap_near,0.0437974647176086,4.8291320503333095,tabred_homesite__gap_far,0.0830990647492541,-5.244702999392394,-10.073835049725703,higher_shift_more_harmful,not_assessed_two_windows,mixed_or_tied,tabred_homesite__gap_near;tabred_homesite__gap_far,0.043797;0.083099,4.829132;-5.244703,0.0023988289;-0.00428420427,descriptive_exact_variant_no_ci_across_variants
tabpfn,ot_disp_v2_summary_only,test_time_variant,M9_ot_displacement,tabred_sberbank,2,2,tabred_sberbank__gap_near,0.2265311490062835,-0.9411136386930982,tabred_sberbank__gap_far,0.235749592588427,3.8160218107781816,4.75713544947128,higher_shift_more_helpful,not_assessed_two_windows,mixed_or_tied,tabred_sberbank__gap_near;tabred_sberbank__gap_far,0.226531;0.235750,-0.941114;3.816022,-0.00233153757;0.0149929638,descriptive_exact_variant_no_ci_across_variants
tabpfn,ot_disp_v2_summary_only,test_time_variant,M9_ot_displacement,tabred_weather,3,3,tabred_weather__gap_near,0.0948655339805825,0.3834339791789233,tabred_weather__gap_maxdiff,0.2280292319342118,-0.0785953919919877,-0.46202937117091103,higher_shift_more_harmful,strictly_decreasing,mixed_or_tied,tabred_weather__gap_near;tabred_weather__gap_far;tabred_weather__gap_maxdiff,0.094866;0.101202;0.228029,0.383434;0.274383;-0.078595,0.00645636177;0.00443306144;-0.00137295973,descriptive_exact_variant_no_ci_across_variants
tabpfn,ot_displacement_mag,test_time_variant,M9_ot_displacement,tabred_delivery_eta,3,3,tabred_delivery_eta__gap_near,0.1571228260314691,-0.2395508343747298,tabred_delivery_eta__gap_maxdiff,0.2496496029927623,-8.226668203715283,-7.987117369340553,higher_shift_more_harmful,nonmonotonic,mixed_or_tied,tabred_delivery_eta__gap_near;tabred_delivery_eta__gap_far;tabred_delivery_eta__gap_maxdiff,0.157123;0.237934;0.249650,-0.239551;0.122783;-8.226668,-0.00135560703;0.000675562758;-0.0451436144,descriptive_exact_variant_no_ci_across_variants
tabpfn,ot_displacement_mag,test_time_variant,M9_ot_displacement,tabred_weather,3,3,tabred_weather__gap_near,0.0948655339805825,-11.468442697646385,tabred_weather__gap_maxdiff,0.2280292319342118,-27.3910431614408,-15.922600463794414,higher_shift_more_harmful,strictly_decreasing,all_negative,tabred_weather__gap_near;tabred_weather__gap_far;tabred_weather__gap_maxdiff,0.094866;0.101202;0.228029,-11.468443;-15.464568;-27.391043,-0.193108642;-0.249852892;-0.478486056,descriptive_exact_variant_no_ci_across_variants
tabpfn,ot_displacement_no_mag,test_time_variant,M9_ot_displacement,tabred_delivery_eta,3,3,tabred_delivery_eta__gap_near,0.1571228260314691,-0.4855647969333041,tabred_delivery_eta__gap_maxdiff,0.2496496029927623,-6.473686914992091,-5.9881221180587865,higher_shift_more_harmful,nonmonotonic,mixed_or_tied,tabred_delivery_eta__gap_near;tabred_delivery_eta__gap_far;tabred_delivery_eta__gap_maxdiff,0.157123;0.237934;0.249650,-0.485565;0.021080;-6.473687,-0.00274778861;0.000115980928;-0.0355241781,descriptive_exact_variant_no_ci_across_variants
tabpfn,ot_displacement_no_mag,test_time_variant,M9_ot_displacement,tabred_weather,3,3,tabred_weather__gap_near,0.0948655339805825,-13.655782487335768,tabred_weather__gap_maxdiff,0.2280292319342118,-21.7372901646324,-8.081507677296633,higher_shift_more_harmful,strictly_decreasing,all_negative,tabred_weather__gap_near;tabred_weather__gap_far;tabred_weather__gap_maxdiff,0.094866;0.101202;0.228029,-13.655782;-18.245279;-21.737290,-0.229939642;-0.294779372;-0.379722312,descriptive_exact_variant_no_ci_across_variants
tabpfn,pca_train_only_10,train_only_version,baselines,tabred_delivery_eta,3,3,tabred_delivery_eta__gap_near,0.1571228260314691,0.2852732780623785,tabred_delivery_eta__gap_maxdiff,0.2496496029927623,-0.0225231312739335,-0.307796409336312,higher_shift_more_harmful,nonmonotonic,mixed_or_tied,tabred_delivery_eta__gap_near;tabred_delivery_eta__gap_far;tabred_delivery_eta__gap_maxdiff,0.157123;0.237934;0.249650,0.285273;-0.698291;-0.022523,0.00161434822;-0.00384204404;-0.00012359506,descriptive_exact_variant_no_ci_across_variants
tabpfn,pca_train_only_10,train_only_version,baselines,tabred_homesite,2,2,tabred_homesite__gap_near,0.0437974647176086,2.893438572446714,tabred_homesite__gap_far,0.0830990647492541,-6.674004934237901,-9.567443506684615,higher_shift_more_harmful,not_assessed_two_windows,mixed_or_tied,tabred_homesite__gap_near;tabred_homesite__gap_far,0.043797;0.083099,2.893439;-6.674005,0.00143729018;-0.00545174825,descriptive_exact_variant_no_ci_across_variants
tabpfn,pca_train_only_10,train_only_version,baselines,tabred_sberbank,2,2,tabred_sberbank__gap_near,0.2265311490062835,0.9594893473177296,tabred_sberbank__gap_far,0.235749592588427,5.05910966545597,4.09962031813824,higher_shift_more_helpful,not_assessed_two_windows,all_positive,tabred_sberbank__gap_near;tabred_sberbank__gap_far,0.226531;0.235750,0.959489;5.059110,0.00237706199;0.0198769955,descriptive_exact_variant_no_ci_across_variants
tabpfn,pca_train_only_10,train_only_version,baselines,tabred_weather,3,3,tabred_weather__gap_near,0.0948655339805825,0.0363966734605911,tabred_weather__gap_maxdiff,0.2280292319342118,-2.3614739703974776,-2.397870643858069,higher_shift_more_harmful,nonmonotonic,mixed_or_tied,tabred_weather__gap_near;tabred_weather__gap_far;tabred_weather__gap_maxdiff,0.094866;0.101202;0.228029,0.036397;0.731251;-2.361474,0.000612856721;0.0118144366;-0.0412518924,descriptive_exact_variant_no_ci_across_variants
tabpfn,pca_train_only_5,train_only_version,baselines,tabred_delivery_eta,3,3,tabred_delivery_eta__gap_near,0.1571228260314691,-0.003699192723423,tabred_delivery_eta__gap_maxdiff,0.2496496029927623,-0.1051206142660284,-0.10142142154260539,higher_shift_more_harmful,nonmonotonic,all_negative,tabred_delivery_eta__gap_near;tabred_delivery_eta__gap_far;tabred_delivery_eta__gap_maxdiff,0.157123;0.237934;0.249650,-0.003699;-0.395757;-0.105121,-2.09335596e-05;-0.00217748449;-0.000576846466,descriptive_exact_variant_no_ci_across_variants
tabpfn,pca_train_only_5,train_only_version,baselines,tabred_homesite,2,2,tabred_homesite__gap_near,0.0437974647176086,3.3299934202806583,tabred_homesite__gap_far,0.0830990647492541,-2.0396067219859915,-5.36960014226665,higher_shift_more_harmful,not_assessed_two_windows,mixed_or_tied,tabred_homesite__gap_near;tabred_homesite__gap_far,0.043797;0.083099,3.329993;-2.039607,0.00165414496;-0.00166607944,descriptive_exact_variant_no_ci_across_variants
tabpfn,pca_train_only_5,train_only_version,baselines,tabred_sberbank,2,2,tabred_sberbank__gap_near,0.2265311490062835,1.705788482944606,tabred_sberbank__gap_far,0.235749592588427,-2.849839238287828,-4.555627721232434,higher_shift_more_harmful,not_assessed_two_windows,mixed_or_tied,tabred_sberbank__gap_near;tabred_sberbank__gap_far,0.226531;0.235750,1.705788;-2.849839,0.00422596143;-0.0111968796,descriptive_exact_variant_no_ci_across_variants
tabpfn,pca_train_only_5,train_only_version,baselines,tabred_weather,3,3,tabred_weather__gap_near,0.0948655339805825,-0.0967242663149296,tabred_weather__gap_maxdiff,0.2280292319342118,-0.669393690063931,-0.5726694237490014,higher_shift_more_harmful,nonmonotonic,mixed_or_tied,tabred_weather__gap_near;tabred_weather__gap_far;tabred_weather__gap_maxdiff,0.094866;0.101202;0.228029,-0.096724;0.554873;-0.669394,-0.00162866853;0.00896478953;-0.011693441,descriptive_exact_variant_no_ci_across_variants
tabpfn,pca_train_only_var90,train_only_version,baselines,tabred_delivery_eta,3,3,tabred_delivery_eta__gap_near,0.1571228260314691,-0.2169972734781514,tabred_delivery_eta__gap_maxdiff,0.2496496029927623,-0.0697498213431681,0.1472474521349833,higher_shift_more_helpful,nonmonotonic,all_negative,tabred_delivery_eta__gap_near;tabred_delivery_eta__gap_far;tabred_delivery_eta__gap_maxdiff,0.157123;0.237934;0.249650,-0.216997;-0.902146;-0.069750,-0.00122797748;-0.00496366867;-0.000382750217,descriptive_exact_variant_no_ci_across_variants
tabpfn,pca_train_only_var90,train_only_version,baselines,tabred_homesite,2,2,tabred_homesite__gap_near,0.0437974647176086,1.956169784070654,tabred_homesite__gap_far,0.0830990647492541,-4.0221011352732265,-5.97827091934388,higher_shift_more_harmful,not_assessed_two_windows,mixed_or_tied,tabred_homesite__gap_near;tabred_homesite__gap_far,0.043797;0.083099,1.956170;-4.022101,0.000971710147;-0.00328550594,descriptive_exact_variant_no_ci_across_variants
tabpfn,pca_train_only_var90,train_only_version,baselines,tabred_sberbank,2,2,tabred_sberbank__gap_near,0.2265311490062835,1.66632321672237,tabred_sberbank__gap_far,0.235749592588427,8.629401899388743,6.963078682666373,higher_shift_more_helpful,not_assessed_two_windows,all_positive,tabred_sberbank__gap_near;tabred_sberbank__gap_far,0.226531;0.235750,1.666323;8.629402,0.00412818923;0.0339044998,descriptive_exact_variant_no_ci_across_variants
tabpfn,pca_train_only_var90,train_only_version,baselines,tabred_weather,3,3,tabred_weather__gap_near,0.0948655339805825,0.3053859095594782,tabred_weather__gap_maxdiff,0.2280292319342118,-1.3907803671370305,-1.6961662766965087,higher_shift_more_harmful,strictly_decreasing,mixed_or_tied,tabred_weather__gap_near;tabred_weather__gap_far;tabred_weather__gap_maxdiff,0.094866;0.101202;0.228029,0.305386;0.032727;-1.390780,0.00514216793;0.000528750487;-0.0242951321,descriptive_exact_variant_no_ci_across_variants
tabpfn,pca_train_only_var95,train_only_version,baselines,tabred_delivery_eta,3,3,tabred_delivery_eta__gap_near,0.1571228260314691,-0.0054905764997882,tabred_delivery_eta__gap_maxdiff,0.2496496029927623,0.2122297453157242,0.2177203218155124,higher_shift_more_helpful,nonmonotonic,mixed_or_tied,tabred_delivery_eta__gap_near;tabred_delivery_eta__gap_far;tabred_delivery_eta__gap_maxdiff,0.157123;0.237934;0.249650,-0.005491;-0.778205;0.212230,-3.10709171e-05;-0.00428173779;0.00116460486,descriptive_exact_variant_no_ci_across_variants
tabpfn,pca_train_only_var95,train_only_version,baselines,tabred_homesite,2,2,tabred_homesite__gap_near,0.0437974647176086,0.9424561192763884,tabred_homesite__gap_far,0.0830990647492541,-8.655337178452628,-9.597793297729016,higher_shift_more_harmful,not_assessed_two_windows,mixed_or_tied,tabred_homesite__gap_near;tabred_homesite__gap_far,0.043797;0.083099,0.942456;-8.655337,0.000468156794;-0.00707022542,descriptive_exact_variant_no_ci_across_variants
tabpfn,pca_train_only_var95,train_only_version,baselines,tabred_sberbank,2,2,tabred_sberbank__gap_near,0.2265311490062835,2.137958044726408,tabred_sberbank__gap_far,0.235749592588427,5.804265348815847,3.666307304089439,higher_shift_more_helpful,not_assessed_two_windows,all_positive,tabred_sberbank__gap_near;tabred_sberbank__gap_far,0.226531;0.235750,2.137958;5.804265,0.0052966287;0.0228046758,descriptive_exact_variant_no_ci_across_variants
tabpfn,pca_train_only_var95,train_only_version,baselines,tabred_weather,3,3,tabred_weather__gap_near,0.0948655339805825,-0.0526560563680753,tabred_weather__gap_maxdiff,0.2280292319342118,-0.9712810145684112,-0.9186249582003359,higher_shift_more_harmful,strictly_decreasing,all_negative,tabred_weather__gap_near;tabred_weather__gap_far;tabred_weather__gap_maxdiff,0.094866;0.101202;0.228029,-0.052656;-0.230671;-0.971281,-0.000886636469;-0.0037268223;-0.0169670216,descriptive_exact_variant_no_ci_across_variants
tabpfn,target_enc_absolute,test_time_variant,M4_target_encoding,tabred_delivery_eta,3,3,tabred_delivery_eta__gap_near,0.1571228260314691,-0.0111762625838263,tabred_delivery_eta__gap_maxdiff,0.2496496029927623,0.0819613024576383,0.0931375650414646,higher_shift_more_helpful,strictly_increasing,mixed_or_tied,tabred_delivery_eta__gap_near;tabred_delivery_eta__gap_far;tabred_delivery_eta__gap_maxdiff,0.157123;0.237934;0.249650,-0.011176;0.015713;0.081961,-6.32459503e-05;8.64552049e-05;0.000449760382,descriptive_exact_variant_no_ci_across_variants
tabpfn,target_enc_absolute,test_time_variant,M4_target_encoding,tabred_homesite,2,2,tabred_homesite__gap_near,0.0437974647176086,2.740275802193497,tabred_homesite__gap_far,0.0830990647492541,-22.629092080315907,-25.369367882509405,higher_shift_more_harmful,not_assessed_two_windows,mixed_or_tied,tabred_homesite__gap_near;tabred_homesite__gap_far,0.043797;0.083099,2.740276;-22.629092,0.00136120792;-0.0184848699,descriptive_exact_variant_no_ci_across_variants
tabpfn,target_enc_absolute,test_time_variant,M4_target_encoding,tabred_sberbank,2,2,tabred_sberbank__gap_near,0.2265311490062835,-3.651488664681655,tabred_sberbank__gap_far,0.235749592588427,-3.422201077386437,0.22928758729521803,higher_shift_more_helpful,not_assessed_two_windows,all_negative,tabred_sberbank__gap_near;tabred_sberbank__gap_far,0.226531;0.235750,-3.651489;-3.422201,-0.00904628587;-0.0134456613,descriptive_exact_variant_no_ci_across_variants
tabpfn,target_enc_absolute,test_time_variant,M4_target_encoding,tabred_weather,3,3,tabred_weather__gap_near,0.0948655339805825,0.0,tabred_weather__gap_maxdiff,0.2280292319342118,0.0,0.0,no_change,nondecreasing_with_tie,mixed_or_tied,tabred_weather__gap_near;tabred_weather__gap_far;tabred_weather__gap_maxdiff,0.094866;0.101202;0.228029,0.000000;0.000000;0.000000,0;0;0,descriptive_exact_variant_no_ci_across_variants
tabpfn,target_enc_diff,test_time_variant,M4_target_encoding,tabred_delivery_eta,3,3,tabred_delivery_eta__gap_near,0.1571228260314691,-0.0111762625838263,tabred_delivery_eta__gap_maxdiff,0.2496496029927623,0.0812481334496793,0.0924243960335056,higher_shift_more_helpful,strictly_increasing,mixed_or_tied,tabred_delivery_eta__gap_near;tabred_delivery_eta__gap_far;tabred_delivery_eta__gap_maxdiff,0.157123;0.237934;0.249650,-0.011176;0.015713;0.081248,-6.32459503e-05;8.64552049e-05;0.000445846887,descriptive_exact_variant_no_ci_across_variants
tabpfn,target_enc_diff,test_time_variant,M4_target_encoding,tabred_homesite,2,2,tabred_homesite__gap_near,0.0437974647176086,2.859038378058712,tabred_homesite__gap_far,0.0830990647492541,-23.15406045271467,-26.013098830773384,higher_shift_more_harmful,not_assessed_two_windows,mixed_or_tied,tabred_homesite__gap_near;tabred_homesite__gap_far,0.043797;0.083099,2.859038;-23.154060,0.00142020219;-0.0189136972,descriptive_exact_variant_no_ci_across_variants
tabpfn,target_enc_diff,test_time_variant,M4_target_encoding,tabred_sberbank,2,2,tabred_sberbank__gap_near,0.2265311490062835,-2.018991796755184,tabred_sberbank__gap_far,0.235749592588427,-4.573205567172264,-2.5542137704170798,higher_shift_more_harmful,not_assessed_two_windows,all_negative,tabred_sberbank__gap_near;tabred_sberbank__gap_far,0.226531;0.235750,-2.018992;-4.573206,-0.00500189885;-0.0179679019,descriptive_exact_variant_no_ci_across_variants
tabpfn,target_enc_diff,test_time_variant,M4_target_encoding,tabred_weather,3,3,tabred_weather__gap_near,0.0948655339805825,0.0,tabred_weather__gap_maxdiff,0.2280292319342118,0.0,0.0,no_change,nondecreasing_with_tie,mixed_or_tied,tabred_weather__gap_near;tabred_weather__gap_far;tabred_weather__gap_maxdiff,0.094866;0.101202;0.228029,0.000000;0.000000;0.000000,0;0;0,descriptive_exact_variant_no_ci_across_variants
tabpfn,target_enc_inv_ratio,test_time_variant,M4_target_encoding,tabred_delivery_eta,3,3,tabred_delivery_eta__gap_near,0.1571228260314691,-0.0111762625838263,tabred_delivery_eta__gap_maxdiff,0.2496496029927623,0.0812481334496793,0.0924243960335056,higher_shift_more_helpful,strictly_increasing,mixed_or_tied,tabred_delivery_eta__gap_near;tabred_delivery_eta__gap_far;tabred_delivery_eta__gap_maxdiff,0.157123;0.237934;0.249650,-0.011176;0.017835;0.081248,-6.32459503e-05;9.81298655e-05;0.000445846887,descriptive_exact_variant_no_ci_across_variants
tabpfn,target_enc_inv_ratio,test_time_variant,M4_target_encoding,tabred_homesite,2,2,tabred_homesite__gap_near,0.0437974647176086,3.45831160569745,tabred_homesite__gap_far,0.0830990647492541,-21.52088085774739,-24.97919246344484,higher_shift_more_harmful,not_assessed_two_windows,mixed_or_tied,tabred_homesite__gap_near;tabred_homesite__gap_far,0.043797;0.083099,3.458312;-21.520881,0.0017178859;-0.0175796131,descriptive_exact_variant_no_ci_across_variants
tabpfn,target_enc_inv_ratio,test_time_variant,M4_target_encoding,tabred_sberbank,2,2,tabred_sberbank__gap_near,0.2265311490062835,-2.6689004751543,tabred_sberbank__gap_far,0.235749592588427,-5.099182362840032,-2.4302818876857315,higher_shift_more_harmful,not_assessed_two_windows,all_negative,tabred_sberbank__gap_near;tabred_sberbank__gap_far,0.226531;0.235750,-2.668900;-5.099182,-0.00661199825;-0.0200344391,descriptive_exact_variant_no_ci_across_variants
tabpfn,target_enc_inv_ratio,test_time_variant,M4_target_encoding,tabred_weather,3,3,tabred_weather__gap_near,0.0948655339805825,0.0,tabred_weather__gap_maxdiff,0.2280292319342118,0.0,0.0,no_change,nondecreasing_with_tie,mixed_or_tied,tabred_weather__gap_near;tabred_weather__gap_far;tabred_weather__gap_maxdiff,0.094866;0.101202;0.228029,0.000000;0.000000;0.000000,0;0;0,descriptive_exact_variant_no_ci_across_variants
tabpfn,target_enc_oof_absolute,test_time_variant,M4_target_encoding,tabred_delivery_eta,3,3,tabred_delivery_eta__gap_near,0.1571228260314691,0.0217279583563752,tabred_delivery_eta__gap_maxdiff,0.2496496029927623,0.0034788707972091,-0.0182490875591661,higher_shift_more_harmful,nonmonotonic,mixed_or_tied,tabred_delivery_eta__gap_near;tabred_delivery_eta__gap_far;tabred_delivery_eta__gap_maxdiff,0.157123;0.237934;0.249650,0.021728;-0.393806;0.003479,0.000122957506;-0.00216674791;1.90902074e-05,descriptive_exact_variant_no_ci_across_variants
tabpfn,target_enc_oof_absolute,test_time_variant,M4_target_encoding,tabred_homesite,2,2,tabred_homesite__gap_near,0.0437974647176086,5.905912738173662,tabred_homesite__gap_far,0.0830990647492541,-0.341511683119754,-6.247424421293416,higher_shift_more_harmful,not_assessed_two_windows,mixed_or_tied,tabred_homesite__gap_near;tabred_homesite__gap_far,0.043797;0.083099,5.905913;-0.341512,0.00293371025;-0.000278968287,descriptive_exact_variant_no_ci_across_variants
tabpfn,target_enc_oof_absolute,test_time_variant,M4_target_encoding,tabred_sberbank,2,2,tabred_sberbank__gap_near,0.2265311490062835,-2.4375115846516686,tabred_sberbank__gap_far,0.235749592588427,2.787945529385268,5.225457114036937,higher_shift_more_helpful,not_assessed_two_windows,mixed_or_tied,tabred_sberbank__gap_near;tabred_sberbank__gap_far,0.226531;0.235750,-2.437512;2.787946,-0.00603874985;0.0109537022,descriptive_exact_variant_no_ci_across_variants
tabpfn,target_enc_oof_absolute,test_time_variant,M4_target_encoding,tabred_weather,3,3,tabred_weather__gap_near,0.0948655339805825,0.0,tabred_weather__gap_maxdiff,0.2280292319342118,0.0,0.0,no_change,nondecreasing_with_tie,mixed_or_tied,tabred_weather__gap_near;tabred_weather__gap_far;tabred_weather__gap_maxdiff,0.094866;0.101202;0.228029,0.000000;0.000000;0.000000,0;0;0,descriptive_exact_variant_no_ci_across_variants
tabpfn,target_enc_oof_diff,test_time_variant,M4_target_encoding,tabred_delivery_eta,3,3,tabred_delivery_eta__gap_near,0.1571228260314691,0.0150122167063044,tabred_delivery_eta__gap_maxdiff,0.2496496029927623,-0.0005146448628694,-0.015526861569173801,higher_shift_more_harmful,nonmonotonic,mixed_or_tied,tabred_delivery_eta__gap_near;tabred_delivery_eta__gap_far;tabred_delivery_eta__gap_maxdiff,0.157123;0.237934;0.249650,0.015012;-0.390291;-0.000515,8.49534363e-05;-0.00214740534;-2.82409946e-06,descriptive_exact_variant_no_ci_across_variants
tabpfn,target_enc_oof_diff,test_time_variant,M4_target_encoding,tabred_homesite,2,2,tabred_homesite__gap_near,0.0437974647176086,5.915468347726133,tabred_homesite__gap_far,0.0830990647492541,-0.37421844129894,-6.2896867890250725,higher_shift_more_harmful,not_assessed_two_windows,mixed_or_tied,tabred_homesite__gap_near;tabred_homesite__gap_far,0.043797;0.083099,5.915468;-0.374218,0.00293845691;-0.00030568523,descriptive_exact_variant_no_ci_across_variants
tabpfn,target_enc_oof_diff,test_time_variant,M4_target_encoding,tabred_sberbank,2,2,tabred_sberbank__gap_near,0.2265311490062835,-1.5868947312115202,tabred_sberbank__gap_far,0.235749592588427,3.019365203558426,4.606259934769946,higher_shift_more_helpful,not_assessed_two_windows,mixed_or_tied,tabred_sberbank__gap_near;tabred_sberbank__gap_far,0.226531;0.235750,-1.586895;3.019365,-0.00393141119;0.0118629388,descriptive_exact_variant_no_ci_across_variants
tabpfn,target_enc_oof_diff,test_time_variant,M4_target_encoding,tabred_weather,3,3,tabred_weather__gap_near,0.0948655339805825,0.0,tabred_weather__gap_maxdiff,0.2280292319342118,0.0,0.0,no_change,nondecreasing_with_tie,mixed_or_tied,tabred_weather__gap_near;tabred_weather__gap_far;tabred_weather__gap_maxdiff,0.094866;0.101202;0.228029,0.000000;0.000000;0.000000,0;0;0,descriptive_exact_variant_no_ci_across_variants
tabpfn,target_enc_oof_inv_ratio,test_time_variant,M4_target_encoding,tabred_delivery_eta,3,3,tabred_delivery_eta__gap_near,0.1571228260314691,0.0216302208356653,tabred_delivery_eta__gap_maxdiff,0.2496496029927623,-0.0007620693349569,-0.0223922901706222,higher_shift_more_harmful,nonmonotonic,mixed_or_tied,tabred_delivery_eta__gap_near;tabred_delivery_eta__gap_far;tabred_delivery_eta__gap_maxdiff,0.157123;0.237934;0.249650,0.021630;-0.391256;-0.000762,0.000122404414;-0.00215271989;-4.18183442e-06,descriptive_exact_variant_no_ci_across_variants
tabpfn,target_enc_oof_inv_ratio,test_time_variant,M4_target_encoding,tabred_homesite,2,2,tabred_homesite__gap_near,0.0437974647176086,5.797524824109104,tabred_homesite__gap_far,0.0830990647492541,-1.531904861519149,-7.329429685628253,higher_shift_more_harmful,not_assessed_two_windows,mixed_or_tied,tabred_homesite__gap_near;tabred_homesite__gap_far,0.043797;0.083099,5.797525;-1.531905,0.0028798695;-0.00125135653,descriptive_exact_variant_no_ci_across_variants
tabpfn,target_enc_oof_inv_ratio,test_time_variant,M4_target_encoding,tabred_sberbank,2,2,tabred_sberbank__gap_near,0.2265311490062835,-1.507686100234468,tabred_sberbank__gap_far,0.235749592588427,2.778368572300416,4.286054672534884,higher_shift_more_helpful,not_assessed_two_windows,mixed_or_tied,tabred_sberbank__gap_near;tabred_sberbank__gap_far,0.226531;0.235750,-1.507686;2.778369,-0.00373517782;0.0109160748,descriptive_exact_variant_no_ci_across_variants
tabpfn,target_enc_oof_inv_ratio,test_time_variant,M4_target_encoding,tabred_weather,3,3,tabred_weather__gap_near,0.0948655339805825,0.0,tabred_weather__gap_maxdiff,0.2280292319342118,0.0,0.0,no_change,nondecreasing_with_tie,mixed_or_tied,tabred_weather__gap_near;tabred_weather__gap_far;tabred_weather__gap_maxdiff,0.094866;0.101202;0.228029,0.000000;0.000000;0.000000,0;0;0,descriptive_exact_variant_no_ci_across_variants
tabpfn,target_enc_oof_ratio,test_time_variant,M4_target_encoding,tabred_delivery_eta,3,3,tabred_delivery_eta__gap_near,0.1571228260314691,0.0149424088708992,tabred_delivery_eta__gap_maxdiff,0.2496496029927623,0.0050179262229183,-0.0099244826479809,higher_shift_more_harmful,nonmonotonic,mixed_or_tied,tabred_delivery_eta__gap_near;tabred_delivery_eta__gap_far;tabred_delivery_eta__gap_maxdiff,0.157123;0.237934;0.249650,0.014942;-0.390212;0.005018,8.4558397e-05;-0.0021469737;2.75357315e-05,descriptive_exact_variant_no_ci_across_variants
tabpfn,target_enc_oof_ratio,test_time_variant,M4_target_encoding,tabred_homesite,2,2,tabred_homesite__gap_near,0.0437974647176086,5.8715125437852125,tabred_homesite__gap_far,0.0830990647492541,-0.9365422481662456,-6.8080547919514585,higher_shift_more_harmful,not_assessed_two_windows,mixed_or_tied,tabred_homesite__gap_near;tabred_homesite__gap_far,0.043797;0.083099,5.871513;-0.936542,0.00291662225;-0.000765026789,descriptive_exact_variant_no_ci_across_variants
tabpfn,target_enc_oof_ratio,test_time_variant,M4_target_encoding,tabred_sberbank,2,2,tabred_sberbank__gap_near,0.2265311490062835,-7.025756307630616,tabred_sberbank__gap_far,0.235749592588427,3.520031528907197,10.545787836537814,higher_shift_more_helpful,not_assessed_two_windows,mixed_or_tied,tabred_sberbank__gap_near;tabred_sberbank__gap_far,0.226531;0.235750,-7.025756;3.520032,-0.0174057777;0.0138300324,descriptive_exact_variant_no_ci_across_variants
tabpfn,target_enc_oof_ratio,test_time_variant,M4_target_encoding,tabred_weather,3,3,tabred_weather__gap_near,0.0948655339805825,0.0,tabred_weather__gap_maxdiff,0.2280292319342118,0.0,0.0,no_change,nondecreasing_with_tie,mixed_or_tied,tabred_weather__gap_near;tabred_weather__gap_far;tabred_weather__gap_maxdiff,0.094866;0.101202;0.228029,0.000000;0.000000;0.000000,0;0;0,descriptive_exact_variant_no_ci_across_variants
tabpfn,target_enc_oof_ratio_cap5,test_time_variant,M4_target_encoding,tabred_delivery_eta,3,3,tabred_delivery_eta__gap_near,0.1571228260314691,0.0132111901450528,tabred_delivery_eta__gap_maxdiff,0.2496496029927623,0.0083979928202992,-0.004813197324753601,higher_shift_more_harmful,nonmonotonic,mixed_or_tied,tabred_delivery_eta__gap_near;tabred_delivery_eta__gap_far;tabred_delivery_eta__gap_maxdiff,0.157123;0.237934;0.249650,0.013211;-0.390800;0.008398,7.47615107e-05;-0.002150211;4.60837535e-05,descriptive_exact_variant_no_ci_across_variants
tabpfn,target_enc_oof_ratio_cap5,test_time_variant,M4_target_encoding,tabred_homesite,2,2,tabred_homesite__gap_near,0.0437974647176086,5.86905538704334,tabred_homesite__gap_far,0.0830990647492541,-0.9672567165072324,-6.836312103550572,higher_shift_more_harmful,not_assessed_two_windows,mixed_or_tied,tabred_homesite__gap_near;tabred_homesite__gap_far,0.043797;0.083099,5.869055;-0.967257,0.00291540168;-0.000790116304,descriptive_exact_variant_no_ci_across_variants
tabpfn,target_enc_oof_ratio_cap5,test_time_variant,M4_target_encoding,tabred_sberbank,2,2,tabred_sberbank__gap_near,0.2265311490062835,-6.955762774753341,tabred_sberbank__gap_far,0.235749592588427,3.477278393123856,10.433041167877196,higher_shift_more_helpful,not_assessed_two_windows,mixed_or_tied,tabred_sberbank__gap_near;tabred_sberbank__gap_far,0.226531;0.235750,-6.955763;3.477278,-0.0172323741;0.0136620574,descriptive_exact_variant_no_ci_across_variants
tabpfn,target_enc_oof_ratio_cap5,test_time_variant,M4_target_encoding,tabred_weather,3,3,tabred_weather__gap_near,0.0948655339805825,0.0,tabred_weather__gap_maxdiff,0.2280292319342118,0.0,0.0,no_change,nondecreasing_with_tie,mixed_or_tied,tabred_weather__gap_near;tabred_weather__gap_far;tabred_weather__gap_maxdiff,0.094866;0.101202;0.228029,0.000000;0.000000;0.000000,0;0;0,descriptive_exact_variant_no_ci_across_variants
tabpfn,target_enc_ratio,test_time_variant,M4_target_encoding,tabred_delivery_eta,3,3,tabred_delivery_eta__gap_near,0.1571228260314691,-0.0171035486182008,tabred_delivery_eta__gap_maxdiff,0.2496496029927623,0.0819613024576383,0.0990648510758391,higher_shift_more_helpful,strictly_increasing,mixed_or_tied,tabred_delivery_eta__gap_near;tabred_delivery_eta__gap_far;tabred_delivery_eta__gap_maxdiff,0.157123;0.237934;0.249650,-0.017104;0.015713;0.081961,-9.67881863e-05;8.64552049e-05;0.000449760382,descriptive_exact_variant_no_ci_across_variants
tabpfn,target_enc_ratio,test_time_variant,M4_target_encoding,tabred_homesite,2,2,tabred_homesite__gap_near,0.0437974647176086,2.637075219028596,tabred_homesite__gap_far,0.0830990647492541,-23.6828473806371,-26.319922599665695,higher_shift_more_harmful,not_assessed_two_windows,mixed_or_tied,tabred_homesite__gap_near;tabred_homesite__gap_far,0.043797;0.083099,2.637075;-23.682847,0.00130994394;-0.0193456437,descriptive_exact_variant_no_ci_across_variants
tabpfn,target_enc_ratio,test_time_variant,M4_target_encoding,tabred_sberbank,2,2,tabred_sberbank__gap_near,0.2265311490062835,-3.5219542571725664,tabred_sberbank__gap_far,0.235749592588427,-3.124775610877728,0.39717864629483834,higher_shift_more_helpful,not_assessed_two_windows,all_negative,tabred_sberbank__gap_near;tabred_sberbank__gap_far,0.226531;0.235750,-3.521954;-3.124776,-0.00872537421;-0.0122770912,descriptive_exact_variant_no_ci_across_variants
tabpfn,target_enc_ratio,test_time_variant,M4_target_encoding,tabred_weather,3,3,tabred_weather__gap_near,0.0948655339805825,0.0,tabred_weather__gap_maxdiff,0.2280292319342118,0.0,0.0,no_change,nondecreasing_with_tie,mixed_or_tied,tabred_weather__gap_near;tabred_weather__gap_far;tabred_weather__gap_maxdiff,0.094866;0.101202;0.228029,0.000000;0.000000;0.000000,0;0;0,descriptive_exact_variant_no_ci_across_variants
tabpfn,target_enc_ratio__sel_combined_intersection,test_time_variant,selective,tabred_delivery_eta,3,3,tabred_delivery_eta__gap_near,0.1571228260314691,-0.073609144439884,tabred_delivery_eta__gap_maxdiff,0.2496496029927623,-0.09753726713045,-0.02392812269056599,higher_shift_more_harmful,nonmonotonic,all_negative,tabred_delivery_eta__gap_near;tabred_delivery_eta__gap_far;tabred_delivery_eta__gap_maxdiff,0.157123;0.237934;0.249650,-0.073609;-0.418632;-0.097537,-0.000416550726;-0.00230334052;-0.000535233058,descriptive_exact_variant_no_ci_across_variants
tabpfn,target_enc_ratio__sel_combined_intersection,test_time_variant,selective,tabred_homesite,2,2,tabred_homesite__gap_near,0.0437974647176086,1.028729622662754,tabred_homesite__gap_far,0.0830990647492541,5.047134257091767,4.018404634429013,higher_shift_more_helpful,not_assessed_two_windows,all_positive,tabred_homesite__gap_near;tabred_homesite__gap_far,0.043797;0.083099,1.028730;5.047134,0.000511012399;0.00412281765,descriptive_exact_variant_no_ci_across_variants
tabpfn,target_enc_ratio__sel_combined_intersection,test_time_variant,selective,tabred_sberbank,2,2,tabred_sberbank__gap_near,0.2265311490062835,1.9008471248113945,tabred_sberbank__gap_far,0.235749592588427,5.114620024328668,3.2137728995172736,higher_shift_more_helpful,not_assessed_two_windows,all_positive,tabred_sberbank__gap_near;tabred_sberbank__gap_far,0.226531;0.235750,1.900847;5.114620,0.0047092044;0.020095093,descriptive_exact_variant_no_ci_across_variants
tabpfn,target_enc_ratio__sel_combined_intersection,test_time_variant,selective,tabred_weather,3,3,tabred_weather__gap_near,0.0948655339805825,0.1715861788708555,tabred_weather__gap_maxdiff,0.2280292319342118,0.3178502877224521,0.1462641088515966,higher_shift_more_helpful,nonmonotonic,all_positive,tabred_weather__gap_near;tabred_weather__gap_far;tabred_weather__gap_maxdiff,0.094866;0.101202;0.228029,0.171586;0.474195;0.317850,0.00288921302;0.00766132502;0.00555243295,descriptive_exact_variant_no_ci_across_variants
tabpfn,target_enc_ratio__sel_combined_union,test_time_variant,selective,tabred_delivery_eta,3,3,tabred_delivery_eta__gap_near,0.1571228260314691,0.480088085391923,tabred_delivery_eta__gap_maxdiff,0.2496496029927623,-0.0039389451638852,-0.4840270305558082,higher_shift_more_harmful,nonmonotonic,mixed_or_tied,tabred_delivery_eta__gap_near;tabred_delivery_eta__gap_far;tabred_delivery_eta__gap_maxdiff,0.157123;0.237934;0.249650,0.480088;-0.765354;-0.003939,0.00271679615;-0.00421102857;-2.16148527e-05,descriptive_exact_variant_no_ci_across_variants
tabpfn,target_enc_ratio__sel_combined_union,test_time_variant,selective,tabred_homesite,2,2,tabred_homesite__gap_near,0.0437974647176086,3.550045457399833,tabred_homesite__gap_far,0.0830990647492541,2.764302150676717,-0.7857433067231159,higher_shift_more_harmful,not_assessed_two_windows,all_positive,tabred_homesite__gap_near;tabred_homesite__gap_far,0.043797;0.083099,3.550045;2.764302,0.00176345388;0.00225805638,descriptive_exact_variant_no_ci_across_variants
tabpfn,target_enc_ratio__sel_combined_union,test_time_variant,selective,tabred_sberbank,2,2,tabred_sberbank__gap_near,0.2265311490062835,-3.3332074545100374,tabred_sberbank__gap_far,0.235749592588427,6.100665896079029,9.433873350589067,higher_shift_more_helpful,not_assessed_two_windows,mixed_or_tied,tabred_sberbank__gap_near;tabred_sberbank__gap_far,0.226531;0.235750,-3.333207;6.100666,-0.00825776834;0.0239692192,descriptive_exact_variant_no_ci_across_variants
tabpfn,target_enc_ratio__sel_combined_union,test_time_variant,selective,tabred_weather,3,3,tabred_weather__gap_near,0.0948655339805825,-0.41929464502329,tabred_weather__gap_maxdiff,0.2280292319342118,-0.2616359448501237,0.1576587001731663,higher_shift_more_helpful,nonmonotonic,all_negative,tabred_weather__gap_near;tabred_weather__gap_far;tabred_weather__gap_maxdiff,0.094866;0.101202;0.228029,-0.419295;-0.068895;-0.261636,-0.00706019305;-0.00111309429;-0.00457044117,descriptive_exact_variant_no_ci_across_variants
tabpfn,target_enc_ratio_cap5,test_time_variant,M4_target_encoding,tabred_delivery_eta,3,3,tabred_delivery_eta__gap_near,0.1571228260314691,-0.0111762625838263,tabred_delivery_eta__gap_maxdiff,0.2496496029927623,0.0812481334496793,0.0924243960335056,higher_shift_more_helpful,strictly_increasing,mixed_or_tied,tabred_delivery_eta__gap_near;tabred_delivery_eta__gap_far;tabred_delivery_eta__gap_maxdiff,0.157123;0.237934;0.249650,-0.011176;0.015713;0.081248,-6.32459503e-05;8.64552049e-05;0.000445846887,descriptive_exact_variant_no_ci_across_variants
tabpfn,target_enc_ratio_cap5,test_time_variant,M4_target_encoding,tabred_homesite,2,2,tabred_homesite__gap_near,0.0437974647176086,2.698504137578984,tabred_homesite__gap_far,0.0830990647492541,-23.72817197445885,-26.426676112037832,higher_shift_more_harmful,not_assessed_two_windows,mixed_or_tied,tabred_homesite__gap_near;tabred_homesite__gap_far,0.043797;0.083099,2.698504;-23.728172,0.00134045821;-0.0193826677,descriptive_exact_variant_no_ci_across_variants
tabpfn,target_enc_ratio_cap5,test_time_variant,M4_target_encoding,tabred_sberbank,2,2,tabred_sberbank__gap_near,0.2265311490062835,-3.5414237660280103,tabred_sberbank__gap_far,0.235749592588427,-3.1878374301099948,0.3535863359180156,higher_shift_more_helpful,not_assessed_two_windows,all_negative,tabred_sberbank__gap_near;tabred_sberbank__gap_far,0.226531;0.235750,-3.541424;-3.187837,-0.00877360844;-0.012524858,descriptive_exact_variant_no_ci_across_variants
tabpfn,target_enc_ratio_cap5,test_time_variant,M4_target_encoding,tabred_weather,3,3,tabred_weather__gap_near,0.0948655339805825,0.0,tabred_weather__gap_maxdiff,0.2280292319342118,0.0,0.0,no_change,nondecreasing_with_tie,mixed_or_tied,tabred_weather__gap_near;tabred_weather__gap_far;tabred_weather__gap_maxdiff,0.094866;0.101202;0.228029,0.000000;0.000000;0.000000,0;0;0,descriptive_exact_variant_no_ci_across_variants
tabpfn,target_enc_standard_m10,train_only_version,baselines,tabred_delivery_eta,3,3,tabred_delivery_eta__gap_near,0.1571228260314691,-0.0111762625838263,tabred_delivery_eta__gap_maxdiff,0.2496496029927623,0.0783756987067488,0.0895519612905751,higher_shift_more_helpful,strictly_increasing,mixed_or_tied,tabred_delivery_eta__gap_near;tabred_delivery_eta__gap_far;tabred_delivery_eta__gap_maxdiff,0.157123;0.237934;0.249650,-0.011176;0.017461;0.078376,-6.32459503e-05;9.60712067e-05;0.000430084481,descriptive_exact_variant_no_ci_across_variants
tabpfn,target_enc_standard_m10,train_only_version,baselines,tabred_homesite,2,2,tabred_homesite__gap_near,0.0437974647176086,2.736726575788868,tabred_homesite__gap_far,0.0830990647492541,-23.04299029422814,-25.77971687001701,higher_shift_more_harmful,not_assessed_two_windows,mixed_or_tied,tabred_homesite__gap_near;tabred_homesite__gap_far,0.043797;0.083099,2.736727;-23.042990,0.00135944487;-0.0188229681,descriptive_exact_variant_no_ci_across_variants
tabpfn,target_enc_standard_m10,train_only_version,baselines,tabred_sberbank,2,2,tabred_sberbank__gap_near,0.2265311490062835,-2.024631739889052,tabred_sberbank__gap_far,0.235749592588427,-4.640519067694773,-2.6158873278057206,higher_shift_more_harmful,not_assessed_two_windows,all_negative,tabred_sberbank__gap_near;tabred_sberbank__gap_far,0.226531;0.235750,-2.024632;-4.640519,-0.00501587138;-0.0182323734,descriptive_exact_variant_no_ci_across_variants
tabpfn,target_enc_standard_m10,train_only_version,baselines,tabred_weather,3,3,tabred_weather__gap_near,0.0948655339805825,0.0,tabred_weather__gap_maxdiff,0.2280292319342118,0.0,0.0,no_change,nondecreasing_with_tie,mixed_or_tied,tabred_weather__gap_near;tabred_weather__gap_far;tabred_weather__gap_maxdiff,0.094866;0.101202;0.228029,0.000000;0.000000;0.000000,0;0;0,descriptive_exact_variant_no_ci_across_variants
tabpfn,target_enc_standard_m20,train_only_version,baselines,tabred_delivery_eta,3,3,tabred_delivery_eta__gap_near,0.1571228260314691,-0.0111762625838263,tabred_delivery_eta__gap_maxdiff,0.2496496029927623,0.0812481334496793,0.0924243960335056,higher_shift_more_helpful,strictly_increasing,mixed_or_tied,tabred_delivery_eta__gap_near;tabred_delivery_eta__gap_far;tabred_delivery_eta__gap_maxdiff,0.157123;0.237934;0.249650,-0.011176;0.015713;0.081248,-6.32459503e-05;8.64552049e-05;0.000445846887,descriptive_exact_variant_no_ci_across_variants
tabpfn,target_enc_standard_m20,train_only_version,baselines,tabred_homesite,2,2,tabred_homesite__gap_near,0.0437974647176086,2.861222517384225,tabred_homesite__gap_far,0.0830990647492541,-24.797367521027034,-27.65859003841126,higher_shift_more_harmful,not_assessed_two_windows,mixed_or_tied,tabred_homesite__gap_near;tabred_homesite__gap_far,0.043797;0.083099,2.861223;-24.797368,0.00142128714;-0.0202560541,descriptive_exact_variant_no_ci_across_variants
tabpfn,target_enc_standard_m20,train_only_version,baselines,tabred_sberbank,2,2,tabred_sberbank__gap_near,0.2265311490062835,-4.490172639737288,tabred_sberbank__gap_far,0.235749592588427,-1.9627417558751048,2.5274308838621833,higher_shift_more_helpful,not_assessed_two_windows,all_negative,tabred_sberbank__gap_near;tabred_sberbank__gap_far,0.226531;0.235750,-4.490173;-1.962742,-0.0111240617;-0.00771151676,descriptive_exact_variant_no_ci_across_variants
tabpfn,target_enc_standard_m20,train_only_version,baselines,tabred_weather,3,3,tabred_weather__gap_near,0.0948655339805825,0.0,tabred_weather__gap_maxdiff,0.2280292319342118,0.0,0.0,no_change,nondecreasing_with_tie,mixed_or_tied,tabred_weather__gap_near;tabred_weather__gap_far;tabred_weather__gap_maxdiff,0.094866;0.101202;0.228029,0.000000;0.000000;0.000000,0;0;0,descriptive_exact_variant_no_ci_across_variants
tabpfn,target_enc_standard_m5,train_only_version,baselines,tabred_delivery_eta,3,3,tabred_delivery_eta__gap_near,0.1571228260314691,-0.0111762625838263,tabred_delivery_eta__gap_maxdiff,0.2496496029927623,0.0812481334496793,0.0924243960335056,higher_shift_more_helpful,strictly_increasing,mixed_or_tied,tabred_delivery_eta__gap_near;tabred_delivery_eta__gap_far;tabred_delivery_eta__gap_maxdiff,0.157123;0.237934;0.249650,-0.011176;0.015713;0.081248,-6.32459503e-05;8.64552049e-05;0.000445846887,descriptive_exact_variant_no_ci_across_variants
tabpfn,target_enc_standard_m5,train_only_version,baselines,tabred_homesite,2,2,tabred_homesite__gap_near,0.0437974647176086,2.8191778353542456,tabred_homesite__gap_far,0.0830990647492541,-24.072174019876623,-26.89135185523087,higher_shift_more_harmful,not_assessed_two_windows,mixed_or_tied,tabred_homesite__gap_near;tabred_homesite__gap_far,0.043797;0.083099,2.819178;-24.072174,0.00140040181;-0.0196636703,descriptive_exact_variant_no_ci_across_variants
tabpfn,target_enc_standard_m5,train_only_version,baselines,tabred_sberbank,2,2,tabred_sberbank__gap_near,0.2265311490062835,-2.968039772415312,tabred_sberbank__gap_far,0.235749592588427,-5.027447922315599,-2.0594081499002868,higher_shift_more_harmful,not_assessed_two_windows,all_negative,tabred_sberbank__gap_near;tabred_sberbank__gap_far,0.226531;0.235750,-2.968040;-5.027448,-0.00735309314;-0.019752598,descriptive_exact_variant_no_ci_across_variants
tabpfn,target_enc_standard_m5,train_only_version,baselines,tabred_weather,3,3,tabred_weather__gap_near,0.0948655339805825,0.0,tabred_weather__gap_maxdiff,0.2280292319342118,0.0,0.0,no_change,nondecreasing_with_tie,mixed_or_tied,tabred_weather__gap_near;tabred_weather__gap_far;tabred_weather__gap_maxdiff,0.094866;0.101202;0.228029,0.000000;0.000000;0.000000,0;0;0,descriptive_exact_variant_no_ci_across_variants
tabpfn,targeted_groupby_top3,test_time_variant,M14_groupby,tabred_delivery_eta,3,3,tabred_delivery_eta__gap_near,0.1571228260314691,0.1160659490351902,tabred_delivery_eta__gap_maxdiff,0.2496496029927623,-0.0663129373864831,-0.1823788864216733,higher_shift_more_harmful,nonmonotonic,mixed_or_tied,tabred_delivery_eta__gap_near;tabred_delivery_eta__gap_far;tabred_delivery_eta__gap_maxdiff,0.157123;0.237934;0.249650,0.116066;-0.863078;-0.066313,0.000656811809;-0.00474871362;-0.000363890411,descriptive_exact_variant_no_ci_across_variants
tabpfn,targeted_groupby_top3,test_time_variant,M14_groupby,tabred_homesite,2,2,tabred_homesite__gap_near,0.0437974647176086,-5.653917663407687,tabred_homesite__gap_far,0.0830990647492541,-5.928556486397728,-0.27463882299004094,higher_shift_more_harmful,not_assessed_two_windows,all_negative,tabred_homesite__gap_near;tabred_homesite__gap_far,0.043797;0.083099,-5.653918;-5.928556,-0.00280853391;-0.00484281893,descriptive_exact_variant_no_ci_across_variants
tabpfn,targeted_groupby_top3,test_time_variant,M14_groupby,tabred_sberbank,2,2,tabred_sberbank__gap_near,0.2265311490062835,-5.770859844431283,tabred_sberbank__gap_far,0.235749592588427,7.7718265000093,13.542686344440583,higher_shift_more_helpful,not_assessed_two_windows,mixed_or_tied,tabred_sberbank__gap_near;tabred_sberbank__gap_far,0.226531;0.235750,-5.770860;7.771827,-0.014296867;0.0305351278,descriptive_exact_variant_no_ci_across_variants
tabpfn,targeted_groupby_top3,test_time_variant,M14_groupby,tabred_weather,3,3,tabred_weather__gap_near,0.0948655339805825,-0.7282521710339296,tabred_weather__gap_maxdiff,0.2280292319342118,-1.2749107383462328,-0.5466585673123032,higher_shift_more_harmful,nonmonotonic,all_negative,tabred_weather__gap_near;tabred_weather__gap_far;tabred_weather__gap_maxdiff,0.094866;0.101202;0.228029,-0.728252;-2.195793;-1.274911,-0.0122625008;-0.0354762805;-0.0222710397,descriptive_exact_variant_no_ci_across_variants
tabpfn,targeted_groupby_top3_shifted_agg,test_time_variant,M14_groupby,tabred_delivery_eta,3,3,tabred_delivery_eta__gap_near,0.1571228260314691,0.1034560077174733,tabred_delivery_eta__gap_maxdiff,0.2496496029927623,-0.0197228598718353,-0.1231788675893086,higher_shift_more_harmful,nonmonotonic,mixed_or_tied,tabred_delivery_eta__gap_near;tabred_delivery_eta__gap_far;tabred_delivery_eta__gap_maxdiff,0.157123;0.237934;0.249650,0.103456;-1.028030;-0.019723,0.000585452737;-0.00565629017;-0.000108228649,descriptive_exact_variant_no_ci_across_variants
tabpfn,targeted_groupby_top3_shifted_agg,test_time_variant,M14_groupby,tabred_homesite,2,2,tabred_homesite__gap_near,0.0437974647176086,-4.3488944159745815,tabred_homesite__gap_far,0.0830990647492541,-4.846079007574156,-0.4971845915995745,higher_shift_more_harmful,not_assessed_two_windows,all_negative,tabred_homesite__gap_near;tabred_homesite__gap_far,0.043797;0.083099,-4.348894;-4.846079,-0.00216027508;-0.00395858304,descriptive_exact_variant_no_ci_across_variants
tabpfn,targeted_groupby_top3_shifted_agg,test_time_variant,M14_groupby,tabred_sberbank,2,2,tabred_sberbank__gap_near,0.2265311490062835,-6.673417608404776,tabred_sberbank__gap_far,0.235749592588427,7.7718265000093,14.445244108414077,higher_shift_more_helpful,not_assessed_two_windows,mixed_or_tied,tabred_sberbank__gap_near;tabred_sberbank__gap_far,0.226531;0.235750,-6.673418;7.771827,-0.0165328853;0.0305351278,descriptive_exact_variant_no_ci_across_variants
tabpfn,targeted_groupby_top3_shifted_agg,test_time_variant,M14_groupby,tabred_weather,3,3,tabred_weather__gap_near,0.0948655339805825,-0.7282521710339296,tabred_weather__gap_maxdiff,0.2280292319342118,-1.4126240813183673,-0.6843719102844377,higher_shift_more_harmful,nonmonotonic,all_negative,tabred_weather__gap_near;tabred_weather__gap_far;tabred_weather__gap_maxdiff,0.094866;0.101202;0.228029,-0.728252;-1.809685;-1.412624,-0.0122625008;-0.0292381366;-0.0246767135,descriptive_exact_variant_no_ci_across_variants
tabpfn,targeted_groupby_top5,test_time_variant,M14_groupby,tabred_delivery_eta,3,3,tabred_delivery_eta__gap_near,0.1571228260314691,0.1159774363264896,tabred_delivery_eta__gap_maxdiff,0.2496496029927623,-0.0663129373864831,-0.1822903737129727,higher_shift_more_harmful,nonmonotonic,mixed_or_tied,tabred_delivery_eta__gap_near;tabred_delivery_eta__gap_far;tabred_delivery_eta__gap_maxdiff,0.157123;0.237934;0.249650,0.115977;-0.937147;-0.066313,0.000656310919;-0.00515624408;-0.000363890411,descriptive_exact_variant_no_ci_across_variants
tabpfn,targeted_groupby_top5,test_time_variant,M14_groupby,tabred_homesite,2,2,tabred_homesite__gap_near,0.0437974647176086,-3.982505043996876,tabred_homesite__gap_far,0.0830990647492541,-5.928556486397728,-1.9460514424008517,higher_shift_more_harmful,not_assessed_two_windows,all_negative,tabred_homesite__gap_near;tabred_homesite__gap_far,0.043797;0.083099,-3.982505;-5.928556,-0.00197827438;-0.00484281893,descriptive_exact_variant_no_ci_across_variants
tabpfn,targeted_groupby_top5,test_time_variant,M14_groupby,tabred_sberbank,2,2,tabred_sberbank__gap_near,0.2265311490062835,-5.827741121947411,tabred_sberbank__gap_far,0.235749592588427,7.7718265000093,13.59956762195671,higher_shift_more_helpful,not_assessed_two_windows,mixed_or_tied,tabred_sberbank__gap_near;tabred_sberbank__gap_far,0.226531;0.235750,-5.827741;7.771827,-0.0144377861;0.0305351278,descriptive_exact_variant_no_ci_across_variants
tabpfn,targeted_groupby_top5,test_time_variant,M14_groupby,tabred_weather,3,3,tabred_weather__gap_near,0.0948655339805825,-0.7282521710339296,tabred_weather__gap_maxdiff,0.2280292319342118,-1.2749107383462328,-0.5466585673123032,higher_shift_more_harmful,nonmonotonic,all_negative,tabred_weather__gap_near;tabred_weather__gap_far;tabred_weather__gap_maxdiff,0.094866;0.101202;0.228029,-0.728252;-2.195793;-1.274911,-0.0122625008;-0.0354762805;-0.0222710397,descriptive_exact_variant_no_ci_across_variants
tabpfn,targeted_groupby_top5_shifted_agg,test_time_variant,M14_groupby,tabred_delivery_eta,3,3,tabred_delivery_eta__gap_near,0.1571228260314691,0.1080628538174431,tabred_delivery_eta__gap_maxdiff,0.2496496029927623,-0.0167641840622381,-0.1248270378796812,higher_shift_more_harmful,nonmonotonic,mixed_or_tied,tabred_delivery_eta__gap_near;tabred_delivery_eta__gap_far;tabred_delivery_eta__gap_maxdiff,0.157123;0.237934;0.249650,0.108063;-1.028249;-0.016764,0.000611522665;-0.00565749649;-9.19929968e-05,descriptive_exact_variant_no_ci_across_variants
tabpfn,targeted_groupby_top5_shifted_agg,test_time_variant,M14_groupby,tabred_homesite,2,2,tabred_homesite__gap_near,0.0437974647176086,-2.0274273295892016,tabred_homesite__gap_far,0.0830990647492541,-4.846079007574156,-2.8186516779849544,higher_shift_more_harmful,not_assessed_two_windows,all_negative,tabred_homesite__gap_near;tabred_homesite__gap_far,0.043797;0.083099,-2.027427;-4.846079,-0.00100710671;-0.00395858304,descriptive_exact_variant_no_ci_across_variants
tabpfn,targeted_groupby_top5_shifted_agg,test_time_variant,M14_groupby,tabred_sberbank,2,2,tabred_sberbank__gap_near,0.2265311490062835,-6.673417608404776,tabred_sberbank__gap_far,0.235749592588427,7.7718265000093,14.445244108414077,higher_shift_more_helpful,not_assessed_two_windows,mixed_or_tied,tabred_sberbank__gap_near;tabred_sberbank__gap_far,0.226531;0.235750,-6.673418;7.771827,-0.0165328853;0.0305351278,descriptive_exact_variant_no_ci_across_variants
tabpfn,targeted_groupby_top5_shifted_agg,test_time_variant,M14_groupby,tabred_weather,3,3,tabred_weather__gap_near,0.0948655339805825,-0.7282521710339296,tabred_weather__gap_maxdiff,0.2280292319342118,-1.4126240813183673,-0.6843719102844377,higher_shift_more_harmful,nonmonotonic,all_negative,tabred_weather__gap_near;tabred_weather__gap_far;tabred_weather__gap_maxdiff,0.094866;0.101202;0.228029,-0.728252;-1.809685;-1.412624,-0.0122625008;-0.0292381366;-0.0246767135,descriptive_exact_variant_no_ci_across_variants
tabpfn,train_only_scaling,train_only_version,baselines,tabred_delivery_eta,3,3,tabred_delivery_eta__gap_near,0.1571228260314691,-0.0066910183204459,tabred_delivery_eta__gap_maxdiff,0.2496496029927623,-0.0207766814549014,-0.0140856631344555,higher_shift_more_harmful,nonmonotonic,mixed_or_tied,tabred_delivery_eta__gap_near;tabred_delivery_eta__gap_far;tabred_delivery_eta__gap_maxdiff,0.157123;0.237934;0.249650,-0.006691;0.028440;-0.020777,-3.78641615e-05;0.000156479795;-0.000114011465,descriptive_exact_variant_no_ci_across_variants
tabpfn,train_only_scaling,train_only_version,baselines,tabred_homesite,2,2,tabred_homesite__gap_near,0.0437974647176086,0.586987443928929,tabred_homesite__gap_far,0.0830990647492541,-10.657588465970347,-11.244575909899277,higher_shift_more_harmful,not_assessed_two_windows,mixed_or_tied,tabred_homesite__gap_near;tabred_homesite__gap_far,0.043797;0.083099,0.586987;-10.657588,0.000291580854;-0.00870579058,descriptive_exact_variant_no_ci_across_variants
tabpfn,train_only_scaling,train_only_version,baselines,tabred_sberbank,2,2,tabred_sberbank__gap_near,0.2265311490062835,0.7080327627350889,tabred_sberbank__gap_far,0.235749592588427,4.517886576302828,3.8098538135677398,higher_shift_more_helpful,not_assessed_two_windows,all_positive,tabred_sberbank__gap_near;tabred_sberbank__gap_far,0.226531;0.235750,0.708033;4.517887,0.0017540974;0.0177505563,descriptive_exact_variant_no_ci_across_variants
tabpfn,train_only_scaling,train_only_version,baselines,tabred_weather,3,3,tabred_weather__gap_near,0.0948655339805825,-0.1033271543229238,tabred_weather__gap_maxdiff,0.2280292319342118,-0.2754746950932777,-0.1721475407703539,higher_shift_more_harmful,nonmonotonic,mixed_or_tied,tabred_weather__gap_near;tabred_weather__gap_far;tabred_weather__gap_maxdiff,0.094866;0.101202;0.228029,-0.103327;0.187348;-0.275475,-0.00173984969;0.00302688182;-0.00481218622,descriptive_exact_variant_no_ci_across_variants
